content_hash,rtsp-0_pts_ms,rtsp-0_arrival_us,rtsp-0_bytes,webrtc-0_pts_ms,webrtc-0_arrival_us,webrtc-0_bytes
001b9777b77a580d,99609,89740698,138079,99484,89756595,138079
0027ebffd768d2fc,62894,53020156,136958,62787,53039304,136958
0058a803d28a4279,87871,78000418,137540,87767,78018106,137540
006a3d201e457f69,56926,47059936,137131,56820,47071278,137131
007b3b993cb03074,90359,80480176,136638,90280,80556107,136638
008dda66b8be0493,116987,107121176,138876,116878,107132399,138876
0097bffac159fe68,93534,83640503,136619,93460,83679658,136619
009934d43a92af76,41592,31726007,156773,41480,31738360,156773
00aa1a5e89feeb4f,101907,92020561,137351,101839,92057404,137351
00ae97aceaf2ef4c,103637,93743092,139563,103563,93786125,139563
00d25eb354131007,78336,68459468,118390,78259,68480846,118390
00f8454e27e095fc,66183,56320257,138079,66075,56330517,138079
0130e3f35c9a34fa,48286,38422382,152533,48181,38434851,152533
013d49f5b7402d5b,117802,107984753,330143,117732,108012397,330183
0143daa126f53812,94419,84560550,138646,94310,84575574,138646
014ba30877493b67,71303,61440529,140067,71196,61451066,140067
015242b68573c372,46836,36979703,135830,46721,36990108,135830
015572e05738affd,12673,2802842,137895,12563,2818493,137895
0168526dab6b80d9,104745,94884515,137065,104626,94894182,137065
01776b93e40b869f,30504,20619720,137658,30431,20650090,137658
018a3f4018b599e0,78112,68226551,129055,78041,68257461,129055
019807e684b03eff,50616,40759781,136183,50498,40770791,136183
01d9d0163ecea3ae,65237,55338547,128198,65171,55382402,128198
01dbdedc3c0e09c7,116732,106884193,137795,116626,106895048,137795
0203d43c19eecbba,86988,77120205,136401,86888,77135886,136401
0203f9bfe61aa27e,75966,66100077,136786,75858,66111782,136786
02072e0c9222ec42,39068,29220079,139012,38953,29230837,139012
0217a4d96cafa6ef,118123,108223323,141128,118051,108268702,141128
02342412ae569c7c,51529,41638948,129228,51449,41673345,129228
024226ce13a17abc,37673,27819350,135849,37557,27830030,135849
0252c2bfb781ad17,18571,8703186,139555,18460,8716189,139555
0259cdff2baa83d3,40674,30783447,138254,40599,30819130,138254
025cf493b4078b46,38712,28823102,137831,38629,28857372,137831
025de4ef81569d60,93745,83863464,136617,93652,83891112,136617
0289535608fc0e48,82629,72743405,136645,,,
0292ab0d21141c87,96901,87043713,155324,96799,87061403,155324
029598d9bbc6c237,72232,62343715,118370,72151,62376832,118370
029a489d99b9bba7,65781,55923455,137263,65670,55933106,137263
029e79e8b8188514,51465,41578484,128582,51389,41609765,128582
02a78a1e4e3f885f,95138,85324672,335101,,,
02a9e1c0f5f53c1f,52946,43079811,137193,52840,43091665,137193
02d81d5d252f75c8,85849,75980853,140120,85746,75996565,140120
03123c3850ed6648,10748,882949,138243,10639,893445,138243
03129ef7a1f0fc72,35752,25900453,142261,35638,25913341,142261
036032f27dad9744,58726,48880268,138795,58617,48890497,138795
03629436fefc4484,11785,1899397,137286,11710,1931535,137286
0364b3fa0df0c43c,88614,78743819,139240,88486,78762744,139240
0366912ccdb8ddf3,61129,51306667,340711,61053,51333607,340751
036beef206722613,62366,52500056,136443,62258,52512016,136443
036dab8025785db1,42924,33062867,137759,42814,33073209,137759
037668a48fa1a693,78997,69126623,155546,78891,69143932,155546
038ada8596b6eaed,65204,55307508,127769,65138,55349316,127769
038e24022430b3cc,73604,63742890,141712,73481,63753318,141712
03942f18c90c5e7e,119696,109824841,138813,119587,109840857,138813
039e9f9e2d9e59f9,112749,102880627,136468,112642,102894617,136468
03aa65da4fa034c9,93471,83581006,140463,93400,83616984,140463
03b75d111c96e33a,83021,73180326,137197,82915,73194141,137197
03b8234118ff4bd4,48009,38159938,137537,47895,38170622,137537
03d0b4349c675b0e,82598,72720300,137397,,,
03e645cdce957a63,87278,77420548,138310,87174,77437571,138310
03f05621860b2c88,70099,60223571,138216,69993,60243939,138216
0404892ce0eba1ab,104957,95083791,137706,104851,95102663,137706
0412e25976603708,97343,87459045,128528,97264,87490748,128528
042a1264795c6938,80967,71120372,137980,80859,71130434,137980
044ce095c549c35d,56796,46923131,136778,56691,46942179,136778
044f5d166cbb0db1,13080,3239592,137906,12972,3249853,137906
0453d93fd8955c41,85667,75820220,136665,,,
046962bd00c870cf,67506,57620320,138527,67423,57651095,138527
0474810ec7071aa9,10005,99474,136778,9948,223369,136778
047a73e80ccc59f3,12985,3139238,136885,12872,3148970,136885
048b6019108efc59,22012,12163316,137595,21905,12173774,137595
0492d63ecc9271c8,46651,36780280,127566,46545,36796540,127566
04a36a322774337d,119286,109441151,139603,119174,109451484,139603
04b342bb308c2644,46429,36559856,137551,46327,36574494,137551
04bcc63f101a007a,87496,77640265,136489,87382,77652591,136489
04f0e95b9635ea01,106418,96560905,138292,106309,96571304,138292
0536f5067ffe4d3f,42751,32880104,138281,42664,32896876,138281
053eacd1b8af27e0,36281,26419432,136256,36176,26430387,136256
053fc834e3f87336,80730,70858727,128423,80639,70875556,128423
05700a52e6ccd308,106387,96521101,139158,106278,96533129,139158
057405c2b09a3218,100781,90921006,139135,100680,90935653,139135
05827e49e69a4976,109740,99880910,138187,109633,99890684,138187
059be189d3277190,44594,34699464,136186,44522,34739201,136186
05a8db712ab9c6a5,67162,57267296,129469,67101,57307330,129469
05b2e7f626eaea8e,23341,13469091,154653,23236,13487438,154653
05c6db19431d23bc,24959,15100040,139936,24851,15110401,139936
05c8851202976b38,16674,6819622,138791,16557,6830612,138791
05cd02d665ead28b,48351,38479823,137178,48245,38496793,137178
05f0024730951529,39663,29802669,137190,39547,29812067,137190
061b346901e7e8ee,86724,76860415,137513,86627,76871564,137513
0621dd1b7a06cc8f,29085,19239934,138365,28975,19250335,138365
062b9c2f23d399ae,111334,101450679,130085,111257,101478714,130085
0641ddce220ec2ad,47534,37637941,125613,47472,37678450,125613
06758830167acbb5,11563,1667411,129908,11496,1707761,129908
06abc847fcafc8fa,77175,67303900,138082,77067,67320207,138082
06b469633874e6cc,106258,96386673,136332,106152,96403843,136332
06d342d50116ad7b,16136,6266090,138511,16031,6282213,138511
06e640e5557e3951,83173,73311030,134781,,,
071147d206a99dde,81565,71703354,137095,81449,71713272,137095
0735faddcc39f2c5,98399,88540690,137105,,,
0744f4beee7dd971,102787,92940412,136178,102688,92954834,136178
076defbc2368576c,62108,52240171,137452,62002,52253890,137452
0772c416fc2dddc8,107401,97499402,129764,107336,97546147,129764
0777df4cd47cc6ed,43797,33946102,156227,43684,33957205,156227
07aab554f872dc52,47292,37444828,97662,47235,37464615,97662
07b140fc0c60aaf7,65457,55563070,137734,65380,55603058,137734
07c4425c73050c0a,103195,93324107,137502,103089,93340477,137502
08020a330cf39a7e,107678,97801242,139669,107591,97823342,139669
080329401e4c4d7b,91786,81880563,137012,91726,81934182,137012
0823efe68c74d5bf,75021,65160292,136949,74915,65171022,136949
082f967128af2a4d,69042,59191614,136945,68925,59201526,136945
0838a62bf5676ab2,68962,59083399,137224,68856,59107553,137224
085e6f77bbd756ab,57332,47446318,127694,57258,47477031,127694
086f4dd0f9962edb,39221,29342938,137616,39116,29366679,137616
087265b93ad996db,88178,78298835,128598,88067,78326386,128598
087b9fd36a967a17,96656,86803883,136882,96551,86814854,136882
0896c0d37d978c53,31454,21586020,155918,31348,21602829,155918
08989d90b65f02ab,43949,34082992,156065,43843,34095669,156065
08a5cfcc43f7bbfa,61284,51398680,128901,61213,51429899,128901
08a7853e1c4523b9,50076,40202831,137409,49970,40221460,137409
08a8b9e2fa6bf1df,68885,58984392,137594,68791,59030621,137594
08af03502a3db351,70634,60743089,136499,70549,60780702,136499
08b25bd958acce2e,42317,32428413,128893,42261,32462070,128893
08cafa1d75eeb4bb,102217,92343567,137152,102092,92355629,137152
08dafbc36fc5d861,57429,47540276,127593,57353,47573864,127593
0916ae42770dc071,68215,58435646,331743,68181,58460799,331783
0922a371dd79e93c,92467,82600413,137695,,,
09252c426c0432d9,93119,83246891,156164,93017,83272207,156164
093576d02b8edc6d,15218,5342990,138663,15112,5363921,138663
0950afc7b1a26078,22871,12978180,129451,22779,13016503,129451
095c7d1082e91606,102936,93065033,142649,102807,93082684,142649
0963ff5a347ad08f,78607,68738783,127883,78505,68753272,127883
0969c74278491c50,98206,88341025,138912,,,
0974d4dfde90a14a,50238,40382701,152428,50132,40394310,152428
098a052098567083,12706,2839414,137641,12594,2850660,137641
099ba22a7a48a5f1,28729,18842902,137970,28641,18875376,137970
09ab81c495e04bb2,95909,86060862,139287,95800,86073936,139287
09b7a66188499d79,39317,29449948,134086,39212,29462475,134086
09c517431c66a169,109211,99326348,129689,109134,99356420,129689
09f6561dd39c5fe8,104684,94824620,140226,104568,94834962,140226
0a04875c866ba489,63243,53344648,128089,63174,53388840,128089
0a1a24e55b909bc9,96001,86160858,138702,95894,86173714,138702
0a315eadba2719e4,112846,102980619,137001,112740,102992148,137001
0a4006f009bada3d,96686,86840621,138697,96581,86855323,138697
0a5c35dd6cdf87d8,11498,1623312,129134,11432,1643218,129134
0a61543b94a39ed1,40131,30260021,137548,40024,30276328,137548
0a8da687afb72b3f,28162,18299749,138162,28056,18309937,138162
0aa02182236d9fa0,114546,104641185,138963,114432,104692330,138963
0aaa12b669db97e5,34495,24611464,131490,,,
0abc588bb68b8bff,109031,99160897,137716,108925,99176732,137716
0ac21dadded25a23,115103,105223953,138115,115002,105253372,138115
0acc8d67c3f94f24,11272,1403530,138959,11167,1418408,138959
0ad79534a20abd84,25228,15360021,139288,25123,15374592,139288
0af124b17b5fb511,49599,39718347,128229,49519,39743774,128229
0af48df976063b6c,24622,14739665,136780,24538,14767093,136780
0b0037b0ef129fd1,87527,77680480,138027,87417,77696260,138027
0b112815857f0f68,32143,22324974,337577,32082,22364303,337617
0b239bfa2e4f668b,100814,90944618,139514,100713,90959924,139514
0b2800385123d8fb,55568,45702175,128925,55478,45713405,128925
0b28224146b35492,80485,70598567,127820,80416,70630534,127820
0b54ab7d4d7e4e77,114881,105044309,156940,,,
0b63b454df271160,24748,14878595,130398,24657,14892693,130398
0b7188f1a9b1c0d1,17555,7661755,141498,17479,7701399,141498
0b7fed8f1a2b9a9e,112132,102260773,137814,112026,102277652,137814
0b926a2a35e8eee8,96869,87000175,135765,96767,87042531,135765
0b96006cf570735a,71991,62119405,132415,71884,62135678,132415
0bb22d350794b609,83616,73760577,138849,83501,73772253,138849
0bb73b28e9ce8ec6,102046,92186848,136268,101962,92198802,136268
0bd17a60f1a762c3,107496,97599577,130522,107426,97640911,130522
0bdcceb9fec242bb,42026,32159707,137128,41920,32171846,137128
0bddbb91ceea8b99,86607,76723364,136025,86528,76766448,136025
0be2cadf1ea41591,109499,99621114,139709,109413,99644600,139709
0bf39939793d246e,26204,16338354,130348,26094,16349848,130348
0c0a00bc31a2dcf8,82283,72398773,127554,82224,72428572,127554
0c13c56ba2af9ed6,52068,42203205,156989,51963,42215280,156989
0c5350c2136c7db8,42478,32578253,128483,42418,32622670,128483
0c5630add17cedde,70989,61140695,139808,70876,61151346,139808
0c5ff52338e212a7,35100,25240853,142955,34993,25254036,142955
0c89da38599cd220,36120,26260854,143383,36016,26274734,143383
0c99ff9b13fdfd98,93406,83500606,129350,93338,83550958,129350
0ca24aeec7b7315c,41435,31562939,136774,41327,31579701,136774
0ca354ac7787f4ac,82063,72200227,136920,81955,72210756,136920
0cb249863f1c4bbc,43828,33979584,135283,43715,33989230,135283
0cd5fd89d2100932,73575,63718901,129655,73452,63729011,129655
0cde7a7b0bcceefd,69664,59803552,137635,69550,59813029,137635
0cf13e18facfcf61,55318,45461031,74618,55244,45483569,74618
0d29dfdcc87b31f2,36433,26544364,116329,36360,26577646,116329
0d2b25b548616a4b,21688,11801981,140535,21601,11833958,140535
0d4ee3190ccc86bd,117210,107344519,139028,117094,107355354,139028
0d62950b78cae2de,115568,105720732,137174,115456,105731334,137174
0d64667abc35f08b,93626,83740557,137605,93546,83772361,137605
0d83d0421da47659,13046,3199489,138139,12935,3209310,138139
0d95d80ed40750b0,74478,64598323,126500,74391,64622989,126500
0dc4055f7d570e16,59138,49280123,137766,59029,49290633,137766
0dca3c876a306426,56429,46563360,137199,56319,46574729,137199
0def0fa10a5d13a7,19871,10019551,138096,19762,10030477,138096
0df1c547b6f135a7,119381,109540873,136787,119273,109550698,136787
0df4aafdcd5a8728,59879,50020356,139410,59768,50031273,139410
0e495b31081aa6f3,20928,11059706,138515,20823,11073657,138515
0e70494ddc83fa8d,99670,89803929,137082,99548,89816440,137082
0e82cfcd3a8c9381,96999,87123827,138126,,,
0ef90556ed889d62,112566,102720986,138358,112457,102731498,138358
0f07ec5d73546fab,70724,60843959,141220,70629,60869943,141220
0f0bfa294827876f,76861,67020254,136341,76753,67030800,136341
0f0da46921617633,86518,76623830,138640,86452,76727680,138640
0f146cafb31015d2,12230,2380125,138556,12113,2390233,138556
0f149d3ba3c95030,30535,20642966,137721,30460,20681531,137721
0f25a12f3edf7c18,106323,96460644,137385,106216,96471147,137385
0f29cdfa9d87ab51,54378,44520431,138788,54269,44532299,138788
0f37d9f006f39e08,90570,80703704,138140,90479,80731184,138140
0f3ad279d1c071ba,119102,109241044,138712,118990,109252630,138712
0f44d150c12fde0f,98367,88500661,138045,98261,88536725,138045
0f5e490e464c3268,111641,101780834,137633,111541,101790624,137633
0f6907e8adbd9102,90137,80240568,128676,90064,80284588,128676
0f75581e010c0bed,19690,9819747,138545,19597,9835495,138545
0f786de77ec7b7c4,105658,95781205,139441,105575,95803415,139441
0fab097c456964aa,99519,89640880,138322,,,
0fad398d3aca0f64,39602,29739452,135492,39489,29749018,135492
0fb95a4a64809c69,103846,93980792,137503,,,
0fc3edcd03e73555,49409,39518772,128511,49337,39553822,128511
0fc7eddcf5f98d6b,36087,26218718,131833,35983,26234324,131833
0fce14536e1f1a09,58816,48943493,138676,58711,48961829,138676
101670b2267e2be7,52389,42520119,138174,52279,42535027,138174
101f1d1e8203ac46,68781,58860352,138556,68707,58926360,138556
103aeae8c7003bba,69160,59320271,138328,69053,59330753,138328
1058779e9719c002,101675,91779746,140100,,,
105a40dfb8e73a1c,116583,106724010,138881,116469,106734438,138881
10653854ffe9c300,19437,9557973,128985,19355,9582240,128985
1079fff7eef5722c,25612,15759834,138038,25500,15770400,138038
107b4be48a932c02,108472,98604295,138919,108360,98617590,138919
109124b3256d2a54,21228,11381484,101164,21159,11400496,101164
10952dde4101a76b,42123,32259874,137000,42015,32271212,137000
10aa35d983018389,25766,15918238,130036,25650,15927624,130036
10ac85e76f75337c,107851,97984354,139234,107742,97996670,139234
10ad34ae1fd8bb46,48786,38939632,135957,48676,38951082,135957
10b371b3ec10b5d3,119759,109925183,333278,119673,109952921,333318
10cb1f7eca5e1c30,24590,14702370,136676,24508,14736198,136676
10db06ed7803eea4,68461,58553135,128326,68427,58605972,128326
10e39fc4ac4d6cc0,38110,28239879,138076,38004,28255909,138076
10fcc8907715ef2f,109829,99980727,137245,109714,99991182,137245
112a2dbaee817601,102695,92840631,137652,,,
113ac60f676d5eb1,93053,83183941,138637,92952,83203199,138637
1143e47f6893d0b6,87183,77320397,137690,87081,77336019,137690
1149d08200a11d83,101261,91361025,140673,101167,91419907,140673
1158b7b380cb1ed0,106355,96483693,136622,106247,96500569,136622
1159d127399c33e2,116857,106987256,155981,116751,107004718,155981
115f9bd02e865bff,32637,22748336,112535,32570,22785752,112535
1165e431ea5d1a12,86752,76899082,128344,86651,76912383,128344
11731feb3ccfd72d,76529,66660442,137568,76439,66674794,137568
119897c9a5607c0b,58913,49043381,137535,58808,49058893,137535
11a6ab9faa64733d,52035,42171199,137796,51930,42181448,137796
11a72efa76fdedd8,82956,73104911,137078,82850,73116411,137078
11a98e72cad2edb9,68014,58143472,157098,67909,58161633,157098
12072f2176480570,74779,64922901,141091,74666,64933344,141091
12181a50af9fb631,81686,71840463,138647,81576,71850827,138647
1220c9a92ede9ed7,49929,40080021,138364,49816,40090335,138364
12210de6527077a9,65090,55242711,98608,65025,55261336,98608
12571d45b988ead0,62461,52600447,138765,62350,52610495,138765
126e2c4bc3723425,102539,92680775,138341,102446,92698588,138341
127389ba2a03a28b,43518,33659606,136640,43412,33669977,136640
1277ff77d5d25c82,47893,38021385,137803,47794,38039457,137803
12836f67b200e10f,18253,8379978,137911,18149,8398206,137911
129041d2c38ca766,90296,80420581,137258,90220,80466480,137258
12a377103893d2d8,84372,74479053,129643,84309,74521410,129643
12a3959e478dff23,58102,48223157,137459,57996,48247567,137459
12ab665971ca0bda,102074,92220385,136823,101987,92234790,136823
12b4d0184588f62a,38362,28488230,126774,38292,28507274,126774
12bb395f82bd4d2b,31195,21326031,156579,31091,21366823,156579
12c7bfdf4679f65f,74809,64960046,136383,74693,64970195,136383
12cd4e4499201de2,76619,66743307,137068,76520,66765264,137068
12cdc46b1a37491d,58263,48400066,137294,58155,48409843,137294
12e2bf405f0ac4ad,53231,43347024,128937,53164,43376856,128937
12ead40655ceddfa,110827,100960670,136825,110721,100972332,136825
130812d3d82f9903,85193,75323752,138211,85092,75341477,138211
1316b61bf2f4bfbb,105087,95222174,146101,104981,95234226,146101
133ec0a3befbf0c2,47922,38059858,137633,47819,38069949,137633
1346aae639314368,30344,20448605,127769,30276,20488986,127769
1348fc7b5ff122bb,88211,78320495,128387,,,
138786a592b9b873,17111,7239702,138670,17004,7256184,138670
13939e0d89243339,32270,22385364,129099,,,
13c7d16e3c155615,18414,8542857,137263,18308,8559168,137263
13e44c7f1c6069bc,55746,45880237,138109,55638,45892181,138109
13ecd5f28e931df5,56334,46467812,151544,56226,46480071,151544
13f9af497d5bd5a8,47373,37488473,128544,47315,37518429,128544
140d9d931c05e4e2,119599,109724030,137507,119492,109744807,137507
1417954d5b096fa0,28936,19079856,138566,28825,19089480,138566
14419b2c8d85c9dc,86237,76338856,128751,86184,76399442,128751
14450f6039b659c7,76500,66620252,137723,76412,66645178,137723
1460e253dba2665d,48383,38518485,128127,48276,38529074,128127
1499772a1bf60733,65840,55983532,137448,65722,55993664,137448
149ef0942b11b51b,73483,63620252,137279,73364,63629838,137279
14a7a01e3f1e2f04,34412,24567042,107180,34359,24634738,107269
14bc9642a23b906a,48319,38445218,135339,48213,38464082,135339
14c7a984fcf419bf,21278,11403387,129490,21209,11423327,129490
14cbe2f31c79bc37,114441,104504103,137900,114336,104586605,137900
14e27e7f43d48860,71554,61700459,139759,71440,61711000,139759
14f750cd1e74076c,52230,42359951,137438,52124,42376244,137438
15143aede1bcea60,46713,36839943,129100,46604,36858539,129100
15262ce5e8abf28e,29776,19925832,136624,29670,19935613,136624
153b2f26b6cb998a,74750,64899050,129402,74639,64908894,129402
153c7c4fbabab051,14629,4762632,136589,14519,4774356,136589
153f5e618ab31c72,82251,72366576,127621,82192,72396880,127621
1543d8846388de55,107272,97384633,130769,107210,97418123,130769
155345bd1854f816,33297,23445840,135563,33195,23460679,135563
155dd1f6484e8393,95334,85439054,128724,,,
15682d5501a2f218,53935,44083049,137572,53825,44092968,137572
15802106524be79b,26583,16697759,127732,26511,16728204,127732
158fe3814f30f343,54595,44740214,138324,54478,44750893,138324
15a56eb0ccf6096e,59389,49498310,127838,59317,49534364,127838
15b117189a70b41c,42154,32282947,136774,42046,32299250,136774
15c130f155205cce,50893,41020675,139478,50788,41039255,139478
15ca5ea24a0779ad,83303,73440132,136754,83199,73452905,136754
15dcc20c810884a4,40518,30619730,136803,40455,30663929,136803
1611efb603fdad2a,81057,71183726,137452,80951,71202590,137452
1613b2359c1fd98d,110362,100500690,136998,110250,100510696,136998
1625cd6cb95dd791,46070,36200009,138583,45954,36216315,138583
164753b66dbdc81b,11120,1279417,138063,11012,1289600,138063
16562457ef694532,22234,12360502,154425,22131,12380742,154425
1658ce56c0e7e82d,24185,14319732,137783,24079,14335051,137783
165f5a99f9d91b83,65665,55799861,136011,65566,55810261,136011
165fcc665679a757,47109,37239909,137621,47003,37254612,137621
1661a9715395c56c,97891,88040699,136807,97776,88052940,136807
16753bf55f0bc34b,75053,65183593,137509,74948,65198830,137509
1677480e60d0a714,105834,95964042,137534,105731,95979583,137534
16777ba996a10a6e,71141,61280832,140246,71036,61291275,140246
167cb27e29a432e1,106667,96820769,138766,106554,96831106,138766
16a70a38f433620f,42572,32679503,135642,42505,32717293,135642
16abd07d5b28b0e0,82747,72880250,137576,,,
16d232e64120e68f,91896,82003585,137700,,,
16d4d1d9cc6dcc12,90935,81064649,137270,,,
16d80e02614b164f,110956,101083732,137235,110848,101101247,137235
16fc64ec16d925e0,50795,40923618,139172,50690,40941323,139172
1708f314e7a939e1,118366,108484126,137552,118273,108511782,137552
17184b339ad2ee01,10686,819689,139166,10578,830786,139166
172e54f647802a51,29120,19279664,137872,29013,19290658,137872
173198b7309f8289,119883,110019240,128013,119801,110028690,128013
174809a50c84d870,58544,48683399,138137,58428,48693422,138137
174c3f96307d712b,21565,11678404,130698,21489,11710880,130698
1755c4466b93da76,86637,76760557,138352,86553,76784968,138352
175689e7e8abf313,16613,6759785,138715,16499,6770350,138715
17b588a6e9ad2faa,93921,84064193,138218,93808,84074681,138218
17c4dcff40c1c24e,118570,108720911,137401,118455,108731432,137401
17c6ac2cf7ad9689,28965,19119842,137752,28853,19131028,137752
17d99f6571701392,30719,20839625,137010,30628,20864280,137010
17fcd50854456e2b,91222,81443334,340060,91197,81482363,340100
180cb14da7d66997,46364,36491125,148870,46263,36510369,148870
1812d7acc0a7fc66,45683,35695848,112302,45655,35826780,112302
18206ed4fe15e46e,51337,41440396,129008,51265,41483085,129008
182548b3aaa44a54,78964,69100358,137813,78859,69110261,137813
183375a9a2cb879e,42540,32641288,139406,42476,32686531,139406
18383c79b2b23382,107526,97621445,129266,107454,97671044,129266
1858507735bae36c,74539,64672169,139715,74448,64685369,139715
185daa441b0a077a,110578,100724104,136636,110466,100733969,136636
187729f2d51a7ba3,99137,89263462,129119,99035,89311446,129208
188fcb08a0b5bb6d,44533,34640098,137057,44468,34678037,137057
18a07b08a6598e5b,19098,9239660,136745,18992,9250671,136745
18be4c0b265e74fb,114845,105000752,137032,114734,105012054,137032
18c72caf0e0fb63a,82380,72480297,127804,82319,72565902,127804
18ee5394683d8c39,37324,27459781,137929,37217,27469898,137929
18fe9bc4550323cd,24396,14522415,128053,24316,14541036,128053
190abaea673f3fd7,105566,95679606,130906,105491,95711840,130906
1936cd3821348dbb,11401,1584282,334282,11331,1611283,334322
1951ed9f3a9b3b80,30279,20405115,129914,30211,20424305,129914
195c947fab374b1d,92090,82240683,137940,91978,82253041,137940
195f58bed9d8e95a,113049,103202071,100196,112978,103219109,100196
1971d75fe69f9e7d,115447,105585262,125969,115336,105594765,125969
19723c8d6f67a728,119195,109340891,138683,119080,109351689,138683
199aa2528c86efe6,95879,86020366,136149,95774,86031782,136149
19b007f4fc8b7bad,107464,97561217,129098,107396,97609077,129098
19c6b45d7b6e450c,26357,16480993,116961,26291,16502241,116961
19debac69e73c940,112537,102684354,137645,112427,102695044,137645
19e1ce57e8e9e70d,90390,80503391,137099,90309,80557224,137099
1a1306ab43f19a9f,106450,96584299,138324,106340,96595716,138324
1a130f8b54ddd0c0,108534,98680905,138256,108419,98691263,138256
1a1e94e189832f44,110394,100541063,137877,110281,100552036,137877
1a2cd1ebaefff755,87709,77840358,137460,87606,77858309,137460
1a3c2556eb2cdfbb,55687,45819962,137124,55585,45833100,137124
1a40809d7ac40e65,57650,47780687,140168,57564,47796992,140168
1a49b450042b2fe2,21597,11700436,130562,21518,11742125,130562
1a4db3841fae1194,18477,8622702,155605,18369,8633785,155605
1a7a265e8a5ac00a,64513,54660290,138860,64395,54670708,138860
1a8a42f4a1f9dea1,23439,13568390,156485,23332,13585041,156485
1a8cfcf544a92b08,48156,38283346,137474,48052,38302278,137474
1aaccf3bf02a5423,21835,11962594,137641,21732,11981380,137641
1ab5b6509ec2af6e,69378,59520357,138077,69272,59530734,138077
1ae0434696dc2010,16765,6919539,138043,16652,6929910,138043
1af27959f9c915d9,62237,52363421,137991,62131,52383577,137991
1af57affe0810ed0,15185,5319541,138423,15080,5331191,138423
1b34af74a729ce19,57801,47939905,136448,57702,47949746,136448
1b6e2fe1913cbec7,17078,7202917,138402,16972,7223528,138402
1b7329a46fcbddd6,98646,88800727,138804,,,
1b74cad74dc6f195,43549,33682829,137578,43442,33696479,137578
1b9ddae82916cfa2,39785,29939394,136110,39673,29949823,136110
1bc748ab3976c78b,51857,42000047,137470,51746,42009676,137470
1bc921b23e057d0e,88861,79020954,139097,,,
1c1236b51dc93a4a,45740,35778099,127782,45701,35884877,127782
1c15b664fc4dceba,51947,42100072,137089,51832,42109730,137089
1c169d6261b6cb26,31517,21660136,140039,31409,21673014,140039
1c1db1871d45ff06,16949,7079629,138041,16843,7094022,138041
1c24282a58f32c69,30689,20802495,136702,30601,20834773,136702
1c2a935ca237a0c3,21864,11999586,137885,21758,12010332,137885
1c36f7bd41b68923,11056,1202742,138399,10946,1212846,138399
1c3b8e29647b9669,82316,72420651,129075,,,
1c4b7d1d30ac686c,113598,103724358,137061,113500,103743702,137061
1c511979efb89a64,75870,66000392,136761,75764,66015821,136761
1c9f3b6d2fc0a13c,16582,6719433,137058,16469,6729470,137058
1ca060ea97345d2d,38395,28509990,128706,38325,28540671,128706
1cb6f90766bcbbbb,109063,99200749,137897,108957,99211534,137897
1cbd24e6c0e98bb8,59701,49823231,136294,59609,49846755,136294
1cd54891364c18ee,69694,59840172,137373,69579,59849832,137373
1cdb7428c13bed12,54251,44380176,138223,54144,44396787,138223
1cdea4a9485f1fef,90999,81129456,136041,,,
1cf41e5393fbbffe,11755,1859280,136669,11681,1899794,136669
1cf78467c459c91f,51149,41326504,341791,51073,41353726,341831
1d2141032108517b,98461,88600764,137924,98354,88630007,137924
1d33a753ef7f6644,41928,32060078,139081,41823,32073705,139081
1d6b7ee81bc36bea,18317,8445351,136193,18213,8462870,136193
1d79625e4e847956,97095,87264759,332960,,,
1d7fa2d747172f0b,59580,49698503,128996,59498,49724865,128996
1d8a337f09ca20ae,33894,24039825,137655,,,
1da066198e636ef2,17394,7508443,129504,17321,7539155,129504
1db9a135cf966782,44682,34799579,136507,44600,34828020,136507
1dbeeaf855fc048c,66870,57000428,138224,66759,57016107,138224
1dcd33a05b896c29,90511,80640546,137705,,,
1e10aa4587121995,19533,9657966,128778,19449,9678741,128778
1e212dc4a632856e,68910,59020468,137550,68812,59055994,137550
1e3d3bd7bbd3bff6,19720,9842926,137311,19624,9865258,137311
1e4cf4d40d09d729,59169,49346700,343137,59094,49374416,343177
1e5e33e6c8d64cbd,60503,50639887,136312,60389,50650573,136312
1e6599625d1f4926,19066,9199547,137847,18960,9210877,137847
1e7594fd72c0feb7,63466,53578506,128409,63388,53610827,128409
1e868fd57ed837fc,65010,55140159,138014,64904,55155619,138014
1e94984030b5f72b,46207,36359689,136114,46092,36369085,136114
1e9b29dda6247a2c,33024,23119848,137958,32906,23173435,137958
1e9b32035ed7286f,104499,94624036,137812,104390,94643951,137812
1ead0db5af860be9,55156,45282339,129279,55084,45301826,129279
1eb6a7685e5cb7a6,107648,97761093,139573,107564,97793453,139573
1eb7b085f7619c8a,17014,7150896,138848,16908,7160815,138848
1ef618d49c1411ff,20653,10799846,139371,20537,10810745,139371
1f04f982ea0aa923,38524,28640468,140647,38452,28669224,140647
1f19ba9bc71e3db9,42381,32477992,126946,42325,32526864,126946
1f2b9e46244a605c,28097,18222888,137707,27992,18242812,137707
1f593d93d869f0cc,28788,18919579,137412,28694,18934294,137412
1f64ab5e0fcb4dd4,13522,3626452,129632,13453,3667241,129632
1f70dcd349f2e2c1,12141,2283323,138721,12028,2293726,138721
1f7fe1e63e2c6a19,92654,82800359,137425,92543,82816877,137425
1f855cbeae0fd84d,27633,17779455,136855,27519,17791056,136855
1f869fd51e3dcaae,77110,67240393,137898,77004,67256304,137898
1fa60b72f8d7252e,42662,32779611,136421,42586,32807535,136421
1fa7e3c4a78f62be,45795,35840428,140590,45742,35940251,140590
1fcb493c28d1f66d,50430,40563138,137208,50319,40575580,137208
1fd3bc3ddda0476c,88916,79044082,136990,88812,79087694,136990
1fe1074f632c457e,103543,93659439,129378,103476,93689606,129378
1ffbc9ca0ab6913d,49751,39879822,136469,49657,39896004,136469
200e0d8cbb47acaf,78490,68598733,129110,78400,68635589,129110
2023a9bddff21d9e,86489,76600379,137509,,,
203326182dc57617,72297,62419018,130519,72216,62442510,130519
2040c3a9aecc9470,37642,27783120,136751,37527,27793429,136751
2040c3fc84954528,116226,106340999,138228,116147,106371836,138228
20974a3883a4cf5e,88981,79103838,138090,88876,79129602,138090
20a3aaf1908eb830,38556,28663309,135507,38483,28702484,135507
20c18089a9e73890,111580,101704141,137870,111487,101725769,137870
20d516664bd7c04f,48880,39039895,137273,48774,39051184,137273
20db6d4eb56c6d31,53106,43286784,345106,53034,43314324,345146
20e7074156c51303,80759,70900705,138879,80664,70910594,138879
20e8b4d43bf3ab2b,56491,46638768,129289,56379,46647843,129289
210556f20f8bd962,105376,95479498,129674,105309,95520962,129674
212913377455ca0b,15623,5739605,138051,15540,5768885,138051
21319f10b1b6a9d5,36989,27139924,137658,36880,27150006,137658
214675c742baa3c0,39188,29319645,136941,39083,29334589,136941
218311a0b331352f,78273,68406735,75542,78199,68423199,75542
219532e3f2ceef60,87774,77900646,138722,87671,77921537,138722
21c181c28580bc31,10461,585673,155773,10357,607851,155773
21c4c97f101658bc,60250,50380168,137787,60143,50396493,137787
21c97e6268901879,17523,7637865,128574,17448,7667516,128574
21fa41c6b90d8d7a,48478,38603454,136472,48369,38623695,136472
2206d146c02ef22d,92715,82860454,137302,92601,82872545,137302
221511deff14ac32,42186,32371717,381456,42125,32406498,381496
222101caadbfc628,30628,20739746,138058,30546,20774192,138058
222ae6e59d8b5b8e,66341,56480294,137839,66230,56490495,137839
222cd764909d27b2,48254,38383190,157049,48149,38400546,157049
22432c0a915a021f,94355,84483826,137922,94248,84504210,137922
22504569dfd83ff2,19565,9681720,140869,19479,9710699,140869
2276712b7080569a,10033,139387,137389,9969,224255,137389
227915c2612f1b92,64421,54560232,138074,64307,54570635,138074
227c8dc284263ff1,28383,18498247,128028,28314,18528414,128028
22ab8538a633cdc6,54970,45100156,138683,54864,45116278,138683
22e4ae1c8702e258,117083,107220718,137381,116972,107231111,137381
22ea3d8635329654,112943,103084478,158307,112835,103096322,158307
22ecc6a5f2a72f31,58513,48660096,138141,58398,48670282,138141
234a92acf93a667c,10396,523212,138133,10292,542108,138133
23827b92254f74dc,88949,79080502,138200,88845,79098629,138200
23a21b13d89da974,13619,3717800,127796,13548,3764177,127796
23bf1e3b90aed673,69968,60100279,138105,69863,60113298,138105
2409fff48076b8ef,87054,77195262,157470,86954,77213914,157470
240d8dd8b366f14a,47141,37279827,137289,47035,37291328,137289
2412d9bf324dae3c,95042,85180342,136577,94938,85214101,136577
24192c3e869bc94e,43072,33223075,137239,42967,33233305,137239
243e4b901a3862ce,95556,85660949,137606,95490,85738234,137606
2450e5ed18ddb242,51559,41678703,130679,51477,41703900,130679
2455e9c71f295a68,85387,75520495,137428,85282,75533562,137428
245eea3d8208e559,96503,86640545,137226,96392,86652169,137226
2472f021ec595160,25947,16078208,129625,25839,16091601,129625
2473a6459deb58bd,116378,106500920,138229,116286,106523653,138229
24855d9490f5e37a,118661,108820831,137469,118554,108831180,137469
24876c38bf387a6b,37140,27298591,131163,37031,27308075,131163
248c8ca0d629695b,15527,5640010,129186,15447,5671855,129186
24b4cbbe4061b9b6,101935,92060633,137502,101864,92084883,137502
24e90ddba0f668b5,60687,50840218,138230,60576,50850242,138230
24f15a5a77bd3b40,53609,43723621,137264,53522,43754848,137264
24fd12993c8212fa,68492,58575053,129207,68456,58637389,129207
250a3c2ed7b49a11,91388,81503313,127891,91372,81648164,127891
251094b8ff2fcc85,103876,94003996,137829,103783,94058742,137829
2512f242c5ef7503,117739,107864470,138764,117632,107884012,138764
2526a851936e86e4,79717,69842733,128737,79612,69861840,128737
25413e34e40aba0d,82807,72943262,137490,82716,72968168,137490
2541fd97f75c5a8c,80671,70798815,129305,80586,70815796,129305
254b2912da487faa,31797,21945805,154179,31680,21960187,154179
254cefa194edc124,19901,10042765,137567,19790,10052897,137567
2552239f559c60b0,114941,105070100,152565,,,
256598c04555bbd5,77485,67640495,137621,77373,67650937,137621
25702e808bbb5281,14753,4899402,136962,14638,4909714,136962
25863d13035272eb,60656,50803459,138297,60545,50813102,138297
258d7dae73b864e3,24558,14679237,135844,24476,14703656,135844
25f284202a016db7,62206,52340152,138428,62100,52351443,138428
25fa7558259fe682,82569,72691554,137245,82499,72748297,137245
260a49b9049fc1a8,76375,66480674,128995,76296,66521123,128995
2614813a79c08d02,75465,65603473,137497,75349,65613269,137497
2622925a85c373fa,86427,76540870,139418,,,
26264c54b1c99d95,106129,96260800,137848,106023,96274090,137848
26278d33bffdeeec,97983,88140562,137171,97880,88152105,137171
263ed7f5fab139d7,113259,103361343,130550,113186,103403994,130550
26502c4cd68c6413,52816,42943260,137620,52711,42962106,137620
266cbfd46d0f7d4d,50020,40179640,136954,49912,40189718,136954
26842202fbd1d942,116099,106201147,128781,116026,106244963,128781
26850c788785c8f9,62173,52305965,136189,62067,52318782,136189
268614ce613ceb84,56991,47120196,138358,56885,47136634,138358
268d978ac3f352b5,35470,25600096,139546,35364,25616721,139546
26924ca28e6b08ae,19162,9305977,155986,19055,9318163,155986
269d075ec5a7ad5d,39414,29543198,136077,39307,29558878,136077
26b0480c23de19e4,97532,87660933,138686,97445,87683967,138686
26b405ee10cd29cd,90837,80963618,136710,90736,80985977,136710
26bb8fab1ff10611,89485,79623770,137188,89371,79634606,137188
26c06e5ee4a4005d,18509,8645943,137446,18400,8655408,137446
26d7041b2553b0aa,107736,97861066,139654,107642,97881482,139654
26d754e6ea867399,30155,20282695,136711,30044,20300460,136711
26d83c78a8313c5a,40644,30760118,137975,40572,30790660,137975
26f1a4e52186527f,107139,97326012,341219,107072,97353402,341259
26fd5bbe36d15f0d,104023,94180567,137466,103914,94191711,137466
270bd28a65ae2770,38862,29000161,138022,38764,29010692,138022
271abc121aad2cea,110456,100600673,137551,110341,100611090,137551
2724de5858c0fad3,94881,85003789,137826,94778,85031415,137826
272c3899193e196d,95269,85384331,127517,95214,85426600,127517
27307b7c62714a6a,84559,74680147,136636,84482,74708010,136636
2738dc65789f1f56,57086,47220231,138706,56978,47230950,138706
273d39e5855fbaec,47597,37698210,127662,47530,37741285,127662
2755408cd1ea4741,60409,50543391,137189,60299,50554869,137189
2755b020b724e726,74191,64305898,128146,74113,64336606,128146
2769f1f81fc71553,112717,102843402,135759,112611,102862633,135759
2773ff6c63cb1e3b,69818,59963390,137565,69706,59973008,137565
279007700577cd95,96378,86503846,137913,96271,86527105,137913
27992fdbb28ad0f5,103002,93124281,137989,102869,93136006,137989
27a239953a99d9f5,112002,102123821,138248,111897,102148422,138248
27a9cd32a64f4302,76216,66320251,128853,76142,66361071,128853
27af5fa8b8f28a58,103415,93519265,129383,103353,93566207,129383
27f2ae1cc94ef104,14845,4999480,136940,14733,5010249,136940
28016a88c4d82848,99457,89580652,138364,99338,89605682,138364
285f9b123739373f,116955,107084191,138861,116847,107100404,138861
2878efafcb70e52c,35158,25302867,142022,35044,25314748,142022
28813b897a1dd1e9,16981,7119722,138338,16875,7129686,138338
288463637e53fe7a,13588,3679899,129508,13517,3732865,129508
289a6e64e6370684,78367,68488087,112745,78288,68511224,112745
28a267e488ea1f38,40226,30413221,382893,40162,30443618,382933
28b6b3aeb51cef87,53728,43859986,137275,53628,43873119,137275
29122ef8a0961788,64452,54583437,137134,64337,54597953,137134
291fa2494fa5beca,50270,40408575,153104,50163,40420301,153104
2936cc41bc6dbeea,52451,42583505,138384,52339,42597995,138384
2956c508828bbe3f,53669,43800084,138286,53575,43814423,138286
29721460d2b6c759,118716,108843925,136952,118611,108861817,136952
2975b7ee7f5a1cb7,26173,16300153,129264,26064,16318464,129264
29793c64846c09da,84974,75123302,137463,84869,75135518,137463
298d805db31a83d6,101099,91224555,129837,,,
29b3ce32378aa7cc,66278,56419877,136060,66169,56430483,136060
2a391a5bc09ae03d,73102,63226148,143478,72994,63248267,143478
2a5a8e16a5470536,92061,82203688,137697,91954,82215755,137697
2a5f07c8b2d7cf45,89363,79500455,137850,89247,79511668,137850
2a7af25f9a8d5c09,45768,35799718,128062,45723,35913132,128062
2a7c93831367ef87,98926,89060615,138214,98826,89101960,138214
2a9791ee435d4585,99331,89441081,128030,99220,89479149,128030
2a9dde43eb2d1e37,111269,101379035,127683,111194,101413680,127683
2aa2d55f7558c9f7,25390,15523130,138148,25284,15535347,138148
2aae22515df87141,10622,759399,137995,10516,769990,137995
2ab3e28e01f9b40b,68428,58531397,128187,68396,58573768,128187
2ac70d89e31b3802,67827,57980131,136888,67713,57990281,136888
2acc64fd7371b178,92837,82983804,137464,92731,82995815,137464
2acd7538fcdc4081,51799,41939932,137799,51694,41950050,137799
2ad4ddeb848de429,23124,13279733,139025,23012,13289672,139025
2ad892c81c94ed9a,21057,11182408,136192,20951,11203208,136192
2ae42131bfc65041,75903,66040464,137893,75796,66051187,137893
2af2ff24dfafd821,71523,61664145,139035,71410,61674602,139035
2b01eb84776b01a5,73294,63424001,138675,73183,63440265,138675
2b1d9dd1dfd87975,26487,16598349,129694,26419,16632320,129694
2b2bcba53009e6e9,53579,43700432,140735,53495,43725332,140735
2b308dcaffc5eaea,118629,108781144,139052,118514,108791674,139052
2b47c6df17ee1986,13330,3459598,138713,13223,3475896,138713
2b48885b123ecd09,21343,11447266,130127,21273,11487745,130127
2b68c4fd8fbb08ed,73946,64080268,137579,73840,64091953,137579
2b9806f6f436f8c8,14438,4562766,137692,14332,4583187,137692
2b9c5b6bfad2f2b6,16362,6499526,136873,16256,6509631,136873
2ba8977717a06eac,89641,79800399,137717,89535,79814188,137717
2bb9b4b763e40130,29684,19822853,136957,29569,19832274,136957
2bbf43332da63220,61866,52020082,136871,61753,52030784,136871
2bcbd500853c9c97,39936,30063164,137582,39831,30081494,137582
2be288e46790df44,15591,5703103,137087,15509,5736198,137087
2bfc57d8ba3e7b39,27509,17643527,139123,27400,17653807,139123
2c040fbb2aaee3c6,88307,78423946,136344,88192,78454965,136344
2c2b7e771547eba5,28669,18783050,137455,28586,18814420,137455
2c38bc140cb2c87b,60283,50419700,136083,60175,50430786,136083
2c4cde61bef85a83,79441,69583623,137536,79325,69593432,137536
2c758ef17562b819,58760,48920047,137445,58653,48930653,137445
2c77ee557810c52d,72329,62441334,132117,72248,62474966,132117
2c7926c642b87727,31073,21222949,136797,30965,21232590,136797
2c83ac712935b9a3,109680,99820425,136092,109579,99830324,136092
2c8d67a17fd81242,42446,32539707,127127,42387,32590190,127127
2c8f7148f8cd7a8c,27478,17620034,138647,27370,17630103,138647
2c99ab7b1b0e7249,12054,2183049,138354,11951,2200380,138354
2ca794c09da08f70,46097,36223283,137503,45976,36242118,137503
2cb880109269ba15,90870,81000363,136529,90769,81017068,136529
2cb9c96a63a3261f,22440,12588032,75964,22378,12601879,75964
2cbd16108576fb1b,102132,92280818,138152,102041,92316490,138152
2ccca1dca1234414,79222,69367752,180523,79114,69380712,180523
2cdfee399e799875,110795,100921459,136418,110689,100941169,136418
2ce2f2278805dcfc,79565,69720419,138123,79457,69730485,138123
2d03118bc963499b,45254,35498374,384518,45246,35527150,384558
2d18d79cfd3086ec,71926,62064048,160128,71820,62076316,160128
2d29debb6e8a307c,21923,12063093,138626,21811,12074062,138626
2d396adfc00292c6,48510,38640329,138621,48400,38655863,138621
2d68a274deef89d9,100259,90400903,137956,,,
2d7340f628ad0e1b,101050,91202654,98329,100954,91232295,98329
2d7d3b62a240f791,98991,89120695,137724,98889,89137439,137724
2d7ff2a941c6605b,105409,95501099,128192,105341,95553290,128192
2d879a9163229c12,109560,99683992,137436,109470,99706213,137436
2db8605668040cc3,28033,18163417,138479,27928,18178285,138479
2dbbc0ace3b28043,75403,65542713,141261,75290,65553475,141261
2dc53c005d09629b,10428,559300,137668,10324,574189,137668
2df76e7713c59de7,16643,6783019,137355,16527,6792861,137355
2df88b74a5a0465f,21375,11478333,129727,21306,11520845,129727
2dfc56252ba046d6,92372,82500468,137727,92269,82519986,137727
2e1706886300dffe,65488,55600123,137743,65409,55634143,137743
2e1b90fd4e9a131e,70320,60425359,130308,70251,60465576,130308
2e1fed922a3fd402,87435,77580421,137300,87324,77596012,137300
2e439a00ceae0163,114467,104541085,138812,114360,104613553,138812
2e453153b519cce4,77269,67400308,136989,77159,67414237,136989
2e543a4feecb00e8,42235,32387577,95586,42180,32413571,95586
2e59355355210b76,93151,83280407,136418,93048,83297998,136418
2e61c39f05f3fab0,96934,87066611,135681,,,
2e6def7387cb2a9e,64295,54423468,136156,64187,54441143,136156
2e8ca0118b829ed3,108441,98580854,138281,108330,98591435,138281
2e8e67645f6dcb6e,75806,65940098,136756,75700,65951536,136756
2ea94dbf68267033,56523,46660846,130310,56409,46670300,130310
2eaae6010cbc88fb,54346,44480109,138191,54238,44492269,138191
2eb7a2e47c28328a,97593,87720417,137196,,,
2ed7560ede539c09,73850,63980644,138522,73744,63994984,138522
2efa10f5b04d1c26,20840,10999711,137948,20733,11010365,137948
2efbd2f33a764648,66621,56778732,128536,66513,56787820,128536
2efc5a034ae448e1,102881,93040945,138425,,,
2f116346ec3e9075,43581,33719810,137517,43473,33729737,137517
2f4119c2f7701034,102756,92900637,137197,102658,92912232,137197
2f59d34f0e90b2cd,42837,32962736,136804,42739,32983107,136804
2f6ebc3bed2b383d,27602,17739700,137661,27490,17750244,137661
2f855097573bf831,35275,25401233,133236,35170,25424655,133236
2fc04a0e37b4aa78,61689,51820206,138154,61594,51834684,138154
2fcbf3381efd610d,98585,88723661,137219,98473,88748440,137219
2ff94ec2fedc55b8,54089,44219796,136807,53984,44234968,136807
3032419f08d51836,72458,62579003,130000,72372,62603571,130000
3054180de8aadd99,76281,66398659,127946,76206,66426718,127946
30578b439cc0c673,105805,95940864,138873,105706,95951024,138873
307e08a125b984c9,59909,50061001,143527,59795,50072232,143527
3080a90224004d6b,30058,20182856,136155,29950,20203876,136155
30cd171b60fa32b4,80422,70538955,128363,80355,70567009,128363
30e1a25532c78183,101228,91336555,128874,101135,91381476,128874
30e5aa5e909f6e95,116002,106104974,127071,115931,106147196,127071
30f5a4960c6c114a,24989,15137887,126804,24878,15147345,126804
30fb343ff2e9d142,75742,65863583,138291,75636,65887472,138291
3105b199df4ab379,31549,21683511,138113,31440,21695889,138113
311b3fd11622119c,104467,94600706,137858,104359,94612499,137858
313277c91dbe5841,28130,18260410,139462,28024,18275476,139462
3179f9ee198dd5e2,55034,45167070,158703,54927,45181083,158703
31b3dd6e4142316d,107557,97659174,128675,107483,97702676,128675
31f8252b0b942056,93717,83840377,137033,93627,83862204,137033
320a2976d6252037,24654,14779645,138071,24568,14800064,138071
320c87e983b20ee8,17046,7179565,138232,16940,7192616,138232
3221b0525f9abed3,54687,44840163,137941,54577,44850143,137941
3239d3bfdac52ac7,102508,92641031,139021,102415,92662773,139021
3243c6222703e5a6,23406,13541986,151886,23300,13552651,151886
32505bfba4153d06,106980,97104605,139089,106874,97126185,139089
3259b57cc085c1f4,80389,70498904,129137,80324,70534404,129137
326057be5cc4af35,79410,69560320,137770,79295,69570307,137770
327516ad952b9c81,68079,58206345,137433,67973,58224446,137433
32751f404ed96e63,39253,29380069,138257,39148,29398310,138257
327e99218661ab6b,33985,24139641,136876,,,
3290ba10ad6d3b3d,44826,34959824,137671,44724,34972000,137671
32d800a413fa1d67,67917,58043675,137863,67811,58062019,137863
32e123c3c2f4af73,112661,102820498,136327,112553,102830389,136327
32f3c6684fa7e682,26551,16660765,130219,26480,16696265,130219
3304f9d96b98358f,33610,23739770,137752,33505,23758258,137752
33057b4a6a092b0e,78208,68318713,128440,78136,68353526,128440
333c35ada6af1276,20120,10279702,138337,20013,10289931,138337
334231b934c9ed25,18009,8159439,137047,17895,8169414,137047
33429fdfe6ba99e2,23691,13821529,128325,23578,13835473,128325
3351bb4f26324b77,15930,6062502,136650,15826,6075951,136650
3353d4e1016ff7be,60838,50963907,126377,60736,50982822,126377
33609ec0d9f7b2bd,66119,56260405,137922,66012,56270621,137922
33688cb401c02da8,103067,93200630,137790,,,
33752db428a6af38,73069,63201897,147331,72962,63215221,147331
339a930b47674ba7,108565,98704270,137981,108449,98714837,137981
33c050d8b6b1396c,77858,67984095,137317,77749,68003651,137317
33d6014fed1eb5c4,24429,14544053,127979,24349,14574164,127979
34115ba6235ecc78,92121,82280773,137901,92016,82294889,137901
3449a1553f833668,88704,78843616,138202,88589,78855578,138202
345ad716d2f28788,48221,38342900,137519,48116,38366823,137519
3491dfd36f8735ec,119631,109760935,138008,119524,109776061,138008
349f7a7dd9387277,58166,48300073,137372,58060,48312140,137372
34a1620d8cd9e59b,59516,49638593,128543,59439,49661363,128543
34bdd8a1db941894,100749,90880709,138358,100648,90896568,138358
34c5547c1ba62a55,61630,51760087,136964,61540,51775409,136964
34ca65506fb0776d,58881,49020173,136632,58776,49030572,136632
34d7392e1c96461d,19501,9618042,128310,19418,9646050,128310
34de309c53a1bd40,54121,44263342,156167,54015,44275098,156167
34f3895706f7fb30,23503,13640227,140110,23395,13650355,140110
34fe99bcf318aa01,80700,70822354,138974,80612,70846255,138974
3508f13de42008d9,101421,91549802,111887,101328,91573709,111887
350e9de3a063b14d,90264,80381051,140399,90189,80465498,140399
351b0b48e1b4c792,48664,38803005,136433,48549,38813932,136433
351d36401246e19e,103993,94140626,137792,103884,94150333,137792
3555620963b94dc2,115717,105843769,136144,115612,105862534,136144
3578f5c3c04318c6,112879,103003751,137102,112772,103024861,137102
357cb7e80aec5bda,53518,43638763,129383,53439,43663375,129383
358abd4eacdc7f2e,80548,70661668,140120,80474,70693900,140120
3593951a1b9437d7,67227,57320615,128154,67165,57372877,128154
359d15516e667b6b,113628,103761359,138917,113526,103773881,138917
359e7314de4a729c,112445,102583808,138502,112329,102594349,138502
35a45e2695884c98,42284,32406604,112272,42228,32427982,112272
35c16b2c149c4af4,81502,71640615,138437,81389,71650668,138437
35d816685f8ad29a,74630,64759121,130657,74531,64775753,130657
35df9518ef0f9694,34527,24633715,131479,34473,24748687,131479
35e183c0a27fa436,106915,97041082,138714,106810,97060971,138714
36093769cd64a0e2,116495,106623972,138179,116390,106640911,138179
3615e32adc21b870,18100,8259899,139069,17994,8271612,139069
36246260a7357033,55444,45565457,113724,55364,45588753,113724
36318ec6045cf521,59357,49460415,128701,59285,49501557,128701
36382256959f75c6,92307,82440412,138007,92204,82455013,138007
363bc0eaaa7bfc7d,13714,3819417,136794,13638,3859610,136794
363d35de708d56e9,72426,62541777,131559,72341,62571237,131559
36476946569581ec,41274,31410383,135358,41168,31420563,135358
365987ee71b2deda,97653,87780619,137140,97558,87808557,137140
36644a661da638ba,105776,95900846,137928,105680,95921211,137928
3676ec19fefbff1d,59641,49759729,136190,59554,49786042,136190
3677c5719793a113,109889,100040743,136816,109773,100050414,136816
368e8f1c6600a8e4,22570,12693895,115110,22505,12714723,115110
36c0df31e99ae3c5,14597,4739637,137272,14488,4749479,137272
36ca02dc306ddc1d,103351,93464030,131578,103289,93497368,131578
36d43eae479100f8,54808,44940013,137089,54704,44954512,137089
36d98a498b3632af,117994,108099303,128550,117927,108139117,128550
36e7de6adeb6c55b,110009,100141010,138509,109903,100154432,138509
36ea1e3376df0b59,57494,47600106,128047,57416,47639231,128047
3708aa41206455c4,64482,54620199,137935,64366,54630562,137935
37482e73d5762fc4,35187,25340410,141226,35074,25352888,141226
3749aa28acba3ad2,38619,28723067,137963,38543,28765145,137963
374c2d7b629fb577,11660,1760457,130632,11591,1804941,130632
374c38b62cef6009,70753,60880910,141173,70656,60900205,141173
3793e44e98b0c7ac,72613,62740233,137444,72517,62758700,137444
379b9681562b4c39,94914,85040819,138694,94810,85062764,138694
379ddf9f79af39d2,77143,67280588,138196,77036,67290541,138196
37bb04f7d3b20c97,33546,23679968,139194,33442,23694770,139194
37c0b674074d0f3e,51086,41219659,136199,50978,41231779,136199
37c5e659b1f7fe71,11208,1339275,136525,11102,1353167,136525
37dbacdb4aff8719,68555,58618573,128669,68514,58700085,128669
37e5a222e8229663,75934,66063772,138019,75826,66079505,138019
387d03b84b297012,98616,88760718,138087,98500,88774351,138087
38896fd8c13215e0,59939,50084484,139067,59822,50094604,139067
38aebe2676bed135,47689,37798314,128606,47615,37833088,128606
38b25097385b29e7,56173,46303781,139126,56067,46319000,139126
38ce47d8b76b60af,83893,74020350,137328,83788,74041529,137328
38eecc9094206ec2,49162,39299984,137503,49056,39311115,137503
39014971f7ca24f1,41209,31339855,137135,41103,31353990,137135
3936f61be4331f01,68143,58304243,139515,68037,58314301,139515
394f77dfeb7fbc92,68331,58466204,121357,68300,58475186,121357
395c6a770182d592,96187,86320314,135879,96083,86335751,135879
39611afad221aac3,14660,4799339,136729,14549,4809534,136729
3964b36a5cf8fc0b,26947,17082938,137862,26841,17093458,137862
39659f4569fa643e,63588,53703121,136620,63500,53733404,136620
3967e86a3c71622f,114703,104840589,136640,114578,104856908,136640
3976779f7e018d60,24055,14182633,136332,23949,14200054,136332
39970b395a37066e,107044,97180660,137428,106937,97191321,137428
39a0f296ac62e0ee,103383,93485708,128503,103321,93529276,128503
39f0b41689dc19ca,78399,68516014,111656,78317,68542761,111656
3a07947a1e8de7c3,117930,108045029,128804,117863,108074801,128804
3a14ef0fc4e19b36,89577,79726932,156539,89469,79739322,156539
3a189da348e0452f,64102,54226324,154196,63997,54248518,154196
3a24e70c6c18a673,22537,12664682,119295,22473,12681974,119295
3a3e04812e1172d2,67982,58105740,136737,67876,58127850,136737
3a78ba3c42a67560,18848,8999212,135183,18737,9008890,135183
3a86f5ed1b9d588f,66214,56343629,138096,66106,56360330,138096
3a8e86bfb22472ca,48415,38539944,127129,48308,38560290,127129
3a8ea541cbad643f,83827,73958759,128346,83723,73977136,128346
3aa5a68cd709a144,49441,39558436,129038,49369,39586630,129038
3ab7bd910f671bd9,100975,91104340,138346,,,
3abcff9921f495ed,10253,399589,139018,10148,410051,139018
3ac31b75ca3b3e5f,75341,65478861,129011,75230,65488153,129011
3acb7baec16106c5,89270,79400699,138881,89158,79418625,138881
3aea681a0fbed763,49629,39758665,129144,49547,39774422,129144
3afb03b3df3db49e,104806,94960807,138740,104694,94972021,138740
3b65a7461fab8311,106162,96301021,138836,106056,96310938,138836
3b914c7f12674fbc,110762,100883950,138642,110657,100907640,138642
3bb2563014a0bf80,37517,27658428,130434,37406,27668696,130434
3bbb46bf8cf54ec1,119567,109700798,137690,119460,109711916,137690
3bc0725b955d3520,24250,14381458,138131,24143,14395413,138131
3bc0bbeae438a1cf,46775,36920348,140523,46662,36931062,140523
3be5e4f06324c346,11691,1798066,129754,11621,1836024,129754
3c040973716b40ab,62397,52540148,138202,62288,52550277,138202
3c05da7de0ee3ec6,32539,22672070,113945,32483,22759470,114034
3c544d19c8a1ee0d,85450,75583766,138475,85343,75597559,138475
3c5476537e476989,45922,35999827,137043,45836,36066782,137043
3c5b5d017102a9ee,79029,69163353,149693,78923,69175638,149693
3c6fac62cdd8de23,18968,9099740,138832,18863,9114278,138832
3cade42102b1fd07,67130,57245365,128597,67069,57275178,128597
3cb2d8101f1db566,83523,73664124,157357,83414,73678023,157357
3cc31e23f7ab5d12,78725,68863424,138217,78610,68873514,138217
3ccb0250d638b51d,17951,8082990,138292,17842,8096221,138292
3ccc39e53861fa63,103163,93300865,137981,103057,93315390,137981
3cda51570d3a8b52,114326,104380828,137173,114231,104471893,137173
3cdadc07ed1340f2,100131,90261130,140591,100030,90278282,140591
3cdc09fe463e7d92,118482,108620846,137947,118376,108631543,137947
3cec1d7c3d564b26,14069,4202660,138456,13959,4215055,138456
3d085f45e110e9da,10526,659575,138866,10421,671884,138866
3d0f60ae19461756,101962,92083734,136786,101888,92111719,136786
3d39706b8f7ad2a8,62141,52282957,153500,62035,52294593,153500
3d4381e41e2bb47f,82895,73043872,137449,82789,73055578,137449
3d4c4ea3f24a2f62,43767,33919638,136666,43652,33929112,136666
3d5d5c53c64ca356,53010,43140166,137571,52903,43155744,137571
3d74a60ebcfa2299,100034,90160856,138491,,,
3d7643d25326b82c,113130,103245616,129135,113060,103275619,129135
3d9f7fc81c043e64,31705,21842426,137383,31591,21853601,137383
3dced7ed1978e08b,46928,37079611,136114,46817,37090033,136114
3dd4951b000900bc,66589,56740590,140760,66481,56751083,140760
3ddb00dc37d8b190,67950,58081377,137116,67844,58095799,137116
3e0fa69a47069878,47405,37510198,128346,47347,37550106,128346
3e2d0f222fbbe4ee,44971,35119844,137459,44853,35129979,137459
3e672a9c65751d83,20402,10539563,137416,20290,10549878,137416
3e7a845a83ee85b1,28194,18322980,137721,28087,18339029,137721
3e8b96e3e886c294,117458,107604043,137199,117345,107613588,137199
3ead5eef7389485d,28818,18943035,138585,28721,18964595,138585
3ef455aa67dc467b,29025,19179432,136194,28915,19189385,136194
3f2265a8d51ea1dd,34140,24299804,138302,34034,24312816,138302
3f2dbe465959fb03,43455,33583330,139106,43351,33603018,139106
3f626d242af995c0,111611,101740743,137772,111514,101756154,137772
3f6925f4f6c73e05,92561,82700191,135918,92455,82716867,135918
3f6d4ead64495ecb,34656,24759023,132023,34599,24874643,132023
3f90e5e14da4f52a,35014,25139387,131945,34920,25162780,131945
3f9bccfb7a0c2d03,15055,5182724,137264,14950,5200293,137264
3fa7d8644a9ce7c1,77300,67440356,137994,77189,67451140,137994
3fa91a1b5fc19371,72054,62184734,139725,71947,62200774,139725
3fe7afac1c4dd48c,63677,53803507,137676,63579,53822568,137676
403c5560e7855138,26798,16922988,136763,26709,16944393,136763
403e53edcd3b200b,41371,31499888,137268,41264,31515999,137268
403ed4b258d6b5f0,44439,34538188,127921,44380,34584060,127921
405a07c7a465a5ec,92275,82400304,136066,92173,82449120,136066
406d9e4d616ef111,37827,27979711,137180,37716,27990331,137180
409341850398dcd7,104054,94203794,137983,103947,94213989,137983
409b233040233831,61925,52080265,138129,61814,52090828,138129
40a417830ec15a03,35043,25178754,132077,34944,25193962,132077
40a47bd1dad26c17,119225,109364345,138975,119109,109375591,138975
40c523b67a88cc58,100597,90743655,137531,100490,90755740,137531
40c63c4c4dcdf90f,78177,68279166,129317,78105,68321790,129317
40e40d30ae9d0a4d,38803,28923147,138328,38711,28949014,138328
40e8e21ce355f067,71239,61364361,139737,71133,61385173,139737
4159e60f05bb0d5b,36960,27100079,139072,36855,27110249,139072
415e9da728c29d1c,53042,43180242,139131,52935,43190947,139131
4170143e6a1c1590,59485,49598654,129594,59410,49630247,129594
417a030de2db6489,67354,57458749,129707,67285,57499177,129707
41873a24d574950b,114494,104580857,138210,114384,104639852,138210
419384fab32320ec,81656,71803502,137371,81545,71813479,137371
41b6861b1dad28cb,119944,110082808,139399,119862,110092414,139399
41b793b1d4f50757,89175,79304306,137966,89067,79322029,137966
41d84f3adbc8ebdf,44279,34391337,129302,44225,34423865,129302
41dacac00d5a5f98,108595,98740963,138918,108477,98751121,138918
41e6ec677a813db1,87119,77246068,136995,,,
41e73434447f9aca,48540,38683913,136741,48430,38694534,136741
41f34676ae327781,22201,12326497,155703,22098,12348360,155703
41fffb540ba261a9,119789,109941492,98588,119708,109959723,98588
4231889b0e01eae2,98175,88304213,139061,98071,88347035,139061
4250ffe9dd3026c8,75526,65680327,138438,75413,65690033,138438
42569a4985c39752,72981,63140623,138739,72874,63150566,138739
4259311ee7d533af,93863,84000624,138608,93756,84010839,138608
426a0cd124da1748,52979,43103052,137372,52872,43124794,137372
4274bfb02c2a816a,97832,87980574,137735,97719,87995781,137735
428b106f6ab27961,86870,77020273,136949,86755,77031356,136949
42954d7e91d3db3c,111050,101226523,334887,110972,101252630,334927
4295e1c604a2469c,65043,55226278,337084,64973,55253812,337124
42a2bcf793aca5ee,61719,51843336,137036,61621,51864274,137036
42ac4e91be7cc3fe,86956,77083537,138531,86856,77105648,138531
42ad5fcda5278c67,46989,37140357,138321,46877,37150522,138321
42bbbcc1631c677f,105535,95639381,129574,105461,95680052,129574
42cfa4cedb0648d1,56303,46442201,151079,56195,46453314,151079
42da71b0da096a6c,79815,69943535,137948,79709,69960377,137948
42e0d71bd743a7f6,31390,21523160,137958,31285,21536675,137958
42ea83948cbbb3e1,27382,17520036,140337,27277,17530625,140337
42f41c41a1789801,19932,10079716,138844,19818,10090145,138844
430b905631f10bfd,10590,719611,138635,10484,735624,138635
435e16629849d978,18725,8879597,137476,18612,8889198,137476
435ee1ef5ac128ab,24153,14283350,137222,24046,14302428,137222
43675e0da9b25874,16049,6199611,138480,15934,6209564,138480
43736d9648458274,80039,70180282,137683,79930,70190127,137683
437d04993b3d0f08,25736,15878483,129531,25619,15887372,129531
43c98bc098116162,109977,100104156,138016,109871,100122459,138016
44161f38cded1376,66496,56640389,138359,66378,56650728,138359
441c669743a0c371,69100,59243773,138486,68985,59254210,138486
4429e8fb58fd1150,30090,20219785,138310,29981,20235298,138310
4455c9c117015590,92867,83020523,137775,92761,83032473,137775
4470894f7b5dd4ff,70929,61080739,140736,70814,61092096,140736
447ff102d86d945f,38651,28760527,138082,38572,28796767,138082
44825a12b79601bd,119348,109500950,138549,119238,109510625,138549
449057aff2dd1104,73359,63483806,137454,73245,63504342,137454
44afe2279a5fbfaa,88643,78780939,137481,88515,78792805,137481
44cfc5ae013e9fd8,98335,88463716,137140,,,
44db43cf48747284,63824,53962816,136728,63710,53972790,136728
44dd3e9eb2fe296b,113097,103223824,128474,113027,103243192,128474
44dfefff00c5ede7,23814,13958110,128804,23696,13967782,128804
44eb5ac5f5cbde88,104836,94984148,137937,104726,94994744,137937
44ec7ceadeeaee25,45189,35321567,154161,45083,35335724,154161
450a95569d4493d6,40938,31079864,138377,40831,31090575,138377
4524f066cf6a48a0,117304,107444337,137632,117184,107455184,137632
452e1af858586e76,93564,83680653,138537,93488,83709712,138537
4550f2d9c31d5702,11966,2082753,138820,11874,2112191,138820
4552580fd69e314d,99267,89379162,129110,99159,89415154,129110
4579987c56db6510,118975,109104300,138334,118867,109120683,138334
4591095f07703660,84179,74304339,128218,,,
45aea7bdbaca1292,108869,99000811,137522,108764,99014735,137522
45b5a716e8d0adaa,53965,44119916,137326,53855,44130151,137326
45bf63576c8257fd,115889,106042188,98432,115819,106059544,98432
45de951fbaf554a5,83990,74120628,138317,83884,74137447,138317
45fe0c36f73bdb04,13745,3842705,138003,13668,3891257,138003
460027b318d952b2,17426,7538261,130344,17353,7571477,130344
460aaa0a1d64d1e4,40764,30880048,138464,40679,30909441,138464
4640341fe4d3c905,48847,39000063,137880,48738,39010467,137880
464f2f38915b2885,47206,37339924,138302,47100,37351308,138302
46529859162b6e68,36781,26911529,138108,36693,26927125,138108
46668f33f5f0ead6,84678,74803818,138349,,,
467c47294b695c84,111849,102000738,137376,111734,102010991,137376
46b78e9a338540aa,44912,35059587,136239,44799,35069246,136239
46d463dd7b49b1de,32399,22499628,128251,,,
46ef271791e43ef0,47438,37538228,128112,47379,37582483,128112
4721f481ae7896d2,97469,87583550,138043,97386,87662316,138043
47666d7d37525481,108089,98220800,138205,107983,98234982,138205
47699e0ed4c5a483,23566,13699393,136706,23458,13711412,136706
476d4799065a69c4,50740,40900128,137954,50633,40910741,137954
476f78fe34c440ac,97279,87399336,128806,97201,87427533,128806
4799655ae0de0a15,116889,107020635,136769,116782,107035040,136769
47a10711162f6fa3,30409,20518111,128432,30339,20553806,128432
47a55ec36c2c1b09,101131,91246376,128859,101038,91313818,128859
47a67c1612851240,39755,29901723,138870,39643,29911368,138870
47a9b7cc63df0325,53757,43900312,137891,53653,43910801,137891
47b09752f0a60726,20208,10338081,128847,20100,10353459,128847
47b3e93c90f46504,43196,33329876,178995,43094,33346608,178995
47cb677377b1ab30,36900,27039759,137857,36801,27049974,137857
47d71aad68340198,80102,70240599,138564,79991,70250540,138564
47eeed8038100b89,59106,49240237,138600,58998,49252205,138600
48344e47bb538a6b,100352,90484089,138889,100246,90499813,138889
483cc3a69733e79d,15870,5999704,138122,15771,6015890,138122
48512ea75088eda0,108656,98804443,137699,108546,98814560,137699
485adb0cf3c26baa,53698,43823265,137093,53601,43843400,137093
48681a5ac394f424,67594,57720196,138610,67500,57739390,138610
48902b0b04202ad8,63883,54043265,155967,63777,54054348,155967
48b051e4d01755ad,49536,39658299,128088,49459,39681279,128088
48b867daafab539d,33674,23803101,137745,33568,23844029,137745
48bcd3ce5db8358d,106606,96744344,137559,106490,96755101,137559
48fd58da0955ba9f,69281,59420329,137120,69176,59430547,137120
49191b1f7fc4d4e4,47239,37428530,354360,47177,37457156,354400
4944213c0f5c8287,32335,22437907,127106,32281,22556718,127106
4975a6c1b0f3b999,69570,59703305,137696,69460,59715062,137696
498d644dd4f35d0b,43981,34104716,128454,43875,34126161,128454
498ead6f2829d5bd,102443,92580642,138227,102351,92598760,138227
49b8fa2703b181bf,53845,43983521,137988,53732,43993782,137988
49cb77228bf1d6fb,59453,49560136,128623,59379,49598493,128623
49f5f705e9ed4dc6,73635,63779296,129957,73511,63788271,129957
49fcf151a6100086,113687,103824780,136916,113579,103834012,136916
49fd3c630f1083f6,111520,101640569,136123,111432,101665241,136123
4a10dff0b4913059,106512,96661016,138507,106400,96671228,138507
4a1207eed3a1131d,23067,13202769,137665,22951,13212583,137665
4a3b6d2ccdff233a,89142,79280961,139883,89035,79295011,139883
4a3deeadbe65a66c,66086,56219825,135744,65979,56231295,135744
4a400815ed4aaf43,82866,73020656,137987,82765,73033682,137987
4a680926a34cf991,101454,91579114,115430,101360,91607152,115430
4a8abef73bde8665,104591,94723476,135397,104480,94736795,135397
4aaabb22f1a0f701,53816,43960154,137825,53706,43970735,137825
4ab7247e829a1114,82925,73081708,138137,82816,73095499,138137
4ad18cf0bb82ecd9,22727,12814338,128990,22651,12871569,128990
4b0aea34c973b656,93228,83380754,99056,93161,83399310,99056
4b3c552027465916,100475,90620952,139320,100363,90632952,139320
4b5905c67449a11f,17490,7598228,129501,17416,7635533,129501
4b6fbc802f32e9b8,17142,7283212,139179,17035,7293911,139179
4bbcecf997ba09a8,20084,10239745,137809,19977,10249757,137809
4bd34c1c1f0d8858,83554,73700175,136521,83443,73712782,136521
4bd973d1c86bb633,117147,107281129,136876,117034,107292433,136876
4bf404b6ce23fcdc,80292,70407548,129199,80228,70437206,129199
4bf7bf351361d80c,62429,52563517,137948,62319,52574817,137948
4c3fce218e68a071,71109,61240982,140080,71004,61255451,140080
4c41eb2536a33759,49899,40043087,136001,49789,40052859,136001
4c4bb81b875481ef,28638,18759769,137092,28558,18783388,137092
4c5219ebe986451d,24716,14839804,138624,24628,14862557,138624
4c5724b6b809ab24,95302,85406221,129276,95247,85459759,129276
4c5e3637bcdda1f1,17680,7799408,136951,17598,7826027,136951
4c608599a2a7db96,36401,26524668,115859,36328,26545493,115859
4c69f71dc3ca9979,11723,1822034,141347,11651,1868938,141347
4ca22725ec2e0b3e,49344,39458255,127961,49274,39489434,127961
4cb7e3224c6ebf6f,107337,97439307,129257,107274,97481883,129257
4cb901774df2c6db,71585,61724160,140475,71470,61734932,140475
4cc0f1245b292a35,93804,83940489,137656,93704,83951648,137656
4cc35972b96c6174,103480,93581009,128478,103415,93627337,128478
4cc5c37e9dbdb4c7,14012,4143316,137858,13908,4157091,137858
4cd0f0023ebac1e7,77079,67210555,134815,76972,67225351,134815
4cd1d8364c6a7fec,41806,31957885,126306,41693,31966835,126306
4cd27515cc4a02d8,23753,13898185,128763,23638,13907356,128763
4cd9a101114bef28,99789,89940705,137956,99675,89953611,137956
4ce25809cdc21a4f,73544,63682101,128798,73423,63692064,128798
4d2afd0c94e4024c,69128,59280855,138112,69014,59291498,138112
4d2b714f92760172,65426,55539827,136668,65351,55571816,136668
4d4221733cf96000,11175,1302966,138830,11069,1320105,138830
4d83f9b035c75d9b,79253,69402800,150557,79144,69414055,150557
4d942b906a9b5676,65869,56020860,138576,65753,56030565,138576
4d960d0269eed0aa,85512,75660460,136685,85404,75672806,136685
4daa25e08871d542,113847,104029988,137562,113763,104040224,137562
4dbdacd52a377b45,25326,15459567,137219,25220,15470914,137219
4e144b0ffd07570e,10061,162758,138305,,,
4e2affbaf2ddb26f,93950,84100783,138740,93834,84110863,138740
4e2ddbdfdd22cbfa,24313,14484111,334865,24229,14509544,334905
4e43947b39ad0c9d,33448,23582551,154207,33346,23597103,154207
4e622a0b1fe74dc1,90541,80680349,137466,90454,80729968,137466
4e6c8596cc87d690,108283,98420850,138088,108176,98431054,138088
4ea210cadcbf8cf4,95851,85983635,136015,95750,86003807,136015
4f003f2b642957f0,20715,10859582,137889,20598,10869547,137889
4f24d73d4fade520,86090,76243537,98167,86039,76279230,98167
4f2fdd764e740621,26645,16758929,130297,26570,16791008,130297
4f453c39a38e381d,20807,10959485,136445,20696,10970250,136445
4f5693ad4b30c5fc,102314,92454572,152965,,,
4f61c3d76a1ef9e0,24899,15038086,128924,24797,15047915,128924
4f65ce95d1eaf24a,97128,87285016,120593,,,
4f697dea0a7f9050,99235,89340999,128698,99128,89383751,128698
4f6f1dd48945414f,70812,60944192,139367,70708,60957617,139367
4f7989cf47ec4c70,45156,35286235,155828,45050,35303072,155828
4f817e5e157b979c,85979,76103662,137255,85876,76151800,137255
4f83bc79fb5b650b,30749,20879916,138478,30655,20895023,138478
4fc7cbfcd82d9b4f,61955,52103213,135574,61845,52112651,135574
4fd1223641a98ab4,60378,50520195,137192,60269,50530786,137192
4fd7ee0888e56c7f,60626,50780088,136388,60513,50790962,136388
50111062cb4316b1,46866,37019987,137089,46753,37030527,137089
501431746b1b9869,21310,11425287,129273,21241,11455135,129273
503c0038bdc9bd61,22756,12837934,128915,22677,12901088,128915
50409269ae024113,88524,78660676,137474,88401,78674934,137474
504637093d29f23d,33481,23619511,135562,33378,23632254,135562
506e1a86ef03a21f,87557,77703744,137534,87451,77715284,137534
509232d4be64e45c,26738,16858397,130010,26655,16883780,130010
509fab7f5beea83b,39694,29843090,156442,39577,29854030,156442
50ad08979237c0e3,103788,93920868,137358,,,
50df0cd92af33003,93980,84123882,137160,93861,84133988,137160
50e7f54e4b699d1f,56615,46760802,141497,56498,46771155,141497
50f7d0addabfe479,56398,46540211,138812,56289,46550560,138812
512e79a5dcf2236b,68833,58923647,137473,68749,58978246,137473
5131fb2e9fc1bf4b,83461,73600190,137221,,,
513bddd5c4fd80b3,70900,61044292,139791,70787,61054911,139791
5148cc833fb16f4a,66740,56863059,136969,66631,56885790,136969
51583d26b037b72c,21894,12039628,138040,21784,12050756,138040
51783d4e46e5eb85,45971,36063101,137545,45874,36116534,137545
5190e4856748a350,103227,93405722,339879,103156,93441150,339919
519134af7c7e94f6,63210,53322971,128955,63141,53355718,128955
519a05295c0a802c,92901,83060430,137393,92796,83075492,137393
51a859b172938a68,107369,97461045,128622,107305,97513302,128622
51adf03c1d5cd3b1,105717,95840499,136835,105628,95862763,136835
51ae4ba03fce78bc,11594,1698182,130384,11528,1739535,130384
51d4202b536e5871,10965,1119585,137760,10853,1130716,137760
51d6cd40103ed3a6,85544,75683736,138053,85434,75695036,138053
51e5a9873e3a9263,98862,88984142,138914,98761,89037250,138914
51eb598cc825897a,74043,64180093,136834,73936,64190140,136834
51f249d83056e6ae,77696,67826863,156668,77588,67842001,156668
51f3b1457e2a077f,115477,105621035,139040,115364,105631008,139040
5204032dfe6d6c44,117179,107320944,137996,117064,107331617,137996
5204159e9f7e01e6,44312,34412672,126342,44257,34456162,126342
524f338da01d3655,60056,50183229,137872,59950,50202118,137872
527159287b35903e,13408,3561173,98538,13340,3576423,98538
527d384c68c3e17e,55066,45243168,330340,54989,45269772,330380
527f9842e48d796e,93775,83900865,138003,93679,83920620,138003
52cf154b3e8f383c,64574,54720206,137886,64453,54730060,137886
52d076d99ab8ed34,44111,34239807,136799,44004,34257074,136799
52f6b0af106b2af7,104307,94440422,136413,104201,94452155,136413
531d5dffc58b6cc6,115416,105564011,156939,115307,105575733,156939
5334cf7d359800de,72265,62379210,130901,72184,62410604,130901
533ac10aa9003c91,45995,36099802,137396,45892,36140500,137396
534b4d75584dcd77,60218,50346073,135769,60112,50364241,135769
53520a025169b17d,29338,19466576,138191,29233,19483584,138191
535de5165b15fe15,111818,101963827,138038,111702,101973358,138038
53605fa3d8b50a26,9919,0,138018,9872,147616,138018
5373f6ae6c0b2583,72852,63000858,140073,72736,63011834,140073
537e5c365f83cc10,81252,71383104,153546,81145,71398569,153546
538671aee190f8fe,45947,36039799,137418,45855,36091955,137418
538f003f8815607b,76590,66720098,136964,76494,66735932,136964
53a5fc288bbcb070,91610,81686846,141137,91581,81831852,141137
53a6dbd47ed6c210,79782,69920178,136777,79677,69929706,136777
53b4497db3be6802,14502,4639388,137156,14395,4648911,137156
542d2a9ee23d3a2c,28001,18140035,138485,27897,18150155,138485
5444d59d41823d82,101518,91617894,114631,,,
544fe1f554f631ec,42602,32702455,135606,42532,32747170,135606
54578ebc8a6940c1,20498,10639314,136769,20382,10649300,136769
545bd9962bd71019,32482,22643289,99745,,,
5469ce6c992c824c,56206,46340044,138387,56100,46351588,138387
547adb37a1134023,60968,51100208,138223,60866,51114001,138223
54802c43574e2164,60000,50159922,137185,59893,50170170,137185
54b8c6795b8d802a,116256,106364278,137421,116175,106402089,137421
54c4f387278b9d2f,114624,104740640,137130,114503,104769729,137130
5502068785a14fba,114676,104802244,138629,114552,104822600,138629
55138deeddc39008,42413,32518193,127479,42355,32557683,127479
5537a57d65988058,71174,61304270,138623,71069,61320640,138623
55650103761e8b12,15282,5419389,137177,15175,5430102,137177
5572739e871ab4ca,119437,109566913,138022,119331,109582355,138022
5576193642894d34,105119,95245612,138763,105012,95264840,138763
55800fae46c2c712,68524,58596862,128517,68486,58669231,128517
558fc284d68ad942,31421,21559652,137184,31316,21572861,137184
559795b87488771c,22899,13018079,128684,22803,13043661,128684
55ab4d5b70a06c88,38832,28959848,138199,38737,28977623,138199
55b8adc1a5444eb9,118153,108260786,137342,118080,108298877,137342
55bbb6aa1390c4d8,58946,49079961,137417,58840,49091989,137417
55bf289abef8a69a,65332,55440677,140168,65263,55477746,140168
55ed0625dad625b7,12290,2442746,138450,12184,2452414,138450
55f59465d6a5275e,81718,71863737,137510,81607,71873799,137510
55f61287dd551a30,44769,34899746,137487,44675,34915101,137487
560fccc021d2d200,113007,103185281,332070,112931,103211774,332110
56201bcd082cb86e,87086,77222956,152611,86985,77239010,152611
562bfa8dd94d10a6,49473,39580105,127916,49399,39617983,127916
56347e5146084922,95430,85540690,137110,95371,85588365,137110
563983ac896ff311,40487,30581773,139234,40426,30633301,139234
5643aaacf1a8e45f,21717,11838091,129308,21627,11862341,129308
5661afe03be8d301,18446,8579643,137448,18339,8591052,137448
56659545c5b9b9e6,91548,81616537,129356,,,
567e95f333d8d3f3,23534,13663664,138555,23426,13679109,138555
56a1d842bc925d71,114234,104306679,138425,114145,104380028,138425
56ac5818f7dbb683,75183,65320325,137877,75076,65330676,137877
56dfea8967eb043f,72582,62702986,140611,72489,62727583,140611
56e6cdad1c2bb10e,119535,109660819,137420,119428,109680170,137420
56efdb986de9629c,44046,34180255,140175,43940,34191973,140175
56f188bf4c6c2d83,65548,55663390,136852,65462,55694088,136852
56f292f171d21610,95074,85203816,138978,94970,85222094,138978
56f8be16754b582a,103759,93880710,137507,103673,93908983,137507
56f9b0c1ee4e8d50,57589,47700156,128172,57506,47733325,128172
5714e5bfadfdeb27,47718,37819965,128021,47641,37862416,128021
5741f7a6007239ba,115135,105260918,138559,115034,105284448,138559
5758d072ec5c329b,34986,25101237,131905,34896,25135268,131905
576e49e45025874d,119821,109963356,128870,119740,109973009,128870
57a1b20b835fa56f,94162,84300584,138425,94056,84315275,138425
57b076829de0cdb3,30026,20159891,138793,29918,20171279,138793
57f5edf7caaf5637,38773,28899741,137536,38684,28918481,137536
580d5399ba0518b2,12480,2619858,139482,12373,2629696,139482
58257d8d0f8b7d33,77576,67726398,136993,77468,67735960,136993
58392006a102a783,49001,39140117,137184,48896,39151529,137184
584714732a3e59aa,64760,54920070,137081,64653,54931144,137081
586799e2030ef5f0,29273,19410407,135256,29168,19420518,135256
5873e7efc30b469b,55658,45783650,136803,55559,45804458,136803
5874a8f0669556c5,108686,98840831,138031,108577,98851584,138031
588cbf9d14d23065,87246,77380459,137349,87143,77394248,137349
58a04bc2d93999b1,18693,8839587,138190,18577,8849156,138190
58d46b3b956924a9,64881,55020434,137201,64776,55030765,137201
58f4e02cd1e77396,39816,29962663,137802,39704,29972750,137802
59045c4389d81b05,90420,80541073,138715,,,
59154ff057453434,94575,84720502,137856,94460,84735009,137856
591cd663bc79c29d,88554,78684089,138915,88429,78702508,138915
5920fdc2ce6dfc46,98708,88860593,137447,98598,88872639,137447
593f3d3a095913a9,108347,98480958,138832,108238,98492481,138832
594f34c1580ef7ed,69248,59382901,153609,69143,59394828,153609
59588fd948035712,117674,107801950,137421,117568,107819424,137421
5995c5ce95c2bf64,18220,8342929,137951,18116,8365793,137951
59a4076ca01ed71c,101645,91756024,128922,101589,91864458,128922
59b40542d98be104,77546,67703272,155146,77436,67714019,155146
59c97fb29f67a1d8,105055,95192158,137728,104948,95202661,137728
59cf05650eda0340,37357,27500080,138743,37249,27510637,138743
59e3d32df76ea4d9,68807,58900475,138110,68729,58953175,138110
59e95af92a9ebe0d,81186,71323227,154929,81080,71334578,154929
5a02cf40973117af,27036,17183414,138988,26921,17193926,138988
5a35a525e340f0c4,94010,84160961,137922,93893,84170800,137922
5a4424948e13b271,20052,10202880,137167,19946,10212846,137167
5a495dea14897843,114815,104963938,137494,114705,104980543,137494
5a54131839e74f32,93891,84040778,138101,93782,84051268,138101
5a584313b2cd4bcd,39286,29427356,180909,39180,29441151,180909
5a68dbeb36b5a5f1,63795,53939745,135452,63684,53949461,135452
5a6f96eb909b0ccc,60903,51040043,137595,60801,51050399,137595
5a711ad13fe863a8,83795,73922894,139991,83691,73966590,139991
5a749d18d710deec,67097,57223603,128732,67036,57242829,128732
5abfe127d767d55d,35437,25566398,138975,35332,25585187,138975
5ad4685d2ab22248,39039,29182842,136898,38923,29193718,136898
5af141a42aa05449,82126,72306913,343721,82063,72343526,343761
5b23b4cfb377f9c3,113657,103801586,138068,113552,103811311,138068
5b3a3a9d9022d877,41466,31599864,137938,41357,31610844,137938
5b518fa0ebbf5e0d,94946,85080569,137967,94843,85097804,137967
5b547a8011879d58,101879,91983931,137375,101813,92028327,137375
5b58655496ca67ec,18936,9063173,138487,18831,9081705,138487
5b5abb1ee22d940a,11305,1439537,138412,11199,1450988,138412
5b5e6f4189980a60,83584,73723467,137750,83472,73735616,137750
5b817cb47b7a84c5,118749,108880993,137917,118643,108894886,137917
5b89f3f50b43f19a,107939,98083985,137691,107821,98093519,137691
5b927b6005bb2a0f,55286,45448752,360709,55212,45478074,360749
5b9da95ce63d6bda,51190,41343486,102014,51119,41361162,102014
5ba1971d18a9acf2,84944,75100036,135928,84839,75112649,135928
5bdd26a056a6aa2f,88113,78228299,126962,88006,78263409,126962
5bdf885380ffb7ff,29715,19859539,137059,29598,19868958,137059
5bfd336ffa225df8,74384,64498760,128450,74301,64528916,128450
5c18dff8cfbb215f,42982,33139907,137286,42872,33150102,137286
5c47da3e4dad101f,12892,3039263,136958,12773,3049140,136958
5c492b9fdbe5a3fc,45061,35220078,137021,44954,35230753,137021
5c58d9d9e4605f64,12112,2259974,139068,12003,2271417,139068
5c66161c571d44a5,81595,71740335,137217,81477,71750600,137217
5c6629052f497c1c,55597,45723900,128060,55504,45742637,128060
5c6ea40f3908eb02,16488,6619823,139228,16379,6634889,139228
5c7ef5102a168491,43860,34020061,137935,43753,34030024,137935
5c82e34c6a360bb3,110267,100400876,137471,110158,100412499,137471
5cd20fa8f77751b3,18602,8739638,138115,18490,8749629,138115
5ce3b89bf357b76f,27786,17939466,137000,27675,17949531,137000
5cf2fa88ba583e00,89859,79983271,141959,89757,80032666,141959
5d02c99cb39e7fa8,30441,20539931,128908,30370,20586436,128908
5d094d7e695404fb,11087,1239979,139687,10977,1250264,139687
5d13884b2ea0f56d,71708,61860557,139750,71596,61870189,139750
5d24d347f1194ac9,88432,78560474,138297,,,
5d2e052225a00636,49989,40139981,138155,49873,40150244,138155
5d54d67f72a2e4c6,72086,62220598,140128,71978,62232119,140128
5d64e660108972e9,28847,18979645,137228,28746,18992776,137228
5d6a52e52b188b63,64913,55043922,139245,64808,55059580,139245
5d789b4ed3d460de,89207,79340526,138118,89097,79355767,138118
5d9daed8eaa67f61,63086,53265665,335117,63012,53292684,335157
5da8428941b1ef13,38310,28466804,118016,38241,28483509,118016
5dab17c42a769211,98958,89083769,136799,98857,89106857,136799
5ded6a61a788ae56,89923,80060415,137553,89820,80071999,137553
5e0e744f65d0b153,109129,99282597,99839,109053,99300989,99839
5e232c94b80a5135,10842,979506,137614,10729,989910,137614
5e44d9558cbd4c08,114107,104213178,141918,114022,104252962,141918
5e4c9deb6527c8c0,94816,84944056,138694,94713,84988667,138694
5e58aa152d0cada9,59548,49662786,142651,59469,49693796,142651
5e941f54e94caa8e,43140,33299630,136880,43035,33312165,136880
5eaee7ace3b4e1e9,64037,54162273,128248,63933,54182165,128248
5ec08530e37cc8fa,53455,43560347,129256,53381,43600327,129256
5ed331b1fcb82013,16020,6162796,138469,15907,6172620,138469
5ef0772b2e4977be,97181,87306556,127214,97104,87379726,127303
5f3f2e24662b4d34,88370,78484015,137945,88251,78517790,137945
5f4a91a76a086fb3,85606,75743930,137534,85494,75769753,137534
5f5f220b429254a6,115262,105384050,137112,115158,105410591,137112
5f6889cbf6cb4da1,117963,108066972,129599,117896,108107660,129599
5f6c62d218cc6c9e,86579,76700330,137127,86504,76730077,137127
5f73054558fee306,28269,18422267,98357,28200,18439953,98357
5f7d3de7d288307e,39446,29579883,138715,39338,29591009,138715
5f83415ed1c30d88,50302,40439741,135986,50195,40450332,135986
5fa37d8400024a70,61317,51420136,127017,61245,51462227,127017
601fa172d11a443e,41776,31921945,139779,41663,31931683,139779
602e43487707c8c0,22080,12241169,138771,21975,12252531,138771
603959de230a9ef0,106637,96780819,137579,106519,96790697,137579
60538abbbc3db91f,35597,25723201,138995,35488,25744304,138995
608413455996fa81,110299,100440768,138030,110190,100451248,138030
6087776e457dc108,46298,36432925,177916,46197,36446046,177916
608e13d18479099b,74869,65020800,137357,74754,65031258,137357
608ed983e2c3a089,24281,14419715,138507,24174,14430235,138507
60d7f6bffed96ee7,66965,57100460,139327,66852,57110228,139327
60ded95b67b58b83,69757,59900390,138050,69639,59909879,138050
60ed20b6a59840d3,116922,107060696,137638,116815,107071798,137638
610e5d866e953b62,87309,77443848,137862,87204,77457820,137862
611c55466f3e12b9,106291,96424291,137410,106184,96436475,137410
611f8d9df237f38c,74012,64140236,137139,73905,64156786,137139
6136fa35676265bd,27540,17679643,137926,27430,17690288,137926
6139e32430a96748,117019,107161085,137521,116910,107172115,137521
61476723d7d0588f,17308,7464699,120684,17236,7481064,120684
614e92f3ab90586a,62553,52700082,137962,62438,52710866,137962
616e3b402eaedba4,78783,68940247,137117,78673,68950408,137117
617edd00000fe058,53329,43438309,127722,53259,43473969,127722
618f7e3afa4812a5,55894,46043470,138081,55785,46052864,138081
61a97e09859c2543,89424,79563861,137769,89310,79574834,137769
61aa7bf3744c2107,29370,19499722,137717,29264,19515082,137717
61ab9bb1b3c2a582,63371,53478577,128463,63299,53516677,128463
61b86a04a5b5d733,117521,107681051,138327,117413,107690875,138327
61d026597ba8bee7,87935,78063847,137528,87830,78082234,137528
61f0a2dd8072653b,102969,93101003,139871,102838,93115276,139871
62031ea67a14f860,60121,50260130,136449,60015,50270714,136449
620e9dd35ce384ac,110641,100800927,137274,110534,100811527,137274
6211c20c186dd5c5,39509,29640083,136644,39399,29653563,136644
6219673769f3a925,109529,99660813,137159,109441,99674693,137159
6233d6868cd6661e,58134,48260272,138274,58028,48280254,138274
624d429c2f1cd114,13776,3880176,137986,13696,3921181,137986
625c791548c4ac36,61065,51199849,136157,60961,51211208,136157
6263d577ac4f5e26,26077,16201818,128560,25969,16222017,128560
627ab220649e4d3f,35071,25201024,131964,34968,25219345,131964
628cb53fd27ef412,24217,14343126,138232,24111,14363670,138232
62a1a82c155a6fae,16704,6843021,138662,16585,6853447,138662
62a498b3bc82b186,105893,96041132,138876,105783,96052224,138876
62aa0980007d0b4c,41623,31759789,136647,41510,31770040,136647
62b25a9831a9a70a,16426,6559516,138007,16318,6571444,138007
62b3ba406964c284,80071,70203446,137256,79961,70216313,137256
62cb6facdb300e4c,117428,107580910,137884,117313,107590791,137884
62ceb0f08e98eb0c,85698,75846976,158437,85588,75864146,158437
62def1e005c1e5c7,83077,73203490,137262,82974,73225007,137262
62ea5e4e6ea4445a,95938,86084467,139534,95825,86095684,139534
62ed20e1457053e2,97376,87482724,140170,97295,87525018,140170
62f733f34a746369,88584,78720276,137306,88457,78734177,137306
62fc53fc53716dca,47806,37922094,140480,47718,37951908,140480
6323bedf6ddbf154,98431,88563894,137571,,,
632d40f7326561ef,20435,10562749,137423,20322,10579718,137423
632dcff3838a7931,16860,7019456,137964,16752,7029862,137964
63451758905ce2dd,93342,83450003,127720,93275,83487212,127720
63874e984cf1364f,77923,68060276,137366,77812,68070275,137366
638983434f6ec408,110042,100180891,138419,109936,100191457,138419
639fc90a5d79b19d,50492,40640141,137813,50380,40650301,137813
63b77c2cf9acf1c8,37048,27200342,140818,36934,27210991,140818
63ba19fbb64f4897,25673,15819748,138675,25559,15829420,138675
63f3d1d1c41ccc5f,23967,14119506,136754,23855,14129822,136754
641cc2d1e8c4baa3,70353,60458652,129175,70283,60498085,129175
64214d3646946dda,52914,43043255,138142,52808,43059385,138142
6423fc09adc468c4,29745,19902814,156275,29637,19914575,156275
64258c05a3ff860f,63853,54000307,137870,63737,54010109,137870
64818129056db29c,87466,77603666,137888,87354,77615685,137888
648e6e4565f77f6e,25049,15199654,138332,24933,15209924,138332
64a04dc7e7e520a5,39632,29779533,136475,39518,29789280,136475
64bf9917176ab377,27415,17543331,138362,27308,17559900,138362
64c5be407d516810,71335,61464239,140187,71228,61481314,140187
650f34be80889a5f,46806,36943307,135535,46692,36953639,135535
651ab2c4d9dac3d2,70034,60163889,137456,69928,60179516,137456
654e06ef90b83589,89955,80126374,343173,89875,80159558,343213
655cea5eaf991072,104868,95020647,137036,104758,95030335,137036
65674f7826614065,57891,48040016,137761,57782,48050394,137761
656dfa30d5926d4b,23906,14058175,129236,23794,14067446,129236
65940ef292d49928,54565,44703726,139090,54449,44714373,139090
65a4cad3602cfaf9,118307,108421105,137735,118221,108453399,137735
65a543b1d36f727d,75773,65900279,137368,75668,65919324,137368
65ae655486162df0,104403,94540558,136286,104297,94550847,136286
65d60acf3dbd89b4,17207,7339638,138532,17098,7351800,138532
65dd8d308cb6ede4,57711,47838376,128397,57620,47856285,128397
6646d7a065735762,62828,52959994,136852,62722,52973847,136852
665525ba79e6aeb7,90629,80780974,138614,,,
6692696217dcd5ff,25797,15940314,130755,25683,15949717,130755
66ba0b6fe2ffeeea,14276,4410725,136837,14170,4421099,136837
66ce77dded97adad,108836,98964004,138079,108731,98982386,138079
66dc0345fcdadda4,37228,27360714,141262,37120,27373151,141262
66e712ab7ffdc9d7,110517,100660809,137351,110399,100670188,137351
66f527f8f6cb0984,52848,42979960,137261,52742,42994121,137261
671bf8c11cfdedf1,76649,66780776,138384,76547,66794935,138384
67261c783de9eef5,108966,99100912,138135,108861,99112771,138135
678185e54b72c33c,99203,89319208,129381,99098,89349128,129381
6789f6a26b4226e3,74570,64700348,138244,74476,64715802,138244
67a06ebdd6cbb7c4,81155,71280647,137191,81049,71300704,137191
67a1772e6274536a,59820,49960367,138756,59715,49971509,138756
67a749e231fa1a19,54219,44343308,139085,54112,44364117,139085
67e83444379b16a1,35966,26118891,132026,35857,26131611,132026
68004e4dae07a265,102412,92541593,137370,102319,92566895,137370
681b0dbc5450746e,17772,7899349,137099,17682,7917341,137099
681dfddfeb5a9b51,77014,67140336,137373,76909,67160223,137373
68312b6dbda0880b,81472,71604027,139144,81360,71617452,139144
68364fbc99d83413,49869,40020094,137700,49763,40030167,137700
68384a3310b0ec2a,34719,24818908,132925,34657,24876360,132925
687043fb34efd502,52133,42260295,139576,52028,42278984,139576
687d432ad9e31b54,37195,27320638,130753,37087,27340215,130753
688601042d011186,40390,30498114,126582,40331,30535738,126582
68b8921e9a2e354e,83708,73858748,127906,83599,73869036,127906
68f2c822cf62e521,66021,56160264,138558,65915,56170357,138558
68fb3d5c75cc065b,63339,53439870,127825,63268,53484523,127825
68ffe82e76bae19c,31860,22020316,139672,31758,22037840,139672
6946d4dde0b383b7,44797,34922751,136514,44699,34942277,136514
695f1bb77949a82d,63765,53903248,154427,63658,53913743,154427
69615c94878e6d4b,20530,10662599,138071,20413,10674837,138071
6975684c42872b2d,28226,18405918,341776,28153,18432949,341816
69911b1e002d32c8,48756,38902902,136015,48647,38913440,136015
69962cd3e342d734,82476,72583271,136137,82411,72658515,136137
699c6c31ba4e3008,46396,36523203,154177,46294,36542655,154177
69a10b12d2665185,68586,58640464,128754,68542,58730275,128754
69c34fb5a6bc68a3,72551,62679189,132397,72460,62696339,132397
69cb5d20501e01c2,115199,105324164,136768,115097,105348950,136768
69da8a0a381d3b0b,108998,99124217,138067,108892,99144309,138067
69f4bcc1b6533cd4,62075,52203069,137251,61970,52220984,137251
6a0cfe22137057cc,102250,92381132,138460,102118,92393246,138460
6a16e1bd81f07345,32604,22729271,111367,32541,22761009,111367
6a1ac4614542916d,108219,98344424,139502,108113,98364919,139502
6a3abcc20778dd02,17979,8119619,138329,17868,8130167,138329
6a423455bc5e64cf,67861,58020380,137913,67753,58030959,137913
6a4671612c25c0c8,99394,89511530,138012,99279,89543571,138012
6a54368d266599a7,84854,75000386,137547,84748,75013017,137547
6a645723a81d6563,96441,86580477,137365,96332,86593179,137365
6a83696f24a97e1f,81089,71220183,137132,80983,71234228,137132
6ad529090ca24349,30122,20259643,136943,30013,20270103,136943
6aedb5dc9718159e,13954,4079669,138837,13857,4099768,138837
6b108124e41beda9,62491,52643066,153696,62379,52654599,153696
6b1639e8fa13257a,88401,78520382,137220,,,
6b1fca302cf35312,21153,11283075,137936,21046,11299115,137936
6b2104a4d078d946,36812,26939905,138597,36721,26957812,138597
6b2771ca08faa1e0,23598,13722552,137212,23489,13743327,137212
6b2cabbdddc0039c,27318,17450875,154614,27214,17464631,154614
6b52f9b509b2cb90,55775,45920108,137648,55663,45930675,137648
6b59ac1de1fc6bfe,21628,11738326,130281,21547,11773541,130281
6b5f00d4fb542f66,10873,1019455,137959,10759,1030068,137959
6b62a1cd5f084ee3,29498,19639805,137259,29390,19649817,137259
6b68b0fe59e3ac9d,67739,57880246,137131,67627,57889617,137131
6b6ea1fac058aee1,107588,97701292,141299,107511,97733740,141299
6b836e1509e9d561,72149,62303788,106693,72069,62320291,106693
6b8bb91859fe8b17,81901,72040376,137030,81795,72050931,137030
6b94d7a32b2cc76a,114730,104863791,137033,114608,104877696,137033
6b9671dbbf50a321,61599,51719993,137054,61513,51744378,137054
6bb7dc55f005729e,79348,69483740,138115,79235,69493988,138115
6bf82f2ccf2fc260,117576,107712507,137752,117470,107722110,137752
6bf978575143c1b8,35722,25858581,131151,35609,25869135,131151
6c008639419af099,21982,12139606,137167,21873,12150925,137167
6c1bec7e8bfa7530,53361,43460027,128285,53291,43506313,128285
6c3e96f2e20cf436,91485,81568715,128445,91465,81651365,128445
6c43e1b85db2ee3d,54775,44903330,137184,54671,44921258,137184
6c451ff2fbfe2f6e,72733,62864116,139596,72627,62879004,139596
6c5612edf9487c6a,50585,40723458,138217,50469,40733706,138217
6c5d0ba86836d56c,31260,21399681,137974,31156,21412320,137974
6c65764a7beea63e,73817,63943676,137494,73711,63962357,137494
6c6d8e3b81287dda,58295,48434604,156550,58187,48445969,156550
6c76d2e89448cd6f,74256,64360556,129167,74177,64401952,129167
6cc7681a73ed3119,40851,30979702,136752,40755,30997004,136752
6cd0fd39fec2d9d6,57680,47807413,136574,57592,47825747,136574
6cd9ee92cee9d182,43422,33559862,137085,43319,33570723,137085
6d0c24841da900f7,23470,13599604,137462,23364,13615310,137462
6d1bb48a6e300d0f,41086,31239891,137020,40974,31250674,137020
6d79acfb3bc504cf,19811,9942684,137063,19708,9956831,137063
6d79d599bd34f883,96347,86480517,137360,96241,86497972,137360
6d91bda7cd6cafc4,60472,50606043,154489,60360,50618622,154489
6db8f1db2f5aa366,51022,41159895,137331,50915,41170316,137331
6dce6d5310dcd040,40162,30299726,137644,40055,30310831,137644
6e0deb14096b75ea,101292,91468021,346411,,,
6e196398d76c71bb,71616,61760540,138757,71498,61771134,138757
6e249cdb286d5345,70512,60620490,138642,70436,60658074,138642
6e4bbbd6ae5540d6,37580,27720518,141420,37467,27730618,141420
6e506e87db677c92,33642,23779813,137478,,,
6e7d0d8db757c055,40822,30943363,138557,40730,30967227,138557
6e82033ecd7c39e1,36217,26343966,138252,36113,26365430,138252
6e9ff4f8dc042f5f,51497,41600107,128239,51419,41641694,128239
6ea3f0a23828d6f9,81781,71940217,136688,81673,71950376,136688
6ea7348e737736ac,119256,109401303,138798,119139,109411371,138798
6eaec133133e65eb,95616,85723855,137096,95543,85771736,137096
6eba490d2ec6ef23,9977,62271,137375,,,
6ebffd3118636cca,61413,51519697,135229,61339,51559238,135229
6ec13dfa98d0074e,118943,109080899,137784,118836,109090996,137784
6ef2d92273b029ac,59010,49140238,138803,58904,49156120,138803
6ef71cca8a49784e,96315,86443788,136051,96210,86464510,136051
6f1dac4fc1ee5b35,97030,87160531,137173,96928,87203705,137173
6f34c8acc51ab39f,55254,45358786,129714,55181,45398771,129714
6f4d8f9fede67249,40195,30323108,138051,40087,30340556,138051
6f669dff937103e0,22664,12763954,130132,22594,12809728,130132
6f6ed7508aa888df,25018,15171249,140087,24905,15181362,140087
6f714774cd63a859,97623,87743885,138441,97531,87807047,138441
6f73a6ac126e7aff,49311,39429694,128245,49241,39456385,128245
6f77b76ed4f392b0,14374,4503331,156229,14268,4519784,156229
6f81f9476bf24218,16916,7042747,137886,16810,7061036,137886
6facafbcad7c34be,61806,51943336,137578,61699,51953533,137578
6fb1f07b5194caa6,112506,102661142,137489,112394,102671915,137489
6fb6cd452bcf3875,26422,16538008,128354,26355,16567805,128354
6fbf7373eac9473b,106850,96981080,140238,106745,96995350,140238
6ffc42a34c30ba5d,95366,85460706,128252,95310,85586111,128252
70276e423728204c,35533,25663945,140129,35427,25681099,140129
7042af66fe962f8e,57742,47861928,138957,57648,47887202,138957
70568cf80e058d91,34780,24878998,132083,34713,24929290,132083
7060493e938ed208,54000,44160041,138554,53893,44170172,138554
7060d5b1643bb332,53875,44020428,136768,53759,44030210,136768
70950bfb09336534,64358,54483327,137320,64247,54504962,137320
70b909280515d75d,85005,75161319,138565,84899,75173232,138565
70be00f427337a8d,111139,101265106,130509,111066,101284674,130509
70c8c87435897096,51240,41362781,113858,51169,41384049,113858
70da0492763a5d02,74720,64858699,128311,74612,64867613,128311
70f68627a0bb0b89,48936,39063091,137086,48831,39081545,137086
70fd4a349d1e6a27,44014,34138665,130309,43908,34159332,130309
7124dd3130d58e7f,24840,14960116,129785,24742,14984759,129785
713caa98331a445b,91453,81546854,128245,91435,81650327,128245
714db12530e45e0a,26012,16149808,129117,25905,16159041,129117
71616f748f38238f,27725,17880019,138869,27612,17889809,138869
7190d5a53d2446ce,68616,58662408,129401,68569,58761606,129401
7196e0088809f4f4,83860,73982537,140502,83755,74011070,140502
719f852386316788,97562,87684057,137088,97473,87713677,137088
71b77351c8f309e0,26389,16502989,129993,26323,16534961,129993
71c86c4f898cf33a,25079,15222918,137677,24961,15233109,137677
71ca4a62c67605ad,93686,83803939,137317,93600,83832305,137317
7250183022352518,12642,2779603,138932,12533,2789822,138932
729357fb81ff58fa,94729,84880751,138443,94620,84893586,138443
729cd3af79b59c0d,60088,50219917,136012,59982,50233701,136012
72bfb178876b7ffe,71206,61340782,141089,71100,61352127,141089
72c3bea0de99f819,42808,32939653,136874,42714,32953846,136874
72cb4add3f300a13,33104,23219781,137939,32979,23254290,137939
72d18e7d3ddb0fd3,46683,36818151,127494,46575,36828243,127494
72e26a3f6ee5d196,13555,3658037,129423,13485,3700758,129423
72f68fa70dc06c0f,26614,16719422,128291,26540,16759046,128291
72f74af86544f4c1,25140,15299694,138293,25033,15310507,138293
7303c82b459f2ab3,119132,109264356,137768,119020,109277882,137768
7310cbf1fbc16d58,88793,78943563,137472,,,
7315bc4de8e9f07b,46745,36878351,128199,46634,36889426,128199
731721fcb04582ec,109095,99265891,338258,109013,99293907,338298
732017d058c6296a,51117,41260090,137615,51008,41270721,137615
7325243215a0c971,59731,49860204,137594,59636,49876697,137594
73382c38532e392d,13298,3423171,137543,13192,3443829,137543
733c0521abd77d31,12415,2546042,158082,12309,2560994,158082
734fdbcf1c834954,28351,18466194,129983,28282,18496827,129983
7352c7f21d743dc8,106194,96335226,157224,106088,96346706,157224
7367d5119a3d0914,45030,35183868,137274,44924,35194288,137274
73d2527e1de925d6,29208,19339658,137259,29103,19353074,137259
73f567da69750386,50174,40303066,137909,50067,40320044,137909
7402356ca9a96f02,37705,27842538,137273,37587,27852545,137273
741db286d6f0dd69,29466,19599716,137854,29358,19611456,137854
742dd73bcbbed41e,53487,43598727,129922,53410,43631944,129922
7447520e01659538,52728,42880408,139046,52618,42890653,139046
74493ff6f1f7a8b3,98239,88364285,137964,98135,88411002,137964
748055d9e4f77e2c,25643,15783207,138120,25530,15792939,138120
74816bd060ea882e,22983,13119841,137966,22876,13130117,137966
74c2e54e27960576,94606,84743661,136908,,,
74c75b46c7924b67,80579,70700401,138040,80503,70725432,138040
74caee6e3395f7c8,87967,78100491,137903,,,
74ccda8f82c39afb,94761,84920656,137549,,,
74d65fa0a933d32d,84022,74160786,138786,83915,74174381,138786
75031dabaaf57775,60564,50703051,136954,60448,50713425,136954
751cf97f91d0bd58,101197,91301304,128954,101103,91354152,128954
7531bcf83617b861,118185,108301148,138486,118109,108330243,138486
754ae88aa9d8874c,115749,105881078,138848,115644,105894301,138848
755a52e4acbb61f8,60871,51000178,137981,60769,51016002,137981
7580efe3de7fb462,14691,4822648,137769,14579,4836451,137769
7584e2356ed34ea7,15348,5500816,99513,15269,5518196,99513
75a0138bbaca5b09,21407,11518259,129817,21337,11552502,129817
75a205b16d5ffa13,58574,48720101,137676,58456,48730098,137676
75cab870122aad0e,33268,23423005,156300,33161,23441781,156300
75f167f6383e3480,76151,66266754,129627,76078,66296781,129627
75f8e2584fc07445,15686,5802947,137661,15600,5832426,137661
760b60d7efe99b0f,100383,90520811,138492,100276,90533239,138492
7632552dda906f45,90327,80443691,137062,,,
764e2322bde1b373,83925,74060388,138194,83820,74073396,138194
765907fcbbd6d1b6,26044,16180101,140618,25936,16190696,140618
765c282d3b53e6ea,114042,104167359,128275,113959,104186768,128275
7665f4d378e4d542,117116,107243990,138092,117004,107262046,138092
768b295e97642d3e,82719,72843121,136629,82637,72869416,136629
769f2addd6b838bc,104209,94340459,136927,104104,94355277,136927
76a9bd3ec81ac9ae,103448,93559332,129764,103385,93594514,129764
76affe42288b1ab6,96154,86283853,155757,96051,86326768,155757
76b5e6408ae7d708,69216,59346274,153673,69110,59362261,153673
76ba5f3463d43e5a,52166,42302927,155222,52060,42314911,155222
76c6b5df11143507,116642,106801053,137204,116534,106811283,137204
76e48668774675e2,79285,69425830,136315,79175,69435872,136315
7704c5acf40491e7,41402,31539799,137778,41295,31549790,137778
7705113157c6c95f,78241,68387792,350718,78168,68417271,350758
771834ab6b51d7cd,104371,94500690,137892,104265,94516435,137892
77225d3ec90f4538,51681,41802553,135638,51588,41826214,135638
774e0e916cd6f6ce,72913,63063736,138133,72806,63074216,138133
7754a3068879ea20,57525,47638544,128777,57446,47670105,128777
775555e54d0cb620,90451,80580622,139127,,,
777576eaf8d80658,20176,10307014,156209,20069,10322326,156209
7776b5b09c9dd2e9,75621,65780413,137900,75513,65790689,137900
7788f3e9a2671883,16394,6522666,137244,16287,6539440,137244
778e981ea2b63957,61538,51659850,136063,61457,51683561,136063
7795e12d6226d8c6,70417,60518673,128370,70346,60562359,128370
779ec3803defdc7f,75086,65220303,138236,74980,65232466,138236
77a8c514700e78bd,91869,81980347,137015,91791,82015813,137015
77b27cb6ee60fa82,32969,23059822,137862,32858,23119425,137862
77c6214911b0dbb3,107239,97362549,114766,107178,97383522,114766
77c81b94a8045dc2,44471,34561672,139045,44410,34616941,139045
77cfe95b8323d4ab,26977,17119811,138520,26867,17130358,138520
77e0ec8baadd83c6,114787,104940704,137342,,,
77f5e1c504e7c089,115629,105781094,139146,115517,105791442,139146
7809518cb07279d1,77332,67463597,137293,77220,67477101,137293
7811b59d4432768c,14906,5059362,137555,14796,5069824,137555
7832cfc59d29abce,34750,24841148,131947,34686,24896922,131947
7834a1cae0b920f0,77793,67922359,127492,77685,67937912,127492
7838e96508912839,70066,60200192,137499,69960,60211037,137499
785e0303b7dbde3b,24930,15060012,129324,24824,15075101,129324
7884296052b18421,56959,47083268,138268,56852,47104555,138268
789ebb906b52186c,56646,46798376,128056,56531,46807956,128056
78cdb1af75959e7a,38950,29082928,137850,38843,29097395,137850
78f8fc22b282840a,105279,95405249,130943,105213,95424795,130943
7918584d7694d639,93502,83604135,136798,93430,83647489,136798
791cc654d1bc93d0,90233,80340965,128832,,,
792aba139787b6f9,71894,62020570,138626,71788,62039210,138626
794df45abbf3bab4,44143,34334233,390691,44084,34364979,390731
7951301ccc0b0361,87215,77343630,137292,87113,77363562,137292
795ebf0191010562,68988,59120294,138155,68878,59133214,138155
79690eb2fe0af967,77454,67600394,137790,77337,67610504,137790
796f3e981b3c54f7,40066,30199790,138039,39960,30211492,138039
79af5c128cc829db,70288,60403361,127916,70219,60433175,127916
79bf72f456064634,26312,16461184,76152,26245,16482962,76152
79c39b8e379848d2,100942,91080575,137485,,,
79d9146da032db3a,32079,22202805,137700,31980,22230576,137700
79ef14ebf08769d5,20746,10899616,137979,20633,10910039,137979
7a02dd8721fcf6c5,107764,97884491,138835,107666,97909890,138835
7a067c740a2ace3e,115324,105460699,137471,115217,105476010,137471
7a16ca79189bfc62,73263,63400544,138423,73153,63410648,138423
7a255d5b0f6c9037,74601,64722027,128446,74504,64746188,128446
7a28f91367fb7ab3,25422,15559651,138006,25316,15569305,138006
7a8e9af4d66926c2,31643,21786221,155473,31532,21799585,155473
7aa3b5f5fdbe04f0,80164,70347253,345757,80095,70376202,345797
7aa420b594db3ad9,73451,63583792,138355,73334,63596530,138355
7aacfab591ee8380,57557,47678451,128570,57476,47702281,128570
7ab2db649d8794cf,61033,51162921,137299,60930,51179197,137299
7ab76796f73af1e3,71958,62086108,130864,71852,62103252,130864
7abf5567234d0906,26918,17059706,137478,26815,17070482,137478
7ac888277f736436,90072,80186995,129174,90000,80220347,129174
7acf5fdf6527fdc7,76560,66683650,137566,76467,66706170,137566
7afd6b3af9d462ff,55382,45499683,113220,55305,45525936,113220
7b0b761099e7bc8b,49840,39979923,137739,49737,39990301,137739
7b2359d910e17e12,92989,83120467,136805,92888,83136191,136805
7b427645dedd4244,32884,22959703,136936,32788,23040520,136936
7b4cae219a482a50,55805,45943450,137298,55690,45953398,137298
7b61b6e29e5431b1,116436,106564278,138363,116338,106582804,138363
7b9480dfb349eca3,38742,28859872,137264,38656,28887955,137264
7be0b6ec3ce90600,74159,64284291,129780,74080,64303857,129780
7bf9a0e5c1ca07e8,46150,36299941,138106,46033,36310237,138106
7c0b4083200aa64e,35659,25799956,139420,35549,25813114,139420
7c1182d71fef366d,48694,38839837,136942,48577,38850047,136942
7c2fe54dfc618fa0,115070,105200584,136714,114970,105245554,136714
7c32e0e002f59338,27847,17999603,137112,27736,18009640,137112
7c4221510fb23c8b,114384,104444490,138709,114284,104529436,138709
7c61b2c5793ac85e,18632,8779535,138480,18519,8789485,138480
7ca916d8fc91b7d0,53425,43538478,129152,53352,43569358,129152
7ca9cab24a787580,41120,31279740,137183,41013,31290325,137183
7caa446f73251dcc,44246,34369453,112582,44192,34389911,112582
7cc3ff9dc89b6d9c,29241,19387598,182537,29136,19401503,182537
7cc4f5839731c61a,72489,62601287,132177,72401,62634529,132177
7ccf7dc4fda4bc44,41338,31463109,138601,41232,31483582,138601
7cd5df14cf8ce247,64946,55080169,137647,64841,55092117,137647
7ce9a38e66798a32,67323,57430264,129919,67256,57467719,129919
7cfd340c690f6777,44343,34438062,127451,44288,34488018,127451
7cff4fa8fcdfe016,79190,69323414,137433,79082,69335381,137433
7d24cda596cb7e80,81998,72123546,137046,81891,72143377,137046
7d343fe89781cf90,113805,103983552,136317,113717,103993898,136317
7d404d05b57487df,15960,6099443,137547,15852,6109102,137547
7d60c0927fd64879,96121,86243669,136837,,,
7d62c337ba4219a5,84435,74540900,128917,84369,74584259,128917
7d72bc040fd9d840,110139,100283528,152068,110033,100295001,152068
7d94fe32a10a7066,100321,90460627,138582,100217,90492914,138582
7da456b1b7036e54,111490,101603895,138209,111404,101635427,138209
7dc680c41688c0f9,48189,38319603,136606,48085,38335094,136606
7de405e020c1e218,95188,85340884,97463,95124,85400086,97552
7df370104e98bfe6,64605,54760628,139594,64494,54771687,139594
7e1c09b337105d75,20895,11022722,136361,20790,11040742,136361
7e23cfaf62c8039e,101851,91960678,136609,101788,92002448,136609
7e24a12ea86549f6,98554,88700504,137593,,,
7e274da8011464f5,54410,44543719,138173,54300,44555857,138173
7e31a663678c1df9,27100,17259923,137766,26994,17271839,137766
7e47b8da9b5c608b,73882,64020309,136473,73776,64030346,136473
7e4b87e9f6aaf04f,65364,55463617,136201,65293,55509700,136201
7e5740f91db12f2f,22785,12878689,129494,22704,12930711,129494
7e582e243d52e3d7,31673,21819223,135287,31561,21831700,135287
7e5ae56541bec7e9,94194,84326936,156058,94089,84341660,156058
7e5e9723781dab69,35501,25640244,139011,35395,25652915,139011
7e642d40fa670c9d,74075,64245656,340339,73992,64272510,340379
7e80214d6ffe6fbc,34870,24978748,131408,,,
7e86a2d408f707fa,86334,76438950,128787,86277,76481207,128787
7e94af68867264e1,75118,65243595,138105,75012,65263652,138105
7e98ccf58956a500,61895,52043167,136774,61784,52052714,136774
7ea7af0dba0a3a13,85226,75360302,136696,85125,75372741,136696
7eb0ef82bd592cf6,61985,52139971,136654,61874,52150168,136654
7ec4d3d73b247386,54154,44289392,154677,54048,44300457,154677
7f16be878c60c249,36658,26780087,139527,36579,26804696,139527
7f2d856db8bcc571,66837,56963148,136310,66727,56983072,136310
7f6e9a12cfd0c9c1,110730,100860546,136532,110625,100876124,136532
7f74e1a026dd6927,29591,19723059,137449,29480,19736677,137449
7fdb3ff01c2772b8,112597,102744256,137533,112488,102754573,137533
7fe1bdf16266fc57,83741,73899210,129231,,,
7fe2e848a4835573,118600,108744327,138323,118482,108755030,138323
80048fe8f9009465,84884,75040627,137315,84775,75054659,137315
8014276c807b0e0c,113776,103919734,138746,113659,103929214,138746
8023acf9f20b2ff8,78637,68779120,129348,78531,68789525,129348
80315dfafe536c88,31827,21977877,126888,31715,21988595,126888
803ffa136b3a8504,41241,31387594,181143,41135,31401269,181143
804441049301603a,82689,72820075,136367,82612,72864105,136367
804ffa428b268aaa,79976,70103233,136380,79868,70121464,136380
80662c8e8204743c,33863,23999647,136972,33748,24011016,136972
806e304c9f387e16,69015,59160310,137882,68902,59171169,137882
80757f2f6eccca64,80907,71063497,137535,80796,71073980,137535
808e55fd5740f2f4,66465,56603031,138094,66349,56613754,138094
8094d1e00ed47634,103607,93719467,130942,103535,93753698,130942
80bb62e297d96b69,79750,69881383,139237,79645,69895314,139237
80bcd041573795eb,98741,88900651,137380,98637,88916289,137380
80c74efe9ded83dc,102161,92320343,136444,102065,92334367,136444
80d1a10796e38494,103512,93619227,129154,103446,93659441,129154
80df7a814ac26751,43293,33422991,138256,43191,33441099,138256
80eb813a103b53c3,27286,17424812,157033,27181,17436575,157033
80f42cbac21d4cd2,32571,22701041,113697,32512,22760246,113697
810b75652c785708,83958,74083437,136620,83852,74106346,136620
814482805492220d,61777,51920040,137936,61673,51929927,137936
81465e10227d702b,77641,67800339,137762,77533,67809948,137762
81582b8b7f12a76f,84528,74640445,137237,84454,74677875,137237
817843f69af9b8a2,42692,32802696,136584,42613,32837380,136584
81ad42821de15a9a,40326,30450932,128510,40267,30470996,128510
81ba59e14735bee4,45495,35601216,91848,45489,35637764,91848
81ed78c45db47265,88763,78920323,137626,88655,78934519,137626
81fcee66522155e1,57212,47386300,344353,57133,47413338,344393
8205584461d0be25,75677,65803573,137154,75571,65822220,137154
8211525064766291,96837,86963431,136749,,,
8254f0095dfdce6b,72023,62161210,141864,71916,62171706,141864
8254fa2b46f7c688,117051,107184361,137611,116941,107196816,137611
826b098bb23f79de,110203,100340729,137925,110096,100351302,137925
826bf722334df904,94481,84620491,136769,94370,84632331,136769
827d8dac5bc91f18,15654,5779723,139077,15570,5799989,139077
828b01291fd76474,42349,32449907,127508,42293,32494251,127508
82915d58020f051f,63404,53518857,129114,63330,53549322,129114
829ed03e69877781,56554,46698558,129154,56439,46708022,129154
82a527835142e17c,55507,45625006,110979,55422,45651275,110979
82b8ab43e7958acc,59670,49800191,138260,59581,49816409,138260
82ba8abf8989ef14,49130,39259979,137479,49024,39276299,137479
82cb00f278e4460f,61507,51620069,136887,61428,51652834,136887
8302d5debcd7a7cf,85041,75200248,137691,84936,75215025,137691
831a3f3c59b8908b,76981,67103282,137223,76876,67126662,137223
8334ce7994050aaf,75434,65580244,137639,75319,65590458,137639
8348b0a0a024bd3d,103575,93681357,130052,103506,93723899,130052
83500be8b6d4a020,108748,98900734,137215,108638,98911190,137215
835365bb7315d1b5,32188,22341302,97773,32134,22373908,97773
8354bcef8a698955,79880,70020381,136965,79773,70030323,136965
835de31a6510c346,78843,69000132,136279,78735,69010359,136279
83678874bc4c6a17,20685,10823039,137277,20568,10833176,137277
83785d1d46d51e3c,45560,35620280,111883,45549,35704028,111883
83f52b1fa413252c,59610,49722070,139579,59526,49755878,139579
841c900d9c4bf7b5,64069,54200237,138731,63965,54214672,138731
842dfc50e32658f7,27755,17910887,136778,27644,17920380,136778
845924b9a4ab6c08,111019,101160713,136418,110910,101170165,136418
8464fb106facc8f5,50677,40823583,138904,50565,40833578,138904
8499ba2ad0895266,13925,4042814,137647,13830,4069819,137647
84b85bff42eed41f,50366,40500085,138186,50257,40511721,138186
84dd2d96209fb7fd,101613,91737944,129497,,,
850d7f8e6adc17a1,94226,84360177,135129,94120,84373513,135129
85114bae8b60e0be,34462,24589205,131233,34408,24635446,131233
854c46b84b4093a5,43228,33361938,149369,43126,33376148,149369
8566c343163057bc,84467,74580875,140130,84398,74614006,140130
856cc4d12da54adf,111881,102040923,137758,111774,102051807,137758
856ee31af90eb250,112782,102921013,137715,112675,102931966,137715
8588ea245c3581e6,65900,56059987,136806,65793,56070011,136806
858d41f534791955,74901,65060417,138456,74793,65070652,138456
85b914ee0671db67,46620,36758679,128991,46514,36769102,128991
85ce3d8ba899d893,98142,88280677,137138,,,
85da4299253c92f3,42509,32599765,127410,42447,32653735,127410
85f1842c78f29b84,89608,79760290,136791,89500,79772131,136791
85f48f76c7345b0c,92623,82760394,137060,92514,82773091,137060
85f4c8de19fc0a92,102849,93000587,137331,102745,93011668,137331
85f9673cd9bb1498,48067,38219908,137279,47952,38229522,137279
85fc9627305f37a7,78079,68204682,128624,78009,68224048,128624
860414caada9d757,44408,34498004,126808,44351,34553454,126808
860ccccfcae0d311,48968,39099781,137101,48863,39114185,137101
8613244a64971d04,30311,20427035,129570,30243,20456988,129570
8617f6d7547a5e13,49066,39199669,137011,48961,39212018,137011
862d6f75b6dd25c1,54720,44880086,137852,54614,44891227,137852
864bfe7e36dc7290,52697,42843116,137731,52587,42853624,137731
864dbd21da9ec7a2,101765,91860575,137688,101707,91955114,137688
864fa94c1674aa42,53296,43400072,127744,53228,43441435,127744
867c0ba486ca6c5e,63558,53679959,137257,63473,53704514,137257
8682cb896ce07a6a,85095,75226692,156165,84994,75245936,156165
86ad480180da3364,106041,96200548,136778,105933,96210919,136778
86c22d74963cdc99,58979,49103050,136453,58873,49124576,136453
86c3bc441639c386,86043,76227166,346676,85981,76267199,346716
86d8c927a32b63da,25860,16018312,130430,25751,16027984,130430
870588a6fa9fdb25,34688,24781168,131109,34629,24875523,131109
870873a4d84ff0ef,105022,95160536,135876,104916,95171022,135876
871fe79f0bf70f50,94129,84260313,136876,94023,84275886,136876
87300d9226f67bc7,51916,42063223,137616,51800,42072834,137616
873504a51935f6e2,77987,68166135,338888,77911,68191923,338928
8746008df2cfd568,93277,83402594,128986,93210,83422533,128986
8753451344cb243e,108187,98320827,138000,108081,98332829,138000
8757f723bab12d9a,70480,60584035,138118,70406,60625549,138118
875dba5585901e63,66053,56190757,180464,65947,56203172,180464
877247fe4257a844,109404,99519580,129759,109323,99549368,129759
878e7fd8df80b2fd,37980,28103461,139473,37875,28125450,139473
879aade5003b2124,116702,106860774,136725,116596,106871109,136725
87bfafdd20ebfa91,14784,4922748,138354,14668,4932729,138354
87ca4162a5de2a0f,74989,65120331,137672,74883,65133808,137672
87d4f7fe76258245,70841,60980765,140187,70734,60991525,140187
87dddb997a800aca,112814,102944195,136966,112707,102959464,136966
87de0eb40ca0f55f,21503,11618432,130168,21430,11706458,130168
87e21b74457da213,99759,89900371,136552,99638,89911283,136552
87fb1b4db987d727,78519,68638828,127896,78426,68664595,127896
87ff3d764a4040d6,34592,24680429,129980,34537,24750584,129980
881549697303d100,35813,25958981,132810,35696,25970356,132810
88842f041b5b2d0d,15000,5159483,138260,14893,5170162,138260
88883d846d128ca0,62616,52759949,136098,62498,52770829,136098
888bb35be1d0d29a,104529,94660641,137068,104420,94674799,137068
888c51d0207bf9e8,17741,7859909,138505,17654,7887006,138505
88b3f03ea8d22385,53199,43325253,129849,53132,43344864,129849
88ccb7b1e43a7aaa,102633,92780774,138066,102539,92796495,138066
88dbd2abc4fd07a9,118091,108199448,129755,118020,108235808,129755
88dff6d573ea15f3,27221,17342858,137280,27117,17366782,137280
88e799e5ef85dc0a,78579,68700312,127278,78480,68724387,127278
88f60c7c58fab528,47979,38120063,138268,47869,38130183,138268
89082e21f4bff32f,51305,41418675,130153,51233,41450010,130153
890ae6ac9fb54f6c,101331,91492684,98516,101237,91513201,98605
891ddfd0c0c7f631,46331,36465996,173340,46230,36479026,173340
891df5bf368a448c,107793,97921872,140133,107692,97938740,140133
89385645608eea62,97952,88103973,137561,97849,88115195,137561
8947e52fc6801ab8,73666,63820615,139914,73553,63830379,139914
894f8722df319e57,36750,26879870,137305,36665,26896546,137305
8968ad0b69031624,15397,5522755,129211,15319,5542387,129211
896d868db61e4a7a,108409,98541292,138223,108299,98555194,138223
8988b40fceae3009,104083,94241000,139623,103976,94251757,139623
89af292e53aaa028,36563,26678166,128749,36487,26708056,128749
89c01cfbb7c9f77a,48602,38740081,138604,48489,38750832,138604
89c7168971e23eba,58452,48582328,140903,58339,48597675,140903
89cb8049588cd4f6,67768,57920169,137148,67654,57929657,137148
89df8c2d1f7652aa,51651,41779645,136591,51561,41796006,136591
89e71b6ee23e386d,27880,18039928,139613,27773,18051018,139613
89f28336b626d0fe,12321,2479640,138528,12215,2489168,138528
8a28e183317c7aec,108251,98381163,140405,108144,98396854,140405
8a403a550d405d34,10198,322978,140131,10103,344031,140131
8a44a578bb53759c,52881,43019949,136283,52775,43030418,136283
8a54f0b10f30aa1f,82444,72560332,137265,82382,72657379,137265
8a5b0f8a8f743ded,66901,57040471,139065,66790,57050919,139065
8a666876c4438026,45221,35344627,136453,45114,35366924,136453
8a668b1142498c17,115293,105421139,138317,115188,105440762,138317
8a736b7fccddcfc8,85761,75920633,138681,85654,75933402,138681
8a8ac53a308f6250,20592,10740125,138968,20473,10750476,138968
8a93f3b212011428,81410,71543718,137791,81300,71556167,137791
8a962a4003ae0dba,92177,82304172,138502,92075,82324833,138502
8ac2ed5e15a14767,38174,28302977,138025,38066,28319133,138025
8ac9c6db4a8a5698,102601,92740499,136857,102508,92757466,136857
8af0c98bbc71ca5b,105504,95601160,128999,105432,95649547,128999
8afbad23534f88c6,39969,30100073,139112,39864,30114844,139112
8b1fe791be11be79,55476,45593963,112192,55393,45620679,112192
8b4289b75b32b1aa,12577,2703133,139366,12469,2722509,139366
8b4661b8af39dc41,21806,11939357,137258,21706,11951420,137258
8b485aeb75aae120,116407,106540964,137077,116312,106552165,137077
8b4eee0d68ef7013,86011,76140669,138010,85907,76158562,138010
8b626db08b0910ca,66309,56443090,137371,66199,56454935,137371
8b7468d502c70332,18381,8519628,138145,18276,8529943,138145
8b9d12d915577627,91923,82040853,136867,,,
8bb40d27c598c1b2,36871,26999783,137203,36775,27016606,137203
8bfbff98aaaf704b,100195,90324002,137689,100092,90341833,137689
8bffc801f1e35ea7,36000,26158651,131214,35893,26171689,131214
8c081a9438729362,54186,44319788,136344,54080,44331671,136344
8c20e68ab4f2a161,86140,76262471,112035,,,
8c25c19e8f29faed,69410,59543686,138193,69304,59555955,138193
8c2848a37ec5f8d8,79472,69620256,136461,79355,69629719,136461
8c395764447627c2,82777,72920042,136282,82691,72966781,136282
8c39c5cb1e54c8a2,44624,34722765,138021,44549,34769779,138021
8c429a73ffc004d2,47658,37758418,129254,47587,37802626,129254
8c681e7df5f22cb7,105598,95701511,129934,105520,95742480,129934
8c6d6445322cd1b0,112475,102620669,137563,112358,102630868,137563
8c76631122d510ea,18038,8182714,137683,17921,8192750,137683
8c9dccaace2f9478,68111,58239099,137988,68005,58257584,137988
8cb5c1c1eb759ae5,31044,21199796,137816,30935,21210515,137816
8cc48e1872807bdb,114650,104763893,137871,114527,104795758,137871
8cf8b1a2c92e18ac,109651,99780639,137107,109553,99796210,137107
8cfdd1ad9b89fb3a,61097,51223057,137153,60992,51242429,137153
8d1903819c7058c3,34077,24222973,137887,33967,24234386,137887
8d2f4b9d5d742fc9,53786,43923791,139163,53679,43933674,139163
8d52db0b331df109,89990,80142779,98889,89918,80170408,98889
8d6399f0702b91ae,34810,24918908,133073,34740,24957727,133073
8d71e7442929c21d,117641,107764421,138531,117535,107786631,138531
8d78e705c4f75933,102571,92704101,137955,102477,92728666,137955
8d7f9debaeacadc8,65722,55860209,137052,65617,55869991,137052
8d85d48da1904101,99170,89285510,130009,99067,89317267,130009
8d9d37a66fffeaf7,33326,23479769,137609,33224,23492134,137609
8d9d5904245aaa72,104435,94563546,136244,104327,94580172,136244
8dadcf48759c1c00,34016,24170907,137352,33905,24183878,137352
8dc8b1c48b5e6c80,32824,22897713,138010,,,
8dd047b80616c1ae,68396,58509703,128668,68364,58540848,128668
8de8f0b58ade0c52,12083,2219694,138295,11977,2229879,138295
8e0e77faa3dac8b4,17361,7486543,128974,17289,7510955,128974
8e359e7c7114f97b,61170,51323000,97693,61099,51341044,97693
8e3e823e70abc991,91700,81780385,137068,91657,81849123,137068
8e3e9fd4d7937740,22696,12786644,127636,22623,12840846,127636
8e3f0a6e12572daa,99488,89603801,137034,99367,89636188,137034
8e43cc7883f4fb17,11240,1380041,139455,11134,1390663,139455
8e5107dc567ab983,69601,59740159,137832,69490,59749743,137832
8e787eaf0f3df52c,25549,15681855,129886,25439,15693843,129886
8e7e7c448f818657,96781,86940301,136921,96675,86954277,136921
8e922c6f747b768c,56740,46900046,136627,56633,46910750,136627
8ea61f1e3ba4a8c3,84244,74348043,128980,,,
8eb5e22afbb0e58e,65139,55264239,127475,65074,55284205,127475
8ed1df7577b38320,70958,61104083,138123,70845,61115059,138123
8ed3bc63c94b4714,73727,63880424,137118,73616,63889767,137118
8ed6802d2cc4743a,21657,11778186,130208,21574,11803282,130208
8ee3619a2428b2df,14937,5082614,137918,14827,5092658,137918
8eef14e3ba2610b2,85914,76043895,139043,85810,76063276,139043
8f0d542a98587925,64815,54943369,137583,64710,54961548,137583
8f25538aae4f9434,11995,2119641,138767,11899,2140583,138767
8f2b72dbba104dc1,117397,107540864,137400,117273,107550372,137400
8f2b81e34675448b,84588,74703453,137577,,,
8f2e03e637b01649,114356,104421085,138210,114258,104501679,138210
8f5aeedb0f78e3b8,43261,33399681,135934,43159,33410360,135934
8f61628c621a943a,106818,96952970,138235,106713,96963537,138235
8f6565fd6ea8f1e0,79661,69820975,141556,79553,69830832,141556
8f9273be1bfee072,79159,69300227,137124,79051,69310338,137124
8fde7092863e2c4b,70001,60140549,138848,69896,60150609,138848
9015c8e140f531d5,25261,15403362,137829,25156,15414250,137829
9041c89c20467870,72200,62323643,117222,72120,62344726,117222
905d8413aa7d3889,89890,80020410,137072,89788,80038035,137072
90619dd19ca9843a,29402,19539800,138591,29296,19549862,138591
906fc28b89b91a31,29529,19672141,136835,29420,19681867,136835
9078d039e2b710f7,94849,84980523,138154,94746,84997949,138154
908f86157b9e2037,92957,83083661,137174,92856,83106728,137174
90b035a7a99970d1,84498,74603954,137004,84427,74647041,137004
90c32fb56c34ba8f,16330,6462712,156720,16224,6476999,156720
90ca10559301522b,96595,86740654,138445,96481,86753190,138445
90e831048381c459,14157,4302874,138174,14044,4313003,138174
90ff07181ee67310,82349,72458730,128205,82289,72564748,128205
91175e58b2275b8d,35628,25760566,138549,35519,25775326,138549
9121bab23dd3389c,118540,108684150,136798,118428,108694754,136798
9128c0901915edd7,32110,22239719,137421,32012,22260319,137421
9160ac6773c38629,49959,40103219,137164,49843,40113289,137164
9184bd2d8e404063,115847,106025685,335064,115771,106052021,335104
918545f397a87e1f,33738,23878743,130357,33630,23890906,130357
91c2c9f482baf80e,37019,27161657,128751,36907,27171050,128751
91cf86e956361c4d,17269,7444625,333704,17192,7472839,333744
91dcc0216ea9ce8b,100846,90980408,137093,100745,90995942,137093
91ddd0eb224124e7,32701,22789265,129314,32625,22849453,129314
91e3ae7489ab60fa,89047,79183675,134626,88942,79217498,134626
920156d97fdf7dae,95763,85900597,137181,95671,85917988,137181
9217f47af9c1a536,36720,26839938,137854,36637,26866021,137854
9226690796df5871,99054,89224838,328562,,,
922f8e1c44798b62,74509,64638730,128603,74420,64655080,128603
92339fe4908c3094,95236,85362827,129548,95182,85400942,129548
9241dc1294106282,27066,17219578,137008,26952,17229090,137008
927762e31a188700,88824,78980394,137580,88719,78995184,137580
928bcf444dce963d,16735,6880164,137666,16615,6890659,137666
92c3073d8fb20428,57397,47518703,128838,57322,47541923,128838
92ff678878a36072,104274,94404254,152857,104169,94420191,152857
930f50df8b11af8b,41027,31179648,136804,40913,31190435,136804
9320053c0f20eedd,103728,93844113,138375,103646,93880057,138375
934f49776700d889,97771,87920512,136720,97664,87931958,136720
935ebfcffabddc5d,19404,9519538,127126,19323,9549775,127126
9369be52b8678882,21440,11540586,132029,21368,11587630,132029
9378cd4e5d307c51,112628,102780708,137432,112518,102790669,137432
938167c58ff343e9,63735,53863481,137969,63631,53880984,137969
93a54ab86282f975,54503,44640675,138992,54389,44651655,138992
93a9c22adbe8d0be,43012,33171123,137291,42905,33182404,137291
93adf2cb3949502d,104776,94921076,138148,104656,94931313,138148
93cb68e5e1353bc5,106574,96721043,139387,106460,96731670,139387
93d1f7612e608d9d,114297,104354510,137985,114204,104442178,137985
93d7e4437febd249,16266,6399322,137171,16160,6411383,137171
93d8eda0c813b3dd,74320,64438622,128550,74240,64466666,128550
93fca0ab022cfae7,17921,8059687,138920,17815,8070547,138920
9414b42c8d740adb,32941,23023268,137839,32835,23089634,137839
94190862fd7225be,110330,100464058,137694,110220,100476147,137694
9424eb25cf952123,119038,109181275,138400,118929,109191671,138400
944f08a5dfee8c68,89729,79863936,157466,89627,79876561,157466
945044a3eeef18c5,106729,96881196,139720,106617,96890983,139720
9456a8fdd378d3dc,76029,66206014,336681,75952,66232335,336721
945b6697b31d4b6c,30807,20939949,138769,30707,20953662,138769
9475b7feda7a8a48,33240,23379768,137925,33115,23391841,137925
94796fb2cb4bfd15,96409,86541147,137175,96302,86557100,137175
947a9903dba5ace7,15748,5879626,137428,15659,5893907,137428
947d3cedf290f8c1,58199,48323383,138234,58092,48344280,138234
948046072c8a49a5,38681,28799761,138056,38600,28827086,138056
948068df3a522829,15840,5962946,139481,15744,5986348,139481
948b586c260c4547,45848,35911054,136318,45782,35993134,136318
949b24e0512a455e,58326,48458567,128923,58218,48471307,128923
94c26e83a5f955b4,29623,19760025,138444,29510,19770098,138444
94d3b380408fa5de,25829,15978022,128698,25714,15987151,128698
94f0da0764e9f20f,20993,11119927,138599,20887,11137990,138599
94f129a85313c2d7,33577,23703406,138562,33473,23726418,138562
94f310bef53fef1b,81122,71243502,138190,81016,71267193,138190
94fb17a8d8b5a7bf,35875,26020978,131644,,,
94fda99cb9f40b3f,99549,89680597,138011,99427,89702865,138011
95212cd5d5fb9374,78754,68900266,137047,78636,68910183,137047
9522783ebd08fe7e,105863,96000828,137562,105757,96011930,137562
9526701ae2ab6ff4,102819,92963579,137283,102717,92974671,137283
9529022b4d9f1528,118814,108947661,156309,118708,108960655,156309
953bc2055c1c88e6,117273,107421124,138215,117154,107431983,138215
954c2c88a8bf374d,35783,25922738,132148,35668,25933319,132148
95524419ef88d822,114758,104901441,139474,114636,104914194,139474
9561dc2090329817,12737,2879651,138000,12624,2889530,138000
958a4992a803eb16,16080,6239978,139359,15973,6250745,139359
958b004679341781,85418,75560354,137858,85313,75573760,137858
95a0465ca7fbd0a5,10143,262838,138021,10060,296205,138021
95b7965bcb1a1c2a,23373,13507279,182470,23267,13521018,182470
9605e674aa504029,13806,3919433,137078,13724,3951977,137078
96310819d26ab8ad,53150,43303193,99010,53083,43321452,99010
963f8abc21d25128,86365,76460695,128481,86306,76511681,128481
9652f7f3aa953648,66675,56811843,140695,66567,56821632,140695
96563f505c9efd4f,36152,26282757,129630,,,
9662c3b9a87bf81b,26829,16959703,138061,26736,16974684,138061
9687d016e74828d6,9948,39048,135996,9895,148508,135996
968baa685c96ca0c,27446,17579779,138729,27339,17590985,138729
96bcb454e12d2b24,98303,88440519,137040,98198,88474405,137040
96ddd06b8b02ae0f,10310,459626,138674,10196,469811,138674
96e06ee41670aa84,98110,88243917,157233,,,
96ef8d361c8f66e9,110609,100761219,139540,110497,100771692,139540
9705dde487310914,52294,42423809,138400,52187,42440315,138400
97298451b579bd6c,44855,34999968,136748,44749,35009887,136748
9735fb3d72c4e27a,12025,2159650,138720,11925,2170623,138720
9739e0e97cf48041,119853,109985340,130081,119771,109997552,130081
973c2fd24e338af8,32431,22618267,355542,,,
9753b6936cdb86b8,95734,85860622,137541,95646,85888574,137541
975d2e6d011f66b0,40581,30683043,137587,40514,30726911,137587
975f3c74820fbb5b,67049,57201899,99782,66988,57218965,99782
97b966b78bf3130e,41840,32000148,138999,41733,32010223,138999
97c3cf72ba4d67d3,47865,37982588,135784,47769,38010064,135784
97dfb89256ea6f3d,92745,82900677,138015,92637,82914672,138015
97f296cc2acf016c,18155,8283039,137292,18051,8300521,137292
97fcb90cd92cbf06,116132,106239376,129470,116057,106276710,129470
981c815739b6037d,40881,31019998,137706,40781,31029986,137706
983e172f5c2188d4,25581,15720027,139785,25470,15729614,139785
986ef190b690959c,37260,27399952,138433,37152,27410490,138433
9870fb04e8a6e349,77826,67960863,141194,77717,67971956,141194
987c08aab2d4718a,53639,43759964,137352,53549,43784767,137352
987d5f3f36e22e7a,55537,45669568,129656,55450,45682065,129656
9895ade656625637,49810,39942582,135371,49710,39955595,135371
98973ed3e31fe1fa,71796,61931678,138119,71690,61941751,138119
989a1d3daaa2df14,112352,102484103,137712,112241,102498143,137712
98a0e5b2ee664c11,100067,90203772,155994,99966,90242424,155994
98a273825696e441,36055,26181010,132152,35951,26202258,132152
98ae7f5dbaf916f5,100661,90820609,138443,100556,90835566,138443
98b825eb02c0f59a,76119,66244817,130299,76046,66264978,130299
98c135fcdfd1e4dd,87373,77520610,137051,87265,77537106,137051
98d095c3b70b23f0,81283,71420180,136655,81176,71430947,136655
98e321d4ffb22a2b,38979,29119803,137105,38868,29131390,137105
98e3f919893ebd06,13490,3604509,128145,13422,3635309,128145
98eb79f661432316,52575,42720174,138620,52457,42730471,138620
9902c27554cf1d34,83366,73500591,137936,83261,73513766,137936
9906bf460ae29ca1,70870,61020573,139535,70760,61031622,139535
9909937b7424eebc,39100,29259956,137182,38993,29270994,137182
99322b52cb2da2c1,80007,70140444,138313,79899,70152362,138313
99328e24778c1584,93375,83478698,127553,93307,83519813,127553
994308a05502d217,116553,106700577,136693,116443,106711841,136693
996cf099a4666ddb,87403,77543956,137905,87294,77556758,137905
999a405d953015ec,35129,25278835,132126,35019,25293238,132126
99b1863e43d302cc,81966,72100404,137944,81860,72111816,137944
99b2602932238f01,116466,106600602,136670,116365,106611930,136670
99bd430dc2e750db,21535,11640251,129223,21461,11707530,129223
99c2e6d6107935f8,78814,68964314,137726,78705,68973821,137726
99c8fea07ec1675b,21186,11364624,335840,21112,11392931,335880
99e96dd4fcb64fea,37948,28079878,138547,37843,28094046,138547
99eaadf629b1d33c,118782,108921220,137948,118676,108931928,137948
99f9615c8cf78e73,55984,46139650,135630,55875,46148884,135630
9a0dc06cbe33d301,56584,46720405,129438,56468,46729405,129438
9a14b8a7dd9313f0,91356,81481715,129480,,,
9a184c8ec6d7197a,34957,25078876,132480,34871,25107294,132480
9a21c65e905819b6,47778,37898336,127877,47694,37922498,127877
9a27272bdd347a67,42953,33099999,138003,42840,33110281,138003
9a2776d55e9fb8fe,66373,56520202,136768,66260,56530725,136768
9a28b134937b6906,30954,21099601,136918,30838,21109934,136918
9a2e1156f3c51a8e,59043,49179681,136189,58936,49189793,136189
9a3287a1e133891d,76948,67080065,136448,76843,67094546,136448
9a6c6016e093c0d0,10340,499916,139050,10234,511189,139050
9a72406ca85423a9,52326,42460133,139034,52218,42472488,139034
9a8ca3493a3363cc,105921,96064467,138189,105809,96075195,138189
9aacc8cf5fcef97f,111301,101419522,129964,111225,101446655,129964
9abe29bd99a6821f,88733,78880433,137119,88618,78892269,137119
9ad1b669e67c6cf0,98077,88203835,138072,97974,88225292,138072
9ad4a1dcedb8b3f1,48633,38779957,138187,48519,38791077,138187
9afbb9de4c7cb1c9,118911,109041424,140860,118804,109057034,140860
9afc0ad8ca6f651c,83398,73540783,139179,83293,73554767,139179
9b007c979a87cf75,43674,33819662,136483,43562,33829790,136483
9b2f73ef4beadf99,26141,16278255,130407,26032,16287948,130407
9b2f904c0c756c49,96089,86220551,137819,95986,86237648,137819
9b391ebb5b158326,59292,49407144,128155,59221,49436658,128155
9b46aa1d89509a28,33831,23963237,137452,33718,23979082,137452
9b582f7910ced4de,97501,87620446,136531,97416,87663281,136531
9b641f943a6ca0ce,100163,90300783,138847,100062,90314836,138847
9b669a69fdb98427,46020,36140246,138207,45912,36165964,138207
9b93784564b5118b,14534,4662802,138285,14427,4679612,138285
9bd34ab65ac459ea,119469,109600881,137067,119363,109614410,137067
9bd8de3498f92425,63054,53182230,140416,62946,53200616,140416
9bf27210654f757a,89111,79240259,136793,89005,79259089,136793
9c122910510c83f2,88242,78358961,128856,,,
9c72779268e09bec,109921,100080817,137921,109813,100090636,137921
9c81959c6b0becf0,95462,85563722,136703,95401,85619919,136703
9c994e808d8d231d,98493,88624315,139145,98384,88640706,139145
9cb7d5d61d544ed8,107909,98060753,138202,107794,98070701,138202
9cd7c7b86efd7a31,10226,359698,138627,10126,372456,138627
9cdc37ebc2d653e4,111427,101540770,137686,111346,101572598,137686
9cfd783def18759a,86173,76284537,130401,86121,76397004,130401
9d089ca956063ac9,79847,69980243,136754,79741,69991995,136754
9d49a90d359f2f15,33924,24063224,138266,33808,24083714,138266
9d5711105c54cdd8,118512,108661068,138024,118402,108671315,138024
9d7bbb0420113b12,81933,72063815,137140,81827,72079480,137140
9d7f9fc00bcd8fc7,89546,79700445,137849,89434,79713275,137849
9d87272e92c5d597,110892,101020695,137963,110785,101037209,137963
9da7117caea2b124,24347,14500722,99675,24268,14516540,99675
9dbde82f0d0938dd,54841,44963151,137193,54736,44986977,137193
9dc503b71edd3633,34624,24718623,130479,,,
9dc5b99157a3f470,21472,11578479,131228,,,
9df92c7c68d477ce,27572,17702787,136781,27461,17717111,136781
9e0062a78074a87b,58696,48843054,136312,58587,48853062,136312
9e00778f53f2f8e4,84707,74840401,138275,84619,74894657,138275
9e00a26c07497c90,49279,39405084,129477,49210,39424380,129477
9e167ed8ffaa0988,77046,67187861,182168,76940,67200780,182168
9e17f9c2bb48aeb4,50205,40343011,155468,50099,40354643,155468
9e5db1585a33f023,12260,2419406,137739,12153,2430167,137739
9e5e67dbc6cd7ba3,72394,62519522,132210,72310,62539190,132210
9e6d3f223d04f1b3,54472,44603617,138872,54360,44618461,138872
9e70d7d7ceba25ce,64666,54820309,138516,64557,54831118,138516
9e73f9d1e2a1fe33,28698,18819571,137313,28613,18844159,137313
9e7efdf169e8f812,73389,63520438,138521,73275,63534796,138521
9e8f9b23e9643956,23660,13799835,138962,23549,13809721,138962
9e93cdce00b16a3e,23783,13920012,129371,23667,13928844,129371
9e93dcbfafb3ba05,57461,47578478,128961,57385,47606151,128961
9eae629ef8a2ae33,100414,90560829,139021,100305,90576667,139021
9eb937f280440698,69443,59580108,137095,69336,59589795,137095
9ec9c0fb620f4ba0,103034,93161136,140047,102898,93173016,140047
9efe7f2d067fce4f,96717,86863862,137357,96612,86875224,137357
9f0024eb964492ae,44502,34599676,136511,44439,34647608,136511
9f003a80611c88d6,45528,35601825,119148,45520,35672175,119148
9f0cd4cda161910b,51710,41839910,137652,51614,41855532,137652
9f1875d95881d57c,39155,29283013,136676,39050,29300541,136676
9f270ae0e766be94,17459,7560027,128798,17385,7603310,128798
9f33fc45560b2d4f,62740,52899724,134883,62632,52909720,134883
9f5bc90119de1968,12171,2319148,136409,12055,2329963,136409
9f6d3df4750447f6,98796,88923971,138264,98696,88944595,138264
9f7352858d612f05,12610,2739511,138425,12501,2755110,138425
9f912f5d0ff864d6,96251,86380612,137954,96147,86406275,137954
9f967aa40f9af377,97246,87359160,129009,97168,87394248,129009
9fefd79f47034861,113716,103860974,138918,113605,103870915,138918
a00f36ad305e2861,93022,83160475,136482,92921,83178206,136482
a0358cca2cccd055,78029,68182899,100875,77959,68199183,100875
a03776c845e47dac,65694,55823078,137365,65592,55839515,137365
a051db33c0e945f5,67291,57398914,129666,67226,57436000,129666
a05d47ead180cc6c,19373,9498089,128100,19292,9517877,128100
a05e1879de254780,115661,105820784,137732,115554,105831530,137732
a0650db91b0282e8,30836,20963306,138361,30732,20981813,138361
a0689bf76b5fa153,17862,7999569,137749,17762,8011104,137749
a07ea1f7858b1cc3,78666,68802684,139003,78558,68812822,139003
a0939d863e028e80,15250,5379967,137966,15143,5395804,137966
a0aa32cfa24ce991,97742,87880520,137350,97638,87891605,137350
a0b9b53e0dc8d318,41685,31822963,136518,41568,31832273,136518
a0c82926b02ccac3,18756,8911053,137319,18645,8920569,137319
a0d1b606375d9e6e,13265,3399906,139784,13159,3411300,139784
a0d3559cfbc28032,79912,70045139,137946,79806,70057398,137946
a0d4602370add2ac,44883,35023009,136210,44773,35033472,136210
a0e1ac248f87dd65,37454,27583222,130389,37344,27598917,130389
a10bfeb7be39f1c2,97861,88003733,137362,,,
a11ae347e63db35a,84796,74940350,137405,,,
a123b89abbf2a313,24494,14618210,127812,24413,14638226,127812
a1830708b36d63e8,10493,619216,135780,10388,638669,135780
a18bfdd1edcd28cf,109435,99558867,127217,109353,99580454,127217
a19d866dcff7fa37,101007,91186250,335399,100904,91222157,335439
a1e28d29c3d0d9b6,54441,44580168,138742,54329,44591031,138742
a1f5277ce92ca122,113228,103339335,129741,113155,103372489,129741
a205a42bf7736001,93595,83704089,137579,93517,83741026,137579
a207648522c583ce,80325,70438787,128517,80261,70470301,128517
a2381f80d171b84a,20305,10439455,137572,20196,10450814,137572
a23984d066b2cfe0,16550,6682568,137152,16439,6696725,137152
a23ef5680117ca91,95821,85960593,137910,95725,86000478,137910
a2419bb567bdeecb,72763,62900533,139278,72654,62910605,139278
a245496f50393be9,29994,20118367,129248,29887,20139293,129248
a28b22a8c7260ae8,105183,95366287,342902,105112,95392889,342942
a291b0a2818a8e46,64231,54360056,137138,64124,54376057,137138
a2a38cc2b864b38d,11816,1922466,136607,11739,1962370,136607
a2b568d9c50147cd,109308,99419178,127594,109230,99453780,127594
a2bbf45de875de5c,112228,102360727,137748,112120,102373604,137748
a2d11299576380cb,24869,14998246,129047,24769,15013933,129047
a2fbb48ddfde564b,51590,41700699,129954,51506,41735093,129954
a3110464e4a99daa,101823,91921688,138048,101761,91975261,138048
a311e00d10040cd7,86782,76922449,138488,86677,76934384,138488
a31303d7c79dd3a0,55864,46020174,137197,55753,46030643,137197
a329e93bec0f666d,16201,6322800,137913,16096,6347015,137913
a335bf4c263ff615,49505,39618554,129381,49430,39649698,129381
a3433b4544e7a859,101990,92120625,136852,101913,92138345,136852
a34c6f28eadefbb1,52666,42819895,137321,52556,42829902,137321
a359a593739610aa,88338,78460681,138671,88221,78487134,138671
a36b9023b3d42981,79126,69260421,137920,79020,69271868,137920
a37340802c478e0f,11937,2059358,137365,11847,2082604,137365
a37acec06e3f732a,74660,64798884,129891,74558,64808960,129891
a3864d5587d39df0,99937,90064174,138068,99837,90086239,138068
a38a95d5a703b058,30472,20580097,140245,30400,20618231,140245
a3a22c78c9c62a5f,54656,44803313,136736,54546,44813785,136736
a3cea995b237d896,25705,15843028,137991,25589,15852510,137991
a3e6d8669f22fe58,55189,45303981,128093,55117,45334789,128093
a3f80639555ef80e,108781,98940617,137062,108674,98951526,137062
a3fd37b3d243c276,25454,15582830,137055,25347,15598817,137055
a40b73d045af8ac6,64727,54880219,137964,64618,54890022,137964
a40e6ba1cc0b2d1e,96283,86420829,138397,96179,86445019,138397
a419565e58e140ea,111700,101840615,136777,111594,101850256,136777
a423f4985d927127,48446,38580415,140820,48338,38592267,140820
a438859efdaa820e,114203,104283181,136718,114116,104348803,136718
a4396a119c1cb715,22843,12940205,130391,22754,12987732,130391
a44bf7bab4ed8545,113417,103540873,137849,113335,103562028,137849
a45ec525e639a345,34196,24322929,137258,,,
a477ef02dcf626d0,109467,99580539,128403,109383,99612329,128403
a484682952848860,19258,9411473,98856,19178,9428629,98856
a490dc3c13f964dc,106883,97004612,139623,106777,97028540,139623
a4be1eb837d5424a,85160,75300426,138345,85059,75314475,138345
a4fc2c560431d970,110923,101060569,136549,110816,101070739,136549
a4ff6bcb441d616b,13651,3760320,141224,13579,3797631,141224
a5187e9c56716faf,86901,77060154,136234,86797,77075997,136234
a51e6a5b239840bc,63129,53282100,98575,63060,53299485,98575
a52ba9af3b7a00b1,28544,18658117,128682,28470,18688879,128682
a52ffdecd8a02ffb,40001,30139830,137759,39895,30150682,137759
a541b54a63acf16c,71829,61960607,139402,71723,61974611,139402
a5554bcb6e18c5b7,37293,27423265,137809,37185,27438559,137809
a576186482ee2129,69936,60063207,137838,69831,60081849,137838
a587a3803b69e42e,76767,66920030,136878,76658,66935363,136878
a5963424ba01e660,32855,22921730,136840,32764,23039649,136840
a5a211fa0a47f740,47076,37203426,138419,46971,37222018,138419
a5acc2f021e01440,114171,104260102,138750,114085,104316563,138750
a5ca754a64be9a26,90600,80740453,137645,90505,80753317,137645
a5e479debeee92d1,62523,52666291,137138,62409,52676406,137138
a62454a9b4abce39,110987,101120744,137791,110878,101132585,137791
a63ae5aeba406cf5,76344,66458890,129794,76267,66491113,129794
a6593a1c62d3c618,36531,26638714,127818,36456,26675933,127818
a65f8b8661521efa,19469,9579751,128467,19386,9613726,128467
a6781396878f97ab,103668,93780750,137982,103592,93818834,137982
a6a9f54d4cfef48d,13682,3783449,136869,13608,3827799,136869
a6bffe1c07e433ea,58358,48480360,129300,58249,48503129,129300
a6ded9cec13c137f,109800,99944017,137312,109688,99953601,137312
a6e6e3e8b02cf956,25915,16040197,129758,25807,16060391,129758
a6f7987f6f7d9c71,38046,28179741,137878,37940,28191442,137878
a712815d11005dd6,81868,72000262,136614,81763,72013920,136614
a72754b9fd6f3f82,84085,74266490,346318,84017,74301990,346358
a73279eecb1967d6,112163,102301026,137940,112057,102311480,137940
a73b8917b7a6b751,30866,20999853,138424,30759,21011831,138424
a741e18a29890dde,68755,58823611,138258,68687,58900712,138258
a7690f7ceaa87e6c,119502,109624390,138899,119396,109647359,138899
a7b281be3fb435e5,111970,102100475,136473,111865,102115945,136473
a7d0355841640874,15429,5544547,129155,15351,5574465,129155
a7d2b5c694b01ee8,83677,73826595,155728,83568,73839849,155728
a7f9679cc6f069c2,13201,3322591,137637,13095,3346143,137637
a82d6003063e06a3,74353,64460516,129411,74271,64498199,129411
a8370b1497f4119b,60346,50480167,138172,60238,50491959,138172
a839fd7c98ee339c,72703,62840521,139671,72599,62851353,139671
a83d48240aa2c530,67709,57844040,138308,67601,57854403,138308
a845966ba725cdae,75839,65963353,137411,75733,65984568,137411
a8868a95cb0cdf4e,85637,75780512,138147,85523,75791600,138147
a894a98b34c5b9f7,110107,100244077,156375,110000,100255858,156375
a89bb0635fe5e49d,41056,31202971,138370,40944,31213186,138370
a8ce50c14c2d1af1,20274,10406204,136481,20165,10419099,136481
a8df5b6bcf453f10,107880,98020702,137605,107768,98030591,137605
a90ffae2c22a7628,20370,10500106,137448,20259,10514883,137448
a91a6e2810f74898,12800,2939560,138891,12685,2949936,138891
a9620fd7c9c418d9,103269,93422510,100937,103208,93450527,100937
a98686cfcaca474b,100002,90124152,138104,99902,90152449,138104
a98cd1b1cd078886,94667,84820407,137131,94555,84834664,137131
a98e3bd14717ee49,90168,80278899,127849,90095,80315662,127849
a99e8c01f7562609,71678,61824103,140073,71566,61833787,140073
a9a7037851f1a7b6,95011,85143556,154827,,,
a9a72d7afaec3731,53075,43203473,137412,52967,43220570,137412
a9a779544d988fd6,92776,82923977,138025,92670,82936497,138025
a9ace0ff68dee0e8,57619,47738470,128636,57535,47764401,128636
a9b3bbe1512a1881,35844,25998709,130364,35732,26010877,130364
a9de98841aa7f44c,75496,65640311,137631,75378,65649972,137631
a9e48d0872b65c18,90967,81105254,157106,,,
a9e93d54ca974248,26454,16559695,128374,26387,16599695,128374
a9f6f66d27feb1c5,111171,101286833,128421,111098,101316707,128421
a9fca7b682939acf,31766,21919722,137818,31651,21933647,137818
aa014f9bee9033a1,16168,6299550,137937,16063,6313834,137937
aa0a77df41c919c2,115814,105952305,138711,115708,105962214,138711
aa25885b9f4acd38,68047,58182854,153891,67941,58194068,153891
aa4625adc9902b0f,51370,41478592,129354,51297,41514887,129354
aa5cd056f0af9390,12831,2962885,138354,12715,2976335,138354
aa66f446cf9602bb,83239,73363887,137971,83136,73389013,137971
aa85dbf1ec55fffe,49780,39919663,136548,49683,39929359,136548
aa8bc2dd69725475,52421,42560095,138430,52310,42570746,138430
aa8fc412028e954a,21025,11159381,136507,20920,11172345,136507
aa9b06eeda102525,90104,80218861,128055,90032,80249565,128055
aac4f6d86f51135e,84649,74780458,137342,84564,74814795,137342
aaccaff8cd18695d,102379,92506113,136251,102287,92562354,136251
aad7889f08a9ef62,66150,56283779,138375,66043,56296272,138375
aaebb8be5ebbf516,73166,63300227,137771,73058,63312266,137771
ab0195a93648a289,22955,13079919,139398,22852,13099925,139398
ab3b2ff1b7180ad5,74223,64338736,129014,74144,64369539,129014
ab5fa62bb439acf2,115937,106061471,114515,115867,106082029,114515
ab665bd53a931e60,22927,13039970,129665,22828,13072054,129665
ab78dee622d48e4f,16827,6979536,137652,16715,6989542,137652
ab81b1715742e25c,41653,31799903,138103,41539,31810205,138103
ab8964251474432d,40909,31043132,136988,40805,31054968,136988
ab8d24545211f989,94451,84583932,138174,94341,84598077,138174
ab9742d63115af3f,116163,106263245,141144,116087,106308195,141144
abafa33fa2c86eb6,80260,70385682,129663,80196,70405663,129663
abb4e2d203644216,27006,17159894,139267,26894,17170363,139267
abc68045e9372af6,23038,13179542,137702,22925,13189951,137702
abd35272f4c7b653,46460,36583522,140044,46358,36606290,140044
abd95ffaa2ab0021,97311,87421169,129068,97232,87458450,129068
abdb1171873208db,14099,4240683,137135,13986,4250548,137135
abfb6dc37a4671ed,10718,859620,138454,10610,869706,138454
ac034eba07be3fd2,99580,89704180,139758,99456,89728447,139758
ac3fef03bc581c6c,118246,108361283,137640,118165,108391578,137640
ac64601f4fded765,110697,100832301,138598,110592,100842437,138598
ac663a953a80a860,111397,101504372,135986,111317,101541972,135986
ac6f81ade2f7c613,13168,3299388,137288,13062,3313457,137288
ac7993809070fcc6,57299,47424781,128669,57225,47444313,128669
ac89e73360309d98,70255,60381639,129484,70187,60400687,129484
ac9709b112428e9a,27664,17802831,138453,27549,17812345,138453
acbbc3cb7dc99396,22505,12634256,93916,22441,12647656,93916
acbf0063ec4f3257,91580,81659142,129111,91555,81830778,129111
ace2b85521aaa903,19781,9919492,137609,19681,9930492,137609
ace4ae9e2f453bc7,35373,25500475,141607,35268,25521759,141607
ace97c114c8aeed2,29306,19443194,138332,29200,19453458,138332
acefec1d164d6fdd,10995,1142962,138327,10885,1153104,138327
ad0015a673284535,117335,107480757,137651,117214,107490674,137651
ad040cf0b3b99141,83141,73288273,182060,,,
ad23413884eadf38,90749,80900411,137682,90641,80917171,137682
ad253178f0eef8c8,65268,55360075,127557,65201,55414230,127557
ad4152685e4ccc4f,32795,22860420,140402,32709,22985137,140402
ad4d24049f40f20b,77515,67663580,136786,77405,67673656,136786
ad52d0b99cdcd7dc,106698,96844385,139994,106587,96854270,139994
ad6579f4ea3dd93a,86458,76563772,135948,86395,76670680,135948
ad68445487fc8061,39350,29479912,137989,39244,29496271,137989
ad735b86056454ec,83429,73564032,137423,83323,73576837,137423
ad7cf904ec31a0bf,57180,47320012,137822,57069,47330416,137822
ad92f4300f47da2e,88080,78206827,129318,87974,78250670,129407
ad9842a862f7cd8a,29434,19563018,137686,29327,19579137,137686
ad9a2ffa6415c1e1,40098,30223103,137854,39992,30243978,137854
ad9e1360ba3214d9,106096,96223965,138454,105990,96241757,138454
ada1e9f2c7f2a826,97214,87328528,129476,97137,87380540,129476
adae8c7b7148ecb4,54534,44680199,139575,54419,44690964,139575
adb744038e4d2eb2,95493,85600367,136843,,,
adba1784b59fef46,91128,81257294,139037,91025,81275776,139037
adbeceacec7fd792,15779,5903002,138100,15688,5924757,138100
adc663a56c72e7af,38427,28538131,128652,38357,28572027,128652
adc79a37e609d046,58665,48820076,137462,58556,48830405,137462
adcee30a2d433294,84914,75063997,138112,84808,75076265,138112
add6064d0d687ac6,108122,98244469,140295,108016,98268004,140295
adfcb0d4865a6514,42633,32739593,136130,42560,32778546,136130
ae084fb924329ad0,118336,108460910,138425,118247,108482128,138425
ae1f65bf2574ffec,52483,42620271,139101,52369,42630827,139101
ae426a55d0610d89,72882,63040357,139123,72773,63051088,139123
ae471d2c203bdda4,63177,53301111,112581,63109,53321854,112581
ae9c48797df4b4b6,84766,74900171,136221,84668,74912884,136221
aea1638d546296da,56141,46280312,138718,56035,46290746,138718
aea1760f5ebcfae0,108001,98160778,136968,107894,98171202,136968
aeaae99a6cb0b04f,115005,105126404,136540,114905,105157505,136540
aebe0dba9158cad4,61252,51366079,127942,61181,51397465,127942
aef64d91d10ba82f,87998,78168382,344851,,,
af050cee52fc99df,106761,96921485,141228,106654,96931653,141228
af09547a687a3334,65171,55285880,127847,65106,55316397,127847
af207e98f37b4e3e,111551,101680879,138700,111460,101696469,138700
af3d778c6cb6c4f3,30376,20478222,128894,30307,20522170,128894
af53dc1a4d3e3bff,96056,86192172,137775,95953,86205490,137775
af5918bb706926d7,16298,6422656,137832,16193,6444884,137832
af7b48bc54f641cf,14875,5022883,138355,14765,5033254,138355
afad2eff2008763c,68644,58698598,128433,68594,58789095,128433
afad81b9dab93af4,28319,18444208,129447,28250,18463624,129447
afbedb309ab93e7f,52198,42328688,152139,52092,42344211,152139
afdfdead1379525b,87741,77863790,138594,87638,77889802,138594
aff88e69d75577ff,59422,49538447,128661,59349,49566619,128661
b001b26202f0ca09,54283,44420223,138739,54175,44430576,138739
b00a760b0d5d7ca5,89238,79363752,137654,89127,79387012,137654
b025215cf135f421,21777,11903306,137032,21681,11923120,137032
b03f1f5e8ada2c37,39880,30039867,137979,39773,30050199,137979
b05d589ffaa57e64,18188,8319592,138302,18084,8333857,138302
b0bde40c615a7c8f,23629,13760167,137736,23519,13774073,137736
b0cef713d17be1a2,37390,27523313,137720,37281,27535155,137720
b0d264e1e934ee64,14220,4379653,138497,14112,4389918,138497
b0deb9aac88cedd3,60717,50863224,135877,60606,50873410,135877
b0eaa40dc2f3749a,85290,75431504,136782,85188,75444916,136782
b0f58a94717d5661,48817,38962913,138034,48708,38974330,138034
b12033461bcbe8a8,62584,52723478,138580,62468,52733365,138580
b1259acc3eef04f3,73198,63323646,138659,73089,63344383,138659
b1592f37f79497f1,67477,57583285,135373,67397,57621752,135373
b1608541577bab88,75587,65740575,138953,75476,65750523,138953
b1651a6de507151d,19195,9327477,127095,19087,9340038,127095
b16b3a9297ae1783,54873,45000431,136887,54768,45019196,136887
b16e9d9f089900c1,79502,69660492,137457,79393,69670091,137457
b16fcc39f6986124,116287,106401144,138159,116204,106433166,138159
b17496f2f474e2ce,57118,47260331,138344,57009,47271234,138344
b186afac7e3302dd,115599,105744029,137627,115487,105754264,137627
b18a966557af3374,112414,102560363,135940,112299,102570534,135940
b1948d865ae79068,57920,48063282,137566,57808,48073275,137566
b1a1fdffd3aa69ed,45822,35879761,136502,45763,35967028,136502
b1aa7aa4139e58b3,44653,34759568,135999,44574,34798650,135999
b1c5156dc9f1690d,87021,77160678,137716,86921,77174660,137716
b1fa66fcc883878f,100716,90844124,139218,100615,90863798,139218
b1ffb11509de9a58,79534,69683784,138148,79426,69693850,138148
b20aa6548840006d,67446,57560372,139137,67370,57591405,139137
b24586aa86beafe7,80517,70620106,126997,80446,70662260,126997
b24ead4850e52e9e,14187,4339586,138604,14074,4350062,138604
b252f66649d11651,55221,45325608,128065,55148,45366408,128065
b259598cef678b20,45591,35638845,109744,45577,35735072,109744
b25e341da885f513,92210,82340584,138387,92108,82359799,138387
b25e434d9ae6e464,90719,80864366,138984,,,
b26090991f1633f0,62958,53084687,127474,62851,53103348,127474
b298755c122937fa,80133,70280262,136555,80021,70290938,136555
b2adf22d7fd952a1,88275,78400883,138759,88162,78438123,138759
b2afea544795bd47,98523,88661188,138757,98412,88673475,138757
b2c471e2716d3c69,63527,53640587,139876,63445,53672950,139876
b2dd64a7bfa6502e,112259,102384022,137583,112150,102403869,137583
b2e858a236d4729c,32764,22832795,129242,,,
b2f477a9ed77b9a2,67259,57358857,129850,67195,57403792,129850
b2f6b32feac6e8df,105441,95539046,128237,105372,95586897,128237
b3178592162e39ce,77423,67563302,137604,77307,67573633,137604
b34038084c8c5c49,91032,81161547,138345,90930,81206142,138345
b3416f2ea025dde8,104715,94861384,141886,104598,94872911,141886
b34c6a73881ce832,71741,61900581,139088,71633,61910730,139088
b361fa890eec64b9,55924,46079911,137420,55815,46089937,137420
b376f07531132ff4,29561,19699893,138669,29450,19709830,138669
b37dbdbbae1481c4,65301,55398801,128715,65233,55446288,128715
b381b0031e239ce9,67797,57943317,136666,67679,57952828,136666
b38a24d67f53ca95,78430,68538777,129575,78346,68575355,129575
b3920798d9ea593d,103818,93944254,137524,103728,94003970,137524
b39230b21546adbc,38269,28447156,348081,38194,28475014,348121
b3a3a5a845cfe7bc,110486,100624020,138088,110369,100635056,138088
b3ae7bb92d901d80,70695,60820063,136894,70604,60840831,136894
b3d5aa1b98bc447a,42780,32903177,136544,42689,32926374,136544
b3d69980e05549fb,34294,24422793,137677,34191,24443032,137677
b3d7a7d71056f2b5,13983,4119990,139088,13882,4130505,139088
b3e6ed3ce0c1cd0d,15900,6039421,138005,15798,6050039,138005
b3ef2ae49db4156d,112196,102324364,138351,112088,102340843,138351
b3f96d45ac22be14,50141,40279789,137361,50035,40290445,137361
b3fcc90d26d3498c,111204,101319235,128954,111130,101349606,128954
b4441a8e7e61f8b2,46493,36620235,138708,46390,36638747,138708
b45fb418921df210,116347,106464332,138336,116258,106493413,138336
b48a2ceaafca65eb,75214,65343752,138390,75107,65360015,138390
b4a3552cb5861ad0,19628,9759739,137592,19539,9774053,137592
b4ade8c6985f19c2,12924,3062540,137621,12803,3072317,137621
b4b4e111c40036fa,40455,30558179,128612,40394,30599451,128612
b4c72b9226e238aa,49691,39819911,137125,49603,39836320,137125
b4cab5ab0171df8b,82507,72620394,137683,,,
b4d3fd271a30a8e2,91671,81743568,137581,91634,81834179,137581
b4ef8cfeb8a46bcc,113568,103701203,138057,113473,103713455,138057
b4f9fc01de471442,104242,94366932,156249,104137,94388808,156249
b5016ecb89d67aa1,71020,61180211,137912,70913,61190613,137912
b5027dd7e434dedd,91517,81590577,129007,91495,81665807,129007
b5608850eeaceb78,41498,31639829,136861,41389,31649599,136861
b57655222b6186d1,94636,84780548,137838,94520,84796237,137838
b57ca88ed69687cb,98677,88823785,136756,98567,88843152,136756
b57d1337a51da8f0,92435,82563564,136902,92332,82586135,136902
b59fd906660889b4,91063,81202135,138064,,,
b605fb31ef5d2eb1,27188,17319613,137774,27084,17333416,137774
b619b5a8279e8f28,38492,28598104,127530,38421,28637248,127530
b61c4fc611f798bb,20466,10599730,138137,20352,10610775,138137
b6261fa303084838,14041,4179304,137336,13934,4189249,137336
b63fc3bffd878cc5,80937,71086702,137512,80828,71096886,137512
b67e19afb2c6ae5c,107107,97241057,138971,106999,97252999,138971
b68208133e76599b,103935,94080752,138359,103833,94097189,138359
b68eb0f06da5eef5,37485,27618583,130622,37375,27629825,130622
b699fd239547f634,20338,10462751,137778,20228,10483642,137778
b6a9d151c00723d6,87838,77963584,137464,87735,77987597,137464
b6ac951cb111884d,25486,15617955,128447,25378,15630555,128447
b6bac5b4d26ac372,89332,79463818,137871,89217,79479654,137871
b6bea95fccae9970,73514,63660345,138486,73394,63670429,138486
b6c643d5b63006c4,91841,81944013,138140,91769,81990877,138140
b6e6334224d19389,58231,48363435,157309,58125,48378629,157309
b6e96852c2be3dd0,22169,12299959,138609,22066,12315012,138609
b6ec254d2f6edfe1,91096,81225620,137459,90994,81269468,137459
b6fd3308a6b58d7a,71461,61600261,138200,71350,61610699,138200
b71b2eedef780bdf,69474,59603096,136335,69367,59619539,136335
b728d5f72e1abe15,51434,41549745,128929,51359,41578837,128929
b7a41d137d517a34,67652,57779008,128075,67551,57796104,128075
b7c4a1ee2c86e0a2,47174,37303016,137461,47068,37319638,137461
b7f453bf0c0a5eb0,45872,35939840,137473,45800,36017974,137473
b813ea7befc47f7c,45623,35657567,110575,45605,35766754,110575
b81e5f77c0b4b055,45653,35676742,112699,45630,35796419,112699
b822a31569a3ba47,72943,63100568,139410,72836,63110923,139410
b834da25d40a949f,55954,46103205,137785,55845,46112706,137785
b8550d944e975292,35308,25439017,132846,35203,25457601,132846
b87fdbdcf7059222,65988,56119942,136190,65882,56133534,136190
b89d23b1628a2b87,114413,104480765,137706,114310,104558563,137706
b8ac5ee6e9c5fa5a,98272,88400650,137460,,,
b8b7f81e20563040,31228,21359710,136510,31124,21375422,136510
b8cfb26329791f41,106544,96684312,138045,106430,96694688,138045
b946d6b13c4340f3,105687,95804260,136731,105601,95832633,136731
b94a4f2fd9456a8e,65607,55723410,137884,65515,55752909,137884
b9560ccb6fab34df,56020,46180068,137846,55913,46190023,137846
b96799e1d99fe513,57771,47901009,137265,57674,47916332,137265
b971367ae8d36032,106482,96620733,137938,106371,96630334,137938
b976818892d697f1,70605,60719998,137140,70522,60750475,137140
b98f1295b56be19e,78549,68678750,128326,78453,68694184,128326
b98f800f4568abc4,100505,90660667,137871,100395,90673850,137871
b9ad0ea82ad316c8,114074,104189057,128096,113990,104219217,128096
b9aed13249112c66,100227,90360632,137330,100124,90374277,137330
b9c6c0d4f1795e5e,51887,42039918,137646,51773,42049755,137646
b9db1ba5e1c08009,87902,78040561,136967,87798,78053806,136967
b9e792874f7e7546,70130,60263321,155512,70024,60276569,155512
b9e92df27001776b,34899,25019140,132015,34822,25098083,132015
b9ee1a616e174e58,115782,105921192,138499,115677,105931090,138499
ba1291006ca3e0ec,119914,110059245,128806,119832,110069429,128806
ba26e0ab45af6d49,35936,26081066,132189,35827,26092164,132189
ba32b9904ba4ba5b,31735,21879679,137454,,,
ba3393835a99c088,67681,57820716,141044,67576,57830580,141044
ba33c6d2673b0969,113292,103399459,128823,113217,103436356,128823
ba391d9fe30ca79e,73696,63843575,136105,73585,63853022,136105
ba487e5be9e23f6f,17586,7699312,136205,17509,7731998,136205
ba878535ce3f7ecb,100628,90780891,139121,100521,90793007,139121
ba9324cd6769e280,113508,103624297,138388,113419,103653778,138388
ba979b115a59976f,105152,95280939,137910,105045,95296955,137910
ba9dea26a995481b,64635,54783872,137334,64526,54794496,137334
baa47a7a35bf2b58,113448,103564336,138827,113364,103593151,138827
bab0bcb8fd343777,78695,68839978,135818,78583,68849710,135818
bab3c78f2e8a7378,63707,53840115,137839,63606,53851867,137839
bb05e94da81a2592,58483,48619802,136178,58369,48629871,136178
bb0edd9c7c0dc664,47502,37600595,140675,47441,37646992,140675
bb55e67c33f4411b,117367,107503994,137221,117243,107514191,137221
bb6180a126468750,109244,99359308,129402,109167,99389272,129402
bb74fe60f9cc472e,49098,39222913,137415,48993,39244714,137415
bb752673f3c204db,86811,76958583,126907,86702,76972339,126907
bb7b41712ff0db75,23722,13858421,130237,23608,13867307,130237
bb7c97c7b1195393,11370,1500572,138587,11263,1515762,138587
bb8214b7be4fde26,32302,22409248,127876,,,
bba1d66352e05aba,28513,18618088,128403,28440,18657804,128403
bbaddb4609095867,93086,83220516,138027,92985,83237344,138027
bbb8a63fb4a25430,10170,299330,136835,10081,315737,136835
bbbe6aba8dd91830,75998,66140713,138009,75889,66150911,138009
bbc74a0cc9a5901e,80848,70983614,136764,80742,70993749,136764
bbd6b302044b9c9a,107304,97406352,128212,107242,97449671,128212
bbee0d0623588908,33077,23182941,137371,32955,23225946,137371
bbfddcfa14c4ec7f,91421,81525167,128914,91404,81649243,128914
bbff9aedf64cd58e,41961,32083405,138208,41856,32107203,138208
bc1a4b9aa6ea3673,91191,81356718,137902,91090,81368730,137902
bc6a8e2a3fb11a91,119070,109204557,137948,118960,109215036,137948
bc6b519441a47757,87621,77780897,138952,87515,77793767,138952
bc7c5457f3e21bef,82985,73140277,136892,82880,73151401,136892
bc82f3b400bb3b58,31611,21759914,138066,31502,21777568,138066
bca3dbebed044a32,43736,33879801,136473,43621,33889231,136473
bcc916ab949f42e7,30983,21139938,137052,30872,21149859,137052
bccc62b27d68f92f,24686,14802812,137340,24599,14831268,137340
bcd4c28105e8fa9a,102346,92483077,151938,,,
bce0eaa8eebd58fc,40793,30919926,138028,40705,30938829,138028
bce596290a534e78,102475,92603789,137160,102383,92633038,137160
bcfc8cb049b3df5b,83492,73623608,138342,83384,73659631,138342
bd2628788b42c13f,119727,109860502,136267,119618,109871803,136267
bd2bc5df54b455de,53264,43378506,128520,53196,43409658,128520
bd32fd01e1fd3c05,50108,40239903,137251,50002,40253488,137251
bd35583f9ff24101,116613,106760893,138012,116497,106771622,138012
bd4e3f2ef5321034,46589,36718595,129537,46484,36733777,129537
bd61e3261c6059bd,44941,35082537,135851,44825,35092290,135851
bd6a8aec01fd2981,37735,27879706,136874,37616,27890325,136874
bdccfc74480b97a3,42895,33039571,136213,42789,33050547,136213
bdd032f34e9688a8,119663,109801344,137856,119556,109811265,137856
bde59fe80523df96,84404,74519103,128650,84340,74550494,128650
bdf3308c876e3b2f,29055,19202495,136589,28945,19212746,136589
bdfde00a93666c7e,84619,74740404,137602,84538,74813904,137602
be0bee7450cb5e8c,19307,9430761,113746,19226,9451242,113746
be28347afb7f83d8,82413,72520837,139710,,,
be4f9ab193b91f43,22473,12610494,88370,22410,12617084,88370
be500a1e581a4f28,102103,92243621,137872,,,
be64ecfc347370f9,69849,60000098,137253,69737,60009693,137253
be7b0bb413fd6330,57022,47159948,137581,56916,47170297,137581
beac07c8cb392128,107823,97960784,137700,107717,97970942,137700
beb3cba23f8679de,77607,67760675,138999,77499,67770430,138999
beb6a57a4c171feb,86301,76398803,127564,86246,76451803,127564
bedc52bc10fc5ef7,49376,39479940,128457,49305,39521386,128457
bef75721f26e5708,98894,89020779,138433,,,
beff32bfac3f6e06,64697,54843455,137301,64588,54853636,137301
bf1114773e66cc27,41176,31303091,138048,41071,31321864,138048
bf395fee1d52e8b7,31580,21719956,139088,,,
bf76d6e1a36bafa6,74289,64398847,128560,74209,64434598,128560
bf79f5b0ac64cfd7,17891,8022837,137816,17788,8036863,137816
bf80bdfde3c23235,50461,40600003,137547,50349,40610107,137547
bfc1368e3e2260b1,57150,47283554,137698,57040,47294759,137698
bfd29f370d9f098a,39540,29679693,136855,39430,29689501,136855
bfe1438f1045292f,13896,4019611,138481,13805,4041357,138481
bff00e3dcf6b3ed3,46525,36660015,138019,46422,36670881,138019
bff3d7bc61c30004,32013,22144381,137054,31916,22191372,137054
c0069505f00f5d18,113324,103441134,140089,113248,103468923,140089
c012375b2ea3c68e,115385,105521121,138151,115277,105553350,138151
c01507ea7848966c,34560,24658483,130874,34505,24749556,130874
c01568d4b97d9eea,18286,8422391,154497,18181,8433910,154497
c0440c97da7f661a,15153,5282372,136397,15047,5298223,136397
c044206507e4f0d0,94544,84683892,136868,94430,84696458,136868
c04c9c31ca840d12,100911,91040735,137025,100809,91058426,137025
c0588aca70cb2689,84341,74440744,128488,84279,74493920,128488
c06a403031b47ba3,108718,98864233,138297,108608,98874067,138297
c074991bf8c53384,84308,74419009,130054,84248,74493057,130054
c07f0ebcf8815447,108503,98641042,139270,108389,98651083,139270
c07ff758f0109f1c,36351,26504970,102946,36278,26522434,102946
c08974eb65eab283,13836,3942686,137804,13751,3981359,137804
c092a5bd4051bb10,18817,8965762,156502,18706,8977074,156502
c10536a7ccfb7370,18880,9039796,138979,18772,9049943,138979
c1144ddcbd8ab83d,35405,25542902,138273,35299,25556829,138273
c11dcf6974a9b5dc,97683,87820689,138420,97585,87833281,138420
c1201507afe2241f,59968,50120247,137843,59854,50131471,137843
c16a482f4fcbc9fe,19659,9783039,137830,19568,9804096,137830
c18d672f2402e867,66527,56683449,156930,66417,56694884,156930
c1d65e52cd31f126,19226,9395009,333896,19141,9421220,333936
c1e4584d3fa709d4,42867,32999696,135961,42764,33011980,135961
c1e7d58aa8796a61,38460,28559799,128407,38389,28604746,128407
c1e9c1bfde6726e5,26108,16238392,129639,26000,16253865,129639
c1ec2e71b9c97698,118277,108384244,137962,118193,108422935,137962
c22e1bc8172ca5e2,29807,19959620,136993,29701,19969700,136993
c24bf1c9dd8551ba,40704,30819807,137762,40626,30850039,137762
c24e223a0bae2c42,66557,56705118,128187,66449,56714421,128187
c26bb1598f293915,15559,5679890,140605,15479,5705294,140605
c2943186baa26004,67536,57660326,137465,67450,57681017,137465
c29633dd3126da02,18539,8679583,138432,18430,8690256,138432
c2a37f39f1f80bca,73979,64103469,137282,73872,64124539,137282
c2a84e5d51a4abfd,33513,23642874,138534,33410,23659864,138534
c2acfdf3c29c1178,44740,34859772,136590,44650,34885623,136590
c2af4612dd6a84ab,68728,58800199,137499,68664,58873923,137499
c2f6f4e7e9072af5,88673,78820229,136566,88555,78834106,136566
c3294170d0874364,36930,27063021,137100,36828,27075733,137100
c334468dce1e1aa7,102282,92423677,154555,102159,92438419,154555
c3463b6c23405396,55834,45980074,137869,55717,45990760,137869
c35fc70d8bd2415b,14127,4279513,138278,14012,4289781,138278
c364f5840b244657,80609,70723569,136924,80531,70755555,136924
c38268f94ae68dbd,74956,65083649,137520,74850,65101688,137520
c39daea39d7cfd2c,78460,68575627,128254,78373,68604270,128254
c3a2c97922e40964,56108,46239841,136561,56002,46253858,136561
c3bfd793bac55f0a,80878,71020164,136480,80769,71029783,136480
c3e4b2f73d0cf629,83334,73463660,138929,83230,73482538,138929
c3e7c218c5a85ebf,35566,25699751,138310,35458,25715514,138310
c3ea2b167823198d,31916,22043560,137920,31818,22066770,137920
c3f683a9ca3f4b84,62677,52823064,136125,62566,52832996,136125
c4159568efbf776b,91641,81720287,136475,91608,81833035,136475
c41d2d009081ca0c,112099,102226741,136161,111994,102245636,136161
c44626be09057bf5,68700,58760335,137557,68641,58846579,137557
c45d2aa7c80185a8,50554,40700064,138239,50439,40710391,138239
c45ebbbcb72ef4a0,117707,107841016,138467,117601,107852092,138467
c4725776cfcd340c,83109,73240295,137247,83006,73256928,137247
c4767144dce7be4b,67623,57743486,137600,67526,57768517,137600
c48009b63164c22b,46958,37102893,137502,46846,37112977,137502
c495bda6bd1ad141,30778,20903600,139969,30681,20923493,139969
c4b2819e7f65163a,68673,58722322,140540,68619,58819049,140540
c4bfefefdb139311,77393,67540098,137279,77278,67550782,137279
c4e156082ac603b8,26267,16448610,350716,26196,16476858,350756
c4e4e723fc054826,32669,22767369,112809,32597,22816850,112809
c4eae5050d44ebff,53393,43498580,129086,53321,43537382,129086
c4f5f72dfec3fa91,60154,50283488,138308,60048,50299964,138308
c533be294f35d63d,31293,21422843,136982,31188,21439800,136982
c542a3636e54ef36,88493,78620497,138084,88372,78648038,138084
c54b86bf9061aa1f,78144,68248496,128697,78073,68288924,128697
c551a217dc442508,47748,37858516,128858,47667,37892664,128858
c56f4d299f2714ab,12448,2579360,137158,12342,2592627,137158
c570acf023291a5d,114973,105103351,153060,114873,105149288,153060
c582715150fea93d,80640,70758613,126542,80559,70784994,126542
c58a1a6b8f36c587,26707,16820356,129731,26627,16852970,129731
c58dec413a61b350,63275,53378378,127489,63205,53420444,127489
c58f14cc10de3f14,17618,7739633,137152,17539,7764022,137152
c5a11e777cff98ec,105747,95863816,137407,105654,95892537,137407
c5e0df2527e94cac,69632,59780323,137220,69520,59789964,137220
c5e2ea87ffbb0cb7,30895,21039850,138518,30785,21050997,138518
c5e79ad6c7ac4176,62020,52179911,136053,61913,52190384,136053
c5e92272ffd1f430,62861,52983099,136656,62754,53006619,136656
c5ed02b73627f8a2,85946,76080416,137697,,,
c602dd4cea92bad1,31948,22080381,138119,31851,22096771,138119
c62f5c04588c3379,92034,82180438,137121,91931,82195185,137121
c6a310d66316be30,61836,51979925,136450,61725,51989902,136450
c6a3e935fe9fb6e7,59210,49363722,101470,59140,49381667,101470
c6a81c494c4950a5,27254,17379807,136880,27150,17399835,136880
c6ac4d775632146e,96625,86780777,138023,96516,86795177,138023
c6d9dd4d3e57ff8c,18069,8219795,138217,17952,8229453,138217
c6de718f8d5fc45b,31013,21163243,138075,30905,21173149,138075
c6e8925ec6bed187,51980,42140211,137546,51873,42150861,137546
c6f2989a61d8a656,46123,36259952,137983,45999,36270740,137983
c6f721857d11591e,63496,53600100,128237,63416,53641274,128237
c715c83252ea7684,56894,47020177,136681,56789,47039766,136681
c71f4ea1b7380fc6,22267,12394751,128657,22163,12412631,128657
c721bd3958978e92,59760,49899947,135936,59662,49910585,135936
c72fc6217ae9296a,112911,103040840,137471,112803,103056433,137471
c7300c991414ef13,10934,1079449,137474,10817,1088979,137474
c73cc8c869d63feb,105951,96100828,139114,105835,96110770,139114
c7499c373cd199a3,99023,89164300,157577,,,
c770ece1f03eed46,108934,99063980,137101,108828,99079733,137101
c787b40144794834,13457,3582824,128458,13389,3602962,128458
c78deeac8191c8ab,39571,29705849,154084,39459,29716723,154084
c7a58e62556f3ef2,93310,83424430,129002,93243,83455062,129002
c7b87955c80b1827,41993,32119831,137749,41887,32138683,137749
c7d53606d6693e25,40967,31103141,137574,40856,31113824,137574
c7e25192f242152e,12862,2999415,137027,12745,3009061,137027
c7ee7fd3d762de72,76797,66943236,137379,76685,66956101,137379
c82e58531b5c1129,24461,14578007,128289,24381,14605804,128289
c8304281611cc1e5,47340,37466710,129478,47283,37485045,129478
c87d2ce1eeff1641,72673,62804040,137874,72572,62819091,137874
c88f0483d562eef6,90659,80804114,137121,90560,80835636,137121
c8ba4c83d09f0c6d,58037,48163886,138872,57931,48182508,138872
c8bea230b176cb89,33769,23900503,128700,33659,23914939,128700
c8deee6e60a74ebe,105472,95579403,129842,105402,95617607,129842
c8eacb5a712ed64c,17238,7379785,138476,17129,7390059,138476
c9176d790d1987c8,117489,107640756,136774,117376,107650150,136774
c92324ab6470bfde,95792,85923700,136967,,,
c9312dc549af4707,11877,1999473,136812,11794,2022170,136812
c94db7b8b5824ea3,60780,50942595,152922,60676,50953937,152922
c954c0309ab0d40e,74690,64820664,128744,74585,64834823,128744
c9590c7bf0f1e1f5,59325,49438625,129203,59254,49469824,129203
c970230fdefef74a,14341,4462470,136260,14235,4486046,136260
c9a05339b2063bc6,81835,71963424,137663,81730,71981442,137663
c9a8375d55a6d953,103318,93441759,113647,103256,93464272,113647
c9b3c3fd1937d053,26769,16899919,139739,26683,16914525,139739
c9c92fe16f6d69b5,77238,67363245,137145,77129,67384741,137145
ca1020dfeffc3147,23095,13240041,138685,22976,13249697,138685
ca19353f6402415c,30659,20779411,136771,30574,20804678,136771
ca33f55d2b1a4c8c,92005,82140729,138078,91908,82152708,138078
ca43304da38a0e6c,98021,88180546,137249,97918,88194000,137249
ca4a728c34845ebf,75309,65443516,137882,75199,65455414,137882
ca77c854d11f2fde,10089,199571,138462,10019,294387,138462
ca79f1863b5233f3,91977,82103752,136829,91887,82143658,136829
ca89082e027f8466,40276,30429259,96821,40218,30450772,96821
ca9fae39604f114d,50523,40663563,138385,50409,40674010,138385
cac218e07471f61e,101735,91827366,137455,101678,91954139,137455
cad3a31f58493f61,85882,76020431,136837,85779,76036518,136837
caede8e1ee95675f,115167,105301097,138215,115065,105318649,138215
cb036a9e22a1acc9,46179,36323150,137666,46063,36333601,137666
cb09cffc6ec73ffe,14471,4599451,137584,14364,4615678,137584
cb1ab07f92c58aad,111365,101481361,140664,111286,101510190,140664
cb1b039aede94590,81748,71900467,137844,81637,71910809,137844
cb446e3144a3a5c9,52100,42224714,127012,51995,42245417,127012
cb64d09cb6a2f022,110235,100364132,138590,110127,100380722,138590
cb819b0757210d01,23220,13380154,139953,23113,13389959,139953
cba0d3e85849e7a9,38921,29059688,137088,38816,29070183,137088
cba8a663d5bbbeb2,36499,26598458,130530,36425,26644295,130530
cba9ca895f39624b,64263,54400476,137919,64155,54411375,137919
cbe8c66813f51856,33801,23940028,139718,33689,23953922,139718
cc03190e9fc63bc9,111937,102064375,138502,111832,102082393,138502
cc20d0dff04db88a,90902,81041512,138369,90800,81056887,138369
cc2442c300f201ba,104177,94304469,139694,104072,94322817,139694
cc25299d04bbff3e,18350,8479775,137526,18245,8495573,137526
cc2eafa14b7b4b62,33955,24099838,138196,33837,24112398,138196
cc478d0ac57fd197,14565,4699551,138283,14457,4710565,138283
cc5c693999f91d7e,41560,31699473,136423,41449,31710373,136423
cc754b597dd8ed64,104561,94700621,136834,104450,94711194,136834
cc9a343030b331e4,111789,101940479,136075,111675,101950150,136075
cca11435b5d8f14a,71398,61540281,138481,71289,61551292,138481
cca14f9e137fcfc8,19340,9458521,131230,19259,9485572,131230
ccbc8cb7c1148feb,89455,79600554,138739,89341,79614873,138739
ccd0afcdb48fca41,99640,89780786,137946,99515,89793536,137946
cce53bed4b096fb5,75709,65840193,137350,75603,65853917,137350
ccf2f57e7cc6596c,96472,86603861,138639,96362,86619947,138639
ccfdbfdc9725e7c9,31104,21260118,137865,30996,21270450,137865
cd1f6a7c08070f2e,95585,85700706,138351,95516,85741661,138351
cd2267ae2bf54b47,34928,25041271,131073,34846,25099402,131073
cd29671a43757876,43042,33199831,137704,42936,33211150,137704
cd2c27c523412c62,85322,75463661,156667,85219,75478006,156667
cd5b463b304d6649,34047,24199665,137185,33937,24213582,137185
cd928f3bd6f3435d,89014,79148201,182139,,,
cd9ccdd138c87cd8,91307,81459774,98398,91291,81491985,98398
cdadef8d59ee01b4,13362,3544639,333833,13289,3569422,333873
cdb06491ea4cecaf,73036,63164255,140110,72929,63182211,140110
cdb5a4262b176a0d,97063,87200555,137907,96960,87213130,137907
cdb91e284b3bb755,72792,62940414,138947,72681,62950491,138947
cdcae7c7524f628d,61476,51583061,137915,61399,51621734,137915
cdd711253e5f6f12,107433,97539442,128308,107367,97577946,128308
cdda08d85bd3767b,75247,65383361,155697,75138,65395874,155697
cdf1f4be5714fdb0,59850,49983592,137368,59741,49995363,137368
cdf3685942622dcd,90201,80319125,129677,90127,80347759,129677
ce0c9ea575b0cbc1,82659,72780291,137470,82587,72862923,137470
ce0ff76f35a0708a,71271,61401149,140526,71165,61417573,140526
ce107666035ce497,63618,53740077,137588,63527,53763867,137588
ce1ab6e1d27ff26e,78304,68429489,89462,78229,68447047,89462
ce24ea2f82bec8d1,91758,81843804,137838,91704,81905806,137838
ce449b0b4fb44593,12512,2650907,138745,12406,2660961,138745
ce9a30d2eab58261,51829,41963057,136636,51720,41974454,136636
ce9d3120649c09b2,50990,41121159,137898,50884,41135969,137898
ceb4dffb077b7a27,84130,74282684,97171,84071,74312355,97171
cebd4c9404aeb0cc,38077,28203043,137511,37971,28223458,137511
cee3c5ae680d83cc,50926,41059841,137235,50820,41071833,137235
cef219959994bdd7,46240,36402901,154461,46137,36414550,154461
cef505fb61fd40ce,33415,23546027,155226,33313,23566121,155226
cef958f4310c87bc,13016,3162435,137379,12905,3171930,137379
cefbe1acbd66ac6d,94513,84660811,138484,94401,84674862,138484
cf23e9c2d24c9756,99969,90100776,138846,99869,90117619,138846
cf3b5d3dfc4e9964,56239,46363405,138500,56132,46384811,138500
cf51205208eb7cba,35690,25822084,130714,35579,25836624,130714
cf573118066bdee7,71430,61563903,140002,71320,61577101,140002
cf9d5a0ada14c8fe,97921,88080714,138734,97814,88093401,138734
cfac432727638671,77206,67340086,136986,77098,67351492,136986
cfb7cc4f87cf4a71,85354,75486593,136067,85251,75503039,136067
cfd3380709b39855,116801,106960825,137692,116695,106971566,137692
cfe0cafcd1603ec0,38587,28699749,137776,38512,28732940,137776
d00206a38a74c40b,10282,422751,136917,10172,433403,136917
d00e83130e037ec2,85128,75260189,136635,85027,75275902,136635
d0368893b0661d98,66403,56546567,155712,66290,56557439,155712
d0409e0eced67b52,93439,83539766,128793,93369,83584154,128793
d045c4beea89e009,112321,102460886,138773,112210,102471478,138773
d04f346fef43b272,54906,45042907,155067,54801,45055337,155067
d05b6d405885c7e3,111459,101580518,137177,111375,101604467,137177
d063cf5b46fdaa4f,75278,65420248,137907,75168,65430646,137907
d0641341f1aa0221,97712,87844020,137979,97611,87858810,137979
d0678f9823265ea8,40733,30842857,136059,40652,30879444,136059
d06ee1d9f0e188dd,104654,94800888,137829,104539,94811398,137829
d0719332e072b4af,52544,42682981,135917,52428,42693460,135917
d0a5c195ef4a6386,69346,59480313,138439,69240,59491993,138439
d0b833e5f7c2d75c,112290,102420685,137136,112181,102436513,137136
d0c22d70f5113995,43325,33459833,137682,43223,33473405,137682
d0c242d13b813f51,76678,66820234,138003,,,
d0dff6a25f652e0e,29961,20084295,127838,29854,20105801,127838
d0e24b67c6056b99,107011,97140936,137977,106905,97156647,137977
d0f209e479e92299,77729,67858875,129566,77621,67873172,129566
d1376922c881567f,60315,50442985,138106,60207,50460967,138106
d1418307e0f7b133,24526,14641826,139787,24445,14672197,139787
d14f07dc39b12d09,95968,86120515,137058,95855,86133346,137058
d174e240e7880cdd,33706,23838436,129671,33599,23852120,129671
d191041b1596e579,105981,96124139,138094,105863,96133959,138094
d1c94505af50e8ef,89516,79660837,137604,89402,79672216,137604
d1cc9c6cc1120851,81626,71780328,137030,81513,71790896,137030
d1d1e227912bf08e,37421,27561194,140790,37312,27571815,140790
d1d20503e83c57d3,47950,38083252,138265,47843,38095279,138265
d1f3b1e9aca0b5dd,33131,23259925,138086,33004,23279471,138086
d22f0fd8da43aa32,117898,108023212,128774,117832,108042929,128774
d23cf7e6e35aef10,54626,44780229,139016,54514,44791287,139016
d256eebff0b71184,61381,51481977,139486,61308,51527666,139486
d28c7ae1da5edc7a,12360,2519361,137957,12254,2529239,137957
d2afc4c8adec352c,60936,51063218,136970,60833,51081469,136970
d2b846effc38ad6d,37078,27222165,129029,36961,27231599,129029
d2bf63f24af14448,115038,105161131,139046,,,
d2e2f161bc7eab99,106947,97081071,139741,106842,97093037,139741
d2ef5917f34f3c5f,103131,93260877,138616,103025,93276247,138616
d2f1a98493a3764c,92806,82960517,138104,92700,82977524,138104
d2fda487541bd04e,18786,8939344,136837,18675,8949297,136837
d326ba89c6b184c4,47020,37179973,137919,46913,37190120,137919
d327cdb504ab2224,11627,1738447,130133,11559,1772947,130133
d3339bb8de60b178,28759,18879730,137353,28668,18905112,137353
d338e6bc981437a1,51054,41183148,137422,50947,41199164,137422
d343d3c0ca9227e4,106010,96161043,138164,105894,96171362,138164
d34e57929d1843c1,73914,64043618,138127,73808,64060247,138127
d34ed74694271b52,93183,83364223,333230,93111,83392161,333270
d35712f2e3807908,92499,82623829,138296,,,
d370df8096c7f66b,12769,2903021,138142,12655,2913655,138142
d3ae1c048c7f1847,28449,18558085,129044,28378,18594192,129044
d3b5e5b95a02f314,109621,99743906,137451,109525,99766429,137451
d3c647899aadfb77,76184,66298506,127357,76111,66329270,127357
d3d05f0c2afefafe,84736,74863695,137584,84643,74895555,137584
d3d321fa9d9c31db,104623,94760705,137474,104510,94771251,137474
d3f1e6dac21e6137,100536,90683964,138255,100429,90696124,138255
d425f541c34d271a,94387,84520865,138319,94278,84534103,138319
d44154746f45a667,91814,81920636,137725,91748,81961889,137725
d455c8b121cb80d5,43390,33523018,137450,43287,33537830,137450
d45bf0fb2e240330,28066,18199584,137749,27961,18211104,137749
d477e8daea5dd2d6,36594,26700371,131168,36517,26739975,131168
d4aa2f14475f95ee,113355,103464325,137063,113277,103499763,137063
d4b1d717e600779d,34358,24549164,349974,,,
d4d4a7858bbd3653,34326,24460446,141755,34222,24472914,141755
d4e9af6c1152bfd1,108155,98284249,158117,108049,98301750,158117
d4eba1d127f5fb57,86549,76660566,136193,86478,76728979,136193
d5000cc9e1ea24b2,21952,12099604,137668,21837,12109788,137668
d501b4f90c7be169,16233,6359587,137223,16128,6378965,137223
d50c4248eae920a5,51620,41740398,139976,51533,41765574,139976
d51b751dff78a4d9,28607,18720176,140681,28529,18753134,140681
d51ea5abdfffbe86,11337,1463057,139089,11231,1482423,139089
d52403d720816563,49230,39383108,99457,49160,39406916,99457
d532bcb77b34a7eb,44079,34203192,136012,43972,34224204,136012
d5472e19e3b756f4,32912,22999987,137326,32811,23063042,137326
d5489dbc6dbad809,112975,103107319,135061,112867,103121134,135061
d56ef111f267140a,37108,27258554,130356,36991,27268349,130356
d575a02f8c921ca0,50958,41082950,136973,50852,41103314,136973
d58883f2ca40e3c9,52605,42760361,139220,52493,42770967,139220
d5d39f5216142674,56676,46820199,129446,56562,46829699,129446
d5d9b95a856a72f2,62646,52800021,137428,62532,52810395,137428
d5fb933ee0f99f66,113978,104145585,121350,113896,104154594,121350
d602cf1548110d3d,115230,105360837,138477,115127,105379303,138477
d61041727e56f7c6,81315,71443584,138681,81207,71461482,138681
d61d3ad2df48776b,110074,100204234,138354,109968,100219149,138354
d62d89337508aaba,74838,64987881,138663,74721,64998262,138663
d6337c6f9deecf43,101389,91521397,112917,101298,91539397,112917
d63bb2b97db7eb06,40613,30719619,136350,40543,30758646,136350
d643dc029facf7cb,96564,86704144,138714,96452,86727400,138714
d683a19d54ecca41,116317,106440920,137853,116231,106462761,137853
d6994ddd45677f07,71076,61203875,140126,70971,61222473,140126
d69b51938f09ddd8,99699,89840571,137605,99578,89853238,137605
d6c3f6401c2c9e5e,43612,33760161,138229,43503,33771141,138229
d6c997c1945de959,81441,71580609,138605,81329,71590402,138605
d6ca6018d08fbfb8,112035,102160730,137029,111930,102180437,137029
d6d4877cc52aa486,82030,72161800,136643,81923,72175679,136643
d7010be0a1aa035a,99088,89241670,100580,,,
d7111f4ef11b18b3,50860,40983547,139136,50755,41006616,139136
d724006003d479fb,88146,78258971,129028,88037,78294109,129028
d72e06e1c75040cb,14722,4859595,137522,14608,4868964,137522
d734a8b7878420b3,113746,103884486,138134,113632,103893882,138134
d74118d1efb5325e,40357,30472710,128462,40299,30502982,128462
d746602af7572c65,15088,5219451,137628,14983,5233504,137628
d758df60d0a43b15,64326,54460166,138132,64217,54472117,138132
d761ffd452165984,20560,10699259,136657,20442,10709041,136657
d76df2a3183082fa,45463,35600299,89338,45459,35606237,89298
d795265680882ee3,70783,60920587,139817,70682,60931402,139817
d7b5d957f5b9effc,31325,21459813,137896,31221,21473328,137896
d7b936c2b15a3785,93833,83963746,137786,93730,83978903,137786
d7c1c59560caa834,40550,30659809,137368,40485,30696567,137368
d7c43d7bcdad4c8d,92403,82540459,136774,92300,82554153,136774
d7cd1e522e56052f,11448,1601527,103388,11382,1618729,103388
d7d071d40022eb4c,33158,23286105,155115,33031,23309600,155115
d7d0f5510b689fac,43358,33499800,136531,43256,33510369,136531
d7de82c7ce6bf523,83206,73340571,138942,83104,73379712,138942
d7e0ab9ed083c41d,105627,95739489,130115,105547,95772413,130115
d7e1e9b78675a1f5,64135,54259933,136181,64030,54280152,136181
d8033e9b857910f8,39009,29159695,136957,38895,29170411,136957
d8240dea98aadece,91951,82080599,138322,91866,82142525,138322
d82b38b2d3a2f672,37915,28043236,138032,37810,28060803,138032
d82bb55e31d74d66,15809,5939416,137126,15715,5955227,137126
d83558e8b6e00326,94978,85103906,137865,94874,85128043,137865
d88a7d414e5975ba,76407,66518719,128384,76326,66552596,128384
d896b6d5d4e2e9ab,66773,56900971,137082,66664,56918149,137082
d89b85536a8838ff,106226,96363622,154716,106120,96375260,154716
d89ea60d910e1312,33050,23159653,137896,32930,23197914,137896
d8a02cb56787c3bc,57831,47962922,136253,57728,47976306,136253
d8a8ef2df4d494ae,79379,69520515,138302,79266,69530787,138302
d8d5bdb61bdca6e5,101795,91883946,138127,101735,91956032,138127
d8e8cee14b692a81,111729,101863900,137498,111620,101874112,137498
d8f86f5d5356858b,22349,12511517,101666,22287,12520226,101666
d8f87f235d41068c,63434,53540627,128572,63359,53579312,128572
d914e80bb0cd8382,25979,16120310,140445,25872,16131078,140445
d9342038d360de43,70163,60343269,328544,70089,60369760,328584
d94a8f6f97c09e97,119317,109464327,137104,119207,109473887,137104
d9513abd431b7a63,84824,74963543,136955,84723,74998482,136955
d96f20265f8d2328,47836,37959582,136220,47744,37980784,136220
d975f9f8b48b9ec9,107706,97824910,140023,107616,97852024,140023
d990a562fc07ddaa,97801,87952591,136983,97691,87964629,136983
d9a67dee98392afd,63308,53418320,127400,63237,53452459,127400
d9ae473a4454c1c5,109372,99481033,129785,109293,99517248,129785
d9d9ffa87f05e8a1,28576,18679547,127075,28500,18721188,127075
d9df0f9d423805aa,14405,4539489,137856,14299,4550583,137856
da0a6801e8f01930,66246,56380332,138031,66137,56391903,138031
da212ba88f444261,34841,24941320,132398,34767,24988537,132398
da5ef57c4b5dbf63,17174,7306507,137663,17067,7320400,137663
da8437ffafd7c944,82538,72660438,136876,82471,72747134,136876
da96e2cfa7829e45,33360,23519811,138007,33258,23533223,138007
daae6ae8223cecd9,118424,108561010,137921,118325,108571528,137921
dabaa9120912cbe3,82836,72980449,137733,82739,72991941,137733
dac5842670ec5080,65518,55640220,137818,65435,55663154,137818
dad5febf90d61c23,28994,19143015,136878,28885,19153612,136878
dadfc49fcd58f6d5,22634,12741883,113446,22565,12777478,113446
dafd002a71d770c5,27350,17477964,127847,27245,17495015,127847
db28f91188bdae66,16795,6942968,138548,16684,6953304,138548
db4309a13ad64f2d,62270,52400258,137842,62163,52415870,137842
db4e5c573edd4627,60595,50742986,154321,60478,50754748,154321
db587fd8ec3b463f,104990,95120837,137150,104884,95135284,137150
db5d506a2ae6a5cb,36313,26487843,355930,36235,26515079,355970
db88c96d9e303f2f,84054,74184060,137468,83947,74201099,137468
db9223dfd59b9328,37549,27680441,130395,37437,27694089,130395
db9b7032eeca02fc,32238,22363541,129743,,,
db9d3049c6970786,81219,71349201,153346,81112,71365647,153346
dba4f49ff7999352,13136,3262829,137688,13030,3281300,137688
dbc412bad6f8d800,10903,1042853,138526,10788,1052936,138526
dbd0766dd248f230,28480,18579750,127948,28409,18625417,127948
dbd7a4f68587d79d,89697,79823642,137593,89595,79844303,137593
dc285db4bc99f88e,36184,26320592,142842,36080,26356335,142842
dc5c5c1937cd0c91,92242,82366925,156070,,,
dc751a24ec38e9eb,38891,29023370,137107,38789,29036555,137107
dc76a5673c5f6e7f,118847,108980563,136661,118741,108992522,136661
dc7ab31543cd8d6d,107618,97724691,138891,107537,97763852,138891
dc986aae17960bee,61219,51344436,127061,61148,51364362,127061
dcad4a15c6c810e0,59790,49923168,137352,59689,49936093,137352
dcb4918d99dd904e,37766,27919799,137933,37653,27930710,137933
dcd0a7bacfbaa9d7,29654,19799686,138411,29540,19809837,138411
dce0366e30759000,61748,51879999,136665,61646,51893382,136665
dce925a3a443839a,41306,31439660,136826,41200,31451524,136826
dcf2229a7fba9e8f,113195,103299763,128898,113123,103340374,128898
dcf35607257b522d,40997,31140341,138479,40883,31150600,138479
dcfed43f0c0d6215,48037,38183106,136950,47921,38192897,136950
dd2af57cb6f59f6f,117609,107741041,138973,117503,107755108,138973
dd3ec33f83c3aa63,100444,90584281,138653,100334,90596346,138653
dd54abf1d6b18ac4,99363,89481474,140250,99250,89512028,140250
dd8096c5b4abd42c,11026,1179344,137657,10916,1190052,137657
dd871aec5a1d2ed9,50708,40860188,138838,50596,40870576,138838
ddad0e6c90048ccd,104121,94280851,137327,104014,94291837,137327
ddb5b7069d8512f5,24000,14159528,137844,23892,14169446,137844
ddb8627a93f05ff4,112068,102203682,155290,111962,102214961,155290
ddd78c89b3f91823,85817,75942327,128322,85714,75964233,128322
ddd7ab32c2714fd7,63981,54140644,139702,63877,54151228,139702
de201eba8198ce43,34108,24260392,137129,33998,24272419,137129
de23350cd07b8aba,70574,60683444,137233,70494,60719667,137233
de30be286390d571,20622,10763299,137616,20505,10773710,137616
de554de4f3629d5e,27156,17283241,138135,27052,17301954,138135
de58982dea15e7fe,77362,67500192,137055,77249,67510217,137055
de9d6a534e0aa1ba,90480,80603862,137280,90397,80672920,137280
de9fb7840db3f3f2,79062,69200128,136251,78956,69211365,136251
debf9c00d5d36ac7,51769,41903374,137232,51667,41914203,137232
dec5e2103ff30dc3,33185,23319239,135003,33057,23336090,135003
ded92fe02cb8d9e8,13233,3359663,137304,13127,3378034,137304
df03df129ae0f211,23011,13143082,137352,22901,13155989,137352
df0bb0db4c93ac99,117848,108001449,99509,117782,108019334,99509
df126ec3d6d8f678,118216,108324324,137292,118138,108362346,137292
df1332a669990755,57055,47183156,137614,56947,47200423,137614
df46f5e312defdb0,119007,109141015,138255,118899,109152612,138255
df5815269cda306e,69880,60039965,136876,69773,60050715,136876
df64f46e855788c1,72823,62963772,138446,72709,62973934,138446
df8e4ef9fb132290,32046,22179591,137315,31948,22198148,137315
df90a099365bc198,62796,52931235,136978,62690,52941654,136978
df9a3996afe3062d,26519,16638792,130074,26450,16664935,130074
dfaeacee08d2fc5f,65752,55900295,137667,65643,55910492,137667
dfd0472027dd50dd,58070,48199881,137092,57964,48215184,137092
dfe1db65424ea49d,96218,86343645,138055,96115,86378706,138055
e00458762b3a0df9,105344,95449076,129741,105277,95489832,129741
e047d00be3483838,46046,36163442,137635,45933,36191169,137635
e05e53e4eab77cbf,107969,98120870,138420,107853,98130404,138420
e0611ea3b6175307,67385,57480411,128396,67314,57529881,128396
e065462875359569,60748,50901234,139457,60638,50910864,139457
e07056eee3d6d085,58390,48518856,128610,58279,48534954,128610
e0741936f81b67cc,73134,63264453,162226,73026,63281299,162226
e0788123e3c21518,61444,51559728,136322,61368,51589992,136322
e07e8fa12f606753,86695,76823647,138860,86602,76843404,138860
e0b7fd2af96b0466,76312,66430310,128896,76236,66457546,128896
e0bc53eb70910b4b,71493,61640620,139586,71381,61651000,139586
e0c99d4f4cc572bd,43643,33783214,136292,43532,33793287,136292
e0cf43104f726f5e,100878,91003770,138468,100777,91027671,138468
e0d1024ebb379ecb,94259,84401146,139967,94153,84415549,139967
e0d5f1b9125e1f6e,81001,71160523,137244,80893,71170698,137244
e0eb1bbd3426166f,86269,76360511,128347,86215,76416353,128347
e0ed01137e8523f0,19596,9719448,137093,19509,9742230,137093
e0f770049a045e40,69725,59863284,136719,69609,59872689,136719
e0fcb473c93b5cf2,26888,17022863,136070,26788,17033724,136070
e0fcd54fd69f724a,30598,20703331,139398,30519,20744177,139398
e0fddb26518d842d,77762,67900847,139542,77654,67910681,139542
e1040160381b96b5,71647,61800391,139099,71533,61810793,139099
e12b981e1a629617,70207,60359761,98555,70138,60377020,98555
e12cf49a9538ee2e,114598,104704351,138122,114479,104743496,138122
e15fe05a459bb5f0,107189,97343154,102823,107128,97361067,102823
e17179e428510e24,68364,58487935,128582,68333,58508175,128582
e18e80a6005833df,90689,80840839,139939,90586,80856915,139939
e1902676b970d298,39382,29520129,138576,39276,29531160,138576
e1920ed937b08359,94698,84843858,139065,94589,84855927,139065
e19886d0630651a9,41530,31663108,137640,41420,31674750,137640
e1a3ca929fb24fec,76916,67043514,137488,76811,67062649,137488
e1aa994bd0bce621,57861,48000046,137392,57755,48009772,137392
e1adf4b360f0ccb7,28877,19019503,137539,28773,19030216,137539
e1b185b8e805d045,95399,85501040,140739,95342,85587201,140739
e1e56114fece0b06,34261,24399578,136997,34158,24412095,136997
e22249b6abe84ff8,91159,81310158,136888,91055,81321925,136888
e2472773c3193ec4,99299,89419468,129625,99189,89449353,129625
e251162c65b7b626,70449,60560699,139647,70377,60595233,139647
e2528772b8866d8b,58635,48783591,138118,58527,48793663,138118
e279b5a9c1fe23aa,82094,72223612,138210,81986,72239592,138210
e27b474af7eace37,47628,37720083,129590,47559,37772639,129590
e27e226729e70adb,39847,30000052,138257,39735,30010125,138257
e28df52122ec0506,103698,93820779,138888,103618,93848115,138888
e28ece9862d7378d,105229,95383069,101427,105163,95399720,101427
e2c16cbb770370e6,23875,14020122,129153,23763,14030133,129153
e2d1237a298e8ffe,99819,89963916,137540,99708,89975598,137540
e2dfe5bf7508ba9c,78931,69060572,137932,78826,69076721,137932
e2e56611ae287416,63943,54098611,128945,63840,54107890,128945
e2e60bce2128d570,109276,99380969,127957,109198,99421249,127957
e2ed34ae24865cf0,35220,25378755,130874,35112,25391112,130874
e2f9da7008281237,95705,85823548,137363,95621,85861180,137363
e317da18a9da704e,66934,57063778,137799,66822,57079166,137799
e3243ccdc60f64a0,13866,3979451,136957,13778,4011558,136957
e338285731592d26,84276,74379024,129254,84216,74491992,129254
e3392875d9f1954f,114572,104681063,137963,114455,104717451,137963
e33daaefb5d59896,43102,33259624,136517,42996,33270356,136517
e344a8fc75bf9a23,12955,3099582,138395,12833,3110259,138395
e34721f7c23251b5,116035,106139187,127935,115964,106179944,127935
e351e2763d827ca3,108315,98446888,140812,108208,98461510,140812
e3545e934f86818e,81346,71480179,136756,81238,71492409,136756
e36781b218bf2642,50647,40800089,138486,50533,40810154,138486
e39c4111c1960faa,110171,100306631,136674,110064,100316602,136674
e39c606d80045aa3,113163,103267557,129606,113092,103308361,129606
e39ff408053f85d4,38206,28339725,136895,38098,28351538,136895
e3a700138068290d,115537,105684306,138832,115425,105694711,138832
e3da7b36f2f8298e,55106,45259920,100196,55034,45277582,100196
e42863fc7ae12c8c,113386,103500714,136063,113307,103531353,136063
e4294b9295ff2416,52636,42783732,138081,52526,42793972,138081
e42f961b26bab357,99848,90000650,138024,99738,90013240,138024
e44bc8c15556b9af,23308,13442941,157771,23203,13455006,157771
e4626a5976187637,79626,69779764,128799,79518,69788645,128799
e48702a1f486a921,73761,63920392,138317,73653,63930409,138317
e4a9d552e37f09c2,33213,23342345,136545,33088,23359566,136545
e4b1d28e3e7abcaa,19992,10143109,138291,19885,10153364,138291
e4b9ccfcbaa16fef,57981,48140444,138142,57873,48150344,138142
e4cfaea58f0e1224,80357,70460482,128109,80292,70501789,128109
e5082fc0ffb9b1e9,17649,7762948,137838,17568,7794763,137838
e523cad917a64aaf,22299,12485816,330482,22232,12512651,330522
e52d287f0755bdce,10115,239503,137562,10039,295309,137562
e52f12e47881353a,104339,94463642,137051,104234,94485057,137051
e536ce7bf98ce75b,109178,99304461,129394,109101,99323348,129394
e54f6efc4d751c10,15462,5578123,129682,15383,5607650,129682
e560f0121db46868,59260,49385443,128759,59189,49405164,128759
e56622a17005e51a,31981,22119928,137766,,,
e578f438d962c432,67195,57298989,130701,67133,57340410,130701
e5da40d94fc2a69f,72643,62780762,139238,72544,62791080,139238
e5e37083f7cec1f0,115970,106083472,129682,115900,106115140,129682
e6168b62af55cd88,76438,66560970,140757,76356,66584491,140757
e61ea26912c0bafb,69538,59680010,136841,69429,59689729,136841
e62c0267a32048d4,116524,106661329,138974,116417,106671576,138974
e6382fbede9668e2,15717,5839750,139143,15630,5863159,139143
e64464b8ad7d9cfa,99426,89541234,137108,99309,89574964,137108
e6526de58f19bdcf,41895,32023376,137320,41790,32041613,137320
e658bae6f2c5de56,30186,20366238,343263,30113,20393626,343303
e669ebfaa8e755cc,56861,46983234,137926,56756,47007381,137926
e66cdb3c08a65ced,44376,34459908,129198,44320,34520670,129198
e6b6a825d36a7289,113539,103660781,137828,113447,103684057,137828
e6c87bf162fc66e3,50828,40960013,138645,50723,40974163,138645
e7093fcc35c3d436,15990,6139462,137388,15880,6149961,137388
e714b86ee35c4852,66708,56839849,136247,66600,56853757,136247
e719512019202243,49660,39782275,139757,49575,39805755,139757
e7198ea747c12622,88463,78583530,136322,,,
e725f3c83be60d04,64848,54980322,138638,64743,54993971,138638
e759cc6ea7c01b6d,14967,5119563,138220,14857,5129827,138220
e799a686b8603cd2,55414,45528511,113506,55335,45558252,113506
e7def86a4b986af9,99881,90040823,137916,99778,90056776,137916
e7e38dbc7841ca91,38237,28379924,137298,38128,28390550,137298
e7f3c8703c945ef5,69787,59940155,137649,69673,59950456,137649
e7fa5c71bb6d585b,64389,54520422,138668,64277,54535380,138668
e81c67dde9a511f9,86840,76982065,138769,86728,76993321,138769
e81e1cfb9a0bec3a,43916,34043269,137501,43811,34061659,137501
e83c33818f9b4125,56366,46500097,137516,56257,46511643,137516
e845217a76e64522,38142,28279655,137165,38035,28289766,137165
e8471e2b2cdb86bf,111670,101804068,137699,111567,101814999,137699
e8545a6dd485140e,57364,47478639,129509,57289,47509715,129509
e8575c67e7396372,25293,15426688,138134,25188,15438242,138134
e87bb5364e8dca71,72362,62479228,131721,72280,62507531,131721
e88212c9505c0a0b,47565,37672958,140222,47501,37710297,140222
e88ed7746ba6714c,39477,29610411,137165,39368,29622007,137165
e89ffc9f4f80c90a,44712,34822811,137122,44625,34857106,137122
e8a26e087bc5789a,74109,64262262,99665,74030,64279768,99665
e8b582c5f7f79ccd,27968,18099779,137279,27864,18113483,137279
e8cb3aac14dc7193,75557,65703440,136631,75446,65712856,136631
e8cc658086282e67,118059,108159823,130968,117991,108205222,130968
e8ce0ad598d57d87,79944,70080229,137217,79837,70090082,137217
e8d0e51723f964e0,28416,18520004,129018,28346,18561666,129018
e8e12eda13f34004,103098,93223754,136563,102992,93267761,136563
e8f2f343229c1a63,36249,26378594,131166,36144,26395744,131166
e90538d04a1eaec5,112384,102520799,137723,112271,102530332,137723
e91208f6504961ed,24778,14900589,130425,24685,14923202,130425
e982fed3414ce391,85574,75720632,139013,,,
e98d1beaf7897b78,101164,91279318,127801,101071,91314687,127801
e9948398a36bace4,111237,101340987,128344,111162,101382435,128344
e9a54209c05def4e,19001,9139738,138745,18895,9149978,138745
e9b0d08033ae6248,116068,106179392,127699,115996,106212881,127699
e9b23fdb2683383f,79094,69223603,138619,78987,69239614,138619
e9c1042482efe8c4,26237,16378280,129297,26126,16388222,129297
e9c445257b0105e8,15313,5484218,334575,15231,5511002,334615
e9d88d47dd4ab6bf,66997,57185172,332730,66931,57211961,332770
e9dbfa6dc017fa68,36466,26576020,115421,36392,26610187,115421
e9eeef13f98816c6,39724,29878184,126983,39610,29887628,126983
e9f6442e32a2633f,52760,42919966,137518,52653,42930161,137518
e9fece6442475c17,62707,52863376,156140,62597,52874234,156140
ea3bbec125768f53,75151,65281071,137556,75044,65296297,137556
ea485e7165d0a263,26677,16798386,130535,26599,16822690,130535
ea506d55b20352d1,79317,69460447,137541,79206,69470815,137541
ea54bf4c4c32a69e,69507,59640239,137438,69398,59651668,137438
ea5d5638a4a6420d,49567,39680073,128732,49489,39712170,128732
ea62dd3df7e76ba1,90781,80940484,137497,90676,80955291,137497
ea6474311cc7ce85,10811,942592,136561,10700,957568,136561
ea80b3b2679e105f,74448,64562330,140433,74362,64593165,140433
ea87519073620c1d,76738,66880242,137644,76633,66908448,137644
ea8fd9823a2be516,15121,5259344,156475,15015,5271707,156475
ea9b22a8a6d6436d,85258,75400677,138572,85156,75413223,138572
eaa45f25a9ae2885,32367,22459531,127892,32312,22557876,127892
eae0bd7a42066ff9,19130,9263023,137955,19023,9275825,137955
eb06d283d9ba436f,36626,26738541,130034,36548,26771814,130034
eb104c3aa12d5dbc,114520,104604083,137515,114407,104665883,137515
eb1932bfc967dbc4,30229,20383135,101559,30161,20401245,101559
eb3a868bd9a95462,41715,31863065,156062,41597,31874104,156062
eb6634bc41c4de32,85728,75878875,127921,85618,75890140,127921
eb7e2d1c02d7e5b1,70385,60480625,129805,70315,60530170,129805
eb96514b8001f374,64166,54298453,127866,64061,54311893,127866
ebad7886dc1d1a00,53904,44059829,136632,53792,44069778,136632
ebbac692adf1e81b,24120,14260142,137590,24014,14275035,137590
ebc4244d8faa1332,56829,46959893,137043,56724,46974604,137043
ebc8b6c89f50a73e,46557,36681554,127763,46453,36701729,127763
ebcd406354ea91c6,113926,104114993,334453,113844,104140094,334493
ebe84c13f0757e28,79595,69741877,126835,79487,69750859,126835
ec0d2489be5adf95,63913,54066222,135770,63809,54075794,135770
ec0feb12ac75d015,22408,12568996,338823,22346,12596253,338863
ec234c923bb572fa,37796,27942651,135013,37685,27952837,135013
ec5645fa1faf8322,80819,70960456,138346,80717,70970344,138346
ec7e76ea35f52fa7,42722,32839669,136290,42639,32867256,136290
ec7eeeadbbfb5826,14308,4439456,138010,14202,4453039,138010
ecac528c35552625,28907,19042579,136834,28799,19052767,136834
ecb2f715ed14d813,101486,91598491,114746,101390,91639202,114746
ecd4143a3b437f26,53548,43660854,130426,53467,43693829,130426
ece1fcfca84f760f,87588,77740543,138148,87482,77752958,138148
ecface29c8dd30e1,41745,31898358,128734,41630,31907608,128734
ed00a9660d88f5df,103906,94041035,137743,103808,94059751,137743
ed014bfeb9d27fed,29175,19303061,138266,29070,19320337,138266
ed3346859525ba6c,109710,99843705,137995,109607,99855820,137995
ed6cd19a363a0748,55717,45844086,138420,55611,45862603,138420
ed8a799156056e5b,94097,84223802,137860,93991,84242403,137860
ed965e244e710a91,101551,91640305,132163,,,
ed9d201cace560ca,82170,72323211,97334,82112,72350600,97334
ed9e5bbdb06ce04d,92592,82723464,138086,92485,82741390,138086
edac0329463fafcd,95524,85623647,137634,95461,85737044,137634
edacd1344ff63b03,102017,92163835,154116,101937,92177731,154116
edbf988fefa96679,35905,26058811,131667,35796,26072074,131667
edc0f1f5ad0f373a,30924,21063336,138805,30811,21074166,138805
edcdb2baf9b2abf0,16458,6583073,139117,16349,6603718,139117
edf4031bc4648148,50398,40539899,137950,50288,40550622,137950
edfb78e9e71a6ec7,44197,34350396,97257,44144,34372131,97257
edfe283b3459725f,89393,79540604,136598,89276,79554695,136598
edfe4826f87e6109,116763,106921184,138472,116657,106931026,138472
ee141f3468b83965,58848,48980043,137345,58743,48994526,137345
ee15ed5744d9ee52,80789,70931612,137484,80691,70942117,137484
ee22697e90998af2,22042,12199785,138572,21935,12209690,138572
ee43daf12a88965b,96533,86680664,137936,,,
ee4b620df1d0500a,87676,77804201,138254,87573,77824373,138254
ee53dbfdd26af4dd,67564,57683546,137756,67474,57709552,137756
ee77c8e42c079a56,96966,87100510,137713,96864,87139886,137713
ee9b05bb87b86001,23936,14081873,140273,23824,14091517,140273
ee9e1f727235460f,94323,84460567,137047,94216,84470825,137047
eea62649cf823492,61349,51458449,128209,61276,51493689,128209
eec056bb576eae6c,72117,62285992,342979,72032,62312750,343019
ef00a2d8745f5dd6,29928,20062725,155941,29821,20074336,155941
ef1ec0fd4694574c,100289,90424424,139082,,,
ef23cb356478371c,76708,66843586,138295,,,
ef2a338f717ebab3,68859,58960285,138364,68770,59004024,138364
ef2e7b7c535e0993,24088,14219792,137715,23982,14233644,137715
ef3082d14e508851,15494,5618208,128916,15415,5639236,128916
ef31f1c7c4b391a8,87807,77940387,137339,87703,77954896,137339
ef473c05631c1ea9,55628,45760532,139302,55532,45774391,139302
ef5ae3cde88c7664,19841,9979422,137216,19736,9989683,137216
ef6e5fa92c48a93d,23844,13998259,128740,23731,14008153,128740
ef7c76b5601c1411,21121,11259848,138066,21014,11271036,138066
efa2aaeb2c8a2dcd,50335,40463074,137856,50227,40480647,137856
efc4eb42f876b994,55350,45480595,115391,55275,45494803,115391
efde6af37106aa67,61000,51139748,135712,60897,51150441,135712
efee8f7ab2c9d03f,56707,46860452,139903,56594,46871107,139903
f026da8849a60026,111090,101243082,98971,111016,101259724,98971
f041f7893ebbe3e7,32996,23082889,137132,32882,23145013,137132
f07fa25582bb3478,70543,60660311,137023,70466,60689217,137023
f0845bdaffae9cf0,118395,108520881,137169,118299,108540799,137169
f08f07364852fee0,27817,17963030,139690,27706,17973157,139690
f09ab3ebd2dbcad1,48725,38879857,136217,48614,38891207,136217
f09cc91722ba9da4,19961,10119657,136855,19852,10130028,136855
f0a01cc8a11a8b2b,74416,64538598,128206,74332,64560956,128206
f0a7980f3d1ece3c,42090,32219773,137252,41984,32235520,137252
f0bcf39e73a7b861,64978,55103644,138770,64872,55123796,138770
f0c3df885dee473f,95107,85240623,137545,95001,85255011,137545
f0e048faba90786a,86665,76800210,136859,86577,76815516,136859
f0e2196854cc87c7,35340,25461395,132202,35235,25488121,132202
f10cf2ef29e6c48f,73421,63560400,138231,73305,63570389,138231
f140e34feac3fa8c,60534,50679863,136581,60419,50689996,136581
f1434fa4c2cb1c20,29840,19999880,137798,29734,20010010,137798
f152df158ea687fe,10654,782682,137993,10547,799240,137993
f16143da8c814350,117242,107380797,137963,117124,107390899,137963
f197df9261c4c2db,68175,58351241,138896,68085,58362087,138896
f1a8d7c76695a87a,58420,48558500,128645,58309,48567983,128645
f1ab04c27ec751dc,34229,24359867,137435,34126,24402121,137435
f1ac25586edd454b,43705,33842713,136582,43591,33852951,136582
f1ac33b093570036,37611,27759986,137657,37498,27771100,137657
f1daeeb07448449d,65636,55760454,138850,65541,55781932,138850
f1eba32131a45cb4,22136,12264544,138128,22033,12282343,138128
f1ec2030a5fd0473,11530,1645469,130761,11464,1675167,130761
f209d7269e9acf34,58604,48760263,137962,58494,48771223,137962
f2349e5993291287,22814,12918085,129292,22729,12958882,129292
f25868e07452f151,92685,82823823,139115,92573,82836208,139115
f2804010505dc15f,118878,109004169,139797,118772,109024599,139797
f2885fc7cc73e120,68936,59060244,137781,68834,59081601,137781
f289792fe4ab6fd7,40422,30519530,126913,40363,30567377,126913
f2a3a47cf0b8a806,30567,20679752,137777,30490,20712677,137777
f2c624dce51999a0,49194,39366523,348542,49119,39399800,348582
f2cf7112febb928a,57950,48100172,138258,57835,48110427,138258
f2d4ddf399ae71f3,86205,76306359,128851,86152,76398400,128851
f2f314886079a594,92530,82660881,138231,92426,82701374,138231
f32b48bd7a3750b7,20776,10922716,136846,20665,10932389,136846
f331e781c25b54f1,61569,51682963,136962,61485,51714812,136962
f3428cff3eef12d8,17832,7959564,137475,17735,7976971,137475
f3628af602875598,54056,44183419,138228,53951,44201870,138228
f36da7678570934b,52263,42400384,138955,52156,42411023,138955
f37d3caf544b2221,52357,42483268,136999,52249,42503187,136999
f38c643652d03409,64544,54683424,137184,64425,54693245,137184
f3c426b36ccad1b8,63022,53158459,128144,62914,53167629,128144
f3c4fb8f774a0d7e,89078,79206939,137557,88973,79227426,137557
f3d82a4f160cb6a8,56270,46408356,183250,56163,46422219,183250
f3d874b77a09a7cd,17802,7922781,138817,17708,7947528,138817
f3dfd85888b183a7,23182,13339972,139466,23072,13349684,139466
f3e74fee5a6ae19c,117771,107904153,156974,117664,107917355,156974
f40d6392661ff08d,111759,101900749,137063,111647,101910116,137063
f41b311478c9a46f,44564,34663309,137175,44496,34709660,137175
f43df9271571bca4,101582,91664230,128559,,,
f4439aa780e902e9,38013,28140281,137820,37907,28158382,137820
f485246028e64225,11907,2022875,137849,11821,2053561,137849
f49d5423a8c2e65e,75372,65518800,127825,75260,65528651,127825
f4ab5391d9e13e19,86396,76498827,128329,86336,76545658,128329
f4aba2dc123c6ea8,20960,11083054,138483,20855,11105946,138483
f4b50e5a4bab37cb,76248,66359010,129702,76174,66393626,129702
f4bf693ca1b77c19,62925,53063184,155647,62819,53074834,155647
f4cd37f397bdafa0,89301,79440497,137828,89188,79453091,137828
f4e485892424e851,11846,1959542,137959,11766,1992114,137959
f4f7e2e3b6ccd534,64199,54321985,139442,64093,54345341,139442
f4f8c4a9f6c41415,20021,10179720,137385,19915,10190233,137385
f52affda066c18ba,85481,75623559,156135,85373,75636319,156135
f52c90337079f2d5,118454,108584355,138077,118351,108599668,138077
f546e41938e30ca3,81378,71520408,136767,81269,71531028,136767
f581ef84c2b3b747,55002,45140317,138503,54896,45150946,138503
f5828d2697f8d60e,89762,79898970,128290,89659,79910595,128290
f584af9b49f732fb,24809,14938219,129975,24714,14953577,129975
f594f596a47802ec,14814,4959458,137716,14696,4969921,137716
f5d0d1143a3043a4,12545,2679545,138145,12438,2690651,138145
f5d54c6b49e911a7,113479,103600929,138110,113392,103623955,138110
f5dacd270efa6d24,100099,90226873,136431,99999,90248479,136431
f5f3ca049f28c0db,45712,35738359,129061,45679,35856828,129061
f6496304f79a686f,114139,104236583,138435,114054,104285832,138435
f650a2fbb3132ef0,83270,73400508,138040,83167,73418641,138040
f6895b8e591026b3,91729,81820541,137677,91681,81877590,137677
f6981628a0fd6383,31140,21299618,137878,,,
f698782a8e436c8d,59074,49202763,136732,58967,49220154,136732
f69c14e6a34d1c05,29896,20023203,137457,29790,20042335,137457
f6a1457c22ab4f4d,66805,56940114,137709,66695,56950137,137709
f6bb56fa1e1f7f5f,108902,99040787,136448,108797,99051354,136448
f6e5ffa2706af65f,95645,85760792,138313,95569,85802518,138313
f71aa9bc321f5396,115508,105660908,137373,115394,105671084,137373
f72545804dc529dc,27935,18063186,137242,27831,18081292,137242
f72eb9e552250d94,19751,9880211,136958,19653,9896872,136958
f7434dcdf2fc29d7,21747,11880094,139793,21654,11892806,139793
f76109103f747810,102665,92803942,137302,102569,92821138,137302
f770b3a335f6939e,97407,87520635,137644,97325,87554984,137644
f773e5924ffc7642,12201,2342473,137781,12083,2352986,137781
f780eb725c2bd239,90039,80164482,128095,89967,80188537,128095
f7ba13af85136b08,65810,55960232,138180,65695,55970270,138180
f7c0bcff1a4a79f9,65956,56083043,136611,65850,56101452,136611
f7d560949f675006,95675,85800371,136246,95595,85830539,136246
f7e6e8578eab877f,62990,53120432,139028,62882,53135945,139028
f7fee5227b675642,103964,94104295,139180,103859,94114572,139180
f8027b77f688c2b1,23276,13410918,138607,23171,13421558,138607
f8194e0c13186d39,110424,100564172,137013,110310,100574283,137013
f829499ca9a90321,51402,41518760,130194,51328,41546498,130194
f82ea3d6bc4e4096,72520,62639432,133044,72431,62666606,133044
f83d7abeb29a4f4d,104901,95060583,136940,104793,95070640,136940
f85d2fa889eb7adc,25517,15659947,139592,25408,15669674,139592
f8793f942aded4ce,56076,46206596,157099,55970,46222778,157099
f87b53afefe6e402,19034,9163064,138677,18928,9179410,138677
f8875f0a649e7171,65577,55700095,137781,65488,55722642,137781
f895c58a55e2e874,99729,89863731,136912,99608,89875783,136912
f8b060ab8310fc99,36841,26963206,138284,36748,26987114,138284
f8bc3f379baf6a8f,26858,16999805,137585,26762,17010987,137585
f8c95bce1ad0cdf2,21090,11219794,139327,20984,11235459,139327
f8d2e209936fa2fd,10558,682923,138297,10453,704458,138297
f8d95e28ca9dda1d,62302,52439972,136856,62195,52451078,136856
f8e1f22c206f4b57,56461,46600201,138415,56349,46610262,138415
f8f01001ac10e470,23153,13303564,140901,23044,13313190,140901
f8f8321bda59f7ae,119164,109301154,136858,119050,109311403,136858
f92e0a3b4d1082d6,98829,88960617,137411,,,
f93f7b03ac8f3d7b,49721,39842848,136219,49630,39865937,136219
f959b293c81c8a38,101706,91804078,137817,,,
f95dc5bc5f93c85e,45001,35160165,137424,44893,35169867,137424
f974a6be7f796c05,76069,66222755,100740,75997,66239366,100740
f9803471eadd5c76,100567,90720375,136907,100460,90734252,136907
f9a0daef34677e48,54315,44443329,137031,54207,44460761,137031
fa05bc4367f7d79d,109770,99920860,137021,109660,99930718,137021
fa0a82ddc8e539d4,27694,17839903,139111,27578,17849542,139111
fa13a0edf924ba9d,49033,39163564,139020,48928,39179570,139020
fa22a95e6f3c45c2,89826,79959203,130054,,,
fa284e14f13ecb3d,87341,77480426,137118,87235,77493429,137118
fa3185838176c9d0,60441,50579972,137083,60330,50590216,137083
fa5eaf12458d37ab,80453,70560481,127560,80385,70597925,127560
fa8e91687c2cf108,76828,66980225,137163,76714,66992417,137163
faa3e1fc9d1959a5,92339,82463819,138401,92237,82488624,138401
fac53e4e7a1708e1,96748,86900195,135969,96643,86912440,135969
faccbb59b12f965e,87150,77280581,137950,87049,77325145,137950
fad02b0c7c8f6fec,20241,10383242,157678,20133,10395044,157678
fad67176bc081991,31357,21499883,137714,31253,21513934,137714
fafa2145cfa9167b,84211,74326186,129093,84152,74427637,129093
fb075135f7a3585e,110859,100983765,136491,110753,101004685,136491
fb0cd8e6c75dcaf1,81534,71680147,136979,81419,71690658,136979
fb1ad2ba262137bc,52513,42660056,138329,52398,42670393,138329
fb50ee9f5dd945ca,94041,84200480,137786,93933,84210800,137786
fb7c96fc546b77da,108057,98184190,138349,107951,98202699,138349
fb85084431e18d3d,116672,106824408,138506,116566,106834688,138506
fb85dcc45390c26e,115355,105483846,137208,,,
fb86d158e769e7f5,108626,98781182,139619,108514,98791566,139619
fb8dc417fbe56f8f,77954,68084298,137454,77843,68100839,137454
fb9a955817d90005,43486,33619901,137761,43381,33633491,137761
fbbd61cb5b599a84,83646,73800248,137166,83534,73812688,137166
fbce0c3cedbd6d0f,77891,68022567,136954,77781,68037922,136954
fbea0aafcf726e5f,107076,97203856,136943,106969,97221945,136943
fbf106d9f86dbd2d,25195,15322803,136996,25090,15340402,136996
fbfb4c0d022b6197,62334,52466269,155373,62226,52480909,155373
fc1525f1ec2e7963,32732,22810885,127345,32651,22879812,127345
fc205dbecd2bf103,25357,15499784,137801,25252,15510547,137801
fc3d66339c700127,37860,28019961,137925,37753,28030407,137925
fc3db2cc0a9f3f25,105311,95427159,129647,105245,95456218,129647
fc3dea153b4756e2,45100,35259939,137652,44994,35270209,137652
fc6a533ea8520403,88032,78184862,99100,,,
fc7094135b2a0ac9,82218,72344971,128978,82160,72363765,128978
fcabc3bea220df6b,31486,21619413,135646,31379,21632643,135646
fcad204ac9093e02,60186,50323145,155503,60080,50335391,155503
fcaf20f88fe34b88,97439,87560238,135657,,,
fccd8c34a85dc2c1,63648,53780305,137516,63554,53793767,137516
fcf80eaeae634e1b,47470,37559759,127582,47411,37614862,127582
fd1ee2ee4cf00557,57250,47403010,99887,57176,47421452,99887
fd25fa924ae2972b,42058,32182930,137824,41951,32203275,137824
fd4febb36ec3b973,102726,92863755,136066,102630,92905921,136066
fd50bb7cfe178130,65396,55499992,137002,65323,55541906,137002
fd59b5b75e4d7fcc,71366,61500792,140919,71258,61512679,140919
fd74532c79d8faaf,36689,26803446,137431,36607,26834572,137431
fd81ea7c36591dd3,54938,45066369,136701,54832,45083182,136701
fd9d78ff2f4c0c36,116194,106301877,137686,116117,106340085,137686
fdbee2f7b6d57c66,73231,63360317,138409,73121,63376769,138409
fde6d22dc2f1b3ee,109860,100004002,137548,109742,100014395,137548
fde8687630cd6448,16520,6659430,137018,16409,6670077,137018
fdfb773238c2f64f,109590,99720601,136751,109497,99735399,136751
fe165edcce260ff9,17711,7822836,138514,17626,7857081,138514
fe2698af13d52a8c,51273,41384905,130616,51201,41417821,130616
fe3087c2c6b42ec9,61659,51783365,137442,61567,51804315,137442
fe37453710a39395,18663,8802518,136123,18548,8812043,136123
fe386aba87cb88b2,67415,57518703,129145,67342,57560215,129145
fe5731f69c50c152,48100,38260137,137802,47994,38271160,137802
fe586532027508d3,108379,98504133,136866,108269,98524138,136866
fe5dac0266edb046,66435,56579736,135742,66320,56589786,135742
fe77c5a2ba3e3b66,89794,79920915,129983,,,
fe83a1df36db57a6,73327,63460535,139366,73214,63472284,139366
fe8a221217b4a3db,69313,59443814,139249,69208,59459582,139249
fe8f596e8b49ca70,109340,99459122,128218,109261,99484750,128218
fe9e6f86565ac473,46897,37043087,137009,46786,37053647,137009
feaa0507f833b3a2,93656,83780783,137783,93572,83801747,137783
ff0e5fdce6142cb7,80211,70363788,99119,80147,70383775,99119
ff162dd9ad531e26,94291,84424608,138751,94184,84436915,138751
ff22c270411c1cc5,25109,15260300,139177,24993,15270595,139177
ff3f78127aa6e576,40034,30163215,138172,39928,30180368,138172
ff5edb4b0bc08976,48572,38707344,138453,48460,38717996,138453
ff69786851d3a724,22601,12722592,112992,22535,12746329,112992
ff7243b9146e3d64,118027,108121140,129277,117959,108172171,129277
ff8ad11a9f997d7f,69071,59220394,138456,68954,59231921,138456
ff95dde78f996b7d,76469,66584350,137876,76384,66615207,137876
ff9e8e3dd4e25e68,110548,100701036,140055,110434,100711731,140055
ffc0a2c76cfeb7e6,51740,41880134,137693,51641,41889919,137693
ffc8b2c665b2ccda,71862,61984072,138987,71756,62007445,138987
ffcaf8b4b3e952fe,78877,69036069,136445,78769,69046459,136445
ffdf26da73daaa3d,45898,35963278,138993,45819,36043670,138993
ffdf8d74f501707a,114266,104330098,137548,114175,104411244,137548
ffe0d4c908080cf8,10780,919427,137967,10670,929461,137967
ffe65944059da9f5,70665,60780894,138572,70577,60811000,138572
