content_hash,rtsp-0_pts_ms,rtsp-0_arrival_us,rtsp-0_bytes,webrtc-0_pts_ms,webrtc-0_arrival_us,webrtc-0_bytes
001452cd083e1197,112990,103044290,208472,112897,103058595,208472
0017fc1d8c27df89,103740,93781153,216165,103646,93796538,216165
00975a8fb144327b,69384,59416265,215998,69293,59432665,215998
00a670f35ec3b4ef,115552,105584811,200313,115465,105600124,200313
00b9474cce6fdcea,102818,92865766,216811,102719,92880947,216811
00c14d7ae4cd80d4,98087,88140144,213242,97994,88155484,213242
00d6d21fbc176cc6,117482,107512306,202094,117392,107529773,202094
0107fd4119ab9743,77454,67505716,214101,77359,67521034,214101
01a45f0c542e1372,76358,66388264,215585,76243,66401937,215585
01b26707b397ca88,23114,13144539,208053,23040,13166840,208053
01ce2325706d4f23,32684,22721956,210004,32625,22750529,210004
02327a17a46bd902,29084,19142601,219420,29005,19167957,219420
023ae70ac8b11017,19952,9983280,219011,,,
0241017af1d6cc60,17201,7244514,217131,17115,7274853,217131
02862ed9813a0ae3,103619,93649102,216557,103528,93662365,216557
0296e46f9f4c513d,36953,27004208,219206,36859,27027935,219206
02e27365da1693c4,91458,81487713,214834,91373,81506994,214834
02e950fa97ba6449,92440,82470215,217039,92359,82488709,217039
02fc8d1628d8cbb5,50178,40209513,222491,50092,40225447,222491
0312c022b0996d89,105155,95181827,217002,105074,95198113,217002
031724322a0fdbc5,103953,94006281,218425,103868,94022196,218425
03331408c11514a5,109493,99557271,215135,109411,99572978,215135
034c1acc62ef31b0,11549,1600363,207522,,,
03bab4623de7a496,86082,76117409,214853,,,
03d3e84983e36b88,116785,106828951,215338,116690,106844951,215338
04a230ff0248290e,107547,97602498,216446,107456,97618439,216446
04d0590e798034d4,18684,8739542,222840,18589,8762180,222840
04d6771db636073d,,,,87618,77779140,206602
053ef9bb71237841,90880,80933387,207153,90787,80948678,207153
0547725deda7692e,96190,86255090,216434,96109,86270863,216434
061b94b2e11c915a,85554,75586134,217717,85444,75602233,217717
063ce688b6ffa79e,23179,13209394,207577,23105,13234799,207577
065d974d56e4d8ef,59765,49827415,235062,59688,49853781,235062
066e718e85544075,85828,75881945,215904,85786,75909761,215904
067e87fd31b5df30,,,,35283,25412964,183220
06b23671991c9fa7,17732,7793158,207758,,,
06bf185cfc653829,65372,55405372,214718,,,
06d724025544886a,88489,78520418,215594,88385,78537019,215594
06dce84537df3ce4,93612,83643968,214581,93525,83660579,214581
06ef849b0e3e5a54,59997,50027079,235534,59927,50086231,235534
06f356fd4ad61457,115204,105263631,200539,115117,105278978,200539
0711c5a231660e55,76595,66657710,216134,76535,66673305,216134
071b92175cb37a0d,40822,30852000,208224,40733,30868212,208224
072fb80770502111,100868,90918904,215048,100772,90934185,215048
0737a63025175b61,24601,14643709,219591,24523,14666339,219591
07417c3a1bc87cba,32837,22893056,212333,32776,22908300,212333
074efbc52300578e,119364,109403105,202897,,,
077db98a19fad7e7,100101,90157814,204931,100014,90173993,204931
07899337b13497f3,57048,47084613,220548,56964,47105333,220548
07a3e95d317b91fa,72370,62416414,214455,72272,62432215,214455
07aca4b23e054c3d,119581,109625403,215081,119480,109641987,215081
07c623bffab875be,45616,35646645,209184,45532,35664202,209184
080073d33a1b29ea,,,,115404,105533443,170192
081c35844928a722,83587,73626642,215305,83523,73652251,215305
083e52b2d344bc59,21058,11088168,207822,,,
086633708b2d7ba8,99382,89421623,239969,99296,89439079,239969
0869dbe37cbb4957,13232,3261404,219791,13143,3302873,219791
088bbf4f58887b28,89536,79565461,216428,89453,79581273,216428
0897fea9b183e57d,76387,66421858,215038,76276,66438276,215038
08db196d76784884,91955,82005133,216613,91871,82020989,216613
08e635efa6edc4a8,14529,4561852,207505,,,
0909596844b69514,48942,38972675,225474,48859,38986399,225474
095a82c78fc7f573,21180,11220826,210103,21087,11246519,210103
09684f154b9dfd99,52165,42193878,207750,52081,42210057,207750
099df821ace0df11,49232,39261293,210693,49143,39277734,210693
09ad1fa66421d046,60094,50124285,214338,,,
09f64120807167d4,62109,52141524,215133,,,
0a3713560df80e91,101880,91922848,215515,101781,91938548,215515
0a40b5433f56b73f,42748,32778473,221285,42667,32794000,221285
0a4809b2bfef5922,72911,62936756,215473,72832,62954707,215473
0a67b175b049bc06,105849,95903516,215431,105758,95920273,215431
0a681db384e8c948,72248,62279599,214930,72161,62295480,214930
0a7ff0ac060d3e47,62480,52536572,218564,62395,52560519,218564
0aa85af34b12ce9f,82740,72790619,216298,82671,72806117,216298
0aaea187feeac4c9,36513,26546647,222682,36427,26562499,222682
0abffc3ed62dbdd8,79628,69686317,216497,79574,69701735,216497
0ad3d2694ec7bc75,61593,51656678,215796,61514,51678813,215796
0aec1f563cea977a,93833,83865639,215563,93738,83881873,215563
0b01f2c6daa9df1d,62330,52365743,217505,62251,52410825,217505
0b18c3a9a37d9feb,,,,94579,84703127,215746
0b3439e221ef66af,34497,24522336,223472,34422,24542406,223472
0b42d47c5a3f6a09,71996,62026309,216821,71915,62043436,216821
0b54478e1e5fe358,29506,19537983,211081,29417,19557164,211081
0b7b5723afb03f03,98245,88274670,215185,98161,88293371,215185
0ba3bdf7edcfe09f,38380,28410617,221888,38301,28429060,221888
0c1c942f71a57f35,63377,53415091,204774,63286,53434249,204774
0c242754a60d4f80,83180,73213767,214545,83067,73229407,214545
0c33f19a23812638,109091,99126183,216390,108999,99141594,216390
0c5204139ba43bf1,84500,74542267,217283,84399,74557796,217283
0c7ae56abaa68a8f,14869,4924289,221499,,,
0c7ccfc3cc071513,21707,11746598,158198,21600,11762657,158198
0c7fd0510f1c6b16,105318,95347846,215615,105235,95367134,215615
0c84dcfb52cfc26a,66930,56964183,214802,66847,56979801,214802
0c85d1c1010d138c,13329,3363798,220093,,,
0c8a2c8a9b1c52c5,33384,23414892,176288,,,
0c9a1f7e3485ffa4,119792,109827108,214604,119711,109842827,214604
0cbbcd8a4f40d1c4,100992,91043002,216153,100899,91058517,216153
0cdfbfe9657b2b5e,34959,25012621,211188,34879,25027895,211188
0ce5c2b06336512d,75712,65745005,216651,75624,65762192,216651
0cebeb4947ccae28,,,,92548,82682326,207617
0d54895982b3650a,30708,20746067,222472,,,
0d67b3e8a90fd4c3,18311,8343397,206485,,,
0d7a826661cf134f,37014,27063722,221051,36921,27085846,221051
0d9417832d165eff,102406,92447873,206598,102320,92463144,206598
0db33c355f1bb9f9,67480,57525734,215276,67387,57541490,215276
0dddfa50de68f03a,106729,96781205,215997,106635,96796439,215997
0df375bb859e17b7,85367,75397370,214553,85258,75400748,214553
0e3d7580d2df69b4,89282,79300025,215932,89204,79325232,215932
0e3f865803912c36,42972,33003050,211072,42887,33020071,211072
0e40abd18e1db176,31077,21137179,213119,30994,21158201,213119
0e4ad08df60a9114,105728,95764499,213771,105625,95780346,213771
0e66d706f19c5d3e,83338,73377521,215967,83232,73393780,215967
0e7bea76196d4057,87913,77964077,207146,87852,77980096,207146
0e7f32d9f47f3110,74450,64500463,217337,74355,64517009,217337
0f0d5cbe20d088cc,81342,71379706,215433,81233,71395372,215433
0f14351dc9237190,80141,70177604,217474,80043,70193853,217474
0f1a49e75949d341,20113,10138711,209747,20019,10162356,209747
0f1c4689135c8fa3,,,,49899,40037337,224179
0f5d4078d1352ca4,109659,99684436,215991,109580,99703767,215991
1008535a9f55e35c,15943,5972822,208256,,,
10087553bdf1582a,16328,6359347,221802,,,
101f86390e56f93b,60254,50276363,204014,,,
1068e32e2070feaf,60684,50743917,215110,60599,50763386,215110
107b5c842ac38014,21681,11719882,156335,21578,11735921,156335
107dbfb775b4d7e0,80674,70725009,215169,80618,70748653,215169
10951bd9dc943f7b,60505,50543796,216696,60427,50586428,216696
109932f19f049708,76475,66524218,216087,76379,66540785,216087
10c5fb34b955eff5,18404,8441676,208914,,,
10c772b2b7b9b8da,104992,95056315,217288,104910,95071478,217288
10d5f19db1fab715,77965,67994825,241655,77874,68012968,241655
10d8e1c5ba693fbb,114125,104183203,216730,114038,104199282,216730
10e8ce82b936257e,48878,38900238,208128,48795,38915112,208128
10ed6b2560e450ac,92876,82917748,207198,92772,82932869,207198
1180a5d0577b7e8d,91103,81133613,215848,91026,81152801,215848
118d31855d5c9940,13678,3716427,180229,,,
11a837dc50a7952a,,,,80906,71038454,207678
11a91df2e82a1b98,35724,25764299,222617,35631,25780348,222617
11cc886a9c9a0f29,110734,100766783,216847,110657,100782451,216847
11eae996c02a0df2,92967,83017764,207319,92872,83034046,207319
120a4d760f4e47c2,112746,102782045,209444,112657,102797354,209444
12112f7b23312aa9,101278,91301100,216558,101198,91321399,216558
12191abb11cd37d9,68117,58146776,215433,68033,58165981,215433
1289f7bc13597b02,32806,22857066,210504,32747,22872484,210504
12a7031941894ce2,53172,43208090,192197,53076,43222925,192197
12c5bf9343fbffb5,30157,20218985,210662,30076,20241176,210662
13359cc46329b8df,111252,101284427,207899,,,
13558824288d7f58,96922,86965655,215225,96819,86981327,215225
1374d6c1396a2eaf,53831,43864188,211999,53755,43883920,211999
137609dcd325fa78,42876,32905851,210886,42793,32922732,210886
13ebd615cf175d77,87761,77798250,205833,87652,77814547,205833
14149235e4346b77,,,,117331,107465763,203186
142844763b0c6604,52790,42820078,219040,52708,42836413,219040
142b815a8e97b3df,45397,35442951,209193,45297,35458210,209193
1452834fd7d2fbec,62359,52402319,214809,62274,52425310,214809
1473f1f7e6667b17,117162,107182227,214313,117078,107205028,214313
14a7d80046a694f6,77015,67045152,206371,,,
14f6a5429786ad4b,21655,11693401,162511,,,
15640042bd7e0c9a,22258,12293392,207677,22185,12314629,207677
1575c26ec3160665,31019,21065698,220538,,,
15a19c81e526a697,69324,59354697,214621,69239,59370982,214621
15e2efc9a9a77c3f,101633,91666827,215335,101547,91682065,215335
1690e76fb1af07fe,100620,90649800,204220,100535,90666390,204220
16ae5c576fc4c141,75491,65540707,216804,75432,65557755,216804
16b2d4ec1aeff294,31202,21232230,211572,,,
16b37ca54c06447d,15598,5634927,178667,,,
16b3c81777a9aa73,91645,81686263,208704,91550,81702060,208704
16c5893d15713df9,119955,109984816,214756,119873,110002652,214756
17042f472cd91bde,56419,46457791,184826,56323,46482648,184826
1725660063abfd73,44835,34865219,210376,44756,34882051,210376
17506f1fb65e0d85,28208,18238391,221350,28135,18261395,221350
17ba95b26ae0de44,20994,11024679,218211,20907,11054454,218211
18184ae6395faf77,89443,79473520,216073,89363,79492437,216073
182a6e6ec114eb0a,90629,80678690,207377,90540,80693063,207377
189bb892550ba2a9,16575,6623490,220246,16482,6645456,220246
18a2ba3463658f57,17548,7597545,179719,,,
18b266250dfde245,52292,42326311,220326,52202,42342590,220326
18d62daa96f2f2fc,101473,91502576,216217,101389,91518286,216217
18d7b43564d33b46,88552,78583420,206842,88445,78598655,206842
18eb77bbd12e0266,115358,105388044,202790,115274,105404606,202790
18eba4fab5d8125f,36733,26779839,219454,36641,26794998,219454
19156c0aef1631f6,,,,86290,76451599,215402
1919964cd1b539e5,23212,13238034,207888,23137,13258069,207888
19199aff993c60f6,52228,42265789,218590,52141,42282159,218590
191b8df59d5877f8,,,,29390,19525826,209345
191d2b91f88147d6,34840,24883726,211591,34766,24899509,211591
193a6eb2b7ad05d3,16358,6394191,206491,16276,6435212,206491
198bb11826554d88,31929,21982951,220131,31864,21998711,220131
19ac7d111052671d,96326,86356727,202262,96249,86375099,202262
19ae8c1e21e69c2f,70756,60786527,214586,70676,60804588,214586
19b37873796cbb3a,57970,48001141,217580,57892,48023839,217580
19eabcfb427cac7a,61533,51583719,215048,61446,51606994,215048
19f233f5b1b5e8ae,112395,102423095,214610,112317,102439033,214610
19f48d4516a35361,70535,60584414,215091,70439,60600132,215091
19fddff8a9450785,17830,7862208,208142,17748,7907908,208142
1a31a01fd56a582f,79255,69297732,207791,79151,69312223,207791
1a6fce8dc7d3018d,13827,3875311,207251,,,
1a94601686468c78,112070,102125992,215527,111980,102141942,215527
1ad39b9ee95e440a,18057,8087697,208824,,,
1aecd99414c2a323,72878,62900337,214208,72799,62921371,214208
1aefb3131ec54e6c,65649,55696979,214587,65556,55713170,214587
1b02575b8f6548ef,29946,19986117,223857,29850,20007375,223857
1b3baf4279888a5c,101970,92022811,216128,101877,92038803,216128
1b570080c5875784,23468,13503416,208556,23387,13524679,208556
1b684dca1d75fac8,22948,13012452,208905,22870,13033399,208905
1ba0d765be973628,73507,63555605,213672,73410,63571600,213672
1bd58e90dd5f96d0,99734,89764508,213134,99639,89782912,213134
1c0f775f5f9c9819,,,,108152,98299664,206970
1c141fe16ad58e2c,67987,58017703,213675,67905,58035929,213675
1c454e2a7577d9fa,22098,12133644,206669,22032,12191348,206669
1c687f5c7388323f,92278,82301899,216723,92200,82321728,216723
1c7fbd2a79126e43,,,,45035,35170142,177371
1c94d1fd012c8731,112098,102162582,216479,112017,102178832,216479
1ca9e18eff0e61a0,49354,39399151,209280,49257,39413957,209280
1cb4115855529765,114581,104605129,205386,114498,104624140,205386
1cb53b30dd8b23ca,45336,35378015,207990,45239,35392695,207990
1cbae5102789b357,84720,74765140,207213,,,
1cc654cbfd479416,57428,47481903,218873,,,
1d391476c6264d6a,112493,102527346,215579,112413,102543359,215579
1d5147bae408643b,47166,37202696,209931,47071,37217945,209931
1d5575e91bc8d260,31618,21653195,210803,31563,21682557,210803
1d58af3afc77a73a,24758,14803767,220459,,,
1d60c2a8ab3875c1,11079,1109326,220936,,,
1d6600ae20e9f79d,116088,106142688,213664,115997,106159162,213664
1d86fb612bc6e03a,78377,68417260,216053,78271,68432915,216053
1dbaccee85344f89,39233,29278044,179639,,,
1e507ce37f693912,54250,44280720,219068,,,
1ea9e23e0d315a28,44324,34364884,222083,44238,34380606,222083
1eba6964e9f92ba1,30189,20254526,210293,30114,20277557,210293
1ec8d0c83f51641e,100963,91006483,215587,100870,91022355,215587
1ed39a52ab09e79b,69749,59807120,213914,69660,59821625,213914
1ee6897666f53c96,24214,14253465,208931,,,
1f54fb56aa8a9e81,28839,18877665,211673,28751,18910734,211673
1f5d78248732585a,47868,37899659,220638,47785,37915425,220638
1f818decdba628fb,92727,82763653,207067,92634,82779158,207067
1fa27f95ac82d6bb,13422,3460374,219848,,,
1fac3248bcdb6276,,,,33270,23428522,176250
1fc14ff226c8a88f,103201,93231217,216743,103111,93241985,216743
1fcbf8fafbb37fbf,103233,93261376,214753,103143,93276547,214753
1fd57140a29631ba,118640,108685569,216356,118541,108701167,216356
1fd97791bceea389,97136,87198479,213681,97051,87213266,213681
201561128c588198,91489,81520561,215888,91402,81537471,215888
2046f849ec083cdd,104623,94658639,208390,104528,94674177,208390
20542d119d0de327,101663,91703241,215797,101574,91719269,215797
20560a7101ae9ce5,14807,4859445,219036,14712,4884115,219036
206866f7b86a331a,28014,18065451,220683,27922,18086302,220683
20b69d109b1c2eab,39700,29741719,207832,39613,29756719,207832
20d775300f126b60,24181,14218122,208263,,,
2108fd14a289b826,100395,90425330,204053,,,
2118969763e311b5,25673,15718390,209688,25575,15739248,209688
212f69a708ab1444,84469,74505501,214493,84370,74521244,214493
219a2ac346f5fb80,31587,21617607,209578,31532,21661810,209578
21c614575377510f,105757,95801175,216805,105656,95818262,216805
2212250801193ba4,77330,67365473,216575,77227,67380562,216575
223ae23b4f153837,62669,52724958,213690,62591,52746789,213690
2254445d8beabde0,18971,9001955,208774,18896,9055293,208774
229915d6229b9d64,72219,62243186,216675,72133,62262224,216675
22ac03ac01bfcca7,90127,80187282,217060,90041,80203271,217060
22b6caad98934a62,35628,25666171,221646,35536,25682205,221646
22f7c25036ed9fa6,53080,43110037,212374,52992,43127721,212374
235be4ae2da2938c,86532,76568528,213529,86422,76584149,213529
23a0004d2d77a1e0,94722,84751688,217755,94639,84771098,217755
23fe4e4c86a2bb2d,94014,84067383,215418,93922,84083944,215418
2467c9351a7ae2ba,47197,37238333,210573,47097,37254053,210573
246d29e1936a614d,76566,66621172,216450,76502,66637249,216450
249986c4d380e7d8,27192,17224968,219118,,,
24a7cf004f1a1ec4,69658,59705245,214399,69559,59721048,214399
24a8dc0eb50312dc,104402,94431460,205922,104317,94445897,205922
24d2d9335dac062f,78158,68187969,207529,78053,68199823,207529
250192675b9a9a22,43227,33263163,212084,,,
251f5e368900c39b,112960,103009034,216345,112867,103024247,216345
253c42161ec2ccf9,110508,100563027,215585,110417,100578863,215585
257a0e1f85d9ae18,57743,47777819,205772,57667,47796629,205772
26071f69fe78dc63,92847,82882719,206757,92747,82898563,206757
26206927de5c0c2d,93923,83965753,216689,93823,83982490,216689
2622db64e6acf5be,107606,97668405,215412,107522,97683921,215412
2626b37ac2c9ae87,25069,15104855,220958,,,
268ab4e381192785,51659,41705919,219156,51562,41722392,219156
26b3fcb081ad1369,14178,4208651,207535,14106,4265692,207535
26b5f58e156938bf,70410,60458384,215008,70319,60474741,215008
26cc8abc3e9da42d,67255,57296309,204807,67169,57310363,204807
26eed480f0394018,49571,39625005,221076,49479,39641094,221076
27123a661534bb3b,88136,78161293,214552,88045,78178416,214552
27156b008a4d29cd,96648,86672771,207205,96563,86690878,207205
2716ea4a3e985405,68620,58662565,215865,68521,58678053,215865
2753635dcd69289c,82491,72520385,214924,82374,72536001,214924
2773819cc6e1c252,46339,36395348,212708,46249,36411332,212708
27958428fdc78df9,69354,59379794,214311,69266,59397419,214311
2846304eeb3f53a1,66158,56187995,216057,66074,56207242,216057
284c2b3c38384fe2,44570,34636283,214773,44490,34651989,214773
28d07804c6886d65,30956,21001495,220210,,,
29217539bf8a3099,97363,87393245,214583,97281,87410488,214583
292391c5ccc07a26,19196,9226729,209387,19118,9277290,209387
2932fc477c10d646,118261,108297451,214065,118174,108312959,214065
2983a321ae5cef3a,95213,85265447,215421,95125,85280468,215421
29bd061976fd0a3d,56664,46722935,202890,56579,46742775,202890
29d37ca978e9189d,105603,95641729,215875,105509,95657477,215875
29f7cf99aabc2043,64488,54524146,214063,,,
29f924c8832f7c20,,,,74990,65138993,215597
29fbef306f53e0a3,79691,69743314,214342,79639,69765567,214342
2a143195b2454764,38056,28103948,221538,37967,28119724,221538
2a269d31f8aea0eb,74012,64039763,212729,73928,64055802,212729
2a59794e6a8f2508,53330,43363948,211065,53228,43378204,211065
2a66ce60e14ce337,56356,46404224,217320,,,
2a9c3f607954eba1,55472,45523606,209553,55381,45545063,209553
2b4a39b8d0c01fcb,81497,71539735,215998,81397,71555328,215998
2bb0cb078eac3c6b,63975,54005508,216526,63897,54028168,216526
2c04b2df3e761fdd,46849,36883497,225200,46765,36900130,225200
2c19a5acb1ee8220,50624,40663603,219727,50527,40679817,219727
2c1beac077cb21b8,53359,43399425,210754,53254,43414496,210754
2cad9dcc1b255d0c,107690,97727895,216821,107609,97744263,216821
2caee261de1f740c,84081,74120783,214767,83990,74136523,214767
2cc66b1b4292ba99,93385,83421599,216127,93302,83437122,216127
2ccbcb62cc3df997,15346,5376876,211064,15253,5400480,211064
2ccfdbb4e02ff55b,82268,72298916,214574,82152,72314128,214574
2cee6095b8513da6,64795,54842751,214128,64706,54865040,214128
2d1088478e6044f2,86341,76371649,215775,86242,76384302,215775
2d197202a63a6e0e,49138,39168086,209718,,,
2d20f8121d84ecd5,50680,40738455,222492,50593,40755009,222492
2d35494f2dfcc29a,26211,16244788,220470,,,
2d49c48efb3a8c55,92247,82276598,217195,92168,82294148,217195
2d5a2d796f87f15b,10663,716882,211360,,,
2d6a221936484066,116847,106886235,215473,116749,106903389,215473
2d84af794699bc49,104685,94723636,207959,104588,94739178,207959
2dd546e2fda68549,66093,56124232,215130,66011,56139657,215130
2de5c2517dab0634,102503,92545842,207902,102416,92561106,207902
2e0e03e8f02fe44e,24788,14840861,219194,24696,14863025,219194
2e204039c13fd1e5,21210,11256043,208066,,,
2e29aae964cc8e92,85141,75170856,213657,85042,75180695,213657
2e3b008843dd4510,70984,61014000,215237,70902,61031782,215237
2e42b227d0764a24,42297,32342915,210574,42197,32358578,210574
2e779890995f2bae,87511,77543267,203804,87397,77559272,203804
2e8d49c5a3f672c3,33224,23257751,224228,33111,23273223,224228
2ebc944612b38a00,95089,85145202,214631,94998,85159790,214631
2ecf41f5ceeb2679,,,,43133,33279259,212046
2f8134b3f7b23abc,86277,76302371,216003,86187,76323520,216003
2fbe2ae7398fdfcb,44444,34502410,221604,44356,34518569,221604
300b3069a82392b8,51569,41605417,220407,51467,41622250,220407
3016d1e59ae34e1f,23719,13759797,221165,23626,13781771,221165
30af3a1fa004d697,78652,68704463,215717,78592,68720534,215717
311819f023bdf053,67699,57749267,239387,67611,57765867,239387
3143d77766bae631,16483,6518893,224170,16394,6540751,224170
3158d599e5280271,40500,30530027,221447,40416,30547007,221447
3161b35243e096db,98971,89024069,215030,98878,89040311,215030
319bc166bd8dde57,58129,48165538,215301,,,
319f6983169bd7d1,11111,1140266,220071,11028,1187510,220071
31a52ba4b153ae0d,45425,35478196,208913,45332,35493486,208913
320ae64e5f5732c7,103861,93918655,216685,103772,93934069,216685
321974f6f4e89699,118883,108913432,215624,118799,108930321,215624
322532fec0ddeb3b,112011,102062649,215449,111916,102078289,215449
326c3a2d1fcbf142,68373,58402277,215401,68284,58418678,215401
328ab1cb8a070190,15217,5257182,206872,15126,5277595,206872
32a4e7ba7f9faede,59703,49761368,217106,59621,49785400,217106
32af8bfa144d5bf8,107014,97046082,216844,106929,97062130,216844
32e541afbd4c3d4d,81154,71184501,206523,81052,71198926,206523
32ebde85b7cd69c6,99511,89544952,216913,99423,89560486,216913
32fb7f2d31ab8986,24913,14964564,220693,24832,14991066,220693
335d9ab13af27157,91830,81881856,214891,91736,81898017,214891
3420f24be77841e2,58035,48065855,216565,57956,48089922,216565
344aca0cb0750159,44200,34245751,223181,44118,34261546,223181
34658d71967ddff7,28369,18398287,220624,28294,18422958,220624
34a3fe0f55cfe93e,55726,45786057,219715,55640,45806600,219715
34ae987dd3668efc,14210,4236942,206921,14137,4266489,206921
34c41b1f7c29952f,22227,12258276,208754,22157,12280051,208754
351585983a42ea5d,56602,46654802,201317,,,
351b392d211ca267,,,,78882,69017334,207782
3523c1f8e14a2aba,59108,49142287,205486,59011,49164051,205486
3536ed369de08960,47074,37106126,178604,,,
3598299cb0776233,24056,14122525,207866,,,
35a7f14c0b25df52,93742,83771838,213793,93652,83789781,213793
35d9567c74cee5ea,,,,25488,15647645,209526
35ff0a5c7c88473d,39408,29442444,208472,39325,29458590,208472
362d303dda8c3067,86469,76503689,214310,86358,76519603,214310
364ea57b0beefca4,51063,41081482,210924,50975,41105764,210924
366a19e3523dc8c7,65465,55500797,215019,65381,55527814,215019
3685b02222325332,60966,51003115,205498,,,
3693da381840e994,10131,165553,210544,,,
36e95240388e6dab,72060,62090474,214608,71978,62109090,214608
36efccf782acaff6,68052,58077854,214950,67969,58095530,214950
375afb57bb1d0cc7,66996,57037156,216057,66913,57052556,216057
3779fbabe81c05c1,16297,6327465,207719,16217,6350127,207719
37e2842ea99d295d,29568,19603140,209341,29476,19621840,209341
37e3ba48c0ae6e1b,47998,38028217,219464,47913,38046736,219464
3813698aadca43eb,34304,24334122,223317,34182,24339936,223317
3814482f6eef8329,32364,22401958,220428,32256,22418108,220428
381b475d2fe47d4d,26718,16762294,220402,,,
381ce4c71c735b8b,24311,14341856,207647,,,
3826d8b1be69b24b,102631,92676039,206079,102539,92691545,206079
383c024769bc7cfe,18594,8645475,218093,18503,8667264,218093
384069968e182d6e,114644,104677958,214425,114558,104694569,214425
38e6e82acb0d1721,105478,95507934,214242,105391,95525780,214242
38f5955884efbcd3,113625,103663259,215442,113538,103679666,215442
39662ff26379ccab,118230,108261268,213520,118144,108277478,213520
39a08d6005ce90c0,45681,35711750,211329,45597,35728830,211329
39be143041d4575e,90242,80283859,204839,90159,80299727,204839
39e29b5d99e6da47,91200,81230241,213677,91122,81249691,213677
39ee4fee76468e31,100744,90787086,216281,100653,90802720,216281
3a25c4125ff490d8,79162,69192327,207689,79061,69208156,207689
3a46805b34667b14,81217,71247613,215591,81110,71258846,215591
3abd52b8e126b83d,,,,96441,86569339,205537
3b2702e297bee4e6,107364,97401071,216392,107269,97417393,216392
3b455c1dc28dd21e,12973,3004028,221610,,,
3b5d6852a14721f2,72493,62544302,215059,72398,62560325,215059
3b883d9442439195,47475,37534376,211549,47388,37549558,211549
3ba2d6c629c3dbd1,80078,70108352,216686,79987,70120795,216686
3bb651790eaf9249,84340,74386030,214724,84240,74402358,214724
3bbfd235a6cc7899,,,,52868,42997593,186540
3c030c3fbc71994b,107488,97525589,217284,107389,97541586,217284
3c1db79f10ca93a1,68214,58245835,214421,68129,58261432,214421
3c2088501762c691,117664,107706886,214783,117561,107722250,214783
3c48af64f233deba,50833,40897216,210234,50787,40912964,210234
3c4b25146478eb8c,12570,2600541,206994,12485,2645033,206994
3c993d92dedffe61,102599,92641206,208803,102509,92656096,208803
3cb55b5686fa7787,10572,621011,208253,10477,639784,208253
3cc3fdc7a5eb1f97,74894,64919921,213297,74805,64935740,213297
3ccd84ac72e97278,46434,36483394,210799,46347,36498756,210799
3cf9955844064268,33950,24003662,208938,33868,24018965,208938
3d8cffe74c24e858,78590,68641373,215481,78496,68657871,215481
3d8e77e87c6c2d2d,,,,85690,75812827,214550
3d93c145ca9f1492,88840,78884556,215649,88739,78900399,215649
3dac34d2cc9f3ceb,49724,39780560,212127,49636,39795825,212127
3de04f4623078ed9,32460,22504758,220298,32399,22523446,220298
3e142ebb95531979,12753,2801356,210033,12666,2824674,210033
3e1996968d24bc83,20548,10605140,218436,20463,10625010,218436
3e3e2d5c45c08256,108839,98869041,215842,108755,98886863,215842
3e58e787a69f7e07,43432,33482923,213156,43344,33498939,213156
3e5dcfbb6cb054cb,29974,20021622,209877,,,
3e6251b155ee4d35,97837,87884370,214974,97738,87900480,214974
3e8997381bb81433,80110,70140856,214591,80016,70156967,214591
3e8ddcff9009178d,64393,54426930,215985,64314,54473367,215985
3e973bb9fd5a09a4,107518,97565897,216190,107419,97581224,216190
3eaf42de50723b95,43461,33518389,210241,43373,33533231,210241
3f1f7c20b7786df5,94109,84166958,216257,94022,84183478,216257
3f6d025a216c8a6b,41223,31266483,181379,41118,31279094,181379
3f8f73a78dbe1e77,11205,1239956,218218,,,
3fa4ef6e3f61a2e6,117572,107606153,203728,117475,107620906,203728
3fcc7efca63af550,102341,92383503,209862,,,
3fd615de0536b444,14369,4407049,221327,14292,4426500,221327
40039de511d2b2e5,29377,19407335,219583,29295,19428130,219583
4053f8712bf4f55d,15782,5836842,207599,,,
405830df0c21e160,113365,103400405,209278,113281,103415627,209278
40a118701e3801b8,72712,62777925,216861,72634,62793043,216861
40c4d20ad7770db9,75243,65282125,218340,75136,65297756,218340
40cc98515a61c695,61564,51620208,215857,61478,51642310,215857
40fe2455471d7b6c,18714,8774794,208673,18633,8797457,208673
4101caab5dd4ebee,93353,83385088,214746,93269,83401016,214746
41093a266f6fd189,16008,6032385,207850,15932,6092022,207850
414e7140813ddd93,105878,95940022,215488,105794,95956286,215488
41ab4eb4716893a8,21758,11836281,186865,,,
41adb822e0b893a0,103008,93066825,217492,102923,93081823,217492
41ba5166db24dad3,53016,43048665,211248,52931,43063941,211248
41e7dfc5ebd9d8c1,13914,3977109,206995,13819,3998870,206995
41f5fefdf265146e,15661,5699933,207581,,,
427f6631cead8c7e,89474,79502145,215617,89392,79519374,215617
42c72d0cdc0b898f,10477,522208,210430,10382,545268,210430
42e5af8e265d3411,23244,13273550,209888,23169,13299175,209888
42f5f50aebb2eb88,40049,30104180,220336,39957,30119812,220336
4309c28971465918,12186,2220304,219816,,,
43248f5c915ce6d6,68469,58506496,216225,68376,58521983,216225
435a96eaa5d515a4,18434,8477359,210436,,,
435c613296f56e9d,58598,48657189,216585,58508,48680259,216585
4385855b10e7119e,62898,52927887,203546,,,
43949943a8235232,119857,109887240,217325,119776,109905178,217325
43a6250e605ff777,89727,79764746,217085,89637,79780730,217085
43b40cb90b207e9a,53111,43139934,212582,53021,43155137,212582
43cc65c1c5ed382a,103363,93393154,214370,103273,93403275,214370
43dd4bdf84ee1e8c,53421,43464087,212371,53318,43480308,212371
43f8b31fa6839709,87254,77285550,213113,87165,77301054,213113
4418c728a7573d80,87574,77604239,208187,87462,77617856,208187
442347151241f843,14242,4274475,222260,14168,4297048,222260
442d6cf334f53528,28929,18983841,218562,28843,19008539,218562
444b9c5272f6d67b,22450,12484183,216083,22370,12505930,216083
446ebd69237a4fa8,37867,27913161,209342,37771,27929024,209342
448ba3caae204403,83865,73926581,243076,83811,73944734,243076
44996f58088d28d9,81527,71576025,214730,81430,71591710,214730
44cd007d44711814,98117,88176869,217377,98031,88192618,217377
44e530afc9786011,29475,19504926,209383,,,
450a461dbd5300d4,79099,69122234,207609,79005,69137370,207609
452808c88b9fa8fc,51717,41779389,215409,51635,41795067,215409
452ce4621e01c36e,,,,81722,71854761,214733
4534c157e9f4aec7,108240,98283903,207008,,,
4537ec47bbf3429c,90820,80863066,207384,90726,80878568,207384
453eed01f28586c8,86875,76927023,217027,86820,76945414,217027
45419caa23bc5dd0,27322,17351905,219225,27250,17376384,219225
45576f37262d47f4,77268,67307809,214922,77162,67323752,214922
456365cfa535e8bb,58538,48583929,217337,58442,48605519,217337
45ae3fdac718809e,70853,60885605,218439,70772,60902811,218439
46065b87f7f8d618,61378,51426877,216746,61285,51449905,216746
461d644cdaf0ba2d,85238,75261104,216258,85134,75277475,216258
462d98e45c9a6791,28684,18722577,219396,,,
46490a24d9fc2405,106100,96130307,216344,106021,96148250,216344
46790cc4cf0896aa,74631,64696224,213879,74581,64711601,213879
4686cb7aed5cb5ac,48712,38777703,211993,48632,38794522,211993
46c69f4ae700ea75,74361,64405644,216354,74268,64421421,216354
46f1c7dd50f0da60,90849,80898287,208552,90754,80913408,208552
4722d1e99f7538b6,17702,7758021,207574,17620,7780370,207574
47333b0cec0eacbf,36610,26644770,221473,36522,26661492,221473
473cff1f403ff099,91394,81424243,215606,91312,81442742,215606
475655d965e50b77,,,,9884,18213,179088
475ebb550963d1b5,32714,22757881,211952,32655,22777764,211952
476f0c886725d7b7,84210,74248652,215208,84110,74264757,215208
478115ad407ebdbc,33578,23608110,211532,33494,23629122,211532
47ade9d89224370f,59231,49269453,204152,,,
47c33c0ebc42bd7d,20736,10766102,209224,,,
47e0e89a42a1b6e3,,,,41089,31249263,179806
47fdbfc5676b367a,36190,26222746,210943,36076,26238220,210943
4807e36af828822a,97493,87522407,214836,97408,87537880,214836
480a75b93689cfd7,91583,81623686,206384,91490,81638674,206384
4810e36ce795fbcd,94874,84918423,215693,94778,84934148,215693
4835c0c2a4c2fe8b,71733,61797505,204200,71655,61812287,204200
48648b512c191542,41794,31824655,209648,41709,31841567,209648
4874568f3c50bdf5,27676,17706460,207214,,,
4886e785fdb99704,31838,21883902,208194,31782,21941492,208194
48993b6e8c0531d1,27735,17772422,208681,27654,17798229,208681
489b27ce8a3f2fbf,31493,21517781,209981,,,
48b2e4dc077d09ac,82832,72887087,151717,,,
48c3a9451e8dfddc,31267,21292846,208620,31154,21317003,208620
48e4d2f9dbe7efc8,109433,99484391,217150,109345,99499824,217150
493e8f7efc4a6441,17993,8017258,208548,17909,8068988,208548
49447a89303dc59f,110897,100927620,215199,110820,100945099,215199
498029108df74129,103802,93845075,215908,103706,93860731,215908
49948d4aaa038c0e,112899,102948926,216509,112802,102964225,216509
4996e74ec69f69ca,,,,119270,109417687,202859
49b7e7d4576fd013,113593,103626731,215774,113508,103642797,215774
49c0cfa84a0ab347,83275,73305784,216608,83163,73321544,216608
49dbe89aea51a1af,61158,51196472,214059,61074,51219909,214059
49f693146882a566,60595,50643553,214400,60511,50665584,214400
4a01ecc88703a420,119890,109919194,214208,119809,109934535,214208
4a3c4a6f0d02a055,92664,82699105,207995,92575,82714603,207995
4a9f4d4747c67d3d,16454,6484064,207357,16368,6507208,207357
4aaba2c53acc7178,97460,87490550,214251,97377,87508681,214251
4ab7939a1658a4c2,63091,53119502,212798,,,
4ad68eea6c61ce39,74958,64988492,215975,74867,65004838,215975
4b0a2994c7a588d0,114926,104968289,215384,114828,104984841,215384
4b7259b74ee636da,30065,20116927,209359,29972,20136169,209359
4b7b11bfb8b287e1,107393,97437604,216317,107297,97453453,216317
4b9f45625715d707,72676,62741217,215478,72595,62756994,215478
4ba0d9df60ddabfd,114420,104450224,207445,114339,104467230,207445
4bad90dccc0a9c53,79446,69484711,217286,79344,69500377,217286
4bb233be72c31aeb,95881,85926386,215854,95790,85942464,215854
4bc2d098cf55bf76,19228,9260073,222883,19147,9280240,222883
4bcb0f39878f489e,55317,45359084,210788,55223,45380545,210788
4c52f44a85e91d13,63059,53089780,214002,,,
4cba729021b96aa8,53479,43535381,211796,53389,43554646,211796
4cfb305df1093935,118981,109011404,213177,118897,109028220,213177
4d0a99b1dbba6b40,19661,9716910,207485,,,
4d608a09749f120c,93861,83902230,216497,93764,83918159,216497
4d6e9f36a32a17ba,51973,41999101,206714,51897,42020884,206714
4d9cf7374a02bf78,28337,18360944,218672,28262,18386698,218672
4db6741fb87af788,106390,96422924,214757,106306,96438470,214757
4df62a554619d912,116277,106299551,201650,116195,106320223,201650
4e270458206bea3d,10290,320176,207856,10197,355982,207856
4e4dd2ce164816fb,87942,78001102,218952,87884,78018280,218952
4e8ee4efa61759ef,97105,87162368,215980,97016,87178063,215980
4eab9e6658d63d6b,77996,68029700,235599,77902,68046749,235599
4f00161e548e085c,85737,75785179,214588,,,
4f4ed83a7f33648f,67319,57364492,214221,67232,57379350,214221
4fc508186bd1708e,35817,25863911,211049,35722,25879137,211049
4fd2c85e6d8c945d,71361,61398783,215518,71266,61415242,215518
4fdec40fa5aece07,25328,15358485,211432,25243,15378041,211432
4fe3be85fad0911f,11269,1314798,220759,11182,1341845,220759
50003d8b3f8c259f,69995,60038275,213185,69912,60053071,213185
500f3aa840f1caac,116407,106439750,233953,116324,106457089,233953
505d3cd5e8e58173,72975,63008134,237290,,,
506170e4ab4c0c31,116343,106372589,204980,116261,106392036,204980
509bb17efc193a11,75842,65871970,214082,75751,65884511,214082
50c49cc3a31e025e,92376,82405841,216576,92296,82423786,216576
5102e4ec8e8ae137,96586,86615961,205514,96505,86632933,205514
51828439657c9602,39440,29478237,211751,39357,29493660,211751
5185f77521d228dc,,,,58761,48906198,206490
518648560284d681,114801,104833350,207824,114708,104849345,207824
51872d32e5e9a74b,92472,82502615,215865,92390,82518814,215865
51a567ea9b4f0516,46464,36518916,210122,46377,36533971,210122
522804360ff9cdfc,78317,68347167,214173,78201,68359719,214173
523e7c53979cc367,116374,106400180,215498,116292,106418628,215498
5255d76dd5f554bb,106916,96946252,214240,106832,96965533,214240
52a64f6878e2c314,20456,10500148,221480,20365,10520277,221480
53031c757ff706ee,26935,16981146,208725,,,
5303299466d13199,66255,56288463,231058,66170,56304966,231058
534328f019b1a7a7,76820,66850480,216092,76728,66861135,216092
5345110f891a191a,106514,96558834,215749,106420,96575040,215749
53492b982cb1ef17,68019,58041543,216489,67937,58062460,216489
53664b60b4208615,82205,72234721,216739,82097,72241706,216739
53679638352fec2e,,,,76917,67058868,206333
53d4442b66f46e46,18121,8152663,210046,,,
541529e18700a18b,43848,33882663,210362,43772,33899383,210362
541751b342c8ba10,16512,6556064,219938,,,
541acb3df145be11,36255,26286955,223541,36169,26302995,223541
54317a1f8662b545,43719,33749168,209059,43644,33771090,209059
549b8546d0968a6f,68678,58725331,217037,68579,58740925,217037
54eecb23d500dc59,80332,70365280,215848,80226,70380902,215848
551306d78b768a26,,,,31405,21528001,212874
555da84478f3baed,75971,65999738,213732,75869,66015935,213732
556671c564f657bb,43067,33103114,210509,42979,33118775,210509
55e787c5f5e9e6df,20833,10858086,208180,,,
55f066909cbeb666,55196,45226553,209608,55112,45271351,209608
55f65bf8ca1b6c72,83837,73885463,213034,83781,73911906,213034
561305632b0e79f8,41986,32023877,209746,41895,32038970,209746
5619765500836a71,119395,109439388,214371,119298,109454157,214371
561a32146d451067,55133,45158740,209769,,,
5637869b835d2bc3,103711,93744625,213539,103618,93759667,213539
563a9a20ca6ce71d,90066,80122039,216343,89975,80137242,216343
564afae9e7136851,,,,73056,63185032,205490
566b891facd6c78c,,,,13587,3746225,180191
567083547ef44da3,36449,26477912,209950,36363,26493368,209950
568e24b3345bdff2,98277,88300712,215663,98193,88320685,215663
569fe5f4eed19bc0,39571,29603416,208911,39487,29619327,208911
56baf08d239f7363,96391,86417330,217183,96313,86434685,217183
56cd7bc52eb99a52,71700,61763050,239227,71618,61780384,239227
5700e38e2babcea5,54434,44479899,220104,,,
57091b2aad6e1562,101850,91886430,216207,101755,91902066,216207
573bf61248cc14b0,37809,27842305,209198,37725,27857420,209198
574a8a95e2cb2fff,98909,88957768,215453,98812,88974089,215453
57860f61a02bca2b,60223,50253467,205688,,,
57a48ddc7cca5234,75613,65676231,215827,75561,65692352,215827
58034a0240de4577,98727,88760578,214294,98632,88775926,214294
582952ce848fe307,11175,1205101,219637,11089,1228124,219637
586ad2bb2ed40182,49481,39524581,210819,49380,39539210,210819
586c3d4ddc4fe86c,80703,70761714,217232,80650,70778507,217232
58701b9084f1872c,41470,31504507,221560,41389,31520457,221560
588c41fa620a6cd0,74478,64536865,215127,74391,64552657,215127
58d53dd378623590,118391,108424101,210164,118302,108440726,210164
58da1a2b8ffee6b5,51094,41116364,206313,51004,41137151,206313
58f84cc836ee2bcd,47446,37498644,210088,47352,37514197,210088
58feae31b72e4d68,67822,57884234,212764,67738,57899770,212764
590bb95c3b55794a,66570,56604663,214937,66474,56620083,214937
5922cd022266b782,53669,43724495,212791,53584,43746417,212791
5946bc197b29e61b,30420,20450556,221391,30344,20475172,221391
5956afba31ca29bb,17455,7501463,217471,17361,7526043,217471
59a11a447cd22946,48344,38385265,220267,48245,38402347,220267
59bbcda0fc35749e,79751,69816576,216512,79703,69832430,216512
59ef01eedb22af77,113398,103435795,209328,113314,103450852,209328
5a138e65369b2c22,27419,17448961,219469,,,
5a16028d941c59ec,56067,46101963,202284,,,
5a2193ec2f60f52a,27614,17644156,208713,,,
5a23ec7ae4eabddd,42325,32378579,211414,42231,32393194,211414
5a3727ca6e8a3f78,23309,13343400,209055,23232,13367511,209055
5a3b8fbfd68a2451,59450,49503650,214034,59363,49527577,214034
5a8a604174210de3,85613,75659237,216830,85513,75674721,216830
5a904d478f096adf,94431,84458749,215200,94354,84474932,215200
5ad1955c9b223382,84811,74863855,208747,84751,74878605,208747
5ad9ab6ee7bfb673,,,,110141,100283609,208445
5afb20e6ea2c9187,90340,80380455,218372,90256,80396416,218372
5b0822c466673d33,24851,14905291,220452,,,
5b108855fe5b1b16,30036,20081488,209720,29939,20104070,209720
5b1fbf761e3d339a,107982,98025518,216806,107898,98041510,216806
5b72b3086e159c94,112201,102236278,214109,112124,102253647,214109
5b7b0c212dc4ece4,65080,55110472,214420,65003,55136232,214420
5ba9e106bd79d54f,97396,87422459,215415,97313,87439016,215415
5bdb0bccabd091cf,41730,31761381,210693,41647,31776170,210693
5c168573dbd13163,,,,15684,5857740,207608
5c25fe1c5a37613a,74861,64891514,214316,74774,64909734,214316
5c6b6088497eb465,57874,47904666,214778,57798,47928097,214778
5c7ffaba4bade4c0,28811,18841881,209606,,,
5cb5757f8feb8db5,60998,51037494,203448,,,
5ccce15a3731b442,118763,108822409,215018,118676,108838447,215018
5ced7617837a5e43,42417,32482743,208132,42337,32498951,208132
5cf6d1464711ba95,44769,34798973,209633,44691,34813956,209633
5d2752c2d34607f4,111991,102026266,214993,111880,102042011,214993
5d5bcfe791db15fd,104015,94079319,216009,103933,94094781,216009
5d7d5f1bbb8ad081,56984,47017259,208446,56902,47035510,208446
5dcd50b30c02acff,106035,96061463,216003,105957,96078027,216003
5dd5b29e08a9ed5a,54312,44343081,217564,,,
5de1cf5ea040e01e,40943,30980639,224402,40847,30996079,224402
5e022c8037a63d04,71610,61664190,214401,71522,61679845,214401
5e1eb5a2a7aa462a,85429,75457134,214318,85314,75472956,214318
5e788dfe4fc006a2,29851,19899455,222317,,,
5e79d1d6b87a6c5a,55938,45984785,223558,,,
5eb515ffa9543544,41826,31857555,210865,41740,31872669,210865
5ebdcac39b34b9e2,47539,37602401,208659,47456,37617346,208659
5ed4c5942b76034a,101376,91406458,212619,101295,91422771,212619
5eea31c299226b6b,12811,2873888,220005,12724,2900332,220005
5f70754f918978fa,95784,85828098,216509,95696,85844595,216509
5f76586015f5e6b1,26560,16602329,222292,,,
5f80a5c5c996616d,47354,37404585,209605,47259,37419960,209605
5fb4102b6d2ae314,45247,35283845,209808,45159,35299210,209808
5fc6aff4f5b89b59,110266,100301028,207109,110166,100316771,207109
5fcb8fc23ae7394b,36352,26382928,210422,36267,26397268,210422
5fd25e685e1bd1e7,44506,34564494,221547,44421,34580280,221547
5fd8171c722dcedc,77360,67402146,216919,77257,67417253,216919
5fe53551bbc75a57,42453,32518163,209667,42376,32533318,209667
5fee6849f96d22f5,65435,55465190,214204,,,
5feeee2b9a571d1b,62800,52833848,214148,,,
600c419f6a2b3af7,73820,63850510,215678,73739,63869378,215678
60440cca2ff83c3d,108519,98580176,215392,108434,98595955,215392
608ba891fe0b82a0,83615,73663484,218016,83555,73679402,218016
6095db00547ca697,112837,102883982,215893,112741,102898791,215893
60d6ac6a5859ae9a,104529,94564415,206905,104440,94579583,206905
60d86d2a08037f29,90469,80504648,216826,90385,80520941,216826
6101ec9c1bb27bd6,116723,106761477,214003,116631,106776176,214003
6105ec5126c22669,66479,56509206,217810,66389,56528364,217810
611a32cbb93d856b,56100,46140200,225139,56012,46171902,225139
61681bce65547396,54405,44442714,215820,54321,44467803,215820
61868011ca2a295b,90973,81037844,208554,90891,81052558,208554
61b7c6dfaa3865e9,89697,79728020,217561,89611,79746536,217561
61be3255811dcba8,51030,41045813,182073,50945,41072137,182073
61e6cc835bdc9b94,32202,22242671,223346,32097,22259350,223346
61f585c28bbf8ef3,13885,3942110,209233,,,
6229f2185ce82afd,19351,9395006,209838,19262,9415926,209838
624af4c2f83f3de1,59012,49042935,202929,,,
6265ccb058fe0d75,85398,75420867,215497,85285,75436324,215497
628a916562f27108,19691,9752643,211402,,,
62908c19ef4ae41b,20208,10236918,207353,20113,10272065,207353
629d61b8d70d916e,82462,72491812,213856,82345,72500501,213856
62dc3abcf1ac4a52,71451,61504942,240036,71360,61521740,240036
632c29d21d5ea5a1,67573,57621974,214390,67476,57637767,214390
633bbfe66c7bdf32,58316,48364646,216441,58229,48387272,216441
636193e9eb1c71bb,101727,91767111,216102,101635,91782332,216102
637964111e8c99f1,39732,29777171,210081,39644,29792075,210081
63b6c704553e2559,107917,97958399,217022,107835,97975049,217022
63c13475b52ed954,103831,93882006,218634,103735,93897511,218634
640baaf58f22c816,28466,18496462,220116,28389,18525566,220116
641ae1c01ce41330,17671,7722948,207173,17590,7744090,207173
6449f3a67999df96,17297,7337265,208623,17207,7357671,208623
6484b24a12db9f13,79475,69520971,214508,79374,69536018,214508
64d7815815a23606,24149,14182826,209070,24081,14240869,209070
652a6f7fd8eed8ef,93256,83285852,215696,93173,83302920,215696
652e913c548f5956,52005,42034454,208918,51927,42051851,208918
6535dd2085b736f9,43521,33583184,209445,43436,33597993,209445
6538ae2326de74aa,19321,9359506,205339,19235,9380861,205339
654957832231cd98,49261,39296973,211437,49170,39312718,211437
655355cf29866ba8,119268,109301809,214874,119177,109316765,214874
657c0f3e1b3f0609,65015,55045647,215394,64939,55067755,215394
659bf96d9ce8b15f,90758,80804565,207279,90667,80820259,207279
65b559d311fab581,11458,1496516,208730,,,
65c6bc92f45520f9,43315,33359422,212482,43213,33375025,212482
65e6c253c1cc17ef,69597,59640752,216916,69494,59655793,216916
65eb9756a60195d8,96802,86831526,204571,96706,86845765,204571
6621d239843ad072,12692,2740890,208033,12598,2763229,208033
662fd748d5597778,87972,78037967,216029,87917,78053684,216029
663cf160b29eae8b,119109,109142002,214817,119023,109156689,214817
666534029f47379a,58477,48526005,218980,58385,48548973,218980
669e673e1e0443d2,64137,54160562,214663,,,
66a7c37dccdc7abd,90307,80343416,207541,90224,80358929,207541
66fc8e6d742f7bf1,45875,35899239,210396,45786,35917573,210396
6709c7e64451c572,47104,37137080,183321,47012,37150131,183321
673fbebc02b53e82,105350,95381596,215695,105266,95397422,215695
67493422406c8102,70222,60270066,236349,70137,60287782,236349
67576b7657c119f2,95974,86022704,214719,95879,86038579,214719
676f47f3dac425ad,78873,68904272,215204,78786,68919684,215204
676fac0d6155ac78,,,,71122,61262359,217352
67a6d31e73b5bbb8,88364,78394036,216432,88268,78400094,216432
67cd166826edec90,93952,84002467,217250,93857,84019081,217250
67e98b6972f505b1,88458,78488515,214023,88357,78499507,214023
67faba881a0ad508,87731,77763505,206640,,,
6818366216445fa7,86936,76984419,213664,86884,77010438,213664
687b758da9c94c44,36093,26154977,209365,36008,26169960,209365
68de81ec8393db56,10819,849444,220991,,,
68ec406088fc17f4,74731,64764374,215006,74646,64780334,215006
68f84161fd0b98e6,119987,110019748,216284,119905,110034887,216284
690e35239ac56cd3,77671,67725499,215515,77623,67755020,215515
695d1e460dfb7f92,72312,62343658,215256,72218,62359557,215256
696144515d4ef04b,77175,67205109,214544,77070,67221396,214544
69bc9f6c4d0bd151,17960,7990539,209504,,,
6a0236ea5091851e,58852,48882142,206528,,,
6a0cba4b22d78261,35054,25102079,210127,34970,25117803,210127
6a0db95d0bbe385b,23933,13982240,209297,23841,14005333,209297
6a475d54a02627e1,62139,52178200,214461,,,
6a744d2f84218b1a,34930,24976994,209755,34853,24993336,209755
6ace8c65a856a326,117758,107806020,214693,117660,107822005,214693
6b253036024931ee,106641,96686269,218149,106543,96702073,218149
6b3a0a84e1364f0f,24944,15001869,220438,,,
6b56718ab763a814,29821,19862098,217888,29720,19883895,217888
6b616d4853dbb430,11672,1726005,181220,,,
6b6a9d1b55f9cda5,38827,28856446,209747,38735,28872272,209747
6b978725dba5eaad,94232,84298561,216214,94153,84314831,216214
6b993004eb1954ef,57080,47122139,221784,,,
6bae66cedf482c8a,,,,54409,44568607,219142
6bd58d75d06eb125,,,,102257,92416584,209824
6bdb938d5b926a1a,66509,56543450,215246,66415,56559437,215246
6bf69b7b4afa83a3,13200,3230766,218999,,,
6c01467d06b34595,50211,40246646,219702,50123,40262607,219702
6c4280f89453be15,10035,65661,210564,,,
6c734131947cb9ef,100071,90123175,203977,99983,90138838,203977
6c85b5c8fa2f83f8,36064,26119600,212219,35973,26134639,212219
6ccefcdff780f3bc,56226,46272362,205340,56133,46294005,205340
6d07503fe1659a5e,60771,50812208,214712,60693,50831259,214712
6d5dd6a0d4d01cdf,64583,54623871,214777,,,
6eb8a6ee9a5c8623,114094,104146572,217433,114007,104163785,217433
6ee5258c85c4fc0c,42355,32414263,211157,42269,32430637,211157
6f19fdf82f11acd0,26530,16564719,221397,26432,16591341,221397
6f99b1d3763ab104,40852,30877968,209969,40761,30894594,209969
6fc3d1c57a1052f0,46281,36323407,209869,46177,36339184,209869
6ff969002c09cd1b,47836,37862456,220417,47753,37879661,220417
70058d7e17f4d0b1,48559,38604987,221580,48467,38621716,221580
701fa68717f9cb48,66628,56677577,215679,66531,56693290,215679
7079b5f07f708f20,112620,102648461,217756,112537,102663967,217756
709d3152ce1f84c8,52952,42982679,186578,,,
70bca0e267f20920,56479,46528604,208611,56384,46547456,208611
70c02b760fafa188,66351,56388731,237757,66264,56405884,237757
70d000c8c44a86b2,40209,30266443,219229,40122,30281411,219229
710292f426d412ba,47416,37463078,210800,47321,37479237,210800
712f70b7c735ba1d,61127,51160262,213322,61044,51180988,213322
713e4e201c5b3247,99948,90003475,215067,99857,90019550,215067
7150782c1622a21e,25831,15881406,207735,,,
719b6ff5be18f4ba,55288,45323434,210422,55197,45347181,210422
71c6eb300dbd0c94,51317,41347904,207791,51210,41358924,207791
71cfba8e2526930e,107722,97764666,217504,107641,97780658,217504
71d67354fd99e30c,84114,74157496,215629,84018,74174455,215629
71db80de9fd01cd6,53607,43665429,209261,,,
7218c2c66b2bf84a,118735,108786072,213602,118639,108801470,213602
723c1825fddfac42,117226,107256682,214172,117143,107275162,214172
72616fe12a3a413c,79720,69779937,217170,79671,69795800,217170
7265fda1c5081b42,113971,104023626,215519,113878,104040077,215519
7275490d22b48d84,117419,107448930,203224,,,
727afc43cc2ab7dc,62607,52664957,214875,62529,52685117,214875
729eb000ad008d28,22196,12225847,207554,22127,12247971,207554
72b7e36c1889f845,90371,80416932,216032,90288,80432306,216032
72cdaaaa5731fe51,57711,47743054,206292,57636,47764061,206292
72df089857be5c32,37202,27232084,221114,37129,27255734,221114
730a41151686b709,110962,100992064,216265,110883,101010169,216265
737ca127da83a352,35437,25467704,211305,35348,25484123,211305
73a9455c58a334ca,18184,8224419,221712,18097,8256965,221712
73ace1bd2e1e4d66,65591,55624840,216125,,,
73c40d9699108322,19291,9324822,223744,19207,9346265,223744
73dda2ef4ba5a4a6,83462,73500594,216380,83359,73516702,216380
73ec13456613ce28,77581,67625766,217063,77526,67657548,217063
73f5dfafd369f8d8,119490,109526456,214900,119391,109541784,214900
742050ef6741fea1,71671,61722618,215445,71583,61739519,215445
7434ada11214ca9a,97524,87559427,219022,97438,87574549,219022
743c60075f940cee,34591,24622054,222724,34518,24639303,222724
744744e00b56a828,20485,10536658,215908,20394,10558545,215908
744ae628be49628d,25922,15978037,209481,,,
746b46f4d33868cc,99853,89903841,215090,99758,89919809,215090
7472808fe51eda49,59356,49403623,213369,59262,49426988,213369
7487458dcd83b8bc,28496,18521515,221868,28417,18549893,221868
74c2fa19370e7f92,104434,94466490,207251,104348,94481893,207251
74e8f127aacb8f2f,102211,92246509,216879,102127,92262789,216879
74eb59413287d3e4,58223,48261083,216354,58142,48301128,216354
74f317ea6ee0ec56,92938,82982719,206927,92837,82998934,206927
7506546ab4c56f47,100164,90225848,214579,100079,90240937,214579
7521b162411d13e4,71866,61896107,216071,71786,61914278,216071
752530d668672961,81249,71279763,214570,81136,71295522,214570
7566370774cad081,81745,71802256,216611,81691,71820732,216611
757b2044c5a1c33e,23838,13891936,210802,,,
758419189eb2d85a,26341,16371072,221373,26245,16404733,221373
75b085014b51c92a,99124,89154254,215415,99042,89171042,215415
75dc369fb76539bd,101941,91986271,216709,101840,92001846,216709
76115a6cd4139296,11578,1635623,208778,11489,1654758,208778
769a16be98a6e20c,45747,35772418,182378,45661,35787994,182378
76fff3ccbdd23189,78471,68504573,216240,78368,68520763,216240
7707289c41cddd2c,48680,38741866,210945,48596,38757581,210945
77214829a0dc89e6,35944,25982030,212099,35846,25997629,212099
773b77483d1f071f,94844,84881941,215260,94751,84897925,215260
7742c8395e786152,114771,104798187,206796,114681,104814221,206796
77762e671021e2e2,40915,30944713,209971,40821,30960862,209971
77f59fca17e1606c,37075,27138065,219264,36998,27163139,219264
7807d436c900671a,91233,81262355,212907,91154,81278675,212907
78220a6cc26b7f41,39955,29999541,211076,39861,30014901,211076
78280303d2594b0e,26081,16111143,218756,25988,16147349,218756
784bb0378c22511a,33094,23124630,222973,32986,23140479,222973
78af0a53d9361209,,,,37259,27385796,209775
78b9db8d631e39f9,49324,39363773,208638,49230,39378890,208638
78d7e042370add6d,16822,6881863,209456,,,
790961eccc03abb5,19544,9577617,181885,,,
790a3907a03af6f1,85799,75844531,216209,85754,75881185,216209
790dff243724a308,61222,51264471,215058,,,
79112ce815802ff6,94170,84225792,214221,94086,84242155,214221
79683ebe28abfe51,47259,37306634,212031,47161,37322682,212031
7973b539f7e3bea2,21150,11185249,209284,,,
79871d2a4c5d88f7,60656,50707519,237344,60566,50731704,237344
7998b854944ae5e0,11927,1960187,207237,11849,1981151,207237
79e13a4619aea51b,38979,29025550,219903,38882,29042121,219903
79f95d725901a59f,21338,11386185,224426,,,
7a094154e8b4be8e,10414,458396,211599,,,
7a4ad0e47899c235,36673,26705353,220147,36584,26720880,220147
7a6208b621046663,33449,23482204,210253,33365,23498451,210253
7abbb5ce6bc409bd,31331,21363166,221577,31221,21385920,221577
7afdbd1017d9bb38,44414,34464982,223227,44320,34481787,223227
7b1c796ed47a9b24,81589,71644056,215750,81529,71659635,215750
7b22cd7b423edfcb,22034,12064504,206879,21969,12128782,206879
7b50a8ad3b88a60c,63219,53249384,216117,,,
7b771739f7f3b25a,93515,83549138,236264,93430,83566295,236264
7b8388516ff07336,90598,80643660,209325,,,
7b8a7f507a1f8878,118452,108485794,215731,118360,108501729,215731
7b8f8fffe2d2c566,116630,106664703,216197,116543,106680889,216197
7bc54e63065095f5,77205,67241679,216299,77097,67257214,216299
7bfaa256de0d19fe,19854,9880015,222725,19763,9922289,222725
7c20399bccd63e8b,36858,26906821,221841,,,
7c2e73f3aec22843,74573,64623599,214956,74516,64650507,214956
7c670526f03b9899,69230,59260501,215928,,,
7cacf084d520d68a,46032,36065526,223648,45938,36082544,223648
7ce2938bd56d4556,61983,52012839,215208,61907,52038174,215208
7ceaf8a9b7498223,100196,90261919,213595,100116,90277502,213595
7d1cc76d08b60815,19887,9917085,218825,,,
7d3b1cfc7c30a46a,103426,93459814,215482,103336,93474962,215482
7d523ceb2d3ac1c9,69261,59280674,217265,69179,59304846,217265
7d531a065972007d,65708,55763978,214766,65618,55780672,214766
7d6a1e3ba6d61de4,108333,98380955,205725,108239,98396463,205725
7e0fe5332ca8ec30,105123,95153383,215531,105042,95171452,215531
7e125cb7eb7ba869,18873,8903687,208562,,,
7e21b57346bf88e6,111282,101319561,207946,111193,101334890,207946
7e3d5966e954da50,108490,98543704,207145,108397,98559392,207145
7e479aa939539da0,119610,109661367,213120,119515,109676825,213120
7e4b02f8f1b2cb00,75553,65603604,216826,75497,65627442,216826
7e5e2531d288524d,23993,14052966,209619,23912,14076398,209619
7e6537c7e4bc796e,22067,12098696,208083,,,
7ecb373726c1aa9d,118916,108942195,214337,118832,108958951,214337
7f52c24884c7d1d4,40973,31017570,218915,40875,31032548,218915
7f6e7283a80937c0,57490,47545570,205724,,,
7f767138dc2617f2,20426,10461696,208653,20335,10485130,208653
7fa0fdc5f8e83a5c,27953,18005053,218129,27864,18024413,218129
802c16843e33341c,65144,55176932,213195,65067,55226689,213195
8057486314fa0dbe,73450,63483389,215908,73351,63499784,215908
806ef757bc504f0c,92634,82664217,207655,,,
80f167a99205cb6d,49818,39883132,211249,49736,39898321,211249
80f9d4112e50f3b8,92048,82105797,214652,91964,82121521,214652
8177d393f7adee6c,117849,107901242,213440,117755,107916906,213440
819f704e20a957ce,20801,10830769,208430,20715,10874767,208430
81c0fa12e294de8b,94969,85005798,216722,94868,85021621,216722
81fc9279cf00425a,100837,90882535,214919,100740,90898470,214919
82028a263383c9da,62699,52761133,213973,,,
823ee1e5b4aad75b,34239,24269496,221331,34121,24280355,221331
82774cadcacd4314,85270,75297678,216550,85164,75313638,216550
829a7426e5306f05,58721,48751068,214840,58631,48773951,214840
82bb1212ad69df44,115998,106040500,217576,115895,106056624,217576
82be52da642c8b79,103984,94042827,216324,103899,94059155,216324
82c9453271389884,15975,5997201,207537,,,
82ef5646da72d146,100808,90846245,215400,100714,90861470,215400
83890f02ddc110f3,87789,77833291,207279,87687,77848903,207279
839632ff08982500,33669,23701037,210411,33588,23725339,210411
83b49d2a714d40ab,113210,103266183,207599,,,
83ba1cb2c0301d56,60317,50347788,214753,60246,50405543,214753
841c8d1545abc8c8,38147,28203548,219616,38058,28219327,219616
84457ce42b4850a6,114863,104905193,215989,114768,104921824,215989
84760e6ba9de954a,76537,66584594,217116,76471,66601652,217116
84847607f1906edf,99824,89867520,239630,99723,89885117,239630
84999b50da4f36b0,98634,88666413,216728,98544,88682328,216728
8537679215e7396a,61854,51886015,215815,61780,51939532,215815
854a911be32fff25,15440,5483867,217490,15344,5508449,217490
85b6e079ebec11fb,80485,70535240,215825,80389,70551001,215825
85d3de9895772687,43342,33394821,209331,43247,33409262,209331
8620c9e6275ecb90,119013,109041727,214793,118928,109056551,214793
865a619a384fb224,25551,15585854,179792,,,
866e9adcd7fe1e6b,107079,97108754,215676,106993,97127229,215676
867736b23b57aca7,95027,85078628,214929,94931,85093279,214929
86b40dae1e54a113,115489,105518940,170230,,,
86d1dd1e5a581705,17361,7404470,205116,,,
86eacb6204529553,14113,4143155,209757,,,
86fe4837899a9237,51598,41642699,220013,51497,41659514,220013
87007d43187c7078,45119,35156585,177409,,,
87b7d139a28cd466,66061,56091007,216096,65979,56109727,216096
87d60d2d31f8d738,44737,34767651,208970,44660,34785799,208970
87ffd65650e372cd,32776,22821433,208661,32717,22844949,208661
8818170c5c3bdedd,94815,84845531,215771,94726,84863124,215771
88233338816e25de,57242,47285449,219090,57156,47315138,219090
8836834024bc1564,,,,113120,103281171,207561
8871a64a2cde2ee4,64611,54660204,214857,64528,54687896,214857
88905f8342b25296,96952,87001998,215687,96855,87016952,215687
88a1ecbb8cfd7a8d,81373,71415959,214841,81270,71431800,214841
88d325476a854f2c,83492,73536927,215113,83390,73552170,215113
88e8e9fcda421da5,78971,69001823,207820,,,
88eb5e7add42517d,117601,107640412,202734,117501,107654552,202734
8902758c2f5cf91c,114612,104641728,216527,114528,104658816,216527
8914788257c05555,76886,66918374,214977,76791,66934283,214977
895619adca631483,43621,33654075,209348,43508,33670290,209348
8959f6029888fcdd,98756,88796926,214947,98658,88812374,214947
895d7242a0bf5515,34040,24103637,211467,33956,24118234,211467
89ea4169480c3160,113880,103925736,215248,113787,103941301,215248
8a0fbb36b17b0155,100523,90553707,203829,100442,90569224,203829
8a4d1bb6c4cfd9c5,42208,32242455,208111,42111,32257760,208111
8a8f16d76a096680,16636,6684060,222022,16542,6706659,222022
8a9630198fddb8be,100650,90679144,205196,100564,90695126,205196
8aae9a8aecff1c87,26373,16401185,217751,,,
8ab683d46e2a8f53,70474,60525599,215321,70381,60541150,215321
8af406fb274f4243,80733,70798370,216730,80681,70814228,216730
8b2937179b090677,25892,15942683,208532,,,
8b358527f87afbd1,,,,58920,49065120,202891
8b37206a16a7ffe4,104339,94369221,206438,,,
8b838b46b31734ca,33192,23219707,207296,33073,23234417,207296
8bbaaa4e69943485,31234,21257532,209314,,,
8bbf5c3bed3054ad,31900,21945677,219430,31839,21967916,219430
8bc08468a193c7eb,116245,106274941,214637,116164,106293742,214637
8bd7c677a860ebf7,95689,85726366,217960,95603,85742185,217960
8be0823570ea99da,14777,4822408,221896,,,
8be1f54473b7ad91,26841,16898426,208082,,,
8bebb1cd45576cc3,51876,41902572,207324,51801,41923145,207324
8c6e1ac614c1d8bf,115969,106003685,202170,115870,106018966,202170
8caefa1d566d3256,98851,88884664,216664,98749,88900445,216664
8cb29c14561945a1,60348,50379537,215627,,,
8cc379ca221d9c64,46219,36258798,210103,46117,36273794,210103
8ce1b2f4dd76c309,110237,100267034,208483,,,
8cf1ec3f042b7a62,39861,29904191,209372,39772,29919909,209372
8d04dfe783caa808,87479,77509593,238181,87369,77526486,238181
8d069081b18463e7,11796,1857064,209361,11717,1878549,209361
8d2ea0c21dc4b88c,33858,23904641,210275,33777,23919836,210275
8d324ff45c17ab2d,28043,18102818,220837,27962,18127221,220837
8d38c1099ae7c363,67223,57261759,203980,,,
8d42024db23c4f75,116876,106922260,212689,116776,106937814,212689
8d84f08c7886dc27,31556,21586468,208805,31501,21661032,208805
8ddd3c9bbbfacceb,79194,69227324,207506,79089,69242802,207506
8deeab98ace6f878,75874,65901137,217083,75780,65917197,217083
8e3f72beae7634a9,44536,34599885,209377,44453,34615212,209377
8e4299dac7c74fad,61096,51126429,215913,61015,51148846,215913
8e9e965cd7e1e2da,118482,108521954,213830,118389,108537420,213830
8ea2a969874422b7,80363,70401556,214173,80255,70416626,214173
8ecd8525937564d0,24440,14478757,209358,24368,14500059,209358
8f2a9fdeed87228e,105786,95837614,215772,105692,95853772,215772
8f2fc0da80a2014e,115143,105195996,202592,115048,105210164,202592
8f61efccf65cc243,,,,16924,7066565,207563
8f81cf08cecb4135,95397,85438646,215405,95315,85455297,215405
8f9681553110173a,52479,42526769,221651,52381,42543337,221651
8ffb8ea3bc40afe9,31743,21785757,209326,,,
900d7226661ad436,83117,73141116,214258,83011,73156351,214258
90275e12734018d2,69569,59604078,217738,69467,59620087,217738
902dae3be9999292,108902,98937210,215131,108816,98952387,215131
9057ba58996376ea,26811,16863248,217936,26712,16884589,217936
907e859e8fcb4fa5,32524,22565246,224532,32465,22584663,224532
908f81a54992e3ce,15752,5801724,206093,,,
909d63fa822c92fa,68770,58825473,214379,68679,58840335,214379
910f1231d0b326f7,76231,66266165,217747,76123,66283083,217747
9131806d3712f046,112808,102847517,218082,112715,102862928,218082
9149d0d17e1194e4,79538,69584090,215184,79440,69599335,215184
9159470606b7f8f3,56164,46202695,209406,56074,46224705,209406
91804801cdb493be,25457,15487161,209932,25368,15510710,209932
91bdb700507b0a78,67792,57848235,239505,67704,57865451,239505
91cd9a1b54bccd83,109371,99425186,216932,109284,99441899,216932
91ef069b8b813b7a,102849,92900707,206911,102753,92914928,206911
91fb402426886fbb,54594,44645461,219650,54501,44665299,219650
92139d3b1439d129,82522,72557093,217172,82411,72573077,217172
924c285c48538581,65620,55660708,212203,65532,55691418,212203
92519bc92348f4c4,103490,93526618,215919,103399,93542224,215919
925c55843b44a869,72523,62580680,215172,72434,62596343,215172
9273f74d3f48f332,65112,55140875,214332,,,
92bcec84aaf060e0,110417,100466732,206242,110322,100482186,206242
9347e5fcb892a705,34336,24368549,258323,34224,24386389,258323
934bed4bd9d71180,99000,89060479,215408,98914,89076104,215408
9357197ef0d59c55,97233,87266323,215453,97152,87281817,215453
9393ebe91458f82b,84749,74800286,207960,84654,74815519,207960
9399740a805a29cc,92996,83052707,206678,92907,83068610,206678
945402ef808cbc70,19633,9681838,206770,,,
945f72fb65374d7b,64824,54879006,214587,64735,54898963,214587
9479edd074b99958,108395,98445540,205406,108299,98460725,205406
9562ccb71b73af81,14307,4344240,218177,14231,4363435,218177
9571dc95e7386b5b,64706,54741271,205290,,,
95f06a40653bc70a,110994,101022147,216436,110914,101037561,216436
96216125dc5311d8,14716,4758156,211300,14625,4778321,211300
9672f45ecf3da776,110076,100106480,215381,109989,100126677,215381
968aa6eb3ee8cd8a,52321,42363444,219251,52228,42379124,219251
96affd61c230813a,73231,63256424,205290,73144,63274222,205290
96b4efb6fd540137,48404,38446397,220252,48302,38463166,220252
97576a95465048e6,80206,70244005,214982,80105,70259625,214982
975989271219b096,25232,15265190,220544,25150,15310141,220544
9797559fff9fc43c,47804,37834425,221390,47723,37852531,221390
979f3f39543816e8,62421,52463032,212774,62332,52486941,212774
97aff1b101d5e905,53731,43795649,210565,53655,43816537,210565
97bc2d593c95c9c8,52757,42783030,220492,52675,42800957,220492
9852da90a9326cac,115114,105161742,205139,,,
98771502fbad65db,59798,49863636,214080,59728,49887565,214080
988f04cb635fa33b,84243,74285153,215873,84139,74300614,215873
98b530a55cccbd9f,81312,71343216,215499,81196,71358497,215499
992227c4c28b2aaa,96617,86637740,205770,96533,86660005,205770
992564b6a15ab501,10321,355929,209404,10223,379352,209404
9939e96aa1915ba7,94658,84686355,215784,,,
994e734a5b552455,10692,754357,221397,,,
995d634a9b78a51d,69507,59539869,215335,69409,59555717,215335
999bac11fb70b1ab,38797,28827196,209923,38709,28845517,209923
999bd8417262bd79,70125,60165715,237898,70040,60182390,237898
99ec733d07e89b33,119175,109207737,216581,119087,109222731,216581
9a81526300e56f96,96004,86058926,214197,95913,86075249,214197
9af4d8baff7402c5,22917,12977063,209573,22830,12997798,209573
9affbf22c79761d5,99763,89800432,215179,99665,89815728,215179
9b1ee9c405a18334,92113,82178401,214151,92035,82193706,214151
9b31cefcea99c0d4,25736,15784201,207504,25642,15804302,207504
9b592bb390d95ad9,51379,41414082,207833,51267,41429186,207833
9b80445ae949bfa7,106133,96161635,216937,106053,96176966,216937
9bacbb92c7bcd555,65801,55863552,215880,65717,55879377,215880
9bd328c71a12aac9,42237,32277768,208835,42136,32292787,208835
9bf08c06ac89d3ff,59171,49200836,205020,59071,49224611,205020
9c1fc30601cae19d,96100,86145370,215402,96012,86161224,215402
9c8cf8046843411f,110570,100625886,216326,110482,100641733,216326
9c9f3ce8dafbe63b,70092,60125598,215426,70008,60141155,215426
9cd5adddcd7ba15a,43945,33984463,220663,43868,34000648,220663
9cfbfe02bec610f0,110294,100336111,207412,110190,100351900,207412
9d27d358e0466439,108112,98144997,215571,108026,98161073,215571
9d2e4744b4724d29,99319,89349444,215998,99235,89368018,215998
9d3c6bbd762cd676,116965,107025462,215741,116879,107041205,215741
9d566a2d00f3861b,19068,9097664,210783,18991,9122499,210783
9d68d9bd1f96860a,107885,97921751,215543,107803,97938277,215543
9dcc18a7e174aa6a,96678,86707323,204725,96591,86722655,204725
9de7be072909eca7,106360,96390395,215880,,,
9e02377571c08798,20177,10207162,210417,,,
9e3409cd8cc68717,83710,73766650,215595,83652,73783438,215595
9e43c58dc1b5f86c,107239,97269241,212395,107150,97288114,212395
9e5af3f3e3d60a01,114741,104770806,206141,114653,104788755,206141
9ead2e51f22b33d7,113241,103301019,206301,113154,103315696,206301
9ed958641e4a8c5c,54655,44704112,210260,54568,44723105,210260
9efc0782c326f7fa,80013,70041894,214770,79925,70058033,214770
9f197fa297589cf4,35564,25601828,222360,35474,25618210,222360
9f1dda6a575995ba,78347,68380762,216306,78234,68396347,216306
9f3d381453a3d1a9,45308,35342839,209532,45216,35357538,209532
9f407ba5dfa8d7fc,52134,42158766,207905,52052,42180496,207905
9f6bbdb541c8f99d,117129,107158889,216040,117046,107176409,216040
9f6c3cf142f07917,66689,56745347,216314,66599,56761000,216314
9fc7c5279abde82a,105253,95288241,240902,105171,95305296,240902
9fdcb42da27b968c,108774,98801093,215590,108691,98817879,215590
9ffa19274bddf690,73261,63292677,214339,73170,63309045,214339
a002cd33ea40effc,29214,19244514,217104,29134,19267296,217104
a0091d74eb6276ae,62732,52797377,214489,62653,52817810,214489
a04e3f22c77b784d,108742,98771784,215535,108659,98789195,215535
a068cc5c56e5efc7,110633,100699356,216831,110553,100715181,216831
a08181a08f01b613,25952,16013317,208359,,,
a09d946d9e9f1fb4,38734,28764239,211974,38649,28782843,211974
a0b4e69e456745b9,114518,104548010,206360,114436,104564671,206360
a0bf1b1c309a0276,18090,8117161,208395,18005,8164187,208395
a10f9f52839df120,10634,681178,211127,10539,701580,211127
a129acd1d7de59d2,50997,41015020,177834,50914,41040210,177834
a132ca5b7b5fe9db,62015,52041859,216083,61938,52064283,216083
a14cf93d65c5789d,56633,46688619,199962,56545,46708587,199962
a167f4620fec5718,15088,5124180,218120,14999,5158316,218120
a172f64c6d3fecd1,,,,21559,11718824,162397
a17ce27d5d855c62,101504,91538825,214464,101419,91554145,214464
a185ab3655b51de2,94752,84782482,215954,94667,84798316,215954
a2350f3f6449c024,64734,54777567,214499,,,
a23959f303cfa602,106759,96817720,216614,106671,96833247,216614
a23b527bb7488670,88746,78786190,215189,,,
a252a2de69271772,72646,62704840,214759,72561,62720126,214759
a253781031f5c776,67543,57585722,213821,67447,57601230,213821
a25ab050401c539a,11702,1757574,186690,,,
a26923b798b69381,38855,28891712,208557,38762,28907519,208557
a296c768d3a8a758,43554,33618674,210086,43472,33633400,210086
a2b4df8868b3aa47,64201,54231433,215761,,,
a2b59f2351b72a61,74076,64108525,236197,73990,64125749,236197
a2ba988652620a45,96358,86380529,204118,96280,86400771,204118
a2cbc677261c3d74,,,,23779,13948032,210465
a2ee092134712c76,29055,19105487,219666,,,
a2fe493c55a138bc,95364,85402219,216417,95282,85418480,216417
a30ec72bf733f669,119519,109563068,216067,119417,109579011,216067
a3173c15e73a4453,22826,12877405,208380,22734,12898060,208380
a33ce7881c36cb70,91519,81557251,216771,91429,81573044,216771
a36aa58ac19952ee,112650,102685154,216813,112565,102700812,216813
a36be8c9a2f56764,89879,79922277,214388,89781,79937838,214388
a38efa644b8854bd,41251,31297396,183005,41149,31310332,183005
a3ee4c932c5ec46d,32395,22439430,221470,32294,22455810,221470
a40c0a2473d29482,73137,63167885,205528,,,
a411f1c13867b71c,30614,20642211,222132,30534,20665011,222132
a456cd6eb13d05c7,87351,77382781,216600,87251,77398708,216600
a45879f3d632a9eb,115585,105618779,200789,115496,105634734,200789
a4dce06bfde762eb,69688,59741617,215001,69595,59757156,215001
a5074c257bf663f3,14686,4722482,209090,14600,4741140,209090
a5abe1b1361a7ee0,38639,28669624,222413,38556,28687611,222413
a5b928b1f0a00fe3,88233,78265179,215413,88140,78280649,215413
a5f9b376d57c6629,76853,66882004,216397,76759,66898496,216397
a62c02d6058c6535,40018,30066993,224315,39922,30083901,224315
a67a98cd8aa8db0a,20331,10378400,209226,20234,10398878,209226
a67ca7e6119d1199,44353,34402249,221191,44262,34418478,221191
a6bdb0576ec7d824,45714,35741619,223660,45629,35757729,223660
a6fed85c03d681c6,57398,47444947,222682,57307,47466593,222682
a729c342271a121f,98697,88726769,214287,98604,88743148,214287
a72ea6942392e69a,39260,29313691,210335,39173,29329738,210335
a72f41a0a0ca308f,42618,32638036,210835,42540,32661347,210835
a7355043c07f20a4,79383,69424746,208090,79281,69440257,208090
a7409819ecc90964,52599,42660005,222644,52514,42675978,222644
a7aa0cc782a17a4f,93770,83801752,215461,93679,83818126,215461
a82cd9d34978aff3,56572,46620767,202129,56484,46644148,202129
a83798babbb9d1fb,,,,63262,53421850,202721
a83ccc796d57f123,71899,61920124,214367,71819,61942167,214367
a8466b2483da34a0,86624,76661352,214674,86515,76676942,214674
a8696c3a2a9aad7e,41568,31601452,220887,41486,31617770,220887
a8860a64f848083d,50965,40995459,127361,,,
a89235c57ef016d8,39323,29382430,207921,39236,29397930,207921
a8e089380d7d37ff,50803,40861677,207467,50754,40880082,207467
a8e8b65e0658752e,37365,27397024,208907,37291,27417676,208907
a8ef476922cf2369,73569,63623530,214382,73477,63638954,214382
a92b3adc7fa9a187,110478,100526496,215030,110384,100542592,215030
a934cfbd07ba84cf,33159,23189507,219917,33044,23200967,219917
a97242a310e1b323,41194,31235989,179844,,,
a9a16847d2609125,35534,25564259,221675,35444,25581818,221675
a9d1d1b3f3c1db8b,17073,7103316,207091,16989,7126527,207091
a9df0181c9891ff4,86372,76399905,215755,86264,76415501,215755
a9e8f571dc78baa3,64852,54914884,212228,64771,54935551,212228
aa035e64586787b0,37525,27553451,209180,37447,27606482,209180
aa1d867fda5f298c,105632,95678203,215351,105536,95693802,215351
aa97065aba031c0d,48845,38874942,210075,48762,38886286,210075
aaefc63e64605e22,52102,42132464,209234,52023,42154498,209234
ab1ac45672bcb4a9,19572,9613638,213211,,,
ab40bf3ac3df3098,50595,40626466,220082,50501,40642975,220082
ab4426c061baee77,27706,17737079,207931,27630,17764392,207931
ab770dc36bbb6f22,24472,14514039,208589,24398,14536349,208589
ab928019bcb8f8ba,73389,63425510,213315,73294,63440987,213315
abba8ca80bb47b52,83085,73114719,216145,82984,73122312,216145
abd77d0230884708,17105,7137360,208069,17020,7155611,208069
abdbdd4e6d44f5f6,102727,92763543,205811,102632,92778552,205811
ac08427b9d31d538,62450,52499678,216734,62357,52522266,216734
ac08c6d4a5ca6e89,,,,106278,96408795,215842
ac143868763a2cf4,82139,72160773,214511,82036,72177122,214511
ac61ff06a0ad6db9,89089,79146738,215467,89001,79162334,215467
aca61bfed678da17,88169,78197864,214964,88077,78213493,214964
acab0220c81a8dc0,73201,63231056,205745,73116,63248028,205745
acce1492833e1400,106454,96484664,216872,106366,96502743,216872
acd232cfd6e09b36,98059,88104126,214144,97964,88119359,214144
acf543a13013a9fa,15812,5872154,209013,15731,5895446,209013
ad07503d8aaa7922,43287,33323539,212707,43188,33338978,212707
ad255ce01659247b,53993,44024921,211965,53918,44077427,211965
ad975768a992426c,25296,15326568,210230,25214,15351374,210230
adadb380fb0cdb19,104111,94144326,215538,104030,94159553,215538
add22cc3f7543803,61471,51520561,215636,61384,51543816,215636
adea5b0ee7d4dbcb,61285,51325934,215621,61198,51357274,215621
adf862fc6af66af2,58193,48224365,216372,,,
ae1baa56b559890b,60377,50415569,213491,,,
ae7127678dd9f14d,35083,25137783,210896,34996,25152353,210896
aece2b000adec13b,52541,42585627,219898,52446,42601484,219898
af1746be627edeab,52855,42886309,219732,52772,42902749,219732
af21769fc741927f,68591,58626085,216453,68495,58641208,216453
af34e2880a6adc47,43783,33812874,209424,43708,33829398,209424
afb8f34a0473cc9f,10384,422592,211094,10283,448033,211094
b00a756067d06af2,93125,83185280,215561,93039,83200870,215561
b013a02a8f397a76,115020,105068196,214508,114921,105082907,214508
b0143ad931fbc9c6,108612,98645136,215736,108529,98660506,215736
b02b598c79fa5856,,,,11613,1776789,186699
b03d5628bc6ea366,95242,85301857,215771,95156,85318341,215771
b0706bce475db69a,23689,13722431,207945,,,
b0891c4ee7a0032a,45843,35873212,211482,45756,35890212,211482
b0b9343884109867,75583,65639773,214155,75529,65655947,214155
b0bcc22e4a05dd8f,23340,13378518,207634,23261,13402347,207634
b0c294d9dad344d3,91740,81785580,215961,91641,81801688,215961
b0cea6900be24309,36703,26742808,221130,36612,26758977,221130
b0d73bdfaaba3830,,,,115018,105176314,205101
b0d9b4c7c573892a,15377,5412139,208583,15282,5432316,208583
b0e5333e1c584154,17265,7302002,207692,17178,7324388,207692
b0e5ad5f662c3540,117259,107282161,216319,117174,107302266,216319
b107ff85a35612fc,81716,71765588,216083,81659,71788653,216083
b1496180815d2c4c,32169,22204881,219796,32067,22220463,219796
b1af885f3d3df968,16104,6136674,208883,,,
b1c1275d98f85a80,55410,45458341,208612,55312,45480345,208612
b1cbf7bde0dd845b,41100,31138222,179624,40998,31150726,179624
b1cf5208e130208d,,,,104257,94386681,206400
b1d2924bf553100f,78500,68540941,214851,78397,68556749,214851
b1f6f68ad49ac68a,104371,94396660,206584,104288,94414181,206584
b2188ed6e9183952,29730,19763788,217693,29632,19786850,217693
b22f8fe204f38668,50651,40700924,220700,50555,40716465,220700
b2452adf51eac5a0,,,,50884,41009562,127323
b25f7731530ae9e9,48061,38091694,221041,47974,38110399,221041
b28daa17ef1f3a89,101245,91275735,205077,101166,91292717,205077
b2a94b088d1e01a4,50468,40507033,222451,50376,40523548,222451
b2cbeee3bfaffe4e,46190,36223286,209272,46090,36238631,209272
b2d4b35a29302dfa,118133,108161705,214743,118049,108177328,214743
b3070bedfe1c9cee,47573,37638070,210940,47493,37653289,210940
b3287e0222d208f1,25360,15393945,209569,25274,15413430,209569
b340d33d27475c46,109244,99299227,217224,109153,99315415,217224
b3b9b2731d9c9a82,75368,65419622,215480,75273,65434862,215480
b40beb3c94df279a,76414,66458365,215626,76313,66474981,215626
b4451284dcafe95a,110356,100404040,207722,110258,100419721,207722
b4760952398bd73e,41698,31728145,220564,41615,31746182,220564
b481def3ad444447,28305,18335682,219786,28232,18359971,219786
b4828ff7447dd925,86595,76625463,214709,86487,76641359,214709
b4b0cba2bb8bfcba,24408,14443320,208599,24339,14498408,208599
b4bc84aa3541cb9b,104962,95019645,214533,104874,95035457,214533
b4e6fd44701e1e60,37044,27101058,220560,36959,27123229,220560
b52f125de2586122,10852,880139,220640,,,
b53198547ebaa5e9,20082,10112795,208138,19990,10149445,208138
b53316225c753ef9,113783,103827453,207333,113692,103843280,207333
b5340b5d90b3a503,50114,40145503,212226,50028,40160974,212226
b56ad78ec15b0036,94400,84422368,215972,94322,84443261,215972
b5aef1ead9fd91f6,29793,19825155,219773,29690,19846295,219773
b5af63eced3f14ad,119703,109765250,215833,119619,109780931,215833
b5b63037790db537,70564,60620836,215173,70475,60636540,215173
b5c72d6e177164e3,94201,84262010,214347,94116,84278464,214347
b5d87fc236ff449d,83983,74021376,216426,83901,74038014,216426
b5f97657379c408a,66963,57000652,215593,66880,57015785,215593
b67458a471bde2b1,79981,70010893,215346,79895,70025790,215346
b680ace07e89ffbd,37838,27877777,209798,37748,27893493,209798
b6fb0f3f3d69e621,12057,2087650,208663,11978,2111073,208663
b727fca97767f85f,113688,103725588,206575,113600,103741056,206575
b750af430c42a76c,31462,21492365,212912,,,
b765e5a76c502b87,102243,92283257,217412,,,
b77cbdfe06475757,10099,129943,208849,10012,171567,208849
b7adc128f17a190a,12154,2184501,219279,12073,2233083,219279
b7ce1704706ab524,75213,65245233,215133,75111,65260724,215133
b7eb93fb4f0b349e,48433,38483761,221135,48338,38499928,221135
b84c88f6cab52d3c,100556,90587888,202855,100473,90603617,202855
b8583fbcb9e65c6b,107270,97304703,243178,107180,97321652,243178
b86a32ada7a59321,73754,63784547,215866,73674,63802478,215866
b89c49f55252f1e9,106484,96521262,216489,106393,96536429,216489
b921fe4ea9b87a8d,,,,27604,17763606,207223
b922dc1fb1e8cbd1,107142,97179195,216341,107055,97194723,216341
b934a398de9efe46,101054,91105895,214258,100961,91120755,214258
b954c21c8033088c,16073,6103196,207932,,,
b967e1c8ec2e13a7,,,,60919,51079084,203457
b98d5fd04faef5a8,85492,75524508,215268,85378,75539873,215268
b9b730486d774fec,96130,86181977,216663,96042,86198320,216663
b9e4a0c096d46790,115293,105325072,202880,115209,105339542,202880
ba184e6b48babc76,18809,8842561,208387,,,
ba743b1ee9b09eee,104869,94924352,215876,104778,94939851,215876
bab461a25e1602e0,19099,9133337,210956,,,
bab4bb813f8bd9c2,71930,61956382,214744,71850,61974039,214744
bae62764c12d3dd6,95720,85762766,215357,95634,85779207,215357
baf414ce79bb0b58,46063,36103080,221843,45966,36119421,221843
bafc1a46dd7219b4,30582,20612842,221838,30504,20637575,221838
bb86937640ff55e9,119078,109108642,216453,118993,109125663,216453
bba7510f6fc4f1f6,32085,22145777,220646,32013,22161066,220646
bbfaf863f17914ff,62202,52247973,240136,,,
bbfd53e8c0a72888,59200,49234957,204049,59098,49255058,204049
bc0e2af6ffc04159,39473,29513699,209584,39390,29529201,209584
bc296834a90371c3,97774,87818437,215094,97678,87833782,215094
bc562373d3ffacec,39603,29638944,209767,39518,29654786,209767
bc83366c43aeb02d,13071,3102984,220969,12983,3127985,220969
bcb1f3d0b0590fde,75463,65504081,214557,75401,65530161,214557
bcc99da4cdadfc35,105509,95541228,214532,105420,95556811,214532
bccde749f8a04a08,115908,105946276,200723,115813,105961850,200723
bd568a0880d4e36d,77112,67145846,215073,77011,67160691,215073
bd5b18cc4cbaeab7,34901,24941427,209337,34826,24961483,209337
bdaeaeba2f2a0af8,69479,59509470,215268,69384,59527307,215268
bdbfb2539e9395b5,73479,63519507,214174,73376,63535336,214174
bded5eb649de594c,92756,82798789,207605,92660,82814690,207605
bdf6f34a433be382,96860,86902865,217721,96759,86919177,217721
bdff75fdeb9452c5,52569,42622363,217550,52477,42638907,217550
be219f3bea91fc2b,19036,9066360,208613,18959,9088534,208613
be34bbfe0e6fc78f,61756,51785014,214426,,,
bea4a3bea8a650f0,43752,33777495,212082,43677,33798694,212082
beb5e9ea784b7ec4,109121,99162701,216022,109026,99177640,216022
bedc4f855eb8fc3f,87156,77186593,214334,87071,77202671,214334
bf01cb6ae2d8f987,49788,39847419,210681,49701,39862526,210681
bf02e42b363f9329,55380,45423098,206689,,,
bf15593eaca7052d,113333,103365036,207233,113249,103380812,207233
bf3bd53203ae3895,63348,53380537,202759,,,
bf6c8ae4baa23578,,,,111167,101300169,207823
bf8ad701d5908302,79851,69884280,216914,79767,69900529,216914
bf8b4b7b178ebfa8,82584,72625006,215961,82509,72641026,215961
bf9ec5ff31665054,90501,80541359,216780,90416,80557347,216780
bfab978ce5af3376,98880,88921365,216949,98776,88937686,216949
bfaba4f23361b338,77900,67930064,213597,77813,67948018,213597
bfae4dc64da254fb,59261,49303964,204538,59156,49322045,204538
c02015a2f12f606d,28868,18912827,207973,28775,18937835,207973
c02191ef61a71941,55807,45844745,221734,55721,45866897,221734
c03b7e8a8dbd92aa,35973,26017701,210821,35872,26032890,210821
c044812ed7b2bd7b,63845,53904509,213584,63761,53925818,213584
c06cd4dcaf5cca5d,81057,71087529,209061,80966,71101356,209061
c09f4d3820275f9d,87091,77124981,215865,87009,77140812,215865
c0a5da16e688f782,85206,75236603,213973,85105,75240798,213973
c0a6eac18cc2499a,64330,54367972,234019,,,
c0d171dfed80aac8,72585,62642899,204658,72499,62658079,204658
c1060b37680d9823,69844,59904659,216190,69758,59920082,216190
c2050f77b4f0559b,30867,20905985,221124,,,
c20a42a96cc29423,99157,89181949,214535,99074,89199644,214535
c22e9b435e5e5803,96159,86218479,215898,96072,86234219,215898
c29389e1585ae707,54713,44775664,211002,54630,44794474,211002
c2be36dc94acb5a6,13038,3068201,221941,12952,3111082,221941
c2e9d1b38c2d2bca,113940,103987203,218189,113845,104003291,218189
c2edb15002b5d54c,38478,28508096,220782,38398,28526196,220782
c3133c5efe6fee56,109757,99787429,217185,109677,99805051,217185
c325ae32ef4e6a91,35372,25398854,183258,,,
c3fd9f3b2fe69fe4,88104,78134158,216054,88014,78140963,216054
c410e235405c8f26,114002,104058836,206459,113912,104073975,206459
c4329f85dd6164b1,118512,108558097,213773,118416,108573060,213773
c4b96b62cd0e733d,51348,41379029,208055,51238,41393885,208055
c4ecd6f885308570,34466,24496096,221921,34390,24514028,221921
c5191ea7a3e2b88d,14559,4599745,224125,14477,4636160,224125
c55c7b0d08c805b9,96771,86796942,205722,96678,86814319,205722
c5760b7c466fe907,25643,15682934,209573,25546,15703023,209573
c5841fbf6efddb23,100491,90519201,204661,100411,90534131,204661
c584fc7c97b57559,34746,24797450,223134,34673,24813460,223134
c58b854e5e7a35d9,103136,93167016,217487,103020,93181957,217487
c59a3f4b0cfec68f,104143,94180817,216370,104062,94196633,216370
c5b14cfc463d0b12,115648,105686263,215666,115558,105702717,215666
c6b490c6a4ed7efa,53699,43760101,210915,53618,43782501,210915
c6da0739e6f9a303,24695,14742833,221067,24608,14766397,221067
c6e1ca3e55771cf2,116117,106178973,214984,116033,106195229,214984
c70657c0f6e2e575,51223,41253405,207987,51124,41266390,207987
c76ee90c78990d4a,44993,35021239,221448,44912,35037096,221448
c77254cf3f73a22a,69101,59130959,217648,69023,59148535,217648
c786f8da0caf6bf8,108871,98900926,216302,108786,98915956,216302
c79b6635aeb8169c,109184,99225902,214738,109087,99241903,214738
c7c95e8d3055b6e2,113528,103566548,208807,113443,103582039,208807
c7e09880d39f1fae,28592,18624034,218291,28511,18646863,218291
c7f123a630de8988,86245,76265821,216071,86163,76322869,216071
c7fd5eca82eb188f,35112,25173221,209926,35027,25189468,209926
c825846a8cd759d8,32933,22985409,223033,32869,23005633,223033
c86783a745d86864,22672,12724954,221419,22588,12747197,221419
c8cfa6d03faae660,65771,55827054,214931,65684,55842818,214931
c8ec3ef91ecd90e9,67383,57427274,213951,67293,57442027,213951
c949e5c6d727a192,36417,26447515,212629,36331,26466767,212629
c996b29aae19c6c2,90943,81002576,207746,90856,81017970,207746
c9bb91e5aaa84bf7,22322,12363450,219330,22246,12383923,219330
ca2383129cfa762d,83434,73463795,213781,83330,73479280,213781
ca59465dd260c313,91985,82041757,216606,91901,82057744,216606
caabb46edcbf2aaa,50372,40407949,222057,50283,40424213,222057
cad3e4e39da7de98,56694,46757505,204583,56614,46775866,204583
cad9c0aaa833a14f,90038,80085340,214822,89939,80100765,214822
caec6805fbbbef7c,13948,4012512,209442,13870,4034373,209442
cb08f24e11a67e65,91297,81328051,217300,91217,81343368,217300
cb1657f64df01691,62078,52108318,216074,,,
cb238d57bb6f281c,109030,99061073,217516,108940,99076581,217516
cb2a68d90a5b1ee2,57612,47673461,209248,57531,47695216,209248
cb5db427265ffd21,42715,32741128,217643,42636,32759017,217643
cc723c61e3802e6b,15184,5222186,221573,15094,5244419,221573
cc9ad704f39e6a51,39635,29674619,211351,39550,29689929,211351
ccc236def460c159,95331,85365630,215154,95249,85382008,215154
ccc2cb03163b2868,109628,99657877,215991,109548,99675855,215991
ccf90c4289113ea3,103648,93683192,218598,103556,93698699,218598
cd37ad2a3a9571e4,19822,9852869,209402,,,
cd3a9be16a17523c,82107,72137455,217862,82009,72145217,217862
cd41c0d53cfaa9f7,66598,56641109,215705,66499,56656578,215705
cdcdbcfb6729132c,109463,99520874,215735,109375,99536248,215735
cde8ef2beed351bf,117820,107865093,214991,117725,107881276,214991
ce2cc8b252be290e,11828,1892319,208274,11749,1912988,208274
ce51e79a62d7a881,,,,84618,74781521,207175
ce588812e37fa762,,,,69150,59278442,215890
ce756c7803d1d9c1,,,,67138,57277500,203942
ce8c5f265f96a929,37333,27363105,209813,,,
ce984fab4c441353,58568,48620591,216948,,,
ce9b5336040a7121,34560,24590497,222661,34486,24611146,222661
cef1c4172dda0845,41372,31434340,221816,41288,31450024,221816
cf058964e0d788f7,11959,1995572,209356,11880,2016735,209356
cf37e805eadbb697,79566,69620248,213788,79474,69636111,213788
cf4bb2679d05889c,12090,2117057,208636,,,
cf7984e806f2d535,48249,38285037,218732,48154,38300835,218732
cf8457d528f1e594,47739,37769441,208846,47659,37786460,208846
cf85b60172b42ffe,49695,39744694,214019,49607,39760614,214019
cf93d7175b400af1,42586,32616437,208147,42509,32635553,208147
cf95e336dc61b2c1,57583,47638114,210811,57494,47657610,210811
cfafd677bca14b03,20865,10895674,222024,20779,10938328,222024
d021c9c49746997f,110013,100047396,217208,109929,100063817,217208
d02b03914a2e8327,117878,107937529,215041,117792,107953819,215041
d04e8a409e3c2ef1,48091,38119731,210470,48002,38135283,210470
d0701290c7c66c17,100681,90715662,215821,100593,90731747,215821
d075e8c7662d090f,75939,65969155,216252,75841,65980175,216252
d09027af5b7ceb74,23809,13856247,207312,23711,13874764,207312
d13d92b809197857,54973,45003946,209476,54890,45026866,209476
d1628f4b23872132,99222,89255047,215750,99138,89270759,215750
d16b96ebde59873f,114221,104283681,205088,114137,104298846,205088
d1a708df10244147,16202,6231958,217638,16125,6284987,217638
d1c135467d8224a7,11430,1461257,208713,,,
d1e3cc2119a8c912,27027,17082465,205870,,,
d20bfcbec05a6e10,31681,21721525,207802,31625,21750240,207802
d253eebaaf5aec63,51254,41278201,208778,51151,41292757,208778
d2628b7fb24b28be,40597,30620623,211367,40513,30639754,211367
d26e312f50c377f4,26964,17016495,209176,,,
d2ae9e88a36503fa,51941,41971018,219734,51865,41995719,219734
d2d1d6d71976afdc,92311,82338544,216495,92232,82353834,216495
d2d619262612f7da,12475,2518973,209190,,,
d3294332b747b771,103265,93297770,215785,103176,93313943,215785
d34fb50bd163a660,58254,48297944,218199,58169,48319728,218199
d3508be8e6410b60,18655,8701880,206891,,,
d405bf2fdea9263a,104715,94758666,207422,104614,94773805,207422
d425c43f6ff21141,33607,23637278,209594,33525,23656399,209594
d440887827d3a84f,26147,16178258,219597,26052,16212280,219597
d46ba1e6f27cde3b,13799,3840263,206948,13698,3862372,206948
d4715dfa1d0cae7a,53864,43899610,209796,,,
d491c146a2c00743,97651,87687344,214463,97562,87703463,214463
d4d3bf917537714e,51688,41742975,219289,51597,41759154,219289
d50e228935f98fcf,67729,57785468,214149,67642,57800686,214149
d53c5e263ca2d8e0,71422,61464303,215910,71323,61480543,215910
d5537e13f8f3ac23,24343,14376739,209362,,,
d5e95cbdd15c7c5a,97014,87068052,213534,96921,87082613,213534
d673b639cbc028f3,77610,67662173,215451,77558,67684374,215451
d6c570d8f4e7ac0f,13738,3782514,209690,13641,3803709,209690
d6e5b12013358668,65996,56026650,216537,65915,56044675,216537
d6f74c1cd0674cb8,27090,17157007,218129,,,
d719017492c86507,81089,71119163,207065,80993,71133398,207065
d743fdaa417ae5fa,16942,6977533,209452,16860,7019303,209452
d74bec40c1060f8f,36034,26083219,210549,35936,26098672,210549
d7c609c6fd928f68,99189,89218591,216614,99106,89234145,216614
d7e7636f428808d8,,,,65355,55514189,214213
d7f7092347828483,100009,90067616,215353,99922,90083488,215353
d80061d562e17bec,54059,44089290,219580,,,
d82c23872c1f728f,69963,60002189,214982,69879,60017613,214982
d84ac9c3b0705bc9,10226,256007,208064,,,
d8b0bd5ee46b0a20,75086,65122954,215635,,,
d8b7d1f34c571c68,56952,46982066,209818,,,
d8c5032e61789bbe,80455,70498713,215847,80352,70514326,215847
d8fcd69ed6cf6bc4,100460,90489961,204674,100381,90507566,204674
d92bf21a517151df,,,,46985,37119473,178566
d92cccc10a422591,107853,97885228,217049,107772,97901913,217049
d941d52177ac9bcb,116906,106958480,214491,116812,106974041,214491
d957063c39c902db,51127,41151354,207150,51034,41167414,207150
d97e17a8ad7bec76,31047,21101038,208898,30961,21122204,208898
d997c1190e9c16bb,27056,17120013,222108,26971,17140433,222108
d99d502127afe1c2,17578,7632697,208224,17491,7655213,208224
da16fbecc6c46f9d,,,,49053,39181964,209680
da21c9febe0a2cb4,82236,72262649,215993,82123,72278050,215993
da22ef1e52ff160d,106851,96884988,217872,106767,96901216,217872
da3e28fe451e6143,41535,31565542,223664,41454,31584271,223664
da47592ee2d953e9,74422,64463759,215621,74324,64479972,215621
da49942359238b08,53202,43244191,213013,53104,43259610,213013
dac35b0bf4148cc0,16975,7012640,207740,16892,7031830,207740
daf28a7f079ae75b,72341,62380172,216073,72245,62395985,216073
daff6e8ef3aefc9f,109822,99851934,214632,109741,99869783,214632
db1c680b0638ec6c,102000,92059280,215645,101913,92074956,215645
db5222ac8b3bba42,119640,109697720,214966,119552,109714379,214966
db59d30e6e91a543,56448,46493377,210253,56350,46514029,210253
db6535d11242cb7f,55226,45257103,208804,55139,45276002,208804
db6c3cc7f35fed11,116692,106725289,215340,116603,106741633,215340
dba905c457fb1036,37928,27982494,208301,37836,27998526,208301
dbdba0e9b324dd70,39925,29963900,211494,39834,29979896,211494
dc2befe56c502e81,82987,73017387,207398,82894,73028719,207398
dc3129e06c4e422f,97556,87596072,216659,97469,87611617,216659
dc3f87971f4f92b4,,,,23602,13743820,207907
dc47f78199a3ac7d,112364,102393834,217136,112286,102411667,217136
dc56c9340b60a888,,,,98387,88521705,216195
dc6e26b241e9ed5c,38177,28240189,216873,38094,28256292,216873
dc715425cf7607a0,51442,41483389,206167,51337,41498980,206167
dc81bdc0b23b3cf8,37462,27492000,208087,37385,27513149,208087
dc8c0d7fc609fd32,25581,15621458,209517,,,
dccfd7ed255182e5,80425,70462239,215852,80320,70479024,215852
dcd6cd944e14c3fc,46752,36786057,224356,46670,36801784,224356
dd39d3ea419d9613,68344,58373750,217408,68257,58391687,217408
dda9fb65cfc63f73,46310,36359414,212745,46212,36374088,212745
ddacf7d31094e4e0,102757,92798313,205714,102661,92814064,205714
ddc20d89fcb78699,30356,20386087,218762,30280,20412046,218762
de0221dc3421284a,77732,67798790,217359,77685,67814546,217359
de1529af0e295306,119238,109268308,213651,119149,109284940,213651
de305087b163dffb,101115,91178773,215557,101032,91193753,215557
de8676af4af6560a,86716,76764665,214103,86618,76780410,214103
deaf137e4ed49108,17862,7897040,206174,17780,7917322,206174
dec9b8a94005548d,73852,63881563,215306,73770,63897173,215306
defbf14cfa00b6b6,67126,57166159,214402,67042,57181744,214402
df15c76ee4ab59db,49543,39587580,221439,49441,39603202,221439
df1f3902fa7327b6,23780,13821074,207138,,,
df30242e8fc5a37e,98341,88371723,213728,98257,88389670,213728
df657034c9f9b26f,79131,69157236,206952,79034,69171505,206952
df7a5bf6817af87a,87382,77419113,215330,87277,77435234,215330
df8e5d46ee22dcfe,15690,5735107,208047,,,
dfb96965bf7393b2,74205,64247668,237141,74116,64265578,237141
dfcae0df6fad17ac,57336,47383858,219813,,,
dfe3baaaf723c6a1,77700,67762055,216199,77653,67780665,216199
dfe756896ad85cab,,,,39146,29290979,179601
e0158c87fe80871d,116535,106565675,213793,116451,106583789,213793
e0a4409a35c6d098,89850,79885940,217968,89756,79901345,217968
e0bcaabbd93cc1a9,105572,95605289,217054,105480,95620968,217054
e0bfe861c0263457,18341,8378407,206817,,,
e0cd1ddb95bb55c4,89249,79279315,213766,89172,79296121,213766
e0d05ebcf6213da6,40758,30788956,214897,40672,30805346,214897
e0d8f19d3ad75090,50775,40826556,219404,50722,40853479,219404
e1206d5ba0ffddca,11487,1531874,208836,11397,1556027,208836
e121f4f9bb472a81,27257,17287187,219188,27186,17345478,219188
e165bd7ee8f5af1f,115520,105551018,203008,115434,105566239,203008
e16eff597fd10088,41313,31361494,206795,41215,31376315,206795
e1732d5ec6436522,59899,49929094,217153,,,
e1af097769592ff2,40304,30365464,223096,40219,30380711,223096
e1eeb48d7df3fda1,28240,18257865,219858,28167,18288806,219858
e219bc788b4cf87e,57553,47601994,208209,57463,47623812,208209
e2330e93354afbd7,46493,36554881,212609,46408,36570303,212609
e2538898eda491e6,95944,85986429,215524,95850,86002574,215524
e29b3ea71055b48b,48588,38642268,220501,48497,38659101,220501
e2e11a474a567c3a,20302,10342939,208509,20202,10364551,208509
e2f1cfc56889f8fc,107111,97142638,216186,107024,97158488,216186
e31a4ad2191ad8bf,10067,94420,209704,,,
e3772dbc50ecd94e,22799,12842111,210153,22707,12860949,210153
e39f0a5021e99314,61316,51362211,214780,61225,51383156,214780
e3beed43d8e9328a,49201,39231197,211309,49114,39244593,211309
e3bf85c29524da21,45454,35513677,209646,45367,35529335,209646
e3ceb60a37cf4349,,,,100317,90442340,204015
e3d8f932216175ef,65496,55537182,215412,,,
e41d474c467dc348,27354,17381603,220424,,,
e42a9578ba71eed9,88395,78420855,215081,88296,78437271,215081
e43e3e071789cdfc,106699,96744591,213983,106598,96760486,213983
e49e1710c8e6afb1,52725,42755451,220049,52644,42775193,220049
e509ba924b2f824d,55101,45123351,211715,,,
e51e071ef8b16189,45969,36003880,209021,45878,36019396,209021
e52e5f8cad979017,91860,81918497,216593,91773,81935279,216593
e550840bc3c28b3d,104745,94793538,206236,104647,94809134,206236
e585ac373f474b19,54220,44250424,220508,54143,44302839,220508
e59d91444574a4c7,57938,47968707,217022,57862,47995327,217022
e5ab0e6589b03614,37493,27518086,209931,,,
e5ae267be4e4dc7c,22480,12521173,218440,,,
e5f553451f432d62,45906,35934987,211453,45816,35950017,211453
e5f7f6fbdf34f2fe,34683,24723060,220507,34611,24739274,220507
e613562445c069ed,96521,86550805,205575,,,
e647b31177728c84,75338,65383297,214894,75237,65399254,214894
e68e6030eb4d9529,17424,7464609,222020,17332,7491403,222020
e69963d02f894b43,30127,20183390,211423,30039,20202282,211423
e6fe7878f7857f97,10950,982850,217751,,,
e717c95a71cafa41,,,,75173,65334510,215542
e73b08d054a9949a,30928,20964165,220973,30848,21007835,220973
e79a336488a90539,54685,44740007,211962,,,
e79afc43d49091a5,113720,103760742,207879,113631,103777365,207879
e7a1ada2227142fb,102567,92605896,208716,102479,92621595,208716
e7bfe2dc9220a001,72465,62507957,239574,72364,62526024,239574
e7fc3ccaedcc5c43,108303,98346148,208613,108211,98361149,208613
e8681d9380d5f038,46589,36624122,217523,46507,36640363,217523
e8975b4a13de99b0,38575,28605780,221906,38494,28623869,221906
e8a52695e2fb5124,46944,36985472,224059,46859,37000739,224059
e8a682936ff587f1,13392,3423162,222189,,,
e8b387a341392f96,40628,30658522,224552,40543,30673994,224552
e8ca8a24b1aaf866,106002,96032429,215600,105924,96051240,215600
e8cee348f87928dc,27863,17901851,210002,,,
e8fe4f512770fe7a,103395,93423422,216649,103305,93439841,216649
e914f40fecada888,61441,51484114,215548,61353,51507023,215548
e91d0bb9cf5785ec,56196,46237648,206814,56104,46257537,206814
e92bccb8e2c354a6,94997,85042294,215975,94895,85057700,215975
e9353b07db3bde11,34653,24685746,221207,34580,24702133,221207
e972b687c054b1e5,104932,94983352,216186,104840,94999223,216186
e97bf5f9b7c175db,71014,61038884,215126,70931,61057761,215126
e9c25ddc3a11aba1,101084,91142355,215291,100996,91157999,215291
e9d9fd6a32ce0aae,118100,108130927,216160,118017,108149279,216160
e9dee7e8c21dfdc2,56509,46563709,207638,,,
e9f59358e2f7720b,53450,43499588,210262,,,
ea03a1880eaaa53f,39040,29095672,220964,38951,29112743,220964
ea111857fe12ecad,32962,23022850,221215,32895,23039272,221215
ea49b04434a36d43,55567,45623920,221524,,,
ea624442b6846043,21732,11773092,156739,21628,11789063,156739
ea67641f68e5a41a,16728,6783198,207421,16640,6803961,207421
ea85f58a6081d8a9,,,,90510,80659410,209287
eae4c139fe9c9b70,86994,77057281,215356,86947,77072262,215356
eb1c580e0b2d98c5,105382,95417884,214799,105297,95433772,214799
eb2ba1b685338482,,,,82767,72898758,151679
eb4dfa3625aa5ad5,72845,62875132,215906,72767,62894107,215906
ebd7985b2be9a769,32331,22364701,223506,32218,22380563,223506
ebfcc614344b26cc,49951,39983202,211949,49866,39998780,211949
ec11096fa702dc7f,73981,64003784,213897,73899,64024929,213897
ec4584b6582b39fd,76755,66785984,215250,76665,66801043,215250
eca393cb937877da,96831,86866037,204438,96732,86880855,204438
ed2b9454fc9bcead,97997,88045041,215217,97902,88060318,215217
ed578566e477ed3d,91802,81845580,214930,91700,81861559,214930
ed9d5ce7e986db2a,118198,108227979,215540,118113,108246502,215540
edb94dccfcf4c36e,51158,41186428,207739,51062,41201156,207739
edbecf988c51ec26,13452,3497794,221360,,,
edc64c9f4b010c52,111026,101058690,216633,110944,101074685,216633
ee34126149390815,40564,30594638,222784,40481,30612355,222784
ee3cc50a957a18eb,16665,6718802,205402,16576,6738963,205402
ee3e9cf1ce7637fc,97743,87782059,214717,97650,87799377,214717
ee85b575d4799abc,35209,25242676,210072,35096,25258386,210072
eee512bbfd79dc57,104592,94623437,206385,104501,94641620,206385
ef064c71339bd25c,59676,49724573,215704,,,
ef2b5877bf394a5f,79224,69262572,208649,79116,69277427,208649
efaa4c89e5f57bec,78561,68604984,218239,78459,68620247,218239
f04899074d664b4f,70348,60385627,217861,70261,60401668,217861
f08de743fa958000,86965,77020752,215025,86916,77037552,215025
f0974f4061d07f6c,20239,10272696,207938,20142,10293372,207938
f0cba692ea8c786b,10196,225728,210389,10106,265157,210389
f0ced3e40934e4f5,49918,39948551,211568,49833,39962268,211568
f0eb17dd799ddb47,109885,99918669,216880,109801,99934129,216880
f113b89da3de17df,15314,5344648,211226,15222,5366519,211226
f12c54407a5572fa,97714,87745755,216079,97623,87763935,216079
f183808e7ee88489,58883,48916000,204440,58792,48935131,204440
f1a80ef11742ee8f,114254,104318765,207520,114174,104333148,207520
f1c5b0456fc358ba,101311,91337504,215578,101231,91353868,215578
f1e0870139bd71e9,14466,4504491,218580,14386,4526075,218580
f1f3fbf241860991,107333,97364452,218289,107241,97381384,218289
f2037ffe6242bdeb,16910,6942151,207593,,,
f23444818cea0b54,94367,84396754,215308,94290,84414451,215308
f24769e1d59cb021,72091,62123001,238910,72008,62140924,238910
f254d03438294f3d,26469,16505342,219047,,,
f25aebe91b7db9b7,41342,31396849,209148,41250,31411784,209148
f29d8e86980b206c,16234,6259291,206022,16155,6285895,206022
f2ae1d6e02d50569,116566,106602113,215799,,,
f2cec0888ed5af6e,80993,71022990,207716,,,
f331322185b93966,89347,79376645,216016,89268,79394494,216016
f364ad4647173bcc,44962,34983670,222416,44882,35005754,222416
f37cc0a5761246f4,64105,54135571,214383,64027,54160295,214383
f3801e35437550b7,26688,16724989,218672,26588,16747963,218672
f382b49bd4f06801,30453,20484062,220652,30376,20508626,220652
f3a915c5583c91be,66842,56902800,214957,66756,56918076,214957
f3b100cc355f742e,98472,88504835,216233,,,
f3b72065df599621,78254,68285156,214437,78144,68300360,214437
f3dcd57943663f60,108999,99029223,214660,108911,99046340,214660
f3f395088f2a7c99,63500,53545768,213696,,,
f3fe2da2377868b5,54090,44122770,221395,,,
f4101fddec174200,41857,31893168,211260,41768,31908220,211260
f429b249c4bd3889,66813,56866460,214344,66726,56882037,214344
f44036e75bc0b9fc,78744,68806623,217184,78689,68822204,217184
f44348b875f268a9,91135,81161404,213764,91058,81180450,213764
f4529fc3656ada7e,42081,32123547,212548,41988,32139624,212548
f47dc555adb274df,23962,14017494,208517,23874,14038478,208517
f48f206a1c263a12,,,,19477,9636688,213220
f4b99fe48e66ae3f,21088,11117619,208009,20999,11158318,208009
f516fdc794108045,71209,61245620,217390,,,
f51c3a22cd766371,34074,24139034,209378,33991,24153203,209378
f531426767ba7c0d,110600,100662421,216447,110516,100678361,216447
f562669d79c04867,68708,58761700,215444,68615,58776485,215444
f5678ae6d7178c0e,,,,88635,78802739,215151
f5873bda23b0ac4a,,,,17460,7614598,179681
f598a025095c3c10,70380,60422060,215503,70291,60437754,215503
f5b351d060d64c08,85584,75622651,215303,85476,75638185,215303
f5ce89c163c4a870,68800,58865940,239102,68720,58882087,239102
f5e2e25fa6c7c77a,22888,12941684,211308,,,
f612737861988030,28655,18685447,219711,28570,18708578,219711
f62766fe6dc6547e,78094,68123773,207984,77994,68139279,207984
f67b42af40463f79,117542,107571679,204259,117447,107586026,204259
f6846a3e239ea826,53142,43175630,211307,53049,43190766,211307
f699dbedeb78befe,102127,92188063,215752,102043,92203870,215752
f69b3f2a3bf445b4,15153,5184738,220022,15063,5206715,220022
f72e3135c726917a,78682,68740894,215449,78624,68756137,215449
f74839b4c568ff9d,109854,99881720,218299,109772,99897171,218299
f759ccabce19527f,,,,62916,53075610,203999
f75cc60cac94fe56,84048,74084250,216853,83962,74101376,216853
f75e5f82d48ae381,81467,71503220,214593,81367,71518498,214593
f775e3059e61a70b,,,,54826,44958307,184473
f78ba004b7e62b3f,118036,108066595,213105,117952,108084178,213105
f793c20c5313381b,63122,53155733,214260,63041,53200611,214260
f7b9ff06c2c46e4f,14899,4961137,218009,,,
f7e665c3125f471e,99607,89644776,214877,99516,89661124,214877
f7fa2a1f9277e4f6,54343,44380035,218672,54263,44422757,218672
f8061833e328e7db,46818,36848175,223384,46734,36866076,223384
f83a3d6180f2d32d,42684,32714322,218712,42605,32732430,218712
f8ab0df032e402ed,95462,85509755,240118,95379,85527200,240118
f8d48b10e51e0211,96742,86772516,203544,96652,86789209,203544
f8f04b862e10a625,83951,73984831,217003,83873,74006930,217003
f93795bdce5ec7bf,12781,2836688,208600,,,
f94859a35247eed3,48122,38155278,210282,48030,38170741,210282
f99daa80eccf92ea,35469,25497938,209308,35379,25513052,209308
fa0f6964c9e8f9c0,17137,7172837,210029,,,
fa10a5ffb363131e,109214,99262516,216603,109116,99278177,216603
fa17418d2857a350,99350,89381083,214439,99265,89396275,214439
fa29988d46ef2af0,95624,85666541,217492,95540,85682723,217492
fa38a2198d583c74,83148,73177472,215305,83038,73193054,215305
fa6663588edb7fcc,26114,16141094,219957,,,
fa92bab69581bf6a,92078,82142211,215373,91996,82158171,215373
fa9be5b085091cae,80613,70663952,216901,80554,70683696,216901
faa529602d1866d7,87319,77349091,215673,87224,77361717,215673
fad29c72ae81ee1c,32554,22602610,221175,32496,22618034,221175
faedc33342c2e85b,62995,53025401,203990,,,
fb03549f075c9131,87851,77901804,205493,87755,77916988,205493
fb36db39cd2da64e,81938,72004438,215071,81883,72020543,215071
fbac38ad2772e5f8,102879,92937466,217511,102791,92952958,217511
fc15e81183dfe796,64233,54260537,214620,,,
fc186c8de6febd50,97076,87125830,215863,96985,87140680,215863
fc4a3c14b6031010,69930,59965863,216009,69846,59981957,216009
fcb603abb3e9292a,74602,64660062,215780,74549,64678042,215780
fcbc7e5d928deb1a,12445,2483577,209455,,,
fce169b23f79adcb,70595,60657151,215056,70512,60673902,215056
fce8d58d6979b6c2,116060,106106503,214740,115961,106122947,214740
fcf61bc610655618,79003,69036547,206026,78912,69051058,206026
fd2052055048a512,83020,73039075,206919,82923,73054768,206919
fd53bdda3a19ae95,9970,0,179126,,,
fd6169818e12bbd1,24664,14705322,222697,24582,14725852,222697
fd7ed9a63eef4e63,63818,53868471,238024,63722,53894471,238024
fdd44ab986fb68d3,68836,58901641,211852,68760,58916363,211852
fdda878a76a37852,,,,56871,47003262,209780
fded463ff40ea374,11765,1821691,207841,11680,1845263,207841
fdf5c7abb3807541,67603,57658542,216290,67513,57674300,216290
fdf83c85471636b4,54908,44937725,184511,,,
fe774e9c00bf7dc7,73598,63659787,214580,73515,63677133,214580
fe8aa0ae819607b6,82398,72427722,214977,82282,72440212,214977
fe9f5e47b38ce623,89378,79400422,216457,89299,79420963,216457
fead918db5023682,38084,28141266,220654,37995,28156966,220654
fec22dcf71b08571,44073,34105758,219735,43994,34122055,219735
fee40bb0dba0d8aa,12598,2636041,209784,12507,2656208,209784
fee6c9da0a5c827f,117513,107537193,202890,117420,107555385,202890
feef72e6f6bcecda,33698,23736605,210212,33617,23751318,210212
ff7de62f40f04000,71332,61362451,214235,71241,61380079,214235
ff948a7f77f81bad,117323,107353386,214304,117238,107370667,214304
ffd38bf5a7e571c5,59043,49076191,202178,58949,49098574,202178
fff154ff51ec1f88,101440,91470687,215666,101358,91488885,215666
