content_hash,rtsp-0_pts_ms,rtsp-0_arrival_us,rtsp-0_bytes,webrtc-0_pts_ms,webrtc-0_arrival_us,webrtc-0_bytes
004fc5e6e143640f,114923,105057937,205721,114903,105081757,205721
0094476c2560f802,49054,39194282,217229,49026,39240599,217229
009beab300ba2500,49021,39166950,214773,,,
00a86c6ec29a971b,70138,60295285,213554,70124,60317441,213554
00d09e64258b1015,68113,58279827,213617,68083,58302813,213617
00f4889e0d27d43c,61108,51260455,213179,61078,51276457,213179
012c1983ddd176a3,47947,38118962,214579,47916,38141246,214579
0150ff2f0501271f,79456,69619537,213878,,,
016b31e13758b207,112043,102197431,214816,,,
019e01c92ff71769,21796,11934371,216136,21779,11954885,216136
019e098086075e04,46503,36651612,204602,,,
01cf33f7c8aa938c,77675,67831536,210408,77646,67847188,210408
01e0d506290b27a4,47006,37151808,215463,46993,37176630,215463
0230710aa98efc54,64298,54455051,213267,64254,54470766,213267
0238dcae5e00d665,78500,68680281,227425,78481,68697527,227425
025d8120c2ad2e8f,115431,105592206,214868,115401,105619819,214868
027a6743deac958e,86227,76371662,213745,86204,76418047,213745
02bc5314ef028584,93023,83178506,214114,92984,83194789,214114
02bd73ad0d9bc585,26022,16181959,217049,25999,16198047,217049
02c5cb02aa391ba5,116534,106698051,203576,,,
02d057330c71cb3d,94970,85140006,214102,94948,85157723,214102
02f883c5907610d5,61044,51198934,215114,61017,51215315,215114
0318a525e08c4d3c,53717,43862890,231080,53697,43882650,231080
03536cf40de0a072,54475,44638405,212350,54443,44654207,212350
036104197e602249,43117,33263159,214075,43096,33281996,214075
038bd68310fd865c,28999,19145194,211681,28975,19162810,211681
03f01be786b416bb,48433,38579526,215285,48412,38604600,215285
03fc1da4559769ee,28142,18293207,213729,28111,18309092,213729
0406b6719d085523,83999,74156223,216635,,,
040ca2afe148efb4,,,,55782,45970333,211333
0420025ea6a7452a,19474,9619835,204460,19443,9636893,204460
042d83ed5cbd9c78,58427,48592882,212942,58421,48608387,212942
04a37fa459f507a6,43527,33692979,215793,43492,33708909,215793
04c648056bd5ad14,91982,82139332,216232,91940,82155682,216232
052616ff32a367c7,75511,65682198,196088,75486,65705094,196088
05838b167053420d,63857,54002427,211103,63837,54015712,211103
058ffe51f5e5f50e,19025,9171530,205946,19007,9187007,205946
05ab586d9884307c,96756,86902215,204710,96730,86919124,204710
05d1f6a36da11a9d,97544,87689478,215284,97525,87709079,215284
05d2648b658b0dd8,80335,70501263,231431,80302,70518839,231431
05f31f6780a679ab,93869,84035121,214910,93835,84051617,214910
05f87a945317ea9e,32728,22894100,211884,32693,22909334,211884
060162f30b32be85,30286,20453883,212062,30254,20470799,212062
062a89ab7b1f8007,100184,90362180,213143,100165,90384850,213143
063d9ad654c3aab2,42735,32897788,215938,42706,32914118,215938
06684d52ce3dfb00,52961,43110462,212635,52929,43125773,212635
06ae710005b75822,96138,86320518,213781,96120,86336936,213781
06b3df70766fbd70,35103,25249047,213406,35089,25303532,213406
06deb97960c360df,100752,90917137,203892,100737,90951569,203892
070ea13b599b4de4,77278,67442865,232814,77242,67459036,232814
0744bd9eda78a119,23249,13397517,207862,,,
0755ffc08928433a,108307,98453324,216487,108300,98514509,216487
076e3741a9a64cac,30631,20772907,210589,30612,20790672,210589
0777648c3c45cd0e,90111,80281125,217086,90082,80297711,217086
07b3a58ca2d2a86d,37051,27199643,212896,,,
07cb7e1f3ab92adc,91543,81688659,214793,91522,81701705,214793
082a8f1bded4c9e0,100120,90295452,216963,100101,90319454,216963
08475c49997e631f,38030,28180161,211386,38013,28200232,211386
08566d23087afea7,118678,108847722,206248,118647,108863396,206248
0858690504945137,39949,30098159,213889,39928,30113471,213889
08896f57784cdf86,82552,72720905,215354,,,
08b3f4326cdb1459,82272,72419451,212957,82235,72449037,212957
08ef27ec7fd01d0a,21103,11254654,212596,21083,11271630,212596
090552071179d379,19530,9686195,204634,19490,9701020,204634
09462f9a6dfd721c,114790,104969848,206918,114769,104985186,206918
096861f758e142d3,39641,29808996,212918,39608,29825191,212918
097b5cfcbde80533,14377,4538428,214692,14338,4553750,214692
09dbed8b2ed7aac4,,,,85357,75571654,205480
0a1f383f0720b082,37241,27393410,212579,37212,27413507,212579
0a36d04c1999680b,41351,31498622,214299,41326,31515298,214299
0a70c0407160d95c,49406,39555632,217602,49370,39580044,217602
0a83eb4497c7f3e8,76302,66459934,215848,,,
0a8a14af4e659e1e,82770,72919016,215861,,,
0aa34be144d88ec6,27630,17779165,215319,27610,17795969,215319
0ab5c154e37c1bab,62405,52570712,211685,62369,52585691,211685
0ab9b3bde308163c,50783,40960768,218029,50764,40982759,218029
0ac9596a99efb0fb,41755,31931689,208228,41731,31947137,208228
0bbf4c8423232512,50092,40249609,216445,,,
0be1b40d30678ccf,72406,62580147,214280,72383,62602848,214280
0bfa9eec65f518bc,81252,71418176,211792,81217,71433437,211792
0c1b584a66e08541,16610,6791345,216220,16595,6811638,216220
0c74d4dfcd66c826,57384,47541041,213246,57382,47565155,213246
0c8a0b4f427789f4,101194,91340744,216210,,,
0c97860c42dfa139,40807,30977014,211570,40778,30992733,211570
0c999ccc30d431dc,37801,27977006,211538,37779,27997491,211538
0c9cdefb2b31873c,11490,1671319,214749,11470,1687072,214749
0cb4c0540038fb94,33642,23810746,212503,33611,23827421,212503
0cc1d463e9e310b9,13582,3755974,213950,,,
0cfd9c2cf7f00044,,,,104435,94631526,208891
0d0deb8bb851dbe4,49748,39916908,203176,,,
0d1fb995225b0278,30761,20906439,213533,30740,20925787,213533
0d24828d7fe20259,101453,91596483,214222,101437,91617348,214222
0dad44dcf3e3120e,50254,40399606,205474,,,
0dc56805797a0080,36857,27003094,212620,36838,27025896,212620
0e0d13e74e3ab96f,102740,92899022,215035,102703,92922640,215035
0e1cc7a902f3c096,47520,37665770,216364,,,
0e7290e379304633,21568,11737333,205568,21537,11753055,205568
0eb15dde6da0f29b,13364,3517860,214690,13326,3533728,214690
0f01f3f5e219ba0d,21510,11670703,206698,21477,11685440,206698
0f1838c86354670d,68845,58991616,214082,,,
0f357bdca1f7a95d,59005,49144864,230426,58946,49162689,230426
0f3edd6f98b23c19,,,,96672,86857015,205524
0f5425d2d95a77bb,54230,44378916,213433,54197,44394289,213433
0f74652e333efc84,70476,60655487,215085,,,
0f7fdeb944ec4207,,,,106579,96793637,205196
0fcbcf72433f5378,65786,55931793,213263,,,
0fd6c6f7a3be9fdc,40370,30518086,213330,40344,30533866,213330
1077e34fbba2167f,,,,39270,29469099,213292
109c78fce2b265c3,99144,89315258,216158,99114,89331231,216158
10d4e307dd4675e4,70262,60419398,213907,,,
110132b0f0ac310e,114142,104282274,215663,114120,104301922,215663
110f3650ec8ddb05,68335,58502406,213114,,,
113892d7a6f21da9,71684,61828276,193529,71668,61848974,193529
119c8ed57f9c6ab3,55999,46144391,211626,55972,46162008,211626
11c997e39a3a4292,17505,7674632,203378,,,
11f91b6476955b1c,78253,68419705,212178,78219,68435773,212178
11fb1fc633d017e3,58367,48520634,212571,58357,48545453,212571
123b201f38815658,41695,31861626,234911,41662,31879566,234911
12528a406e359081,100879,91039442,213952,100861,91075514,213952
125b1786da341ac9,90996,81159063,216300,90965,81176218,216300
1273df667a20e6fc,118990,109139624,215646,118959,109156382,215646
12804dee42a482af,75728,65871955,213118,75717,65895298,213118
12c8b8fc6ce0a643,118153,108294750,215868,118130,108312269,215868
12e18190854985c8,93052,83215001,216032,93015,83231404,216032
130d872b1c65b11d,89804,79963181,215607,89768,79978839,215607
1319efcb2b1ebec5,86355,76501048,214810,86326,76526247,214810
133c71bea3d78047,56127,46280696,210370,,,
136f01025ecb890c,70292,60455368,212694,70265,60478758,212694
13bec9e005013323,24039,14194243,216070,24011,14220139,216070
13d0b4d15be361cc,48649,38811823,214161,48615,38835247,214161
1422004edf9d0d1d,9916,65978,204971,9884,80915,204971
14277b58ba0068ad,17157,7310980,216386,17135,7332197,216386
14455bb2bb0612e6,25667,15823134,215450,25647,15840405,215450
145ad9bee35e0011,13394,3558032,237446,13358,3575349,237446
1484cd7a9d85d7a7,51516,41676468,218028,51479,41693493,218028
14c0694bcf0a4901,67037,57199303,209084,67009,57224016,209084
14d2822c74982144,24980,15136586,214787,24947,15159793,214787
14d65d9f66488eaf,24600,14746024,216747,24580,14774349,216747
14dddbc054183d36,,,,102496,92710601,206925
14dddd0ba61992b9,80656,70802201,213213,80635,70820862,213213
14e4a8f1d037b2c3,45170,35320936,214950,45146,35336212,214950
152b7535bfba66d4,64449,54619490,212243,64421,54640888,212243
154ee89bbd663176,105209,95353413,215371,105193,95407622,215371
1575aff2866ff7c6,114173,104316964,204778,114148,104332257,204778
15e8b835d3980421,83778,73957038,215875,,,
15eafb820c0b81e7,108909,99059833,215722,,,
15fbbd760036b7f4,83901,74055873,214105,83893,74081851,214105
161761d5e08ad97f,72921,63071268,213020,72912,63126460,213020
164c291cca1750e7,14001,4146489,215840,13962,4158072,215840
16a2ffcfed941e83,50410,40566729,206157,50387,40586602,206157
16ab2a6364c461a4,51423,41581515,215427,51395,41596943,215427
16d9919b69a8ebc0,17911,8053688,215106,17892,8070593,215106
16dabe72309a0f1b,58212,48360974,212220,58166,48377087,212220
16e01d703e17f8d6,12957,3102802,215537,12936,3121080,215537
16e78eb06a1312a9,32885,23061682,232454,32862,23079236,232454
17102c52e6334b7b,24794,14937173,216229,24769,14957829,216229
1717962d76122247,35730,25896580,232073,35697,25928080,232073
17515c884c60ce69,64677,54815051,214337,64663,54840042,214337
1751768c8432823e,65024,55179633,235226,,,
1775be46102ed26b,62499,52663468,213487,62501,52688159,213487
184cd8454b97e3a2,98010,88179708,214581,97979,88195802,214581
186a61faaafec3cf,26086,16240700,214916,26060,16256940,214916
186b56ade7841263,22274,12434790,214100,22244,12449744,214100
18b6311d2dbc136b,93143,83319027,215301,93155,83334691,215301
18e2de38febd2549,55707,45850034,212010,55686,45866389,212010
18e77eac0f53c3a6,113058,103208907,205378,113013,103232222,205378
1915c780a9d202cb,51360,41514847,215333,51335,41530838,215333
191672892c8a66a2,43746,33913956,214825,43713,33929879,214825
196e9d85495af4d5,17687,7857221,206058,17662,7871940,206058
1978a60586ee88ec,11754,1900274,204176,11736,1916096,204176
19dbc0391cefd6d3,20590,10759127,217899,20567,10775463,217899
19ff0fce5e3409bb,20747,10899568,216481,20735,10915005,216481
1a0f2c09ad154083,50349,40497240,205292,50331,40516775,205292
1a2036209fe2341a,93745,83899532,217870,93717,83915772,217870
1a3ce3d9afcb693e,111141,101289429,215608,111119,101314211,215608
1a9f6bf7d125797d,59417,49574872,210798,59378,49590847,210798
1aa37b0ff794181d,105956,96133521,216008,105938,96156769,216008
1aa6fb6b28daaf1b,110611,100760206,206382,,,
1ad5706da5db5653,89644,79800961,215688,89612,79817955,215688
1aead7df120415f6,95771,85920494,216760,95739,85936261,216760
1afe60fdcfdfdb76,65911,56055155,211512,65887,56101571,211512
1b0e81e8287fbd56,14126,4278322,215904,14080,4293787,215904
1b15d571c88a895a,32757,22930127,213117,32729,22945758,213117
1b50225e09bbd528,38539,28699479,193372,38502,28721345,193372
1b6ba3819ef5d1a8,103541,93686813,242852,103518,93732056,242852
1b6bf1abe4874ab4,88182,78333485,215385,88156,78350890,215385
1bb4619b9eef0f4b,76422,66589684,209585,,,
1bb487291f7ac335,84192,74356084,216704,,,
1be449452bedf690,,,,65767,55957665,213225
1c0f51083f7a0ac7,43776,33950204,214495,43749,33965230,214495
1c117abe1c1df979,,,,79415,69635756,213840
1c15da5f61a286d8,42890,33038082,213167,42868,33053839,213167
1c3cbe57059461ac,20374,10540107,217348,20343,10556086,217348
1c77a11c455290db,116439,106602156,216726,116406,106625862,216726
1ce63cab421cf24f,84386,74537933,206683,,,
1cf17a5abff92004,109090,99259192,215264,109065,99282824,215264
1cfe50b80c220715,40273,30432203,211660,40249,30447279,211660
1d0f4cce64630d24,51042,41191815,215568,51026,41207968,215568
1d246e6f975487b5,52670,42819409,211227,52643,42835545,211227
1d2dd629d220380d,27358,17512589,206789,27316,17527444,206789
1d5769b2503019ab,77805,67954935,213616,77774,67971382,213616
1d5a56de82ca96e0,,,,40220,30411805,212363
1d5ba0cf2e7ccc3c,84161,74319435,215331,84148,74362227,215331
1d6635be78efb931,77610,67760340,211810,77582,67776467,211810
1d98bad0a62a7b31,91763,81918638,214574,91733,81935440,214574
1da3e92617ce91f4,99331,89480875,215363,99310,89495643,215363
1da8fdb03f779164,104824,94991382,213912,104789,95014746,213912
1dba20de9671cc7b,88878,79038909,205774,,,
1deae5c067d31105,93262,83414855,215420,93252,83430053,215420
1deea8100b07d99a,65241,55402605,210150,65210,55421744,210150
1e229faabf7a02e1,47667,37832298,215287,,,
1e7125fc4115d79c,15888,6036512,204375,15868,6057801,204375
1eb7c1328dde87f2,88936,79108222,204966,88907,79123057,204966
1ee290598d96e029,88408,78556150,215674,88377,78572682,215674
1f02c39fd2b2af1a,108372,98512066,214542,108365,98578885,214542
1f0f2e77d462a46b,69404,59574650,213636,69387,59598166,213636
1f134eeefd28a2ae,77526,67701196,211717,,,
1f553aae9c0ec7c8,38914,29053025,212147,38895,29073103,212147
1f877e870efa5983,27418,17581352,216081,27381,17597536,216081
1f99ca424f3d0254,45236,35381937,238104,45210,35403137,238104
1fc5fff6d1cc90d1,113918,104064238,215600,113900,104082404,215600
20032b6e149c1cc6,14472,4638533,215409,14438,4654924,215409
205802a6c573f486,57010,47156715,211636,56959,47172162,211636
205bbe592aa39e8e,28294,18460021,196977,28259,18475109,196977
2088273f6f9b088e,29913,20052912,213321,29890,20070046,213321
20d15b93eca316e1,90933,81101104,205460,90900,81116320,205460
20dea6900cd5d926,72497,62673611,215180,72480,62696996,215180
21489cad1bbb4383,36360,26516900,214499,,,
215f69a0d80b84e7,102075,92216547,216088,102050,92264227,216088
2188085977db6a85,46687,36851686,213869,46658,36877516,213869
218b1040a18db5bb,48836,38999721,215360,48808,39023927,215360
21c88dd713ae0da8,53278,43439371,233302,53240,43456903,233302
21fc51ca5f864577,59540,49699386,208759,59543,49718319,208759
222af6e202d0deca,88052,78200249,214545,88028,78216823,214545
22618ccf8ca9f014,112206,102363299,212789,,,
22907af46f94d6f2,70446,60619111,213732,,,
22bff91e56b529b8,102554,92711294,206013,,,
22eb5b84b4a1cae0,26661,16806403,216192,26647,16826874,216192
22eec1a6c3d55ad4,52735,42881201,211127,52707,42898964,211127
22fecea94d0540a1,90524,80677859,216721,90501,80694644,216721
230bd71c410d09a1,49809,39978224,215330,49781,40002181,215330
234fefe6ca8bf466,40743,30914405,212991,40714,30929702,212991
237106e4e28d2c3b,82900,73046062,216841,82887,73101010,216841
237d18f9ef3b3c95,42795,32971265,215061,42771,32987165,215061
239d39b8ab87ffd8,40432,30589585,212503,40401,30605880,212503
23c6dd5b0e68fd65,104005,94181492,215234,,,
23d0a0b45a625236,102332,92483180,217061,,,
23db3b24494e86da,12099,2254472,215623,12065,2270867,215623
24081dc5da08fdc8,86914,77093547,206119,,,
24157dbe43a5d849,99494,89639700,215814,99472,89658805,215814
244385e93a62f2f6,50601,40758921,215175,50571,40785091,215175
24a80e4326db705c,70046,60194978,213320,,,
24c16088ab1a71aa,91638,81783253,214220,91613,81800989,214220
24c822bc755d1431,41633,31798010,211483,41597,31813915,211483
24ee159bfe0c8cfb,64510,54691119,211182,64497,54713532,211182
24f4210a4b35c036,111043,101180330,215409,,,
2545a7ae93f4e3b5,37147,27298052,213623,37124,27338179,213623
255823ca9baaa3db,102237,92382820,216755,102211,92425641,216755
25a1bf495370e35d,29277,19430684,214756,29234,19445877,214756
25d490d99a7dab7e,68024,58174640,212006,,,
263edd64a941725a,83061,73213205,216135,83045,73259087,216135
264f670e4817b60a,46533,36687991,214976,46504,36717750,214976
268807b4725a77ec,38723,28897571,212409,38700,28918612,212409
26bbe45aafeb78fb,63921,54070356,210851,63898,54085697,210851
26cb426d1e85133c,14750,4894851,216596,14739,4917953,216596
26d9d4fe98f8901f,99429,89579420,215856,99408,89594568,215856
2700985658230df6,77997,68156654,213152,77961,68172517,213152
2715e3627fa8a626,93457,83611559,214794,93441,83627226,214794
271c2b96a77078ae,79484,69655371,212260,79455,69671627,212260
273c555f33aad58a,71781,61926944,211476,,,
2748d4087c45f704,46020,36166167,215365,,,
2776ce153df6899b,65560,55706398,213502,65545,55727706,213502
279b6c92d9743c27,114202,104353314,215273,114174,104370525,215273
279e1b1f7f47128b,11977,2123246,214930,11952,2140853,214930
27b7f062ac7e8f67,18699,8874323,215334,18674,8891170,215334
2813ac6950dbed6b,65625,55770981,213113,65609,55794391,213113
2844c691efda5e63,54008,44157820,211955,53982,44174011,211955
28813189aa6a873d,57599,47778019,213493,57606,47795274,213493
288e384565db8e3d,38352,28500624,211469,38327,28520233,211469
2892a3be9871229b,20085,10236638,206876,20064,10252585,206876
2894a234074f3455,86166,76311347,216350,86146,76335540,216350
289a42862ece36bf,56816,46961679,211511,56778,46977701,211511
2901036c5150b2e9,24376,14552870,215296,,,
2903bb524c0eb1d6,110295,100445335,215252,110279,100470966,215252
2908fc266c141b90,107708,97862602,215236,,,
291dd4c785e46be0,25359,15520431,214994,25333,15536115,214994
2944ebb94a831cfe,102043,92188776,214762,,,
29621be9d63a722e,60266,50421502,212578,60220,50436817,212578
298d6b40e531a330,15006,5154574,215631,,,
29a5ffad94f23966,53369,43533453,212734,53334,43549563,212734
2a44d25094cb9db2,38753,28930439,194508,38735,28949745,194508
2a49ec5dc4022ca4,52020,42165956,215731,51999,42185209,215731
2a52cfa9daff22b0,100910,91075663,214341,,,
2a58ffb979af82f4,104886,95060964,216321,104866,95085394,216321
2a5f7ffca803afdb,52460,42618713,214996,52422,42634153,214996
2a99f4899c9fb3d3,118280,108425996,214652,118253,108444157,214652
2b0d2d9fa0db9268,109308,99455871,215015,109287,99477686,215015
2b90ba84b8f261c6,54661,44813161,212386,54645,44828858,212386
2b95dabcc4c4d262,71124,61275683,212783,71095,61296474,212783
2ba0e63f3e8ce584,83656,73829539,205185,83635,73851587,205185
2bbdf0f4d541eeae,99115,89278695,213861,99083,89294643,213861
2bd993111abc0387,86633,76796597,214850,86595,76816037,214850
2bf00a266187f78a,119250,109399697,216688,119213,109415413,216688
2bfc0547cc5a8da6,64478,54655424,212587,64458,54677312,212587
2c018d9a230b2d55,54169,44317198,193085,,,
2c0e93d320c134c8,97671,87819283,215183,97648,87834742,215183
2c733f53d87abe9c,26887,17033464,215900,26870,17052423,215900
2c7b3356313cdfee,72467,62637266,213987,72450,62659747,213987
2cd6c95814ba040e,23721,13866508,214590,23701,13884843,214590
2ce1697f691042a9,53247,43399942,214694,53208,43416100,214694
2cf86e139bb51687,26245,16401389,216473,26214,16418349,216473
2cfbef93a9ca9cf1,69375,59538551,210280,69358,59560747,210280
2d1aec1422d221e9,99526,89680593,243764,99504,89698894,243764
2d2de2b6d3598584,21166,11319952,214427,21143,11335304,214427
2d33cc6790e23d26,13147,3298363,213975,13120,3315014,213975
2d34e93476991d66,90493,80641230,216327,90471,80657495,216327
2d3b801d27d29964,33366,23517887,231309,33339,23533912,231309
2d953385a518e70e,112869,103006962,203399,112826,103040442,203399
2d9c12457a880b45,23341,13496333,206396,23300,13511404,206396
2da8bc0033c34cd8,35264,25409882,212018,35246,25436989,212018
2deb919edb5d5f85,61011,51162534,212947,60988,51178353,212947
2e425c4923f12e3d,47977,38155528,215698,47956,38175397,215698
2e68da4575b03dd1,101004,91176274,215557,100983,91197002,215557
2e9c61c35eadb1fe,115932,106075440,214254,,,
2ea1ae14e3cd4e6c,100334,90493771,206375,100321,90535632,206375
2ea5bf387f99a710,70935,61078475,214147,70914,61128412,214147
2eec890d778c3730,22897,13051486,215486,22873,13066980,215486
2f159af7c70c5b1a,42042,32191166,214816,42019,32206574,214816
2f49f486bbedb322,33766,23938077,214316,33738,23954152,214316
2f68600786b18942,58616,48780639,212584,58612,48805503,212584
2fa803e0c0bcb6d7,78798,68944288,214536,78781,68962677,214536
2fd4be76fe211be7,22735,12880702,215172,22713,12898084,215172
2ffc46cb3db045e1,54259,44414676,211286,54222,44429537,211286
3088351a5afb8e8e,25010,15173074,215673,24975,15192778,215673
30b5dbd93bb94f3d,12989,3134311,214897,12966,3150545,214897
30fe523a2da6f0e7,78029,68192311,211327,77992,68208093,211327
31140c112b963037,28677,18822553,212286,28658,18840961,212286
3134db59de022099,23459,13635616,206935,23434,13651287,206935
313997b8f273b718,104202,94337348,215219,104182,94368347,215219
31bc71f44215660f,37398,27560487,229123,,,
31c3ca3ec88e5230,109406,99559639,213886,109384,99598305,213886
31d98bface7ce7e4,119314,109472779,215857,119272,109488489,215857
322447faa795e6b1,72280,62449840,211861,72251,62472369,211861
32520734bb81271f,110859,101021656,214996,110823,101048932,214996
3266afbdea308874,64390,54559180,212366,64362,54574939,212366
327cb9ab9118f979,90297,80453119,214243,90276,80468888,214243
32939d8332a14601,103570,93722724,212950,103543,93744848,212950
32b85ad30f915f5b,105683,95841592,216345,,,
32c4d1f1b7627b81,26459,16641672,243069,26442,16659562,243069
32e70b1d6d38c39e,59036,49182987,225655,58983,49199845,225655
3339c6d86e979da5,109341,99492059,214028,,,
3347d5ea6c8e7b85,96907,87057675,203792,96865,87074143,203792
337fd1cfef2a650c,35944,26093280,212673,35932,26146246,212673
3393a7567d1df6bb,29654,19793900,211892,29636,19811787,211892
33a3d5248c6f3d27,,,,19387,9575478,204808
33f062a4000d2e8f,88906,79073582,205217,88873,79089354,205217
33f450a7d66d95ec,22833,12978563,215105,22810,12996909,215105
33feb62d8076ab8c,79273,69418933,212486,79239,69436029,212486
343a9988021b04cc,82208,72361447,214157,,,
349656387c8c4aaf,30067,20220608,228718,30037,20238198,228718
34cdfd2c2f2be700,118311,108455030,215810,118282,108471216,215810
34db50b6700cd08c,79674,69819865,213358,79651,69837722,213358
34e13e87c5eae7ad,83379,73536656,207174,,,
3512a71fb45d278a,117512,107684053,236524,117484,107701378,236524
354042887dfa0bac,18928,9072359,204313,18912,9087596,204313
35488f9bb822a60c,16776,6920112,215117,,,
354a46b2670837e5,85429,75586285,205189,85410,75606917,205189
355a67dbde31fa89,51761,41906519,216820,51742,41926044,216820
35af38d96be44466,68972,59118541,212039,68955,59142010,212039
35bad5cdd19dbe5f,16176,6332166,215769,,,
360934fcee2b1f48,44701,34859328,216705,44662,34874726,216705
3634045b5d104eb4,12256,2420193,216131,12219,2435822,216131
3638bda2dec4499e,110032,100213057,213392,110016,100234824,213392
3675e259894f29d0,21988,12134331,215509,21968,12150699,215509
36a2c5e580d85755,93682,83839207,212281,93658,83855395,212281
36a551e3c75b9fb3,31284,21429216,214716,31236,21444182,214716
36a6c54155e34252,43405,33556547,214964,43376,33573215,214964
36ace32d7eb76326,53118,43277025,233013,53081,43294678,233013
37014e66db9646e1,92870,83016955,205925,92817,83033218,205925
37382b98d8a8461f,35455,25600743,230756,35431,25629712,230756
3772cf2fb36fcc97,17127,7274451,215921,17108,7322591,215921
379dd4d9c2c6bab5,98866,89020837,214739,98836,89036695,214739
37a005e1b646e60e,95230,85371217,213619,95213,85388787,213619
37aa08b05e770e07,115559,105719033,211466,115525,105742429,211466
37b5c1eb208bba06,104300,94445835,205676,104278,94469855,205676
37d6181e9f5637a9,67515,57663480,233894,67502,57689075,233894
383a195f333e6697,107803,97960975,217690,107772,97986228,217690
383c3d999f65c54b,58489,48662003,215673,58485,48679403,215673
385c80a00f9cf530,117199,107351916,215312,117170,107367839,215312
388015d7f5aa2fb9,10868,1014058,215394,10836,1028941,215394
38852465fd2b3873,78927,69074377,211225,78906,69091108,211225
3889d87aa042c6ed,66852,56998976,211992,66831,57020462,211992
3898b22039365166,109275,99421312,215485,109254,99468461,215485
389d92685df9e7e3,64113,54258968,212110,64083,54276098,212110
389e5c6ea69b239c,,,,88841,79054418,205736
38b246c4bc3d74b4,87075,77212738,206289,,,
38b72d60c35bed7e,101611,91761884,216659,101589,91786047,216659
3902a31003fde6a1,90781,80939349,205485,,,
390f03c9e7019d08,112675,102820861,204925,,,
393c0985d2102b7b,109788,99939916,215497,,,
396113530766eef8,96534,86673773,218016,96515,86693971,218016
39dc256e8a7bfcfb,76079,66231890,212525,76058,66272320,212525
39f5d975d3bc28dc,37460,27621493,227808,,,
3a0a724589392b26,80275,70438182,210684,80238,70454533,210684
3a15e0b07d83c149,112010,102161143,214168,111986,102186144,214168
3a79be027c8e4cba,22549,12718036,215880,22523,12733229,215880
3a9ab60a93dd504e,48371,38517726,206063,48352,38537880,206063
3aab615e2879dad0,113027,103174173,204069,112979,103195338,204069
3ab787901455d30e,68908,59057630,212803,68894,59108604,212803
3ad45b67d4dbf0d1,46748,36920728,217327,46726,36942238,217327
3ae9f38628d7dfc4,13240,3394285,214285,13208,3409761,214285
3b1d46ea7e56308b,62879,53025120,213255,62852,53044196,213255
3b5a1ce03dcc90f0,,,,42242,32434188,217162
3b7850c41f3d6a20,64144,54294636,213136,64110,54310400,213136
3b79950556dc5899,81950,72109973,217184,81920,72126773,217184
3b9ed17b30f15ac7,33076,23219823,194075,33056,23234155,194075
3bbf0a59d3db8d40,30501,20647057,212291,30484,20665817,212291
3bcbf966bbe1a94f,74537,64703023,222808,74546,64734951,222808
3be68c41c09428dd,80246,70402539,232636,80211,70421007,232636
3bf10d07c79927a9,35006,25140143,210627,34992,25170884,210627
3c2289205dfa20fa,29430,19596896,211276,29403,19613398,211276
3c4c59e5b9c3dab4,94409,84560073,241265,94388,84578663,241265
3c82ab60f3244157,109028,99195960,214521,108998,99217095,214521
3ca6cf3664ac6117,71274,61434838,213765,71239,61454662,213765
3cb6f3ad20f7fb06,46810,36980488,214934,46787,37000230,214934
3cc09930e574bb15,12129,2290784,214868,12092,2306079,214868
3cedced76763c8d3,36544,26709774,212641,36512,26732062,212641
3cf7a2618d215c58,63008,53162361,212790,62971,53178114,212790
3d1d6cb9eebec9e7,83254,73399730,216133,,,
3d2ce731404183e7,76049,66195966,211932,,,
3d316300a954cf7d,114081,104226548,216054,114061,104245784,216054
3d9b2734ec2378ab,118708,108882493,206019,118682,108898462,206019
3dfda9747c10b372,72001,62162758,234500,71978,62192237,234500
3e23ee4871f21f3e,10772,919545,217429,10746,935595,217429
3e71912a40abf557,42268,32419007,217200,,,
3eb54059da0e587a,60394,50540421,210572,60349,50555127,210572
3eb80d64453fd5f7,94313,84455650,217231,94295,84473521,217231
3ed4a9c7eb5c9a2b,108046,98220504,215059,,,
3eefba769b9845e7,26758,16904166,241092,26743,16921639,241092
3f1dab02d92d755e,23623,13768850,206065,23605,13786637,206065
3f40aa2feddb46e0,113653,103835099,216863,113636,103851960,216863
3f501683fc6bbd2f,30258,20417998,212986,30221,20435011,212986
3fceb6c0223813e9,94724,84876721,206708,94693,84891879,206708
3fd84485083b2234,83748,73920560,216268,83764,73947780,216268
4049d1dce33b24a0,22579,12754607,216300,22554,12770781,216300
40749d934cd2ab9b,73802,63953152,210829,73766,63977117,210829
40890a59f0ff39f9,28479,18655242,211539,28455,18671651,211539
40e195e96d89a512,46151,36294853,215072,,,
40e9987320bfcd0b,57928,48074342,210108,57877,48090280,210108
40ea511bcac2d802,96407,86552438,215029,96391,86571752,215029
4106c6c6d3b1d4fc,108138,98318333,214850,108124,98341171,214850
41676f8fc4b2bcdd,117793,107975148,216583,117775,107991063,216583
41eb08992a9ce109,44397,34542871,205947,,,
41fe628e68b86132,15602,5769839,205263,,,
4214d33e2bf7caf4,98675,88832823,205142,98652,88847854,205142
4262d67b0aff78f8,118621,108778111,205329,118578,108794526,205329
428d1ebe57a60990,111774,101936626,214018,111742,101960510,214018
4292d249401778f1,76777,66914767,211717,,,
43045ac2506611c6,105434,95580140,211889,,,
4305048e3b8c82f6,112805,102950724,203784,,,
4345aecf302bfcac,51486,41639576,215083,51452,41655422,215083
4348819f7736932e,18994,9139548,204354,18977,9156673,204354
437185a5dc95a5cc,98896,89056831,212912,98864,89072628,212912
4374d75ae91d9c30,73110,63257237,213471,73095,63309641,213471
439d0ae226dcf8fd,77216,67373513,212222,77174,67388718,212222
43b3fe869b0e74ed,114730,104900311,206161,114702,104915601,206161
43b41cc139f7d113,61939,52074359,212633,61914,52099478,212633
444019e6b8f3b539,58305,48464610,212946,58293,48481187,212946
44790a5049a9759b,104522,94658871,205956,,,
449a27e442deeda5,21763,11909028,215218,21746,11927191,215218
44a75cc8fc301745,14063,4210911,215910,14019,4226069,215910
44a7bfe175167d33,97447,87592573,215260,97430,87607507,215260
44b792c18a622012,116625,106798431,205502,116598,106814781,205502
44cd6670e18c11fb,28871,19015437,213165,28850,19031915,213165
451ec98081eee29c,,,,100613,90827543,206363
4523975128092ce4,79119,69265272,213620,79094,69284672,213620
45395190a4042c6c,105802,95973235,214694,105776,95995257,214694
454c8a8fb911b47b,29249,19394494,193851,29210,19409877,193851
45905a6356521a6e,100690,90847696,205200,,,
45abb40a1d3c9263,56914,47054951,211343,56870,47071328,211343
45b3fa55aeacd8f6,98448,88601118,216278,98428,88617847,216278
45e0a065ee3a2ffb,20436,10598688,216063,20404,10614616,216063
46092450dd7b5602,76647,66792285,213837,76609,66817297,213837
461c8e98b3ff8492,,,,27240,17433875,203224
4621b81193beb982,22397,12554745,215345,22359,12570772,215345
4628968d3dae631a,29127,19274837,193691,,,
462f44c910c14c5a,45267,35417557,211752,45240,35434211,211752
4635c85582ac18c0,,,,83423,73636743,205506
4636a2253af01516,74124,64274852,211356,74078,64296767,211356
465481dcd33a2b73,,,,54140,44331077,193047
467ef712b60549a4,66469,56614255,231303,66452,56665992,231303
46821b90c3469f6d,10513,659678,216076,10489,675906,216076
4706552140b9261d,79301,69454027,213343,79263,69468971,213343
470c100e09703f43,115180,105330182,202907,115157,105350785,202907
4734b047aeed14a8,83626,73794935,217677,83599,73818154,217677
474261834d8d16c9,26275,16437911,216089,26241,16454484,216089
4756d0f5fef93461,89359,79499436,215145,89337,79517681,215145
476eba9079986f04,58774,48954826,212262,58759,48971494,212262
47730e26d5e1225a,63038,53198580,214790,62998,53214646,214790
477947957d2c5bef,106312,96457410,216039,106297,96481537,216039
47ad760215b52941,41479,31637029,212929,41449,31652748,212929
47c65ef388e47f63,45777,35934513,214788,45735,35951247,214788
482e15a7e9077a83,39011,29155095,213104,38990,29171288,213104
48445d66702ff48f,41603,31762176,235888,41568,31780138,235888
48c8ae3a0630d967,74782,64927631,212845,74765,64958450,212845
4909594beac36be9,66598,56744292,212393,66581,56794871,212393
4915b8bec817215f,86662,76832988,214902,86636,76855107,214902
491b8e6e4fd65613,119410,109558882,216259,119365,109574901,216259
495e89d580e07f89,44640,34798798,214706,44598,34815156,214706
4985122b5332f008,109631,99780053,216686,109605,99802771,216686
49e60e5f24ba957e,45838,35998950,214373,45799,36015347,214373
4a0ef8d60b1a6941,,,,78684,68867392,230322
4a363b8daf157366,35912,26057331,233656,,,
4a59195c80313f2e,44757,34932063,214333,44731,34947611,214333
4aab65c8d7653c83,17096,7242072,215457,,,
4abefc27ba4769ec,20497,10671709,215992,20471,10687677,215992
4ad896917cb6bc66,19988,10136217,207044,19968,10151860,207044
4ae60ad164795964,,,,94636,84832171,202786
4b0300bba0c505ad,42608,32776297,215525,42576,32792832,215525
4b32a8d62c4885a2,30599,20744764,213890,30581,20763475,213890
4b369dff78a585ef,76679,66817003,212974,,,
4b4a507023cff61a,67868,58013083,214888,67849,58037589,214888
4b52c10787f5d461,35167,25310053,213975,35151,25333643,213975
4b60f08fdaba856b,17747,7926727,203918,17725,7941487,203918
4b9ce4f7eedc26cf,18263,8415698,217590,18236,8432202,217590
4bef028903156780,31412,21553168,212756,31363,21570877,212756
4bf6033b065ffed0,70774,60922741,228562,70754,60947937,228562
4c1ae20bd2e273e3,92228,82398606,215566,92237,82424609,215566
4c1da28606559250,80880,71025413,213485,80852,71044258,213485
4c23b1db82089a2b,97574,87721132,241893,97554,87738972,241893
4c8ebfa9e074b8c6,52246,42399684,214229,,,
4c981e454a038963,105177,95316389,216080,,,
4cf2b54a91b040d3,112707,102853012,204642,,,
4cfec709619d54aa,,,,90752,80954870,205447
4d24dbae0562502c,60007,50155790,212041,59976,50171775,212041
4d27bda04aa79cc8,93230,83378450,215431,93221,83401129,215431
4d813f4f3b8b3007,62284,52434845,213873,62234,52450949,213873
4d8aca638d664053,85142,75299399,214975,,,
4d8cc89807afd694,66534,56680855,213556,,,
4de021882c868d4f,46215,36361163,213460,46195,36409529,213460
4de990970f44a99a,31506,21656553,212164,31458,21672339,212164
4e051c86b1570a57,34050,24200735,212450,34030,24216426,212450
4e088cab9b610b56,48306,38450360,205637,48289,38471042,205637
4e79f411a694f137,86886,77058740,206089,,,
4e812f85a190100b,108937,99096102,214482,108910,99124087,214482
4ea748ec75b203a1,90232,80380629,214517,90211,80396620,214517
4eccd82192a02f2e,100399,90560586,216045,,,
4efa687983b0a616,75921,66074133,233558,75904,66101400,233558
4f12ec4307533871,82112,72259539,213390,82079,72287406,213390
4f24414b97da858f,90843,80997058,204987,90812,81012680,204987
4f736b1f5e3cd9fc,35701,25857311,212347,,,
4f8a331dfc8516b7,27012,17161049,215786,26988,17177510,215786
4f99f6c9844d368d,105496,95642009,214729,105475,95688745,214729
4f9a9b2e529d134d,73899,64045068,211945,,,
50142596a2634628,21007,11155257,214232,20991,11171978,214232
5075426dd553fa5a,80364,70540210,227843,80341,70557491,227843
50a9a50eff975ba9,31155,21300413,211665,,,
50ae16da0132ffc2,111108,101252682,212568,111087,101278204,212568
50e050ddf0f0dbcd,18356,8515823,215886,18324,8532415,215886
510ac1f20a2cba28,39267,29416605,212164,39241,29432864,212164
5147224d91b520fa,24008,14157765,214449,23983,14174488,214449
51873dd597057e98,88150,78297054,215297,88125,78313283,215297
519e30fd56ad8ce6,79933,70079015,234268,79907,70096935,234268
51bc4dfa4111b6a2,11914,2051715,215895,11892,2073134,215895
51cd2845ceab72ce,89897,80061316,214832,89861,80077408,214832
51d783933e656d0e,89198,79335017,213980,89179,79356981,213980
52146f06cf2773a5,93553,83715826,216190,93533,83731041,216190
521ce22a78e99372,,,,52220,42416888,214191
524716d62811d35b,59692,49861113,214674,59701,49885108,214674
52f73e754b151b93,54504,44674502,213492,54474,44690234,213492
53092ca368898f84,23279,13432091,204784,23242,13447587,204784
530a46f427700b84,25569,15720477,215706,25550,15735924,215706
531bca7825eed712,119442,109599226,238509,119399,109616382,238509
53284e3f27e7f75b,109535,99681886,216513,109512,99704556,216513
5352401016a4d480,119282,109436378,216803,119242,109452464,216803
5356361500773862,77901,68059420,212284,77868,68075070,212284
53d8a3961245a3f1,74976,65122380,230792,74938,65148980,230792
53f4bfb98d85d3e3,30791,20933444,212822,30769,20950796,212822
53fb7cd60e2f7bbb,116816,106961743,206260,116797,106981497,206260
53ff9cf6ca093225,15952,6098958,217128,,,
541d62ede5bfacd4,71905,62057220,210880,,,
544b31f90df8d2f5,36605,26778264,212811,36581,26800462,212811
546744dc327f9c6c,59910,50061981,213048,,,
546b415c7f8fde8b,119786,109961826,215663,119813,109989615,215663
54994dfc622018e0,85014,75159470,214189,,,
54e01402dede8859,73389,63561581,232711,,,
5503aec6d6f64309,57633,47814262,214239,57637,47831256,214239
55362039be590e19,100973,91139867,216024,,,
55369c5dbf56b88a,55205,45357777,214248,55176,45374032,214248
55858423242780cc,84760,74936630,216338,84741,74960415,216338
55bbdfb1ed760b97,,,,34378,24571029,197971
561f2f9fc3c13940,13741,3887288,214444,13710,3899885,214444
563f726c2e2d2557,34498,24654560,213223,34465,24669851,213223
566c768784b9c49a,78377,68542433,232506,78346,68559923,232506
56a70db46abe54ee,112141,102301541,214095,112116,102323915,214095
56f5c8317f808105,80941,71093789,230837,80909,71112116,230837
5719100c33750843,18233,8379054,215145,18208,8397428,215145
571aa9ad339f494c,93424,83575246,215322,93411,83590979,215322
571bc0cda9087a20,74380,64542036,213809,74352,64564229,213809
57288d3dfd4616cd,84730,74900032,215964,84708,74923017,215964
573bf55f736c81ae,44550,34694509,215094,44516,34709373,215094
576853103c696c3f,18729,8910670,215279,18711,8927570,215279
5815a076f98088e2,118217,108362754,215916,118192,108381390,215916
5845768ea628ab08,103154,93300879,215542,,,
586af5a06fba6e11,119185,109341630,216997,119151,109357595,216997
5877817b842d8e0c,56881,47026854,212439,56840,47039864,212439
587eda26b018bbaa,48010,38191972,215814,,,
589e542510a546d5,117729,107902052,214358,117705,107917676,214358
58b311fcb513bbca,66883,57035252,214613,,,
58e37c1c39a0984b,41158,31313233,212932,41136,31330037,212932
5912b8ae6985e7cc,30348,20517727,212206,30320,20533882,212206
5915dc76c100c9cb,74093,64239107,212255,,,
593c6667dffa7e65,34405,24555655,198009,,,
5a0e5d69942eb18b,87042,77188074,204842,,,
5a5b197ebe2ade19,108752,98902360,204915,108734,98923713,204915
5a5d4a33bacd8514,85648,75821722,215073,85635,75847594,215073
5a703b084fe3ae56,81886,72038071,211964,81857,72053711,211964
5a97beea99e27ddd,92962,83120003,212501,92919,83136144,212501
5a987e89b1b7403c,57170,47322287,213195,57127,47338145,213195
5ab78fcbb89ef0e9,12008,2154010,213974,11980,2169523,213974
5ada34cbe5c27d95,40836,31013255,214125,40813,31029686,214125
5aec87c963ad5df0,39735,29898754,214802,39705,29915574,214802
5af11cb1c8c2b946,16487,6660501,241593,16465,6685225,241593
5b0dd592c6012411,,,,112374,102588552,203002
5b6f17dcff99eb91,115372,105519427,214812,115344,105541002,214812
5bcfa953c33595a9,114954,105092478,204359,,,
5bed4d47e180e800,9946,100525,204244,9912,115420,204244
5c3e54da7c068c6f,111336,101482057,214646,111313,101506144,214646
5c47504350ac9a83,33491,23638888,213307,33459,23654715,213307
5c5373a8c01f241e,33520,23674827,212873,33485,23689678,212873
5cabc14e8446f20b,62912,53059046,214688,62881,53075232,214688
5cacd662d97bcf06,102172,92320900,216324,,,
5caf126068ec4320,41383,31538081,233257,41355,31555719,233257
5d4ff71774124154,111747,101900472,215374,111719,101933113,215374
5d68e2352dd72f00,68054,58210728,213589,68024,58238382,213589
5db9b21f398d2c45,46628,36779282,215766,46594,36805509,215766
5e06f47c42a81e43,32636,22793172,211931,32597,22808634,211931
5e25e2c48705a211,50379,40531839,204549,50359,40550505,204549
5e949a2e407fb093,77367,67538116,212930,77336,67552869,212930
5f048eb247e7ad90,37707,27879450,214575,,,
5f2385ada2074bdf,108693,98832736,204591,,,
5f387f51310e6cdd,86196,76335535,214668,,,
5f4cfed5a843197e,45867,36039384,238235,45840,36056805,238235
5f55c6f00fc240a5,53088,43237555,212783,53053,43253693,212783
5f669fde988c660d,49216,39363360,242885,,,
5f70aaea78395f39,80028,70182027,232199,79999,70200935,232199
5f896006ff70e14d,81224,71382405,232158,81183,71399610,232158
5f8e6342ec4b53f1,18669,8837796,216157,18643,8853575,216157
5f95de18687ff364,33174,23319943,212048,33153,23337261,212048
5fc175df2afeff9b,33272,23417649,212802,33249,23434354,212802
600d86a25a96a141,15353,5512492,218100,15322,5536050,218100
600ef3a8b25651cd,30007,20152778,211218,29980,20169293,211218
6012c52bf5a18272,35879,26017806,211801,35867,26048270,211801
6014c97ca0f23ffb,95164,85310004,216991,95148,85328370,216991
601d843bc83e77cd,39982,30137563,232987,39961,30154996,232987
602c2d1f0a8e39c9,114760,104934818,204265,114733,104949871,204265
6031351478d067f8,95294,85440401,215387,95277,85457763,215387
605f92c88e402bc4,58397,48556887,212495,58390,48572465,212495
606f4b23b43b5ef0,64644,54789664,213228,64630,54810929,213228
6083580a6ecd604d,22020,12170609,214636,21999,12185863,214636
60851e04134a97d9,88660,78821196,213008,88625,78836765,213008
60ac15e72d443cff,46657,36815551,214081,46619,36838453,214081
60df1c8bd5c52dca,95518,85663391,213355,95494,85680877,213355
610245a8dc93c45f,31842,22012698,213485,31812,22029041,213485
611a21a027654052,73139,63292915,211015,73121,63316104,211015
6188d7f8394235a6,58940,49086136,213646,58884,49099909,213646
61a51f951c909c59,91793,81955109,215696,91759,81971539,215696
61befbde65d9ea56,29751,19897495,213119,29732,19914948,213119
61dcd11c3ff7d065,109662,99816346,214781,109634,99840483,214781
625e54d9cd53f2c9,56651,46831828,212945,56653,46848504,212945
6279e376da2b36df,110456,100593716,204270,,,
627e750dff0cb5b4,55391,45558747,212082,55358,45575014,212082
62a3fd4ade746f46,20118,10271545,206099,20095,10286906,206099
62a9cde03c12327d,41126,31277258,212757,41104,31293492,212757
62b3d47dca0225aa,40650,30814124,211954,40622,30829928,211954
636eba42a5e174e3,97151,87332703,217747,97133,87349931,217747
63766d464a3dffb9,19891,10050359,215282,19872,10065643,215282
63903ebf9858303a,20910,11061863,216012,20897,11077608,216012
63b6ee33af08b11f,74814,64953633,212068,74793,64984292,212068
63d2251333f77a73,,,,61886,52072550,195638
63d64bdc9bc78afb,99238,89415256,215470,99214,89430861,215470
63da5d27e2c4ce58,29881,20026817,212016,29860,20043593,212016
63f79427833a70ea,118649,108812873,205821,118613,108829640,205821
63fc8204b38defcc,76937,67082823,212750,76890,67109142,212750
644a709e9b3140af,65117,55279386,232005,65093,55307478,232005
645c8b64a5e3d7c1,16579,6754776,214417,,,
6479d8f9c740719a,103724,93883227,215283,103689,93904337,215283
64df367d9f2d4ea1,72222,62377978,213223,,,
64fda99c421a77bd,66156,56319706,212151,66121,56339529,212151
65130962f9d36767,98258,88435373,215643,98235,88451476,215643
6513ecb723e66f3b,85045,75195583,215326,85034,75248615,215326
6515c9e8cc840388,86385,76537292,214909,86351,76557819,214909
651b07140830ef7d,60667,50843136,212785,60668,50858981,212785
651cee1b7669b264,99998,90160030,216946,99965,90184213,216946
65363644e4e3fa81,105925,96096988,216318,105905,96122593,216318
655e0a961a89c2df,97089,87259492,214779,97066,87275952,214779
65971ffd7113ae47,42362,32514154,215971,42330,32528970,215971
65bd7a45defde936,13903,4050583,214647,13867,4065555,214647
65d5d7dbdfa5a487,45526,35680365,215272,45494,35696056,215272
65e1c8881d48cd35,57263,47417614,212424,57218,47432749,212424
65ec68632675b30f,104671,94828230,207021,104637,94851487,207021
66146e766337b710,66404,56550247,212841,66387,56575278,212841
665d5b9d5715aa8e,49994,40140511,216876,49979,40193102,216876
6690c1d54806c321,52489,42654574,212077,52454,42670564,212077
66d93b8e82e05132,24257,14421596,215936,24225,14443862,215936
66ea4477cc6b5afd,35640,25798523,232310,35613,25828352,232310
66eba392334e86d9,108242,98392129,215800,,,
670070025555e5ef,43468,33619579,213938,43437,33634869,213938
67015c5eabfff93d,71813,61954050,212074,71796,62009584,212074
676e37370d0f31d0,92010,82175620,214609,91974,82190876,214609
6784dd6d1f2be792,109120,99295758,216446,,,
67ae8207eb067e52,115653,105819601,215888,,,
67b1e290dc781f95,73612,63779257,212794,,,
67c89a074ab0b847,98350,88500885,214728,98330,88516874,214728
67e402acc4fb6a0a,21072,11218704,214646,21054,11239097,214646
67fec98caba0a48a,20651,10832289,216276,20631,10847515,216276
6808c71b74677736,41726,31896485,206195,41695,31911610,206195
681c928c335964c6,101671,91834639,215034,101643,91859329,215034
68489c0ad9916a83,34179,24329410,212106,34158,24344473,212106
685bc462c8416bad,99717,89873214,215258,99691,89894660,215258
686dab9d84f9ba33,50692,40858774,215476,50671,40884610,215476
689f8a994ee6caff,32607,22757334,211483,32570,22774124,211483
68a16174430d231b,86545,76700854,215580,86505,76724034,215580
68ad62370a4e5260,84667,74836493,215943,84640,74858867,215943
68cf24f74c438110,54533,44713757,231796,54514,44731111,231796
68d4541d47f2235a,75889,66034607,213429,75874,66058466,213429
68da691bfd165768,52371,42516933,215016,52340,42533733,215016
690ebe76cfb91e0e,102832,93003443,218305,102809,93027995,218305
691f3f4750426bc3,25764,15921608,216648,25745,15937862,216648
6921c7636490e47a,37737,27912383,195132,37713,27930708,195132
6925a449206bbc13,63629,53782178,232528,63613,53800747,232528
692ffed74db741d9,83191,73340883,216931,,,
6934cf6c9a4c8825,17814,7961222,204446,17796,7976895,204446
698803bd67449138,51330,41478402,217506,51307,41495453,217506
69bfc17c47b88d28,102679,92835271,215782,102643,92858437,215782
69e644734be7b146,52399,42553181,214460,52365,42568552,214460
6a0a3e681615dbf9,68394,58574403,212354,68378,58597604,212354
6a24144004c04b74,73769,63917581,211828,73735,63949134,211828
6a2f8bce31cd6370,80817,70955015,214160,80791,70976006,214160
6aa72bdcff944c02,57767,47912687,232036,57732,47924380,232036
6aba31d1ed96f06e,34467,24618488,212772,34438,24634985,212772
6acea0501e69e2a4,80786,70932131,213501,80763,70951003,213501
6affe767c6bc04ee,98166,88336014,215732,98138,88352710,215732
6b074c8f691e5629,82997,73143081,214532,82983,73169605,214532
6b2deb8dacd7dadf,,,,44375,34560641,205871
6b8785d0744d9c55,73294,63455562,214082,73264,63476999,214082
6b9796c5ed694819,41978,32124055,215069,41956,32144118,215069
6bcb560ff849efe7,12503,2674461,215022,12474,2690716,215022
6bd5e59bd3712bef,36987,27137620,213518,36965,27159649,213518
6bdfd165065d38ba,100658,90813022,205650,,,
6be25ef59e6d01cd,51009,41155437,214663,50994,41171294,214663
6bf0e05e05d379da,92808,82949856,206724,92758,82965234,206724
6c26388e2cd5af1a,,,,38266,28455294,193304
6c302dc1b9e945ca,40714,30878342,212792,40685,30895022,212792
6c40f0878ea4a1d3,82460,72618668,215035,,,
6cab380bf5d3c514,39523,29678984,211305,39486,29694514,211305
6cbf313909616af2,88117,78263261,216114,88093,78282592,216114
6ccd95e5df8da623,11786,1930188,203502,11767,1944734,203502
6ce79303158dd2a7,64269,54418981,212715,64227,54444948,212715
6d0ae02de851bab8,104461,94607306,208929,,,
6d4ffa8eb565c245,76018,66163925,213230,,,
6d8c4e37fedd7a03,68523,58668476,213345,,,
6dc0f09ab3c3abd5,18136,8292890,215529,18113,8310350,215529
6e1cdba9ea1f3570,119934,110093394,217450,119938,110115980,217450
6ea62fd0b718db01,34275,24433356,212173,34251,24450006,212173
6eb8eb3b680400de,81497,71668806,195375,81467,71683531,195375
6eeb2e792b633802,119600,109761640,215425,119570,109787947,215425
6f145f9c508eb58c,83966,74119586,215584,83957,74148508,215584
6f24f06c84d365ca,14653,4799751,214383,14643,4823983,214383
6f28838d7ef070e1,27952,18109452,218181,27927,18126720,218181
6f63bffe8ebb0e2f,26725,16871152,216818,26711,16890266,216818
6fc12f4e2a68683a,39043,29190952,212447,39022,29206447,212447
6fc88d9a51d1e7e8,59630,49799852,234532,59638,49818723,234532
6fd12b8eab0105d3,96042,86216513,214338,96017,86233298,214338
6feea64c7c60d3a9,14976,5122202,213782,14959,5151547,213782
7013e18709fb1761,40495,30658724,212384,40461,30674626,212384
70ee6908dbbcdd10,31634,21779755,213550,31585,21798830,213550
70f851ddbb2ea382,18073,8219781,217959,18052,8235535,217959
713ead48204ae432,88312,78460903,215973,88285,78477392,215973
716b8e3971383f19,42331,32477634,214723,42302,32494069,214723
71924ba008c56ce8,59601,49760173,214007,59607,49789148,214007
719261be365e4417,37645,27813673,195374,37617,27833270,195374
7193966b179c584d,84257,74420016,216411,84239,74452692,216411
71ac457b28910086,118770,108938058,205621,118766,108954714,205621
71d27d5626ab34c6,112304,102462088,217199,,,
71fe764273ee4fac,39826,29997483,213861,39797,30013121,213861
72094328cedf4ee0,42516,32673754,214051,42475,32688685,214051
721ad64a3d75f589,62943,53095387,214624,62909,53111887,214624
72acc3564f8b095f,16114,6259917,216025,16093,6306862,216025
72ce14972318c627,109692,99852592,214477,109663,99873655,214477
72dd317d38c12460,79901,70046605,213186,79876,70065740,213186
72f7a2ee0e9127e1,66631,56777275,214610,,,
731aee19c991a041,109971,100140120,216513,109939,100160343,216513
734a5a327278221a,57508,47679579,214340,57511,47696947,214340
734bb9f10bbe6950,81130,71288900,213714,81093,71304148,213714
7353bc3aa9db56c2,25479,15657004,215370,25457,15674057,215370
73d866f2fc98febd,118864,109039517,215078,118863,109055994,215078
73e1554112272c6f,41541,31700874,211352,41509,31716302,211352
74463fbeb3a738a1,85939,76084933,214453,85925,76117600,214453
745041f738173ef4,36010,26158499,211731,,,
745c76613bad2ab8,93081,83251213,214165,93051,83267754,214165
749fe28e39ccdb37,82674,72852224,214667,82655,72874273,214667
74d0f8d5fdad0f52,10899,1050381,214989,10865,1066209,214989
74e5103d6f08656a,95391,85536839,215829,95371,85551909,215829
752463fd4692d429,85772,75953627,214646,85759,75979336,214646
7539b146045a4af2,63319,53484008,213668,63287,53499831,213668
757e4a839df4eba0,67007,57163927,234612,,,
75823d2d3a22aad1,79739,69884639,214521,79716,69903690,214521
75838e537875e895,71031,61179772,213382,71008,61203217,213382
758a800e52bda28d,54628,44777247,213271,54613,44793275,213271
759000bd691739f3,66002,56155361,212793,65975,56189276,212793
75e24c53e6aee594,15985,6133584,205099,15965,6178978,205099
75f629805abf8893,84851,75000059,217385,84841,75023034,217385
765a70e0c190cf72,27271,17419130,203262,,,
768448405a3ea2f3,82302,72455515,213529,82262,72476227,213529
768589384fd9f921,47103,37249170,215574,47089,37277235,215574
768c7e88279297f4,114481,104638614,216296,114440,104655085,216296
76b3b152661bc0f8,101885,92056465,214235,,,
76bd37749db2b436,116977,107121967,205306,116956,107137089,205306
76e8882814430f43,16146,6294019,213125,16123,6314862,213125
7716ce6ecd25ef86,111653,101810888,215005,,,
774db69165736a25,,,,77499,67716104,211679
775aadbf17e5b036,24502,14648248,216175,,,
77704f605c6b70bf,94025,84195733,216281,93997,84212823,216281
77e17428518b15be,24101,14261257,216908,24070,14287641,216908
780b1a2ea163d277,42010,32154919,216678,41987,32170933,216678
7828e296a7cc1554,65365,55543155,230731,65345,55563985,230731
7836ef9403d85a2c,96013,86180250,216187,95986,86196357,216187
78f7a961bb3c37e0,110000,100176959,218022,109979,100198597,218022
791edb97c4899144,29458,19632749,212037,29433,19649238,212037
79426f2bea0198d7,75482,65649042,180554,,,
795287c1e0287397,21480,11635772,203828,21448,11652388,203828
7955aaf6efd9e4ab,85078,75232131,215903,,,
7994336be0876907,118895,109075761,214315,118895,109091727,214315
79da25aca9e94308,71394,61572627,214267,71375,61594001,214267
7a2699ff70e76e02,31751,21914258,211892,31713,21930507,211892
7a8a013c91ae2667,49628,39778390,214282,,,
7b285ce4b6ceafeb,98643,88798142,207169,,,
7b3a1b744d200114,68556,58697831,230653,68545,58758989,230653
7b5a390cd5759c0a,103381,93527353,214482,103361,93550260,214482
7b7509e73fb3ead4,85369,75516952,205518,,,
7ba69a10548a9ad2,13210,3357979,215913,13180,3374004,215913
7bd1e80f59270b1b,115900,106046094,216882,,,
7c1229860f27beba,36171,26314587,211721,36158,26372587,211721
7c20ae9c852f4e92,28510,18691001,211131,28490,18706804,211131
7c3aa6277afcb1be,88438,78592888,213876,88406,78608919,213876
7c3fd7d5ac58962e,48895,39072682,215586,,,
7c508ca031b48492,62750,52898870,213881,62726,52915029,213881
7ca1769569542f78,115309,105461477,215581,115285,105486037,215581
7ca8760e635969ab,44728,34895824,215720,44695,34911302,215720
7ccf557c6c3bd25e,36890,27033167,212989,36870,27057578,212989
7cf28c8e1c313309,20246,10402395,240242,20220,10419481,240242
7d378328a7f7de53,47638,37795845,215027,,,
7d4850b6e0793025,105744,95900455,214399,105712,95925676,214399
7d4fd112dabbc6be,17033,7175082,214585,,,
7d64ed902c156570,59722,49897433,214035,59732,49914219,214035
7d803da58e3010ec,100815,90978938,206504,,,
7d87ef6e7247f68a,49500,39657275,215015,,,
7db02ab59d2c3a5e,61648,51823703,214046,61660,51846801,214046
7de0fafbde694158,74029,64173517,213910,73986,64196722,213910
7dff508af18764d9,51606,41775792,215562,51576,41792786,215562
7e36f2f7ad38bba8,71245,61398717,210386,71213,61426843,210386
7e5734d07967071e,74879,65018763,211816,74852,65047467,211816
7e5955fd16c93c7d,51170,41320489,240807,51152,41338625,240807
7e69bda220dca335,22670,12821830,214477,22648,12838518,214477
7e7612e02379e139,,,,18881,9059748,207538
7e837798b46d8811,28902,19051184,211587,28880,19066767,211587
7e8c9792c2725c36,36235,26380701,212253,36220,26405677,212253
7f06f6f4172bfa83,29157,19307472,193732,29126,19322436,193732
7f1a0c22b876092f,29306,19466479,211627,,,
7f361b7f8d126ad2,57293,47453611,212798,57253,47469711,212798
7f456ddea793ee41,117327,107480188,214372,117295,107495300,214372
7f484c8b0f2e6280,,,,92733,82931145,204821
7f5e2670b05407b9,41288,31439423,212873,41264,31455429,212873
7f67bee3a7e46faa,27760,17906008,214887,27739,17925084,214887
7f7e646b08c478b7,24824,14973852,216849,24798,14993746,216849
7f8545bb39427396,113500,103661153,216190,113473,103678438,216190
7fadcca7109e77e5,,,,86866,77081116,206051
7fbfc19363677578,34147,24293562,214644,34126,24309866,214644
80180b03eb7be60d,56311,46472560,212314,56272,46489030,212314
802b47bed8c46c5e,32698,22858266,212911,32658,22874801,212911
8044d01fb34f88b6,111367,101517336,214673,111342,101538632,214673
8059e9ca2003de30,57864,48010106,214025,57822,48017495,214025
806f49f37c5ca0e6,117484,107644179,242508,117446,107662787,242508
80af831a35c38da9,25602,15756728,214362,25583,15773816,214362
80c6d61885fb103c,63164,53317179,214114,63117,53333300,214114
80f729755398686e,112432,102594994,215484,112403,102615574,215484
80fa45d3a6b7945d,17715,7891802,203847,17691,7906502,203847
8121ab8735f1a477,61456,51622268,213987,61425,51638219,213987
814c0841b5f297cb,56524,46695897,211670,56524,46714182,211670
81723c6ab92f1aaa,94571,84721136,215513,94547,84737944,215513
81e0aedb9b4ef969,65658,55797868,212604,65641,55825233,212604
81f12e5a6aa2f50d,17347,7509624,215518,17320,7534084,215518
821da15ca38ae776,106661,96817602,204528,106637,96836581,204528
82200d05a6791d07,36139,26285280,216088,,,
822b672009ebad72,107860,98019813,216640,,,
82305c6e7ebaeecf,113441,103603560,215354,113407,103627146,215354
827f31a956c02997,43838,34018659,215890,43818,34034301,215890
82cdc09146152ef9,46410,36558072,205564,,,
82d2c6cdcad283bd,62375,52534878,214437,62334,52550468,214437
82d4000204812c22,113821,103966535,217282,113803,103985077,217282
8301a01536e6f2c3,68653,58800688,229569,,,
830c26c6a9ac1b20,100626,90778250,206354,,,
8313fcc42e183b7a,35135,25273903,214463,35120,25304352,214463
83162192dbca166c,28234,18394179,214495,28198,18410112,214495
833e9f8e33d80cf6,69247,59419228,211223,69224,59444064,211223
83b1b50ffd5e2518,106150,96302040,215399,106137,96324384,215399
84a2386b8ed227ba,10610,755822,205081,10585,773252,205081
84beef16f05ce053,22149,12298920,216042,22125,12314629,216042
84e6a6adbddf2c10,,,,50270,40484360,205564
8508d03254c8fc97,109881,100039863,215923,,,
8509bf6bad019d9c,110487,100628494,205467,,,
8549d9d39cb0750e,23371,13530965,204902,23329,13545932,204902
854d35a1ca5e0831,58646,48816869,211352,58642,48833444,211352
85d5c14c861b2c70,70015,60161214,211486,,,
85df7df646e61f90,96815,86967164,205343,96781,86982533,205343
8617f917dc049af7,47296,37439566,211603,47282,37495733,211603
865d164113e11ec9,69790,59939628,212619,,,
866245c04feb1508,29187,19340197,193558,29152,19354977,193558
86879bfd7c9f127d,62346,52498588,195097,62299,52512411,195097
86a2f892690f2c36,,,,17472,7690370,203340
86aacef643634a4b,66758,56904198,213774,,,
86bd20020061b309,,,,56097,46296005,210332
86e7ec6c73f08894,54888,45034489,211387,54870,45050591,211387
86fc495ef4b0fea3,46473,36619205,202428,46447,36643151,202428
875ea3a62160d819,51575,41739283,215254,51539,41755315,215254
8774c79cad197573,10384,560007,213685,10361,575645,213685
877673bdcf57adc2,75420,65577918,233692,75380,65599627,233692
87e387ac6487d8ec,32386,22536964,211413,32358,22552724,211413
880af44644f09829,14189,4337356,214531,14140,4352727,214531
88297c109b7ea7d4,27857,17999890,217641,27835,18023162,217641
8839bb768235f974,38979,29124715,213930,38959,29143013,213930
8874fc93e32d7232,62100,52245876,210716,62063,52261388,210716
88c1e8755898c183,63194,53353121,212765,63153,53369425,212765
88c9173f57beadca,47265,37410820,239018,,,
88e89f7efa54da30,47039,37174264,214135,47025,37204063,214135
88f325de7db03083,48176,38322205,217090,48161,38348002,217090
88f385682398a2ee,79803,69950433,213745,79780,69965672,213745
8946ad17ff037560,77188,67337650,232194,77146,67355280,232194
896f4612e7fbccc0,21893,12039172,216158,21875,12057705,216158
899c1724ee1a6070,98228,88398918,213511,98200,88415195,213511
89d5b49ca630b9ac,108107,98281988,216516,108093,98307626,216516
89e07a746d89b256,75264,65419356,212687,75218,65443095,212687
89e0db4a375adff4,116655,106832948,204606,116633,106849493,204606
8a06916983fae5b7,73170,63328603,211055,73148,63353839,211055
8a102442b94aea64,107649,97799375,215557,107621,97820725,215557
8a3e77d6d934dede,118024,108170142,216889,118005,108188444,216889
8a4f05202688ac08,58150,48301388,211787,58101,48317289,211787
8a74d95213af9f47,10227,394821,214991,10194,410531,214991
8af7122e0daca840,13019,3170598,214696,12995,3186150,214696
8aff5a16e24d0238,89548,79697359,216078,89519,79714405,216078
8b3c46e102718dd0,11657,1802791,202340,,,
8b416ace1c5ea57b,23399,13565648,205170,23364,13580922,205170
8b55ee5dacf6ba28,98136,88299557,216362,98109,88315933,216362
8b617ee0458b8732,50027,40176768,214348,50012,40200729,214348
8b87bbf470dc1ac7,82933,73077165,215489,82919,73101872,215489
8b8d8230c4931be5,68274,58445081,213397,68249,58467882,213397
8be81f1a9d7b3c4e,82144,72295867,214685,82109,72317742,214685
8c109bb6ce944259,72161,62320175,216079,,,
8c263c21cc6d9d40,35392,25538454,213340,35372,25565162,213340
8c2b8192f15f9323,110917,101094440,214183,,,
8c708c7cbaffbc03,115965,106111822,215263,115934,106148031,215263
8c77286e73b4d0de,101856,92020267,216475,101832,92042213,216475
8c775aba7dfd6507,77966,68120573,211986,77931,68136478,211986
8c87f6443d629e44,29489,19668500,211427,29468,19684895,211427
8c88fff788c615d9,62652,52802156,212183,62631,52818586,212183
8d021318a33f9301,,,,75447,65670377,180516
8d1850117c289f94,70383,60555172,214569,70352,60575096,214569
8d3fd9dfca3df087,116286,106440181,214826,116251,106464564,214826
8d66c15d9318be66,11689,1829742,203670,11671,1846604,203670
8d67b01a2201281f,50629,40795609,216927,,,
8d87b8526e2e1497,93521,83679325,214661,93503,83696085,214661
8e00b57eaf81ff74,82614,72779388,216018,82588,72803158,216018
8e0fc1da17c47261,97027,87199967,213836,97001,87217710,213836
8e37d5955493323d,113618,103798423,213976,113598,103814381,213976
8e3896f1fdca7923,112996,103142075,206018,112949,103166195,206018
8eb0b57335749599,17626,7798715,206844,17598,7815425,206844
8ece6557f106ea9f,58739,48918912,212313,58731,48935141,212313
8eec930498437997,15382,5548980,215889,15351,5570516,215889
8f097369082386c3,78895,69040682,213055,78876,69060183,213055
8f5cde8a6780e81d,,,,49492,39714722,213770
8f6630fc2ba1eab2,73452,63619567,213185,73430,63644402,213185
8f75c00313dc4f3a,25236,15400945,215125,,,
8f76366576aab98c,55772,45918352,213316,55751,45937787,213316
8faa3ddcffa012a5,21599,11774204,218117,21574,11790742,218117
8fb37e2a9c4f3938,40014,30173128,210551,39992,30187964,210551
8fb5634ba3c640a9,9854,0,206069,9827,17026,206069
8fc599e4a36d6e65,93839,83998774,214457,93802,84015608,214457
8fc9f513fd0c5f0e,99686,89836824,215401,99662,89860432,215401
902ba508bc5e9cd4,89166,79312044,215097,89147,79330200,215097
90589b392a6c661e,109911,100076307,215685,,,
906d4f653eae69b2,73047,63195466,215279,,,
9073cd2441bae9b7,57414,47576945,212078,57415,47596227,212078
90a545d90a6d56a7,,,,25196,15416631,215087
90bd00e9410f9a87,114419,104578444,213688,114381,104594082,213688
91290d96fcbd819e,79178,69332146,213417,79147,69348681,213417
9137003eb59da74d,48774,38936296,215390,,,
913c017df6f4a1ab,103024,93173349,216125,103007,93221017,216125
914775c06badf228,76744,66889879,214056,76700,66914672,214056
916e302bf36c523c,90556,80714658,217730,90532,80731122,217730
917440a175ffdcf5,101916,92092978,215801,101891,92113843,215801
9184cdf33a6bf50a,21958,12103273,216786,21938,12122071,216786
919cf80a3da13cde,108662,98807834,206083,,,
91ad66526ee7ef50,103632,93781582,216462,,,
91c0b3ef9c8cb805,89295,79435734,216815,89275,79454259,216815
925c229386e9c246,62717,52862822,213517,62695,52884414,213517
925c84e976766198,64901,55042931,232167,64884,55065985,232167
931863556cd9106c,36514,26673785,213886,36484,26695620,213886
931b93f48dc50c33,43375,33521003,216092,43349,33540487,216092
9356daee5351a4db,99023,89178825,213411,98991,89193596,213411
93b5dc398ad607ca,81411,71575083,194395,,,
93c6d9f78d55a71b,17977,8126946,215206,17957,8142953,215206
93cc90c874f8aa1b,119869,110020248,217508,119876,110052280,217508
943c21aca9a18a4a,47393,37539268,213765,,,
945d95a19a078c48,92618,82764396,240612,92585,82782344,240612
94b911998a92a5e8,64708,54850961,212401,64694,54874112,212401
94bc643c1e7807f5,,,,13580,3772557,213912
9508e4d7b60f23f0,97763,87919402,216898,97735,87935700,216898
95161884c7bb03b9,26949,17094388,216289,26928,17110087,216289
9599af27700cc027,91150,81331533,215503,91131,81347469,215503
95ba69bea0c3e2fa,79056,69201443,216976,79033,69219680,216976
95c8c19a1494b852,42578,32739835,215704,42539,32755848,215704
9680581af2743b44,32356,22502268,232243,32330,22522405,232243
96825aa1246ad33b,70904,61050199,228324,,,
9697780fd2745434,103316,93462124,215521,103298,93512363,215521
96a761d8e86fb020,54414,44580630,212671,54380,44595983,212671
96b3f56808a9f054,13839,3984988,215705,13806,3997279,215705
96e6539c822e69c0,28839,18985015,211298,28819,19003696,211298
96f3c73443f0f8ca,55298,45461536,214254,55262,45476684,214254
9725f3afd6ff6b95,54856,45002027,214295,54840,45020400,214295
9728451735ed4afb,63133,53281035,210572,63088,53296635,210572
973e9795f078dcdb,27330,17477591,205655,27294,17493140,205655
9740611077c0e7d1,50721,40895179,215094,50699,40916631,215094
979e6af1928c9ae2,67932,58082016,212881,67909,58104923,212881
97a11f9f2e2c2fa7,27793,17936843,215984,27772,17953295,215984
97a4b6404019263c,102525,92676533,206963,,,
97ad9d55e4f323ba,94151,84299397,213404,94133,84314658,213404
97c22d8db659f0f0,37832,28012874,212094,,,
97fd97cb4a67b428,72251,62414045,213546,,,
984cf208b2e9d5ae,102927,93101402,215434,,,
98b327ca210b74de,,,,98621,88814006,207131
98baff512eee0950,56617,46795920,211638,56621,46812063,211638
98c6e89ee1986179,69886,60039719,213253,,,
98dbe60b638573a6,72528,62712777,231610,72517,62736527,231610
99815193b1d59b7b,16017,6169747,213800,,,
999fa12023d75519,99052,89215030,214253,99020,89229982,214253
9a26347e428d5b46,113154,103299205,205232,113114,103321744,205232
9a2f3cbb01ee89f6,39363,29518096,214640,39330,29534519,214640
9a5e51117086649f,105304,95455511,205166,105285,95474516,205166
9a6dd3bb1dd5bd66,35037,25176315,214024,,,
9a827f41d56c99f3,59975,50120418,213020,59949,50140728,213020
9b05d1599a67e99e,,,,73607,63799775,212756
9b070e080b15c6a7,97383,87528752,216836,97367,87546424,216836
9b834855d625cceb,13871,4014238,215507,13836,4029237,215507
9b9914d714e1c1b2,,,,48258,38440447,203407
9ba2b2f2a3c3d4a7,99781,89939142,214894,99753,89961180,214894
9bac3a30930f88a5,87400,77546139,214712,87384,77598181,214712
9be35ce4d1864c7d,90652,80805692,241275,90626,80823941,241275
9bf99ed420ca6570,12476,2638043,216591,12447,2654458,216591
9c01b38c7010c1a3,51826,41972141,218202,51807,41989424,218202
9c0a5bb1d3d1b53c,118340,108491251,214245,118309,108507040,214245
9c27d8c299b66eb9,66247,56415535,212891,66217,56439956,212891
9c29bd0e17b529a5,38160,28309006,211647,38140,28329683,211647
9c9b6428e09f920b,47610,37759462,214396,47592,37806503,214396
9cd045f670252a82,20149,10308182,217111,20125,10324386,217111
9cd14ba265854adb,,,,67761,57974996,196601
9ce47d7718003632,102108,92253054,216024,,,
9cf9e18d136595cf,52519,42690447,212014,52489,42705053,212014
9cfebdfb76211a76,60485,50640401,212836,60439,50655631,212836
9d7b26f216d8bfb0,11429,1598451,215812,11402,1614430,215812
9de07a4fb135ddd8,99909,90058773,215668,99878,90081732,215668
9e07e0e5eb7c8910,,,,59891,50079367,213010
9e201d5994bedc3c,87430,77575990,214676,87412,77599046,214676
9e375c39b143156d,93392,83538847,215782,93381,83561955,215782
9e4368071d7559b4,,,,106392,96581745,205638
9e67221923ed35c7,15102,5259366,215276,15082,5296016,215276
9e685df6a097092a,95644,85799708,212792,95616,85815906,212792
9e7d29c6d2177433,22768,12914354,215182,22746,12930320,215182
9eca2f4bf1a48cab,,,,11640,1819656,202302
9edc70c654221a10,65086,55240144,212593,,,
9eebdcb1dd7eb4c9,95548,85696208,214336,95523,85712158,214336
9efd2a381538eba4,56372,46538953,212194,56338,46554684,212194
9f1d7f919d5e3e21,83441,73600107,205497,,,
9f2d91921e515496,70510,60691458,212776,70492,60711235,212776
9f3654e3b2b25852,72697,62843221,213325,72691,62866891,213325
9f617d5bdf801a9a,98772,88919394,217795,98747,88937393,217795
9fa17a8ecf8b46fa,37270,27432826,233213,,,
9fcac188e1fd7eb4,96341,86486886,216994,96326,86505867,216994
a0309daac413adb4,85740,75917329,215506,,,
a07bdef7c8030a37,92554,82699807,215094,92524,82715385,215094
a0c071deded896bd,55642,45787762,214710,55621,45806651,214710
a0f79c7217fe21cb,37616,27780647,232496,,,
a0ff70b62232072e,110798,100961364,215211,,,
a13261ba44462092,32131,22278198,212236,32109,22295392,212236
a13c9d59ff9ff3c7,115681,105856084,215612,,,
a15019077cfcb0fc,33612,23774853,212762,33574,23790830,212762
a1692c40d322453e,66218,56379538,214411,,,
a17a722820697ea1,96786,86932434,203929,96756,86948121,203929
a1a7d7a38c317327,40525,30694609,212187,40494,30710818,212187
a1bc955cb728eafd,28386,18560100,212083,28359,18575890,212083
a1f734c5d7fe706b,75391,65538378,210086,75343,65559705,210086
a209502120058485,92391,82539011,214776,92364,82555542,214776
a20d8e84f78fcff1,77031,67179433,212983,76990,67195207,212983
a22d5d553987b4e2,,,,31121,21318554,211627
a233ca4c8e413577,20976,11122057,215884,20962,11143837,215884
a259c8228cd6a488,109818,99976354,215399,,,
a2798927d0e7a541,,,,36342,26539143,214461
a2910040ebec51cd,105555,95715257,215914,105527,95737441,215914
a2a7338e72cab1b7,84948,75102138,215404,84937,75151701,215404
a2b0045274f1a311,61487,51658070,211461,61457,51673323,211461
a2f4880c330d7976,69127,59282187,231664,69100,59312893,231664
a2fffc503ef220a9,119088,109243110,216455,119055,109259678,216455
a31fbd1da87257ca,92166,82339021,213403,92172,82359235,213403
a322501e19cc543b,18896,9041981,207576,,,
a348d4b1482887af,25264,15437218,215089,25236,15452592,215089
a38be679f79884b4,71365,61536416,195653,71336,61554451,195653
a390e7c7a62f02d0,33012,23157575,193568,,,
a39a3cc6d2f813a1,106052,96203108,217275,106039,96225144,217275
a3a35fb80329b00c,21293,11450328,206219,21262,11465688,206219
a3ae39bd36c8226c,75040,65197349,233088,,,
a3df53e4ad1b4cf8,51635,41811961,213896,51611,41828027,213896
a3f949afb0933220,13269,3430864,216608,13234,3446643,216608
a429ad1a469f6e02,46053,36195062,214460,46033,36247919,214460
a431ee1a5bcae4b8,107889,98055966,213472,107855,98080336,213472
a4392727b0969720,12564,2742047,240010,12543,2759690,240010
a43971f75c6339b9,87523,77674614,216136,87499,77690897,216136
a491c4c00f8cf26d,81467,71635749,195749,81435,71650797,195749
a49aa4c3f40cd6f2,11459,1635021,215969,11434,1650373,215969
a4a9c9a5a2e9e4b1,16874,7019462,215359,16858,7071800,215359
a4b9744849269219,67295,57457888,212952,67261,57477608,212952
a4e431269de2660a,,,,63775,53954337,210396
a50a29833c7bcd8b,38289,28435308,193342,,,
a52ebcc3c6b470e4,46840,37016987,215766,46822,37041333,215766
a532e41dd964503b,54791,44940504,213335,54775,44955928,213335
a54e94ce629fa828,106599,96753325,205187,,,
a556c2cba3590960,56254,46400500,212658,56221,46416960,212658
a587143a06ae198f,82490,72655023,214560,,,
a5d81929e0bbf8b1,109210,99362067,214905,,,
a6060d4638996dc3,23914,14061609,216039,23893,14080617,216039
a62865faf009f77e,83283,73435442,216300,,,
a63b33562e6eb84f,88999,79179235,215339,88979,79196143,215339
a64b4900fe087fd2,53652,43797929,212457,53632,43817692,212457
a67d2f43926265c5,46872,37053355,214836,46859,37075530,214836
a68e85f19d10d780,23752,13895418,214584,23732,13922017,214584
a6b00051b74f482f,107919,98092362,215393,107899,98118203,215393
a6b9239c3655df3b,63535,53711132,212987,63510,53726581,212987
a6b93322a4ec3137,59512,49664181,233111,59511,49693500,233111
a71de9188d40027d,78407,68581011,228189,78381,68598177,228189
a7243b7764561641,78157,68319896,214072,78123,68335837,214072
a7550b91fb3c20cf,105145,95290494,215417,105129,95316628,215417
a76717da3290b3bc,103753,93919720,215901,103722,93942352,215901
a79def41bf066421,12597,2777872,212373,12578,2793495,212373
a7af0af48088c905,86036,76181861,213743,86020,76206713,213743
a7b2d0e0cfba6355,112837,102972518,206068,,,
a7bde44a71e45af3,14782,4931031,213980,14769,4947311,213980
a803df9b34d4f209,116881,107026451,205220,116862,107044718,205220
a8188a5c8097b78f,98927,89093217,215189,98892,89109019,215189
a81d6f385b55c4c4,35484,25636653,212485,,,
a83e438bdd21070b,56496,46660085,211568,56493,46682956,211568
a852534313377c09,57570,47741970,209874,57576,47763387,209874
a8584a03d14cde62,66790,56935404,213344,66771,56985083,213344
a8787b8956d3e50d,22244,12398575,213145,22217,12413891,213145
a8a8c330ea49b4db,95889,86059229,216931,95859,86075795,216931
a8b0f1f3d245a7f7,49718,39882667,242092,,,
a8ec89cddec71387,119631,109798043,215426,119606,109825861,215426
a941ab345ecedbdf,24535,14677199,214701,24516,14730009,214701
a94b59ff0ca8ae3c,100028,90200631,240213,,,
a95e4c7ef6514cbb,97948,88114150,217890,97914,88130890,217890
a968644dcf623d81,76968,67115784,214815,76927,67135812,214815
a987ca0d83024901,108781,98938986,216469,108759,98961142,216469
a99f4e4c67da6a72,61971,52109914,209909,61943,52130334,209909
a9b43996fce6c938,43717,33877658,214727,43685,33894144,214727
a9c10852ac3bc631,97414,87556199,213532,97398,87573314,213532
a9cf3648d930f81c,38383,28536408,211591,38354,28556658,211591
aa3889bbb8325d72,103662,93818097,216066,103631,93844870,216066
aa39f9f2c2a14f5f,74626,64798616,212410,74640,64828451,212410
aa814c48368da72d,24318,14479857,216036,24291,14502921,216036
aa8f53cd92792033,119901,110056560,214703,119907,110082132,214703
aa92c1821fd72b96,91920,82078840,215308,91882,82095268,215308
ab1eba88c80ef6c1,50911,41058907,216705,50897,41075916,216705
ab2cecdfbf3495fb,24633,14777480,216008,24612,14802068,216008
ab4640848d68b4e9,48079,38228547,216262,48064,38277771,216262
ab53f6414486e09b,71094,61239753,212019,71067,61261423,212019
ab596187368b4701,95000,85176299,214814,94978,85193272,214814
ab9cf1a900d5f2d7,30534,20674984,213107,30517,20693701,213107
ac0c118ba9d2a884,98383,88537282,215312,98363,88554191,215312
ac4514da22b08806,15694,5869629,205776,15674,5892845,205776
ac5a37ac77e3cb15,102770,92935311,214712,102741,92960392,214712
ac75159b3f86b0ee,36922,27069127,212603,36902,27090796,212603
ac7d4106885df17a,27507,17677528,214022,27477,17693656,214022
ac9df6d474339fc5,60423,50575876,210094,60376,50591469,210094
acd159fdd73d1d14,65147,55315094,211394,65120,55335742,211394
ad50e222a6bdc1ff,51138,41284180,216810,51122,41302449,216810
ad5d88899251696b,77339,67502121,232163,77306,67518232,232163
ad5fea0dc1d7e58b,19412,9557854,204846,,,
ada8cfd927e303f0,48590,38738813,216433,48562,38760635,216433
add0ca2e396adc57,44521,34667309,214871,44491,34684515,214871
add8d97d9787640b,31220,21365390,213140,31180,21382639,213140
ae276b00a814aa75,50286,40430476,205555,,,
ae506ec1ba3aafbd,94055,84232392,216874,94032,84248961,216874
ae65014b26841a8a,103815,93983305,215426,103791,94003516,215426
ae67be5cb64d7c89,12070,2218004,215450,12040,2233226,215450
ae6855e01564565e,77837,67991034,213611,77805,68007186,213611
ae7338de80123333,94183,84335660,214599,94165,84351884,214599
ae8c1f46709f3516,111431,101582810,211878,111405,101602665,211878
aee6f0b6039ac100,77159,67304777,210973,77117,67327610,210973
aef89408ad4c6264,12349,2518191,216050,12318,2533998,216050
aeff73732bd78caa,70167,60331743,215680,70147,60354689,215680
af167fced811a9ff,80910,71054438,212954,80881,71071080,212954
af357ff70bc819b5,92900,83053367,215319,92853,83069654,215319
af4649af5b791d58,11272,1439897,215454,11238,1455051,215454
af94bbcf09935e99,48745,38899889,215337,,,
afaefb1e83dfc86b,,,,29100,19290756,193653
afbdc72896600d45,45365,35521399,233425,45335,35538791,233425
afccb649c775f4e8,13487,3658812,214769,13458,3674739,214769
afcf6948ac5a9f6d,103910,94081226,214362,,,
afd09e3780a23c7c,75539,65715203,195730,75556,65733179,195730
afd35389a6694a0a,110889,101058224,215021,,,
afe72c6414c4f3ba,118057,108194777,213785,118036,108216539,213785
afe78beb5d202591,117639,107800495,216783,117615,107815963,216783
b0140267821f5d63,71521,61667521,213796,71508,61690811,213796
b040a70b2f5f3645,28612,18759525,209472,28594,18776092,209472
b04dae2b384eb544,49929,40079920,215323,,,
b072fb8150e1d7af,,,,21236,11431822,208342
b0a445b155690e15,47884,38055158,216788,,,
b0a95495bf45bd96,14718,4863494,215810,14707,4888827,215810
b0e69fa4edbc2f8f,45895,36073776,204134,45872,36089112,204134
b0e7b40d9d7e1e88,23977,14123205,215672,23954,14142221,215672
b13456b4e7606dbf,55453,45619140,213403,55424,45635255,213403
b14c584fa4c5cec3,50539,40700770,214426,50513,40721517,214426
b14e6655581a7a83,111922,102101920,218008,111897,102124964,218008
b17cf95c0d293930,117960,108105554,214921,117941,108124551,214921
b18971a294028d5e,101259,91405322,212597,101248,91461738,212597
b1bd0ee2f514ed7f,36761,26906348,213038,36742,26932122,213038
b1dda4e281e08380,91349,81492699,214967,91332,81508872,214967
b20ace33b5ebea8a,86605,76760283,213198,,,
b21b162d28aecb92,67807,57943626,195927,,,
b2a3886c058191d8,96502,86648384,206836,96484,86666145,206836
b2b86982ed39bebe,111076,101216750,215444,111055,101269851,215444
b333a4176f54a783,75008,65158075,211301,74965,65178048,211301
b3996bf80d811b84,20621,10795740,216285,20598,10812470,216285
b3a4b40ef145dbe5,16458,6619576,215429,16424,6642354,215429
b3d2ae5525493154,,,,114637,104854205,204009
b404f9e540a8dc82,62254,52400130,193433,62203,52413569,193433
b410fa835106547f,,,,15575,5794680,205272
b430669d93563506,39612,29773015,211941,39572,29789569,211941
b4684247eee79677,23430,13600540,206742,23399,13616205,206742
b49f45731b8fdfd1,91089,81258970,215247,91060,81276453,215247
b4ab15bbbf53ca7b,56401,46574659,211976,,,
b4f7285514b2d7d3,60514,50676282,211980,60476,50693119,211980
b4fa680a18f6a1a8,85490,75657552,215630,85467,75681487,215630
b535abac24bffc02,11181,1338110,216440,11138,1354172,216440
b564616dc41a821e,22426,12591080,214921,22391,12607543,214921
b5ada8f7dfeb6336,58708,48882546,213436,58703,48900165,213436
b5f80e6c7146a6e6,111803,101973081,215522,,,
b6460c9fece0248e,87867,78040227,216232,87840,78056590,216232
b66730a7347d7604,56586,46759988,213540,56589,46785078,213540
b66b4625da159ec6,97318,87456429,215298,97303,87477571,215298
b6b3a73374aee825,105273,95420849,216438,105256,95442325,216438
b6bf66b55fa485c1,49376,39521734,214718,49342,39546718,214718
b6c0d1d1dd685fd4,82048,72200989,216309,82017,72217132,216309
b6c5b9e2b43afe07,87927,78102065,213735,87904,78118042,213735
b6dcf1b77a7f7a2d,95031,85212689,215274,95012,85228871,215274
b6f50f3916e6bb7c,11027,1177929,215587,10990,1193734,215587
b6fd6d623483fd88,108722,98867728,207025,108708,98921933,207025
b6ff29a2636f7471,31252,21392898,211916,31208,21410594,211916
b708bbfad478c21b,49119,39264740,214862,49090,39291873,214862
b70abf31a37a22d6,63411,53580143,212717,63380,53596796,212717
b729624ea2fc791f,,,,70101,60315149,213425
b7399bee19f224f0,53911,44056979,210331,53888,44072651,210331
b759ac67813b282e,14032,4174444,216708,13990,4189459,216708
b7d59895231c072a,15165,5320575,215063,15140,5343263,215063
b7d871e11e6f3956,67775,57910515,196592,,,
b8136e0ec9879c69,19501,9651550,205421,19466,9666519,205421
b815c123c9327488,102649,92798799,212933,102617,92831451,212933
b8510b020725f183,33861,24037885,213616,33838,24054226,213616
b8b6cf4f96709ac0,34844,25019245,215042,34825,25044266,215042
b8de3c72dd7cab8d,52768,42914126,211978,52740,42930383,211978
b8ffe2e82092840b,74911,65058291,233611,74879,65084776,233611
b94a05075c3e5bd4,57799,47938798,210121,57760,47954945,210121
b95a8dc4bfa907e5,13611,3792218,214913,13613,3807352,214913
b9641bf4ffb30e0f,104331,94476940,216946,104308,94500569,216946
b9d3e41240d8b3e0,38128,28273232,213513,38109,28295592,213513
ba07f4c7e747ae5e,91574,81716751,216749,91551,81733019,216749
ba1d3bb20df62ed6,89454,79602101,213934,89430,79618395,213934
ba22ae37cb23f69a,28775,18920502,211845,28756,18938998,211845
ba72047e83acd524,106409,96558497,205676,,,
ba79c2e912d645e9,80188,70342740,232653,80156,70360792,232653
bae31caed68bd572,17220,7378579,216336,,,
bae8be3ec60aeced,15326,5475642,205064,,,
bb178cc7dfe67f98,60576,50742206,211962,60571,50757235,211962
bb1df461737e474a,92258,82434801,214376,92269,82451150,214376
bb46cfa93e6e3fc1,74251,64410951,213414,74217,64436609,213414
bb4a66d13a392520,36792,26933578,213659,36773,26956583,213659
bb80d3d0fd383278,115402,105555949,215626,,,
bb9aeac7ea8bb692,,,,81378,71588941,194319
bbbe6a6f50cafe96,65817,55955238,211007,65796,55980557,211007
bc2a91a522abad01,53025,43178536,209869,52991,43194840,209869
bc625db6549fe448,68814,58955468,213027,68802,59016572,213027
bcc96bbf4e8d4827,21828,11970881,215928,21810,11987130,215928
bcdb4857948883e5,,,,108525,98707433,206935
bd0b3aae56ae3d4f,116913,107052392,205784,116894,107072240,205784
bd17f025d105a195,94664,84816184,202824,,,
bd455bdcb5a607c3,,,,58001,48216790,212387
be3e4161e26e7fad,63474,53639251,212774,63447,53656134,212774
be4fa4376fbe4776,99207,89378837,213877,99180,89394365,213877
be615b12a9a12e20,33985,24137417,210032,33965,24153921,210032
bec20f56f336d5bb,26337,16501795,218684,26301,16517967,218684
bef215cdb2af92b9,75169,65320885,211254,,,
bf22119d2b43253d,32261,22406533,213188,32237,22423852,213188
bf2dcf32b63eec55,64994,55139874,212127,64973,55159475,212127
bf45150f55091026,77773,67919000,213037,77743,67937984,213037
bf4cf8856f740a5c,15663,5834829,204205,15639,5857798,204205
bf99edd52bfd36ed,38095,28241159,212019,38077,28262937,212019
bf9de25c77116e3b,34244,24397487,211949,34221,24413406,211949
bfa46a5b48ee9265,56282,46436632,213918,56245,46453450,213918
bfc0f07dbf98f34b,96438,86579354,241560,96421,86600033,241560
c01850f3e20042f1,101292,91435840,215780,101280,91462568,215780
c0579b4035662636,84063,74221551,215780,,,
c073632e7cf2cfae,18326,8479021,217573,18296,8495734,217573
c0a67b03510120e4,61235,51403486,209372,61203,51419521,209372
c0f16cb464e518f1,76393,66554270,211322,,,
c1021f0efc9cc8b1,75858,66003930,210989,75845,66033275,210989
c10409b8fbc922ee,47136,37280215,216572,,,
c10d58b95ddc8424,85519,75694040,215716,85500,75720368,215716
c11dd5a791ba64f5,91120,81295104,213898,91095,81312273,213898
c12a3e0b453ac050,96845,87001666,204513,96807,87017122,204513
c150c9245331857d,30377,20553845,213650,30353,20570362,213650
c18c71d1a6505dcc,30663,20808885,212834,30644,20824149,212834
c1a15a087a5e5492,69186,59353794,212733,,,
c1b72bf9937f2554,24347,14516560,217098,24322,14541397,217098
c1cf11893d98efe5,18607,8779024,214170,18578,8794805,214170
c1dc47f3530653bc,42487,32637555,213316,42449,32653765,213316
c209769abdfe9a74,42764,32934930,216661,42736,32951386,216661
c27a94dec6467820,53526,43702555,233448,53503,43720094,233448
c29c3177541f050d,70676,60823665,227451,70657,60850276,227451
c2d295585689a198,104795,94955218,216227,,,
c3454e74a2a62798,29976,20122033,213590,29951,20138483,213590
c34e67bc638cc904,10197,358402,215779,10163,374601,215779
c35180d703cd9549,28112,18258200,196556,28084,18276713,196556
c38ff7468c19e9ca,26918,17057824,214605,26899,17077035,214605
c39065f696849ffd,29622,19758073,212883,29604,19780077,212883
c3d6d0d6d271441f,30098,20259355,229152,30065,20277230,229152
c3d71635ac55c39f,79772,69914291,213791,79748,69930431,213791
c3f0fca585a582a0,28264,18426723,192377,28226,18441866,192377
c3ff3ba74f50387d,93932,84100978,215783,93901,84117948,215783
c433a5da8d5271f1,38631,28794828,213786,,,
c436b8249723f447,76365,66518567,213672,76339,66552884,213672
c4883de15289a470,101421,91566844,218072,101406,91589362,218072
c48d7be45a221210,71652,61797960,193546,,,
c4ba885ada0ed612,118560,108713034,205894,118517,108729591,205894
c4d6b05ee09625ca,27888,18036355,216142,27866,18052581,216142
c513bcf5f2a9933e,115149,105295879,215985,115127,105316072,215985
c546c760ff7177c2,113528,103697675,216080,113501,103714728,216080
c5476d9bc80e4d93,102396,92541644,215500,,,
c555017ba03e59b1,34528,24690794,214224,34492,24706852,214224
c578f1a5e84c3af5,28449,18619450,212235,28425,18635759,212235
c5867ddd2c243a73,55483,45655092,212381,55454,45670891,212381
c5ac71c7177a8efb,95359,85504679,216484,95340,85522239,216484
c5accca9deebcb7a,94441,84596093,213171,94419,84612897,213171
c67bb37d7ada5ac7,61908,52053234,195676,,,
c6ab1db407bab988,81527,71701755,194726,81500,71715276,194726
c6bb887caa9beadc,28204,18357948,196130,28171,18373599,196130
c6d79a96655e1a41,90141,80317462,215013,90117,80333386,215013
c6febab85ffc29b1,17002,7138828,213978,,,
c73bea256baf80c7,43655,33817630,214347,43622,33833699,214347
c76978cd2cb733f9,11883,2028800,204240,11862,2045974,204240
c78fcbcef765f829,11367,1538384,215761,11337,1553463,215761
c79959a6d026e093,21385,11551625,205602,21350,11566711,205602
c7bcfb4d73e9a0c1,97919,88077324,215406,97883,88092984,215406
c7f0083d2200f9f2,101324,91472433,216637,101310,91492581,216637
c8b3bc0f8c3c0b88,90050,80217765,216837,90018,80234449,216837
c8e5509a1fd16a92,102269,92416545,214966,102242,92437302,214966
c8ed487834909fc0,71153,61311357,211185,,,
c8f04cbb97df9103,89391,79535608,214072,89368,79551430,214072
c8fc128d85874ba7,21355,11516926,206219,21321,11532215,206219
c934e6895684a991,104169,94315373,213847,104149,94363749,213847
c998d0b79a1bffc4,106569,96718642,204544,,,
c99e3affe497bb15,82644,72815876,215809,82618,72836440,215809
ca02f6770a399b88,17879,8025066,204908,17860,8042439,204908
ca07d0bb6b3ba4a5,15574,5735170,204852,,,
ca4533e5bf48f535,58057,48203136,212425,,,
cb6bd38d0de89b49,106281,96426603,215708,106267,96451628,215708
cc3152e97684506f,31443,21588878,211371,31395,21604987,211371
cca247b384678262,62035,52181047,211175,62003,52197781,211175
ccacdcaa32503811,14220,4373832,215641,14172,4388954,215641
cccde50f4dee6849,68783,58928452,214500,,,
ccfb818bc0a03031,114669,104838000,204047,,,
cd059e8934d18ab5,87773,77941011,241070,87742,77959294,241070
cd0aab8d12262d25,91667,81815360,214185,91640,81831389,214185
cd0c4074521c2dca,96276,86422035,217428,96261,86441171,217428
cd7f776b2109af1e,69434,59613750,231239,69422,59642453,231239
cdb25703a87d46e7,112076,102233510,213489,112051,102265228,213489
cdc3408b81dcb107,27920,18072620,214124,27896,18090166,214124
cdcd668e3787eaf0,10256,430818,213341,10230,446307,213341
ce32e7c2a1179cc5,26430,16600559,213059,26404,16615568,213059
ce7b1e102825f544,100720,90882648,207133,,,
ced71ce12be8acd8,16550,6718529,216325,16534,6738840,216325
cef5dea16360cc6d,77642,67796030,210873,77614,67812187,210873
cef82047f1db0e37,118800,108972677,204862,118798,108988659,204862
cf4103b0189f9589,84638,74800001,216185,84607,74822358,216185
cf4710b106c419ae,67994,58139873,210092,67968,58163590,210092
cf844a2d22b37b7b,47728,37899142,215806,47705,37920777,215806
cf92bf31afbbbac7,21262,11415540,208380,,,
cfa801f2f9c431a1,35758,25932599,212537,35739,25959520,212537
cfbcd3e2341e5ee7,,,,112672,102886166,204651
cfbe1b464432cd5f,23056,13211549,216748,23028,13227473,216748
cfcb1bcbf33612dc,38476,28632279,212303,38440,28653786,212303
cff81bd4ca76123c,20021,10171018,205712,20000,10186287,205712
d02409bd7b3040e5,95454,85601861,215393,95433,85618154,215393
d037cdef8c46696c,14282,4441335,216493,14240,4456353,216493
d07fa2b78aa5d673,36390,26552856,212969,36368,26573344,212969
d0c3d60c326d8a61,30856,21001839,213395,30832,21021018,213395
d0ecc6659ea2099d,56978,47123712,212538,56931,47136903,212538
d105b77130995fcf,31664,21814483,212793,31614,21830161,212793
d10cdfdfd2d786a7,55049,45199896,213011,55027,45216653,213011
d1256096085c0821,61140,51299940,212725,61106,51316225,212725
d127250262166af7,33336,23481563,212979,33311,23498233,212979
d12f10b8fd564462,32034,22179662,221510,32012,22199593,221510
d1b09049a4ab51d8,,,,118492,108694903,205542
d1d499e83f31cc9c,90874,81031668,204799,90839,81047479,204799
d1d91a9c43c822f5,64932,55078863,212627,64913,55098193,212627
d24b0770c0104471,83535,73698325,205373,83511,73720535,205373
d24e915f31450c8a,113589,103762309,213121,113562,103778946,213121
d2788cb22ffbbffc,47549,37697408,215170,,,
d29df8328af76200,51266,41418334,217036,51246,41434443,217036
d29e797c8f9ae78d,108534,98680049,206973,,,
d29f42bbb44002ce,19858,10013911,214859,19839,10028934,214859
d2a47568203648d4,104552,94693796,206161,,,
d2ee6d53dd9f83d4,37900,28048855,212717,37883,28097731,212717
d2ef07b21917d45b,35546,25699410,211495,,,
d3175b0f2fc83f63,55935,46080704,211819,55910,46099547,211819
d364f925c96754d1,70354,60518848,211204,,,
d3804ce2a5758e05,27662,17815402,214320,27642,17831211,214320
d3b0028a3d799b3d,58243,48396669,211175,58196,48411869,211175
d3d211c22439a0a4,24762,14907510,214223,24739,14929641,214223
d42b4d496f1670fb,33044,23187020,195400,33024,23201338,195400
d4623c034d4ecc59,48530,38679457,217186,48505,38702934,217186
d46f7aa2ba646ae1,39584,29737214,211278,39543,29753089,211278
d4b6d9c66e02f9a4,110198,100343545,215215,110182,100367852,215215
d4d70a3d54557e74,43246,33401730,238710,43222,33419238,238710
d52595cba4a81a2a,51794,41935230,216767,51775,41953947,216767
d54b1581c6e08f46,63504,53675133,212220,63477,53690693,212220
d59e1bfce1ca5e40,64773,54920748,210995,64758,54939777,210995
d59f51f6501a996e,90022,80181100,216110,89989,80198272,216110
d5e0ce4d230f4a21,25387,15556739,214907,25361,15572222,214907
d611a2f9181b6858,32545,22697233,193674,32511,22712382,193674
d6401b950fbb3a48,72795,62940992,214286,72788,62967176,214286
d646ae7e343a7ebe,27536,17714151,216584,27513,17729581,216584
d6c8abccc5d3e52c,94281,84426421,213922,94263,84445417,213922
d6d6a7338d6ac1a5,49839,40014800,216210,49817,40036892,216210
d6f6a1fd2cf05007,22369,12518337,215865,22335,12534533,215865
d715a4e1fd9df3fb,40242,30396457,212401,,,
d7187431e15c7c49,105526,95678254,214418,105501,95699638,214418
d755957db65eb85d,85400,75551651,205339,85384,75572557,205339
d75818485ea2d4df,73671,63851048,212754,,,
d7ad7fb3d4ebbe46,80559,70704625,212432,80538,70722139,212432
d7d34877853a93a3,44460,34605303,216879,44434,34624075,216879
d7ddd9526030dad2,117074,107220348,216158,117051,107238303,216158
d7e1bfe4b4af31bc,76484,66661808,228393,76451,66682726,228393
d805363b0aca7a11,57041,47195748,231195,56996,47213003,231195
d810bc586a8f96f5,62559,52735336,213045,62567,52750714,213045
d87d576429a40679,96694,86840216,205562,,,
d89a319a7a204ca3,18104,8256432,216699,18082,8272925,216699
d89d259736bf4887,23026,13174871,216021,22999,13191116,216021
d8d7a5af0d882d83,101640,91798302,215427,101616,91818997,215427
d8e285947268cb9e,119538,109699785,215728,119502,109721547,215728
d8ee54bac9fcc11e,60605,50778239,213232,60603,50794815,213232
d8face381b65d54c,50976,41122137,216829,50962,41141384,216829
d93ab54fed104940,57233,47381674,214025,57189,47398845,214025
d98a5bc42ef6806c,10008,171774,215438,9970,186870,215438
d9d9a4b4e47fecb6,74655,64834510,212454,74670,64858283,212454
d9ef039f3c5f7b39,115052,105199434,216884,115033,105246904,216884
d9fc837430d98cd4,40401,30553653,210766,40373,30569617,210766
da137323b3106567,99939,90095238,215598,,,
da1a4cc923ed3512,110518,100663178,204441,110498,100711998,204441
da3db89e919f8276,11090,1238078,216503,11050,1253852,216503
da505782aa351024,117667,107837090,216235,117643,107852496,216235
da67dbf609cf5845,48866,39036281,215523,,,
da8f51fa75fb243a,43497,33656538,216951,43463,33672112,216951
daa7a9ba2c6d8b44,49657,39814977,215932,49613,39836927,215932
db4025d4abab52fa,109567,99718431,216229,109543,99738824,216229
db4d00af5c5cce0a,111526,101682000,217291,,,
db8aa1bf6a508d38,60882,51043626,229230,60860,51060942,229230
dbcc5aaffed22aa1,49247,39402981,234352,49217,39431485,234352
dbf244479e18c271,44038,34184130,214677,44020,34201391,214677
dc0692fb1e9f750b,94753,84911594,205685,94719,84926691,205685
dc85de4d00537ec3,12730,2878602,215434,12712,2895238,215434
dc970ddb30f59724,30886,21033259,213515,30860,21049382,213515
dca31e5ec8f8605e,45622,35778786,215133,45586,35795330,215133
dcafca786d6197af,87683,77841926,214361,87655,77858287,214361
dcbdce95d9c9bb9c,82398,72560127,212395,82366,72585914,212395
dccff6c93c48f943,79148,69296074,213322,79120,69312401,213322
dcfd03a736b1383b,84447,74611070,216051,,,
dd4837f76f92b565,41913,32059247,215492,41892,32077085,215492
dd5dbc444b6490fb,59387,49539324,231239,59340,49556496,231239
dd6725fdb107ef71,19825,9977633,217031,19806,9993032,217031
ddfd48a9a760e383,33584,23738916,213967,33542,23755064,213967
de0348956ac6fad8,97890,88040910,216094,97858,88057521,216094
de1ab3d41147202b,64327,54491018,213029,64292,54512262,213029
de5ee49c5bf9e5dd,93295,83450869,213138,93284,83466132,213138
de898fe1482f9d96,84510,74680223,216067,,,
deaa8f0bfde5aaa2,31813,21976595,212854,31779,21992304,212854
debed5496b35963f,32483,22638071,211280,32451,22655524,211280
def1338489d6641a,32163,22314478,215007,32141,22330529,215007
df02f3d1b8581c8d,114987,105129160,216713,,,
df2b13055105f6be,60039,50191706,212358,60001,50207768,212358
df4a48c55c8af780,9977,135352,206023,9940,150939,206023
df4d6f6a696da671,119660,109834620,216294,119646,109857560,216294
df5c671e64d393b6,18512,8678256,215299,18478,8694523,215299
df5e33ec619ddd50,39237,29383134,233497,39214,29402992,233497
df98e895f9fa76b8,104766,94918667,206524,104727,94938553,206524
dfac38a0d09c7e20,66436,56575128,211594,,,
dfb4fed0dfd0ec8b,118404,108559152,215715,118370,108575476,215715
dfd7bcb1d64a2c7a,117759,107938560,215827,117738,107954307,215827
dfe0641bec927db8,105080,95225695,214727,105065,95247800,214727
e01c33b6be045e02,,,,46387,36579477,205526
e04ad3654168a577,59295,49441393,213727,59244,49457525,213727
e053d6458fcc0889,10837,983089,216475,10808,1001262,216475
e0b723ea8c351d48,66032,56191273,212702,66001,56212478,212702
e0c0a597f5ece9f2,52051,42194291,214034,52028,42211514,214034
e1851436f164dde0,27478,17641355,215258,27444,17657162,215258
e1868b13df7412c2,51890,42038652,214141,51871,42055819,214141
e19e5c3f8d8ba5b2,106440,96593165,205662,,,
e1b22f4fec010061,106914,97075710,215090,106882,97095729,215090
e1c4821cd528de67,17944,8090232,216159,17924,8106769,216159
e1cf3b4300c095ad,38881,29027057,212606,38862,29044810,212606
e1d4b891891af52d,108340,98475674,216007,,,
e1eba8c8874a98a8,22865,13015080,218259,22842,13031324,218259
e1ff52d9439132b8,63792,53938014,210434,,,
e24504b0dfc645e5,83597,73758075,205003,83563,73781362,205003
e24d619d7b4122f0,76808,66950758,212694,76760,66975886,212694
e255df54300fd01e,61396,51564078,210982,61366,51579953,210982
e25e62fce511281b,55675,45814158,212002,55654,45833504,212002
e2624d9e91196cfc,45749,35898220,214528,45709,35915159,214528
e276fed60c7573cd,26366,16538247,215686,26338,16554131,215686
e288c74f3bf92f9f,84883,75036499,215402,,,
e2a0a028cfdd5d64,88376,78522169,215085,88348,78540693,215085
e2a5dac39578e3f1,97285,87431185,216393,97271,87449122,216393
e2fea9737f894efd,110426,100571754,151405,,,
e3012ff9eaf91393,100562,90717240,206813,,,
e320d4fcfc8456c6,97118,87295926,215271,97096,87312331,215271
e350f1744ec4d814,54320,44480214,212077,54279,44495012,212077
e3af52e51f71113e,108173,98354798,216119,108160,98379759,216119
e3bc2c8297f69ffe,67744,57889902,195987,,,
e3bfc28faecb150e,26117,16281561,241436,26089,16299546,241436
e3c9e70e81a27adf,24697,14843471,214569,24676,14865773,214569
e404a6edddeef7d9,56751,46898481,213586,56716,46914642,213586
e40655305188b080,16366,6518553,216059,16338,6538540,216059
e430328327e99f73,16241,6400005,214745,16216,6430406,214745
e453b872f05b29f9,104612,94758650,205897,104583,94796752,205897
e4601f651ec82193,112901,103041708,205889,112852,103068278,205889
e46088a7c0085dac,100091,90258780,214807,,,
e47a762b2282d7b3,60784,50936119,211218,60764,50951671,211218
e4839f333f7d974c,72891,63035231,212853,,,
e4a4bf0881ea6625,63256,53421599,211262,63221,53437558,211262
e4a9764d87cb5886,96965,87128721,215949,96929,87145239,215949
e4b3e6b074e1eaf7,29367,19537795,211711,29337,19553912,211711
e4c59ba0b41aeb6f,117422,107580787,217046,117386,107596623,217046
e4cec6b7cd7a0476,54920,45070535,212827,54901,45086133,212827
e51f323e7608b6f4,79546,69721122,211790,79520,69736843,211790
e54d8b4f89bcd707,,,,29301,19517576,210154
e55180a0b45c8267,,,,116507,106714309,203538
e5594a65e571bcab,100301,90458848,204635,,,
e5763c7f8d2435ed,105772,95937090,215776,105739,95958620,215776
e582a7d3e4265eaf,83029,73176636,214898,,,
e5bedbdc1e1e1e37,101547,91700689,215592,101528,91725692,215592
e5cd39461aff3635,63889,54034698,211156,63868,54049988,211156
e5d07aa62f80f71a,90264,80416918,214579,90243,80433688,214579
e5e297a921481294,65880,56026255,211905,,,
e5fe09dc6d7e30a4,19743,9921415,215780,19720,9936969,215780
e64ec7703bd7d5e3,,,,23215,13413514,207824
e679a29b5aa9d23d,49151,39299403,216229,,,
e6817ee14dcea9fe,93995,84159252,216269,93966,84175466,216269
e6897aac075287c9,29687,19829784,212249,29668,19846218,212249
e6a9d7ca57756179,31872,22048884,212132,31848,22064652,212132
e6c242fa9454a157,98802,88955926,216075,98775,88972042,216075
e6f9211bd8ac1442,53399,43569458,212817,53369,43585402,212817
e7381cbc63cd474a,89518,79663356,215560,89491,79681775,215560
e73957bc9448e7ef,72632,62778205,213873,72627,62802933,213873
e74285ced9260156,38601,28758680,211211,,,
e757206269446352,71875,62021591,230742,71855,62044869,230742
e78315078dd5039b,94813,84980239,205437,94780,84996656,205437
e79482941d2c482a,48274,38419849,203445,,,
e7b0f1060b6c0c3a,53340,43497421,212826,53305,43513049,212826
e7d8c98277299d13,,,,51903,42091426,215216
e81bdfd088558351,52930,43074466,211344,52899,43090389,211344
e856c6536e371bfe,47856,38018532,215875,,,
e8a91be25d4fa38d,112932,103076527,206005,112878,103097533,206005
e8c4d89a9849cc2f,55236,45394023,213703,55203,45410595,213703
e8c9128a010a4401,23655,13792865,216405,23636,13814500,216405
e8d0335ba8aeaee5,37210,27357508,214288,37184,27380527,214288
e8e03b7d95b6a306,74598,64762696,231992,74610,64804937,231992
e919fc82f95eb502,119023,109176030,215553,118991,109192362,215553
e97e61d334ec83d5,75696,65835870,212265,75686,65864592,212265
e996b429ebd47d3e,66276,56451693,213492,66254,56473114,213492
ea33ce13c083f433,44578,34730631,213423,44540,34745446,213423
ea75fabb9109e153,73640,63815071,212138,73638,63835706,212138
ea8a0cb9b9d59551,11119,1274358,214585,11076,1290672,214585
eaa889f8830f2269,12892,3037551,213245,12873,3053827,213245
eaac10fe32fa6c9b,52898,43043431,213662,52868,43061800,213662
eb21f19c4289316e,62130,52277543,210939,62089,52293425,210939
eb4f2f4377bcb529,42075,32227888,217229,42051,32244638,217229
ebce9476f737b7c8,59134,49282284,211453,59081,49298036,211453
ebefe84dbe2d0520,14912,5058500,216237,14898,5089335,216237
ebf536bb4599bb6d,68621,58766604,232750,68609,58795970,232750
ec02d177163b55bd,32292,22435993,213369,32267,22451336,213369
ec14e5ce6c9b3793,118121,108266859,213479,118100,108285889,213479
eca489a2fa0bb7d8,85710,75880453,214112,85697,75906288,214112
ed24f5498fd2cfd9,59358,49504385,213318,59306,49516360,213318
ed42ab9313a56a36,15790,5937196,207248,15770,5958765,207248
ed96f469794260da,109000,99159637,215580,108966,99181958,215580
edc13b5b43873cb3,79964,70114578,210442,79937,70130186,210442
eddb1a0a0338b8bb,18387,8552550,216303,18352,8568709,216303
ee1d76b304cb1993,73932,64074798,211695,,,
ee2783ece053bb83,49311,39462724,215106,49279,39483258,215106
ee34780ed595618e,117168,107315556,214562,117141,107331964,214562
ee40bb68ebac78c0,23490,13670453,206555,23469,13685662,206555
ee79c5699d45f75a,69529,59679816,213235,69524,59703959,213235
ee7d9ecf80675423,33398,23553328,210051,33368,23568541,210051
ee9225a8bf57e3ed,19219,9364948,216733,19199,9383638,216733
eeabcd707347442f,89264,79409695,215558,89244,79427954,215558
eeca4e4c508f9f84,69156,59317957,211715,69125,59345444,211715
eeffaf480cd713fd,16396,6554673,213794,16365,6575557,213794
ef2ca7ea67aff8dd,40930,31078973,213157,40909,31094978,213157
ef7c107140c690fb,74155,64311095,214118,74113,64331439,214118
ef9a8b727e162044,67384,57563099,233232,67366,57585207,233232
efa9587c7ac7dc89,21629,11810475,214538,21609,11825945,214538
efae34776ecf2467,20277,10442629,237383,20250,10458867,237383
eff3fdbb2d2e5d26,83868,74019661,214867,83861,74075622,214867
f020676ffb1b7de9,68364,58538508,213700,68339,58561207,213700
f035785f9c35dd73,103412,93557207,216564,,,
f065c6018491960f,64050,54199250,212216,64024,54215447,212216
f07fd42621f5c711,22994,13139926,216471,22969,13158287,216471
f0c672d524748c41,87494,77639651,213848,87473,77663887,213848
f0d903cc1d4b50d6,94908,85080568,219603,94883,85099435,219603
f0ef6804957cb42a,13773,3914179,216738,13741,3929996,216738
f10f01cc7ea17f67,90903,81066337,205109,90866,81082039,205109
f11e363b419aff9e,88567,78721813,214267,88533,78736922,214267
f15882b80b18363d,43940,34090819,215790,43922,34106990,215790
f172926caa009407,95197,85335131,215523,95181,85356027,215523
f176b2db1b5f1f76,110641,100794845,204506,110614,100828073,204506
f1998f4d56a8f40b,112401,102558673,203040,,,
f1cd22c6044bbac9,14500,4674830,214706,14473,4689727,214706
f1d39548d9c90f2c,9885,31328,205990,9856,45938,205990
f1d82bfc79d4a6ff,84417,74574552,216648,,,
f1e899be5174b991,96936,87092208,204344,96891,87107376,204344
f21127fca1922259,60752,50900387,213639,60733,50918343,213639
f23c2cb7e72d292e,118531,108678267,205580,,,
f28cb0b3e9561094,91446,81595061,214502,91427,81611305,214502
f367c425732cd481,30917,21072675,233349,30888,21089559,233349
f37268b5f23dc3a5,106886,97039404,207183,,,
f3841d0500ecf596,87745,77900219,214627,87713,77916120,214627
f3d2e4314a7d9bfc,114391,104541349,216179,114356,104558077,216179
f44892b4837fb6c4,80689,70835506,213245,80667,70851651,213245
f45ba1533901e498,37489,27660515,230930,37457,27686265,230930
f4658e750618779d,25862,16021724,215754,25841,16037291,215754
f47e29367695ef7c,108566,98711822,205540,108554,98734882,205540
f483196ac78a5040,24950,15100280,215069,24919,15120014,215069
f4a4fa1495a60fa7,115835,105981336,213835,115805,106019211,213835
f4c085197f807cb7,104641,94793292,204450,,,
f4e68f3d7f9f67d6,43150,33299648,239455,43127,33317627,239455
f54f8e0489c36d15,97733,87882727,216920,97708,87898151,216920
f56c2532ac334386,,,,32992,23173517,193530
f57371e383e45457,116945,107087305,206544,116925,107104376,206544
f593bdfe8a0b9d66,34114,24260304,212643,34094,24278897,212643
f5c9532e528d8c54,70108,60259175,213416,,,
f5cf517bf6e47505,106942,97111779,213122,,,
f615f58417ab018f,53750,43897905,210898,53729,43914611,210898
f632174dfc30a11a,116029,106179712,215043,115997,106202367,215043
f635d629069f8709,11210,1374495,215232,11173,1390195,215232
f65f79794e16209e,116190,106340151,214520,116157,106366211,214520
f694ad4b58882551,42392,32550499,215119,42357,32565250,215119
f6b00922367b0d34,65271,55441812,231834,65243,55462564,231834
f6be396827be61f7,78470,68641852,228993,78447,68658820,228993
f6f0389e2204ada6,25449,15620599,216525,25423,15636433,216525
f6f1425e88888df1,91414,81560175,215165,91397,81577914,215165
f6f8bc082a9c68a9,22487,12659082,215791,22459,12675399,215791
f726e8be41a512df,20466,10635140,215619,20435,10651674,215619
f77388b4660d0b58,110548,100697818,204756,110524,100720816,204756
f776204ad47d1da6,67837,57976733,196020,67821,58035388,196020
f78caf170eb32ee5,62161,52313485,212550,62115,52329189,212550
f79d6384bb5a83d8,64173,54330594,212364,64136,54345757,212364
f7e829702e410d16,73016,63162154,212909,73004,63183872,212909
f81736b3cdfb9a72,117138,107283936,214325,117113,107303192,214325
f8269a34c725c92b,39856,30033223,211437,39832,30048547,211437
f8282cf65c0c65d6,110671,100831286,215623,110640,100851835,215623
f888e730e284ecd5,10135,299565,217380,10101,315843,217380
f8926bf7be4dfad3,62529,52699348,211942,62534,52717167,211942
f8ce1881a2aa6687,57896,48038819,230878,57849,48055971,230878
f960d54c87ffb06d,81003,71158604,213826,80969,71175129,213826
f99a30d78d6c51b7,75794,65939480,211814,75782,65967773,211814
f9d8a306fbaad35e,91026,81195392,214920,90996,81211811,214920
f9d99d345cc07288,66912,57071528,214606,66888,57102381,214606
f9f0ed970c279311,27983,18143744,202889,27956,18160137,202889
fa044489dd0bec71,73996,64142256,213913,73957,64171580,213913
fa47f33e83a13708,92777,82914969,204859,,,
fa6be1abc55fc5de,69002,59154206,210907,68982,59179192,210907
fa899ccbf6b5ffcf,115116,105262199,214199,115096,105288871,214199
fa8d89c54479198c,40621,30778314,212195,40593,30794458,212195
faab90d162047ee1,65973,56119396,212413,,,
fad59655cc3a2930,52800,42949950,211685,52771,42965336,211685
fadea3427d2665c3,101034,91212635,214886,101017,91235902,214886
fb3c8b6210cbc0b2,31722,21878339,212544,31678,21894275,212544
fb52c9eb2bc537b6,113183,103335308,214544,113143,103357550,214544
fb776d57eac86b84,55113,45260841,229106,55089,45278898,229106
fb974caab503b787,23121,13279885,215935,23091,13296341,215935
fba2c5b962252776,61171,51336098,213663,61135,51351723,213663
fbaa55df9745887c,107004,97178778,214747,106979,97199830,214747
fbbe1cd5fca058a3,105897,96060427,217418,,,
fbdc3853c0858810,31381,21526439,212790,31329,21545550,212790
fc0950e995a9d38d,55513,45690959,212062,55490,45706450,212062
fc35069afbfd791f,,,,71638,61821436,193508
fc4a50b2354ab358,93776,83935996,215789,93744,83952321,215789
fc52376a1cdd1801,,,,110407,100593193,151367
fc7ff075bea09077,69032,59190044,212028,69009,59214872,212028
fc88b6d54721bf29,76142,66298884,212607,,,
fcb6e0405dc8ae3d,46118,36263942,214520,,,
fd0ab0d58ac4752d,39764,29934556,211721,39735,29950477,211721
fd1c10f71f072882,85459,75621088,205776,,,
fd3257e6f2321f3e,53879,44021425,234021,53857,44039196,234021
fdad185daa216482,73265,63419356,212158,73239,63443214,212158
fdc90ae5b15c2293,94378,84523624,216449,94358,84543390,216449
fdf92212649e6501,101793,91959814,215303,101762,91981973,215303
fe02519359547060,114330,104480825,215280,114299,104498257,215280
fe32af9459fbb353,95800,85961413,241793,95764,85979681,241793
fe58f9c7374c6305,55143,45296601,211356,55116,45312667,211356
fe6d9b2c7b35c1e3,38446,28596399,211042,38413,28619266,211042
fe993a52a0a6e1bf,75663,65808919,212800,75654,65835413,212800
ff09c4b18f8067ef,99655,89800427,216737,99632,89821252,216737
ff180f29641bcf78,72859,62999249,213647,72851,63028093,213647
ff1d9f380e541ec3,92039,82211925,214662,92011,82227675,214662
ff516a43441b3440,48620,38775577,217116,48588,38802536,217116
ff57925fe2f3674e,24886,15040190,213399,24858,15059664,213399
ff601b9fe7081702,91284,81429935,214671,91268,81447654,214671
ffcfb66fd3061101,92290,82471365,216257,92301,82487777,216257
ffd1f5a8ee8da5fe,81854,72002258,213020,81826,72018162,213020
ffe82dd341eebcae,38660,28831091,214638,38629,28856263,214638
ffeab5e1cdb8ac15,36485,26637644,212670,36459,26660359,212670
ffefda72bb159a4d,116564,106732926,206448,116536,106749591,206448
fff8a93f3f201d54,91317,81456380,215026,91300,81476054,215026
