content_hash,rtsp-0_pts_ms,rtsp-0_arrival_us,rtsp-0_bytes,webrtc-0_pts_ms,webrtc-0_arrival_us,webrtc-0_bytes
0000ae63b66dd429,37243,27400510,340121,,,
0003d136c1fbcca4,18327,8455008,99155,18209,8471275,99155
000aeb7a894dcde7,46654,36774283,138184,46500,36784807,138184
0044a03b455896ba,37289,27417635,103031,,,
004edd434a5bbbc0,79027,69228056,357419,78882,69265175,357459
004f2cc6a3b58946,10036,114526,128584,9926,155674,128584
005c57662910f86a,35409,25499083,128594,35300,25528393,128594
0061d4a44dfef79a,61306,51417469,155111,61164,51432074,155111
00663fd8ab8d0af7,77221,67316207,132163,,,
007074f63395260e,21029,11114027,139436,20871,11148912,139436
007cda94fd8f9546,30354,20443728,130420,30261,20550030,130509
007dde61c5e01ea9,11825,1952633,130176,11672,1962957,130176
008e69564f2cbef4,19498,9614471,140934,19349,9629573,140934
0099c9827cae02f3,80410,70518284,138201,80264,70530766,138201
00b52aa5cde3f419,110575,100678221,138180,110437,100694708,138180
00d1a11acb4869f9,95567,85655567,141870,95459,85687468,141870
00dc0844f92cb253,89391,79492337,138026,,,
00e203abbab2b2d8,62337,52438509,130524,,,
00f3c67a5eabf8f0,92856,82975021,138465,92706,82985835,138465
0109d2567e0c972a,24838,14917993,138249,24717,14958392,138249
010c853daea658ae,114918,105015546,137137,114782,105037756,137137
013716abd79ef2f3,63015,53138049,137864,62872,53160797,137864
01377f6413d0f451,105816,95916912,129841,105675,95937467,129841
013994816c017e25,24015,14136535,129080,23868,14145706,129080
013c57ae282e0a8a,73003,63113772,133123,72862,63125368,133123
0144254bddc16b48,104284,94353405,128389,,,
015cfc5cdeb4f721,100242,90340976,153728,100097,90362556,153728
016490db9b5adabb,57903,48018313,138767,57748,48028471,138767
0164e56591147555,24201,14297655,138846,24058,14321993,138846
0168eae09f336d25,116215,106318531,137134,116068,106333979,137134
0171b7e9fc8ec294,59280,49394675,139577,59114,49404496,139577
0182fd1519e6402d,70120,60253389,131769,69972,60268992,131769
019b30585bbe9e0f,22499,12596633,115204,22394,12617572,115204
01a9da9098fb3cff,37500,27572864,130019,37405,27623353,130019
01aa75bf61c9c399,64587,54673219,130718,64482,54707430,130718
01bb4453f9d10d1b,93670,83755755,140035,93555,83790401,140035
01c74136d30434b5,75829,65953680,131542,75681,65964781,131542
01df766f341f79e7,10595,677593,93925,10484,712596,93925
01ee599fdd57ad4f,53707,43814601,138184,53576,43828538,138184
020189be10d2fb2d,51308,41394865,129927,51202,41441377,129927
0206b6ee1f556fec,71084,61193932,132937,70946,61207379,132937
021414ac7b1caa0a,23954,14072655,130323,23792,14082343,130323
021897569b9e2dcd,79822,69933351,129948,79680,69947191,129948
02198c9895fec94e,33043,23174179,137999,32895,23184298,137999
021c984876ee53f2,90904,81017492,140885,90754,81030913,140885
022ed9805100805c,35088,25194184,137946,34942,25207999,137946
0245f8e86954a9c4,40015,30117031,141633,39869,30135517,141633
025ac71cb6892554,114644,104715410,128525,114533,104763732,128525
02801ec80e3bcecf,57964,48077574,137784,57806,48087452,137784
02944968ab32ccc6,19745,9873799,137099,19594,9885005,137099
0294510daf2e0cac,16113,6214079,139009,15969,6232749,139009
02bc771387340fce,27201,17297243,138992,27058,17347007,138992
02c2d0be8cd4b5ee,113041,103135258,137472,112907,103160321,137472
02d447ed9d948c3d,99645,89715027,127035,99536,89764755,127035
02f8efbf774342cd,65663,55777935,138860,65510,55799541,138860
03017fac8384ab52,23861,13972898,130986,23702,13983089,130986
030387a2183030b7,109641,99775044,137918,109498,99791209,137918
0310d16651ef3a76,25564,15673972,138023,25418,15685978,138023
03157ebca1f66fc8,71856,61975078,140386,71703,61986936,140386
035c4aa6ff271c53,96518,86635213,138979,96369,86645224,138979
035dcdcb61cb350d,36426,26534058,137648,36283,26548933,137648
036cf470891afd69,46208,36314048,136861,46063,36328369,136861
036f8793a3124997,46808,36934284,137365,46661,36945789,137365
037dc416b97ebfe7,31560,21673790,136464,31413,21685047,136464
038c0e6bb492ecb5,25783,15897188,137725,25628,15909470,137725
039b78b95c77a57a,57873,47994896,139483,57719,48005099,139483
03a3261680b7efce,62779,52881026,138457,62662,52904906,138457
03ac4d77d35a8a40,106277,96335059,128329,106191,96451008,128329
03b68ad9cf02e210,71055,61153728,133607,70921,61180028,133607
03d8632e3949da70,83791,73914712,137479,,,
03dc277b231fab93,19305,9413869,137535,19160,9424878,137535
03e6e7da65516569,16210,6313906,138112,16065,6329648,138112
0400a8de074624e5,82927,73034823,138079,82783,73050902,138079
0403eb7db0b32e35,119252,109358584,157283,119107,109373029,157283
0432d76e8221bdc2,84353,74458253,138385,84204,74474679,138385
045096e24eb34ecf,87729,77854992,138463,87577,77866336,138463
0474a5454348cf26,111469,101595095,137652,111321,101605082,137652
04be8f00c03ada41,106957,97058164,137460,106817,97079744,137460
04d3e1eba0d1044d,69521,59634798,139215,,,
04dae0cd31e1d5e7,108248,98333475,128452,108147,98375394,128452
04f224a6d373dbf7,14005,4134446,141069,13855,4145712,141069
0501f8e9093ade22,35250,25354922,140230,35103,25369437,140230
050cef4850396f3d,35055,25157245,138225,34909,25174254,138225
053885d6d20f27c0,72914,63025172,133079,72784,63036694,133079
054cb4e5d6725e06,109891,99995018,136661,109751,100040541,136661
056461c10fc274aa,109859,99958534,138216,,,
05703102b72ebf75,64914,55034334,137151,64777,55047997,137151
0573df564ffb0970,49291,39380627,130005,49186,39413873,130005
0589a380886683f8,56706,46748696,129374,56626,46826203,129374
0590a2edff0769b9,98379,88495279,138567,98235,88505267,138567
05961fa7223ab7ae,16964,7057123,138382,16826,7084056,138382
05a929d0639a18db,86805,76914793,138064,86662,76928747,138064
05af3537bb608fd2,58403,48518220,127566,58282,48527916,127566
05c8a40feb536e91,46777,36897523,138613,46630,36910046,138613
060492e71250224d,60969,51077862,137292,60843,51131924,137292
064d2640993831b3,56455,46591606,102262,56385,46602242,102262
065a7e8a3ba3af9a,102862,92955130,137585,102734,92984895,137585
066e9a093062fc50,51774,41894269,137647,51636,41908689,137647
0683f320e056730b,118544,108635594,140026,118422,108664044,140026
0693432642e32538,108405,98495526,139573,108295,98530663,139573
069d582e9ce796e2,110240,100315132,127727,110132,100359250,127727
06c55c90db75c2ea,97143,87255248,138399,96997,87265487,138399
06c643a454fb6828,107465,97578099,136774,,,
06e6429c422c3815,99968,90078413,138189,99818,90088776,138189
06ea267dc898fd28,21719,11833405,133815,21571,11843504,133815
074d6dec5d1a5e04,90747,80854599,136601,90601,80868375,136601
0769d4cb2da35a7e,75456,65559105,140930,75314,65578755,140930
07748cbb63b0a384,113737,103838260,137209,113591,103856841,137209
0778d644600bc84f,25469,15574429,139482,25323,15590243,139482
077b4efc5d44223e,67986,58095049,138642,67840,58107414,138642
07812f4d3b3b512c,36804,26917651,139228,36645,26930043,139228
07844161fcfdf79b,68261,58393710,132295,68115,58407129,132295
07a0b6e39d6e57fd,32122,22234133,137198,31980,22250027,137198
07c22890c80b932f,72602,62693876,133056,72494,62724904,133056
07c8e6c7a88eb780,59154,49257838,138308,58994,49273782,138308
080cc6ea44b6543f,71764,61878030,143966,71615,61890281,143966
080e06b3048e21fb,65101,55233247,129711,64955,55244825,129711
084e3a9d01a7d88e,98757,88874938,138182,98600,88884911,138182
0851121bacaa323f,104768,94875134,138339,104639,94889364,138339
0857894ac63c78d2,93825,83918076,136886,93699,83944902,136886
08600f148e89fc1f,11082,1194252,140666,10935,1205335,140666
0866e84d84e85f44,35000,25133857,136331,34853,25143363,136331
089928cf6e8fc58f,63581,53694499,137507,63434,53706886,137507
08a334a80b832d06,102472,92511793,129143,102397,92628357,129143
08a9b93f572960f3,69127,59233882,133768,68990,59248999,133768
08c0a42ce2afc9af,68016,58135075,140335,67869,58150042,140335
08c8b01fc63574d6,30066,20174107,137948,29924,20187434,137948
08f49a9009a39831,28269,18419659,336930,28158,18455946,336970
08f7c52782965bea,38382,28494309,138965,38237,28504266,138965
0923f62e9b5f1a3a,42451,32556371,128018,42300,32570071,128018
092b66684a6f365d,75423,65535250,142088,75283,65550524,142088
09421a6cb7daf13f,80186,70297374,151700,80045,70314194,151700
097bea63e7766e7b,41334,31414414,128935,41224,31452619,128935
0982f78afcec3225,39536,29632712,129174,39411,29655134,129174
0993465bba320f1a,14513,4602749,130740,14410,4632699,130740
099612f389570f28,10530,641938,56619,10420,663323,56619
09aead6778b1cc2b,114484,104563707,128283,114378,104603647,128283
09b87a0cb34e2562,74531,64613671,132540,74427,64654778,132540
09ba526700e7a4d6,23705,13812896,131247,23553,13824327,131247
09d129a748cc093a,55426,45514413,138015,55326,45559946,138015
09d30d7a9262bedc,47059,37157566,137504,46916,37182247,137504
09dd256e4d235942,61274,51377925,137198,61132,51395802,137198
09e1663ff44e365c,65220,55321135,155719,65074,55344088,155719
09fadf33b0684d91,63140,53274424,138324,62997,53288796,138324
0a0f3f7f7b18c58d,44260,34394279,138366,44114,34406376,138366
0a2397c62f80fd32,62053,52157640,136504,,,
0a39d881cc689201,65969,56075246,141942,65827,56090531,141942
0a734a2491b60a49,90198,80297938,137388,90058,80320842,137388
0a785eb89a12e780,114109,104235242,137739,113958,104244808,137739
0a80a27096de2de2,73503,63618954,162491,73361,63636088,162491
0a8ddad230722ec1,53467,43552755,128829,53362,43587781,128829
0aaa318aa938d4a8,19120,9253922,137571,18973,9263508,137571
0ab6075154c85522,43010,33119635,138897,42863,33129781,138897
0abbe9356c2c1ce7,24620,14692826,130671,24514,14739968,130671
0ac3ab2440c885e6,109697,99798469,138517,109558,99820076,138517
0ace92b52e9ad590,24897,14992713,129941,24770,15016870,129941
0adc523e78e087c8,72884,62994196,134212,72757,63006070,134212
0af91aaba830a96a,71639,61753449,131600,,,
0b1dae0ffef2cc85,63549,53657703,137619,63404,53670865,137619
0b56b9ab85275280,61623,51734553,138233,61473,51746726,138233
0b577482d01f9d64,24266,14373986,138127,24122,14386858,138127
0b619e8952f46c53,66325,56403308,132281,,,
0b70e9279a698e08,96582,86694952,138228,96431,86705848,138228
0b75eca46f6c1a31,99034,89135109,135640,98889,89154302,135640
0b8e4fa083306b57,48860,38994738,140660,,,
0b9749f82df2811a,76980,67094037,134380,76841,67105946,134380
0ba15a686b7c6db7,101086,91195231,138972,100942,91206591,138972
0bc477e5c1d5e38e,35571,25652607,128595,35458,25689294,128595
0bcc20e616c11ec8,38510,28617771,139014,38361,28629790,139014
0bd3caf7478779a7,53765,43878095,137438,53626,43890013,137438
0bda956c41cdc339,43499,33575203,111572,43410,33699260,111572
0be8743ebe0f09bb,43199,33299024,131190,,,
0c155cd2d91174f1,107742,97835516,130015,107602,97865905,130015
0c337f45f63887af,47651,37754375,138487,47534,37776258,138487
0c41f6b821fcc0aa,85771,75898381,139318,85622,75910621,139318
0c53384266715bdc,104739,94838303,138259,104616,94883535,138259
0c67650e0eb3760d,37627,27713106,130771,37524,27747579,130771
0c813c40cad0a48e,29724,19854347,138465,,,
0c8b4d0c6f0da675,101055,91158794,138905,100910,91174718,138905
0cecc4c160c30251,118762,108858481,137806,118625,108881773,137806
0cfbebee6626f247,40828,30934475,139773,40684,30948483,139773
0d0c797d28875faa,50056,40157419,137349,49914,40178126,137349
0d1538efaad41f88,104595,94675091,127824,,,
0d206f4a7f4d3da8,52108,42214471,138259,51968,42230122,138259
0d696a64b4073845,10995,1092308,127851,10857,1113961,127851
0d8044bd0aafc178,23512,13618205,139004,23365,13631374,139004
0d8e22cc47ae5af6,65003,55134429,137691,64855,55146826,137691
0d902a2f6c70e3e0,39659,29765589,137957,39528,29779294,137957
0da3c3dc3be431ac,64555,54635321,129896,64453,54677707,129896
0da904e730deb5f3,99765,89855256,138342,99642,89884571,138342
0db96d59677e269e,103438,93546130,137694,103299,93561103,137694
0dbc0470a35992ff,39566,29654514,128982,39441,29685719,128982
0dd9251937f683ee,16877,6974600,140622,16749,6996864,140622
0dec057f37bfe0b6,98412,88518690,138259,98267,88531508,138259
0e118856abb3ea91,55812,45935034,141564,55670,45947488,141564
0e1be010e1f7c1e7,58026,48154532,138616,57874,48164909,138616
0e1f5b086b7f5c2e,100806,90935112,138610,100658,90945444,138610
0e36274a4fc5f1ce,42636,32757502,143021,42485,32767470,143021
0e44e679d991e769,115989,106095139,137939,115845,106108210,137939
0e856f9efeafd322,97592,87675420,140256,97488,87712078,140256
0e9c71acdd657276,61593,51697652,138023,61444,51714929,138023
0ebafdb61673f2cb,61746,51874574,137255,61595,51887011,137255
0ec6430bdfeeb303,49970,40094321,137466,49822,40106310,137466
0eca38dbf63a826b,87670,77795138,140089,87524,77811709,140089
0ed097aed56e7a66,115747,105875362,137799,115595,105886041,137799
0ee8b05e30457176,15773,5893802,137304,15619,5904905,137304
0f1273e885e4f378,79523,69573300,129753,79402,69644783,129753
0f164f05293d4c52,88417,78538122,138195,88270,78549258,138195
0f4d124274c0e222,10497,632486,331118,10387,658614,331158
0f652ea8da53cd48,112786,102835354,139101,112692,102906422,139101
0f7343a111e0cf58,49909,40034273,137248,,,
0f82a5834ff020c3,26870,16974642,138597,26739,16992511,138597
0f8ebc2b5de11016,89775,79814479,129425,89696,79897953,129425
0f985b66bae44c20,20406,10488604,132152,20292,10526324,132152
0fa404ddf0f72005,31530,21644660,137197,31383,21672783,137197
0fa5f7977e57d621,61089,51214604,137844,60942,51227903,137844
0fad417d0e549f22,46089,36214718,139868,45934,36225033,139868
0fb8e7356cff9671,70850,60933483,131970,70743,60975237,131970
0fd2157659044e37,18197,8297251,138664,18051,8317237,138664
0fe7505babdf75de,34308,24413802,136132,34164,24428108,136132
101ff5122e33c0e3,116604,106678032,137417,116498,106723437,137417
10218329060d5c16,12711,2792080,127443,12604,2830288,127443
1061a225ada513e3,21056,11137267,137731,20896,11176436,137731
107a8322fb9e8d3f,95934,86038275,137908,95796,86053188,137908
10898e7ed9a892dc,72166,62275110,140744,72026,62292069,140744
10a04bd7f78e141a,68640,58713491,131575,68546,58763953,131575
10a0ea51f8a5d077,25905,16034055,138200,25760,16048956,138200
10a8a45e89b75c03,109424,99538276,136151,109275,99550357,136151
10d468f4449265b2,29633,19753986,138163,29481,19768535,138163
10e2ec263fdcd7d3,55783,45898176,139690,55646,45910040,139690
10edc4dcb10c5963,67670,57773660,132838,,,
10efe6cd756d381d,104317,94393657,128567,104232,94521545,128567
10f3e9964736a70f,62897,53014352,137500,62767,53032005,137500
10f50c945e153ab5,22597,12672584,129777,22491,12716536,129777
1101bf621d620a7d,90997,81115030,138587,90842,81127901,138587
111237fc979cd344,69995,60113873,133087,69841,60125793,133087
111ec5ce69e70a49,104654,94755714,140755,104540,94806624,140755
113ac6a962f4bd58,109795,99898375,138386,109656,99917909,138386
113d8a9ffed6f0cd,105606,95715485,129590,105457,95727466,129590
113ddda6de684247,39690,29792569,128941,39556,29809771,128941
1143771178b8b5cb,120000,110098347,138028,,,
11760e4e01ac5f25,40614,30735707,142375,40456,30746256,142375
1178837616480b84,24776,14857889,140104,24661,14896881,140104
1182b866db4776ef,84716,74818406,138486,84577,74839060,138486
11b268718f1bbdd9,101983,92098357,136988,101830,92111013,136988
11b9a9d0d3149e44,111346,101458010,136835,111191,101467726,136835
11d30c1747f7b098,41149,31302380,352083,41036,31330072,352123
1207bf2fe8e455d4,22818,12895167,132038,22701,12937154,132038
126bbb93099512c8,56643,46700794,129053,56568,46762611,129053
1293654124d7e543,35934,26037286,137704,35790,26054213,137704
12aaf3510ddc6d4b,44826,34936427,140733,,,
12ab9f0cb34b76a1,119122,109218824,139117,118978,109242093,139117
12cee970ebb725cf,119316,109418821,138686,119169,109436189,138686
12f01534d0e68142,72391,62519439,105934,72285,62558054,105934
12f69c94969f6baa,41617,31712669,128530,41493,31736645,128530
1302877bf40933fa,34660,24772867,130191,34510,24782898,130191
1306fdcba177a673,45826,35914684,129311,45695,35946451,129311
1311cbe6cdf085df,98097,88218114,137197,97947,88228241,137197
13634b6f25a191a5,33747,23760959,128330,33661,23866267,128330
1363750dd5d7e65d,35665,25752664,129114,35547,25784327,129114
13ad161e62e9cb49,100837,90958420,137659,100689,90968706,137659
13bd36c85becad1a,49760,39874147,137550,49633,39890015,137550
13ed02d9f5f1d2db,23893,14012602,130392,23732,14022861,130392
13f39c0e4eb97620,67924,58034795,139647,67782,58049540,139647
13f81438b5a0df0e,39503,29592878,130524,39381,29622870,130524
144198c30aa9cb09,34054,24154063,138048,33902,24174418,138048
144af683af48b72d,82428,72538222,138798,82276,72549924,138798
147da968d5816357,90934,81055005,138648,90783,81069348,138648
149cb2c3565d551a,20373,10463830,129837,20259,10493283,129837
14afabc75cfdd699,76494,66573838,132958,76405,66618873,132958
14b59ebea040c0af,80596,70713156,129009,80441,70723693,129009
14c6086e6ee0e110,75326,65438549,161344,75187,65453041,161344
14e398d4b5612de5,39033,29137844,139405,38889,29153041,139405
14eaa42785d13106,59372,49494265,136425,59213,49504093,136425
14ef4f6d3c174c0b,77155,67256468,132997,77015,67277990,132997
151edab4218a82a6,13163,3275684,128228,13012,3284991,128228
15254e5311d3521b,41768,31877591,138448,41628,31888776,138448
1538d5296f206e5d,78967,69076947,137789,78827,69115867,137789
15412e7660075eb5,59525,49654397,137939,59374,49664478,137939
1568afd970fc82d5,104087,94249801,390986,103992,94292764,391026
15740d2d15675656,11640,1753980,139301,11490,1764095,139301
159228ac986a8895,26718,16813962,137834,26600,16841047,137834
15c346962157a973,9848,0,336216,9735,28502,336256
15c3a20f921321ef,66066,56175250,142288,,,
15c56756e71ebc7a,67156,57255342,142515,66996,57285582,142515
15d136f06808a62f,51562,41657641,137162,51445,41695379,137162
15e7e4d0420a796e,55300,45376414,139729,,,
15ed09fa767b3443,74316,64462183,350685,74205,64503035,350725
15f8dd8421760204,29446,19554263,138817,29300,19567021,138817
1602bc62583335cf,77694,67815109,140623,,,
160c88c9e16fc8ef,87849,77954842,137921,87707,77971173,137921
162ea43293724d9e,89421,79526931,136615,89287,79576679,136615
164f35aa6557b4aa,96644,86754759,136946,96490,86764142,136946
167892c8591a1eee,87461,77558127,137850,87338,77585422,137850
167bc11ab45f7c42,110079,100166155,130800,109975,100199051,130800
1686e7efd035410a,91209,81314696,137311,91067,81333669,137311
168ce93f1e6bbc8d,86214,76318315,137722,86068,76337049,137722
168fde482aae8bcc,59966,50074531,138264,59822,50088535,138264
169625ea56b51d0b,110366,100454995,136901,110251,100485491,136901
169a6b3829d85caf,19402,9512474,130016,19255,9521597,130016
169f5069ff039384,31274,21383205,155135,31131,21396502,155135
174f5ab45a9988ed,119283,109395377,137620,119137,109405518,137620
1750c34c204e7002,61988,52094709,139108,61847,52110432,139108
175c2bd04132c6ab,118075,108178201,137579,117930,108194623,137579
1760573e8d8a900f,109074,99183130,152776,108933,99196784,152776
1764654d2a64168b,87019,77116531,111939,86914,77204199,112028
178535f6ac4698a0,29100,19234128,137220,28954,19246333,137220
1793d86f1b37441f,106098,96225690,98743,106015,96258042,98743
179db123e00b16aa,98633,88755073,137707,98483,88765171,137707
17c238909e45e8ab,29286,19397237,157068,29142,19411229,157068
17db19b6a663f87b,101573,91653210,128029,101471,91693708,128029
17e7c7834f6785da,18819,8917068,137757,18683,8938764,137757
17effbf3852ceacf,22628,12712687,130527,22522,12747440,130527
17fb47c70532dff4,44543,34654176,137714,44399,34667853,137714
17ff20dd92d609d9,50000,40134172,137769,49855,40146925,137769
180153c823ba51f9,57134,47235288,140442,56988,47254331,140442
1829d32810168066,41269,31356672,130745,41160,31388258,130745
182d3ceff8b2a2e9,108647,98754972,137654,108512,98767982,137654
183228585ca03f35,107557,97679074,138351,107412,97691092,138351
184d829afb307142,49700,39797414,137508,49581,39870468,137508
1865eff554ae423a,89897,79935535,129194,,,
186b0c4101188889,93477,83566459,130028,93366,83596093,130028
187557b898c4b997,69747,59853697,132228,69603,59868457,132228
18763d63203d4cdc,20249,10398886,332961,20131,10424518,333001
1887a11fdea74035,68862,58936098,133296,68759,59021800,133296
188a17a86dbed66b,25436,15537610,139480,25291,15559473,139480
18a35089b974fa33,67073,57153594,132589,66917,57196139,132589
18a45ad8b998fac3,74401,64499545,118085,74299,64524295,118085
18af166b29bb78f2,81600,71694716,137720,81442,71732976,137720
18ceeb331618174f,38286,28397629,158171,38142,28409338,158171
18d351411b6ffb30,50534,40654382,138418,50384,40668786,138418
18dd3972282266d2,54037,44137726,137273,53896,44159985,137273
19258960b61d2dd7,57717,47817673,137922,57568,47836999,137922
192d922c31acc0ff,60154,50274285,136884,,,
193c3076bd661084,48549,38657561,137349,48405,38671846,137349
195876bff8229838,12836,2914381,129211,12721,2955660,129211
195efe6df29099f5,95785,85875217,137518,95663,85905482,137518
196b2ddea3b766cc,29936,20037468,137614,29795,20059252,137614
19935d513b63f63a,18409,8495986,130874,18290,8528567,130874
1998c8277398f99a,89046,79133744,130022,88919,79166595,130022
19b962925a9abd8b,85562,75675035,139412,85433,75688434,139412
19d12cfe80278986,34598,24713051,130723,34450,24723052,130723
19dfa9b90644e27f,88201,78314942,138520,88054,78331840,138520
19fa0de4899a33d1,10847,932166,128575,10724,966044,128575
1a1c734a045299d0,43467,33556307,117780,,,
1a1ff69b8fc09fe4,115530,105635558,137751,115382,105649467,137751
1a235f0804a2b5f2,107054,97161627,156663,106914,97176445,156663
1a23a42a5a3b6052,101416,91493844,129479,101321,91610345,129479
1a3221d21bc0f93f,78068,68174955,139891,77926,68190329,139891
1a579ef7e353eb71,41236,31334584,116076,41128,31354030,116076
1a6a8ae1f3e1f6d2,100529,90635264,137266,100380,90649076,137266
1a7d9f377020fa51,102622,92657447,140582,102533,92798241,140582
1aa6d04a57d8d06b,74089,64195110,140274,73950,64210410,140274
1ac00e6f9653de0e,44639,34754314,138142,44492,34767327,138142
1ac3f1cb71fdea83,54452,44558254,139066,54300,44574934,139066
1ac95dc144eb46cb,84475,74594710,137302,84321,74606042,137302
1ad4b7ccade85891,38540,28654289,138581,38391,28664337,138581
1ade81a50c08cd49,35757,25852595,128049,35632,25876913,128049
1ae28fdf96297d43,18848,8953858,137554,18709,8967745,137554
1b04cb5d43b264aa,115435,105540930,136859,115290,105555156,136859
1b16d668168a67ae,117550,107658542,137983,117401,107669129,137983
1b16e5bea24b24e2,58961,49058366,139485,58817,49081072,139485
1b1ab6408400d1c5,106670,96773408,128212,106541,96794901,128212
1b2495b6d40f7e0a,31026,21153976,137623,30879,21166698,137623
1b461432a71c49ec,65601,55714556,138412,65445,55726445,138412
1b5ee6d93d71a9d1,19560,9673870,137806,19409,9684273,137806
1b7a13d0385f4cc9,67702,57796191,133222,67567,57855620,133222
1b7af4ef3ef6555e,75582,65695136,140434,75436,65707633,140434
1b85c8e329fd4109,30791,20894208,138278,,,
1bb92d5f4322a581,19684,9797360,138207,19528,9807652,138207
1bcaa8cc7b31f4ac,99425,89493490,128497,99328,89544387,128497
1bd14727ec3bf7ff,59434,49554393,137966,59277,49565115,137966
1bd9f7fd116e60a5,73471,63574950,139836,73330,63593624,139836
1c2b547ba8e0447e,53130,43257602,100654,,,
1c3c908e53f93be4,81953,72075197,129224,81810,72086079,129224
1c4ca206169bb66d,42665,32790209,114757,42515,32799050,114757
1c60b407f3eddb48,74782,64874241,132371,74663,64905017,132371
1c6f02e422a4fcb7,69934,60053651,132507,69783,60066571,132507
1c9160f7eeb5b49d,99278,89405470,96866,99183,89427818,96866
1cc98a480c2a23b6,27674,17794043,138141,27527,17806175,138141
1ccba0e366e24f07,81029,71135656,130073,,,
1cd60bcfc6e4a769,109009,99117794,153590,108868,99132851,153590
1d03966a66748ce9,34159,24277364,138668,34003,24287766,138668
1d0a6c271a85fbf5,22564,12640912,130845,22459,12684122,130845
1d10106d6cab22b5,93574,83655201,129258,93462,83693358,129258
1d17ede00ad9ce4a,105356,95456905,126969,,,
1d39c759cd6ec73b,57395,47500964,156679,57250,47516063,156679
1d3bce227a797115,113478,103579006,129320,113335,103597593,129320
1d3bd7509057606a,76682,66773748,132670,76581,66805152,132670
1d52b45181ea9a70,10289,384354,136861,10166,409237,136861
1d57b88168462401,88294,78414618,136362,88144,78427750,136362
1d5c3e2459207067,74842,64936080,132476,74720,65009482,132476
1d60aef405777aab,113926,104038643,137803,113773,104049230,137803
1d9619926055a3b1,64111,54212857,127719,63968,54257394,127719
1da096d401923958,61120,51254328,137301,60976,51267983,137301
1db7758f042db380,71480,61578168,137882,71339,61602857,137882
1db843fb59ddefef,22997,13095174,143911,22862,13117911,143911
1ded073f233a3dbd,80089,70194518,136611,79948,70209606,136611
1e01d2979fab8e00,95694,85778528,136926,95579,85814253,136926
1e1b8e578e7549d3,75706,65818217,138866,75555,65830291,138866
1e4b9d16b90ff501,22402,12559403,338570,22293,12587056,338610
1e4c6a6272891449,100776,90898417,137940,100628,90908694,137940
1e6bfb31d6050f31,96736,86854938,137582,96579,86865166,137582
1e6c885e08699387,87149,77233374,128404,87042,77274310,128404
1e6e72c6c733bfbf,63326,53434741,139693,63185,53449030,139693
1e81e92ece60d857,15521,5633588,136725,15376,5643793,136725
1ea3a90164484b4d,43658,33694358,128702,43553,33794387,128702
1eae807d87682928,99489,89555150,128131,99390,89608676,128131
1eba4db5674e528c,77785,67914996,139834,77637,67929230,139834
1ec8a4bbeb2d2be7,104682,94778749,136414,,,
1ecdb448e95f1be1,80347,70454787,138158,80202,70467926,138158
1ef18cd6c6bea9c5,80997,71113701,130093,,,
1efd3c3a3b5ca449,51744,41854459,137680,51610,41873728,137680
1efecc371c7d4a8b,70272,60378252,141947,70123,60394866,141947
1f08596953eb26e8,54697,44816489,138985,54553,44828956,138985
1f2de19ef7d993d4,47155,37257447,136966,47011,37277902,136966
1f41d7da64e4768b,53649,43754282,137962,53526,43772263,137962
1f43d62b141da8be,66838,56890462,133029,66709,56974191,133029
1f468aff0e30f2c4,67481,57618571,160351,67342,57634841,160351
1f49bdbe14f5cfde,85802,75934966,139234,85656,75949009,139234
1f50828f6ff3c57e,40522,30635141,130848,40366,30644886,130848
1f5c17cfa2bbb30c,92917,83038027,138276,92764,83047922,138276
1f7d1080fa314d7d,58307,48414408,138401,58161,48426589,138401
1f7f56f2fd8f7d2a,13133,3253994,138651,12985,3263967,138651
1f96d2b5f23233cb,83646,73755042,138379,83521,73787647,138379
1fe0093c990168e1,71887,62015052,140475,71737,62029444,140475
1fed01dbda3ea9c4,33466,23577215,76371,33411,23584283,76331
1fef0e4cc75b3677,42815,32915036,130329,42669,32934691,130329
1ff562fbc9923283,64708,54798267,137675,,,
1ffa96020645bbb1,117796,107918579,137666,117648,107928822,137666
20074544d6a8ff7b,27298,17397566,138780,27154,17420886,138780
203a0f9176fa7772,40706,30834644,140017,40557,30844825,140017
203b58b2ad3ad4e6,96229,86335057,138387,96083,86348065,138387
2064b86598452375,17050,7156433,141031,16902,7170239,141031
2073c090e119f198,23083,13194566,141484,22938,13205038,141484
2090b73057477873,112534,102636019,111902,112455,102652086,111902
2091940fbc582727,25404,15514088,138278,25260,15528359,138278
20ae675503ccc9bb,73630,63733781,132426,73485,63751291,132426
20bc97844275acfb,35963,26074021,137551,35816,26084457,137551
20e6ab4df96907f9,83821,73938068,138488,,,
20fa6a4f56fe2487,27766,17893959,138176,,,
20ff617b2a4dfde0,79279,69363518,94651,79164,69421201,94651
21009449dabb0622,44414,34519813,138223,44271,34536041,138223
210d5327843402eb,99614,89693565,128598,99508,89734282,128598
21118df8f9674f8d,97318,87445083,96661,97220,87467788,96661
21302448a7a0a144,32408,22492448,129176,32315,22574069,129176
2130a96e1130ee7d,74251,64355135,140524,74111,64400545,140524
2168eb5f2eced37b,50841,40938978,128307,50700,40964417,128307
218b87dd8e67dcee,27735,17857738,139055,27587,17876569,139055
21a116796ef11930,74596,64676208,133348,74490,64718288,133348
21d8ebf16770e365,74284,64395054,140776,74143,64406789,140776
21e8952ed05311b0,54390,44498129,139762,54241,44512988,139762
21eb5eaea23158de,47681,37777707,138337,47561,37806369,138337
21f2add6081c43f3,50378,40494073,137194,,,
21fa9040f283d666,113640,103755672,139610,113496,103766105,139610
22152956b83e2ac2,113769,103875160,136605,113622,103888512,136605
22173a36c5140c59,98315,88421210,136214,98171,88434661,136214
221cccb55e6c4093,97399,87485923,129917,97301,87518569,129917
223a55354c6df063,41086,31192920,130109,40939,31205532,130109
223f12a902fbe014,118352,108440901,129866,118233,108470660,129866
2240396dab9b718c,31961,22057160,137599,31821,22086424,137599
22403f900694f1ad,12099,2214005,137803,11952,2224510,137803
22496931cc349218,115716,105834839,136137,115562,105845341,136137
2249a8454dafe987,28921,19033879,137597,28783,19048728,137597
226248ca92499bc5,22938,13032730,131112,22809,13058162,131112
2267ff0e294f73dc,67441,57575231,141999,67297,57587831,141999
226d0b68d49d17c0,73221,63355532,142424,73077,63369682,142424
2286fe1051aeff0f,14254,4357361,137453,14109,4374251,137453
228c875450afd549,71415,61519013,140017,71275,61537817,140017
22913f02e298f45f,118940,109058367,137282,118788,109067945,137282
22d362a9ac47a2c4,82741,72875097,138608,82598,72889190,138608
22e74daf9c6e7de2,14674,4754406,141626,14567,4794138,141626
22ed15b731de41ae,103179,93281308,136168,103044,93332964,136168
22fb05e39d9f85c5,63293,53405861,138868,63152,53418158,138868
23000a5c3436eecd,87245,77333322,129553,87136,77424785,129553
2326a588c9f6da24,84749,74854878,137826,84610,74869931,137826
23491b643cdc680c,102534,92556593,129547,102452,92655353,129547
23617d4441d63d9d,45066,35174090,136573,44920,35192645,136573
2364710eb834de34,35726,25812675,129316,35604,25845327,129316
238ed8ca27944ddf,88572,78673570,130589,88446,78735263,130589
23ababc63e53c970,75675,65794786,138586,75525,65810322,138586
23b816be7a0b69ee,111063,101174996,137352,110917,101185162,137352
23c2c906e98ddfea,59403,49526128,138617,59246,49535653,138617
24071f092f0ee055,29540,19653974,137614,29391,19668110,137614
241e55f232908194,110935,101038715,138180,110790,101055039,138180
242c1cd5b3b993f6,46896,37006008,138705,46755,37019208,138705
2437cddc970fc6a6,36171,26297630,138343,36030,26310124,138343
245303cc28812516,107022,97135198,138194,106882,97149042,138194
2461057d687b4621,20516,10646658,77184,20400,10661569,77184
246932144aac9079,78035,68139338,140599,77894,68157582,140599
247208127d5e6b4a,34438,24540157,137900,34293,24558684,137900
24ae8222d12be773,38447,28554383,139581,38300,28567388,139581
24c839145617899a,103957,94058140,136985,,,
2507d84395d0f620,29414,19520236,137364,29269,19535045,137364
250a5c713c456533,78937,69053590,140793,,,
250ca306e9e840e3,51035,41137647,138257,50891,41156970,138257
252182a8d5367264,102704,92755660,138651,102600,92827029,138651
252abbec029e86ee,114946,105055095,137769,114808,105065951,137769
252ce6f2f7196b24,58593,48694771,128981,58470,48712956,128981
25759e921153d8b0,36081,26214373,139167,35936,26228805,139167
2584a5c9d19c45a0,96294,86398444,138721,96148,86413803,138721
25d2b06953494dcd,112283,102372134,137189,112163,102402806,137189
25d7f0f6832c987e,40047,30153936,136987,39901,30166963,136987
25d923b46b9c0d0f,38189,28294221,139102,38046,28309685,139102
25f7172ee633dd1f,109486,99598339,137308,109334,99611111,137308
25ff26182e744be9,52647,42775145,142062,,,
2601a4f78e15f633,99067,89174759,136472,98922,89186711,136472
26036bd6afe63721,73598,63696593,134185,73454,63720600,134185
262612ba9c5e52db,100307,90414861,137191,100161,90426525,137191
262799c7849b1a68,76237,66336047,132905,76090,66358040,132905
2629e20a64617970,115624,105735145,137412,115473,105745619,137412
263db1ec89b26c85,34374,24476402,149373,34229,24494954,149373
263ef7c06d1b4ab0,80057,70161251,156258,79916,70180071,156258
26541783703f60d6,24807,14894613,141690,24689,14927977,141690
26940845d3f510e6,23260,13392915,131650,23116,13402713,131650
269df65acb39eb25,82021,72153048,128752,81876,72168067,128752
26c21def1dbb7819,10408,559726,340868,10294,587533,340908
26d17314c700e197,34188,24314243,138932,34034,24324729,138932
26e00f937e63333b,112599,102674048,111986,112519,102717766,111986
26e38c12ef2b670c,76429,66513704,132659,76343,66569738,132659
26e9b73e11fef0aa,28361,18461496,128257,28259,18482575,128257
270c9aa702b1268c,119934,110038819,138562,119790,110054499,138562
27480760073db413,75050,65173978,134531,74902,65186831,134531
274f4129fe2285e2,33233,23332541,136999,33089,23352300,136999
2799c144548ec583,55139,45238542,129426,55047,45337589,129515
279ba3bcff84ee6d,80718,70835002,129732,80573,70845654,129732
27a75f71d0d01df5,105388,95493616,128931,105246,95535635,128931
27a823c1ddc34385,12614,2694209,140167,12510,2734858,140167
27bf0484f8476327,76774,66875153,138616,76662,66899069,138616
27d8fca8e398eae9,31654,21773902,136869,31502,21789251,136869
27dcd596ef5fd0fc,77846,67974734,137868,77701,67986085,137868
27f574b99a62353b,55993,46094726,139372,55852,46115605,139372
27f9507d410b9a99,47922,38037695,138087,47776,38049295,138087
280c2780deb703e2,91966,82058215,138612,91842,82093244,138612
2828ca56e8f5a8b8,57493,47594461,138212,57348,47613108,138212
28295e23a5a469e6,31402,21512569,129826,31258,21527213,129826
28447c43fe830ca7,89583,79682781,129133,89512,79706157,129133
2854d650a2eb017d,108921,99055035,137373,108777,99069215,137373
285c3547d3394511,98443,88554882,137449,98298,88564687,137449
2860a14df91ce787,77382,67495355,140440,77240,67508822,140440
2867e5b5b6116c44,88797,78899159,140920,88668,78919723,140920
28aaeb9001fc3a19,64461,54534870,129026,64363,54622118,129026
28b2caed3f089e17,14578,4652283,129178,14474,4697489,129178
28b96b9c9fe3ab30,75392,65495168,139359,75252,65512903,139359
28c75c26fc4a298a,59709,49814361,137228,59569,49831385,137228
28cc1af9e8e8acf5,68168,58293716,133362,68018,58310616,133362
28ce46ff2adb8448,37657,27734922,128969,37551,27781912,128969
28d9d049292a515f,80001,70134791,138610,79856,70148415,138610
28e86d6f32ab077b,113511,103613838,130333,113368,103630960,130333
28e9475858b388a5,13441,3537032,137203,13296,3560813,137203
28e97a48fd42311c,113383,103518132,151129,113238,103529213,151129
291347849003f1d7,68413,58525194,132044,68271,58536230,132044
292eaf4006e30fa6,18727,8834306,139185,18598,8847283,139185
2997caf33f1ed21b,96022,86135620,138113,95874,86145123,138113
29a2e3e8db144470,22337,12437385,138124,22192,12457752,138124
29a6bfcbcd25a628,92083,82194971,138878,91943,82207995,138878
29a9a42a02d25f61,95187,85294972,137908,95043,85306688,137908
29b515f43dffa5ea,104883,95015528,139496,104737,95028940,139496
29d9574b84e98dbc,15179,5296774,137443,15023,5306792,137443
29dc1391ccccc923,20091,10207640,138247,19945,10217902,138247
29e1e18c86ee2108,106785,96898804,139559,,,
2a05058bec5dc00d,17579,7676113,129808,17431,7698125,129808
2a151bcef851567d,99521,89593507,128773,99421,89641374,128773
2a1fc7dd83603a92,118881,108995247,137813,118734,109005378,137813
2a2935a22044dc2a,11111,1234197,139819,10960,1244396,139819
2a3b42bf0d621dee,101542,91613819,130143,101442,91674857,130143
2a555e3dd068cab9,105259,95373474,127688,105120,95385395,127688
2a831444c47f3f25,85011,75138922,100133,84912,75176995,100133
2a9a251e6eb7ab9d,90651,80754974,136629,90507,80771714,136629
2ac21ec463863e4d,68445,58603749,354870,68344,58641962,354910
2ad463ee11a68f29,13665,3774225,139309,13518,3785495,139309
2b077e43caff2b64,18665,8753968,128630,18540,8785054,128630
2b11094b8c14ed64,32472,22554452,140009,,,
2b129a694170df8e,73092,63213585,131747,72945,63224164,131747
2b30cd700728e49f,58777,48897818,138034,58645,48908355,138034
2b44f5ffcf694148,90810,80919600,128749,90663,80952766,128749
2b57ebe65110fa6c,34875,24997647,138970,34726,25008473,138970
2b6abcb9dc2a0790,88829,78933663,131332,88699,78951974,131332
2b6b2f9153b4d5bb,13320,3453985,137681,13173,3463924,137681
2b7516525be79bb9,73183,63313894,133753,73037,63326169,133753
2b7771ed4e86a8a5,28206,18314043,138522,28061,18328052,138522
2b8be64fd7601421,95662,85755401,138083,95549,85783024,138083
2b9552342e0f4e4a,64648,54733369,130669,64537,54772525,130669
2b9f8e093d1542ca,14859,4952291,127858,14739,4978932,127858
2bafd38de443f695,43689,33729796,130388,43579,33824387,130388
2bc4dbfd5399250e,72667,62756639,134343,72558,62846664,134343
2bed3e8dd0421305,11855,1974629,130234,11704,1984594,130234
2bf81d00f3a1b294,56219,46319852,138790,56075,46338628,138790
2c07bf21c39d1d33,38694,28813201,131693,38539,28823574,131693
2c0b0bf38be07d4a,68952,59036015,131647,68839,59074131,131647
2c0c3d4c6ff1a648,111408,101537677,153632,111258,101549096,153632
2c11fd1166c39c3e,104381,94453568,129683,104295,94583746,129683
2c19fe95601c0e94,71733,61853671,131530,71586,61866740,131530
2c1d880273764be6,97654,87734948,137307,97545,87774061,137307
2c2e23fecffac1fb,105698,95816883,139266,105549,95838480,139266
2c3051cf01ab72ae,113705,103815042,137012,113559,103825157,137012
2c72ec5b26d40c51,107588,97715011,137032,107443,97726715,137032
2c79479a85369946,88447,78574803,138058,88300,78588260,138058
2c8e51224b506b95,107903,98015008,137285,107762,98050955,137285
2c9505dd9cc207e7,111284,101398438,137030,111131,101409055,137030
2cb3c3bf290eba7b,47186,37294243,138248,47041,37307895,138248
2cb978fbbbf3cfa3,85442,75538389,138183,85326,75564340,138183
2cbd874ea6935534,11451,1556024,150957,11305,1571643,150957
2cc056c08e1f57e6,13570,3676400,152587,13424,3690331,152587
2cdd1cb408011b00,43105,33260131,338205,42999,33297549,338245
2cfdbc30c50250ca,31807,21934198,138857,31660,21946998,138857
2d0ca5ef195a642d,100561,90674837,137742,100411,90684733,137742
2d0cb8b334d4fd56,17355,7454850,142517,17211,7474806,142517
2d23fe4ca6f59a48,50627,40753881,135407,50475,40767595,135407
2d261e2e0f64ef1a,92733,82838661,140087,92587,82859139,140087
2d2a75d4cdece1a7,16569,6634115,127753,16463,6688706,127753
2d2d1304850d70c3,33627,23676267,113059,33560,23745529,113059
2d5c9c7333a065d1,45676,35757259,135673,45561,35796696,135673
2d648b88f787797e,59676,49777882,138560,59536,49800346,138560
2d77fad87b8f307d,23291,13414874,129809,23146,13423856,129809
2d804ab7e038393f,93607,83693403,129462,93493,83725955,129462
2dd3a128bec23c57,22273,12377438,138112,22128,12393213,138112
2ddbc9c504358456,42294,32395203,131706,42148,32413724,131706
2e1e8c5c91316a4f,74155,64258879,139698,74016,64278225,139698
2e3236f8ee4ae82c,103838,93957930,137518,103694,93969864,137518
2e337a398ace8ad7,13790,3894066,128916,13639,3913652,128916
2e5e4fdad5be5691,60123,50234799,139657,59976,50246887,139657
2e786395fd3d4cc6,95846,85937893,137203,95718,85966171,137203
2e8c8ab56034927c,98969,89074944,138102,98824,89089705,138102
2e9c0d74e31c2a91,21559,11657729,139254,21415,11679735,139254
2ea4718743ef9e4f,38880,29014430,139009,38734,29024842,139009
2ea6c9224beb3099,101693,91784838,129896,,,
2ea7426a0f0591e3,10965,1059884,155423,10831,1086823,155423
2eb5270626bbef06,77477,67576122,133280,77333,67600344,133280
2ec06cb140d65f55,86372,76494871,137309,86219,76506178,137309
2ecd525f931f6c49,39310,29395061,116631,39191,29428096,116631
2ed9f6221e7069b9,15490,5593924,136396,15345,5609362,136396
2ee2f6bdc02a9aab,60443,50533140,129919,60352,50564836,129919
2ee3cf308702ac29,78002,68115620,140952,77861,68129285,140952
2ef8edaab6017c43,103901,94035031,138474,103757,94049088,138474
2f213567325e778b,37469,27535046,130901,37375,27589579,130901
2f26738c68afdebf,45131,35234533,137703,44984,35253523,137703
2f2ffe58f91be620,67352,57475161,140822,67195,57487384,140822
2f3d068b3a748765,51275,41372893,129528,51170,41407957,129528
2f4d0c4de16855b2,11386,1493827,138001,11241,1505480,138001
2f6777729a96d5b2,93509,83593144,127841,93398,83628997,127841
2f7243995309c6f1,21429,11534088,138769,21285,11549276,138769
2f771ca157e02324,113987,104098304,137393,113831,104108980,137393
2f7a29df3843fe86,39130,29238265,138792,38985,29249641,138792
2f7b273939172a2b,92886,83014622,137138,92736,83024906,137138
2f82cae66b4f268a,83762,73875438,139020,83623,73888536,139020
2f863b86530d9e60,51372,41472740,127933,51265,41506296,127933
2f9060114ff3e788,58896,48998022,138401,58757,49015163,138401
2fa5eaa652f3ca6b,90522,80634959,138220,90379,80647691,138220
2fa63e5680211693,90456,80560769,154441,90313,80580371,154441
2fa96cd9bf5d4a60,114371,104498281,96279,114266,104516884,96279
2fac399e0db50800,23414,13516914,142325,23269,13533868,142325
2fbd2b1dd291337b,107216,97318447,137861,107074,97339251,137861
2fea6030944c577d,118822,108935490,139426,118680,108946072,139426
300e3536036da15c,29253,19354484,138315,29110,19374266,138315
3052e36d675db244,95155,85255526,138181,95011,85275371,138181
305bad1f22ec1c68,26960,17073858,137211,26819,17085754,137211
3064e6d691027451,21995,12117828,139749,21846,12128545,139749
307b26247c98b27e,13822,3932337,128469,13669,3942163,128469
30bbecf118eabec5,113177,103294995,137742,113023,103305642,137742
30c6c56ae2dfcf23,55396,45474294,136911,55299,45559030,136911
30cc9ae1de4a4c01,82396,72514800,137917,82246,72527287,137917
30d356183b69c2d8,98282,88398281,157667,98138,88409396,157667
30d6e688a4c8711b,24588,14654326,129315,24483,14707877,129315
311478591425b9a7,35185,25294261,139065,35039,25305336,139065
3115bbcb728e30fe,53823,43937530,138057,53680,43969673,138057
312cc23e73c0a2f6,111191,101297993,137130,111042,101310704,137130
31523c6448f94e91,86740,76836900,139485,86597,76863596,139485
3166f84eb4a6f3f3,81688,71795042,139404,,,
31731a7ed3150a36,88011,78115047,138961,87869,78133623,138961
317578afb2274a51,86621,76753267,128082,86475,76767082,128082
31b00c412802fbcb,103084,93214940,137132,102939,93226356,137132
31c5bfa37e74b691,72538,62633764,132889,72431,62661095,132889
31c7b8db2b6f8a71,99676,89755757,140635,99564,89797086,140635
31c9d6a226469bff,84911,75017386,142068,84771,75060608,142068
31e119c4098a4e78,62808,52914455,137343,62687,52932197,137343
31fc35051c103c27,34220,24354336,138420,34074,24364585,138420
32004560f7070a41,108152,98233380,128283,,,
3205ecd664592c2b,96358,86460534,135848,96212,86477673,135848
320ad9a55dd25f2f,65253,55357361,154473,65107,55375981,154473
322473f07cb677f8,23577,13678011,140165,23429,13697223,140165
322fcfa6334bb222,90226,80334793,137506,90081,80347048,137506
3233013b855591f6,76013,66115824,144304,75870,66159649,144304
3233a87b248d9e2e,110545,100654827,136972,110411,100664479,136972
325f5eb33daa72dc,111096,101198280,137646,110949,101215335,137646
326ee7debbee8f79,96110,86234718,137001,95954,86244085,137001
328b72d776ded56f,45196,35297411,137308,45048,35337119,137308
3293e296b2f1f3bf,57161,47274610,139635,57011,47285033,139635
32b3d2846a30768e,42166,32274391,139608,42022,32286856,139608
32c224a8b9d6b961,49790,39897436,137989,49659,39911204,137989
32c5d9f8172fa8fb,66808,56853363,131335,66684,56973110,131335
32d49f8fd8b8ac1b,97496,87573352,128943,97396,87615194,128943
32e6666c5b62bc3b,110870,100975072,137935,110725,100989786,137935
32eaba897ad677ef,19241,9353902,136769,19095,9363527,136769
33205fce89d5c697,118481,108573754,129021,118360,108600067,129021
3321b0db501821c0,80315,70418292,138076,80171,70436139,138076
33330a74d0084b86,72440,62539504,118358,,,
3338e10eca3fbdd9,12196,2297165,138562,12049,2317024,138562
335853920432c825,119504,109615310,138633,119352,109625851,138633
3363df828201f131,36110,26237604,137160,35969,26249544,137160
33885105033832c1,61241,51354776,138682,61100,51367243,138682
3389c402166782ef,88733,78835188,140168,88606,78856171,140168
33a551ac18d50bcd,94594,84698120,137389,94442,84714166,137389
33ca43a9afdcc02d,119057,109158638,137420,118913,109177481,137420
33d6da090e582feb,25751,15873920,137597,25599,15889746,137597
340ce6d8b9e89e3f,50720,40854558,137806,50576,40867819,137806
3414a81ae371c377,80657,70778782,138002,80512,70791987,138002
34195332a1f66bcd,29969,20074225,138959,29828,20090825,138959
34211bbefc627db5,43919,33997511,137461,43782,34071329,137461
3428d2178f0d3be4,105004,95134889,136381,104860,95146658,136381
342c57015a18789f,104253,94328668,129738,104169,94373828,129738
34346252ccf5d56b,77663,67777702,140762,77512,67790009,140762
344ef6a64c613bbf,107775,97873513,129345,107634,97896932,129345
345a8fcbd954858b,91307,81415025,139170,91164,81433485,139170
3479960b0f8bfd33,12805,2892568,130148,12692,2923663,130148
3481c43b27b5a626,32628,22713955,137227,32522,22765322,137227
34876642357d5d39,108216,98295218,128937,108116,98374399,128937
34b99873bb8ecaba,83851,73974727,137921,83707,73996084,137921
34e237693bd24216,84445,74561148,156118,84292,74574473,156118
34e5f217354549cb,36240,26374080,138323,36099,26388530,138323
34ee9c6c743dd779,25596,15712602,128641,25449,15728966,128641
34f214435e486160,111315,101434893,136423,111161,101445410,136423
35220f80528251bb,11886,2012491,129871,11735,2022454,129871
354cca1026805598,102678,92717999,138146,102579,92804164,138146
3565cb5e7fe31aea,10379,498708,137611,10249,509401,137611
357a8e5097e12d6a,84131,74235039,139366,83988,74252251,139366
358b5326fd545a48,60819,50917962,138200,60715,51004177,138200
35a1ad9a6fd21d10,44479,34594527,138284,44335,34607511,138284
35abceeaa80d979a,11482,1600714,177912,11336,1613516,177912
35c1c464c6930b90,15743,5856481,141616,15590,5867390,141616
35c478e421c0ce5b,73567,63673946,133703,73424,63690363,133703
35eb61f382de273b,19840,9974084,136955,19693,9983908,136955
35f6f031209133fa,60759,50854745,138073,,,
360e1e92c12eedd5,106583,96673614,129351,106468,96704396,129351
3622938fb1ea5635,76525,66614113,133378,76436,66647495,133378
3625f3cdbdac6048,37777,27873883,136749,37658,27901450,136749
362a108a12bfd4db,33802,23814501,141229,33704,23921979,141229
3693b8f181cf021e,72823,62916379,133052,72702,62947211,133052
369548b2057075ec,22967,13054733,130247,22836,13086948,130247
36a047a98e053c59,53619,43714339,137193,53500,43742048,137193
36a1464d6f7e43bd,97980,88094931,137908,97833,88104736,137908
36c55a6a51e75132,67239,57353954,132878,67075,57367488,132878
3707ec43e1f5f097,45645,35734347,137294,45532,35765384,137294
3713d619c22a15f5,81324,71397308,140788,81179,71460955,140788
3717132e8c6481aa,98818,88938423,137670,98667,88948664,137670
372536beded27704,57106,47198218,140378,56965,47226460,140378
372f13605d75346c,52709,42834829,140488,52563,42846993,140488
373693ea2a7cbf0c,82894,72994929,138443,82750,73017157,138443
3746e1dec5f12871,72134,62234956,139006,71993,62256087,139006
3752135b0c1ffb0b,100684,90798258,138675,100529,90808727,138675
3773497a0c4d866c,61868,51995185,138227,61720,52007406,138227
3780e7ae9ac4ae82,27136,17245684,139066,26993,17260034,139066
378274bbfc05c541,97366,87463933,111233,97268,87484301,111233
3798f2a0dd3fe77a,55488,45574135,136527,,,
37b6794e883b47fb,30547,20633840,136991,30448,20669090,136991
37b9115ba8825393,31120,21254000,137608,30974,21266385,137608
37cfce8899676695,80379,70494911,138302,80234,70509449,138302
37d58af6b0cfe9ec,98008,88135216,138329,97858,88145787,138329
37d59c49e6277431,114738,104815215,128733,114621,104857477,128733
37d77a891be84c21,107839,97935190,128403,107698,97963017,128403
37f9b82fd578cfbc,74187,64295019,140145,74047,64313039,140145
37ff6b38f9e01e5b,24330,14432861,131118,24185,14450129,131118
383cc60437804723,35634,25712395,127760,35518,25753569,127760
3858e223a2988cdf,82991,73094884,138624,82846,73112808,138624
387232e49a3eaf59,55754,45874602,139365,55622,45889088,139365
38748a451bafde66,61028,51154518,138591,60891,51169309,138591
388ae424cac9a199,23142,13257723,139261,22990,13268345,139261
389294b80f85efd3,51834,41954519,138389,51689,41965875,138389
38973007fe17bafe,84414,74534732,138309,84262,74548056,138309
389f66b6ba42785d,21623,11734273,140036,21478,11744423,140036
38a8b859ef8eb3e9,61776,51897807,137690,61628,51909976,137690
38d26139c2f8f956,112026,102115775,128522,111914,102145309,128522
38dea7f942883d7e,95252,85354971,138335,95107,85371784,138335
38ea9462eaf124bd,36554,26657270,138027,36406,26676881,138027
3905511616ec3e87,12034,2136009,141722,11887,2154729,141722
391617f612a00052,86557,76678312,138643,86409,76698342,138643
391b82da59ee86be,30908,21017034,137109,30781,21048645,137109
3931b3a9c2a6cbe4,92576,82677936,135980,92432,82699144,135980
393ddf09f689aee3,17289,7392913,132436,17146,7408891,132436
394fe8a58eaaa2e5,64046,54154405,137922,63903,54170305,137922
3962ae1c73c012cd,43627,33672647,128715,43527,33789775,128715
396aac103ebb6f55,100467,90574904,137579,100319,90587234,137579
397376fcc094a3b1,21687,11792515,129906,21540,11806011,129906
39770ffcfa9bf293,107310,97426338,137356,,,
399cb985d26596cb,112931,102995310,137634,112816,103050659,137634
39c35a717aee3168,109042,99157386,151627,108901,99173628,151627
39d6c657f6318021,82522,72638676,138753,82373,72650564,138753
3a00ebf3d043ecb4,51436,41534178,136947,51327,41616588,136947
3a2a01861586715a,23737,13852663,129615,23583,13862601,129615
3a42f4cf6756c0ae,108588,98694891,136998,108461,98712797,136998
3a4ddfc5f923c076,51894,42018226,138659,51748,42030418,138659
3a60f439d7eacbc4,106434,96513810,129446,106338,96554922,129446
3a690795068b29d1,16146,6253541,136373,16002,6266017,136373
3a75ae9f591b1562,82829,72934795,138019,,,
3a87d1c41e5b13b2,12066,2173700,137156,11919,2186179,137156
3a89656b7af13943,45551,35632696,128499,45444,35671042,128499
3aada90f506276eb,58685,48798015,135908,58559,48808797,135908
3abf7403107d7d52,62595,52677521,137003,,,
3ae53e05efe54808,44887,35014138,137840,44736,35028795,137840
3b08909f7d810581,18998,9117373,138338,18845,9127590,138338
3b2f648fc5515cec,94466,84574583,136729,94318,84586972,136729
3b2f9c909a35301d,38756,28877217,142689,38605,28888244,142689
3b44a1c5ed441e25,118608,108697956,137408,118482,108727668,137408
3b467fa37748a011,18506,8592727,128788,18387,8625912,128788
3b54a61f9d0c6c36,94123,84255010,137779,93974,84265058,137779
3b6038a0140323a0,46434,36537130,142321,46287,36559889,142321
3b6ce86da45290dd,54068,44174391,138427,,,
3b8212137944db8d,89744,79792515,129356,89667,79867716,129356
3b882573e1bdbfe4,102013,92131115,139642,101856,92143447,139642
3ba2df3f081b10e9,107999,98149171,391282,107891,98189096,391322
3ba9c1e7d3386b54,46060,36176304,128505,45903,36185884,128505
3bc442c07c6c3321,65632,55754504,137993,,,
3bd4f33de9433212,24363,14520280,343727,24254,14548794,343767
3bd66932bab33d8f,51130,41272309,344190,,,
3be2c449ba093efe,93764,83854936,138151,93643,83884257,138151
3c166036523183d7,47772,37877957,137157,47643,37894438,137157
3c2526bcbfe52372,14428,4558898,120223,14325,4577704,120223
3c2e08aef5ad33bc,47430,37514643,129126,47323,37553269,129126
3c2eed800ef35d13,36457,26557604,138914,36313,26580643,138914
3c752f3200dd431a,114708,104793488,128176,114593,104827179,128176
3c7e068a34b3afa8,42326,32433314,132144,42179,32446006,132144
3c9579b7667989fc,28555,18637987,138354,28449,18678972,138354
3cab1ee369b44c31,91177,81278443,137993,91035,81324297,137993
3cc2e1567231d55b,30609,20694078,138042,30505,20733192,138042
3cda790bafa6c0fd,77101,67234012,133347,76957,67249276,133347
3d07d062ffe32dd0,111815,101918379,137532,111668,101934789,137532
3d07f33847516f9a,52861,42974654,138399,,,
3d1a2a55d5b0c55c,28110,18214101,138290,27967,18231205,138290
3d208ba6cbdf05f0,63423,53534302,136952,63280,53547948,136952
3d391b692b8c199e,49670,39774113,136639,,,
3d676e7e777542ec,51864,41994836,139730,51716,42008439,139730
3d677bd9ab19394e,112726,102769561,128593,112637,102845091,128593
3ddc0af1430dfade,87339,77434697,137489,87228,77517302,137489
3e0f35315f9e5317,111687,101795129,138433,111542,101806945,138433
3e1340cbc9f71d95,21340,11474931,141999,21195,11485323,141999
3e153181baca56bd,69157,59273589,132139,69015,59288558,132139
3e16e41c72c65dba,24985,15093077,130959,24847,15104236,130959
3e28a574798295f3,116508,106575243,128859,116407,106627207,128859
3e2c83a7d4721f3e,85286,75374192,131032,85183,75409876,131032
3e2e03b43de45c9b,119220,109319146,139942,119074,109339344,139942
3e3017e3e13f2dfd,98539,88654780,137216,98391,88664157,137216
3e40992c3e0b34d6,15121,5237340,137759,14970,5246804,137759
3e7d370d0e8688ad,98161,88295110,138354,98015,88305944,138354
3e8e80bfefbab545,36586,26694217,138280,36437,26707557,138280
3ea68966141daea4,43808,33872676,129552,43682,33948806,129552
3eb87a55db254d78,119187,109295460,139035,119042,109306598,139035
3ecbd15fe6bfdfec,75613,65735203,140053,75466,65746925,140053
3ecee6679f8b985f,94281,84414900,137877,94134,84424579,137877
3ed77a53e38f81e0,77815,67938638,140035,77670,67950056,140035
3ede9d48313789dd,84383,74495195,139884,84233,74506608,139884
3ee58e28771a6656,65445,55554577,138766,65294,55571258,138766
3ee7085d62a62007,95993,86097829,136610,95848,86112314,136610
3ef1c701f5d90479,68768,58853896,132246,68671,58960010,132246
3f11530c468e4a8d,22208,12314304,139676,22064,12328547,139676
3f20f511646515c3,36711,26817689,138709,36557,26833371,138709
3f2580c3e2092448,32688,22777513,138532,32575,22822239,138532
3f3449101cc6ee59,11289,1393705,137802,11145,1408666,137802
3f3ab4e14f470462,50688,40814567,138617,50540,40826003,138617
3f405427a1a2ea7d,91121,81255098,138341,,,
3f745566963bf0d5,35539,25614970,130058,35428,25658487,130058
3f7b58916f62c208,61371,51474525,138201,61229,51493061,138201
3f8897efbc1bfb3d,74813,64913718,132426,,,
3f8fe89e5456788b,53244,43323687,129342,53149,43406845,129342
3f91e5f345f5e9f6,57780,47894335,137721,57630,47904790,137721
3f949736230c3d88,50409,40520323,155694,50263,40552488,155694
3fba717392ef12ca,94153,84278313,137331,94006,84288221,137331
3fbf48b47c058fe4,36927,27054191,137887,36782,27065267,137887
3fd02815748abeb1,60790,50894579,138722,,,
3feacc5527a36e96,109998,100125078,97488,109895,100148592,97488
3fff5e3e306f3f46,116847,106938791,138925,116718,106966799,138925
4004d5a2170ac575,15554,5656791,137476,15407,5673299,137476
400a51adfd314c03,32376,22452776,129955,32283,22572737,129955
400ea3a93a988a48,98476,88578269,138755,98330,88596192,138755
4022e8a05d2cc303,83733,73838246,138182,83598,73887630,138182
403a92811f9de1e3,43891,33974196,137042,,,
403f461e42a3af6a,92230,82355059,138833,92074,82364599,138833
405a189f519d528c,58993,49094435,137688,58846,49113125,137688
406359e3a5de6810,20698,10775355,114867,20572,10816221,114867
407633b48e6eba35,47557,37654749,140812,47446,37705958,140812
40f3f053e9abbc08,67184,57282905,163339,67021,57312305,163339
40f6ca2d18c2374e,47397,37492869,129647,47291,37518700,129647
40fdf3a057aa7761,32057,22157135,137280,31917,22205751,137280
40ffff2e9f7946bf,79579,69635339,129249,79456,69745506,129249
4126b9ca16982d47,90254,80374901,137666,,,
412f423813ebfbc5,89520,79660916,120462,89449,79683776,120462
413a9fda8ba3f717,54760,44894345,138147,54618,44910659,138147
41441714ee546e8f,15649,5754037,130003,15500,5768729,130003
4146cbed87a40577,27050,17174052,138175,26900,17186315,138175
41526dc232619598,62214,52317897,137902,62071,52336152,137902
4168ec47f0491826,48454,38557317,136874,48313,38576544,136874
416b7d1fe45262cb,97111,87214710,136524,96965,87230070,136524
41738d416dc80e1d,37747,27834182,137731,37631,27872241,137731
41913de5ed001341,60879,50994801,137917,60764,51008971,137917
419ce39062e30546,105882,95995324,138366,105740,96009399,138366
419ee1b02f41a1c5,94563,84674958,138773,94412,84684635,138773
41a1f4dd7f1d00ad,32953,23074020,138198,32803,23083626,138198
41a9aabe65631dbe,79311,69383705,119541,79195,69434242,119541
41b7c09f1fb044f4,23230,13356791,131316,23085,13366010,131316
41e2e7455f5e6726,115777,105898627,137807,115627,105908905,137807
41ee73a785761bda,67017,57076004,132389,66868,57140840,132389
41f8cb0cb5f2b138,75230,65334816,138662,75091,65350892,138662
41fe059997b699b4,103532,93635650,138032,103391,93654474,138032
4200e80c0dd03a89,71795,61915008,140176,71645,61929357,140176
4203cd4bdcbfcbc3,34106,24214271,138299,33947,24225092,138299
4212aa51d79bcaf0,78196,68298363,138698,78052,68316902,138698
4214bae8c78a8805,85901,76034945,138550,85759,76048792,138550
424872937f1e3155,32535,22617248,136129,32437,22697877,136129
425813fea7e8680b,113956,104075128,138306,113802,104085255,138306
4263bcdaa8559d16,16439,6539320,128531,16336,6559018,128531
426e8570508f108c,74499,64576368,132642,74396,64621932,132642
4273d14ce99613ca,47712,37814450,139369,47589,37834380,139369
428a32f46fc43ac4,28618,18714210,137901,28508,18741932,137901
428cb58825b82e85,44856,34974286,138061,44703,34992057,138061
428f63002b40f44e,15960,6094047,138083,15815,6105614,138083
42a143fed5d334a0,28680,18774061,138336,28566,18803289,138336
42a8ea92a07072db,73407,63514789,139106,73267,63529730,139106
42ac2d220f722911,105514,95633804,129005,,,
42ae1cbd1bc9648a,67046,57113431,131284,66893,57170227,131284
430a0ae66e08ffc0,110047,100143998,111695,109944,100165708,111695
432ec01f9344cc72,22306,12414057,138548,22161,12426030,138548
435182bcb68eac9f,31371,21472923,129488,31227,21491636,129488
43518e31fdb70025,68673,58753565,132245,68578,58795110,132245
4357feec8a7f53a4,19622,9737233,137983,19469,9747598,137983
437dbe1cf0749238,111127,101234913,137009,110979,101246926,137009
43880ba38f41eeae,31176,21277490,138735,,,
438e5ee1fdd5ecdb,18442,8532492,129753,18323,8561557,129753
4390606e3ffd4410,90118,80197842,137264,89994,80240925,137264
439b7fe008554590,71260,61395453,143362,71117,61409225,143362
43ac8850b3d683f1,83439,73518531,137638,83338,73562327,137638
43b48c5aeca3867e,94063,84178127,137036,93914,84188552,137036
43c3162bd4e86b93,26314,16458840,338383,26198,16495841,338423
43c4e031a441fbe8,13974,4093597,128420,13815,4103436,128420
43cd28514c78e32a,82706,72834734,137456,82563,72846030,137456
43dcbfdc8c54e338,97206,87315003,138398,97059,87326866,138398
43f85a2f395397d6,97863,87958214,137675,97732,87982921,137675
43fc79d7604bbcd3,19653,9773981,138493,19499,9784637,138493
44299e8200c8a1fb,46175,36277468,137415,46031,36295296,137415
4455724f2ba539a3,37210,27314198,138035,37070,27358689,138035
4463cdf0ea5dd552,47982,38114249,138002,47836,38127879,138002
447419d58b94ddf7,31928,22033924,137760,31788,22052309,137760
447ac25b13be04f7,103563,93674820,137553,103420,93691758,137553
448035d328c10733,35992,26114013,137628,,,
44aa81215432db77,118448,108535740,129111,118328,108567350,129111
44b4d7b837617465,18538,8632263,128648,18417,8657972,128648
44b5b324f6dfdb49,40860,30974600,138441,40716,30984624,138441
44cb228891aa10af,103686,93798091,136796,103539,93827630,136796
44cbb3e9c8cbf5ac,84035,74141245,156496,83893,74159399,156496
44e234c008f5c5af,45737,35817599,137301,45616,35856903,137301
44eb3207a923c978,84878,74993413,129220,,,
44efadd5a2cb6dff,36649,26757571,137649,,,
450c4b3c7940d9f2,70534,60618691,118585,70443,60659269,118585
450d39427245891c,73937,64058460,140326,73790,64070319,140326
452f926d1833fa08,116476,106553471,128117,116375,106595007,128117
4560d1b65bdb03a5,23609,13713961,138164,23460,13728463,138164
4575f496116530d5,45520,35592809,128597,45414,35639133,128597
4581fbb0020bd30a,109267,99375157,138157,109123,99387993,138157
458ee9da7a3b50e7,109330,99438169,137123,109185,99474416,137123
45925ae923338427,61530,51638011,139028,61384,51652025,139028
45ac91892fc87ec4,75799,65918964,141318,75651,65930879,141318
45b91fda79230321,46928,37034448,138585,46787,37051416,138585
45ce2b1bb01890b2,106555,96634034,129122,106444,96679053,129122
45d1778136e82141,61561,51674351,137416,61413,51687160,137416
4624f28afd7abb91,57811,47917719,138164,57659,47930964,138164
4625cd1bdf773859,116572,106654787,135906,116468,106691119,135906
462e0c1aba7c5830,25813,15934022,138024,25657,15946148,138024
463782e29503dad6,81834,71955465,141858,81678,71968000,141858
4655c4cc4c0248b0,83969,74074696,137496,83827,74091602,137496
46609660f6a3a189,109609,99734955,137188,109459,99746757,137188
46624a181ba9aca8,81984,72114217,128655,81840,72125433,128655
466d227b53768c15,115306,105415315,138726,115162,105426271,138726
4686bc7a3e1e3efb,88325,78437915,137789,88174,78450027,137789
46a655db21c408ae,37146,27253902,137127,37006,27269889,137127
46a68677c48b5d85,75736,65855563,142959,75583,65867352,142959
46d5a3279d5e3a00,119473,109578420,138419,119321,109593095,138419
46db6b7231d7f6a0,56768,46814479,137332,56683,46888682,137332
46e16afa362a27f6,38664,28776093,130053,38510,28785417,130053
46e36d09d1ed4a19,92512,82614979,137683,92369,82634770,137683
46e38003afeb54d0,25875,15997762,139013,25730,16018906,139013
46f0b616ce2fc83c,104413,94475249,127993,104324,94585314,127993
46f2ea00454c4311,26591,16674671,129955,26480,16714390,129955
47037ac7c04f2c88,65063,55194845,140006,64918,55206082,140006
471846259b59aee3,56344,46464677,139581,56195,46474822,139581
471bd808442f274c,76314,66442326,104404,,,
472ac6ecef381dce,97715,87798220,137775,97601,87834853,137775
472dce4878533546,86934,77080956,345345,,,
47540bec79122bbc,108735,98853777,129589,108592,98864217,129589
47664c53425dafa2,94627,84735085,138530,94473,84746796,138530
477347a83cfb9ba2,63611,53734891,139941,63463,53748696,139941
47738a8952cf75bf,21139,11237980,138554,20974,11259256,138554
478e68be90b2fd66,44111,34237184,154553,43958,34250754,154553
479abb5ab84ffae2,78610,68693659,131968,78503,68732574,131968
47a7dd0349a7ae83,90714,80817769,137473,90570,80836832,137473
47bbe2415be3863f,95600,85677202,127813,95490,85719043,127813
47f45ef2763a1efd,79687,69774580,137174,79557,69808816,137174
481ff2b9b9288d62,63454,53557725,138484,63311,53577204,138484
483313920510a829,112903,102958276,136122,112793,103023030,136122
4844591c8389d61e,92607,82714799,137186,92463,82730610,137186
48463f8ded4ce5d2,35602,25674429,128769,35488,25722000,128769
4868b7e135f2a48c,96391,86495280,139069,96244,86510193,139069
486affaeae5c50c3,59998,50114851,139445,59854,50132796,139445
486cd298371b8253,43595,33638158,128336,43500,33788939,128336
486f27b23ff94230,112345,102446753,138377,112221,102464414,138377
4888d91b35c02991,35905,26013986,137282,35764,26026240,137282
4894c28882f7306d,85472,75574765,137990,85353,75594723,137990
489ac4d84ef4d02e,75295,65398807,139725,75156,65416239,139725
489ba45e772eabf8,106372,96435491,129039,106281,96492867,129039
48abae642801f11e,118010,108115087,137610,117866,108129643,137610
48da8bc34a35cd25,114452,104542053,129509,114346,104571595,129509
48e114912116c670,21526,11634223,140063,21382,11646622,140063
49142f7c14084c50,111438,101560740,136359,111290,101570923,136359
4924602c8379ff24,11702,1812643,130764,11549,1822017,130764
4925d3993c50281d,33929,23994228,138798,33802,24049563,138798
49299cb71f1411b3,63860,53994579,138360,63719,54008366,138360
4938571c8019c8ac,109138,99253712,128476,108997,99266850,128476
49651a2c2cc8757a,117674,107795177,138300,117521,107805322,138300
49667c78786684cc,97805,87898461,137697,97681,87924664,137697
497c161a6789579f,99098,89198055,137383,98953,89218350,137383
497e84bbd9dfe846,95356,85483565,97403,95250,85506212,97403
498fbbf65b4e8886,67605,57700218,131889,,,
49af19c883b210e1,99227,89389432,389012,99126,89420709,389052
49bd9396d6cff848,75981,66076147,132567,,,
49c60b57e9784754,38351,28454735,139561,38206,28472110,139561
49c8a623da419f90,30269,20399970,120909,,,
49cbb86e652af5e1,23447,13554189,139589,23302,13567034,139589
49cbd07c5120252a,39099,29214769,139952,38954,29224554,139952
49d0a331994469a7,20854,10912620,129789,20714,10974032,129789
49e546e9caaa400c,35816,25914051,137780,35685,25936591,137780
49fbfea0e68ffb42,26348,16475703,101670,26240,16508229,101670
4a02b43337f1743b,78132,68235245,141068,77990,68253703,141068
4a06095dadc74eb5,32090,22193916,136941,31949,22212432,136941
4a3ba512ca46f8da,96261,86374967,136799,96115,86385010,136799
4a42f7ec80a903bf,102889,92995225,138193,102755,93013693,138193
4a4b6fe86b702cd6,66517,56672332,351355,,,
4a5ab23c94f73588,99794,89894969,137403,99668,89914746,137403
4a7e84bf8b890e52,10100,173910,128514,9989,220265,128514
4a8ed53c4bafbddc,94937,85058097,137181,94786,85068159,137181
4a94487a5e0c627c,27915,18017397,137741,27773,18038092,137741
4a9af866a08f4718,32778,22877738,138529,32652,22905831,138529
4acd1de5311d6a76,10563,653793,70001,10453,679396,70001
4ae579f496174d96,10659,736346,91054,10547,776749,91054
4aed1a076972e602,118236,108380284,339170,118113,108406482,339210
4afb37a632f0a5e7,47803,37914215,137860,47670,37927410,137860
4b046c2f6d67d1ef,82552,72674956,139313,82403,72688940,139313
4b0a8138a98a3d39,44167,34294146,137292,44018,34308974,137292
4b2bb4ca935d5875,80251,70354661,137400,80108,70372317,137400
4b310c45a474a2ba,80688,70813023,128429,80543,70826756,128429
4b3170920192e552,46561,36674373,138698,46411,36684522,138698
4b4f2bcdaa28e58a,58467,48573083,129797,58345,48586881,129797
4b582d731652aab7,116411,106500684,129245,116311,106530048,129245
4b66363cfe5f4a51,106755,96875236,137178,106614,96887705,137178
4b8cbdeb8fff8445,85126,75213360,129837,,,
4b97808e69f0ae13,46370,36473223,131495,46224,36489317,131495
4ba0331692b7a792,24955,15053006,131845,24821,15074676,131845
4ba41abd14ed8889,87580,77694867,138251,,,
4ba476c70368c602,93134,83235898,137328,92959,83245688,137328
4badd3b1579f4021,39929,30053188,131882,39773,30062488,131882
4bd6a8dddc93f308,52828,42934467,137554,52688,42950777,137554
4be4f283cc5b49e6,31467,21574216,138668,31321,21588121,138668
4beecb09cff8bbfe,117358,107458311,138740,117213,107478501,138740
4c00accf8aed3ce2,69965,60076196,133348,69812,60087910,133348
4c029e2a00eea488,98881,89015114,138299,98734,89025280,138299
4c3ed9c27a67d1fe,59741,49854927,138678,59601,49869456,138678
4c4cc7ae137bf48d,116183,106295344,138719,116037,106305837,138719
4c6eefbf04b5620b,92981,83115236,138837,92835,83125956,138837
4c819d35285c50e9,39869,29992727,129374,39719,30002700,129374
4c864e7da4c1b1a1,17080,7194234,139361,16928,7204697,139361
4c9b5baa42f3ef02,94499,84597868,137651,94350,84618908,137651
4ca962f179c89960,58275,48378283,138421,58130,48394745,138421
4cae8a8c63e32387,17733,7853221,131555,17580,7863223,131555
4cc325573b111a54,23055,13156023,131034,22913,13173951,131034
4cc90a4c9179c2cd,33595,23657099,112658,33531,23713478,112658
4ce14dd8926df6db,118319,108418976,130696,118200,108438407,130696
4cf3c9ce55df36b5,107527,97655663,141205,107379,97670972,141205
4d0ea5dd5556f2c9,30195,20297375,138146,30052,20316488,138146
4d219802c7e50a85,62532,52614592,138169,,,
4d26549b5fb87979,66988,57053613,132174,66844,57112417,132174
4d575b0ea2084015,32924,23037442,138427,32778,23048872,138427
4d59db3a35e15bd5,37403,27481089,129008,37311,27538975,129008
4d6277452b3e4243,81355,71434719,137746,81208,71490457,137746
4d8361b97fc8422a,107373,97478305,137628,107228,97495412,137628
4d89ca3da83fffa7,44084,34194334,137448,43923,34209112,137448
4d8a299835d80172,49355,39434707,128891,49250,39477965,128891
4d92a54befcc4768,40209,30317328,156556,40062,30329890,156556
4d9a1d2f38f1a26d,112155,102255729,140151,112041,102274966,140151
4d9bd0de58c2bb81,85832,75958364,138255,85691,75970615,138255
4da377c7b33a84ff,20288,10419565,122096,20174,10433323,122096
4da3bd37636c2eb5,78420,68494189,132037,78323,68549491,132037
4dbbd34ea7c747c8,14286,4393821,137557,14141,4405386,137557
4dbbfe76be443082,48013,38137340,136742,47870,38149088,136742
4dbd8faf2771ceec,20439,10512909,131998,20324,10559632,131998
4dd0d0cd178631e9,96861,86994998,137298,96715,87005388,137298
4dd1994bc8d11e25,51654,41758156,138901,,,
4dd30889a90c4b95,46498,36614629,138210,46350,36626324,138210
4ddb878e9cd9aa4a,80834,70937006,139569,80689,70957227,139569
4de0a371062498a0,20762,10816505,128545,20630,10881412,128545
4de8900e748cda98,56943,47014512,138813,56830,47062452,138813
4e0a0143ab5dbb9d,111847,101954944,137619,111700,101967538,137619
4e3e3fae357d5b41,96196,86298018,137817,96050,86315343,137817
4e4b14864f724754,75197,65298232,138810,75058,65318738,138810
4e53bcea33d74eb1,25158,15274879,130403,25002,15284603,130403
4e7c56e60226b4be,78879,68993586,130773,78748,69012994,130773
4e954c90d7fd4ea8,72506,62593950,133525,72400,62658057,133525
4ea96e426752d0ef,79905,70033245,129426,79755,70045067,129426
4eb6c579fac804bb,65571,55677838,137891,65416,55693257,137891
4ec8cf7f479a6bf2,114017,104135259,138461,113860,104145553,138461
4ee53eba888ec9c6,86086,76194993,139017,85943,76209605,139017
4f2b53db502f4abc,90841,80953364,129125,90694,80964607,129125
4f4cf1f7513ddc53,60603,50695231,141044,60509,50739962,141044
4f5c8076cd9c336b,13375,3477379,138262,13230,3494786,138262
4f6aee6b6cc78f45,59774,49878232,137740,59633,49896041,137740
4f94e5b9726794ce,23113,13234235,139355,22964,13244639,139355
4f990ee71c697658,38254,28358580,159574,38110,28375287,159574
4fa563bc814c5490,50596,40717373,155821,50443,40731884,155821
4facdd707a02599c,25100,15212860,130920,24949,15221827,130920
4fc20f9193aef5bd,101237,91364383,96318,101145,91386731,96318
4fc89ef25f67b113,107247,97355031,137848,,,
4fcb931588ebf613,28309,18439795,121131,28207,18468580,121131
4fdfa94f12b876d4,69715,59816035,132368,69571,59836333,132368
4feb68caa9cc1c55,97560,87633637,127788,97457,87679802,127788
4ff3ffa86c8a137c,32186,22339706,337780,,,
5005af8911244edd,50473,40594609,138741,,,
500ccf619d574d5d,24299,14396220,131303,24154,14419089,131303
501176c14c827c9d,50121,40234465,137138,49979,40248179,137138
507a2879347ca9cb,29009,19133986,137754,28861,19146374,137754
5083caa2df6a9213,29477,19594254,138326,29330,19608242,138326
5092e32aaf50881b,61715,51834603,138676,61561,51846395,138676
509afb6dff5c3057,58339,48480171,339601,58213,48507038,339641
50a090114f9065e9,87978,78085105,135666,87837,78125824,135666
50aa7e07d8f3bfef,118513,108595452,128572,118392,108632443,128572
50b719c99bd9772a,115339,105441320,153779,115195,105459929,153779
50bfe69b05334e8b,44197,34317388,137413,44047,34329254,137413
50caeb54d846f01a,116817,106915314,139090,116692,106937230,139090
50dfaa5c7922c86f,13252,3376641,137045,13105,3386041,137045
50e3d8afe57eee31,113352,103481109,153242,113207,103492148,153242
50e4c9979f44b6af,118911,109035221,137571,118761,109045502,137571
50f67d197cf2035f,96141,86274762,136919,95994,86284290,136919
5111468c0b58273d,103778,93898255,138208,103634,93910157,138208
51117d86cdcc3d2e,22175,12277722,138693,22031,12295627,138693
516215792fcfefed,33201,23298420,156510,33057,23322098,156510
516c9a981a7c21d1,50565,40677897,138825,50413,40691189,138825
51a05969973af589,115370,105477512,151279,115226,105491658,151279
51afc0726cc15929,51715,41817494,138010,51584,41847680,138010
51c4de3b34b9ccc0,40461,30572883,130147,40308,30582639,130147
51c70f4492a3e05c,31685,21797247,137501,31532,21808458,137501
51f393ce18486c79,109956,100108951,389756,109847,100141398,389796
51fb807db9582c8d,25844,15974215,137674,,,
520c210abf1165b5,40305,30417317,156742,40156,30429640,156742
5223d36aad3f2c29,10003,92777,130591,9894,122835,130591
52254e20dacd84bf,92111,82218549,139657,91968,82235738,139657
524db487c6355925,56375,46566005,341534,56300,46594072,341574
526339bd843743e0,57686,47794390,138154,57538,47806169,138154
526ccc43714d2d2d,37806,27897495,139694,37682,27932032,139694
52764c04fbb8473d,80219,70323261,153059,80077,70343276,153059
52887001c4899656,14829,4913813,137964,14711,4949028,137964
529779610eaf1ada,94092,84215100,139013,93940,84225424,139013
529ed523a239b6f2,119001,109135364,137640,118855,109145741,137640
52a2802674231c67,16472,6561399,130850,16369,6592471,130850
52c5d81688d04441,100056,90178295,138128,99907,90188358,138128
52ee688d986e1d90,23544,13654298,140182,23398,13664072,140182
530ba50bcb062a0f,49578,39674969,141455,,,
53255736e34d10ce,61838,51957625,137737,61690,51969939,137737
532f194a62978f5c,21250,11373976,137826,21093,11383984,137826
5355cf5aa0a3326f,40145,30254185,138068,39998,30264207,138068
537c9368e827e9ed,31055,21177400,138556,30904,21188888,138556
53825e22d34db6f3,28772,18873644,136315,,,
53999e40fae49dd5,99392,89468451,129216,99296,89511210,129216
539fcc73227ffb50,32658,22754027,137972,32548,22791120,137972
53e63b09d6f18f0b,27981,18094190,137489,27839,18108104,137489
53efd049a4d9c3be,23923,14034759,130925,23761,14044552,130925
53f8818c8275b8e0,53589,43677558,138561,53474,43738637,138561
53fb1fd4e97ce914,102563,92593684,129713,,,
54059e2b534d9333,11546,1660041,174373,11398,1673219,174373
541b3ef188f5cbb6,107342,97454999,137143,107198,97487149,137143
54598bda852da2d9,33688,23717353,130483,33613,23807602,130483
545ac921c7199a30,64943,55057986,139828,64802,55070023,139828
545da7e6fddf817d,117704,107818349,137316,117549,107828840,137316
5498295483ddd4af,32983,23114372,139419,32834,23124713,139419
54a1906b4d139fd0,42069,32174324,138739,41925,32189073,138739
54b0c1d98bbb2f81,59311,49417939,137381,59143,49431085,137381
54c75d1a038d099f,15681,5792364,129361,15531,5802277,129361
550cb3764d5f345a,66358,56433708,132417,66267,56556072,132417
5511ed2f86d2dffe,111993,102094113,128582,111882,102112326,128582
5524f20e868fd6ea,91786,81875280,138665,91683,81916840,138665
553427ae036e1802,55961,46057845,139023,55820,46086101,139023
553a840bd01ffc43,76589,66673739,132372,76496,66712638,132372
55474e15a4490db0,87370,77458032,138348,87257,77518220,138348
55475c4e2d335fe3,61654,51774452,137360,61502,51788922,137360
559a14286a59f8a4,94182,84314807,137972,94036,84324584,137972
55b55f7aaeec7b35,119748,109875210,138059,119599,109886201,138059
55c5e3383e21905b,92671,82786382,138653,92526,82797396,138653
55c85b7a6b07916f,91027,81154824,138135,90875,81167659,138135
55d0ee1348bc7dfd,92479,82578141,139010,92336,82602018,139010
55d1a74d6a58aed0,43383,33512990,76557,,,
55d9fbbf30b37382,57304,47434416,138320,57154,47444168,138320
55de5cffd5ef6ce4,82797,72898419,138322,82654,72920688,138322
55e97dc12c7466db,16788,6872068,128094,16670,6908610,128094
55edf8ae664b34f3,37595,27672826,130388,37495,27719187,130388
5611c48480f1e1cb,119687,109815076,136943,119538,109826179,136943
561666f2a6eb2aa7,15092,5214027,138114,14945,5224139,138114
56193ac20cd67785,66776,56823515,131685,,,
562c933f1550eb76,78908,69015878,130537,78772,69029109,130537
5653904008fee527,102344,92423979,129136,102274,92466654,129136
5656337537293e45,83023,73182756,352827,,,
56740a3a626127a1,84195,74298160,138718,84051,74317483,138718
56bb1497d18649cf,95875,85975046,138233,95744,85994454,138233
56cbc399b64e7059,97835,87934925,137849,97707,87954203,137849
570dadf55fa0df48,43532,33594341,113440,43440,33700045,113440
571ebab722f3c88a,83409,73495220,139611,83310,73530364,139611
571ff920aa71a92e,63643,53758368,138599,63493,53770113,138599
573df487b2554fe1,110112,100193517,128213,110008,100232093,128213
574253b5adc5bea2,113205,103318175,136906,113048,103327815,136906
5749ba1f778caba8,30226,20379808,338874,,,
574fc439672ac234,49849,39974710,138952,,,
57525be990c23b02,11764,1874170,128376,11609,1884329,128376
579b48fc1a5307d7,45358,35457734,127596,45256,35477903,127596
57b36917260d021f,114829,104918623,135262,114703,104948902,135262
57b3c34a6a57ad35,89680,79748551,129532,89607,79805650,129532
57cb7f330b480480,12292,2397059,138326,12143,2412242,138326
57d0b6042932f35b,52740,42874265,138105,52596,42888650,138105
57f670666eb63cb2,105195,95298020,137962,105056,95319027,137962
58006004a78833de,62289,52416488,96751,62192,52448547,96751
58148781287532ec,44001,34094086,136306,43850,34131529,136306
582f2d18a78f5205,21223,11334398,139295,21054,11344163,139295
583c3e0c29ea866f,26930,17037561,139280,26792,17053105,139280
5842a1e10a3d994b,86773,76875109,138469,86630,76895463,138469
585097d9809fd340,69682,59793731,132814,69540,59809782,132814
58643f2c889e8e54,72358,62501841,352200,72242,62540650,352240
5871b13eea759061,26463,16552348,127939,26354,16612617,127939
5876c1251a3c1758,101723,91813439,129063,101607,91896653,129063
5878552df93c5565,56915,46974818,139464,56808,47035230,139464
588c2714e26972b7,37835,27934219,138073,37708,27960378,138073
5891a0298f00227d,57246,47374523,138490,57093,47384407,138490
58a633594527275c,43149,33276818,99278,43053,33307675,99278
58e9ea068bbbdff1,115655,105774973,136927,115503,105785172,136927
58fc66cee106d5dc,105636,95755378,139934,105485,95766744,139934
59049c4822df072b,44056,34157233,137034,43898,34183917,137034
59096cb61160331a,106213,96285764,129755,,,
590af947a099ad44,17322,7415212,132172,17179,7441467,132172
59162c6722306894,30732,20817739,139441,30625,20914597,139441
591c05fc0d26e624,105914,96018529,137630,105772,96035781,137630
5931e629c3015fb6,21084,11174120,138415,20922,11204310,138415
593c3950c23bf183,18938,9053849,137534,18791,9063394,137534
593f4328517f0050,97238,87338217,137373,97090,87358451,137373
59912a4ed8561a11,37893,27997521,138050,37757,28016761,138050
5997f2d9d7eca792,83675,73786309,138175,83545,73801986,138175
599f446321b776ab,80565,70677436,141073,80412,70688951,141073
59a4248c7d789f8d,105947,96055224,138939,105805,96070700,138939
59c283a510bb9e71,52796,42897961,139941,52656,42921155,139941
59c7de9dffa63651,78228,68382773,352746,78123,68420358,352786
59d9dccc22646cfd,55548,45638076,138684,,,
59da1da748c6100a,16081,6177437,139857,15938,6201487,139857
59f66dfd62e2adf0,50088,40194384,138315,49946,40209525,138315
5a034d8fbe5ad08d,24524,14598059,131096,24420,14644085,131096
5a0c27881f459df5,58746,48874507,138362,58616,48884438,138362
5a0e494f7e0ac5a5,14035,4157590,136979,13887,4167890,136979
5a108ed53242dd8a,91450,81577116,97228,91347,81636688,97317
5a1f4d81045e5dbb,20601,10706611,119133,20481,10719313,119133
5a38076ec7028fbf,28013,18117165,136266,27871,18134589,136266
5a467490da748b50,13537,3637124,137926,13392,3656738,137926
5a60b831363fe4cb,82862,72958501,140007,82719,73008183,140007
5a67770e4d9a29c1,47893,38014336,138013,47750,38029662,138013
5a6d14557b9124ba,67954,58058260,138893,67811,58076807,138893
5aa686b94f83c4b5,54358,44474568,136916,54211,44489337,136916
5ad80bd37ded2f40,49640,39737579,139076,49524,39786744,139076
5af81b0d61a84f23,26840,16937467,138417,26711,16964050,138417
5afe596e3623a3c0,42913,33017721,138289,42766,33032605,138289
5b231933359de343,83499,73578044,138233,83391,73621282,138233
5b3ef11f51529ee6,101479,91553233,128306,101384,91672706,128306
5b588103f449e30e,43564,33616428,129795,,,
5b7c8cae1e3ebef4,108498,98594967,136919,,,
5bba0d0e79b2c796,104055,94158467,138504,103909,94176811,138504
5bba66979c27149e,88232,78338172,137502,,,
5bbc278a4867cde2,81480,71558130,137637,81327,71613452,137637
5bc1b262a863ae32,86675,76777113,141351,86533,76799200,141351
5bd10a33eb5c3c30,66422,56488712,133174,66330,56618912,133174
5be0f2cbfa37ce66,108280,98373964,128106,108178,98401833,128106
5be1aea56e4becdd,74122,64235308,140429,73983,64251480,140429
5be2832780156710,103244,93339916,129267,103108,93367432,129267
5c15a4e37b08e3e4,40645,30774654,140363,40494,30785145,140363
5c1b88e27da4ec21,66131,56234820,139670,65986,56253715,139670
5c2dfd042955957a,97746,87834978,138731,97628,87865744,138731
5c3703cd4114ae96,44606,34714335,138256,44461,34727473,138256
5c3f85eb73812911,101183,91348524,389829,101085,91379552,389869
5c402e51933b9709,27330,17437164,155909,27186,17453429,155909
5c4bb8e7b7a0b53a,17547,7654155,139540,17400,7666272,139540
5c593d52d133ad38,20218,10334343,138435,20069,10343984,138435
5c70042541c71aad,11200,1334238,139504,11054,1344264,139504
5c78065dc41070fa,18099,8213972,137182,17954,8224074,137182
5c7f1375c68e92e9,51624,41734600,138147,51501,41759543,138147
5ca6d91bfc7e9433,68229,58353830,132790,68083,58365991,132790
5ccbc262e241c9e5,33980,24054286,138328,33842,24100005,138328
5cd304530c5b160a,26056,16156971,138029,25914,16177956,138029
5cefbc3620a73609,48580,38694528,138878,48435,38706776,138878
5d00018f19a515b3,38010,28134173,137928,37859,28148858,137928
5d1f6806f92b235b,19807,9933914,137188,19658,9943925,137188
5d58cc99eb24e1bb,59935,50037750,138350,59792,50059631,138350
5d5c7ff078de1f14,103594,93698371,139598,103450,93718117,139598
5d6133afe0742c61,92141,82255621,136676,91994,82265177,136676
5d652046c722515c,13633,3745345,138764,13486,3755255,138764
5d6b21d002995d32,85622,75734681,137243,85484,75746666,137243
5d7abf86c60c5df7,17825,7934677,130948,17667,7944687,130948
5d8b68cb0d99451b,58841,48974597,137814,58704,48984957,137814
5d931e60888d661c,18474,8554088,127733,18354,8592943,127733
5d9a4f50e1943c4e,101751,91837115,139861,101631,91898584,139861
5dab1137dc934a47,107086,97197120,150534,106946,97211832,150534
5def112886793ae5,95001,85135360,139145,94856,85146253,139145
5e27463ba2a6a7cf,13696,3796176,129934,13548,3815580,129934
5e3071599fe6d0c3,101285,91383009,110321,101192,91403890,110321
5e3aba772ba19137,86588,76717713,154725,86440,76730700,154725
5e3e6a9ae3208e82,45033,35136067,139513,44887,35175922,139513
5e48c4f45a00872c,86465,76580784,154261,86307,76593862,154261
5e70d46c23f582a4,23799,13912431,129387,23643,13922327,129387
5e79f71b31a8f869,34906,25033861,137182,34757,25043438,137182
5e9287d90606332c,16993,7094512,138353,16851,7112756,138353
5e9bab93b672c1b2,117050,107175315,138668,116897,107185714,138668
5ec113a2c8528573,81630,71734928,138000,81471,71763384,138000
5f165dbfbc1c31f1,58807,48934512,138079,58673,48944567,138079
5f34658de27aa816,50282,40394283,138138,50139,40408752,138138
5f89e4c3639b8dbc,17794,7912583,130679,17638,7923057,130679
5f910020e82b58f5,68575,58661792,119756,68483,58695952,119756
5f996c306328ceee,21167,11274005,138389,21000,11287261,138389
5fa250413d24ff6e,73309,63415523,143508,73170,63432466,143508
5fc126af98a9573c,66900,56953736,133164,66766,57055402,133164
5fc4d4087889aa7d,11321,1417011,138054,11176,1441179,138054
5fcbeb6f12bf2d3f,21874,11992845,131423,21721,12002735,131423
5fe58547a75afe27,117977,108078528,137331,117833,108096793,137331
600a499192775a5d,87400,77494862,137584,87284,77525817,137584
602eae22b64cb544,22531,12618766,130792,22426,12650651,130792
6035521afad8e0af,33080,23214277,137931,32934,23224889,137931
6068a69faf34e473,87639,77755341,138457,87498,77767477,138457
606de63257bdb59b,21591,11694385,140481,21446,11710327,140481
6094dd40c8b66ff4,35282,25438235,334601,35169,25462867,334641
60c61621233f9bb2,25627,15736415,141115,25479,15749942,141115
60dc16c745b22952,114517,104593521,128246,114410,104636759,128246
60e69f7873b6a591,106341,96413658,129641,106253,96463111,129641
60ec13539c4e153c,48326,38434560,138891,48187,38448117,138891
61079ac4a0a670a8,39278,29375283,114430,39159,29396629,114430
6108a77e6f79d01e,73753,63873882,132344,73602,63886216,132344
612c950156ed39d4,110272,100353768,130382,110163,100391513,130382
6133c04ce2823f48,24491,14575935,115379,24388,14609943,115379
614632c4fa6e2323,38415,28518130,140842,38269,28535397,140842
614d87d41ab9e4b6,28426,18512503,129239,28323,18546779,129239
6168ce242e18ed4e,88931,79058856,100441,88802,79093402,100441
619721f6ed9cf506,24168,14274218,140108,24025,14289322,140108
61dd5ee4ff2765f0,107119,97222820,152320,,,
62019d2d7d9c8b97,62955,53074682,139272,62817,53086709,139272
62052c94289b7c4c,43264,33352652,127913,43167,33456244,127913
62113ab3a0f5510c,19058,9177012,137553,18901,9186511,137553
621d6c5ff6ea17ad,62718,52814547,138522,62609,52897737,138522
623effacf3f04254,89237,79315391,129684,89108,79367749,129684
625b8ed21e7d0416,81061,71223408,361925,,,
62686ff2ecc229d8,93231,83338133,156641,93085,83349707,156641
628158f2b8747066,119837,109938506,137000,119694,109957833,137000
628cc64a49c45565,43864,33934746,140349,43733,34022100,140349
62d34fe7befed85e,71702,61813816,133047,71556,61825161,133047
62d8df66bbfa70e1,103341,93437359,139648,103205,93464148,139648
62eade656b7e6bfe,79795,69895687,130704,79657,69945809,130704
62ebf8db1ca5cf39,95438,85527294,128354,95332,85558085,128354
630b8a2ea605c2ab,11515,1630036,173767,11368,1642244,173767
6312ceaa4fd6fe0b,13853,3972694,129509,13699,3982571,129509
63262090bce7ab87,61955,52057754,138300,61814,52078480,138300
632bfc56ede4a1eb,58242,48354919,139155,58097,48365725,139155
632c191b587c9e5d,42760,32893003,130420,42612,32903012,130420
632f74dd61c5672f,93794,83894965,139058,93671,83914410,139058
633b3a8d2d091b83,40740,30874431,139566,40594,30884834,139566
6343687fe6c06ee7,57654,47757879,138632,57507,47773590,138632
63521758f63fe7e5,72698,62793599,131977,72587,62847779,131977
63790c4b30639656,49939,40057542,137930,49796,40085353,137930
6380e962f5f56d0b,100274,90377334,151505,100129,90394165,151505
6384c9394e509f37,102076,92233278,138160,101944,92246173,138160
639cf17d26b26d5c,115956,106057997,137189,115812,106075540,137189
63a13f1ef3f43265,63917,54025711,138218,63775,54041739,138218
63a14a3b80584ba1,112375,102555513,358325,112292,102586070,358365
63c1af8e85bc34af,84598,74718495,138225,84452,74730177,138225
63cd8ce289d55150,52461,42574349,137568,52315,42585700,137568
6402431c99f17724,54513,44634510,138683,54358,44648714,138683
64050b328238109b,87307,77397657,141484,,,
6405fb1648d21152,43836,33894496,128712,,,
641d9a7f42a87755,26153,16257363,139692,26012,16301259,139692
6426d8f7704d9137,22693,12772848,130891,22584,12812890,130891
642a565a6d28a6a7,88481,78617876,154062,88350,78644296,154062
643c613fe08ce4e9,84290,74398870,139710,84144,74412006,139710
644fc3949a5d8783,21308,11434399,140183,21154,11444302,140183
646231b57882a897,119902,110015371,137615,119759,110025874,137615
646f27731252ad74,47589,37678192,138272,47476,37712342,138272
64838b96109138e1,12742,2834604,141478,12633,2862418,141478
649a0ace693f70f1,85349,75435339,129462,85241,75473280,129462
64ab317935b56299,85711,75834924,138217,85570,75859506,138217
64b0d7cbf3713315,87277,77373719,130725,,,
64b939fe86bd241b,66034,56139017,140295,65891,56156824,140295
64d05cc3b772055d,78355,68443634,133722,78258,68547238,133722
64f922a2d9ba6251,88075,78178666,139886,87931,78197671,139886
6500730d0c230e01,29755,19877799,138577,,,
6502dcbbde2134b8,51925,42054277,138361,51778,42068453,138361
650d451ee1550bbe,68316,58415966,131798,68173,58439302,131798
65471400333e0656,119657,109778482,136979,119508,109788867,136979
65543dc01e44f60f,23830,13934867,132931,23672,13949979,132931
6567b6bc4e114afb,77350,67454809,138479,77208,67473436,138479
65717cb437ea36b9,16338,6497260,330641,16230,6523352,330681
657c29ec35801c1a,20568,10676387,117236,20450,10686279,117236
658fa91c924ba97a,77253,67353895,132492,77112,67401848,132492
65a1f88cfdd82a11,72198,62298839,140650,72057,62323022,140650
65ab09540d5c6a07,93975,84078365,138548,93834,84095094,138548
65ac937415888edd,92415,82521736,156317,92272,82537918,156317
65ae5083ae5d7c2e,76744,66834731,138246,76636,66867882,138246
65aed530a4cd7d3d,77446,67553634,132128,77302,67569072,132128
65b2c8a4c13c4f9d,34629,24734889,129342,34479,24748011,129342
65cb79f7d3900e81,14480,4580625,128391,14377,4599264,128391
65d1d807beb0cd07,54666,44793023,128903,54523,44811636,128903
65d2f89b5f00ce10,97174,87286592,137317,97028,87297506,137317
65f92f7f4b544884,54545,44657778,137936,54388,44669931,137936
660c6d001eb46be9,55842,45974743,139261,55696,45987333,139261
661f6ad237e13b68,44028,34134025,136971,43873,34157479,136971
6653457008efcda4,21495,11600025,154360,21351,11615618,154360
668e100e494935fd,92350,82454887,137753,92177,82464716,137753
66b23f887c0a8038,58715,48834459,137332,58587,48844140,137332
66d45c86fadbb919,28802,18897058,138293,28679,18968591,138293
66d67e827d470c0d,58436,48540052,129194,58314,48555587,129194
6712d857d6d6dfbe,76921,67037381,132571,76792,67053948,132571
672324d1b7812958,64973,55094533,137700,64827,55107108,137700
6733882af3ea189b,37951,28057171,137725,37807,28071224,137725
67371e7e8257cc87,102312,92402060,127395,102243,92434448,127395
67425401e812af1e,18293,8438512,335339,18171,8464036,335379
678179c5c697dd61,81570,71657918,138065,81413,71702031,138065
67abce1a9421a824,58654,48774954,140688,58529,48785599,140688
67d3fec4783dcd05,31993,22094091,137028,31852,22115602,137028
67e1bcdfe8000c14,37436,27512962,130355,37343,27559162,130355
682299848870d7ac,17387,7494079,139126,17243,7506789,139126
68261562991c9d0f,10877,974344,140232,10751,997669,140232
683110956c2eadef,61900,52034405,137827,61756,52048183,137827
683ded4945a066ff,70662,60733908,133098,,,
68477230855ee60c,69274,59397956,132111,69129,59408803,132111
686b75dfdc492256,13944,4053867,128527,13786,4063336,128527
689ded299217e0b2,17763,7875162,130122,17609,7884873,130122
68a4e6da000949f9,59464,49577871,139109,59307,49588118,139109
68a5ce7f293972e8,40492,30613036,130107,40338,30623364,130107
690f51bd9795c104,103625,93735270,137446,103479,93747255,137446
691989244150a626,39228,29355896,103747,39109,29371669,103747
6930f8c6ff3f0c5a,88605,78697330,140791,88479,78736213,140791
6938f81afb177a28,17702,7812746,130549,17551,7822569,130549
69612d8d4cc92276,94752,84875081,138021,94595,84885384,138021
69791e9cf032efd1,91907,81995059,138273,91791,82036084,138273
697e3f9a17cc250a,82236,72335554,130552,82089,72358083,130552
698963c9d19d80f4,96612,86718459,138676,96460,86731962,138676
69b0a5bfd6e032bd,83121,73220905,130558,83035,73324777,130647
69b390a9d630636a,105482,95593648,129506,105337,95604704,129506
69faa853f2e7384e,70757,60833726,132752,70660,60892324,132752
6a02a48011405e2c,14610,4674126,129075,14506,4729299,129075
6a1be63f2cb6681c,27948,18054178,138288,27806,18069712,138288
6a23b502a339f5a2,57623,47734434,137280,57476,47744149,137280
6a3c8ac14ffad01e,103989,94094945,137170,103844,94133754,137170
6a6509af6a341731,28650,18737711,139193,28538,18772701,139193
6a79d76145f6659c,49609,39698022,136550,49496,39785208,136550
6a7cb4f2a22fbf7f,71576,61677420,132066,71433,61699225,132066
6abbed721a11f63a,27362,17473918,135958,27218,17488156,135958
6ad099a71d277225,65317,55417859,138664,65170,55440891,138664
6adc71645fbc877d,108184,98273467,128428,108084,98373400,128428
6af3e10e7e3dd19a,50346,40454581,138412,50201,40467349,138412
6af49cb702f4db6b,83377,73453478,129714,83282,73499646,129714
6b19b6cf2ebd3782,20793,10848867,128550,20659,10913153,128550
6b27c104046b437a,116022,106135234,137213,115877,106145140,137213
6b37376b0c0905fe,69215,59333540,131755,69065,59345153,131755
6b3dcd2b3ebcfa1e,68892,58973852,133515,68786,59022891,133515
6b50fad45847e65c,60698,50794350,137884,60601,50890107,137884
6b52298caf7a61b2,12958,3052601,129294,12830,3076644,129294
6b61562fcfdd6dab,29847,19974346,137926,29703,19986386,137926
6b6523f4025ba10e,45796,35892745,129539,45669,35916406,129539
6b72eeb1171665ae,73535,63641203,131477,73393,63656321,131477
6b7c7fe151a37d7f,91628,81695205,128285,91534,81763175,128285
6b82fca782f4ede9,34535,24638080,139770,34388,24654610,139770
6b99a90fa0ab445c,13105,3214173,138846,12960,3224322,138846
6bd2cf686ede5022,55695,45798281,139281,55575,45864224,139281
6bfae5bcbf7817cf,60410,50504089,129581,60320,50535004,129581
6c0224d56366fa51,82615,72735165,138252,82465,72747754,138252
6c044c5763a7e2c4,21001,11074116,139738,20846,11121053,139738
6c0aad3659a74b26,86151,76255653,138286,86006,76273071,138286
6c4a52bb7f876ed9,49046,39154360,138233,48905,39170416,138233
6c5c2a75f481cbe0,17200,7335427,145367,17055,7345546,145367
6c79a0275a7d3571,114769,104853337,127307,114649,104888109,127307
6c7e653b73362efe,33775,23788355,128859,33684,23894721,128859
6c807e6a37685d6e,20122,10234186,137963,19975,10244787,137963
6c9a6c2e361c97d8,62985,53114708,138626,,,
6cb557de79bdfe0c,13728,3834226,140283,13579,3853991,140283
6cd15666dd30e03a,26088,16194081,137552,25946,16209493,137552
6cdce932ca3eab0b,79494,69535179,128549,79374,69617846,128549
6ce4bb34d96321c1,72036,62138667,140222,71896,62159102,140222
6cfb377e432d36d4,47743,37854737,139617,47617,37867893,139617
6d07aeb183bd14d4,107403,97515514,137494,107257,97527910,137494
6d1943b9ad62d6c8,12927,3014025,129137,12803,3046686,129137
6d1a98d470ad49c7,77508,67613819,132867,77363,67629571,132867
6d52dcdb62f29353,12356,2474001,137991,12206,2484801,137991
6d55f61f8e7d1f9f,39440,29532754,129506,39319,29559078,129506
6d56bbd8c392a114,115122,105255138,137284,114974,105264991,137284
6d65026db6cb2b45,12897,2992228,128974,12776,3016340,128974
6d69307590ca7623,89954,80017429,153780,89857,80123649,153780
6d7a4771305778d7,15426,5533917,138276,15281,5545989,138276
6d7e5e1612a27274,101925,92038168,136352,101779,92050152,136352
6d8191ad3d1f3f40,70450,60578665,105909,70356,60605753,105909
6da0332bea1f820c,51985,42114972,138961,51838,42127212,138961
6daa4287a9e83855,52397,42514300,137164,52253,42528713,137164
6daf85da139e0eed,92701,82814923,137858,92556,82826976,137858
6dc6d6521c73da8b,110396,100478046,136011,110278,100516261,136011
6dea3c0306857a4b,104913,95038857,137769,104770,95050760,137769
6df92e4ba99826cc,26430,16519824,129257,26322,16611141,129257
6dfb0a48cb5057c3,89174,79254058,129254,,,
6e1c80181f1e56d5,96326,86437615,153720,96180,86449106,153720
6e209bd28ac38e27,100209,90315035,138479,100064,90329031,138479
6e32e7c507b505fe,42575,32692931,130141,42418,32701984,130141
6e4a6cfc9c2408bd,111589,101697986,155003,111445,101709877,155003
6e5975aa873c5c85,35846,25937333,138053,35712,25966603,138053
6e5b0a69dbcfd75f,88138,78255149,138551,87993,78267805,138551
6e61857ba6b13784,75262,65375232,140829,75123,65388229,140829
6e63fb53fa823554,104535,94613707,129540,104435,94657596,129540
6e690a24ffcdcc93,59026,49134832,138995,58876,49145685,138995
6e6b87e443343d79,105545,95655701,129630,105399,95688097,129630
6e8e77f8e2b0736d,59217,49317549,138048,59054,49336733,138048
6e920b33ffd6375c,30879,20993914,137335,30758,21047333,137335
6e94883700270d08,72069,62174751,139109,71929,62193205,139109
6e95688c55e54a76,97464,87535531,128587,97364,87582692,128587
6eaec046f07375a5,38038,28157726,139099,37885,28168603,139099
6ec4202875f74a85,112251,102338452,137922,112133,102370969,137922
6edd3fbfbf0eb439,104565,94653463,129086,104461,94686303,129086
6f1baf29686441a6,29069,19194098,138228,28914,19204990,138228
6f5c66ceb71441ed,44316,34432491,182277,44174,34451391,182277
6f85585b153a3c62,35442,25520777,128363,35333,25561482,128363
6f9afb0ec4cebda2,66744,56801254,116301,66625,56865296,116301
6f9ec7ad076090f6,39840,29953109,131620,39693,29962893,131620
6fa8192ff04d3fc1,21905,12016633,141021,21750,12027568,141021
6fb0bb618676d0b1,33657,23695193,111988,33586,23775377,111988
6fbe2dd8c1dabdd8,103717,93835000,137936,103567,93847666,137936
6fdea96fb653eb1a,70027,60153629,132059,,,
6ffdeacd652e6fc9,10195,279141,137524,10080,315832,137524
70137c9c4de9f12e,28741,18834100,138213,28621,18866361,138213
70186d627655fc4c,58623,48732895,128275,58499,48742950,128275
70596a9a63fbeca7,31209,21314274,137924,31066,21355937,137924
706165b58f803742,85158,75253617,129627,,,
706c4261da043e43,44733,34852845,127975,44584,34865900,127975
70990d3827fde956,76804,66898851,140292,76688,66928393,140292
709ab1a5d73cdf51,99327,89424565,112746,99232,89445680,112746
70b3c36d179a81d2,34029,24117498,137702,33881,24149088,137702
70c933682162df4a,35121,25234230,137749,34975,25244337,137749
70cfd8343e317662,109235,99338236,136202,109092,99356970,136202
70e5d6731f6f28ae,52020,42154226,137383,51876,42168485,137383
710cc16636d092e4,12550,2638881,129958,12446,2669564,129958
713ea25774f3fb07,11917,2034474,129949,11766,2044297,129949
714bd0f768321ccf,117294,107398722,155743,117149,107414928,155743
715474c5d18db8b7,27551,17657286,137586,27403,17691726,137586
716917ff810f44c2,87052,77138576,131022,86947,77205324,131022
71b7e730b7966e31,84259,74375205,139724,84113,74388270,139724
71c8adda459b13f2,114581,104655546,128709,114473,104700439,128709
71d22bf0d312fd1c,42263,32372885,130639,42117,32382578,130639
71dcffc87364888f,68982,59073582,131792,68865,59105972,131792
71de9b5d96ab5dc9,90172,80274769,137475,90037,80296722,137475
71f68645d4e50aca,98127,88255664,139340,97977,88265964,139340
721a13202598fe0c,64175,54278598,139220,64030,54296878,139220
72333ecd9cb3883e,88980,79080784,129830,88853,79105905,129830
723cdd500d1e5eb6,82959,73058156,138179,82815,73082547,138179
724f085a1cd5bb38,22370,12474222,137258,22225,12490332,137258
727bb29a61a5fbe5,97950,88058213,138287,97807,88070105,138287
728830fd788c45b9,98507,88614959,137439,98360,88626871,137439
7289dfb0aafaf401,38786,28912804,130385,38635,28922658,130385
7293dbd345219f12,98347,88455207,139159,98202,88466309,139159
72ef5c8d80bfa662,81449,71534837,138610,81298,71587149,138610
7309cab8cc309993,23984,14114736,142757,23834,14125336,142757
734991376bb3970e,55364,45437243,136208,55269,45558086,136208
735c133ee60630e6,44575,34677349,136994,44430,34698048,136994
737d1d0e2ddde444,38319,28420840,137706,38174,28438929,137706
739894a64e6c501b,77633,67753933,132023,77483,67766108,132023
739ee6eba3560fae,30761,20854766,137662,30650,20916067,137662
73a527c3760e7353,60378,50477755,128410,60288,50502286,128410
73bda37619ede0f6,94721,84835030,138323,94564,84844720,138323
73cc96292c1894fa,75488,65595061,140077,75346,65609175,140077
73d66ddc040e5ade,10133,213996,129879,10020,252325,129879
73d7b99c67b3d798,100498,90598188,137578,100349,90617462,137578
73f708d967a7a896,56059,46157726,138606,55917,46183538,138606
73fdef91045a9ffd,71511,61615471,141019,71370,61635159,141019
741de4c33e6123fb,57341,47474524,137183,57194,47484344,137183
743e4b2339b6aaee,60939,51054653,138891,,,
744602f175368ff0,49388,39472833,129254,49282,39513023,129254
744e6c471b175db9,92794,82914943,138421,92647,82925388,138421
7460478edcc5e487,21813,11914886,131268,21662,11932285,131268
7469deefd4d8c93b,94968,85094968,138184,94818,85104956,138184
7471ba9b52e2479b,59342,49457468,156011,59178,49468528,156011
74a2b69cc7b3549d,71170,61293589,132267,,,
74ad5d621ca5cf16,12582,2660838,130089,12478,2700829,130089
74da82deb235c374,78762,68853570,130725,78643,68931734,130725
750060454d899e73,45615,35694728,140380,45504,35734841,140380
753be7f947ff3cea,81775,71893623,130935,81617,71909603,130935
75488c872ab90fd8,54134,44234084,136432,53993,44282481,136432
755f31485cfad2ce,69586,59694946,139660,69445,59708104,139660
7584a5b0b5f7f899,82139,72257708,153962,81993,72271701,153962
759deca94582ab13,63105,53234624,138866,62954,53245853,138866
75a75dbaf0cea073,102837,92918162,137979,102715,92966370,137979
75c6622a77930566,13883,3994670,129937,13728,4003956,129937
75d71ba350b37571,49111,39214659,139184,48969,39232024,139184
76007c6a77c50188,61498,51614495,137471,61353,51630471,137471
7605ebd4ca8278f9,90367,80494880,138108,90214,80506039,138108
761b0f41a689b3ff,32719,22813915,136982,32601,22852820,136982
7634c4368ce2e5ac,64079,54181039,157728,,,
764d3b7f44343a18,27426,17534244,138750,27280,17549555,138750
767d4d5db405a9c1,94876,84994981,138569,94720,85005071,138569
7693b3917b005167,116278,106441128,346540,116174,106467886,346580
769c1f07bdaf9ed6,65381,55494680,137511,65233,55511398,137511
76a4cb026d52923d,64364,54441043,131177,64268,54526090,131177
76b3c2352f9e2e08,15835,5953957,138312,15679,5964565,138312
76c55aef276b9ccf,42389,32504411,131945,42240,32514264,131945
76c92d03fbabdc89,41301,31392658,128821,41192,31419748,128821
76e27ebc82d300be,12324,2433933,137594,12174,2444085,137594
76f7710f5f4cb5c1,64428,54513110,129372,64332,54621059,129372
77069a13a2012af6,94434,84546203,138082,94286,84555889,138082
772c8b451e17be3f,51468,41557467,137536,51358,41618036,137536
772c9defd258680c,10906,1005103,136987,10778,1026241,136987
7733ead33db8cf80,17108,7234250,140605,16954,7244755,140605
7745ee7e589a8bc7,85503,75615045,138087,85380,75628300,138087
77495e702cee8984,67211,57314538,138056,67046,57333171,138056
775b58fd8dd9ffb5,110902,101015347,137729,110757,101025640,137729
775deaedf29c958c,83470,73554691,138029,83365,73590769,138029
77703fc6941ef3a8,67294,57413433,130974,,,
77d76e6d83f00acb,32311,22399891,128943,32219,22448315,128943
77dbf8dc2dc3a996,100901,91034896,137854,100754,91045336,137854
77e58c48582a523f,14189,4294009,138272,14045,4309440,138272
77ebf386fa9b19d2,11980,2112091,127721,11831,2121521,127721
77ecab6d7e9cd754,65937,56038361,139003,65795,56060139,139003
780dbda74d78c46a,31746,21873858,137347,31595,21887878,137347
7832666b21d765a2,60571,50654943,129506,60478,50738874,129506
78459d2c06c313d5,23768,13876613,142006,23613,13888215,142006
786036058bbaca5e,45423,35501213,127544,45320,35542605,127544
78884c2573bb4eca,100403,90515279,138733,100257,90525147,138733
788fe8c33c4a280b,22120,12254202,139228,21974,12264490,139228
78a4cd2a9f50b34e,48643,38765834,138377,48495,38778387,138377
78ca906a7c2d2ec0,63261,53374821,138941,63121,53386528,138941
78dc805ba7c77b42,83186,73264962,129990,83099,73326915,129990
790a53ad83f9db74,78452,68533711,132267,78353,68573651,132267
790ebd6f49f8a577,55010,45114785,137887,54871,45133080,137887
7940037109e519ef,89110,79195627,130200,88983,79231818,130200
795573e2d618425f,26990,17114271,139266,26845,17128752,139266
796fb8046d5ead8b,10754,829847,112309,10637,872952,112309
79841e3c815acfea,83937,74038320,138724,83795,74058904,138724
79967d29b710d500,13075,3177549,138111,12934,3194845,138111
79bf6bbd7d9c9b29,24926,15014830,131087,24795,15045297,131087
79c8e6f1f26ff906,39194,29338662,335231,39071,29364694,335271
79ce7c8f0802755a,68348,58455409,142676,68205,58469783,142676
79d678b3576923a3,10226,313945,138123,10108,346586,138123
79db29b4e3393f47,83250,73315407,129395,83161,73370903,129395
7a1e0dd86cac3335,53912,44037616,137759,53772,44049571,137759
7a5b6846406033d3,70207,60313565,131950,70058,60328781,131950
7a5fb22247cd7064,47299,37400226,130642,47194,37425497,130642
7a97b192c3bc03b9,22756,12833168,132896,22644,12875553,132896
7a9893849eaf1528,68737,58813683,132883,,,
7aa98fb656f8300e,99852,89955199,138101,99717,89971725,138101
7ab31b4ee6ec81cd,63828,53954721,139368,,,
7aca54957b0c2cda,74057,64159068,140560,73918,64180280,140560
7ad4405357f7324d,34566,24672932,131169,34418,24685076,131169
7add1a4b70e43d59,56578,46656706,129172,56506,46698282,129172
7ae9e0ebad8f9ce5,75768,65895059,140799,75616,65908955,140799
7b1da4495558b0f2,95755,85837647,136308,95636,85875231,136308
7b3e8c2c15f14414,63948,54054804,139379,63807,54072918,139379
7b4debef5c3e8366,58210,48314713,139166,58065,48329986,139166
7b8449848bd51240,76557,66636652,133328,76466,66684832,133328
7b9f4b8d166f03e5,83705,73814848,138160,,,
7ba42b0f072ff39b,46623,36734403,137780,46470,36744685,137780
7bc32ea8bd1bd0a0,90683,80794565,137509,90539,80810788,137509
7bc71b66e3bda3f9,23672,13775410,133267,23522,13792601,133267
7be0a15a7ef61f54,61176,51277663,138033,61035,51299360,138033
7beacf95370621d4,12228,2334258,138993,12080,2348479,138993
7c027d7c4b1ed2a6,84567,74695099,139995,84421,74707855,139995
7c24e829ff30ca61,93541,83633383,127679,93430,83660710,127679
7c3cb8cde2467357,76461,66535695,130364,76374,66583358,130364
7c50b78dc8a27159,41022,31133009,130995,40876,31142943,130995
7c5a0c851fa5102f,54326,44437781,157552,54180,44451007,157552
7c74a63064201ca5,110781,100915104,138310,110634,100925155,138310
7c7df0cadbcf030d,80283,70394923,139270,80140,70407621,139270
7c80b87dd2afe8bc,42133,32233059,129185,41989,32252671,129185
7c86d7e9d9894e26,27613,17737014,156141,27461,17754548,156141
7c91e88746d1ce06,86970,77097510,99184,,,
7c94b86634f8f779,82676,72798304,138869,82533,72810673,138869
7c9561469798d564,47619,37714449,138298,47505,37743587,138298
7ca17b90bb9b745f,48195,38297477,138355,,,
7ca245c327b3bbd1,79935,70057225,141747,79782,70068836,141747
7caaf818737b2411,104711,94814906,137430,104593,94882285,137430
7cacfd0a7d46fe9f,44980,35112522,126810,,,
7cb4a6e835157b3a,111377,101495332,137989,111220,101505741,137989
7cbcda3cd2768cef,16757,6832390,128908,16642,6877187,128908
7cdb85b1ef086386,79435,69468259,113744,79318,69556631,113744
7cdf6c1496da7b7b,104855,94975181,138183,104711,94986356,138183
7d0142d937359f29,118384,108473909,129806,118265,108503568,129806
7d2060530991a6f2,75519,65634992,139986,75376,65648628,139986
7d29d9201243d717,49079,39177716,138345,48938,39203090,138345
7d3f1c719f37d527,87881,77994927,137353,,,
7d477f5298826fd0,101318,91405340,131695,101225,91437446,131695
7d487b5aef4894d2,50503,40617867,137893,50355,40643911,137893
7d5488c2ce43777f,98602,88714872,137368,98452,88724690,137368
7d603b05d9aeff14,118731,108835218,137993,118597,108850952,137993
7d72e2c17c326f57,23360,13492817,131611,23215,13502352,131611
7d7c35d137f5d5db,75645,65766477,139466,75496,65778989,139466
7d888f8d5850946f,85190,75275644,130665,85090,75379429,130665
7d95aa2fb3fa07b6,86310,76418723,139949,86159,76430594,139949
7db5916df9b6b0d2,21966,12094193,138467,21814,12104907,138467
7db9e95d2333e8e1,62086,52194605,138227,61945,52233876,138227
7dc1ba037bd9a88b,43719,33772594,128656,43605,33852005,128656
7dce484b29a02a82,40893,30998099,138785,40749,31013190,138785
7dd4b82a5e0e1b80,69489,59594840,139141,69348,59610233,139141
7defe77eaab9dd0d,48916,39016567,129280,,,
7df42ec5e5666886,18696,8792411,129633,18569,8815620,129633
7e02ed15f8bb10b0,84628,74755395,138779,84482,74766765,138779
7e08b95c4341df96,76142,66253977,132465,75998,66266435,132465
7e1e686bf5bff921,40080,30177313,138528,39934,30199595,138528
7e322dd8bf991240,19928,10033708,137159,19783,10048074,137159
7e3fdcc826741e88,82107,72214339,135494,81962,72228213,135494
7e48e036fb7e7acc,27395,17497400,138921,27249,17516789,138921
7ea3f4cd9341ca54,78641,68733609,130148,78532,68762865,130148
7eb206d63e1357af,45583,35654513,129256,45474,35702178,129256
7f0eab73fb15d3bd,104220,94306704,129905,104136,94341886,129905
7f10392df7c412ca,28711,18797299,137331,28594,18833782,137331
7f54eff0e7bc7e6a,34692,24794948,130618,34540,24811668,130618
7f72b83b6b0da0f5,31777,21897220,138433,31630,21909533,138433
7f76ef387a6853fa,41980,32114644,139777,41835,32125456,139777
7f92b2ec7dd8a2e6,22849,12932807,131016,22729,12967910,131016
7fa3eaa7d5e433b1,50874,40974716,139700,50732,40996991,139700
7fc9c8e03e745bd2,106642,96733652,129104,106518,96764461,129104
7fc9cc6db407a76f,44670,34777538,137209,,,
7fd7e77407dc29a6,92054,82166535,139265,91918,82179117,139265
7febef44e9893f23,39810,29913389,112901,39665,29928060,112901
7ff7582c5556b8cc,66930,56994033,132902,,,
80005f5a157c1193,114888,104978333,137730,114756,105007340,137730
800db7d1f4b063be,87431,77534798,137767,87311,77556562,137767
80257716e3476a86,18165,8273822,137766,18020,8285852,137766
803daec955726c05,116247,106354939,136622,116100,106366174,136622
80480962bdbcf46d,85254,75335257,130440,85152,75381645,130440
806100e8f6facb79,114197,104298222,138623,114052,104316434,138623
806b733b0571081f,60246,50374562,138873,60095,50387530,138873
8077d650134b941c,99360,89446641,130684,99265,89480160,130684
8085f8e9af5bad9c,69334,59458418,138540,69189,59470357,138540
808ad5f61b78a7a3,81194,71281371,131539,81057,71328865,131539
809530634d4cb627,61339,51440618,136940,61196,51461029,136940
80bf726f9fb02900,64738,54834705,138682,64625,54913980,138682
80e45dc9a317045a,77413,67525008,131385,77271,67537503,131385
80f330fc073e32ca,119967,110075034,137380,119823,110086972,137380
81127b5876dc2ce0,89330,79415614,130496,89200,79489261,130496
81166bd437f87688,62183,52294555,138473,62040,52309308,138473
81541e12581dc2aa,95503,85574913,128235,95396,85622692,128235
815cceced4b0a8ba,118639,108734946,136405,118511,108758660,136405
817adec917dc851d,26748,16854314,138363,26628,16874282,138363
8197c920c7aad666,18602,8692486,129378,18480,8722094,129378
81caf82b2220ef2c,113292,103415535,137620,113142,103426073,137620
81cff7aa78f3ee7f,79767,69873525,129352,,,
81e485178f2ffc8c,88042,78155082,139568,87900,78168295,139568
81e529d391ca0dce,30387,20473075,130189,30293,20551176,130189
81eabd61a9bb3fb5,101897,92015112,137710,101755,92030111,137710
81f7f849414e5b28,103501,93598495,137825,103360,93627493,137825
82073a6467867f69,117080,107198528,137284,116924,107208890,137284
8212c39447182115,71948,62075001,140649,71802,62087387,140649
8213554d284b0c1a,91339,81441380,155592,91196,81465305,155592
8214655c9840b501,41888,32014190,138078,41735,32024993,138078
8221a7225e73755b,25220,15352758,129976,25073,15365001,129976
8227bd0fb663fa2a,86054,76158546,138967,85911,76176022,138967
824dd72ef7644a7c,42848,32954814,141016,42702,32967910,141016
825c7a18f37d3122,14918,5012409,129785,14791,5037632,129785
8263709945788fcd,39471,29554689,129753,39350,29590747,129753
826bc3981899c525,117327,107434886,136286,117182,107446490,136286
827bafd09e3f2a2d,28523,18614618,141116,28418,18644850,141116
828dee60dcc03b6e,16504,6583488,130582,16400,6623580,130582
829c29d8eb82ee48,73063,63176420,133115,72919,63208480,133115
82b8455060dd0b1b,11947,2072440,129800,11796,2082138,129800
82b9aa0fc075f32a,67101,57175794,131682,,,
8311734df0156ab9,17138,7258626,144354,16985,7268990,144354
8315c55bffb3ed29,64396,54473207,129711,,,
832da98f3dd03bf9,15295,5397573,138731,15151,5414651,138731
8338fe8122ecbb5b,11354,1453791,137025,11209,1473398,137025
833dce48294f17f8,72792,62893860,133044,72674,62915789,133044
834a4435907fadab,49209,39336724,97681,49105,39370061,97681
834b41591309ad41,32278,22378157,129519,32187,22415107,129519
834ce1f377a0627b,59186,49294211,136957,59024,49306115,136957
83528616fcf6fa78,22724,12795026,131053,22614,12843953,131053
837b206227812258,114859,104955048,137243,114730,104979575,137243
8380b82e10133040,18132,8245309,138387,17987,8255498,138387
838f9fa08a3ca867,28394,18483559,130285,28291,18518383,130285
839c3194680af586,39628,29734161,137741,39499,29748036,137741
83a7add69d4a9e6f,40112,30214296,138082,39966,30231288,138082
83b1850e6083ce7a,110721,100838357,136845,110567,100848005,136845
83c18cfd2fa0a04f,103747,93874925,136665,103598,93891848,136665
83cf081744904176,74466,64553966,133573,74364,64587379,133573
83d56d3382bf1771,93885,83994975,137664,93754,84005002,137664
83f932a2c951d053,26779,16877606,137718,26656,16903778,137718
83fc0a3e2acc16cb,12679,2756628,137336,12573,2799040,137336
83fdd75bb363c778,114613,104693645,129236,114504,104732909,129236
8410dfdef537e1b5,102997,93115313,138879,102849,93126949,138879
841b815fbb514df3,53373,43452990,129391,53273,43496756,129391
842002d8b9e8605a,119411,109515574,137854,119262,109530408,137854
8422213bbb50d7b5,37718,27796276,139401,37606,27841697,139401
8454b3a0d6e9b011,70565,60641339,133740,,,
8473a6aa9021900b,21111,11214542,139745,20948,11231783,139745
848b735beecc60ba,103470,93575206,138630,103330,93595375,138630
8497087c0dc73aa0,34814,24933715,135537,34658,24943874,135537
84a00520bf5c92ed,45390,35479703,129686,45287,35509627,129686
84a15cec24ef4a9c,40241,30357150,154367,40094,30368658,154367
84d03ab959fba273,59620,49754515,138946,59476,49768572,138946
84f52f04cdfc56ac,80899,71013411,131040,80753,71026976,131040
84fb6598ded47473,76951,67059871,133130,76817,67072773,133130
8511af936a29bb9e,89013,79102817,130073,88886,79138234,130073
8512361899faa2b5,74872,64974110,133410,74747,65010614,133410
854202e910217235,30451,20534273,139817,30356,20573675,139817
8556e1adb6f327f0,74001,64135348,142264,73858,64150264,142264
855e1fab7957de92,84847,74953490,128945,84707,74967681,128945
855f0b6c48daf9cc,105041,95175107,138367,104898,95190849,138367
8568b90964683199,52894,42998086,138484,52753,43042874,138484
856c147e619e7ffc,36022,26137452,138843,35872,26161170,138843
857b3c9474ce9ef6,31624,21745156,137322,31473,21757431,137322
857bc10ed3be4376,117423,107535132,137869,117277,107545380,137869
858ceb1e8ad8fe4a,39376,29473205,130404,39256,29494647,130404
858d10c138f0ca5b,88170,78286276,137937,88024,78301873,137937
858dd28eeb6927b2,111784,101895157,137848,111637,101905283,137848
85b64cea5791cead,53023,43134515,138939,52881,43147629,138939
85c75b4d490b74ff,86526,76654853,138530,,,
85ce3b71ea5e47c9,48949,39054619,139693,48808,39097035,139693
85cf732fba4ed987,27168,17273772,136521,,,
85f12bd32fdd533e,13045,3154261,140060,12908,3165292,140060
862e2808702e026e,42727,32853134,129630,42577,32862915,129630
86324cbaa9270942,12260,2373658,137161,12112,2383681,137161
866397d7c26fcc5d,33013,23137901,137058,32866,23148588,137058
867f66d68fb8dc8f,106901,97034960,137277,106758,97050145,137277
8694a3a528c49e46,117391,107495341,137875,117246,107511047,137875
869cb8229b01c6f4,17167,7292898,131718,17014,7302460,131718
86b685badde129e9,77009,67135394,142674,,,
86be65660b4052bc,11140,1257524,138191,10986,1267674,138191
86cba3c9a4f94599,66647,56740824,98296,66542,56803043,98296
86ea5196e34f0127,61435,51537477,138083,61291,51557329,138083
871a473092c3e480,74563,64653690,132400,74459,64685333,132400
871b3186cb0e6f1b,33266,23475752,336444,33208,23501333,336484
872983fc091cd50e,48105,38234956,138755,47961,38246877,138755
872d1224117a4bd9,118140,108258040,153791,117995,108269388,153791
873650760e729470,41556,31653096,130123,41437,31675739,130123
873d80087122ecb7,46466,36574206,137300,46319,36590408,137300
874ee1340367758d,13282,3413752,137397,13135,3423330,137397
876792c611cab291,72571,62656011,131962,72463,62695245,131962
877d0bee80c78768,99162,89274964,137845,99016,89285096,137845
8781e3bea6076d53,84227,74335054,139138,84082,74347864,139138
87869bd8f602ccd8,27643,17760229,137184,27496,17771911,137184
87a03746eb45992c,29039,19157559,139296,28887,19168774,139296
87b3658d818fb9b9,115869,105995111,136292,115719,106005154,136292
87d197624fb62639,73661,63773702,132826,73515,63788540,132826
87e01e34c7fbf0f2,60215,50334537,137861,60065,50346554,137861
88072f996551b482,22241,12354138,136985,22097,12364227,136985
880c072ae15735cb,30701,20794210,139384,,,
8856ebd932cb53b0,79149,69258421,120410,78999,69277497,120410
886af5be3a73a835,57590,47694585,138149,57444,47709669,138149
889c670f7478a55a,15006,5112479,130189,14868,5124845,130189
88bf0a54235adf7a,94531,84635484,137645,94380,84650042,137645
88bf950473e637f9,53795,43914229,137618,,,
88c832c9c968ff92,34783,24898108,138257,34628,24908117,138257
88ca8e2bab649845,38725,28853102,129991,38572,28862808,129991
88d53ef1155789cc,78579,68656310,132944,78475,68701357,132944
88e727ee8a77bb31,63735,53854831,138487,63582,53866115,138487
88f96b4c5d675d34,81923,72053354,129836,81777,72069335,129836
897e1eed7cbc0e41,103277,93374173,131651,103141,93398505,131651
89b124049ca33a72,84782,74894897,139004,84643,74907985,139004
89c380c40fce7de7,92024,82135118,137490,91892,82150279,137490
89e726fd2361e09e,82460,72574787,137541,82307,72587257,137541
89ece6cb709d205d,31435,21536309,140662,31290,21556932,140662
89ee77c7b809caa9,18909,9016742,136466,18765,9028447,136466
8a0b0cef5272dee7,72943,63053741,132811,72810,63068400,132811
8a2877bb232d1e3c,88702,78798311,139300,88575,78833292,139300
8a32aa1e9dc56642,64299,54396646,116147,,,
8a4ef2fd58acb096,88669,78774741,137550,88543,78832385,137550
8a599ae7727c6d48,62867,52974491,137581,62742,53030861,137581
8a60ab10109b9721,97529,87595173,129053,97428,87647999,129053
8a6605f3c35c8691,31498,21614065,138049,,,
8a6df925095893a5,96052,86174984,138103,95901,86184538,138103
8a70e69eace83674,37179,27277271,138142,,,
8a83e52036467b8c,30579,20657113,137409,30477,20701696,137409
8a90b11c211fd144,108086,98183559,110414,107987,98206953,110414
8ad55355b25d62e2,46684,36797481,137008,46529,36808810,137008
8aece674b999db39,82300,72414801,138291,82152,72427617,138291
8af510486fa7aba5,91847,81934592,136571,91738,81977038,136571
8afeb03d6d10fa8e,10786,872122,128287,10667,904727,128287
8b210d8e4144143c,104349,94415558,129760,,,
8b3a7a1e27eb0fa1,109203,99315219,138627,109061,99330124,138627
8b6d06212db77ed3,118416,108513959,129491,118297,108535440,129491
8b7cbfb48bd807cd,55236,45312888,128802,55144,45358617,128802
8b83f26b3a1fb414,45913,36017418,137774,45772,36034077,137774
8b89beb5368385ce,48735,38854211,137253,48582,38865193,137253
8b8ff0f92b3ed4c2,73152,63276215,133683,,,
8bae56af9ddd2cfa,69618,59734949,139138,69476,59748486,139138
8bd875eb46cc88e5,18788,8893763,137184,18654,8908209,137184
8be3fc6e3a4315f4,53436,43514940,130005,53333,43560228,130005
8bf14ed6141c36f1,24867,14954412,139630,24743,14986656,139630
8bf2f667211f2c78,99706,89794763,137256,99590,89825660,137256
8c2cb3906a001107,29221,19317295,136852,29078,19343246,136852
8c53129d01d54670,52523,42638287,138789,52376,42664637,138789
8c5801b0c013e247,56250,46354512,139054,56105,46369559,139054
8c77cf1cad3332f8,98849,88975039,138144,98698,88985968,138144
8c83c31e68235db7,80122,70242613,182400,79980,70259707,182400
8ca32faaa3dc4c36,62563,52654417,137178,62461,52750632,137178
8cb1eb488f0c7345,35327,25455451,103988,35218,25469888,103988
8cc341d90fe09e07,117765,107895283,137437,117615,107905744,137437
8cfac44fb22cc8f3,116086,106195109,137550,115942,106206095,137550
8d0073b68d10edb2,60030,50138155,138021,,,
8d042e0f95c002dc,87761,77894793,137564,87616,77908411,137564
8d289b5ea1a2a31e,91403,81560904,338679,,,
8d3e5d372ba8bf02,116444,106522593,129466,116344,106562975,129466
8d69ecdec1048cde,33855,23894430,139657,33746,23975519,139657
8d781af4d6d4823c,23321,13448577,130025,23176,13457513,130025
8d9e97ae9e127122,55268,45352836,128351,55174,45388668,128351
8db6184f3206872f,73341,63439165,139635,73201,63463980,139635
8dc96a0e6ea5efaf,50186,40296772,153232,50043,40312558,153232
8dd0d77077a227fa,26655,16752707,130942,26541,16779970,130942
8dffdfe6222b4bfb,118172,108281083,136046,118027,108291785,136046
8e0715af5a5259cd,96705,86818264,138213,96549,86828125,138213
8e53db079b1900d1,65724,55854955,139394,65579,55872246,139394
8e63b3a2c26256f6,86247,76354854,138231,86099,76367594,138231
8e7b02749067d84c,67767,57873761,133084,67630,57888765,133084
8e82f8f611b3cbec,65693,55814591,138385,65540,55827294,138385
8e94d8c38e5c2a0c,86707,76813292,129638,86565,76830509,129638
8eaf2eb0417d9b19,65880,56014882,139799,65739,56028891,139799
8eafb4b536bfa37f,34967,25094138,137397,34818,25103763,137397
8eb1f8ad942ec80f,47494,37593107,129057,,,
8edf5a8f64eab1bf,71670,61775834,132599,71526,61815055,132599
8f114b9df6435f21,56675,46722803,129485,56598,46794978,129485
8f2f8a2510788e7a,23480,13594734,141682,23334,13604706,141682
8f41fcc921ec3da5,86119,76218390,138737,85976,76241289,138737
8f4d7490b1cb20f7,49143,39254283,138100,49001,39267017,138100
8f4fe0afd851e381,36141,26274265,139127,36000,26290379,139127
8f5e93ed4ddd7a39,89867,79913734,131534,89778,79988488,131534
8f82ffedeb570b6e,97014,87115289,139168,96869,87133527,139168
8f8dda558c3e02bd,116151,106255365,138444,116005,106270133,138444
8f93c00d427f64e7,49484,39572740,127530,49375,39608189,127530
8f950d96ddf8c771,63486,53594692,139082,63343,53607866,139082
8f99453d4df4a841,35696,25774234,128234,35576,25815419,128234
8f9a57ac0a6f9bbb,95905,86014955,136933,95770,86024454,136933
8fcef3cfbd645458,93263,83374944,136828,93118,83384751,136828
8fdc7c2a2163bc4a,24046,14174788,141887,23898,14186180,141887
8ffe8447c0646d96,114262,104375317,137833,114117,104385431,137833
900245cf44f030cb,96550,86658330,137139,96400,86669078,137139
90391dbc842ac4f9,49819,39934456,138732,49684,39946554,138732
9058ec2df7df3876,105323,95435488,140303,105183,95452371,140303
9084fc821abb23e1,55457,45537530,136942,55355,45581490,136942
9086c4e6c0ff1d7f,37048,27154069,137415,36909,27172096,137415
908a919efda5f40a,74931,65040975,134352,74798,65054073,134352
908d726fe15e9542,119155,109255613,139634,119010,109274759,139634
90aee910303d4df5,106496,96573722,129805,106393,96617935,129805
90b33167ae644a6f,37688,27772653,129586,37579,27809395,129586
90e0a31713b073d0,47218,37361414,351000,47102,37401696,351040
90ec735aaf0d1b75,57526,47634642,139318,57380,47645711,139318
90f5b2b4851c9ec0,25130,15252846,131179,24976,15262626,131179
90f9a71fd564600f,10068,152210,129155,9957,186961,129155
90fca249960320ed,37081,27177493,138745,36941,27203941,138745
90fe83ab5294a3d2,108885,99015717,137589,108736,99028249,137589
91168f8c6260ceaf,49452,39534793,129876,49344,39576415,129876
91173b5a472d383c,115005,105115112,137465,114860,105125709,137465
911d9f87ea84ca86,58562,48672932,129816,58439,48682711,129816
9148ac26c2d56106,112817,102875503,137966,112718,102936862,137966
914ef3e3207807ca,69872,59993793,132084,69724,60006701,132084
9166c1d862c75a40,89269,79353851,131190,,,
91713b642a4713d4,65847,55974908,138871,65705,55987504,138871
9176ce5c4820d6f9,93638,83715095,128224,93524,83757052,128224
917b3b665de2f334,88766,78875376,140841,88638,78888604,140841
91917f6765032263,30163,20273997,138225,30020,20290439,138225
919ce0c26b95bdc3,87117,77195307,128982,87011,77239630,128982
91cf749d11ee2924,94783,84898460,138464,94628,84908817,138464
91d81b142c9adab0,69778,59895430,143180,69633,59912503,143180
91da06afaf6de761,24136,14237751,137093,23993,14256724,137093
9204590404fe894c,58087,48215538,138307,57937,48225536,138307
920694847d247f25,32866,22974863,140227,32727,22992359,140227
9242632db7d26345,91242,81337749,136620,91100,81366232,136620
9279f7941d19f16d,37016,27118014,138487,36877,27138420,138487
929129647bda425e,113013,103095184,137716,112884,103133658,137716
9291de5725f2159f,109393,99515333,137479,109245,99531568,137479
929afd1289860d6e,91563,81642703,128195,91470,81696175,128195
92ad4e7aeb3c9607,107710,97813524,128620,107570,97833970,128620
92c032088b1ec4df,32567,22654128,138012,32466,22704173,138012
92d7e2a9b6d47ce1,55724,45834764,139947,55598,45865141,139947
92db1544372b2816,16178,6276765,137289,16034,6299297,137289
92ef621f24878609,63075,53198271,139917,62924,53209864,139917
92f814246b7ec899,71112,61233875,132874,70970,61245348,132874
93047cb22a8c28bb,41917,32037760,139404,41762,32048129,139404
9327a67d5147ec29,68381,58493948,132974,68238,58506155,132974
932af78d4e7c5a26,56971,47038027,138996,56853,47090971,138996
933992079c295d67,54482,44594691,139143,54329,44607232,139143
9360a13ca6c78513,26282,16394060,138441,26140,16428923,138441
9360bf0b8f7176fb,14351,4454264,139507,14206,4471298,139507
9362884c3b2c4d6e,11733,1852506,130503,11579,1862159,130503
9371c47d0c39b88a,73276,63377837,132230,73137,63398049,132230
937354e5730458f9,91371,81474590,135830,91228,81492760,135830
93a4ff685420fc8a,116934,107046685,137931,116795,107056766,137931
93b6d885dcc7da20,36490,26594466,139141,36345,26612507,139141
93bab573423ac9e5,63797,53921808,139748,63655,53933950,139748
93bdd9bf35a586b5,98695,88814858,137625,98542,88825391,137625
93d7784062d1d794,93102,83198242,137754,92929,83208944,137754
93f78ed056b55e65,15866,5994040,139039,15715,6005574,139039
94360034d453fdf9,113800,103914841,136054,113652,103925215,136054
944bc0e4eb919d09,77754,67875581,141235,77600,67887981,141235
94527f57b7d77083,117612,107718486,138501,117461,107731674,138501
9458f058bdf10289,101838,91938157,138132,101705,91962988,138132
9476241ce9bd6d2b,14948,5034305,129392,14817,5066845,129392
9483d72fec005aaa,114676,104753309,127285,114563,104795902,127285
94972b9e37249450,97079,87178285,139103,96934,87199236,139103
94a96a857059032b,83154,73243006,130385,83067,73325846,130385
94af3cfceea03430,77318,67419328,140256,77177,67443991,140256
94d33eba855b14e8,51067,41174307,138152,50923,41190866,138152
94d436c5d64ebfc1,40274,30383392,155571,40125,30394837,155571
9500a916485ba669,89142,79218705,129699,89014,79263475,129699
95330c2fcb8b1fe4,12419,2578159,335513,12311,2604750,335553
95331b732295024b,62927,53037909,139255,62792,53050704,139255
953f7db149c86bfa,112845,102898741,138163,112743,102965253,138163
95490eccbc7daa10,100121,90255146,137673,99974,90265079,137673
9590bed25e380e8b,72294,62398945,141175,72152,62418167,141175
95945f668728bda0,101447,91515735,129405,,,
95f5ee4f44835e92,18570,8654046,129475,18449,8689630,129475
9604458ff046bc18,80626,70755505,141352,80477,70769690,141352
9609ddfbc871b014,117827,107955146,138245,117679,107965334,138245
96102b2ee2323752,44701,34814151,137534,44554,34842816,137534
962d1a3bea4d267f,68199,58316400,134189,68053,58327194,134189
964fe4be7412dffa,116118,106218338,137465,115973,106238163,137465
9664acb452e857dd,116379,106478807,129046,116280,106498103,129046
96712a01c26909e2,58177,48278492,138510,58032,48296891,138510
96912ec6d98de37a,89078,79155665,129935,88951,79202990,129935
9699d10c6bda4996,54230,44334579,138734,54088,44351892,138734
969aadc0634bbe04,114798,104895750,139543,114676,104918747,139543
96ac04d801e809b7,62150,52257436,136744,62008,52272765,136744
96d5a21ce0a1db25,91498,81599001,129540,91406,81637594,129540
96e4ee96e0acc691,64679,54774935,140738,,,
96f3c49c2a4be744,58056,48178067,139544,57906,48188626,139544
974519fd914c8cd4,109923,100035067,137381,109783,100045184,137381
9751ffb491c9cda9,69651,59757276,131986,69509,59771971,131986
976066241920da40,96674,86794883,138415,96519,86805308,138415
976f171fce91d79f,15897,6017417,138530,15748,6028926,138530
977432445bb63e0c,48357,38474764,139426,48218,38488891,139426
97925a36f487491c,41948,32074327,138343,41794,32084436,138343
97a4649328cdea14,27234,17334130,137820,27091,17355653,137820
97b1e5d157e08b67,39780,29894278,138553,39638,29904848,138553
97ba55463cb12491,90618,80720747,136848,90475,80740517,136848
97f3f9e150bf8c09,109729,99834950,137420,109590,99851287,137420
980a41e2768742af,21781,11892680,130369,21632,11902228,130369
98117e7faac7f153,53882,44014286,138076,53738,44030316,138076
981cb55d8b86004f,23201,13334553,139895,23054,13345191,139895
9829b838f8887522,48517,38634303,138169,48374,38649685,138169
982c8dfa68b62310,24234,14334061,138132,24090,14354296,138132
983d2648ffa71a96,63674,53794635,139226,63523,53809872,139226
9860206af01c6d7b,70819,60896177,132344,70716,60948242,132344
98705666f384779c,71917,62038842,140638,71771,62050713,140638
9877af4984677857,54420,44534720,140152,54270,44551940,140152
987821711843c197,30515,20593941,137391,30417,20639443,137391
9879bfe20e2eb89f,14382,4538869,335293,14275,4568962,335333
988ad26c9786965a,21750,11855674,131922,21602,11869713,131922
988fd27f07f2549f,99457,89533465,129059,99359,89576729,129059
989d5d2c7435e32f,53276,43352650,128135,53180,43407924,128135
98bc39f3446deac9,60666,50757701,137104,,,
98eab5079404d616,42102,32196050,128431,41958,32221308,128431
98f65598eb92b039,19896,10005684,137625,19751,10015628,137625
99160b0ee4fa8eaa,20972,11037398,137350,20819,11092116,137350
992ce404fc216e07,108312,98395820,129125,108208,98433461,129125
9937d281632e8c6d,17980,8113597,136593,17833,8123582,136593
99407c7ba2b93b0f,93327,83434907,138713,93182,83446151,138713
995361d503459fea,79375,69422538,114055,79259,69547742,114055
9955ee3af25490c0,81291,71373507,129854,81148,71426127,129854
99a28966e392a4c9,78791,68893432,129673,78668,68933369,129673
9a0a42bc8867ef7e,98664,88778456,138672,98512,88789134,138672
9a18e176eeae9661,26623,16713023,131834,26511,16747592,131834
9a1a9fa84e4e024c,73906,64034765,138707,73756,64048159,138707
9a2ced3a71da215b,119090,109195369,138856,118946,109209906,138856
9a2f1dc128b666e7,66454,56533747,133159,66360,56620004,133159
9a5a5ed4e2959302,50250,40354364,138239,50107,40372019,138239
9a6e3ce44b33e24b,119718,109838319,137372,119569,109848610,137372
9a9550b867629206,113149,103255450,139439,112999,103269306,139439
9a978f6b1f433e94,73692,63796174,132745,73544,63813310,132745
9a995cf6793f5ab7,116330,106457048,95398,116231,106474211,95398
9aa3a1f24db88013,106309,96373650,129667,106222,96452053,129667
9aa8c03a4aff2429,33135,23237780,137372,32991,23254789,137372
9aca664c82dc4437,57428,47534324,137716,57283,47548016,137716
9afaf24c77e97899,98936,89046366,136493,98791,89056852,136493
9afc4068dac195df,81162,71259090,113230,81026,71315805,113319
9b094bfe701ab5f3,36835,26954348,138349,36675,26966456,138349
9b2f4c4c6989eaa6,44917,35037528,138221,44770,35049975,138221
9b38c694690b05ff,63359,53457989,137827,63217,53482260,137827
9b4486a5b6674187,66099,56198838,139276,65955,56244544,139276
9b698d933a84b794,16696,6772368,129326,16585,6815399,129326
9b85b3e1b53a01a1,100990,91095117,138574,100845,91109783,138574
9b8f265e4cd50f83,105575,95693554,128947,105427,95707050,128947
9bc6cc73b23fe6ce,72761,62853933,133910,72645,62885389,133910
9bdfc0d107ac959f,76620,66696137,132661,76525,66742986,132661
9be3e22fce31af8c,16726,6794224,129150,16613,6845710,129150
9be82665491fdac6,103655,93774984,137891,,,
9bebc12e32d4d611,97893,87994812,137253,97757,88012474,137253
9bed0d4497780cd9,62688,52777772,138385,,,
9c12251ce4776f19,51955,42077647,138167,51809,42088981,138167
9c2a744a23f58f4b,112986,103061210,136371,112861,103105810,136371
9c3b7e94ec463dd4,23641,13752918,130544,23491,13762575,130544
9c6d5a08684bba82,59903,50014330,137159,59760,50029196,137159
9c71a46a22583da0,106813,96935004,138009,106667,96956656,138009
9c94c5bad829c0c9,100338,90438249,138229,100193,90458536,138229
9ca3bb4a97a8440d,37865,27974181,137530,37733,27990125,137530
9ca82b2b28857848,102970,93078180,138078,102826,93115579,138078
9cb347c8aa7204df,66614,56715879,93299,66513,56802230,93388
9cb8e31fdbfbf95a,32154,22257301,137361,32011,22275931,137361
9cd493d2dc983af3,38936,29038040,139634,38792,29055958,139634
9cdcd37d63d06d04,47026,37134248,138233,46884,37148911,138233
9ce9ea2844dc301b,74752,64836236,133041,74636,64875374,133041
9cf874e3fdcf4ab0,38603,28714658,140519,38451,28725108,140519
9d1cd64f444a528e,11578,1685614,151140,11429,1698033,151140
9d3076469033f87d,28077,18177317,137802,27935,18200791,137802
9d40f8c6bf764386,96487,86595251,138372,96339,86606326,138372
9d41418fbfcb18ef,102408,92467846,128977,102337,92626221,128977
9d4b651023c324ca,70305,60414797,138769,70155,60429214,138769
9d59fb57731e0450,79714,69796484,129346,79581,69836482,129346
9d841424788478f3,67734,57834194,134170,67599,57856593,134170
9da18ca9467ce1a7,117021,107135074,136765,116871,107144966,136765
9dcd3279d9af0f7a,117262,107358507,138091,117118,107382003,138091
9ddc3d4e6496fa79,36295,26400664,157053,36154,26419895,157053
9dde24a1e914f4ed,46840,36974419,137841,46695,36987760,137841
9dde95fd40b4f14b,62468,52552917,129301,62369,52596257,129301
9de19f625078ef42,22087,12214467,140942,21937,12224916,140942
9dec45a94b4ab882,53055,43157696,137096,52912,43176352,137096
9dff866626254c36,37114,27214652,138247,36974,27238479,138247
9e1ef3732110374e,51805,41917809,138988,51663,41933200,138988
9e2f91a3de9aac75,62370,52460624,130476,,,
9e35f610dcdad12c,56091,46194358,137714,55949,46212414,137714
9e53a42023fcb84c,115838,105958396,138653,115688,105968851,138653
9e5f8500e6159a78,20824,10872605,129908,20687,10943245,129908
9e632d4d8f035c66,47332,37422378,131246,47226,37454100,131246
9e73a99589bb3b44,85592,75698607,139189,85459,75714505,139189
9e7e5b4a5e7aa0e5,85060,75158183,113275,84960,75187440,113275
9e95bc6cb4471d6c,68544,58641527,118134,68451,58667411,118134
9e9721ed9fc32538,67637,57733950,134206,67502,57791448,134206
9eae6695553e293c,40337,30440618,137723,40187,30456811,137723
9ebbbb05aa736ff2,63045,53174593,138379,62898,53187459,138379
9ed3eb24cf01c658,91937,82034873,137392,91817,82065325,137392
9edb8066c22236c1,14799,4876173,140308,14684,4919667,140308
9ee77e1f75df46fd,72473,62562222,134327,72367,62656819,134327
9ee79e4692a278f3,119781,109915320,139101,119636,109926512,139101
9f1c80ebf7b3e0f5,40368,30474238,138041,40217,30487635,138041
9f22c672e6821087,109547,99674893,137344,,,
9f22d54862c6c400,40990,31092786,129229,40845,31109332,129229
9f2bfea3fd44cb12,95535,85613348,128093,95427,85654769,128093
9f4734ba5a17369c,84321,74434881,139212,84173,74447444,139212
9f4f2f1bc5ba5423,30937,21054117,137975,30805,21065931,137975
9f52e8d69d56a93f,27520,17634070,138286,,,
9f57140bbd56f0ce,94907,85034952,138387,94755,85045256,138387
9f611a39bb8d47b2,106043,96209378,390182,105950,96248958,390222
9f743a6d7524caeb,51592,41694484,138106,51472,41725547,138106
9f8d558f90936bc2,115064,105178389,138273,114912,105189089,138273
9f8f3b766614e33a,29508,19617588,138235,29361,19630408,138235
9f92fbfd2e61c3d2,73123,63253571,132244,72974,63265741,132244
9f9a9d9cf51451a9,108557,98658371,137673,108434,98699013,137673
9f9ad2cf9f4ef915,113543,103654009,131136,113400,103664078,131136
9f9c78fbd4b0bd43,61403,51514119,135878,61260,51526402,135878
9f9cc1c59f7589c1,53677,43777802,139262,53550,43801185,139262
9fdcc94be787c61d,38633,28754121,138055,38480,28764120,138055
9fed7e5fc2832b23,23171,13294982,143282,23016,13305566,143282
a00f671ffd5a43cf,14706,4776118,128680,14597,4825636,128680
a02226000c0ebf67,115685,105798136,137016,115532,105808503,137016
a032cc73678d450f,100715,90835031,138502,100558,90845026,138502
a0373c7442418b7c,75079,65198149,142754,74928,65210158,142754
a049f2ad43ead2d3,15927,6054032,138678,15778,6064942,138678
a04dc53f55cc5701,36328,26436542,152283,,,
a056683d7ce35156,84536,74658427,139706,84390,74669948,139706
a05cb562aaf7c35f,62021,52134557,138844,61880,52149364,138844
a07910d8a93f79f2,18262,8373764,137597,18115,8384016,137597
a0975e4f9b7d38be,67323,57437511,142422,67166,57455565,142422
a09d4bccbb9a0c18,112959,103038227,155864,112839,103079977,155864
a0accfb56a6f0583,50907,41014129,137162,50765,41029914,137162
a0dac24fdf066bfe,101954,92074943,137135,101805,92089215,137135
a11357d3d66cdc57,119595,109715264,138108,119439,109725002,138108
a12aae5996d9c6d2,20154,10258944,139279,20007,10274649,139279
a12cc5fc5049a995,69304,59435042,141076,69159,59447822,141076
a143d185582730e9,77286,67395614,143337,77145,67413074,143337
a1457c515a282eda,14066,4193769,136835,13917,4203998,136835
a164db82768323dc,30966,21094590,139247,30829,21109080,139247
a170a8757bd975ce,40795,30898041,139543,40651,30915365,139543
a17415051b3a4ffc,54815,44917800,138646,54677,44938744,138646
a17fecc39c73e85e,42036,32138106,139125,41892,32156020,139125
a19987ac4c2a0dc8,42944,33054325,138675,42798,33064216,138675
a1a1b593f401adfb,74433,64519819,119896,74331,64556927,119896
a1b51d13fbcffdc6,21279,11397911,141465,21124,11407750,141465
a1b895ef4016f10c,11418,1520061,155071,11273,1539712,155071
a1c74f6e82569815,79740,69833467,130249,79605,69863349,130249
a1d46333789bda3d,16601,6672244,128449,16495,6720515,128449
a1daf9005bb507ff,92261,82395041,138544,92114,82404902,138544
a21587e02609c8de,80442,70554712,137759,80294,70570102,137759
a24ba80a90af9934,57079,47174447,138002,56942,47198658,138002
a28ee114561fb9eb,93036,83138649,138752,92867,83149248,138752
a2911a4d8fbda60c,59495,49615069,137740,59338,49624872,137740
a2b98c01805c0695,99736,89817943,137600,99617,89856062,137600
a2c8222ef9a4cd76,107807,97913517,129222,107666,97930495,129222
a2c917a454c62356,104943,95075098,138849,104800,95089363,138849
a2d8ce95003336a4,48486,38594380,138246,48344,38607353,138246
a302451bdf33ab1b,38478,28594279,138052,38330,28604954,138052
a3068dcaf8bac540,102377,92445919,129880,,,
a312d6a968ccde91,64206,54360249,336991,,,
a32ba3c4f51a3f21,19994,10094223,137862,19848,10113618,137862
a33b7506c86383c2,25188,15312802,131338,25032,15322192,131338
a351e720e819b35f,56798,46854708,138848,56709,46917903,138848
a36168615d2022a3,54575,44694363,137171,54416,44706340,137171
a3782920714e570a,48074,38197321,137132,47930,38209205,137132
a381a33b4497119d,99996,90115019,137954,99843,90125358,137954
a38d1da0c6bf8c28,70787,60873864,132974,70688,60913975,132974
a3b46cee06fa5f69,93295,83398410,138676,93149,83413406,138676
a3bb3bfbf1e789db,74351,64479522,104403,74249,64513467,104403
a3d899ae98c100cd,52141,42261812,182433,52000,42278813,182433
a3ee42c4b89db88a,17420,7517523,138542,17275,7539403,138542
a409d98b925d779a,74721,64813744,132928,74607,64842848,132928
a41573dd4cdf9670,105292,95395402,129555,105152,95413267,129555
a419ac43b54c4996,112502,102607526,109553,112423,102619929,109553
a41b0b2459872ef6,70968,61058770,140275,70846,61095193,140275
a42711dba16fdba6,43328,33494001,364482,,,
a433eb1a9735b3f4,31840,21974297,138105,31696,21988738,138105
a436de8f38767875,27582,17693886,137088,27431,17705196,137088
a44be984316cb9ce,85682,75798325,138238,,,
a44c9e003ee73a97,17915,8036482,140391,17764,8046866,140391
a4672fa96213dfb6,73033,63153858,133648,,,
a4688401df0b9a43,19028,9153792,137152,18873,9163575,137152
a47e4338f98981f8,30996,21117795,137217,30854,21129417,137217
a4909dbe0bc8980c,103310,93413729,130357,103174,93431698,130357
a4932987886d94db,42420,32534701,141017,42271,32545162,141017
a4c3a0d9f49fc543,75141,65274802,139338,74998,65290781,139338
a4cf5bbf81ab2e9f,79551,69613437,129526,,,
a4cfeb19511708b4,51340,41432902,129308,51233,41473933,129308
a4e9e099936d151a,22661,12734992,132120,22553,12780711,132120
a500be0ab11e0e14,100435,90538644,138489,100288,90554454,138489
a50699b869d59857,116876,106975131,137632,116743,106995504,137632
a50bb5414841823f,105419,95533208,127247,105277,95546092,127247
a50ecf59f5f61848,58531,48634891,128507,58409,48650556,128507
a513a8c23fb659c5,17855,7973079,129939,17696,7982391,129939
a51a1dfb533a8f96,62748,52854801,138739,62635,52898891,138739
a522d4ac6d4e29b6,95631,85715067,138473,95519,85750783,138473
a539a0e03edf23ac,87609,77718229,137864,87472,77760831,137864
a54f0171e4055627,70909,60994333,132841,70796,61038383,132841
a557794eaa0d32b0,119565,109678264,138224,119410,109688096,138224
a561858d23239f3d,75359,65464755,155350,75220,65485060,155350
a5adade689b022f1,90310,80434489,136344,90157,80446956,136344
a5c1d464e6bdfae9,56154,46272527,137259,56012,46283334,137259
a5c4fc01c5b4c849,38221,28317652,138341,38077,28341748,138341
a5ce7fdf22d3409d,70088,60213916,132749,,,
a5d9c57e7e215296,99824,89918099,136597,99693,89943468,136597
a5ecd734601ea9cc,38817,28936755,141514,38666,28946967,141514
a62f2ce7cfeafa06,62657,52754431,137321,62551,52813225,137321
a653765555ca8ef7,110516,100614778,136640,110385,100636167,136640
a6c3c78066fd9c88,38968,29074487,139425,38824,29087838,139425
a6c62609a6918395,53340,43414885,129313,53242,43461752,129313
a6c88460e6899c14,92200,82318377,138937,92046,82328007,138937
a6d433db31b75c8f,109762,99875017,136923,109623,99890901,136923
a7078ab5e7dccc09,31241,21357061,154591,31098,21370751,154591
a70b2dca2f30b2c4,113863,103975043,137617,113712,103985774,137617
a710f9dd5fafefae,39001,29114343,139051,38857,29124279,139051
a71b8f35a50b67d8,48390,38498063,138068,48250,38513439,138068
a71d6d9a90170bdf,62402,52493067,128985,62305,52594099,128985
a72a61912882609c,73784,63897682,140987,73632,63909032,140987
a75bfaca07d0ab13,108795,98915576,128886,,,
a7638fb5df6d794b,77937,68039315,138221,77796,68085352,138221
a785d9a22b11e712,107621,97755265,138150,107477,97769708,138150
a7916f07d2fae751,43434,33536285,91212,43348,33636696,91301
a7921b3fe01c09b0,82269,72375387,141330,82121,72390328,141330
a79da6a4e0a03cbe,44227,34354382,138982,44076,34366760,138982
a7c13109f1b05feb,94213,84337845,136493,94067,84347137,136493
a7da8ec9b080c8d0,19776,9897291,138883,19627,9907637,138883
a7dfad763893aadc,79606,69675328,141607,,,
a7ee75dbaab09ea5,44348,34457754,149817,44206,34471293,149817
a8122382c8e8b295,47832,37937550,138229,47696,37954392,138229
a81f83098c9e2666,62118,52234361,136872,61976,52248326,136872
a82814d0cfa3b55c,85863,75994759,138009,85721,76006195,138009
a85634c1bc06bed8,68922,59013774,133196,68813,59044161,133196
a85d1c9c4e4c664a,48798,38921151,156604,48651,38939936,156604
a883ea761272ebce,96080,86198535,139205,95927,86208026,139205
a88947cdb04da7f8,48140,38274112,137667,47998,38290338,137667
a89b6dcd1ccdce25,68831,58913598,132464,68731,59020389,132464
a8acf77cbc142dae,75861,65994066,133469,75715,66007289,133469
a8b2d07745393d93,36393,26497396,137983,36251,26515927,137983
a8c419e21af91246,95470,85553271,128398,95364,85589867,128398
a8cd04ffe6a767b9,77540,67653661,132156,,,
a8d08acac85718a3,40926,31034125,137851,40781,31045589,137851
a8e68b3d1a436019,33531,23619316,118318,33473,23649411,118318
a8f2b4cae1080dfe,20665,10755908,115562,20542,10784072,115562
a90f2d736100855d,41461,31554243,137855,41348,31581862,137855
a9254c797fa972f2,11053,1154663,130340,10908,1172793,130340
a94e471026905317,118107,108215106,137659,117962,108226228,137659
a94ee9dae88e6e37,76363,66462197,117394,76278,66567806,117483
a950022109b00398,88355,78474824,138061,88202,78485914,138061
a9aeebd4b2e2ddd1,46994,37094160,137346,46852,37115816,137346
a9e65e62d330fec5,113832,103937871,136489,113683,103951414,136489
a9f48d7a1c17cff6,71317,61418929,139071,71177,61439604,139071
aa259b61715c90c6,41430,31517615,138000,41318,31549657,138000
aa2e3259a68bc9ee,80154,70271721,172530,80012,70290406,172530
aa2eaa22b4a2da4e,30131,20237604,137818,29989,20253294,137818
aa401501c47157a3,15804,5917064,137427,15649,5927569,137427
aa518141be583d9f,51210,41310153,128970,51105,41343287,128970
aa518dde544c6633,30820,20917390,137062,30704,20993508,137062
aa56e55c87ac83fd,71200,61315962,132127,71050,61339369,132127
aa59937ee1a745e1,20885,10934474,129344,20742,11004269,129344
aa7d109791fd7595,17672,7774384,129546,17522,7791531,129546
aaa8bb9bc7b70f2b,112058,102154034,129186,111946,102177625,129186
aaf2adf76566314e,109107,99214986,136894,108965,99227960,136894
ab0aeccec38fc79b,15034,5134308,129397,14893,5153243,129397
ab3661c76e6b74ca,34276,24380676,156001,34132,24397807,156001
ab36f0cb0849b1b4,100085,90215176,138534,99936,90225418,138534
ab3e0e3302f63d0d,102915,93018311,136844,102776,93037867,136844
ab40a9b3e2a55adf,115153,105287179,137839,115008,105298274,137839
ab5ff79a2851a09b,105761,95895010,137980,105616,95908444,137980
ab6c211242db3cbe,39720,29814658,130769,39583,29839639,130769
ab79a78758905fe9,40399,30512687,129496,40248,30523105,129496
ab8b9e693756eeec,111253,101375243,137763,111102,101386388,137763
ab8c5317f30aa3f2,85741,75874886,137946,85596,75888580,137946
ab8e4f80dafa9e86,35217,25317661,138239,35071,25337196,138239
abab4f8aae7e48eb,65032,55157771,138017,64887,55168988,138017
abbe92ca917939e6,13408,3513888,138456,13263,3527916,138456
abd0d23e78f384d3,12646,2733470,135662,12541,2766037,135662
abe4395fccc16fbc,67830,57935292,142567,67692,57953916,142567
ac5c43e8b614adca,39900,30014737,130467,39747,30025347,130467
ac61c4e1a2fe6507,78387,68466127,133264,78290,68548407,133264
ac6752662cecd896,12164,2273758,138080,12016,2284520,138080
ac9290716a26d981,114550,104633827,128160,114442,104669482,128160
acb48a13f02e352a,46529,36637735,136959,46380,36649246,136959
acdb732a335510e9,29694,19814340,138982,29539,19826145,138982
acf587c6aca5d3e1,90338,80457801,138049,90182,80469357,138049
acf88b7f07b33bb4,69456,59558425,139169,69315,59577857,139169
ad0e4efb21b54cc0,87181,77273238,129422,87073,77303649,129422
ad0f4c10f86404f0,35153,25265593,139056,35007,25275389,139056
ad0f703e4c3d2e60,92763,82874981,138871,92617,82889355,138871
ad20aa253818b835,99131,89235086,138075,98985,89250367,138075
ad2cfc3f5ef04e8c,92948,83074885,138380,92794,83085167,138380
ad462a76bc3d0bfd,34470,24574460,139158,34324,24590068,139158
ad607885b30324e1,41587,31683658,130622,41466,31706578,130622
ad6d80f7d6adcb7c,55608,45698394,140100,55498,45786883,140100
ad7a63dc9867afe5,47090,37194700,138936,46947,37211877,138936
ad8408719e67f5d2,28979,19094035,137861,28834,19105322,137861
ad85bd26723a396f,100745,90875155,138148,100595,90885657,138148
ad892276cf221563,52075,42177597,138152,51935,42197003,138152
ad9b8096d9a8c579,94033,84154932,138108,93887,84165278,138108
ad9ca100cf7d8eb9,26900,17013987,138310,26765,17028559,138310
ada60449d7952fc4,79964,70094997,138676,79814,70106173,138676
adb016f97039cb8e,106404,96473611,129250,106310,96526080,129250
adb3dab7bdc3b3b8,79464,69513480,130586,79346,69586432,130586
adb962d22f1b6851,116697,106778520,136413,116585,106817018,136413
adde7564c2d4c61d,33498,23599063,90617,33442,23614806,90617
adfabd2ec0d9cc19,99552,89633999,130919,99450,89672031,130919
ae03a35a0810aee5,76077,66173729,133021,75934,66198858,133021
ae208104688529fc,60850,50954434,137684,60740,51005333,137684
ae218ac2678f3014,15240,5374101,139667,15094,5384554,139667
ae316038b1a96d93,47953,38074294,138412,47803,38086493,138412
ae67a8ed569d53e7,24652,14732770,130899,24545,14772089,130899
ae8f7272729009df,47250,37378123,99870,47145,37412498,99870
aea712b2d411fea3,19715,9834050,138920,19558,9844237,138920
aec07dc77726b35e,117196,107298488,137600,117052,107316010,137600
aec86143640caa57,37532,27612823,129417,37436,27653561,129417
aeea59212a0c1be5,87946,78062153,181068,,,
aef3848ba7edd786,42880,32994401,138689,42734,33004215,138689
aefec54fd931e330,106180,96263793,113421,106096,96302079,113421
af031774ba6a9f5a,76396,66482827,121779,76310,66568746,121779
af1549238fcc1e74,111222,101334997,137226,111071,101345249,137226
af1752ab2ef946ca,25371,15475356,138429,25227,15492818,138429
af255d1d4c0bffe6,103869,93994876,137017,103725,94007086,137017
af497a1a4001922d,13473,3573887,137188,13328,3592347,137188
af4f54defefaeead,89361,79455297,140243,89229,79490708,140243
af99925931941b7d,11794,1912393,129844,11637,1922643,129844
afaadd842a369fb0,42482,32594890,141241,42330,32604524,141241
afb431872fd7ae98,60092,50197942,137820,59947,50236005,137820
afe75a5bf9dc665b,106989,97095397,138674,106849,97110962,138674
aff6983661b4acdd,12774,2856488,129761,12663,2893847,129761
b00ce1b7562bfaf3,71981,62114995,139625,71837,62129420,139625
b019ebfe260cd887,89837,79868208,130060,89752,79958963,130060
b063f24378a43d25,32503,22594307,137736,32407,22696706,137736
b087c2df017cf7eb,62435,52515049,130156,62337,52595176,130156
b093692e30fac890,41525,31616110,127538,41408,31644285,127538
b0a01baedbe363df,53499,43574646,129725,53390,43620736,129725
b0b252196b701030,82365,72474800,137847,82216,72504869,137847
b0b5d74b56d1d035,107183,97295116,137574,107042,97311210,137574
b0c5951371df17e0,69810,59917615,131182,69664,59930427,131182
b0da8e016f1b4725,116758,106838354,137394,116639,106877231,137394
b0f3327b776231b0,55089,45216699,99354,,,
b0f8703589238aa3,40584,30696668,129535,40426,30707018,129535
b1035f6cf8f1b126,53980,44114556,138313,53840,44127248,138313
b1066b9b73d7626d,37339,27436971,114219,37247,27536963,114308
b10c9be96d46320a,71447,61554922,140395,71306,61572585,140395
b12b17e18d7daa15,93395,83522630,97389,93285,83543870,97389
b15ee211bbdcdfd9,90092,80174606,136807,89973,80221868,136807
b16a4ffdae635cff,48766,38894654,139774,,,
b1755a838438cacf,35507,25593049,130238,35396,25626093,130238
b18df126b7545b6e,68046,58154820,116736,67898,58166688,116736
b1c8dfa2a688a0a9,45767,35852798,128804,45643,35886826,128804
b1cc9fcf54f47faa,67381,57513832,133872,67234,57526408,133872
b1d12b6bdc5e882c,69011,59113892,133123,68891,59134705,133123
b1dde801ae5fa5ea,34753,24874769,141916,34599,24884901,141916
b1e5d8ffab31038e,84943,75053207,128978,84803,75064148,128978
b1efed8db7c03511,69365,59495478,139927,69220,59507751,139927
b1f4e10d3555174e,43974,34058006,137104,43827,34103446,137104
b2125a55564a414f,87521,77634954,137617,87391,77651660,137617
b230d46eb44fbf62,60999,51115033,137517,60867,51133076,137517
b25b23980babe49b,54605,44734686,138434,54458,44750452,138434
b27c55b484661961,56999,47074594,139122,56876,47118835,139122
b29f3f979f4c3afc,16242,6353847,138268,16097,6364732,138268
b2a37009b104a2b2,113067,103158746,138599,112929,103187341,138599
b2b4e29eb6ffa0b9,89450,79630600,344615,89371,79669343,344655
b2c124958ac51099,42512,32632777,129540,42359,32642348,129540
b2c3f0c162d74589,108119,98205568,129887,108020,98239994,129887
b2dc49daca9d7af3,43295,33374678,130245,43198,33457648,130245
b2e7dba0165c8e7e,97046,87154819,137475,96901,87166227,137475
b31ee9405859ee55,49324,39412901,129684,49219,39445230,129684
b322587cecb0767b,46715,36834538,138678,46559,36844815,138678
b326a33fb33ed2c6,42605,32733307,131469,42453,32743203,131469
b3287649aa63038a,87491,77594624,137401,87364,77613840,137401
b35b233a47664ab8,55043,45200117,339383,,,
b360394f21113cdb,50939,41037382,137423,50796,41061917,137423
b368afc85ca98d26,25274,15376430,140304,25130,15395974,140304
b36fefc50108b50f,57052,47138352,139568,56920,47172481,139568
b3a57a8cf55c9165,119379,109478536,137948,119231,109498800,137948
b3c37280f2964f65,11170,1293853,138031,11013,1304177,138031
b3ed79dbd4212c51,26527,16614991,130806,26418,16649345,130806
b3ee133a7b5d4e9d,94659,84774847,137951,94504,84784803,137951
b40ca7e11cc8985f,84066,74174798,137792,83924,74189197,137792
b443913f8e9948ba,106871,96994869,135984,106718,97005907,135984
b4526522ea3b8e1a,56312,46414833,138919,56165,46432473,138919
b49a637ad40e4ba6,42696,32812712,129954,42546,32822670,129954
b4c627c1cad39683,10257,353809,138015,10138,378310,138015
b519d77e3cbc18db,104474,94553296,128394,104381,94595341,128394
b55f8e3c6b06f056,34406,24516907,154555,34261,24528435,154555
b570d1e0f7d9fcdb,67572,57677967,158494,67438,57696661,158494
b584b846556702a0,29786,19913959,137973,29641,19930542,137973
b588d6e12a8ff5b6,33718,23739200,128316,33638,23837429,128316
b5890c8581f567f6,95122,85218006,137946,94978,85241777,137946
b59931069271e248,86279,76395094,139491,86130,76407832,139491
b5b7e9191a6f9785,19961,10056839,137061,19816,10080410,137061
b5cbfd9828337261,41366,31452777,128950,41256,31485202,128950
b5d426ce3fabe4ea,116054,106158575,137937,115909,106173079,137937
b5d533f1ecd3550e,75948,66053705,133057,75806,66071718,133057
b5e416c1e6f93581,113421,103557225,149693,113278,103568386,149693
b5f8defdf8a2d477,56828,46878495,140525,56735,46948265,140525
b6036c3ca769ce44,41798,31914159,138061,41655,31924476,138061
b6051b92dd4bda87,16906,6997768,137268,16775,7026486,137268
b62e070499acafa8,67128,57213611,132357,,,
b668970ec3ece624,58372,48496626,98714,58251,48515584,98714
b66bc77bbf33ddbc,108437,98534633,135385,108324,98559678,135385
b6714c0ae241b85a,118971,109095272,138032,118816,109105520,138032
b67518be06d51eee,94689,84798199,137947,94534,84809670,137947
b6d6986630e9b54b,76268,66424997,365869,,,
b6e0c71b37839073,88107,78214836,137838,87963,78228859,137838
b6e7e063e0addd64,51161,41288367,96715,51044,41333514,96804
b6f4b9566bf68297,14546,4624517,128867,14443,4665095,128867
b6fdc73c1da5559a,71382,61495369,140959,71242,61509326,140959
b6fea3e82a998a17,76173,66276528,133202,76029,66295669,133202
b6fefbc85dffae0e,55872,46006336,138079,55728,46020299,138079
b7300e90c45e80fb,105130,95237199,150717,104991,95280167,150717
b731663afc4055aa,28862,18974137,138204,28731,18986315,138204
b7353ca235302bb9,46306,36417069,154409,46161,36428667,154409
b73eece1e6f56a14,44510,34617851,138220,44367,34631556,138220
b740581326be6538,107872,97975602,140861,,,
b75f6edad5231b3a,104139,94265893,96831,104056,94304342,96831
b7e2b663f53fcfd3,73845,63958715,140730,73690,63971408,140730
b7e60ca090263194,69070,59173500,132438,68941,59192798,132438
b7e624d98851ce3c,54101,44200822,156100,,,
b7e990fb3b2389de,52270,42378232,139514,52129,42418001,139514
b7f044d9486e2c1c,111718,101818532,138686,111573,101838758,138686
b7fa35249735577f,73723,63835642,144081,73574,63847273,144081
b83a38e3be10525e,66163,56320762,343276,,,
b83eac3845b531ea,54295,44397527,137637,54150,44416776,137637
b83ed5383461852d,64797,54898306,139028,,,
b85521a50a10e447,72853,62953857,133350,72729,62974051,133350
b86438821c45329a,80867,70973204,128634,80721,70987965,128634
b867eed82602fce4,53528,43615578,141494,,,
b87e38e1e5ca316f,43041,33154316,137984,42894,33163999,137984
b8bac4f2bc172b95,25966,16094345,139381,25821,16106044,139381
b8be03dc9276ef12,64492,54573122,129859,64393,54623185,129859
b9239fa41a37c77b,114976,105078640,138886,114834,105096361,138886
b92d9d1357a7cdc7,103026,93154922,137294,102877,93169379,137294
b964105c769044fd,69841,59953497,131693,69693,59965101,131693
b9756aa44c5a98c1,19591,9713900,137662,19439,9723624,137662
b98cad18e8063fb1,64885,54994893,137925,64753,55006952,137925
b9969ce991f4921b,29155,19257440,138116,29012,19277281,138116
b99820727fe34238,86837,76938336,139490,86694,76960999,139490
b9afda416a5a3627,69245,59375669,143616,69096,59388816,143616
b9afe6fdbee15768,101867,91976451,138504,101730,91990333,138504
b9d0342adbf8ea31,81259,71333314,129739,81117,71393451,129739
b9d2ece5b4d3dfb4,116666,106755495,137033,116556,106785757,137033
b9f3caa99c2ff1e9,61807,51934322,137616,61659,51948315,137616
b9fe828cbe692e50,110751,100875432,137170,110595,100885069,137170
b9ff5a2016cf6f01,112757,102793562,129365,112665,102877462,129365
ba09b11360492eef,65755,55878353,138206,65614,55890891,138206
ba23979f36bcf3dd,67410,57536499,134358,67267,57547416,134358
ba2ca470309db775,62246,52400384,339014,62141,52438340,339054
ba3962858818c8a9,94845,84958133,137564,94689,84968278,137564
ba3deac9967d21c6,50218,40319870,136390,50076,40340458,136390
ba5ac0f39b7ccc16,28892,19005792,138597,28757,19019528,138597
ba657724510a4469,99909,90018499,137792,99767,90028937,137792
ba6c324a3bba06f4,41739,31854166,136988,41602,31864314,136988
ba716a1d46b06e43,70338,60438273,138807,70187,60462342,138807
ba759a4c0f0bbec2,13602,3713533,135363,13456,3723403,135363
ba763ee1c14bc611,20634,10736237,116817,20512,10752605,116817
ba817747ffc72921,33905,23954168,137997,33784,24025670,137997
badea57ab7db8824,65155,55255240,130328,65010,55276889,130328
bb0d8e5c7dc70155,118576,108674752,135674,118452,108695816,135674
bb35ee30b342094e,59806,49914523,138693,59665,49929892,138693
bb39958034447435,26810,16914133,138908,26685,16934809,138908
bb55ee42524abd48,45260,35419509,342699,45152,35446264,342739
bb5e4f81ca927ec1,81227,71303134,128828,81088,71363168,128828
bbb2b1c181bd374a,89648,79726607,129515,89576,79770925,129515
bbc83e52815af0d7,63518,53634485,137611,63374,53648369,137611
bc3e1cab7b2a374d,74961,65073977,133351,74824,65085378,133351
bc5ed1e721a157bf,85956,76058078,137295,85814,76078886,137295
bc6131188e5c529d,98067,88194953,138379,97915,88205295,138379
bc8ef04ad4c6ff98,91058,81178023,137460,90910,81190276,137460
bccbe828303cd5aa,40958,31057512,138542,40813,31077383,138542
bcd264453dbe2fd5,95963,86074770,137194,95822,86084247,137194
bcd30645d0c8d3c9,104973,95098180,136676,104829,95110325,136676
bce36516f89676e9,110633,100755189,137710,110489,100765589,137710
bcfc6e300a2f0aed,105451,95554829,127750,105307,95572411,127750
bcfd249dd5a9517e,16818,6893900,129407,16696,6937371,129407
bd1c74531381a462,46591,36697700,138317,46440,36711237,138317
bd21a9e366e06871,26560,16652714,130014,26450,16682097,130014
bd3970df9cc4f88d,95283,85394894,138030,95138,85404679,138030
bd441e1983638597,54848,44954421,138283,54710,44969803,138283
bd79c128bc4da665,34003,24094259,138054,33860,24123417,138054
bdb252735a710086,62499,52576710,140827,62399,52622695,140827
bdc20d0d60590caf,92639,82755185,138900,92495,82765474,138900
bddf760e06f046cc,80781,70913457,130281,80635,70925874,130281
bde79f8b96b5d348,19466,9572575,130138,19318,9589194,130138
be010fca7d301c76,68705,58775997,132762,68609,58826682,132762
be49a7cfb3fee8b0,48612,38734902,139802,48465,38748288,139802
be5b760a8d3672e3,41679,31777881,137809,41549,31798643,137809
be6af8fe44238562,60276,50439484,337410,60178,50475658,337450
be7bb31a9fb97e4b,117888,108015636,138412,117740,108026034,138412
be807fa27fad9d7a,83218,73293459,130721,83131,73341839,130721
be88aed2bba39400,113121,103219027,139070,112975,103241285,139070
bea0c475fa64aa1c,86870,76974894,138030,86726,76992218,138030
bea858cf3a3cb1f1,65414,55517993,137935,65264,55536207,137935
beb8ed1623dc60c4,79405,69442601,113755,79288,69548666,113755
bec9922117fa8074,110999,101103589,152421,110854,101120021,152421
becd3d95515c83d0,78484,68556326,133548,78385,68605473,133548
bed4881747e8f4d9,109578,99697893,136320,109429,99718441,136320
beeb776cd0523d67,18376,8473867,111506,18257,8494408,111506
bef7680f8b0046f2,113576,103678057,142497,113433,103696026,142497
bf1d3b3505ecd2c5,66002,56115344,141503,65859,56133601,141503
bf1f8297e75a9525,71230,61354049,133140,71077,61365229,133140
bf33fd8fb636abad,59249,49354588,138473,59084,49368632,138473
bf35590a2a96d267,99881,89995256,139255,99743,90005378,139255
bf44c8b82c24efaa,25500,15614216,139211,,,
bf561971fa050e8c,115593,105698374,138046,115444,105713561,138046
bf5dc45ff195baaa,56026,46134246,137736,55885,46146475,137736
bf6775ee25662102,32026,22133895,136359,,,
bf81f072123c2121,46403,36513100,130795,46256,36525456,130795
bf956e4c52ec4eb5,114229,104335082,137969,114084,104348139,137969
bf984a219de2cca1,114294,104398400,136532,114148,104413122,136532
bfa85f639bb28abf,27796,17920429,156523,,,
bfba9b1c5dbffb7d,38156,28257750,138621,38013,28276925,138621
bfdffb1165596904,47525,37615044,129760,47416,37705020,129760
bfed2e57344c8998,49515,39612734,127410,49404,39638308,127410
bff72757deb4fb5e,82172,72279535,129406,82026,72293182,129406
c002135e058bdf15,38068,28194411,139593,37914,28205058,139593
c012a1bfdfcafd9e,109517,99635448,137129,109364,99648296,137129
c026111fd68fd03b,95724,85814596,136138,95607,85843997,136138
c04b19ea01bbdaff,113322,103455195,138124,113176,103466355,138124
c07163a3a8ad5d5c,92382,82495290,139017,92216,82505123,139017
c0b3253537948597,81418,71494959,138658,,,
c0b32d5657d1912d,27080,17214176,138206,26934,17225725,138206
c0ca3c47c17dbb2f,87550,77658392,138824,87416,77672356,138824
c0fa3fe5eae61bb6,71825,61938546,139634,71674,61950444,139634
c10b28ffe48b7f54,82205,72313532,130862,82058,72326492,130862
c12ca97880b88672,104797,94913383,128731,104663,94925251,128731
c1445c0f4109bc0c,87699,77818370,137318,87550,77830342,137318
c1603af98d9dd391,107936,98046711,137773,107793,98058648,137773
c16595dde24d6b36,17609,7713015,131841,17461,7728530,131841
c165f244ccfbb35b,94004,84114975,137607,93861,84125269,137607
c16b8be6bf3bb9be,110304,100394020,129742,110193,100423381,129742
c18cb40d3c2f9f34,45971,36094392,137639,45823,36104434,137639
c1c40e6cdc0be8a1,99195,89298154,137405,99048,89315130,137405
c1ca248fbb582f61,30098,20214292,138518,29957,20229863,138518
c1ccecd109593a2e,85652,75774838,138469,,,
c1dc2c5e26bec62b,55171,45260342,128438,55079,45338659,128438
c1fd9a8ba42e1c73,17483,7594316,139341,17338,7604391,139341
c1fdeec36f46d3a9,12131,2237341,137889,11984,2250580,137889
c20d01b7c9f7e6d9,70175,60275721,132299,70027,60299125,132299
c20dd65d8d531232,82490,72615192,138505,82338,72629963,138505
c21743d02bf3db8c,52303,42414551,139444,52161,42430057,139444
c2197177e4676752,69185,59296121,133805,69040,59308050,133805
c243572aac48f2b0,98571,88677963,136833,98422,88690569,136833
c2945d7f39db8474,67798,57896131,132511,67661,57921661,132511
c2a73696ff0a53e3,112124,102213440,127275,112011,102242998,127275
c2af135e65b95b4f,81112,71239909,99366,,,
c2bec37d1f0cc790,36743,26854397,138306,36587,26866367,138306
c2c469f3d4b592db,52334,42437794,137380,52191,42456492,137380
c2cbbf9376d1f00e,55518,45614686,138461,55412,45701459,138461
c2cf304252dceae0,96949,87054913,138230,96804,87069196,138230
c2d96063769c5bcb,91275,81375005,138568,91132,81397550,138568
c2dfdae767fb438a,110145,100215163,128257,110040,100264638,128257
c2ebcb24bcdd3b6a,47123,37234344,137456,46979,37246866,137456
c32ae262ce906630,28458,18534367,129298,28355,18581918,129298
c33e5bef7949ba26,31715,21834089,138000,31560,21845393,138000
c34c7e7a2d94d017,20914,10974876,140729,20768,11034701,140729
c35f94246c1aa8dd,35475,25552415,128088,35365,25594278,128088
c36b6381cdf59906,117643,107755323,139227,117491,107765360,139227
c3854c0be438f513,94814,84934850,138022,94659,84945015,138022
c38de0f9fbf9d981,105227,95335167,138622,105087,95348245,138622
c38f70a2c4a15ee5,32597,22677323,137035,32494,22730542,137035
c38f82c406bf5dc0,101511,91574959,128643,101413,91673796,128643
c39ffc214cfbc287,81893,72024534,129666,81745,72036160,129666
c3aeb78b37e3c835,36865,26994233,138878,36716,27009005,138878
c3b543006bd8954a,90145,80235068,138086,90015,80267060,138086
c3b8a176743e7033,25043,15152498,129609,24898,15161710,129609
c3bc46e9d521a06b,104443,94513829,128337,104352,94586409,128337
c3c1e49df0cc58da,56546,46633674,131831,56475,46665439,131831
c3cd86e6ef75d8b7,119534,109654934,137020,119380,109664636,137020
c3ed3a848ab4f6f9,85381,75473467,129924,85270,75503048,129924
c3f713c34f638056,72231,62335043,140407,72089,62353299,140407
c445b14dce7591ce,39598,29694851,140817,39470,29718248,140817
c4516637d6b88d9c,50657,40777170,137670,50509,40789660,137670
c451c4fdb9678c6a,83529,73614791,137738,83417,73651955,137738
c46918c7d045d4a7,53405,43492993,129460,53304,43525455,129460
c4914812b150d431,72974,63076243,132913,72837,63095290,132913
c4a9adfec1e5b03c,115808,105934955,136711,115658,105945183,136711
c4abe26f359d4bc2,68493,58621568,106856,68400,58653330,106856
c4cbdc4cb2648b1d,48982,39094307,137048,48841,39110307,137048
c4eeb3368297593c,11672,1775737,128850,11520,1790561,128850
c4f0733effe13814,102226,92357185,118426,102158,92387559,118426
c52cd73d5fc06175,102649,92694585,135446,102556,92799391,135446
c5325325ed9a952d,82583,72698224,137886,82434,72710010,137886
c53754f4be2d6933,89983,80043908,151871,89881,80124950,151871
c5375c09422ffb6b,27860,17994159,139758,27715,18006889,139758
c53f18f3f0057e16,52238,42354693,139072,,,
c56c91dfa512ad39,105162,95274735,137060,105023,95291428,137060
c575235ecb796e5a,46961,37057904,138956,46820,37084269,138956
c5e59c3a8c721c92,38847,28974561,139558,38696,28984788,139558
c5ec3266948b6672,109171,99275708,129983,109029,99292329,129983
c5fc7dc4398e03b8,70694,60773792,131790,70601,60890562,131790
c5fe51070adc5188,41117,31233154,130410,40969,31242079,130410
c6028285a09402bb,93167,83274879,137450,92995,83285823,137450
c60d04f8bb3dcf40,73876,63994917,139369,73719,64007320,139369
c614995ae497ff05,14642,4712184,127956,14536,4761540,127956
c61c6f3ca50f99d1,85317,75413427,130385,85212,75439753,130385
c620754255a82307,87914,78018151,137715,87772,78061372,137715
c622f7f4c5fde42b,13505,3613804,137607,13360,3625810,137607
c62400d4da1abc8f,118851,108958903,138309,118706,108971165,138309
c624c1851d265952,81510,71594645,137692,,,
c629c03753cc6d7e,78163,68274963,140177,78021,68290340,140177
c65235e3387aa933,25936,16057438,138533,25791,16069491,138533
c65258a3b3c52c41,61208,51314536,138065,61067,51329383,138065
c685c76411663445,84163,74274749,138319,84020,74289656,138319
c68f08ccabf4722a,97432,87513821,129222,97333,87551187,129222
c6a20c88f2a4fa44,69554,59658583,140932,69412,59701867,140932
c6c0f085d73ce807,24746,14834306,138736,24633,14867374,138736
c6cc35fa7172d47b,103374,93474857,137410,103237,93495541,137410
c6ce3a38ccdc6a89,15150,5273585,137244,14997,5283709,137244
c6d0048157bd683c,117229,107335151,137897,117085,107348792,137897
c6d01f557624fb0a,95057,85158616,137293,94914,85177078,137293
c6dd12a6c7e4c559,72101,62198313,139170,71961,62224956,139170
c6e7071d4ef23056,76713,66797886,142665,76609,66839206,142665
c70702f6ebd4c9cf,17021,7132574,130363,16876,7142733,130363
c714b50ea500063b,53736,43854845,139057,53600,43867673,139057
c72757e2d81646ef,70402,60561011,349699,70298,60596368,349739
c73e2333b7c37a2e,50971,41074289,137567,50829,41094016,137567
c748ef8481dc36c4,106727,96835067,137884,106589,96848073,137884
c775c95b6abfcad1,108038,98164846,94378,107940,98197821,94378
c777cc5ea93a3682,89925,79975045,139486,89833,80122312,139486
c78e6edce8db3fd4,87084,77173521,129278,86979,77206150,129278
c79d39af62edfa7d,43947,34034053,137093,43804,34077556,137093
c79fb529839c5f1c,110334,100417536,139406,110222,100454475,139406
c7b556b02f934f4a,44763,34874734,129284,44613,34886066,129284
c7da5c204d80538d,59556,49677497,136509,59407,49688771,136509
c7f74576bc2078c1,106245,96313382,128936,106161,96449868,128936
c80116da234be082,85989,76098337,157636,85847,76112097,157636
c81ffc921bb13b6b,17946,8073965,137528,17795,8084063,137528
c829e1a715e57fb3,59058,49158031,137229,58905,49177567,137229
c82e0cc1d30a0255,94337,84438318,138356,94190,84456902,138356
c83381e559109202,57749,47854719,137901,57599,47868948,137901
c840ec9074ca8d8d,93733,83817919,137344,93614,83852486,137344
c8419b2502898136,60476,50554964,129124,,,
c85d7bac30e25e55,38572,28677896,139528,38421,28691317,139528
c878be731c5faf6d,17257,7357508,130642,17114,7376406,130642
c87b5cdf83ffbb7b,66960,57016640,132785,66821,57110092,132785
c880132b7cbcb278,15617,5732100,127627,15469,5741604,127627
c8c1b570205e3266,56514,46611433,116618,56443,46632678,116618
c8d20ecaf71750d7,95406,85505646,129952,95300,85525453,129952
c8dd3e9c223d806e,77723,67838546,138449,77571,67860053,138449
c8e120ceee0764e0,25658,15774421,139875,25509,15788906,139875
c8e4055e8e7d455f,22786,12872867,132177,22672,12905987,132177
c8e96ec2d0f1b5ab,57995,48114806,137522,57836,48125074,137522
c8ef13fd4a671d7a,97623,87698758,138332,97516,87742686,138332
c8eff4b1882af132,56282,46391131,140213,56136,46401789,140213
c904646eca13a82c,53179,43279771,130158,,,
c90d1aae29f82adb,116727,106815131,137483,116612,106847007,137483
c9235c7d258ff7c9,14100,4234051,139466,13954,4244478,139466
c9247043b2ffde4e,109827,99935157,138527,109687,99950994,138527
c958ea4e916bc36f,24556,14632498,129746,24451,14675608,129746
c967d48d0225bfd9,78996,69122901,137196,,,
c96ae4369d3bae66,32894,23014026,137394,32752,23024941,137394
c97290d79d042f1e,96766,86895032,138597,96614,86905083,138597
c97b69a6bc4c671c,45228,35334250,137814,45080,35349705,137814
c984d3dec2617e6a,20186,10294318,140147,20038,10306247,140147
c9f6de088a746d02,80535,70653574,131662,80383,70670004,131662
ca074faef298cadb,96455,86557861,137415,96307,86574613,137415
ca0b0d0a95d9fef3,63981,54078063,137696,63840,54105682,137696
ca145997a2b402d6,116787,106875383,138048,116666,106906948,138048
ca1ca4c357b23cce,113673,103778876,137550,113528,103793851,137550
ca33d774697f2e8d,54978,45077788,137452,54838,45102972,137452
ca76207cf0bed46c,78323,68421006,120112,,,
ca77daa6ea1ad3dc,101119,91218619,138877,100974,91238938,138877
ca7b049f86cd2b06,101664,91753794,130293,101552,91787978,130293
ca85e2a70e03d2cc,54199,44297800,138169,54057,44346357,138169
ca87a34a51ba8456,57558,47657912,137496,57412,47677220,137496
ca94c6fcb36cf29c,28951,19057002,136986,28809,19071958,136986
caa3e2914c4650fb,34132,24253861,136682,33974,24264712,136682
cac6009dedb48f69,110837,100938433,138380,110692,100956840,138380
cacb448a7c409621,24458,14556335,113023,24355,14577210,113023
cae39cc32b42c83f,84975,75122268,352380,84865,75164430,352420
cae53ab80b7a92f0,76110,66213886,132591,75966,66232510,132591
caea44bdb452f22b,96982,87078204,137606,96837,87101951,137606
caf871b79478993c,66390,56456252,132303,,,
cb48682e398e4b34,98038,88158808,139450,97885,88168738,139450
cb48fae232c4eb1a,22026,12152287,128724,21877,12161696,128724
cb54a326808e52ef,50315,40417512,137670,50170,40437999,137670
cb5c063b4a5b0a76,16633,6712308,128115,16525,6752439,128115
cb798ffd29455c2e,55666,45774695,139773,,,
cb836c70ce6631e6,70997,61095030,140415,70872,61125090,140415
cb9bd44da669b410,61058,51177855,138389,60916,51190290,138389
cbaf2e6ac830c3f8,43778,33832776,128988,43658,33947492,128988
cbc5329538226583,47364,37452641,128023,47258,37485919,128023
cbc72288a1be32fc,101634,91713598,128711,101525,91756671,128711
cbfdf7df6164eff7,55204,45281787,127051,55111,45339689,127051
cbfef80847bff38a,71607,61713850,133581,71464,61728353,133581
cc00f6c20d86bdfe,54727,44854383,137732,54583,44866091,137732
cc0bc86d099208d9,106011,96115392,138981,105868,96132690,138981
cc1097a0274856e0,64143,54255051,141258,63998,54270587,141258
cc173ce4fb8e1272,13192,3314108,139600,13038,3323614,139600
cc1ffd8aa61ca3a2,66869,56913277,131691,,,
cc200a28b61ad777,85411,75515106,140043,85298,75535510,140043
cc26b4a727bb928e,33955,24017462,137745,33822,24074356,137745
cc3db85d1a322eda,29382,19496985,155209,29238,19510805,155209
cc5393abe2275437,18229,8334100,138143,18083,8349436,138143
cc587573269996c3,115562,105675073,137618,115413,105685273,137618
cc6143124e336ce8,84814,74921385,156653,84675,74937579,156653
cc66fa40ccfb5dff,83315,73393352,129661,83223,73436735,129661
cc6dbbc43bbafb26,104022,94135041,136591,103877,94149586,136591
cc778ebadcafe3f5,16935,7033776,137556,16801,7055708,137556
cc7d42214d9c6012,78516,68594897,138714,78415,68639132,138714
ccdb0028bc1fc66b,48674,38794453,137550,48524,38807643,137550
ccff23f2380fe369,76863,66958611,140106,76743,67032254,140106
cd2a28d7f6a123fc,118269,108396810,99224,118151,108413522,99224
cd2cb37b12d833c3,116541,106615501,139801,116438,106660473,139801
cd3648be9579a77b,46000,36124603,128648,45849,36133577,128648
cd568a8306e355e9,116635,106714991,136930,116527,106754458,136930
cd67074704e58434,56611,46678905,130860,56538,46731527,130860
cd71d8fff4d24421,112313,102411712,137484,112192,102433756,137484
cd9e3da537f7e017,39960,30093091,130321,39812,30103108,130321
cda79a5782ba6e77,53559,43654135,136033,53448,43737294,136033
cda96f67d803bde7,90064,80137141,141465,89951,80220737,141465
cdb5c1b5ddc33f94,49547,39634718,129926,,,
cdba5f447474cf5b,91531,81620998,130055,91439,81665772,130055
cdc3ba3f0db236dd,113234,103355031,137036,113075,103365320,137036
cdc983c0369cc692,79850,69955347,130167,79705,69970835,130167
cdd2d8f85e46773a,52585,42699353,128537,52434,42709704,128537
cdd3b4a789f9a7e9,13760,3872308,128724,13609,3887178,128724
cdda672bf5b2afb6,46120,36254236,137480,45974,36264445,137480
cde1c43d5b2d13b7,39751,29855121,142553,39611,29870104,142553
cdf23bcec79eec1f,110663,100786319,137439,110515,100796328,137439
cdf5b3201bb9a5c0,31086,21214262,138689,30934,21225220,138689
ce008d790dcec0e6,88264,78375318,139666,88116,78404749,139666
ce12af19874c6665,65350,55454531,137835,65202,55472759,137835
ce1f0422ef86e793,21655,11757897,139621,21510,11775401,139621
ce27efecdb491243,96422,86534583,136744,96275,86544085,136744
ce3113cd4dda29fc,105728,95855007,137201,105579,95866780,137201
ce36d2e219971a4d,51531,41634467,138260,51416,41663709,138260
ce60d6683bc6352c,108677,98794898,136993,,,
cea145139d237092,28142,18254126,138478,27999,18268389,138478
cea61f2c9c7ed02d,43074,33177953,139991,42926,33193308,139991
cee08363e4acece3,110967,101077869,153972,110821,101089167,153972
cf0de4cbd82e0d78,118042,108154985,137022,117898,108164652,137022
cf208a8e43662b15,75551,65658478,139250,75407,65672772,139250
cf31e77d0ca548b0,53309,43393014,129804,53212,43429250,129804
cf522355d394929d,20730,10794721,114584,20601,10847930,114584
cf56412e7dff6751,17516,7617948,139992,17370,7636185,139992
cf86b51c433023bd,89806,79836437,129417,89725,79931230,129417
cf95f78a4e43ea54,41493,31594558,138551,41378,31613374,138551
cfba256dff2bd3c8,53212,43301812,131320,53116,43405783,131409
cfbe73be2225c3bd,25307,15414014,137911,25163,15429631,137911
cfbf35f3d3b95a6a,48044,38174099,137645,47900,38186943,137645
cfc106457496f95a,10628,713287,89841,10516,745051,89841
cfef8ebae587992c,115274,105375260,137661,115130,105393894,137661
d00ada8d81ebf543,48260,38373911,135822,48121,38386308,135822
d00c745c5d48a206,71544,61655071,140791,71402,61667836,140791
d02c2b1085e7b564,106525,96595476,128615,106418,96645275,128615
d02f84aa3cebb2aa,34079,24177279,137536,33923,24199097,137536
d044995ecd27e428,86901,77014716,138433,86757,77026992,138433
d065b0e4720199de,16048,6153830,137997,15905,6168827,137997
d0911ea7ff0be9be,112188,102278908,137228,112073,102307356,137228
d09368c9a4024c72,27827,17952278,127669,27679,17968622,127669
d0972846ed407345,12867,2952649,130388,12749,2986190,130388
d09fac61817370b1,81387,71457884,136984,81238,71523984,136984
d0b9c31441dc5faf,82333,72438133,138023,,,
d0d8ac867cea62b9,10816,893682,127973,10695,935753,127973
d0ed04beffdb8155,60507,50593020,129309,,,
d0f96ce569b7e903,49013,39117559,137506,48873,39136379,137506
d0fce53f845ea790,70938,61035111,141781,70821,61064726,141781
d105ef7bc33888f2,108976,99078310,137447,108835,99098981,137447
d10872e701868a8c,95220,85318096,136617,95075,85339341,136617
d11f37d36417cf24,18035,8135229,128137,17889,8154300,128137
d134a47c97f7b100,45855,35954957,141728,45721,35974777,141728
d146e9a0fa0b1c02,115241,105338263,136998,115098,105361339,136998
d194babaa05b8909,105097,95201604,156722,,,
d19fa4b53c385795,14318,4417305,139217,14173,4438501,139217
d1b5c16b276ea5a1,86022,76134967,137163,85880,76149480,137163
d1cbd53c5f37773e,108468,98557795,136533,108352,98590602,136533
d1cd7531c8e9a809,60061,50174644,138942,,,
d1d0f9841c3ea650,100957,91058150,137770,100812,91076648,137770
d1d697c47e796867,111159,101274839,137005,111011,101285256,137005
d1d922d97b6dfbbb,41398,31494322,138970,41287,31518040,138970
d1e539cc3ca0a8bd,44139,34265059,135998,43990,34277508,135998
d20d0d88f56d615b,70369,60474647,138086,70219,60491407,138086
d21f95a3656750c0,70598,60673487,131527,70507,60796620,131527
d262362fa967ef06,46030,36154633,139646,45876,36165230,139646
d28f951bc639eaee,93701,83794747,137130,93584,83820450,137130
d2ba40a4e0597590,85533,75638706,139782,85407,75655390,139782
d2cec4ad7dac4da0,25013,15116985,141444,24872,15133182,141444
d2e229e38821dd91,19338,9440115,155209,19192,9458665,155209
d2fcc8df056f7421,20471,10627334,347739,20355,10655711,347779
d3157fd027aaf770,12387,2497334,138346,12236,2508010,138346
d33fc38115159509,33168,23270420,138405,33024,23288312,138405
d348ec34faad6a03,116905,107015632,139539,116769,107025995,139539
d34e639389c94a30,91723,81798728,138481,91624,81856201,138481
d35bb641361d730f,101781,91874932,137283,101656,91904984,137283
d3673ff98f06c570,61685,51797983,139210,61532,51810411,139210
d36cf17acb0e5b2a,15393,5505112,137582,15248,5514686,137582
d37eefd241d4554e,102784,92855071,137436,102674,92963746,137436
d38472f2c0e65a08,108343,98437060,129294,108237,98464551,129294
d398220465c0423c,18758,8857775,138897,18627,8878559,138897
d3bb95c49e2c3482,43231,33321038,129850,,,
d3cd663e5e76f42a,14976,5072437,129539,14842,5095497,129539
d3ff177f14049822,25071,15174500,130233,24923,15189811,130233
d40097e95a58ed61,27266,17374082,138531,27122,17388041,138531
d406f7760ee1838a,10936,1033643,137453,10805,1056695,137453
d4100a78ea398c98,114326,104482272,348362,114216,104509999,348402
d41b899b1469a079,100371,90474882,137233,100225,90490315,137233
d41b9bb60acb59d1,115093,105215282,138318,114939,105225813,138318
d426624250882d98,116963,107075258,138345,116820,107085444,138345
d45c6fda4bb994f7,76833,66934910,139540,,,
d4637eaba1b672b4,81804,71915752,130826,81649,71930654,130826
d469f0cae0990c59,11024,1132608,130940,10883,1144224,130940
d47438531edbd17d,30034,20137496,138371,29893,20155946,138371
d4774112c1c1750a,56737,46774906,141673,56655,46858038,141673
d47df33a5c568967,48705,38817899,138832,48554,38830235,138832
d49fb7bcad147986,93855,83954989,138491,93727,83974881,138491
d4c2426abe54b030,119869,109975435,139301,119726,109989004,139301
d4e7746bbe441845,108705,98816540,128260,108566,98855555,128260
d4eef50ce8353525,80472,70577930,137485,80323,70594406,137485
d4f1fce605800b35,66293,56380988,133142,66203,56460750,133142
d4fdf858266429c7,77188,67293845,133565,,,
d51f42d220ea9a77,54946,45054513,138526,54807,45072105,138526
d548961a0bde15b3,79247,69347450,89484,79131,69420462,89573
d558167fdbd445cc,26250,16357345,136258,,,
d55ca06175289322,35377,25477296,129150,35269,25496707,129150
d572b9079ed05b60,29816,19937165,137406,29671,19949448,137406
d573c1024168c139,106842,96958208,137152,106693,96970148,137152
d57eb99acf10f41a,65477,55577960,138576,65325,55601055,138576
d595d6bfe56f3672,79182,69318903,356186,,,
d5a19e897ffcfee2,49174,39320451,345124,49061,39359278,345164
d5aa8e137843bbae,58121,48255056,138443,57974,48265016,138443
d5aad5851bf7fb2f,81746,71853405,130316,81588,71875057,130316
d5b11f4c518ee206,89299,79393540,130284,,,
d5ef084258aa9309,15457,5557296,138262,15313,5577189,138262
d609bef226904524,21397,11498116,137313,21253,11516892,137313
d61ba673208ceb43,73968,64095255,141241,73821,64107682,141241
d61cd763d09dae83,19208,9314053,138455,19063,9327302,138455
d639a555740b3988,54263,44374249,137604,54119,44388652,137604
d63aaeebc4f0ede3,99001,89098401,138905,98856,89121426,138905
d64e4bcdabfe618c,76652,66733811,132980,76554,66775325,132980
d6665ff00363f6e0,107967,98075013,137658,107824,98088504,137658
d692899c449dced5,98788,88915109,139035,98635,88925840,139035
d698f8423f4d06cb,107435,97555009,137172,107286,97569601,137172
d6a1f0619867059e,71026,61130872,116960,70896,61152187,116960
d6aa18084b9df536,36361,26474103,137686,36219,26508655,137686
d6da54bbe97346ad,77970,68075218,140939,77829,68091725,140939
d6dee68e78ba8d66,31338,21442479,152407,31195,21462908,152407
d6f7278030e77b90,103405,93514959,137064,103268,93527035,137064
d6f83493bd846cd7,22909,12995229,130761,22783,13028281,130761
d7503f3672b97866,70630,60695797,132220,70538,60797505,132220
d79d4cf7749445d5,81717,71816856,129395,81560,71849168,129395
d7ab64ff89d5c49f,63228,53334723,138857,63088,53349726,138857
d7c42d931bd64427,60540,50633075,130266,60449,50737772,130266
d8023c777e52a190,71349,61454842,139327,71209,61470708,139327
d80630138f92faa6,51499,41594326,137835,51386,41632719,137835
d8122616b2dbb0d6,46338,36438971,129573,46192,36457102,129573
d822bceb9b3b9abd,17641,7752507,130414,17491,7762772,130414
d8721cd07856ca73,57025,47114779,139076,56897,47144903,139076
d88875c27aef73c6,110692,100815214,138651,110541,100825761,138651
d89596909ea0349a,84661,74794982,138624,84518,74810970,138624
d8d82a55e75c15e1,107151,97257740,152775,107010,97299707,152775
d8daacebdba03417,119441,109555003,137184,119291,109565422,137184
d8e2fee2ae45e7eb,57934,48054265,137199,57778,48064406,137199
d8e6a5a726682a41,13016,3114297,128818,12882,3135573,128818
d8ecda6e232aa2c9,111501,101635254,138308,111355,101645452,138308
d8f06f98271b537d,118700,108806887,137988,118568,108820134,137988
d92b3e48ec721504,28491,18572716,130188,28387,18614915,130188
d94588f32c97fd11,40675,30798065,138255,40526,30808064,138255
d946799ca4b8dffa,15586,5697408,157367,15439,5708762,157367
d94caf03e743de4c,52926,43034386,138072,,,
d95f89faef5953bf,90965,81078212,137170,90812,81089893,137170
d986e04dfe564221,108528,98635163,137019,108409,98698105,137019
d9abb8e69d2e0348,102043,92186738,137388,,,
d9b2442401b820ee,95316,85467455,380892,95205,85499009,380932
d9c5167deb239144,48828,38952576,127166,48681,38962955,127166
d9dfb413b593498a,75109,65235065,140566,74955,65247263,140566
d9eb928b82695d8e,118791,108895538,137016,118652,108911220,137016
da20bbb5e1a18670,78099,68198791,140773,77957,68222331,140773
da2124828d0d3fd4,41054,31154911,129491,40908,31173266,129491
da26fb36084dd138,60328,50456034,99347,60239,50485426,99347
da30b08ed62062c9,70240,60354300,132652,70091,60368334,132652
da35f78bc595f08b,118204,108315400,139618,118058,108325344,139618
da3f7e599294e15a,97685,87774982,138185,97574,87805154,138185
da4e687bd27dabac,91755,81834777,137283,91654,81885555,137283
da4f724214308bff,84099,74198207,138301,83957,74223895,138301
da530299d426b3af,59123,49234509,136886,58965,49244450,136886
da6b0abf2990b025,65285,55394463,138060,65138,55407341,138060
da76d11b871e0222,80749,70873588,129037,80603,70884565,129037
da890134047f859c,66210,56338322,105264,,,
da89745edf190d86,103121,93258286,155601,,,
da8d920e0450ecd1,41857,31974627,139847,41708,31984802,139847
da92ab18ce5ab8f5,32836,22937260,137264,32702,22963256,137264
daa4783cc5f41332,36051,26174337,138986,35898,26186827,138986
dacde379f369a09f,72327,62435011,140597,72183,62450765,140597
dacec1bc44f61eab,41708,31814000,136600,41575,31827702,136600
dad54e9bb4d2f715,12467,2594741,100118,12364,2612090,100118
dadd55e63047e4df,109455,99575100,137930,109304,99592219,137930
dae2846bd1f8d588,59871,49974628,138586,59730,49993505,138586
db54ce73ab36e6fd,89615,79704727,129440,89543,79738707,129440
db783cda80e59d2b,90401,80534648,137194,90255,80547090,137194
db926c472bbbed73,101810,91914777,136793,101681,91932962,136793
dbde53ad0b375fde,19370,9472990,130040,19223,9488609,130040
dbe7df0c8450f040,79878,69993660,130936,79730,70004173,130936
dbf112a6ddcff86e,62838,52937700,137871,,,
dc30784f3c530c06,78850,68953635,130153,78723,69011930,130153
dc3971546471fd1b,115499,105598645,138460,115352,105618272,138460
dc5e967704ac416b,102731,92794916,137160,,,
dcad178a35a3b654,83559,73654919,139295,83443,73683349,139295
dcc384a2eed1f5ed,26218,16334313,138707,26076,16349379,138707
dcd4b191699fa480,63766,53898164,138241,63621,53913137,138241
dce54822931378be,63196,53297817,138756,63056,53318738,138756
dcec08557793e2cf,71142,61265173,133564,70996,61279390,133564
dcf0ef2c1bee6d0b,44795,34912679,128723,44643,34926416,128723
dcf76c73b961d964,26686,16776676,141991,26570,16812668,141991
dd12224410179b91,18633,8732251,127898,18510,8753238,127898
dd28e9768c63fe04,102810,92894881,137209,102694,92965219,137209
dd32a107db992ef9,45487,35554187,127328,45383,35606866,127328
dd641e4594b78819,91596,81673563,130260,91502,81729585,130260
dd6c0f185353fa81,10449,576273,99089,10339,594810,99089
dd6c6744b606d380,30322,20421675,127931,,,
dd6da2a29fe35937,21935,12054568,141056,21779,12065437,141056
dd73b2cdeed88a77,67266,57377695,141131,67106,57389387,141131
dd8fc2732c77a97f,42230,32334508,139164,42086,32350803,139164
ddacc2c742c441d3,38100,28234382,138010,37955,28245448,138010
ddc001a9fb0cb19f,21462,11573982,192770,21318,11588478,192770
dde9bfe9b4a9c788,59090,49194667,139192,58935,49210211,139192
de2864ef62461585,78702,68793439,130546,78586,68823678,130546
de3859b8642fc6c1,103054,93178090,137299,102909,93190056,137299
de506228ba32dfee,51684,41794182,136777,51557,41846787,136777
de5dd58214b6a19c,74902,65018287,133613,74773,65034276,133613
de6806ea3069d58e,36896,27017524,137947,36751,27029167,137947
de76cd64e44fa983,110604,100714939,137021,110463,100724950,137021
de7bab107832f4cd,112567,102655089,112149,112487,102685577,112149
dea59f264be0e407,100176,90278623,138613,100031,90296148,138613
deaf0c379332a312,116992,107098778,139069,116845,107112080,139069
deb019b1b9887172,78272,68400643,107224,78175,68430451,107224
deb582e1da7e40f3,94369,84478040,154902,94222,84489193,154902
debb2e8d27967bfa,102758,92818252,138096,,,
df022891094bf769,76046,66151237,118223,75903,66169642,118223
df1cf2288da281de,69098,59195960,132769,68965,59222558,132769
df23f8bc0aa30626,11609,1713700,137626,11460,1729385,137626
df3cc3221c381a8c,14156,4257284,137739,14012,4276400,137739
df5625ec97afcad3,74689,64785133,133414,74578,64814384,133414
df628d05a174386f,74659,64753892,132704,74550,64782002,132704
df67802394d5fb0f,75020,65136413,132612,74876,65147802,132612
df6afe07b1434398,53086,43240823,340171,,,
df75deb1f0c74824,61466,51574408,137845,61322,51587949,137845
df8b80461dd316d1,64249,54377031,100995,,,
df9b03da1dfbe8d7,52173,42284853,136168,52032,42298492,136168
e0392aea6f7917df,77601,67715624,142854,77454,67727196,142854
e05593857b4d1943,112694,102736840,127578,112608,102813682,127578
e064ad09a5bbe7a3,79215,69331528,75324,,,
e07e1f177cdee3b2,19529,9637851,138204,19379,9652241,138204
e082b0b927ae4ede,74990,65114018,133340,74850,65128294,133340
e084abecd263583c,39066,29174308,138939,38921,29185525,138939
e0916dbaec15d7c4,112663,102715221,131084,112579,102783049,131084
e09ba48c7cf6e85b,115208,105315157,137526,115065,105328535,137526
e0b0ab7f32d08c69,26185,16293922,137478,26044,16306809,137478
e0b8987769bbc91b,18067,8174386,140307,17922,8188216,140307
e0d0aa5e7dc1450b,70879,60957697,142904,70769,61005244,142904
e0fd9b7075d3ac2d,50441,40554129,136635,50294,40565758,136635
e109934dde162031,96797,86918598,139077,96647,86928878,139077
e14aca3b23964e22,16016,6117337,137631,15873,6136537,137631
e14b7e2d4bfdf183,84002,74114764,136768,83860,74131533,136768
e152ed70999a88a0,94402,84514938,136889,94254,84524636,136889
e1708ff01ee9f07a,52617,42733367,129743,52464,42745002,129743
e170ede334835231,9889,16467,99173,9780,35788,99173
e1935c60522d3c8c,49259,39358718,129780,49154,39383280,129780
e198f275a7b4f792,28832,18934136,138191,28705,18969707,138191
e1a50211e8258d8f,18968,9093980,137317,18819,9103476,137317
e1b7791cd1087b73,36522,26633986,137549,36376,26647963,137549
e1b7b99c8cf3c3db,63704,53817895,137857,63552,53830242,137857
e1bdc9fdddd8afd8,55333,45414216,137311,,,
e1c04c55acf37a5b,36201,26334202,138159,36060,26346552,138159
e1db132220e10f6b,77881,68015099,140537,,,
e216d3ce3c231379,14888,4974067,128888,14765,5007723,128888
e230587a06258345,75915,66016562,133184,75773,66037648,133184
e233d402ff773007,59587,49714943,138540,59438,49726457,138540
e235c31eedc5699a,40553,30674841,141751,40396,30685566,141751
e2407ec0e8db52ba,52492,42614788,139275,,,
e241e0122d093bb0,86183,76295017,138926,86038,76309787,138926
e245c3c9415a64a2,69040,59136171,132130,68915,59164895,132130
e255208262aeee3c,48422,38534175,137361,48281,38547310,137361
e25c94e6dfdbcd3f,54166,44274419,138242,,,
e269ee26672d6c21,57842,47954612,138858,57689,47965336,138858
e2763d05c5857547,42357,32472988,130187,42210,32482022,130187
e2853f0cedff97a6,16306,6413999,138501,16159,6425653,138501
e292d2c6b92ff130,95090,85194753,137483,94947,85210221,137483
e2ccd3ca2f7bd4cd,19273,9385367,139219,19127,9395241,139219
e2d3d9dde95b9e24,110486,100577937,137331,110359,100606224,137331
e2d9d2680c5f0824,39163,29274692,140794,39017,29284719,140794
e333aab3bcc2e6fc,113894,104015312,138210,113743,104025819,138210
e33bc7cede524927,100653,90774805,137322,100499,90785318,137322
e36a40cfcf94fddc,117518,107635274,137230,117370,107645229,137230
e370230cc0b24d52,103212,93318129,155842,103077,93338727,155842
e37d7437e61c15c9,92543,82654918,138549,92400,82667110,138549
e3a8eb352ef235d7,15063,5174157,139600,14919,5183784,139600
e3b422682828faad,115403,105517854,151905,115258,105528776,151905
e3d9ab3f50f363dd,100026,90155002,138639,99875,90165507,138639
e3e761bf3695d8e3,39343,29433046,131103,39224,29462109,131103
e3ff77433ab4a8b9,114048,104175052,137855,113895,104185310,137855
e408fa351de8acb3,48293,38397103,137119,48154,38414352,137119
e41e5f66522e8f3a,106465,96535733,129898,106365,96587802,129898
e4376eeb10aa6c06,35876,25974128,137800,35739,25996466,137800
e440543cd223346c,88861,78957472,140741,88729,78982824,140741
e44672b598eac63f,64618,54695265,130685,64511,54740304,130685
e470ad9abdad0c02,25532,15637500,137516,25387,15675998,137516
e48e49f6c294c8e4,67861,57958820,138969,67722,57985331,138969
e494dcee14a13571,46746,36874102,136796,46596,36888131,136796
e4967f76b1c69b5c,56857,46914267,137222,56759,46977321,137222
e4974785e95a8fa4,50809,40917371,155204,50668,40935122,155204
e49ac4e43d165cd9,86403,76526460,138028,86249,76538322,138028
e49dc0a805127a3b,16273,6376959,136679,16128,6394049,136679
e4a3bbbf035cd5db,24684,14755043,131643,24575,14803692,131643
e4d663b877c1a446,114079,104198257,137049,113928,104208266,137049
e4ff24fe9f5830ce,102942,93054822,137002,,,
e5036dc5e35f06f6,111945,102072250,96191,111834,102095167,96191
e50e73af99eedda4,52959,43057960,139691,52818,43107103,139691
e558b6ddc9ef9b27,88637,78734941,137722,,,
e55b80a3e9c39d24,72262,62375062,139998,72120,62390729,139998
e567251c95fb40b5,24080,14214547,139358,23934,14225289,139358
e57e92c6a83a604f,20943,11014166,139048,20794,11063650,139048
e596644ef48c0661,110457,100554758,136314,110333,100577201,136314
e5a32aa0620de285,106148,96244634,112012,106064,96268064,112012
e5b7ea00ae826380,34845,24974122,136090,34694,24985112,136090
e5d7737c25476589,102503,92533590,128466,102425,92629726,128466
e5db9eec8b5877a8,68799,58877980,141881,,,
e5e1155d1e53a61a,10164,254268,140640,10050,284260,140640
e5e6895862a4797e,117581,107695055,137282,117431,107705438,137282
e5edeb2fdc0f3766,9938,38468,130393,9829,57548,130393
e5f59861754aa359,107279,97395040,137386,107136,97425556,137386
e5f64b12dba9d85f,101152,91255087,137097,101006,91271662,137097
e5fc224ccbafdb93,64014,54114657,139181,63872,54137432,139181
e600228d5fc877e7,87816,77918136,138073,87675,77940138,138073
e62e2be094ab9a5b,90281,80398268,138344,90132,80421557,138344
e62e3cb58ff4306c,81864,71993251,128343,81713,72005647,128343
e62e4bfc0d6256b1,90872,80993723,130336,90723,81007948,130336
e6396f5e160d649d,92171,82294826,137771,92020,82304987,137771
e64b4f9515e0ef37,45706,35794415,138995,45588,35826276,138995
e65ffac61eebe9f5,10691,764855,91430,10578,808562,91430
e67038148c9ba8f6,36617,26734299,137754,36467,26747649,137754
e671e1cb17d108d4,25339,15437333,137800,25195,15460880,137800
e67bb08150e8ed23,117109,107235183,138288,116954,107244918,138288
e684b24ca16f328d,37372,27459269,131998,37280,27537910,131998
e6a3d4bacce6896e,111910,102056296,362509,111793,102087365,362549
e6b9645ed7cc9fec,100623,90735004,138004,100470,90745305,138004
e6c7f5ab3fd5e709,91692,81775340,140799,91595,81826968,140799
e6e2b859421f60e9,95816,85914741,137372,95691,85935302,137372
e70a1d889e18f8d9,51003,41114348,136837,50859,41130628,136837
e72fa12eac0b204c,64524,54613344,129888,64424,54645194,129888
e73b696a56f3a1a8,29350,19456931,153806,29206,19472314,153806
e74450a660feff93,18879,8993750,137438,18737,9003435,137438
e763d383f81c0dc7,16386,6517562,121925,16283,6532213,121925
e775665f55bbdd40,26495,16592879,130770,26387,16617398,130770
e793fde660287e9a,58928,49034558,138457,58787,49048423,138457
e7958ffe8340ffd9,9971,60482,129994,9862,90925,129994
e79c83f620b61a23,73439,63538526,140351,73298,63562704,140351
e7a2a01ff58f7e70,91088,81215398,139128,90940,81227534,139128
e7a2dd19f3c5e0db,37922,28033921,137272,37783,28044994,137272
e7adede2b0480c00,63390,53498489,158239,63249,53513556,158239
e7b5138f8790a317,37563,27634770,130113,37465,27684165,130113
e7c4c089edd60c5d,52990,43094654,139153,52849,43111545,139153
e7c73252661bde62,13914,4032191,128687,13757,4042388,128687
e7d7e5c7c01b33b2,29663,19777477,139205,29509,19790019,139205
e7d8d49339e9aa90,66712,56781559,116338,66598,56832876,116338
e7e8a379e12a9bca,56123,46249304,157664,55981,46261454,157664
e7ed755e1ac02338,82074,72179863,158794,81929,72200223,158794
e81ffb8e91e60c96,40177,30277697,139055,40031,30297385,139055
e833257b7421120a,30641,20734191,137890,,,
e84802434e5ef9f1,24409,14537263,102297,24306,14556114,102297
e885e2ccaaadfb52,31592,21714317,139540,31443,21727676,139540
e88a65acb377196b,100868,90994773,136572,100720,91004582,136572
e8a2f29f260f7be7,25690,15797949,138900,25540,15811823,138900
e8b3227ba6df9fd2,65785,55918158,138597,65644,55932700,138597
e8bb69c7d9cd41cb,42977,33094872,138565,42831,33104838,138565
e8bcd574a52e1e56,88386,78514813,137964,88235,78527511,137964
e8cf7ae035817de1,57275,47398062,139273,57125,47407563,139273
e8ea5530a8ecd38c,68107,58233575,130962,67954,58246572,130962
e900122432bed49c,41648,31754634,140308,41521,31768580,140308
e90e49d96f9c1da5,108855,98977113,140061,108701,98989351,140061
e9104aca217105ae,93069,83174958,138670,92898,83185791,138670
e914e2155b32d39b,45884,35994149,137632,45747,36004961,137632
e92dc78db4d88cae,69904,60015970,131492,69754,60027271,131492
e93078103748ba5f,117455,107558626,138654,117308,107574405,138654
e9381018cc39372d,68077,58193737,132694,67927,58205153,132694
e93be69f7159d55d,10318,420140,138358,10193,438282,138358
e943c06d67285d21,111751,101855069,137482,111605,101870762,137482
e945b9b4708abfc5,104826,94936975,139640,104687,94948908,139640
e95bd53866725fc4,13222,3353517,136990,13073,3363591,136990
e972d149634be954,88891,79042125,346892,88758,79083053,346932
e974933aa34e19ac,109298,99414972,137632,,,
e978207c4998cab6,65816,55941548,138661,65675,55953722,138661
e981848033d17b8a,29880,20014182,138191,29736,20028072,138191
e98385e99cd30d4f,32343,22421841,130030,,,
e986f7f3451ea9f9,34722,24832724,130096,34569,24842104,130096
e998f16693a7c741,93445,83544464,128786,93334,83564025,128786
e99c6a40dd9de229,105667,95793379,128145,,,
e9a2318f68ac5604,91816,81898364,137252,91710,81946455,137252
e9a71ffb36628890,81541,71634639,137317,81386,71674951,137317
e9b1628b1b7456a0,30001,20114146,139017,29860,20129560,139017
e9c8698512d7a2da,30671,20765401,138122,,,
e9e499a5b9520f6d,66679,56761879,123271,66569,56804206,123271
e9f4dce6649df60c,117141,107275257,137717,116995,107285841,137717
e9f7abc3f8c4ff07,80965,71073527,130748,80817,71086856,130748
e9fe07cf2aa4b054,60635,50734522,136547,,,
ea032f2e556cd130,70501,60598595,117921,70411,60627766,117921
ea676b2bf21a5efc,104506,94575111,129294,104409,94626332,129294
ea68698ef9053abc,33563,23638007,110877,33503,23681809,110877
ea6c2ceb7e58a457,79343,69403173,114657,,,
eaa7e1184fa4a6c5,117921,108055303,138440,117775,108065758,138440
eab175597b2e494e,103808,93934651,135768,103664,93949984,135768
ead4744ab1199572,14768,4852423,130106,14655,4887238,130106
eae0db2e855cdc58,94243,84374915,137466,94097,84384797,137466
eae7d7e8e11250f6,77039,67157553,131227,76896,67185735,131227
eaf0e212c1ef3368,21843,11952560,129648,21691,11962828,129648
eb1df60fe5bb0a80,86341,76454910,138238,86190,76466640,138238
eba427cc4c4844ab,110209,100293525,128884,110102,100327708,128884
ebdc8f41fb8ea9b7,114419,104520044,129015,114314,104538805,129015
ebe36d423b6c22e7,111032,101135376,137993,110886,101152248,137993
ebe70d281d04fd0a,50154,40257872,138767,50012,40276852,138767
ec00684474dbd849,74220,64318655,139629,,,
ec0497850ff5cd01,20342,10441598,130706,20228,10460679,130706
ec0a3b839a330de2,33829,23854791,138037,33725,23948761,138037
ec18366446465152,117857,107978292,137081,117709,107988291,137081
ec262160249a16ac,31306,21416707,153218,31163,21430394,153218
ec282e0f1fb4b01d,33880,23917851,138344,33764,24000409,138344
ec39d312caf9bc63,30484,20557546,137592,30388,20605237,137592
ec92bc3110f2b005,93945,84054913,138169,93807,84065618,138169
ecae8f7f9f028dfb,112445,102579787,96679,112367,102592983,96679
ecc80e76b7785620,93198,83298156,137929,93052,83315744,137929
ecd2fde27f4f6f13,27458,17557607,138144,27311,17579884,138144
ece8cf7b565f2138,55637,45734887,140238,55522,45788124,140238
ed0d406d3fc02f18,15711,5832581,129558,15560,5842896,129558
ed1a253a507400f3,102593,92633727,129848,102508,92797111,129848
ed20680002427e6a,93915,84018478,139210,93781,84035639,139210
ed30508e16bbb7ac,29571,19677545,139273,29421,19691566,139273
ed3337cf262a7b72,50776,40877671,136590,50635,40898768,136590
ed45114b74bf5458,52206,42314157,136743,52065,42326722,136743
ed63024100b51d1f,88539,78639845,129926,,,
ed6d254bdb2ddfb4,111556,101658548,138056,111412,101675832,138056
ed6dadc54ed09722,108825,98953499,128539,108674,98970189,128539
ed7560d4448cb693,83588,73678536,139444,,,
ed760a14bf8016f9,101022,91135273,138247,100877,91145600,138247
ed82d77deba17614,39407,29494982,129187,39287,29526927,129187
ed8d0ded3e911c63,90010,80077334,152577,,,
ed933402a0c49c85,81659,71758267,137898,,,
ede698f458b8a820,29188,19294190,138449,29045,19310905,138449
edeeaaa46b70f4b4,26120,16233785,137317,,,
edfeda31559267d8,78671,68755476,129283,78559,68796271,129283
ee343df93c5cb6d0,83072,73198796,96925,,,
ee7073486385b67a,72730,62816094,133492,72617,62854866,133492
ee7167577d6366be,98249,88354822,137593,98105,88368735,137593
eeb3037e7491ea9a,25721,15833967,137093,25570,15845229,137093
eef428b04fc4a7f3,117735,107855238,138138,117579,107864862,138138
eeff1206cf9f04ac,104187,94284743,111557,104104,94316752,111557
ef0c6befdc06c72b,52678,42796799,128050,52532,42820661,128050
ef3b3911e3688b4c,26398,16497882,130563,,,
ef46c6d942ea67c3,49880,39998052,138117,49741,40029961,138117
ef505abbd3f5e4de,36960,27094550,138440,36817,27109390,138440
ef692d533af42126,64827,54934543,138458,64704,54993532,138458
efbb78d95985d39d,90553,80658418,138716,90411,80675882,138716
efc0eed5b4d4a856,109362,99474998,137081,109216,99486294,137081
efcc3ee140e5ed45,27705,17834302,138927,,,
effae0c41ba3783f,41828,31937386,137486,41682,31947864,137486
f0321add5d6dc4ce,112875,102935238,138069,112768,102995407,138069
f03637b568e1d6ec,21194,11297281,137852,21026,11314327,137852
f041a3a437c0f17f,54913,45025924,138083,54774,45063711,138083
f04a91124ba68c0d,10723,790206,117393,10608,842586,117393
f0591818ae51f078,73374,63474929,139020,73234,63496043,139020
f05cb4ef7c867276,32748,22854365,138218,32626,22876779,138218
f08a40a440cd5c52,54635,44760761,154213,,,
f08d9a96531bf9e0,89206,79293443,129819,89078,79366907,129819
f08e73e9ed513822,28174,18277457,137778,28030,18297087,137778
f09c1d9c317aa2b8,101383,91453467,128332,,,
f0aa4c4df0c7034b,60185,50297660,138115,60036,50325421,138115
f0b5d3e531661414,55578,45674810,138840,,,
f0b9ceb196bfc869,114141,104274817,136658,113994,104284854,136658
f0bae7fd1f597d41,96827,86955095,139197,96677,86965243,139197
f0c0f37419c461f8,64856,54958107,138829,64729,54994950,138829
f0c5c55591a7eca4,72635,62733909,132799,,,
f0ce495cc8a86f6e,20058,10157456,139768,19912,10178372,139768
f0d6ae37b63285f3,79660,69735069,139659,79533,69798982,139659
f13a030d5f21dff1,101351,91427079,128832,101257,91470109,128832
f13f8a228125d8b5,110426,100515427,137005,110306,100545968,137005
f15d879e24859d9a,52555,42677672,157343,52405,42693826,157343
f175f1a335c397f7,86496,76615087,138972,86337,76627034,138972
f194b89a08d763c1,22448,12577202,106934,22344,12594684,106934
f1aab7c4a6247bf3,51243,41332550,127695,51138,41377815,127695
f1b77d313b38d98d,29602,19714030,137342,29451,19724990,137342
f1bc70aa4a33c803,54881,44994675,139049,,,
f1ca2360e68d8bad,97921,88034875,138135,97782,88044649,138135
f1e1f6dff1af9e06,52366,42474323,137888,52223,42488344,137888
f1fdc2b608fc5ac5,100592,90698165,138075,100440,90710999,138075
f2088ec0773170aa,28237,18354127,138497,28091,18366346,138497
f20e93f4d74ef186,42198,32297675,137640,42053,32318738,137640
f23d6d6b3813d9bf,102155,92337327,392981,102077,92376115,393021
f24a838a336c70e5,118670,108775433,138167,118541,108790183,138167
f285c54aa34e8a47,27020,17137675,138640,26872,17149730,138640
f28b6a3d359f8a8e,84506,74634858,137364,84357,74649038,137364
f29862d65c02469c,57217,47334725,138756,57060,47344234,138756
f2d27439d90c91fc,51405,41498518,140293,,,
f2d789e740c4a535,92447,82554682,136970,92304,82568962,136970
f2fbdd9c955b373b,23026,13133874,137473,22887,13145623,137473
f31322522c5594b2,108375,98458844,129118,108267,98497880,129118
f3333594b4e4a2d7,60728,50817581,137621,60627,50891262,137621
f336232c0f03367b,27488,17593896,136923,27341,17609504,136923
f33a9844433a8581,97775,87875233,138265,97654,87894822,138265
f34ff1fcfd0e4ef8,12517,2616895,130785,12414,2635898,130785
f379bd003d2697f5,44446,34554316,138495,44303,34567169,138495
f379e089afddaba0,11256,1357778,138936,11112,1376135,138936
f3801eabea70b36b,66485,56556316,133227,66389,56621074,133227
f3a66857d7750f44,86434,76554690,137694,86278,76567985,137694
f3bddb39014b81c7,83618,73714976,139497,83497,73786578,139497
f3cc201ead098f87,83346,73415497,131079,83252,73467424,131079
f3dd8a58fb6f2bdb,66561,56692233,79192,,,
f3ee14820b0087c9,85093,75180455,132390,84993,75216504,132390
f40013197e6270fb,65509,55614632,138019,65356,55630487,138019
f40e6d3c622d8628,87214,77294987,129031,,,
f41e1177d4b3064c,20026,10133799,136944,19880,10145558,136944
f442b88e3946071b,101603,91675236,130098,101498,91724481,130098
f44bbabd53ed3a4a,40431,30536690,142166,40278,30550516,142166
f4559b85e297a224,64768,54874815,137867,64650,54915100,137867
f45ce4fca0243f47,15328,5433980,138529,15184,5447503,138529
f47429d092b6f0e4,89712,79770673,130636,89637,79835870,130636
f47acba0a37cc6cb,119347,109455223,138165,119200,109466885,138165
f4862f8dc4011450,108618,98718162,137582,108487,98741951,137582
f49362ce2bc0f93c,85223,75313303,129281,85122,75380594,129281
f4adea79509e9908,76206,66313612,132317,76060,66328819,132317
f4bd9ad79df1f89e,57189,47298182,139141,57036,47308878,139141
f4c0a0897eeb628e,56187,46296344,141051,56043,46307468,141051
f4e7a52ba77999bc,119626,109755356,138041,119475,109765879,138041
f5200733acea30fe,105978,96078370,137036,105836,96101387,137036
f525f741be2a3ffb,43749,33794365,128165,,,
f536be56808fd2bf,47461,37552898,129712,47353,37585140,129712
f54d5d9d7f3777e7,17885,8012668,130527,17732,8022884,130527
f56def908cafa253,44381,34496446,150913,44238,34513542,150913
f575811fb558895d,30850,20954125,138466,,,
f577b31cd9e8ee3d,92317,82418332,138123,92146,82427906,138123
f595d6d0fc72ae43,113095,103195564,140196,112952,103214205,140196
f5a911884b02ed80,113263,103392298,137777,113112,103402401,137777
f5d491ee06c634c9,10349,463692,138530,10221,474939,138530
f5e1a4446dbf3fbf,64331,54418824,130961,64235,54524805,131050
f5e6af725a30374f,115467,105575218,138354,115321,105586107,138354
f61c7850bfe8821a,59839,49937959,138806,59697,49961841,138806
f6580bab129969bc,68608,58684037,131478,68515,58729720,131478
f65aaea2d2b7ecf6,96917,87018302,138210,96772,87036960,138210
f66e966e932eeb7d,17451,7554158,139786,17306,7570623,139786
f6b42d353dc37ab4,65539,55654483,138063,65385,55669888,138063
f6c1637f71d5fd40,77570,67676080,132492,77424,67713142,132492
f6ddb0715474be3c,34502,24614451,140114,34356,24625065,140114
f6f0bf7a80d77f05,91996,82094802,137963,91868,82122882,137963
f6f1d6f70cde5122,62626,52714527,137722,62523,52812082,137722
f709037faa6b1a62,105849,95955513,141096,105707,95970731,141096
f70c4f84488291c5,74627,64713930,133502,74519,64749769,133502
f736d9bf8d9210b7,80503,70613149,128553,80353,70624713,128553
f742aa71aee553ce,41191,31314882,75826,41083,31336262,75826
f76ec206a50f1e8c,49731,39834402,138252,49608,39871870,138252
f77eb1687a463bf0,111654,101755228,138430,111509,101774354,138430
f7a01cf0fb1edc4b,90586,80697589,154268,90443,80713305,154268
f7aed3ec64bff4f0,102441,92489843,130309,102367,92627273,130309
f7bc3283be168643,106613,96695491,129638,106493,96736129,129638
f7ca019fe7ee4e57,60909,51018008,137639,60789,51031448,137639
f7db10f04472bc0e,90038,80113262,127868,89931,80219672,127868
f7e6513f30c24ada,99584,89655814,129429,99480,89703897,129429
f7ee7de27c03d86f,58499,48613146,129862,58377,48623377,129862
f7f99a91f0b65c01,36681,26794322,138839,36529,26817928,138839
f80ab54278ec3b37,90489,80594459,135855,90346,80609855,135855
f80debfc07a55b7c,42544,32654880,131068,42389,32664329,131068
f8152d9f1896216e,112219,102314840,136703,112103,102338712,136703
f822cf50557310bb,44948,35074301,137981,44801,35086213,137981
f855969645d4778a,45164,35274191,137590,,,
f8640daad7148119,31895,21997832,139112,31755,22018117,139112
f87be974ecab1a8d,22878,12973222,131691,22756,12999074,131691
f8867b72acd8901b,46273,36381037,157069,46128,36395008,157069
f894a179cda4325d,37980,28094183,138077,37833,28104754,138077
f8a268a8ee2b0b7e,93358,83506540,375781,93242,83536711,375821
f8baf45f49958117,32440,22514271,129406,32346,22575239,129406
f8d80c4dc3079980,36774,26894108,137469,36617,26908233,137469
f8f109744e38b39c,106699,96797387,141585,106566,96823209,141585
f902cb523df1bbbc,14736,4812236,128462,14626,4856526,128462
f909f00bac70d830,22057,12176328,142467,21908,12186161,142467
f909fb919d2250db,15209,5333959,138096,15053,5343723,138096
f9163002df91d4d6,24715,14794666,141897,24604,14835418,141897
f9192e9b451b74a4,45308,35436142,100028,45206,35454079,100028
f91ac49492d2e014,113609,103713631,128986,113465,103728435,128986
f93430630dd5bd43,77068,67193619,131921,76921,67205311,131921
f936fb200520f48f,115034,105155053,137946,114886,105165957,137946
f93865c8de56dd05,19176,9277222,137762,19031,9295700,137762
f942276c9621486c,48228,38341956,183051,48089,38378857,183051
f947290b64f01e51,91877,81957771,136940,91764,82005941,136940
f96ba670e4b540b4,112091,102176175,128724,111978,102210080,128724
f970d281fc67a618,115901,106034855,136577,115755,106045665,136577
f989c44d79b0574d,99938,90055008,138285,99792,90065769,138285
f99fb321b0b2c3f1,80932,71035312,129818,80785,71053831,129818
f9a8756d6ab1f4b7,16664,6734174,129545,16555,6783814,129545
f9afc5924c480e08,82645,72774823,138532,82498,72790988,138532
f9c0ed81c61a1248,98726,88838295,138396,98572,88848165,138396
f9c632a49a632d08,66260,56358373,118808,66170,56459755,118897
f9c63a8ae27791c1,91660,81733424,128811,91564,81795862,128811
f9daf1744cba7fd8,73815,63934912,140037,73661,63952159,140037
f9ddf2e8b4fdf42c,78820,68916916,129869,,,
fa2adf83ed877a23,26000,16133625,135699,25855,16147614,135699
fa45f499f4c7245b,90778,80897907,156012,,,
fa6369bfd0bd80fe,45455,35532600,128482,45351,35574148,128482
fa65cdad3ea187c4,52429,42537765,138912,52284,42552016,138912
fa708eadeb51ed38,112631,102693109,112364,112549,102749631,112364
fa71ae72b5030b97,83881,74014851,138490,83736,74027821,138490
fa759cde5144a2d4,29317,19423296,154405,29174,19440713,154405
fa8aa537f4d7627c,16848,6932430,129410,16723,6967420,129410
fa912a19b6bc82cd,79633,69698550,137471,79509,69797742,137471
fad1e5285af8e7a9,107677,97776888,128031,107537,97799664,128031
fad5c094c88b0909,108766,98893740,129042,108618,98907552,129042
faf08d766693fae2,111878,101980968,154120,111730,101999011,154120
fafc521913b7af41,67540,57645319,158223,67405,57663570,158223
fafc9191dd9880fd,110176,100253275,126929,110071,100295892,126929
fafdfc0909029d57,19433,9534381,129501,19286,9552806,129501
fb15c49251caee4d,35787,25876543,141096,35659,25907743,141096
fb24ae26d82df313,30419,20496853,140365,30325,20552266,140365
fb6f9038214916f6,57461,47557743,138345,57316,47582241,138345
fb749ed7e66787ca,69400,59534881,139743,69256,59548344,139743
fb7ed888ef870e42,45098,35197379,137672,44951,35223481,137672
fba305248093bc8d,19088,9214152,138632,18933,9223507,138632
fbf764f66ddfc723,83282,73353410,129518,83193,73405000,129518
fbfaab9d18f4cf9b,53943,44074294,137658,53802,44086195,137658
fc191d0116d1c2f7,12986,3092454,127971,12856,3105576,127971
fc1f5702e78c4751,70058,60176023,132640,69909,60198301,132640
fc21368f1ca7bfb7,55928,46034385,138011,55787,46050901,138011
fc58958afd1e8d74,51098,41197531,137151,50953,41220000,137151
fc7465e0ec7cc663,76892,66994069,132651,76768,67033488,132651
fc8051b5f262d216,111622,101721030,136099,111477,101741823,136099
fc95f141740a90ca,47863,37974296,137132,47723,37985348,137132
fc9a807ed18d326c,45942,36054294,138087,45797,36064708,138087
fcac0ee8fe60bfda,117487,107595096,136682,117340,107606599,136682
fcbe507373b1e8fe,104624,94713548,129460,104516,94805136,129460
fd59d17f1b7493cf,28586,18674052,138199,28478,18709685,138199
fd82c33563d8c826,49421,39512942,130091,49314,39543228,130091
fd835f7b34067fe8,92825,82938155,137734,92677,82952164,137734
fdf4a16cea6e7693,32807,22914107,138220,32676,22934268,138220
fdf675c7906cf2cb,78548,68633877,133794,78445,68668709,133794
fdfa931a592f2982,16537,6612508,129917,16432,6656983,129917
fe1cc3c6ddb2e725,65188,55294785,139809,65043,55311108,139809
fe29e2059f4e66f3,67893,57997545,140154,67752,58015199,140154
fe3280e986d6da7e,102279,92380471,138020,102210,92402906,138020
fe520ee691574aba,98217,88318446,137770,98073,88336977,137770
fe7c2ea070b2e6a1,15360,5474163,138492,15216,5483910,138492
fe84ba4edf03c595,70725,60796045,131476,70630,60891441,131476
fe97c2789c7458f8,78732,68815531,130900,,,
fed7103e7fed0abd,34341,24444774,183177,34197,24465071,183177
fedc357fe50d561a,28046,18154057,138037,27903,18168130,138037
ff107d6b66e3353b,14221,4334076,137901,14077,4344618,137901
ff26e41ce08c1574,53853,43974367,137923,53706,43987010,137923
ff62bfa1472f8239,107496,97615250,138293,107346,97635212,138293
ff76501cc3467548,46241,36354516,138113,46096,36365220,138113
ff93c9459b8149f9,32229,22356127,99090,32124,22413882,99179
ffc2ddbb23a61d90,97269,87429105,387032,97166,87460541,387072
ffc50794db4bcff3,68138,58256005,132935,67983,58267314,132935
ffe95dc59fd56e8e,34937,25057272,138672,34788,25067220,138672
ffec080ac44d9dad,56886,46937824,139218,56784,47006170,139218
