content_hash,rtsp-0_pts_ms,rtsp-0_arrival_us,rtsp-0_bytes,webrtc-0_pts_ms,webrtc-0_arrival_us,webrtc-0_bytes
002b02cb91a91f44,117166,107266630,138254,117050,107277254,138254
0035cea7e83b64fa,93096,83187385,132529,92971,83205365,132529
008db5d8ba1c41bf,19305,9404982,137364,19181,9415675,137364
00adee88e318a2f1,77904,68005975,137938,77780,68016961,137938
00b30cf0d19863c0,63135,53225805,138356,63013,53244596,138356
00d0c1e0ea91d61a,56707,46805501,138310,56584,46816404,138310
00d7fbee0f346ffc,30876,20956879,134826,30791,20985382,134826
00e1efd03d6c0be0,71534,61645870,139034,71408,61656884,139034
00f7c15037cf5181,36954,27007131,133289,36840,27062763,133289
00fc39f2aa0734e2,41658,31769241,139647,41533,31779607,139647
00fdba07d7d785dc,82951,72984967,131830,,,
0100ef572cfaec06,36155,26264721,141706,36020,26275327,141706
010678eef20b8dad,62512,52605712,138399,62386,52621092,138399
0112f4dea262b931,46037,36104459,131838,45948,36146397,131838
0121aef94c12f145,39502,29625839,140941,39379,29636967,140941
0128233e3f91e118,105731,95786299,138677,105639,95879962,138677
0140a25f1e552a9b,68882,59011934,331709,68772,59040485,331749
0162f9baf1a979ae,20671,10768575,137708,20548,10780920,137708
01770584ae777ea7,118090,108206785,140234,117969,108217081,140234
0178a9aece0f5645,17682,7743960,131571,17608,7791372,131571
0185f6adee9cf4ce,14462,4589548,163136,14344,4602221,163136
0189d0d771b9c1d8,49762,39912271,348456,49680,39940656,348496
019597bfca6e1b51,34348,24465711,140266,34224,24475346,140266
01d18c7a47847090,10444,528226,138808,10337,554032,138808
01d6c1ec549b4a63,96444,86549398,138564,96318,86558919,138564
01e19a0847b40974,38777,28867266,132301,38663,28886149,132301
0208660c560b0401,93408,83526119,138608,93279,83536993,138608
02368ecae987d9f8,41939,32028520,143541,41815,32049631,143541
0263eba3e20d928f,58121,48205384,137282,58015,48230403,137282
0282ca5b44007b75,119857,109965587,133122,119726,109977258,133122
028402bd0406313c,21264,11365338,138913,21140,11375352,138913
02e21ec146c6156f,34600,24686710,133300,34478,24709026,133300
02f0442e99e13cab,94796,84894299,164352,94676,84906444,164352
02f42ddf4ef474f3,56577,46668513,137416,56454,46686077,137416
02f568cf6232908c,50087,40146779,132124,50003,40196260,132124
02fe0e2a4ab3dc1d,70134,60245972,138385,70007,60256911,138385
03097646a73ef7b0,68090,58185915,138819,67969,58199745,138819
030caaa8aebe672a,107676,97766676,137744,107565,97792942,137744
0313c8152ba0ac64,87360,77453193,139673,87240,77495605,139673
0335191d18e913a0,34953,25024205,131891,34871,25062528,131891
03480ea580498248,74925,65004139,127300,74837,65033712,127300
0348d5bb57c634cc,28482,18604476,132200,28358,18615107,132200
0373d7cdc61dbecc,44651,34746116,142949,44542,34760474,142949
0396b53c8f5bd7fb,48883,38986226,140788,48759,38996518,140788
03a99a210807ce2a,55158,45268719,137127,55031,45279488,137127
03afc92f1f482231,64500,54605946,138475,64375,54615590,138475
03b3419fd614e7f9,108537,98649808,137154,108417,98662722,137154
03d3d08c379483b5,28977,19044553,132592,28887,19085944,132592
03ddc0e261516347,85814,75926216,139586,85686,75939541,139586
043069aced1e30c2,26214,16306421,132116,26086,16323362,132116
0440aa40eba5e9c5,104159,94245981,136769,,,
044fd59cb871c4d5,24163,14264239,132925,24038,14273715,132925
045d3c7be22be377,29529,19644148,132319,29399,19654104,132319
046075b05beae20e,82249,72419366,409955,82202,72469291,409995
04721c0b2de85090,113783,103909941,137570,113663,103920072,137570
0479fe8863df95ff,20639,10745273,139175,20517,10755575,139175
0487189e3bc6b634,40615,30686768,132517,40525,30724147,132517
049fe7ad16a325bc,84111,74224933,131539,83979,74235859,131539
04a74070d0308f9a,59706,49726999,131518,59668,49815382,131518
04bc23226d6c6636,75783,65888111,151943,75659,65899895,151943
04d513aacd66162c,26057,16149102,140759,25934,16166317,140759
04fc66fc8bc18f61,110523,100646392,137267,110399,100657153,137267
05080c22ad7fc6bf,75356,65449046,137598,75239,65466034,137598
050e473f03052111,49357,39464613,132679,49224,39474486,132679
051ea8345c59b42d,118931,109026859,139812,118823,109044102,139812
05313f3840307c1a,91077,81169116,142678,90954,81187423,142678
053edff4338000a9,80902,70965069,132595,80824,71011876,132595
055cda22bc425e78,102171,92265079,131216,102065,92280798,131216
05642eb2ed1143ce,79005,69068712,137625,78918,69114161,137625
0565ffa80db8c229,11910,1999225,125703,11838,2019557,125703
056e62be2a015b2c,28012,18109476,139728,27888,18121057,139728
059924cb2b7ab62c,85499,75587103,132852,85375,75630467,132852
059aebfe004603f4,110970,101087567,99465,110880,101103628,99465
05a1aabbbf9986a3,112233,102329649,137612,112105,102342783,137612
05bf8aa4a46f3c0f,55883,45947339,138892,55797,45992593,138892
0647e2639d84e45c,67851,57948869,137475,67725,57960240,137475
065702d22c75f0be,44376,34444616,133179,44290,34486440,133179
06574fcda440a937,65653,55746101,138695,65547,55762149,138695
067508ee07c0c27f,86059,76148430,130719,85938,76194321,130719
0675a49426083645,41002,31125687,140203,40878,31135863,140203
068be421d5aaef38,92870,82966357,139895,92746,82979278,139895
069f4ac7d68aa140,93160,83265329,134335,93033,83275766,134335
06c0395e5b14fa03,80741,70817799,130855,80668,70849706,130855
06fc5e39bdf65498,74083,64185951,139392,73956,64196497,139392
070e564605a42a21,94112,84166920,131284,94034,84220392,131284
0715cd906180fc92,88171,78267480,132533,88048,78280447,132533
072636445cad8c84,104362,94469607,138385,104238,94481880,138385
0744de11c256e88a,114749,104848315,128744,114655,104857991,128744
075db0176ead933c,20081,10185377,138992,19958,10195570,138992
07610433311db49c,114782,104880927,128529,114688,104890816,128529
07687e103f18f359,93919,83995287,120306,93849,84027820,120306
076d4ace1e5549cb,92583,82667494,132910,92460,82691703,132910
079d9cd1ff96d635,66828,56945733,137667,66701,56956577,137667
07a23ab58ef81684,112171,102266673,137222,112045,102280853,137222
07be6fb6db231d4f,89282,79386443,139559,89160,79396436,139559
07c9853e8e14bf92,100064,90145131,132566,99973,90173545,132566
08004d102cb3ec48,91829,82008893,376150,91778,82039259,376190
08099d8e87e7cf52,105607,95626330,137523,105547,95768330,137523
08116e4203b2d7e1,104768,94867344,136058,104651,94879236,136058
081866d1ff9b2378,67580,57665818,138572,67476,57689603,138572
0848a8504271d809,33884,23984448,132683,33761,23994538,132683
087aaf71a4d43cca,107531,97606470,139327,107436,97651043,139327
087d186a98ad06ad,12881,2984917,136975,12760,2994760,136975
08d7ab88c24c640f,119023,109110731,142233,118908,109136144,142233
08e9a397c25abc19,109531,99626493,139155,109429,99650959,139155
08f68c5c2806e72b,69171,59266065,139872,69056,59281131,139872
091ab6c8aebb2e5a,31957,22049407,140547,31833,22066394,140547
0936374de492518d,44247,34314401,132053,44165,34356275,132053
0957e17814628980,44826,34929096,139836,44698,34939208,139836
0976b2a1de52c1fd,74860,64933292,113532,74773,64968078,113532
0983601562b50a49,13580,3704499,96573,13584,3715933,96573
099558add141edff,100214,90305066,132165,100107,90323730,132165
099cd34850133f99,20576,10666722,128516,20457,10685114,128516
09a5fd49b9bdcff3,91555,81666774,140656,91423,81678043,140656
09b96e04ca98148a,12914,3007949,136599,12792,3024167,136599
09baf51752f49f18,103501,93590404,130700,103381,93610475,130700
09ca86bb0e7ef00d,37027,27109385,142409,36899,27136676,142409
09cdb1764b5da471,56457,46568566,136018,56331,46578842,136018
09e47379955e46cb,104187,94286138,137786,104093,94348733,137786
09eb1e0526ac982c,31609,21726008,139452,31481,21736971,139452
09f87c381ae5141e,109859,99949413,137647,109738,99968244,137647
0a027833bedc03b3,85369,75469042,155825,85247,75503058,155825
0a06f4ef68038714,48032,38104585,131448,47948,38141734,131448
0a1d84665834b4f8,99778,89853040,119909,99699,89887622,119909
0a2a017d5797f726,32482,22566424,131061,32358,22590650,131061
0a2e7b3f9d184a99,37508,27604495,132395,37390,27617674,132395
0a52e86005722df7,65528,55605747,138222,65429,55637999,138222
0a5e5a7b71a731ec,24321,14424460,133324,24192,14433719,133324
0a69d1dcdebfbed8,48095,38164538,132359,48010,38205113,132359
0a6e741e5ef25dee,90288,80376016,117927,90205,80396587,117927
0add90affa05310f,94016,84065312,132392,93944,84126243,132392
0ae1505f0707acbc,18687,8784915,137053,18562,8798628,137053
0af98c561750ee42,68411,58509290,138440,68285,58519881,138440
0afd153c0597ec1b,43830,33925580,139366,43710,33940499,139366
0b1819a8c183bb7e,61839,51925851,139324,61734,51948926,139324
0b55680707b0da7b,65088,55185759,138416,64965,55196870,138416
0b56d655aa8c9985,118900,108986520,137920,118794,109012575,137920
0b73ef7341c98686,42957,33068548,132412,42831,33078439,132412
0b80cb88e2f68899,68252,58345914,138605,68129,58361316,138605
0b88589707bdd54b,23518,13584512,132957,23426,13626919,132957
0b89086e007563ee,80168,70285725,137626,80039,70296600,137626
0b8b8e1b217477a1,33602,23725700,139772,33479,23735991,139772
0bc3d49797557476,94957,85048684,130979,94835,85065808,130979
0bcb90607de81820,59613,49665948,112485,59590,49721762,112485
0bd5162e2e6d965f,117490,107586434,138323,117369,107600579,138323
0bddfaae7ee4bf62,97471,87566559,140604,97350,87580185,140604
0bdf4437e8078016,16206,6305041,137808,16085,6315512,137808
0be78a3907f1c43b,29410,19509162,140651,29292,19520446,140651
0beb59e913a2e365,29199,19284158,132360,29100,19308081,132360
0bf2a8cb4c0a216c,104040,94126809,139931,103960,94215874,139931
0c539f6d698921ad,35109,25184244,132084,35016,25217977,132084
0c60126bcf48081c,16538,6628547,137063,16416,6647544,137063
0c9d209bd483c71c,22724,12825816,141308,22595,12836597,141308
0cac617c5afd5193,67144,57245994,139156,67022,57256609,139156
0cdc98a759eb81cb,14313,4407920,137360,14178,4422280,137360
0ce20865b27abaa9,114502,104623451,137070,114376,104633453,137070
0cec4d4c20dfb5db,46705,36826187,142403,46581,36836268,142403
0cf6e79c53fd6dc8,90100,80187158,132572,89977,80209560,132572
0cf7e19224733c55,28419,18527735,131776,28291,18537962,131776
0d1a0ff234a0fd0d,46527,36629270,139114,46403,36639031,139114
0d5477a5e9daf98b,37314,27412066,156083,37197,27424879,156083
0d6b6510b7f1c367,16061,6145540,141141,15959,6170892,141141
0d7f5bea720ca830,116416,106506362,137394,116295,106525800,137394
0da321d6b29e2be4,91586,81690367,139474,91453,81700814,139474
0db7a5eddea00ae4,46615,36724567,133479,46483,36733918,133479
0dba8ff7490cd8ef,43863,33949211,139909,43742,33972753,139909
0dcd3a86ca43e739,13265,3369957,137720,13135,3380234,137720
0df97676ceba40e0,50416,40506679,131442,50299,40524919,131442
0df9d3dacacb43dc,57330,47425497,137382,57209,47440068,137382
0e0b3d06af374111,48251,38324532,132168,48154,38359877,132168
0e276d2b022aadf5,45296,35397022,140196,45172,35407542,140196
0e2d028f6a3e9fbb,39223,29325488,138530,39078,29335367,138530
0e38ba919b4ca7b1,89819,79928990,130587,89693,79939206,130587
0e3f6c4dd25b3f44,46992,37085797,139921,46869,37101161,139921
0e69587fac93a3f8,39752,29844529,132542,39631,29861324,132542
0e71a4f831e082ae,39003,29104351,131943,38869,29113744,131943
0e735fc01368f234,112295,102406318,137761,112164,102416112,137761
0e7b08916f75bc4c,23067,13160368,120908,23028,13175348,120908
0e7ee47f1b0c7e21,86389,76477131,119799,86334,76590108,119888
0e9d3de6d26905bc,69201,59289428,137940,69085,59311203,137940
0e9dc4a7a8c5a9b1,91336,81429615,139906,91211,81445981,139906
0ec030bae0756f33,98344,88445382,133600,98224,88456260,133600
0ec0dec146dd2032,14396,4508832,139821,14268,4519542,139821
0ed4b3561c794740,102466,92586391,138916,102343,92596260,138916
0ed8e0f3531f3398,98285,88385199,131506,98172,88395015,131506
0edb8a19b8171151,94698,84788928,131265,94578,84806912,131265
0f0d9adbed5066cf,36696,26684265,131190,36652,26804919,131190
0f31236d413de6ae,99390,89487744,146471,99268,89499692,146471
0f39e7250b76d784,48515,38625867,139755,48389,38636319,139755
0f495870867cc51e,16381,6504762,136494,16258,6515178,136494
0f4d7abfc40e4031,107471,97546181,138215,107384,97639586,138215
0f54c3341c9472cd,87767,77885345,132407,87638,77895115,132407
0f6fffc3ba55ca89,60242,50366039,138570,60119,50375971,138570
0f9b70165ccb286e,105633,95657922,136849,105565,95769280,136849
0f9d963743e029bc,101545,91645804,135744,101423,91655664,135744
0fac3ed3326bb3cf,57632,47748776,99413,57549,47768617,99413
0fc215cd86c7bfbb,68122,58209562,140007,68000,58232453,140007
10158495972dac3c,53318,43409772,141709,53198,43428336,141709
101ea467f9149520,58636,48727113,136117,58514,48744933,136117
102d5c25c7ebf753,89034,79147713,133233,88909,79157319,133233
104c4c20dd8b5f33,59273,49487746,339460,59255,49516139,339500
106f9640a0bed08a,86969,77064864,131321,86859,77081284,131321
1075984503b000c8,67672,57765638,137688,67562,57782014,137688
1099302a2b17929d,74989,65064196,128117,74900,65098461,128117
10a85ce85a15a5c1,58797,48896771,138109,58673,48906955,138109
10aad76fa3756658,107560,97646605,138974,,,
10ae07ec50fefc44,116015,106124778,127330,115879,106134609,127330
10b63336958bbcf6,17076,7186190,144411,16940,7197741,144411
10b7138e9985f4ed,60651,50746264,129314,60525,50760635,129314
10c2d67fc9855d3f,87083,77188736,142168,86964,77200088,142168
10dc243c98cbf8c6,56040,46125468,138205,55945,46150461,138205
10dc7aaeecb5ca60,47934,38012553,133671,47852,38043561,133671
10dee8027f4087d8,63972,54069466,140446,63846,54081687,140446
10e574cd3edbd3da,98675,88777822,140744,98552,88788359,140744
11185328518fe6d1,102591,92685894,136447,102470,92700165,136447
112cc1740b23f141,91493,81589185,141817,91364,81603440,141817
113b1bc0e9e4ed75,29350,19445728,140733,29238,19459664,140733
1140c0d2cbc8c083,116590,106707457,99953,116507,106724717,99953
1163d04f9cb2c00d,10296,376683,136968,10207,405557,136968
116b1d53a1425d70,80138,70246496,137458,80005,70257022,137458
116bd57249ee67ea,38505,28602130,116629,38406,28613812,116629
116f4d9a82d93bdf,42987,33106535,141487,42861,33116918,141487
1177613de2db2c94,76289,66405729,137134,76158,66415875,137134
118eabed3a5a8a2c,36000,26105922,139719,35871,26116296,139719
119510cd7c12c19b,54752,44845171,135863,54629,44860674,135863
11997738642d78c0,107850,97966552,139353,107723,97978946,139353
119a3c510fce4f2c,94582,84687204,131157,94450,84696810,131157
119d0ebc94218067,10386,465218,137854,10286,495979,137854
11aa4dffdae29260,88139,78245094,131856,88016,78255636,131856
11af842b0b413f64,96051,86125478,131918,95958,86160216,131918
11bf1ef40efca5e9,109956,100049370,136811,109835,100065975,136811
11c152cd4ac6c671,21708,11784325,133337,21618,11816802,133337
11c3b5cc36559c02,59198,49306095,129990,59079,49315883,129990
11c4e297cfa55108,96782,86887307,144184,96657,86897731,144184
11d866b87ea61050,32966,23026398,131597,32882,23074651,131597
11dc4222bfe966a6,41474,31569172,139857,41345,31583266,139857
123b93a7c6416d2c,12979,3084897,136916,12857,3095114,136916
123ce80440ac53ac,102624,92712204,155708,102503,92734284,155708
123e18f7ddc48b36,99487,89587140,143542,99365,89597948,143542
1242670cb7bc30e9,63200,53288725,137689,63078,53310575,137689
125f2de72a6928f3,116896,106966374,137976,116806,107006023,137976
1276ace25db5acff,92782,82905300,133812,92657,82914795,133812
127a54f9f12ba9f8,29470,19585723,139645,29346,19596954,139645
12831f34b7e7bd7b,84863,74945062,132390,84731,74978146,132390
12972939ee76d831,18718,8808419,138989,18592,8827197,138989
12977f8571630bb2,78941,69007789,138652,78858,69050651,138652
12c03cd52b175919,17414,7508412,139093,17290,7522936,139093
12d11aa61b31430b,28450,18564395,133176,28322,18574289,133176
1331dafba11c8339,79888,69985885,137929,79764,69998144,137929
13350b3c3b13d68e,13011,3107937,136593,12889,3120879,136593
133847198ab8e37b,27980,18085889,141490,27857,18096634,141490
135de215c9082354,85690,75786964,130380,85559,75801533,130380
13645d79eecd243a,18494,8585213,138073,18372,8603336,138073
1381ef1ed7866a66,117905,108009353,154839,117776,108020628,154839
13a3562945ca4cc6,24602,14725528,138628,24478,14735387,138628
13b5c34fce225b6d,98994,89087692,132334,98864,89102683,132334
13bf39b1d01bb78f,75178,65265492,136115,75078,65287325,136115
13ec10fc534b9bcf,46895,36987078,140174,46773,37004855,140174
13ef3d830ecf012e,61810,51889172,137445,61708,51920165,137445
144deff82a5aa23b,31372,21464328,132546,31256,21481537,132546
145ba6d5bca5f697,22693,12789315,139682,22565,12803203,139682
146cbc07f670cc26,105780,95846380,138650,105672,95893761,138650
1471b8b647fdd2dc,25231,15304148,132189,25139,15340254,132189
147c1409262634ea,45576,35684696,133670,45443,35694642,133670
14865b3daa6c106a,110021,100126139,136002,109899,100136844,136002
149472a6d589338c,102141,92224741,129479,102038,92250412,129479
14ada49e5d3600cb,17106,7223837,129684,16977,7234121,129684
14f83d0cf910b559,74175,64286013,139589,74044,64296757,139589
14fffd3cfc6e147d,66230,56329049,157346,66107,56342004,157346
151db11c8769936f,39467,29585892,140605,39343,29595976,140605
152c478393c1dc61,20702,10805041,137413,20577,10815260,137413
1545ccc69efbf537,19714,9785354,128420,19619,9822525,128420
154893860837c8bb,52030,42104509,131588,51934,42139377,131588
155c953c405ffeec,79304,69405875,138220,79186,69416379,138220
15694317c51d67e1,71016,61084195,128898,70932,61124209,128898
156df49b000da860,67517,57605901,136896,67418,57627027,136896
1572ced3392c8cd5,12135,2204958,136658,12056,2244092,136658
158d9b1a95c5cb6b,56899,47008966,157957,56773,47020168,157957
15924987054a01f0,110243,100346188,137324,110117,100356675,137324
15d201470fbb821b,12197,2264742,136702,12113,2306483,136702
15e1c844e7fa3179,30750,20893360,352763,30661,20921156,352803
15ecc52346129fd5,52124,42204760,133380,52023,42233681,133380
163db971944a7081,27762,17885489,139784,27641,17896799,139784
164aceffd473a28c,90757,80845092,132582,90647,80865774,132582
1675822da12860b4,19650,9724182,128496,19557,9758690,128496
168ea72f7e3890cc,98771,88866524,139440,98647,88880575,139440
169c6d04ff2cc2d2,79098,69168718,137201,79004,69207710,137201
16c065bf18a43eef,98900,89005239,131522,98773,89014732,131522
16e1953069187797,116169,106286370,138432,116039,106297227,138432
16e9d057e6cd6719,12636,2747877,135396,12508,2758096,135396
172c6f5bc177aea3,36906,26944505,133026,36805,27014508,133026
173a13b740053fed,104863,94966286,138250,,,
1741672005444484,12666,2784737,136367,12538,2795284,136367
176b6de13c13a570,46164,36244190,130481,46072,36273623,130481
17704aefa97b0bb1,111213,101296050,129588,111120,101322292,129588
179f8ff184e6b3ae,31549,21666035,143330,31419,21676838,143330
17a980f0c66f3be8,74612,64705598,136285,74489,64720978,136285
17abd753819f2dfd,32753,22871731,109734,32672,22889281,109734
17bfa7d282302214,70600,60688865,137522,70478,60709503,137522
17cbfa780c18cbb1,20140,10249919,144632,20012,10260816,144632
17ddc489729aa3a8,54784,44885504,138456,54661,44896418,138456
17e9e25ca6539844,24568,14685574,140144,24442,14695518,140144
18095d05cb57b3e9,37908,28024456,133160,37779,28034582,133160
182268875c62ad6e,27572,17684291,132699,27441,17694539,132699
1824037839825ae8,52513,42637293,141384,52390,42647003,141384
1824a672a26050a5,119546,109647601,143684,119426,109660626,143684
18313bde9fb0ebb6,106500,96588378,140767,106386,96612947,140767
184cc134f65d32aa,71935,62028839,137774,71812,62044476,137774
18a289f3e2e55bea,108260,98348906,141348,,,
18a41db9ab0ec031,117685,107786288,137608,117562,107797457,137608
18a914595a6f5545,37818,27924231,131774,37687,27934284,131774
1931757e0ddadf8c,117282,107386942,140250,117153,107396687,140250
1965d6974f2a100d,107589,97669805,137441,107491,97746445,137441
199d01884a06783b,22877,12988224,131034,22753,12998616,131034
19fc68f819d2c818,100331,90427471,132151,100210,90440886,132151
1a087682afea1020,97851,87925274,133292,97766,87960419,133292
1a18867a4aee3f98,73763,63866188,138842,73642,63876779,138842
1a1edf2d2a5bec5b,61465,51533361,128257,61384,51573994,128257
1a432d8dd2d5fa31,37939,28046625,131080,37810,28056188,131080
1a4f75dd9801798a,115631,105725856,134702,115507,105740463,134702
1ac96abffa51bf91,51717,41852253,346317,51620,41881131,346357
1ad5354487813666,20544,10645054,137436,20426,10655219,137436
1b1bb8a58da94ba5,45850,35989102,348133,45757,36018139,348173
1b279c8859f19234,56009,46085721,138476,55916,46118195,138476
1b30d6f78774f4e9,49202,39306112,141212,49069,39316403,141212
1b3ea524b854c3d8,14905,5003373,128383,14783,5014278,128383
1b46e6bffd86a4e4,78124,68225992,138772,77991,68236879,138772
1b52165ed4f1dc3e,90873,80964872,132119,90751,80982812,132119
1b6835bf47ff0609,75415,65525820,138509,75291,65536210,138509
1b6af2bc7e8cf6d0,18996,9107611,140899,18869,9118218,140899
1b6ffa2944f923ca,68719,58832699,138288,68593,58843065,138288
1b87b9ac2b2507bc,54410,44525893,139996,54280,44535781,139996
1b87c7ee7ab17cf1,63885,53985862,138132,63768,53996058,138132
1b9063161df19388,101701,91790355,121327,101622,91810317,121327
1b9b0c52872829d0,29168,19249975,140262,29071,19277612,140262
1b9cc230a9ed764e,20796,10905235,138976,20665,10915717,138976
1bb6cd82e23ba078,15524,5674956,369124,15442,5702919,369164
1bbd18b22ccbf8f4,99086,89189303,143014,98952,89199919,143014
1bc966e1f6772c16,94731,84826829,142480,94611,84840340,142480
1bcbd1c2b65f2321,101863,91927229,132677,101781,91972968,132677
1bcdd635aa9751f5,107187,97261137,138300,107110,97307000,138300
1c03c7aa5c344d2e,91110,81206148,138129,90987,81219622,138129
1c07e99d45301df2,52922,43025870,140343,52796,43035891,140343
1c0e7f240b20f152,105707,95746524,139123,105623,95878992,139123
1c100cef0532fe96,48633,38749774,140202,48511,38759232,140202
1c2a05a835abffff,93654,83744962,131857,93532,83763693,131857
1c310980817e21a3,109802,99926189,138076,109679,99937226,138076
1c374ed0add2fc01,70470,60565786,138468,70348,60579889,138468
1c4dabd1e3458df0,35048,25124300,132021,34960,25156398,132021
1c578fc17b80febe,62733,52828705,137903,62598,52842186,137903
1c5d74ff1ee169e9,36725,26724462,131274,36674,26833912,131274
1c5feeb2a2e87344,88738,78825208,133693,88637,78847672,133693
1c66850b7984f347,40823,30924147,131027,40707,30934080,131027
1c6bac5419b4381c,68658,58777409,139549,68532,58787888,139549
1c77a52fff573e85,36576,26593661,122592,36553,26684031,122592
1c8804cd182eebcf,40211,30332322,126507,40138,30349872,126507
1c8ee3a469eedd72,117224,107326246,138145,117102,107336172,138145
1ca3289e7cb60007,70165,60269438,139106,70037,60280116,139106
1ca44041087b2842,87230,77324989,132249,,,
1cbca0655178cf71,60070,50165736,138458,59944,50180081,138458
1ce2351845d1555c,35461,25569124,139041,35328,25579671,139041
1cea85e912e5863a,26336,16445233,138364,26203,16454766,138364
1d29530bf958195b,62192,52308660,137418,62070,52318450,137418
1d351293cbc8726a,82217,72335791,131762,82095,72347736,131762
1d702c7e706134dc,87889,78008409,148626,87764,78019697,148626
1d77b236a7bcff84,62608,52705580,137439,62478,52716866,137439
1d7c10596eb9a223,97736,87853922,106680,97651,87874672,106680
1d84e63fbe246f45,108815,98909591,137763,108694,98949872,137763
1d8fe93d4ae481ec,30941,21006404,131880,30855,21049368,131880
1d9eb20c2ac9b29c,71713,61829093,137454,71592,61839123,137454
1dc25ee09d1d95d2,29499,19609503,140626,29372,19620276,140626
1dd7539cea3b9e17,47610,37705864,140155,47488,37720127,140155
1ddcfc637d3769ea,57778,47844282,129870,57694,47887375,129870
1e129e229957293f,78338,68448810,136970,78213,68458587,136970
1e15e3600b9540f7,114380,104486180,137683,114248,104496777,137683
1e412e4c57c0ded5,12072,2126579,139549,11996,2181189,139549
1e4178cac28433e7,23290,13330122,130590,23237,13399977,130590
1e6b17fb3bee386c,69782,59885761,138132,69662,59896311,138132
1e751016831280ed,117588,107685977,136152,117466,107697745,136152
1e90650e15057343,107733,97829515,137755,107614,97847312,137755
1eaf42e8337fabb2,112984,103073218,127415,112898,103092518,127415
1eb524ba04a0b151,92281,82310372,137355,92211,82391487,137355
1ec0066c62ef99e4,76738,66854545,95985,76655,66875249,95985
1ec3f73f3c2aa051,77936,68029009,136559,77810,68045300,136559
1ec747d07a084751,70503,60605787,137863,70381,60615612,137863
1ece0737e1b03991,17902,7963421,128640,17815,8010564,128640
1ee31a5091a9acbd,81910,72007216,118305,81782,72019126,118305
1f01524d3ba06dac,22662,12765691,140941,22536,12777635,140941
1f193232f83a1ea8,95609,85705178,131362,95488,85718247,131362
1f326fed63347751,36881,26906961,132610,36787,26990594,132610
1f4208a47c4e64e2,102721,92809513,138498,102599,92830292,138498
1f420a20f67eed5c,107379,97446084,136841,,,
1f6ef85e011a3fed,27543,17646382,131224,27414,17656761,131224
1f8a4f4b543cf2a3,34196,24305779,140922,34062,24316339,140922
1f8b7dd844bf6530,72191,62289032,138089,72060,62300668,138089
1f97d00073d1f37f,27724,17845581,139634,27603,17855820,139634
1f9935372288b6fb,58764,48865820,138198,58641,48875316,138198
1f9f7c8ad934f37c,91240,81329477,138375,91116,81348912,138375
1fd4ce3b384bbded,94524,84625299,132900,94398,84634956,132900
200430b8c28a8857,49482,39604715,132713,49358,39615249,132713
202ae11b36498a05,42750,32844429,132519,42634,32859742,132519
20418078292e1dc5,75297,65389152,137836,75187,65407124,137836
205a05ac2ce7ce90,82896,72924623,130592,82800,73008714,130592
20728f330cb09101,22189,12305299,139291,22059,12316255,139291
2087a67710306757,20480,10585495,138384,20363,10595664,138384
2098e2d85a5516f2,56522,46645336,136833,56398,46654985,136833
20b07bec67555179,71080,61146247,128041,70994,61188737,128041
20b3b21511962b6c,26462,16585477,139001,26339,16596115,139001
20dd9b27937be9ec,11776,1868487,137353,11653,1885304,137353
213aed47c90ed345,16177,6267800,136473,16060,6287372,136473
2143ef00310d7ef9,49172,39269367,140925,49039,39281255,140925
214ad42d9d542e4c,109285,99366580,140019,,,
215187bc8354ba0d,75021,65085764,127326,74931,65130493,127326
2155e7cc386fd96e,63423,53492455,130243,63339,53532322,130243
215f7fed59be1165,67485,57565594,137124,67387,57594679,137124
21677a78a2d4efd5,111430,101526151,137567,111323,101540277,137567
217b0740cbfd3b2e,40005,30106334,142699,39876,30116683,142699
218476968a529bbc,103824,93884940,128702,103752,93936639,128702
21891ac2c80f5f04,74581,64669102,137744,74458,64689731,137744
2192818b27fa39c2,54321,44428441,154876,54200,44440197,154876
2193e2fec227559a,105581,95586931,142013,105529,95767384,142013
21a851bcc5c45704,73553,63665781,137965,73424,63677018,137965
21b9285f819acd4e,59485,49586687,78344,59471,49592993,78304
21c95a5d87aaf133,51967,42044615,132858,51873,42075489,132858
21dc65ef1f9a40aa,33948,24044491,133538,33823,24057154,133538
21e7f0f2bf698aea,48281,38364857,133340,48182,38390851,133340
21ea8f7f2e020f59,77775,67865317,134795,77653,67884337,134795
21ec751050409bfb,51339,41446985,132552,51211,41456490,132552
21fbd09237759abd,14875,4963586,128255,14754,4984223,128255
2216321a8c78c0cd,102880,92969679,137962,102756,92989860,137962
225aa667ab5d55e3,34287,24405851,141386,34163,24415835,141386
227bf570950e96bc,100664,90771217,163432,100542,90784233,163432
227f931948b306ab,13891,3912150,113948,13865,3999108,113948
228356ad4d00ed35,54292,44396749,137789,54174,44407250,137789
22af4b0768fbb175,38252,28369718,106987,38157,28387442,106987
22b18e022f85ba3f,116958,107029606,137401,116864,107067673,137401
22d4f1cd7040f268,76350,66465708,137247,76222,66475059,137247
22dbd591702c9b6a,46258,36344570,132245,46160,36367765,132245
22eb6e52aaa7292e,58446,48565634,138192,58321,48575248,138192
22eea37fca7f1cce,73048,63104246,128874,72971,63156599,128874
22f90e5d0016e675,20110,10225441,138025,19985,10235723,138025
230da76c46e6d99d,24506,14625385,139506,24378,14635162,139506
2334d55746174c45,44532,34604535,132530,44436,34641298,132530
2344cb3e460eb93a,51063,41166200,142541,50936,41176612,142541
23658b7d76ad7879,98609,88707130,143682,98486,88718909,143682
23666320992c9678,31988,22085848,140572,31864,22097103,140572
2369e004bb796119,59046,49150546,138712,58914,49160308,138712
2375cfbe27947eb5,104705,94806349,137146,,,
23b3b6ecd1d7bff3,35904,26004271,132213,35779,26013803,132213
23b99e5a51c3feec,48980,39069503,140648,48855,39090044,140648
23bb85b62f3f0703,84951,75047130,143481,84813,75065236,143481
23d5e7a70a460283,66424,56525730,138663,66297,56536927,138663
23dcf6bcef4eb0d9,48190,38264483,132083,48098,38298887,132083
23de5a6531543a26,77710,67809439,158940,77588,67821819,158940
23f781b707ddc824,72558,62649063,137750,72438,62667411,137750
23fe3e36e7c82ff2,29966,20064230,131696,29841,20075531,131696
2407bf8ef39f0b35,77374,67485858,137472,77251,67497289,137472
24084870bb87a58e,106248,96329821,138350,106143,96360461,138350
24425f0041a533b0,58984,49085871,138960,58854,49095462,138960
244ae06ad39ba94f,79759,69866088,138231,79637,69876770,138231
24c61f2a34dd10e5,88678,78764965,132900,88582,78787391,132900
24cde6fcd12e42d7,112664,102766195,136455,112542,102776539,136455
24d38a02eab6e500,58603,48704118,183790,58482,48717110,183790
24d46e56393f6adf,54172,44265556,137785,54066,44281471,137785
24de4893a1277e82,11858,1977905,116094,11786,1999298,116094
2521372c520abea8,77872,67965866,137703,77748,67981884,137703
252a6a9d8f281133,101046,91156412,132370,100916,91165990,132370
255f1442c3747928,114973,105046191,136897,114872,105082331,136897
25827d45214872ad,44885,35005891,141007,44758,35015759,141007
2585a02e90c8690f,39943,30044321,132378,39817,30054115,132378
2596de90ca4ab19f,53954,44025491,128485,53864,44063487,128485
259bfe4d1729aece,12520,2625151,138490,12397,2635726,138490
259e0af0b365ca4a,119610,109708336,149611,119489,109722946,149611
25bbf30b16e2875b,118183,108306369,137946,118061,108317058,137946
25c6804854596a40,113907,104009776,156863,113789,104021214,156863
25c87d034a976834,98074,88147884,132456,97980,88183405,132456
25d23642075ae5a9,20200,10308846,138262,20086,10321441,138262
25da7058c3abfeab,73892,63986242,139751,73770,64002316,139751
25ed068920d795cd,101578,91668205,132728,101455,91686466,132728
25faa9cfd8f042ba,70728,60825610,137284,70603,60837080,137284
26006e7762f8fe01,81262,71365022,131617,81147,71374678,131617
261a548e98253597,52185,42266797,131459,52080,42294730,131459
26337a8b307ddacc,22375,12465577,140158,22254,12484767,140158
2635613d36726974,44088,34232490,345951,44001,34261820,345991
263885fe2096859e,56772,46866119,138342,56648,46880595,138342
263d65292674d2a3,91525,81624814,129558,91394,81634761,129558
265d6f986c232304,73924,64025637,137765,73802,64036237,137765
266cc45287631276,85968,76086252,139619,85848,76103541,139619
267017d006a1943b,73263,63329237,137963,73170,63373519,137963
269787e3c653a3e9,70918,61007358,129694,70835,61027308,129694
2698b7ccb616057a,43678,33789415,139728,43551,33800386,139728
269aebd13b04b78e,107410,97469472,138756,107326,97581601,138756
26a5885df5e6bc44,17584,7674825,128287,17512,7693066,128287
26b0e6f015f4c10e,112510,102625086,130876,112384,102634155,130876
26b6379cd6a6403f,102688,92786101,137637,102567,92797718,137637
26caffd4ed5beb3b,99240,89351041,142048,99115,89361512,142048
2710b54cf3ed1960,33360,23464534,132520,33241,23474330,132520
2721a38b24949c1e,76948,67024131,127953,76862,67056105,127953
272daafac85def45,20382,10484973,138117,20268,10495431,138117
272ee768b3ded6d4,14843,4928621,138367,14724,4953100,138367
27376f67e9a8cc05,106991,97087018,142697,106871,97102003,142697
2748eb878b3778b1,69232,59325576,136984,69114,59342037,136984
2754e98fe44beb27,96879,86968962,132274,96753,86988240,132274
2758963b812b070f,102943,93046234,138316,102816,93057020,138316
278940bd4a6775ea,55978,46048737,137525,55888,46087889,137525
27ceaca78a459fad,101832,91904794,130625,101751,91940724,130625
27e81ad94fd63f7b,56804,46905719,139118,56680,46916403,139118
280af12ad59e3c4d,30342,20465626,138451,30218,20475203,138451
2820dd2700bcb4e7,67641,57725810,137797,67533,57751066,137797
2828380fc922e754,57969,48045518,137605,57877,48077946,137605
282aa53254e2d4c2,25928,16025151,137615,25807,16036698,137615
2837548dcd8981d7,17746,7803564,129219,17670,7854717,129219
2837c2abdd5c56ab,106531,96626388,138152,106414,96642759,138152
28770e81787e5e7e,12816,2911783,158618,12695,2927418,158618
287cef8831f4681b,70632,60725836,138351,70509,60740964,138351
2892b665769f2bdb,50300,40384394,132165,50197,40409187,132165
289b7ad3f9e20257,52365,42465101,134505,52242,42474608,134505
289f51f4a2bfb181,58326,48428901,137988,58197,48438919,137988
28b3d9775980a704,85531,75625758,132700,85406,75643077,132700
28c21fc7f4d070c8,18429,8524706,136127,18307,8539218,136127
28d99f604b8e38cc,25293,15366652,132505,25196,15402409,132505
28e6320197f558f0,100155,90245284,132299,100055,90264189,132299
2909036c15e83590,84050,74165094,133412,83921,74177610,133412
291fbf78d68a18d7,77968,68065605,137001,77841,68077640,137001
29281819fb783370,77315,67408987,137555,77199,67425089,137555
295de7ea1e075e89,81467,71586919,143979,81341,71597533,143979
295ec80a23dbfce1,118239,108329735,138113,118117,108348038,138113
2966c14b6c108c57,103219,93328787,142298,103093,93339466,142298
296e2240120bdff0,37726,27824267,131606,37600,27835562,131606
29778c4e7397437e,112697,102789503,138121,112575,102806067,138121
298bf83b14502154,78748,68834331,110172,78669,68855601,110172
29b21d7a9ac95c03,19683,9763685,129804,19589,9791818,129804
29cf82b26fbbccda,48126,38186799,132000,48039,38235497,132000
29f9a2c0db6ad773,46101,36166049,131532,46011,36210288,131532
2a0b291409fe4631,115327,105429453,138833,115195,105439459,138833
2a2594c25a6bcdca,98804,88906779,141764,98679,88917024,141764
2a392769111ce865,84921,75009243,130885,84785,75037577,130885
2a51f61ae8280141,54943,45045474,138239,54815,45055642,138239
2a6584640d1ecc0f,26615,16705598,139893,26493,16723851,139893
2a6699e33e5dd457,105683,95709646,138500,,,
2a6a53dba2984db7,40395,30464421,132108,40320,30503808,132108
2a73f2711a67350b,96206,86286505,130978,96103,86315316,130978
2a809f19cdd8b57d,69044,59126244,129736,68933,59153124,129736
2a84b34907a15717,76134,66246117,138245,75999,66256931,138245
2aa0c05282566578,57363,47448788,137464,57242,47473037,137464
2aa585d70300aefb,87456,77548983,132222,87335,77565170,132222
2ab64c3c9fe89a0b,10502,604917,137629,10387,615395,137629
2ac38fc780a5e63c,17316,7407300,140385,17193,7425477,140385
2ae4c013129d522c,100002,90067511,132334,99915,90111163,132334
2af989db059f3b50,42478,32546941,133356,42387,32587302,133356
2b02143eb275c8d6,53608,43705317,136346,53485,43717032,136346
2b02c196cc99efe5,48662,38785952,140992,48540,38796138,140992
2b03915651d1690b,74708,64805651,137463,74583,64817061,137463
2b3e6fcfc71b6860,106903,97026419,138657,106783,97038897,138657
2b6e1adf597ff4c3,118645,108724869,129399,118546,108757625,129399
2b92e2654800d0bc,72591,62685909,139136,72471,62700327,139136
2bb63d2a6a0e26ec,43175,33272672,138362,43054,33284760,138362
2bc0f3446e0e3f96,88769,78865188,132278,88664,78878107,132278
2bc438080f6b155e,54142,44225349,136099,54039,44251628,136099
2bc70ea8c7175b47,103662,93748468,111369,,,
2bda4b330d6b7082,15296,5388127,137880,15174,5405243,137880
2be897d0b6cd62c6,79187,69269403,137983,79083,69297196,137983
2bfa3240ed27953b,38566,28666951,132155,38465,28676550,132155
2c10c9b65690b3dd,68850,58952126,136740,68741,58962841,136740
2c171ab9599acf22,55066,45168446,136682,54933,45178690,136682
2c1dd8a7ec191524,28699,18788296,131870,28576,18808424,131870
2c2cabcb923b35af,39557,29648268,132551,39437,29666341,132551
2c38d35e071e7af2,14261,4345550,136367,14134,4370109,136367
2c52385494dbcc22,41188,31289161,160430,41066,31301542,160430
2c69cdafda47f876,16635,6728565,138202,16512,6744404,138202
2c8549d746ce1327,96534,86656346,131450,96411,86665846,131450
2c8d3dff16adfcda,41155,31249378,138657,41033,31264712,138657
2c93ffb2193deb7b,109060,99146131,111935,108977,99232826,112024
2ca239cc23bfaec5,106470,96564626,128877,106357,96581587,128877
2cac6992f46fcc0b,107618,97706126,137697,107516,97747346,137697
2cadd1ac559c78f5,11551,1644859,137962,11429,1660556,137962
2cb3c396d9c625f5,99024,89127386,144594,98894,89137696,144594
2cb5041f7791ea26,50024,40084424,131646,49943,40133844,131646
2cb6d2ec91ece90d,89507,79604775,130565,89382,79616715,130565
2ccd7eb8fd6b81d8,103856,93924794,129940,103783,93967596,129940
2ce4cf62b19e5782,65464,55545705,138231,65368,55574184,138231
2cef059eab11396f,18655,8748154,136138,18531,8765223,136138
2d165793859ab8da,75115,65189457,137320,75020,65224880,137320
2d218b7161280318,66360,56448160,142264,66235,56470438,142264
2d39fedc273a710d,55403,45505248,136495,55282,45516212,136495
2d73686348afb782,103918,93984440,128351,,,
2d814074f9285fd4,50841,40929590,139658,50718,40950442,139658
2d88e5eb8e7d3202,30463,20549086,139986,30341,20572009,139986
2dad2bdfd991a4ae,59995,50065899,138818,59884,50104735,138818
2db24da8d679dafd,45391,35486208,139817,45265,35500614,139817
2dba46c009d69afd,12434,2524749,137034,12323,2544220,137034
2dc09a7b6752aa61,28944,19022103,118915,28855,19052088,118915
2df4474a9922a466,32611,22705662,140080,32486,22720226,140080
2dfd03be127f0875,84327,74479868,394601,,,
2e0ee93adefed20e,118613,108691650,129780,118515,108724255,129780
2e1dd9d184f67e63,61688,51765559,138174,61597,51797048,138174
2e37b9e8ac926a4a,39623,29724475,132259,39503,29734230,132259
2e5c3dc54f2e97da,65775,55866136,139780,65659,55884615,139780
2e68e96da68b0c66,99810,89885487,132401,99731,89919602,132401
2ecce479821ff647,13075,3168431,137910,12952,3184526,137910
2ef1abda008146a1,47490,37605954,140582,47364,37616609,140582
2f048f1a2e801c80,101927,92005733,132582,101843,92036748,132582
2f506c5109eb0ca4,41316,31409518,139619,41192,31425241,139619
2f53b234a959d9d4,60897,51009224,137612,60771,51019386,137612
2f7a118b4e5001cf,56835,46929106,138188,56711,46944929,138188
2f8e099e9ca91818,88522,78587067,132072,88436,78631151,132072
2f9c1a9ae5d5a2b8,71237,61309176,139553,71142,61346696,139553
2fc12910f7c5a0c9,25007,15087942,133405,24921,15116242,133405
2fc7daa5012d7a54,15028,5128368,136466,14900,5138526,136466
2fccd468c85bc424,23350,13384117,132289,23289,13459753,132289
2fd4a04ba25f9005,107883,98006242,137041,107763,98022219,137041
2fe6c1461807c349,26679,16769037,139465,26557,16788810,139465
2ff822e3a3c28adf,48850,38945611,138533,48727,38959330,138533
2ff8db282578d267,54381,44484137,129726,54254,44493140,129726
3000e950d7ff7f2f,38627,28744285,131803,38522,28753920,131803
30240a3a27530532,80107,70208984,137839,79975,70219191,137839
3038075685398055,34317,24429626,140967,34193,24439981,140967
304a436df75a496b,14748,4845325,138914,14631,4857235,138914
304ee8c395687ef8,30973,21044596,132463,30886,21082236,132463
305924809d9b45bc,79824,69925892,138455,79700,69936080,138455
3066984dcd1e05dd,84142,74264810,131921,,,
30739219a37798c1,72688,62785549,137357,72567,62797010,137357
3079cc11448c92c3,72502,62625844,137368,72379,62637263,137368
308075a0acef21b3,98868,88965360,133511,98742,88976302,133511
30866039124b50e2,92529,82605193,133367,92416,82638583,133367
308fc98249498167,117403,107526141,137425,117279,107536506,137425
30df78d7848c4ad9,85721,75824941,131700,85588,75836228,131700
30faaac3d84f2172,48311,38387078,131564,48209,38420373,131564
3162d7806e8346e3,58860,48948723,137584,58735,48969343,137584
31775d0c0bff537c,116263,106386671,138969,116140,106397910,138969
3177a38585f122f1,18812,8908342,138628,18683,8921404,138628
3186ef9f7912be10,107284,97346215,137758,107205,97402443,137758
31891ef4bfc84dda,21677,11746527,132628,21588,11786625,132628
31da99f22effd028,99055,89165170,132364,98924,89176256,132364
31e9ed685af0dd46,57298,47389136,137067,57177,47407943,137067
321fa37e58faea71,110085,100186283,138190,109962,100197565,138190
32275e155d31275d,89757,79865000,131726,89623,79874783,131726
3250e4c5bd092617,84491,74556695,132406,84374,74607209,132406
3264a17e44cbab50,85037,75144864,131995,84898,75157226,131995
3264a4df103ffef9,84229,74325108,133321,84110,74341091,133321
3281ea052bde1f39,21295,11388672,138005,21171,11404119,138005
32b7af7bf4e89d4c,100185,90267449,131354,100082,90294085,131354
32c5548bcce980fa,45484,35585973,140723,45355,35596588,140723
32cbba6788f46f61,117049,107126423,137886,116946,107158485,137886
32e1cf3c1c776ae9,115952,106049614,138216,115819,106060979,138216
3312a1922116001d,103188,93304723,129798,103062,93315604,129798
331670b0e480471d,89938,80029523,143226,89815,80047728,143226
3337eb61e9896f9e,107792,97906035,136725,107668,97924220,136725
33471c7750569c60,114258,104349750,138545,114132,104367490,138545
33480ba00d0bdbdc,52094,42167246,133204,51994,42203380,133204
3348227bf71a9f59,33330,23424203,131702,33215,23440287,131702
334aef7520606919,92190,82209908,130533,92132,82299566,130533
3356fd90da5c2743,61208,51305642,138595,61086,51317299,138595
335e259407dda96c,89539,79645334,133257,89412,79654904,133257
336115b4ea9d3112,91175,81269490,137587,91052,81284842,137587
336ddf48293457bf,117780,107886532,138052,117655,107896145,138052
3373c490c4e3132b,14620,4708391,157066,14504,4729996,157066
3377921e8b4f8b60,35711,25805605,139917,35589,25820917,139917
337795e38822aa66,97008,87107720,146936,96877,87118527,146936
339b70dc01b096e6,39590,29684398,131970,39470,29699652,131970
33c6209c02266d5a,42927,33046221,142955,42799,33056886,142955
33c782d9b4c58008,66705,56808964,137227,66572,56818755,137227
33cd672399b93901,31253,21344561,132874,31149,21362913,132874
33eeee5da1bc90c5,94893,84986357,139367,94772,85002442,139367
33f50f710cdad881,93222,83325212,132678,93094,83335189,132678
34015fe3230072a6,109891,99986365,138701,109771,100001132,138701
340bab4f01cc7c72,29558,19666687,133396,29425,19676715,133396
340fe5816a4cb91b,87976,78067581,133537,87854,78086433,133537
341caa7a6fef129c,57588,47732169,340307,57500,47760987,340347
3426e4e585168eed,114101,104187171,130250,113980,104210204,130250
345036cde6f9cdca,45264,35366140,140924,45142,35377246,140924
345d5c71d35ef90b,79127,69205903,137996,79030,69236618,137996
34a9c14b821417a2,25709,15824390,132961,25577,15833802,132961
34b2c81f64c21ba6,35199,25284165,132400,35096,25309063,132400
350665601ffa017e,109770,99886531,139177,109641,99900012,139177
35070b9b3f351372,100793,90885889,133456,100671,90901628,133456
35438a564ce2987c,117078,107166341,137034,116972,107187741,137034
355667cdf644b9a1,21833,11906521,132309,21734,11942260,132309
35567216b51fa814,119449,109547567,144959,119331,109562871,144959
3561f78123d7047d,82561,72623290,78574,82522,72748328,78574
35a064c11064c5f6,74777,64894912,103028,74691,64916563,103028
35beb583b63df054,9980,56378,129490,9907,89159,129490
35bed8dc0b927e88,75238,65325640,136747,75133,65347723,136747
35c03f2885881c2c,23164,13241035,118588,23122,13273229,118588
35d8c726be88fa4e,106376,96464934,129830,106268,96493877,129830
35e70e93816c2cc0,50808,40905970,140387,50686,40917471,140387
35ecd71dd3dd2e1c,90698,80784979,132023,90595,80806916,132023
36127da7e6219862,18843,8945220,137549,18713,8955534,137549
361a54460facb3c5,44855,34965758,140107,44724,34975726,140107
362ed390738c09e1,77012,67084485,128480,76924,67121225,128480
363fb67dbe4ac3fc,15118,5228123,136120,14990,5237985,136120
36572f9f12825ad5,37878,27986772,131628,37748,27996108,131628
3662449aaefdf59c,91678,81789651,138101,91552,81800533,138101
366739ddc339b6c5,60097,50188979,137878,59966,50207298,137878
367294ab62b67911,33476,23584526,132985,33344,23594604,132985
3678dafac2cb26c1,33979,24068599,142839,33854,24087963,142839
36885d1b0bb4c936,93284,83387781,133057,93154,83397633,133057
369c8c71699d7ff6,88009,78105178,133012,87887,78118552,133012
36adc32841820bfe,93783,83937285,376062,93707,83968707,376102
36ce5b6df1e47f4a,13766,3835322,112077,13761,3873994,112077
36e58329f26a9b2e,99970,90045200,132671,99885,90079376,132671
36ef15bb63c2dbab,52453,42566741,145010,52323,42576762,145010
3706f1e821f14e17,113875,103966503,138732,113757,103984486,138732
37168d3f63b0d82f,71743,61865547,136775,71622,61876087,136775
371f45e5f46d77f9,47398,37509740,139778,47272,37520200,139778
371f53db82d7ef64,88709,78787449,133297,88610,78818126,133297
373c24ef088e5deb,71967,62065830,138049,71844,62077001,138049
37458c0b9b93a679,88828,78925118,132828,88716,78937163,132828
374dbf0943aa177d,99648,89794874,356064,99565,89825284,356104
3768a41656409bf2,78155,68265843,137817,78020,68276378,137817
37699d77bb47a049,97916,87985003,131632,97829,88024436,131632
3770fb34de816557,115356,105466444,138285,115222,105476720,138285
37843f9287f495bb,43111,33205605,138839,42989,33219785,138839
379020e3e3376718,11712,1804928,137091,11590,1821407,137091
379c9e083ffd38ba,106438,96527134,129113,106328,96549632,129113
379eee018511b97f,49388,39504565,132878,49257,39514503,132878
37b44a8547076fa7,27242,17324503,132312,27140,17351682,132312
37b5e51f9eabb443,47901,37989898,118108,47820,38009941,118108
37b7370b8fb739c6,11942,2020900,128291,11870,2051828,128291
37d6c5cebfd9e13c,76228,66329097,137512,76095,66339525,137512
37de060ad7d52853,32578,22668612,143289,32454,22687752,143289
37e7060f5a5bf181,76382,66505833,136590,76258,66515599,136590
381a8e6226bb95de,55189,45305333,136644,55062,45317102,136644
3833806c7b49658b,119827,109928572,135002,119698,109940325,135002
3837bad863702340,47741,37845791,139270,47618,37855619,139270
383bca21b4e1a31d,103339,93429681,131567,103220,93448317,131567
384ad41cc176acda,97633,87726766,140138,97511,87743003,140138
386001aa26a09502,109157,99225996,127348,109074,99275517,127348
3867eca2da1f0474,69627,59746345,137057,69502,59756563,137057
387a007b6d0bbd1f,105756,95809776,138877,105656,95880937,138877
3883bd02f0432004,30656,20749016,139538,30532,20765616,139538
38a486e3817b0bad,16732,6825247,138535,16607,6841526,138535
38ad506218905245,79333,69429083,137686,79211,69442852,137686
38d26d17bf501553,86675,76745114,131226,86611,76866869,131226
38de24d895fd79a7,117748,107846527,138522,117624,107857645,138522
38e3acc638558492,20888,11005071,137180,20758,11014866,137180
39022520e57b9418,45359,35449524,140253,45234,35468752,140253
39104ec6e85f3ede,38285,28390022,120002,38189,28398881,120002
392afc3702fa8f40,87327,77429575,159192,,,
3937e453f93e9bb8,94495,84587283,131041,94373,84604219,131041
39881b0f655e07ef,115415,105529969,137220,115292,105539856,137220
39a4fdfeaa9970ea,19208,9303696,129418,19083,9316985,129418
39cfc33fbf0fc6a2,107705,97806132,138079,107590,97819622,138079
39e5f1e7ec034bc7,70868,60985468,99311,70786,61002476,99311
39f1521689b856ea,79362,69465826,137662,79237,69476211,137662
39fa45ca6dc24405,103695,93770563,130536,103627,93882890,130536
3a07c6bd30714b84,51523,41625838,140553,51402,41636329,140553
3a0cba10ece0ccb8,49077,39170231,139574,48948,39186532,139574
3a1ef04e0d0d73ea,83840,73926786,130979,83726,73952769,130979
3a217bfaba579655,115697,105789993,138452,115572,105806629,138452
3a273314ff2d512d,86551,76604847,131480,86491,76662257,131480
3a2e6d077b8880ce,116318,106417887,138147,116198,106428544,138147
3a5520b90bc2d0ed,85282,75404987,132527,85160,75417672,132527
3a6811910f08e3c2,75944,66045714,137200,75816,66056247,137200
3a826cfa29d26102,31284,21367059,132814,31177,21393002,132814
3a8a818100a108fb,72347,62449240,138593,72213,62459500,138593
3a97221cbbfc657d,16827,6924260,132675,16700,6937089,132675
3ab9136b65c10d6f,75053,65124476,127240,74961,65161680,127240
3abe7ad4b6d25625,36667,26658557,131794,36628,26775340,131794
3ac6322cd7fd910c,62073,52185730,138207,61942,52195636,138207
3ae2c89f71075f4f,103372,93465257,132467,103253,93480889,132467
3af6f3032ab2a83e,26807,16905874,140151,26683,16917187,140151
3b11237dca7d552b,108446,98549457,138743,108318,98560548,138743
3b180b99ffc14786,56427,46545505,138000,56300,46557095,138000
3b220c0bfea96ed8,47772,37869313,139521,47649,37881925,139521
3b293f943ef5153b,100696,90794426,137950,100574,90804808,137950
3b2f4fd595153548,116672,106751312,129774,116589,106780932,129774
3b40eb8c1b995864,19871,9963626,127661,19767,9979820,127661
3b4379609b63ed95,102200,92287158,130971,102090,92309117,130971
3b6d30a392682df9,66582,56685635,138396,66449,56695836,138396
3b702610dfb79e91,32933,23004207,132184,32850,23042765,132184
3b780de15b4aa313,26583,16668962,138881,26462,16692051,138881
3b8510e2317227be,81350,71449707,139421,81223,71459912,139421
3b8f43329d2c0092,61927,52025570,137567,61812,52037202,137567
3b95209fa000c45d,50591,40704527,131682,50456,40713535,131682
3b99cef051951bc9,68283,58385759,138352,68160,58396224,138352
3b9ce8d58c2a16c5,35583,25704661,133378,35461,25714126,133378
3ba03292f9b562da,81589,71684733,131768,81466,71698691,131768
3ba592860fee36cd,13449,3680125,388956,13448,3708903,388996
3bbdec81b7d74d3c,19932,10024801,136158,19824,10042234,136158
3bdd30c9f641a4c2,85434,75533410,139546,85311,75546140,139546
3be5f3395e76d613,73828,63925616,137403,73706,63938220,137403
3bf34225ad6ff449,87295,77393554,168971,87175,77410252,168971
3c11e03fec87797f,29934,20026650,132870,29809,20043392,132870
3c1ca5ec96c3a8de,20919,11028413,138385,20790,11038253,138385
3c48540ebeeacb0e,60867,50985936,138681,60739,50997054,138681
3c4d217e65dce742,109740,99849597,138422,109614,99862022,138422
3c52ae1fb8f06533,15942,6005435,129184,15852,6051186,129184
3c5657b22600f3d8,114941,105001508,136577,114842,105051118,136577
3c5913a7ac822a1e,66951,57045600,137442,66830,57060399,137442
3c634d18a947c16d,93557,83647556,132021,93434,83666228,132021
3cb28354e4205a4b,75625,65745659,136621,75502,65755205,136621
3cd8482759d2a774,104274,94386384,137426,104164,94400324,137426
3d0a575962c1b476,35257,25344258,131766,35148,25366294,131766
3d2632428671740e,45514,35625935,140330,45384,35636710,140330
3d7b971df3d00a49,88425,78503958,124327,88343,78534632,124327
3d853a865d15c30d,15722,5783726,130417,15644,5830599,130417
3d8d0053292fc1fd,49536,39627132,132820,49414,39645595,132820
3da28dea07320d2c,82095,72204951,132564,81962,72217767,132564
3db373419be543d4,86124,76209074,130994,86003,76235718,130994
3dc1528d6ce16005,111980,102076715,135929,111857,102089726,135929
3dd3534b95348664,50532,40644277,131427,50401,40653380,131427
3df5339365ec41c2,54720,44814701,151483,54598,44830482,151483
3df54dcf0cb01376,88458,78526650,134175,88375,78567873,134175
3df968e7602f2ff1,92310,82346314,139061,92236,82420132,139061
3dfac84a9198ded9,42631,32724679,132320,42527,32740774,132320
3e07fd2d46ce983d,58732,48825737,138719,58610,48841081,138719
3e0942f2447010f3,93438,83549765,139812,93312,83560397,139812
3e0c682fc8bf6067,26955,17032948,133239,26862,17063790,133239
3e0ed9d828c50623,26988,17064318,132671,26894,17096615,132671
3e1646a78ab67dd9,13233,3345079,137909,13105,3355230,137909
3e183b346c66fdfd,28795,18933667,355784,28702,18962254,355824
3e3f225019f1f80f,54974,45068567,136858,54846,45083887,136858
3e4fd0abee737c06,109621,99726306,137731,,,
3e7cd3bbc9a66d2b,60492,50585839,138879,60369,50601546,138879
3e83851511d6e5a5,83325,73449742,160387,83212,73464215,160387
3e8b5dfcc98cec97,35229,25308315,142831,35123,25338609,142831
3e9155c382cc0025,63707,53785592,137845,63610,53816951,137845
3e9b2a1eec646b91,20317,10409181,143021,20203,10427875,143021
3ea645d979c4d0c5,85907,76026505,141680,85783,76041893,141680
3ebf2655943b4b68,112139,102229597,137975,112014,102248809,137975
3ecc08e12209690d,21515,11596181,132742,21430,11624143,132742
3ee0ecfe1244ec93,55004,45105852,139342,54875,45117136,139342
3eee613aa4b8e2e1,97979,88047009,130783,97891,88088640,130783
3ef20a861639a107,49731,39825984,140495,49608,39840958,140495
3ef5ceeef730a73c,44739,34845677,138838,44620,34855391,138838
3f26480cad786400,69750,59845700,137040,69630,59859440,137040
3f40aa431358894a,29838,19929282,139942,29714,19947875,139942
3f77f6cdc9e26bd3,33506,23624213,132106,33377,23634685,132106
3faf7b4944976ce5,84774,74845094,132689,,,
3fbc0b31fa79c6ed,61272,51369250,139528,61150,51381422,139528
3fc694ea936fadc7,96083,86165001,132083,95989,86192197,132083
3fe35577d17b55e7,35776,25868028,131704,35653,25884911,131704
3ff7b1a44b9087cd,51458,41549302,139900,51337,41567721,139900
4003dd459c0e7918,91399,81505172,131702,91273,81514648,131702
40323bc8a06ff024,10415,504667,136118,10311,524909,136118
407566c073bdd1d2,90450,80524696,130632,90364,80559029,130632
40be8f84d0ed1113,45103,35200636,163946,44982,35213961,163946
40c052c17a288986,58061,48145441,137276,57961,48170961,137276
40d480f9dfcaad7a,11244,1345306,136846,11114,1355351,136846
40dd905782b7e637,29260,19344508,132993,29156,19368649,132993
40e105ace32f2d80,12578,2685045,137696,12448,2695281,137696
40e4f51cd9a47e92,51125,41224734,133073,50995,41234238,133073
40e5c11d532c361e,96474,86584673,128837,96345,86593517,128837
40ec5c9b0523ceb2,85401,75509843,159161,85278,75526477,159161
411815bcdead2515,43524,33636999,138841,43395,33646700,138841
41375578d8bc4fac,59895,49929020,138349,59810,50004534,138349
416cc03dc026abcb,40097,30205764,140229,39964,30216137,140229
4182fd377f382b27,20051,10148365,137137,19932,10160563,137137
41875e371105130c,64747,54865818,137805,64618,54875343,137805
4192ede82f2a2e02,50905,41005836,140148,50782,41015661,140148
41a3e212f12a5be9,22130,12245295,139163,22001,12256218,139163
41b1c10b112280df,61957,52048615,136319,61838,52066050,136319
41d47a38e847d4eb,62262,52385736,138233,62140,52396602,138233
41f372717047e7e3,61657,51726258,141509,61569,51767718,141509
42441574756a2b5b,32237,22345431,138645,32104,22355342,138645
424906e7a6d5fd81,92610,82705275,132894,92484,82719026,132894
424d08ae76873933,115094,105169844,138083,114983,105202877,138083
4280740691769026,81408,71526404,141187,81280,71537296,141187
4293599768e8ab71,88204,78306952,143747,88080,78317863,143747
42ad1a56a277bae7,35873,25964352,131333,35748,25982332,131333
42adcef64a717641,34257,24369927,141482,34132,24379657,141482
42b5b76e1960839f,70039,60145711,138389,69915,60156351,138389
42ba3ac518e0dca2,73015,63065621,128654,72940,63124089,128654
42cadc3507505c44,25384,15464138,131841,25280,15493447,131841
4322e55e026400c8,84619,74684779,131925,84497,74734327,131925
434de3a101db0703,38971,29064307,131286,38839,29080084,131286
4355ce2df683fc54,79510,69625957,137300,79381,69636126,137300
435e70c60a3c9396,69815,59908946,137241,69695,59924503,137241
436f421b3921a293,77196,67285725,137310,77093,67306288,137310
438584f97dfab6d6,79856,69949097,137468,79732,69965827,137468
43917caefc483c5d,25355,15426230,132154,25253,15463592,132154
4394430e73e1f1d4,70071,60168994,137636,69946,60181147,137636
43a704e51027dff0,19026,9143340,127542,18899,9153062,127542
43b9f5ca4dcbb202,84681,74744800,130582,84557,74798499,130582
43d05141857b8424,10741,864981,137352,10618,875487,137352
43e8c18222bff3d9,33389,23487137,133599,33267,23498958,133599
442a650d2a8e2bdb,77227,67308937,137635,77121,67336362,137635
442d7faa0ba7f3ee,19434,9572004,349164,19338,9598617,349204
443b25ab98c890a7,70288,60405828,138838,70159,60416137,138838
443bd95f4a70bf25,109923,100026210,137948,109802,100036630,137948
445af1323f7435f5,101449,91546780,142319,101328,91558633,142319
448e8e8100715106,48818,38912865,160712,48695,38929342,160712
4493bf7ef37dd342,53108,43226381,141244,52981,43238634,141244
44bdcb9a3bcdda88,105525,95522470,129370,,,
44ce7a467db8aa53,30688,20785465,139467,30563,20796753,139467
44f7a493057422e1,61351,51467933,98751,61270,51485916,98751
44fd2938f9fbbb7b,57461,47548572,136821,57339,47570475,136821
450a8fa266dce5f2,104831,94940753,138499,,,
4514fabf71543951,86645,76704880,131223,,,
4518a67c5fcd12cd,39785,29884452,132838,39663,29894290,132838
452066b75babbc86,45817,35920062,139666,45697,35930170,139666
452fb48564061ec2,83363,73495284,191769,83255,73515234,191769
45a10b0415ad9196,44024,34125566,138702,43902,34137074,138702
45ab7c4f6df3852a,22536,12629135,139968,22413,12646247,139968
45b07e23525eb2e5,95479,85566726,118607,95359,85587538,118607
45e9b637be3a900b,24352,14466408,143745,24222,14476579,143745
45f96957180eef4a,27273,17363893,130958,27169,17382927,130958
4613e19135d9fcfa,28203,18305459,139656,28072,18315860,139656
462af8cf740864ad,36032,26130293,139179,35902,26140798,139179
46375ecf22d8a70f,35522,25645391,138614,35398,25655578,138614
4641a250f347cb1d,37475,27565890,140780,37358,27584923,140780
4674efdc75a90c9a,105963,96069491,138892,105830,96081874,138892
4699c6537cd9efd7,42066,32165714,140059,41940,32176307,140059
469ef4b761812930,51684,41785676,139257,51562,41797012,139257
46a3a39c987987bc,115921,106026305,137893,115789,106036727,137893
46a4a0adac6e489e,61110,51205717,138457,60989,51219674,138457
46a667ee14cad5a4,73697,63789318,138826,73576,63807362,138826
46d23ad549fa87e6,84426,74514253,121672,84310,74542225,121672
4700aab200fd305a,69912,60011601,135025,69791,60022311,135025
470874865e5a78ef,79480,69588961,137459,79350,69598797,137459
47097c884ea371f1,119919,110030867,148726,119794,110043375,148726
471163366e8e33de,19778,9863371,127920,19681,9886685,127920
47443f77dc874acc,71328,61409059,137850,71225,61438641,137850
474770753ee91e6f,24445,14549077,140461,24311,14558717,140461
4749dcbf570c127d,42897,33007057,132748,42765,33016888,132748
4753ce3f817fa9f4,17810,7865458,128658,17730,7918967,128658
4757612d84abc56f,19176,9265219,129728,19051,9284584,129728
4765f08a7ff4f348,15624,5711406,116265,15547,5732109,116265
476e27bdb4c4537b,31343,21426455,132344,31229,21452774,132344
4781cfe4ffa309bb,54911,45008838,136589,54784,45020703,136589
478c91fcb17d56a9,118742,108824821,128926,118642,108854175,128926
47a020b622fd211f,52246,42327222,133876,52136,42355346,133876
47b72d1714bd6a9c,77999,68089032,138478,77871,68108277,138478
47ddd4c47eb4db90,45168,35265687,139756,45046,35277885,139756
47e060457e010f26,49108,39205810,139890,48978,39217723,139890
47e170ebaa756618,92064,82125693,118674,92015,82173113,118674
47f0aa6536b25d6d,28389,18505394,139586,28258,18516260,139586
47ff58c203ab52d9,76696,66838641,383459,76608,66868564,383499
4803b70c9411f5a7,108784,98886352,137031,,,
4870af12aa4df211,76980,67045801,128402,76893,67089258,128402
48b426753cf76122,100302,90405181,132687,100184,90415013,132687
48bd05fb695f9b08,105934,96046069,137167,105807,96059915,137167
48c616513edc6ae4,48574,38685935,140477,48443,38695778,140477
48f4889e3518562c,59076,49185500,137182,58942,49196151,137182
492b136a7683eccb,119673,109765866,133090,119550,109784106,133090
4934c0e96dbd3636,108598,98709448,137235,108478,98721124,137235
495296c1ae608622,87424,77526609,142397,87303,77536978,142397
497aaebc3d3ad107,54081,44165940,140565,53983,44191200,140565
49828468f44489b7,83717,73804745,131639,83610,73865696,131639
49e55a792d394a20,66198,56289245,138614,66076,56308662,138614
49e684d03eb0eaab,105311,95372969,119700,105299,95424887,119700
4a1df3a03246d92a,23571,13645801,142296,23468,13680671,142296
4a42a3b8b1397c8c,15058,5164719,136319,14928,5174929,136319
4a57652f1ea7671d,79217,69305811,137520,79109,69326452,137520
4a631c6018f1b544,63391,53470368,128360,63307,53500235,128360
4a6b9679fe1d5e63,58356,48465491,137489,58224,48476148,137489
4a6e5861d77d0a03,62163,52285469,137208,62040,52297105,137208
4a6e653f22f9fca1,97438,87530435,141505,97317,87547446,141505
4a88637a71683d82,62224,52345831,138775,62101,52356623,138775
4aa047753d21158e,115385,105506720,138845,115260,105517475,138845
4ab08d021b084043,25590,15686398,132044,25463,15698812,132044
4ab84304f81921b5,39816,29906743,132105,39693,29924768,132105
4ae41df994fb376b,83106,73185037,133235,82973,73218012,133235
4b0d5da8c3dbc198,32269,22385693,140459,32138,22395364,140459
4b0d642e1d9039a5,102051,92125390,133649,101957,92160859,133649
4b4a21119c7d2c6a,111948,102053776,182542,111826,102067638,182542
4b8637637cae85cd,81379,71486299,139576,81250,71496564,139576
4b9e4ddfed43907d,64002,54105834,137944,63873,54116015,137944
4bb501fbcf93bb1c,64308,54408350,152923,64186,54421019,152923
4bf0bb984cb930d4,93687,83786995,144152,93564,83798417,144152
4bfb0b695ed85447,23790,13905717,141194,23661,13917301,141194
4c1fb04db9a109a1,56309,46408889,138357,56186,46419273,138357
4c33ed88bf092f60,12726,2845981,137671,12599,2856626,137671
4c42efa36948cbff,11807,1958578,390977,11729,1990876,391017
4c47ea14bf1f1266,48724,38846163,142397,48601,38855944,142397
4c5e7080eb7e7640,106682,96789713,138320,106556,96812262,138320
4c77a6a0f7d0892e,119417,109505755,134146,119299,109528638,134146
4cafa345083ed640,112794,102887564,137178,112671,102902718,137178
4cec9eba36235436,82840,72865111,130995,82756,72952669,130995
4d04250aeb712f53,63038,53129216,137717,62916,53147737,137717
4d18b65e345116b1,27663,17785498,139670,27539,17797619,139670
4d5cb5fde2bb381e,62887,53004148,129136,62757,53014503,129136
4d69654142e769dc,108197,98290909,127408,108078,98307355,127408
4d6c390a0788277d,20022,10125162,138492,19905,10135084,138492
4d6d17891ee5bec9,61749,51825481,136927,61653,51858550,136927
4d794720750ca2b0,9947,34514,110730,9875,55022,110730
4d8b9a8f1e9db654,50710,40805762,139445,50589,40819496,139445
4db22fa97c6747c3,95114,85207484,131633,94987,85223768,131633
4db2c6a5169d6be7,73110,63168980,135766,73031,63219528,135766
4dca4f6a8aa1ccce,53169,43285913,140444,53044,43297217,140444
4dd28b5128f49b98,39036,29135643,131207,38899,29145452,131207
4dede827b93bcd1a,53047,43149235,138827,52916,43158913,138827
4def9bd408f36c37,36637,26636197,132135,36604,26746105,132135
4e1e0d688b11667c,34042,24146237,143959,33915,24156991,143959
4e4234331a7a9a3d,112357,102466290,137862,112223,102475866,137862
4e4b8f9136a7488f,15689,5755546,131122,15611,5797811,131122
4e4d8f743a324c85,74206,64309693,139955,74074,64320287,139955
4e5bc57866a01e7f,62415,52509275,138603,62291,52524744,138603
4e9df484d143f8d3,85336,75432616,163720,,,
4e9f055876bcaa28,31193,21266638,132147,31095,21302087,132147
4eb29de6141f6463,63232,53325675,138155,63109,53341704,138155
4eb8de269827d3e6,24033,14129309,139586,23910,14142541,139586
4eb90aa5c2f90dc7,14716,4805371,139901,14599,4825846,139901
4eba5da9d12573e1,15574,5691753,101329,15498,5709560,101329
4ee19e4095409ff6,99843,89907850,132732,99763,89952928,132732
4ef77e6a243dd23b,118961,109050269,139098,118851,109073514,139098
4f0b160e06c10fa2,46468,36566372,143222,46351,36577841,143222
4f356acac33c4475,10619,728210,137046,10489,738538,137046
4f5dd61e6c393505,66074,56188801,137574,65952,56199203,137574
4f68ad042dee1520,114289,104387319,138045,114161,104398448,138045
4f7521326de9892b,57713,47792313,129454,57630,47821811,129454
4f8942c580350a86,109010,99127242,100539,,,
4fe0659137012a27,42351,32424415,132549,42265,32460651,132549
5009a4457f87f849,24852,14945312,139367,24729,14961038,139367
502b253032421745,38090,28186138,142822,37970,28200204,142822
502f8e95911d7d59,31763,21869811,165268,31641,21881396,165268
5033f476b98407ae,100889,90985210,131932,100765,90997773,131932
5035f9efa7342224,24383,14489936,138962,24252,14499494,138962
508456a53d5a552c,30430,20525445,139081,30308,20539193,139081
5090f5751073b2f5,38188,28285694,140589,38067,28298165,140589
509c9598bd0d405a,10012,83369,128225,9939,121438,128225
50b9ef5f7bbef90a,71206,61285632,137472,71114,61316173,137472
50ba5a9bf96c3624,30092,20188110,142789,29962,20201976,142789
50d1502cff9d4793,14210,4284712,136103,14095,4319733,136103
50e28b87b4e4576c,27513,17624169,132174,27387,17634896,132174
50f62c05ca382e75,26306,16408856,139557,26175,16418426,139557
50f7e740b981d410,39192,29288736,143293,39048,29302679,143293
510835eeab31de4a,22568,12665389,140326,22444,12678100,140326
510ada34dbe6efc3,118838,108925947,135775,118734,108950738,135775
5131ba8d5c724660,76319,66429010,137560,76190,66438388,137560
51459b3b225f0b7a,60363,50459120,154252,60241,50474040,154252
515328e928a02bf8,93502,83625217,132584,93378,83635480,132584
516d5b5ae9c2f50d,25324,15403927,131002,25225,15433013,131002
518bebb502cb2665,83212,73308970,130513,83070,73322701,130513
51ce1ed3fc1fbaf6,27335,17424221,132394,27226,17444340,132394
52153e107c568432,101077,91187022,142573,100946,91197864,142573
5234edae26fd587b,85752,75866722,141546,,,
523bbb552ed70d62,54017,44104018,128070,53924,44126111,128070
5247d6b0a959bf9f,60461,50551858,138444,60338,50570169,138444
52577fd6f5bd3c2c,51491,41585859,138993,51370,41600522,138993
526cd1e9151aef0e,87736,77845249,133505,87604,77855236,133505
527154dfb1a2bcd2,57810,47883956,129210,57726,47919587,129210
52a73e0d7358d950,11975,2042409,127551,11902,2083786,127551
52dddb7ae598d6ae,10894,991017,135858,10772,1003714,135858
52ef79a31e5a3f9c,102435,92549340,136792,102312,92559036,136792
5332a94b8de5f083,17137,7245841,130126,17010,7254999,130126
5333cc1917ae1cd3,56610,46705545,137225,56487,46718607,137225
5360da71a3a3b669,26120,16224478,132612,25995,16234601,132612
539fe1fef6d307be,119796,109905727,134338,119668,109919883,134338
53ae8fabc1a2f611,41874,31964511,131779,41750,31983183,131779
53b14f9bdc0ab687,102657,92749053,153469,102535,92766694,153469
53bf6c90a03743ba,95641,85745395,132685,95520,85755189,132685
53c30553adedea0b,36832,26844261,131812,36752,26940727,131812
53cf31d0b0605309,116199,106309783,138808,116072,106320022,138808
53d7dcac28d4a5ca,89475,79570376,142376,89350,79584654,142376
53dce2f388bc77e3,67880,57985823,138354,67751,57995428,138354
53fc20a5c9e67dfc,59167,49284069,129190,59048,49294534,129190
5407b8f516354aab,96296,86390086,137970,96185,86406611,137970
540fabedcce21877,103004,93106278,137704,102875,93116431,137704
54126b6c0c794502,58150,48245728,137474,58041,48260335,137474
542095b9eac6ee7a,82416,72580272,410904,,,
542985728956370a,22160,12268961,140317,22028,12279902,140317
545f23ff533bdcbf,66644,56746217,138594,66508,56755871,138594
548b77356e3e8650,84588,74647239,132491,84467,74703444,132491
5498cd26dbbfbdfb,77743,67835391,153960,77621,67853928,153960
549a5353fc612886,63264,53410114,335463,63176,53436634,335503
54aea82a96d16c97,24194,14287063,134733,24069,14303156,134733
54bb06d2de4df25f,106344,96426471,130295,106237,96493038,130295
54c96c96ceb3e5fe,41842,31926938,132759,41718,31951022,132759
54cb70418828c4bc,18934,9043748,129707,18801,9053561,129707
54ccfe3e330afbe4,70102,60205860,138627,69976,60216271,138627
54ea03f549c0f567,114626,104752953,103671,114533,104761381,103671
54f9b438b30cfebf,11680,1767462,135301,11558,1789278,135301
54fdc0e2db49f7ba,65055,55156920,137493,64932,55167338,137493
55078514f6f70d59,86825,76905321,133824,86740,76936045,133824
550e3fc5328c5048,84979,75067427,120096,84840,75091836,120096
551a2a483d69d7b0,117137,107226707,139684,117024,107246072,139684
552b739ef15ad3c2,98404,88505320,132974,98277,88514818,132974
55358e6728bc3e35,90164,80265119,133337,90040,80275084,133337
553964b823026a87,71903,62005585,137148,71781,62016042,137148
55407cf8bc0d789b,65591,55669005,137811,65489,55700135,137811
555b1c81c0d03406,87142,77265275,133886,87019,77278156,133886
5565ffc1f15b8ddb,40735,30824708,133470,40630,30843475,133470
556a76183c7afbd4,76503,66588753,136634,76381,66612094,136634
556caa9e5f6a19bc,44592,34666644,131813,44490,34700898,131813
557093b34cd31615,15491,5585113,137577,15368,5600139,137577
5579967be240cd13,33091,23164429,133111,33001,23200788,133111
5582b7dda84f0d63,87488,77585085,132509,87365,77596725,132509
55861fd32e46be83,91304,81406008,138053,91179,81416659,138053
5594e2f20fdc0ffc,29621,19744003,131200,29497,19753991,131200
55b32bd180f086a5,110675,100766772,137443,110554,100784703,137443
55c10afefd0eb6e1,95826,85914092,117477,95738,85933797,117477
55d60f5b2a8a0c48,17478,7633006,356547,17401,7661613,356587
561d4c9afc761005,110181,100286372,138528,110056,100297825,138528
561fbb0b7487e567,99745,89832784,117992,99667,89853481,117992
562fb78b9aaf662b,114879,104946922,129520,114782,104987910,129520
566dfe6d898d4436,93751,83846445,140565,93628,83861055,140565
56751b20c889f28c,29291,19384165,131996,29184,19399921,131996
567f92f434bad898,109253,99326722,129613,109167,99393847,129613
568dbb7f95456357,114534,104657699,137561,114410,104667729,137561
56a0c023da538635,59817,49829368,137353,59754,49926806,137353
56b85a3068f23b08,28570,18664328,133418,28448,18678780,133418
56c22210b255c566,87675,77784821,131150,87546,77794803,131150
56e54caadd2f19b1,53230,43345924,139590,53105,43356634,139590
56e8bed9cc657e1e,117843,107950558,138125,117716,107960690,138125
56ecbef16300e249,60776,50883831,127017,60645,50893052,127017
56fb0b9b1ec732d4,69943,60045803,138642,69822,60056127,138642
57103852fc0ad754,67422,57504509,130528,67326,57531111,130528
575023368427387a,113599,103706448,139470,113472,103716967,139470
578f6bf68492174f,106773,96887013,137420,106640,96898020,137420
57a65b6310444068,116927,107006391,137297,116835,107037003,137297
57fe0fe8cf366b76,57056,47165514,137863,56924,47176291,137863
58069819d74963c3,49991,40046633,131584,49912,40100162,131584
5814ce878a94946c,24226,14324784,134434,24100,14335008,134434
58215eef0ddabaea,32114,22225812,140411,31986,22236711,140411
58252b5fe4688fdc,82126,72245594,133363,82000,72259538,133363
58398979ee6682f8,73642,63765827,138767,73519,63776311,138767
583bee0a38b3025e,66736,56845797,137411,66603,56855278,137411
5846e367d66b3054,112857,102949739,137955,112734,102967062,137955
58471acbe9410321,100390,90507069,142594,100262,90518204,142594
585a2ecfd3bbaff2,102082,92165138,130939,101985,92191394,130939
5873547376549dd9,99208,89327071,143955,99084,89338409,143955
58886e26ed81c56d,96327,86426450,140544,96212,86437302,140544
588faf0ff77f88a3,56931,47032000,136584,56804,47041506,136584
58a95194d6f3bdce,36511,26556239,99792,36496,26618193,99792
58c055a7dda5bda0,57147,47264042,129727,57017,47273895,129727
58cabb5a5422a779,49698,39789620,141484,49575,39808616,141484
58d5acac2bf39d62,76437,66529157,137474,76315,66546203,137474
58d79343ca914cfd,33788,23885794,140789,33666,23897374,140789
58e505d4358a0210,64839,54948710,137067,64712,54958297,137067
59082f456e02af55,65893,56005815,139212,65767,56016738,139212
59104b1302c39958,54848,44945433,137399,54723,44957649,137399
592992e08a390cbf,62671,52769110,138800,62539,52780245,138800
592baa0a7bd720bf,50149,40224855,133050,50061,40259461,133050
593164f24b409c0f,22599,12696519,141111,22475,12708704,141111
5935f40031264b35,109591,99689364,137519,109481,99707381,137519
593f3b6348092d7e,75474,65585853,137606,75345,65596043,137606
594836cce6b95896,71838,61932229,157330,71717,61949211,157330
5982e91adc356376,12318,2388334,138235,12222,2428306,138235
59a09efb51fb1823,56191,46285596,138032,56081,46300622,138032
59a886ee6cb69846,47119,37224723,132758,46993,37234847,132758
59c1f94d8a7a7ebe,74957,65025794,128225,74868,65066299,128225
59d9f8f5abf89f82,104304,94409565,136897,104188,94422391,136897
59ddb73eeee1e859,11518,1608437,136586,11396,1627535,136586
59e43139af68e664,115889,105986501,138753,115758,105999166,138753
5a026f48b1598318,96504,86626733,140813,96379,86636507,140813
5a0f3827b15c74a2,29073,19146441,132079,28981,19182210,132079
5a2bef9533c4bb7e,73859,63949019,138716,73738,63969466,138716
5a4cfc2660160063,47999,38064307,131138,47916,38108091,131138
5a696b4374237096,98196,88285133,132274,98092,88305093,132274
5a75cc8301e8c83d,32176,22285617,140208,32046,22297091,140208
5a797868f7bcd3b2,26428,16545476,139847,26301,16555263,139847
5a80f4bdc6812d3d,86285,76439073,387905,,,
5a8f3726def56d94,50562,40668573,143648,50428,40678249,143648
5a90d2556c7fda82,30909,20984207,132327,30823,21017826,132327
5a9165aed87c9946,114471,104586267,137762,114342,104596466,137762
5a9e79da6fc2c484,100631,90726588,140412,100510,90740727,140412
5aa3195aa203a5ab,14110,4147753,136340,14022,4219831,136340
5aa9a0d5a5df439f,86188,76284814,131734,86067,76302458,131734
5ad27010d50b0d4c,57086,47192092,157358,56953,47203552,157358
5adccf4363fc3f31,117555,107653324,158993,117433,107666959,158993
5adeb423ff07ef88,43207,33305687,139781,43085,33316487,139781
5b30828af15336eb,72623,62708939,136469,72502,62732164,136469
5b3137ef9fdbdb01,25443,15526442,131867,25333,15552408,131867
5b6710703b9d9fb3,69565,59685587,137172,69441,59696519,137172
5b6e1d2458b285b0,104422,94546100,137343,104303,94563073,137343
5b97813e53db2414,97568,87667196,144153,97447,87678595,144153
5baae7d5e8a518d0,56993,47105593,137623,56864,47116293,137623
5baef37c071a9a86,60557,50649017,138635,60433,50666518,138635
5bb3e68710f3b3ca,80448,70545945,138139,80326,70557284,138139
5bb5ecf9e6c0aaec,68316,58408957,137054,68192,58425032,137054
5bbf237f4c845b94,18136,8227154,128088,18020,8244719,128088
5bda0085dd97814a,49264,39368537,131425,49132,39377696,131425
5bddc11069b2b823,37848,27964561,132058,37717,27974263,132058
5bfbd2af407ce1d4,92692,82806301,139767,92559,82816219,139767
5bfcf37c7dd90c58,31860,21965691,139530,31738,21975931,139530
5c0a36d3d9b6d48f,30495,20585596,139007,30372,20604120,139007
5c201b8657aff9fe,41777,31866928,133452,41653,31886268,133452
5c20cad4b1a63356,11213,1308270,138449,11085,1322960,138449
5c3d0a9dd6230ad4,98432,88545332,133237,98303,88556528,133237
5c4eefab223531e7,73079,63146005,139869,73001,63188097,139869
5c76014d29e3ff1f,58000,48068983,138608,57906,48109729,138608
5ca5136ffa291aa7,70382,60505587,137681,70259,60516019,137681
5cb27554c0a9d02a,80200,70308643,135814,80072,70319110,135814
5cc8dda41c2d24a1,46288,36367862,132630,46188,36399101,132630
5ce5c70888cbd4a3,72160,62265669,137355,72030,62276319,137355
5cea040b79913fc4,104217,94309231,136937,104117,94349722,136937
5ced1790f6a859cf,63520,53586179,140522,63434,53629627,140522
5d09a78b40a99fb1,115825,105928270,137356,115697,105938251,137356
5d10efc4579a6ed6,41505,31606142,139627,41376,31616215,139627
5d3ac9d4a7f4a8bd,29773,19868435,142431,29650,19883015,142431
5d3bd540a537dcf5,41443,31545512,138970,41316,31555668,138970
5d5f6fbb52057b05,35374,25485950,140350,35250,25496852,140350
5d64234ad51ceeda,80576,70669179,137309,80452,70684803,137309
5d6760f55395e43d,20447,10545091,137423,20331,10555722,137423
5d73a04fed0e4b8f,50358,40444472,132513,50248,40467477,132513
5db0d65ef60055df,50329,40406731,131809,50223,40437944,131809
5dc73d9235f6f132,113570,103677470,137404,113445,103688383,137404
5dd6245143621c6e,42254,32332014,132325,42169,32363470,132325
5de4276006801e08,77433,67545522,136449,77304,67556388,136449
5e223fc58767d303,83524,73606530,140917,83421,73639304,140917
5e3c940661c0405b,78216,68325541,135784,78079,68335626,135784
5e4a9a956abe6ea2,42809,32907039,133263,42686,32918105,133263
5e4fd8ce710094cd,93128,83225065,132140,93002,83236663,132140
5e5dd3343f13745c,63488,53546268,129921,63403,53597476,129921
5e79d902d286f736,77257,67345867,137444,77147,67366514,137444
5e8060c8a3b7affa,14034,4046354,139213,13970,4143488,139213
5f0caba989adacac,72254,62366009,139099,72120,62375817,139099
5f0e63384d022bb2,10326,404858,137175,10233,435024,137175
5f1f616fcecad874,47088,37184689,133076,46963,37197754,133076
5f3b6e16927b319c,118304,108406325,137937,118181,108416589,137937
5f3c862dc9316f1b,16002,6083515,127822,15906,6110921,127822
5f3ce72e187d9778,119352,109447066,142105,119235,109465113,142105
5f4e73a751aa71a0,60124,50225778,138102,59990,50236880,138102
5f507cf2af2808e1,11336,1444906,136802,11202,1454884,136802
5f58f41a2a59cc1f,64594,54689340,139239,64466,54702582,139239
5fd4b229a1b0ac1e,104543,94646078,137548,104428,94658779,137548
5fe48ba42b258f2f,103283,93407493,144726,103161,93419100,144726
5fe774f5e7137b80,60330,50428404,155036,60208,50440429,155036
5ff8623eb1b50b31,18780,8884975,137441,18653,8894527,137441
601aef5ed66b49e4,114684,104782283,115601,114591,104792737,115601
601c28e74b8b3d71,18251,8365898,143031,18121,8376560,143031
60341769e3617466,65953,56065581,137517,65821,56076251,137517
604cad35dc11fd19,106119,96213074,174749,106015,96270657,174749
6061ab9d2555335f,118530,108647543,102473,118432,108662066,102473
60caf0fac078be16,66862,56985954,138050,66739,56996976,138050
60e7919b840af3b7,108476,98584677,128600,108346,98594972,128600
60f994a9dc09dc91,118869,108949222,137881,118765,108983252,137881
61063913fc761155,17872,7925117,128750,17788,7980896,128750
610658e9c8bf8c98,43273,33366875,132949,43150,33381834,132949
610a510a14139186,83295,73417253,158610,83182,73434216,158610
6111e8c39dcbd55a,37104,27205582,140175,36965,27216064,140175
6119a2673f553771,13830,3873640,112970,13816,3937959,112970
6120c693adf70380,89633,79745290,132248,89504,79754741,132248
613c8b46a98050fc,20982,11105209,137326,20858,11115346,137326
614a0e9daccf94c1,115297,105406024,136823,115168,105416002,136823
61529474418be5a9,63456,53524356,130223,63371,53564881,130223
6199250a22ef64e8,81175,71266726,140371,81072,71284809,140371
61a377166440b13a,43992,34086203,141908,43870,34102208,141908
61ad16fb0d0a6a29,22755,12865828,141824,22625,12876847,141824
61de94ee2cedb68c,51902,41984742,132107,51810,42011824,132107
620c9bc138b7da78,100124,90205263,133053,100028,90233392,133053
62206e58dc7d2af7,64340,54434497,154751,64219,54450306,154751
6231ea477e5a20d9,45698,35808298,140769,45571,35819108,140769
6273e9d16272e433,110275,100386629,137979,110147,100397505,137979
62edfdc7a823e509,11647,1744572,135689,11525,1756182,135689
63086f7d740bb0c8,14085,4124715,136303,14006,4194453,136303
6343e9c29675430a,96625,86745245,131976,96503,86754365,131976
6349077eea5984fb,71387,61485554,136067,71278,61497062,136067
63566d988cdcbf89,72720,62808829,137674,72599,62829483,137674
6387028b6b6224f7,31037,21106929,132316,30948,21146023,132316
6388c421b9bd247e,55564,45665395,137251,55442,45675428,137251
638ddd15e6856aed,64060,54168926,137388,63926,54178589,137388
638ea69b0c27c584,75751,65848876,156002,75627,65861357,156002
63dd3c9b499314eb,40853,30964462,131326,40733,30974366,131326
63e6b17a9cf8e94e,25896,15993273,162765,25775,16007197,162765
63e787ec544da2b6,114410,104526280,138168,114279,104536956,138168
63e974db548a5d02,111610,101710827,145732,111485,101721653,145732
640b63c6bd4cce78,109680,99789493,137974,109562,99801989,137974
6413e57538789db3,26872,16990373,106778,26779,17008913,106778
64353a0e37eb30e7,13979,3983450,126365,13931,4088034,126365
643838b65b52c625,75880,65986182,138898,75754,65996851,138898
643cfb04a0d8c1ca,17261,7383534,129112,17136,7393419,129112
644582f65d556bf6,74548,64645880,137512,74425,64656970,137512
64549f5ebfdcd09b,34503,24605574,138983,34382,24615434,138983
645a79ed19e17cd3,75534,65649588,138958,75411,65659889,138958
64611941db2ce3d3,23651,13745306,139292,23533,13761243,139292
64789ff7172244c6,41285,31385912,141237,41162,31395893,141237
6483bb971ada11c1,46557,36664097,130616,46430,36673366,130616
64881179d0e102ef,18021,8105445,140344,17921,8131081,140344
64bc6e9e2972ccb5,59228,49342385,141463,59109,49353304,141463
64cbbc0363993aa9,39911,30007179,132894,39786,30020354,132894
650aea9255917532,99616,89710029,139051,99492,89724992,139051
6520035c2bae8408,52306,42404615,132740,52189,42414752,132740
65336a4d9c281b83,90576,80649847,139879,90483,80684989,139879
65341bdcf7ed710d,73496,63588907,138254,73373,63605100,138254
654adf1b65ee563a,102559,92649826,138051,102438,92668227,138051
6560b508c7ee037c,28879,18968450,122072,28790,18987551,122072
6568fcc5d1d507a8,14997,5105283,139922,14871,5115410,139922
6571a407a30948d0,93000,83088711,131558,92876,83109069,131558
65855653defacf15,104011,94084666,129048,,,
658820f293489041,79951,70049059,138357,79825,70060857,138357
6595ea8d79d0d01c,91967,82065243,118623,91920,82075055,118623
65a73350d06405bf,113394,103469449,137313,113288,103503153,137313
65c17a3f8897bcc8,117936,108045868,135678,117806,108055433,135678
65ceb7182067d75d,101655,91769881,83551,101577,91792287,83551
65f20e5f8f96e3e5,10829,924710,136684,10708,939036,136684
65f3f65f57577487,109317,99406349,138554,109230,99485832,138554
65f5291884adec81,77553,67668944,137860,77432,67679355,137860
66199e6ee119c0dd,24756,14845614,140022,24633,14864870,140022
661c5fa3a3db256c,89249,79346136,138516,89127,79358976,138516
662b079ad4d99b57,79451,69565834,137442,79319,69576481,137442
6646f491f02a76df,112449,102569476,155728,112323,102580194,155728
6650eac9fde405db,91743,81865169,131449,91618,81875133,131449
66538068a59dd584,102230,92326905,142653,102116,92339985,142653
665e9ab3c59a4fb3,49234,39346299,141640,49099,39357017,141640
668787922f5c9c45,76470,66565711,137559,76348,66579301,137559
66957d58bd79828a,69139,59224391,129206,69025,59248380,129206
66995dba51c8dcd7,44215,34292085,132244,44133,34324846,132244
669b90c77ca873f2,32330,22444245,131878,32201,22453323,131878
66a2bdb11357b54f,27148,17224593,132375,27051,17258516,132375
66c82b385d6523a6,116138,106246427,138100,116004,106256655,138100
66d77da4445dca4e,51935,42007207,132539,51842,42044252,132539
66ec4d53c773285b,93590,83685023,130750,93467,83698884,130750
6715af8f1b7cf2f1,43895,33986286,140651,43774,34004535,140651
671871179250fb3c,57842,47905728,128806,57756,47951456,128806
671f95b1c5e2fc2c,102912,93006122,137096,102786,93021558,137096
67263138a5ed4fdf,34985,25046633,132470,34902,25094780,132470
673b9d66154e9fd4,68219,58312422,137259,68097,58329685,137259
67544bab33de593f,26517,16609015,139122,26396,16626245,139122
6757c59ba0a4c0b2,81783,71886384,141409,81658,71896777,141409
67590659174ffc96,41057,31149157,139128,40936,31166358,139128
6789b201958c0c87,52699,42789193,139026,52577,42808702,139026
67943b7a68d19353,105907,96005963,136151,105786,96041817,136151
679f2ba4042d85a5,102817,92917747,138422,102694,92927899,138422
67b90c24094898fb,101319,91410531,140763,101199,91429220,140763
67c2b2375bba2871,112889,103031251,333092,112798,103057977,333132
67e7867b7652df68,28763,18864099,131959,28639,18873110,131959
67e8c939faa776b3,103613,93729632,98052,103545,93770793,98052
67f68ddbdb29287f,81816,71910065,140145,81690,71925426,140145
680be34a8602c9c6,117716,107809809,138999,117592,107825284,138999
681025142a84753e,89347,79446654,142141,89224,79457678,142141
68132163c69bbac6,21771,11844359,132576,21677,11880580,132576
682c89aa8b0c82aa,78369,68485635,136660,78244,68495449,136660
68306b88c91a1501,109650,99766219,136922,109536,99791933,136922
686b0dbbb88a39f6,21070,11165062,137618,20948,11178810,137618
686c85250282a21b,109348,99429556,137680,,,
687b6e7201b4cfe0,111052,101131569,129319,110961,101161301,129319
68842fcd96262d44,44709,34805540,139073,44594,34818989,139073
688ff25eadeedb18,31641,21765381,139651,31518,21775678,139651
689e5ca1cd4fd623,109221,99304769,129286,109137,99392990,129286
68a9e9794fcac8ab,19471,9588426,98781,19380,9605224,98781
68b3c73f33c2b0fb,64902,55025645,137747,64778,55035295,137747
68c0c7f97b295700,115240,105329717,138008,115116,105349388,138008
6904274d1eb0cebc,51556,41649718,141108,51434,41666013,141108
690c9b39cf0f6369,94173,84245192,132183,94091,84283851,132183
6940a0555ea3bc3a,116480,106569644,137434,116359,106590193,137434
69425742e0b3ee46,96594,86707516,132652,96472,86716943,132652
6953556d71b21178,40675,30764433,132804,40578,30784573,132804
697f334d3296cf43,85124,75245137,132527,85000,75258678,132527
6982f74848ab7a01,46862,36949369,139590,46740,36971503,139590
69a6eea34ae724ef,92097,82145715,118176,92046,82205432,118176
69ced118f277e008,86091,76186925,143737,85970,76205732,143737
69d101575f897856,99147,89266932,141515,99021,89278079,141515
69d717dc99b8a16e,17715,7766096,130867,17640,7823378,130867
69e463051b326ffa,43648,33765828,140770,43519,33776443,140770
6a11f6fca6b2f6ff,108663,98786296,138461,,,
6a19e6ae04a9c49c,15973,6043939,130360,15880,6082003,130360
6a39f51e0c20b42a,29997,20104353,132342,29871,20114213,132342
6a4ff07359135ee2,28234,18345679,139886,28103,18355921,139886
6a612263b8802ce3,34382,24505527,139943,34258,24516129,139943
6a79b758f8d7e305,46350,36427123,132751,46244,36459999,132751
6a8cad91729dac3d,71592,61705895,138142,71461,61716541,138142
6a8d8716454b4866,18966,9083822,129079,18836,9093517,129079
6a90a4c0a6375bb2,27395,17486714,131236,27280,17504219,131236
6a9c6439b2f22396,92367,82410318,142327,92284,82476523,142327
6a9ced0d2049809b,31006,21084599,132655,30918,21114591,132655
6aa730fc92004065,110868,100966859,141173,110744,100977570,141173
6aaf419efa6c7dbb,25263,15344216,131923,25168,15371572,131923
6ac08025158ff0cc,74515,64605873,137206,74393,64624081,137206
6ace4767e9bcb2bf,18873,8985151,138377,18742,8995603,138377
6ae843fed45b4091,89787,79906885,143576,89660,79917623,143576
6aebfdeffd482ab3,17229,7346444,142518,17102,7356450,142518
6aed9105e0f16149,12039,2102967,126504,11965,2148421,126504
6b620b06c1f2001e,112825,102926474,138277,112702,102936546,138277
6b65a464159604b1,80076,70185676,137040,79945,70195681,137040
6b693f2d8d949409,83900,74005048,131581,83783,74017071,131581
6ba29c2ab2b74d65,23436,13484116,131905,23360,13544829,131905
6bace11bb5574980,13922,3933831,127677,13888,4030490,127677
6bc71bab46d18dae,87392,77487347,145309,87271,77502990,145309
6c046cb8ea8b8bf4,65804,55905609,137475,65686,55917408,137475
6c05bf554a0bfc02,118678,108764982,129086,118579,108791210,129086
6c0c22a3f4ff8ff1,53711,43828721,100040,53624,43845889,100040
6c12a7bf82e4f103,81057,71126630,139214,80967,71166217,139214
6c18695c1e558e42,105881,95969433,137494,,,
6c253d7dbbf5c632,40427,30504162,131155,40350,30535105,131155
6c36a6646cb295c0,76008,66105891,138063,75878,66117509,138063
6c552301fdf2b32b,67762,57866094,139435,67644,57876587,139435
6c5dfd9c67ab48d8,23598,13669460,140273,23490,13707560,140273
6c6bd31ce97bd5fc,65432,55509211,138664,65336,55541482,138664
6c7960c0d2078e55,35808,25904244,132421,35684,25916936,132421
6c88e46266732fff,93887,83974888,119216,93817,83995943,119216
6c909c70d547e8b0,58415,48529201,139402,58291,48538950,139402
6c9cd799585e1cc9,34135,24245898,141338,34004,24256526,141338
6cb00e315b459d93,47966,38034707,131142,47884,38075064,131142
6cd58b2893893c4b,21482,11573704,133791,21398,11591514,133791
6cea18c0b08b23b6,67325,57404234,129495,67230,57434011,129495
6cfa7c4ede2b1160,33183,23264331,133264,33084,23292313,133264
6d013471b0f9c1a7,78621,68708556,135745,78499,68729586,135745
6d02a8ac87040456,10648,764920,137459,10518,775843,137459
6d0417bdcd61fa96,90903,81005922,131728,90777,81015386,131728
6d0aba9977176c5b,116383,106469704,137347,116262,106493006,137347
6d1de6b308c7780a,65216,55349890,334890,65116,55376701,334930
6d28a78403512862,112264,102366385,137902,112135,102377472,137902
6d44f45b7c3178bd,88975,79085060,132767,88847,79094290,132767
6d61546d3de6e29d,66142,56265806,138966,66020,56277163,138966
6d64bc3e56dde84f,68948,59050220,127573,68838,59059505,127573
6d7e52139610ab08,42035,32129402,139777,41910,32144619,139777
6d859aedf3262652,93952,84015469,119367,93881,84061049,119367
6daceb4103701eda,111181,101264754,128220,111088,101290024,128220
6dbfa25e0a1b272e,64436,54528851,138324,64313,54545455,138324
6de45e59ffae92d3,12007,2064106,128052,11933,2116017,128052
6debbf7299230e5b,61625,51686154,129619,61539,51734171,129619
6df47c26eeba3e5e,12376,2464948,136384,12273,2486396,136384
6dfd727d69a1aef3,106313,96404456,128284,,,
6e00d57bf4563e20,51217,41324708,133468,51084,41335031,133468
6e01196541bcce46,74677,64769493,138505,74552,64786315,138505
6e13bbd4512eddf5,37635,27724523,133233,37513,27743855,133233
6e2383feb437b0ee,89570,79667584,131847,89443,79679227,131847
6e29e64f489dc3f0,119980,110088004,133457,,,
6e2bb317af544d08,81973,72067118,131216,81843,72083550,131216
6e302c2e48f5ae3c,97601,87690866,140059,97479,87711046,140059
6e3037707cbd6af7,54202,44288802,137478,54094,44311889,137478
6e353fb815bd98fd,61593,51664209,129260,61509,51702095,129260
6e43386002da1b7e,107762,97866856,138475,,,
6e706919519612ae,51752,41873371,126091,51660,41890167,126091
6e7692305601bf9c,104129,94209573,136503,104040,94272017,136503
6e82da83c1a5f3f5,52796,42889920,142413,52673,42905313,142413
6ec9c14f52cc35bc,77105,67185525,136641,77010,67214477,136641
6ecc24e48123124d,19586,9663579,129580,19494,9694176,129580
6ece323420a3dbe4,39161,29264450,132593,39017,29274334,132593
6ed401f48395696f,97257,87366960,142586,97123,87377587,142586
6f13b6ed30bda04d,42384,32446924,132986,42297,32494347,132986
6f257592f132f40b,62918,53025998,129518,62790,53035473,129518
6f3a339356bb9c29,10045,104840,127242,9971,153414,127242
6f4473e1154ace7c,74362,64486060,138219,74238,64495591,138219
6f4fa18eb8cc762a,71653,61769222,137604,71532,61779569,137604
6f63844f7718ca7f,16860,6964103,131204,16731,6973843,131204
6f66bf6e1979411c,103127,93246407,138642,102999,93256657,138642
6f833dbc2d2bbe21,53016,43125803,140029,52886,43136116,140029
6fe03d2039aff352,82034,72144819,131637,81902,72158770,131637
6fe954c8705175fd,27424,17524464,133510,27307,17535093,133510
6fff1b8c3daa92bd,79542,69665811,137784,79419,69676001,137784
700061632ca0c131,110148,100246542,137652,110025,100257801,137652
7037ef4877307dc5,77286,67385773,137905,77173,67396712,137905
704e3732ed6d5d84,111019,101109682,130609,110929,101127935,130609
704e6e24daa5eb78,25168,15244055,131457,25079,15277576,131457
706c3fba1c207bcc,99907,89967291,130674,99825,90016966,130674
707595e06df02018,48916,39009887,139794,48792,39025168,139794
707fe44faf419d50,32052,22149169,139394,31926,22161429,139394
709f81c2701aa83d,57396,47485825,137477,57275,47505402,137477
70d9bb83a77ee296,91462,81564874,131948,91334,81575043,131948
70dc547dd1682347,26152,16246967,132894,26026,16261365,132894
70ff750dd6839117,56221,46308726,137090,56108,46330325,137090
710ee287fd8b177d,40362,30426741,132334,40288,30471090,132334
7116bf586044c649,41688,31805719,139790,41563,31816268,139790
712735a4cbd056d5,47805,37952267,346670,47718,37978619,346710
7137bfade7a0c63b,94989,85087130,144098,94866,85098554,144098
71481ff026771a34,99519,89626575,139794,99397,89637578,139794
7192a367e7287708,109124,99204499,127847,109041,99243026,127847
71ba8908c22c274d,113842,103933212,137641,113724,103951547,137641
71c68ed1ddf11c1d,16442,6563719,129900,16320,6573554,129900
7201ad74cb483897,10991,1084732,137164,10869,1100608,137164
7206453fb0f942f9,21199,11288556,138841,21076,11308582,138841
7248c1d03250ec5f,50872,40965843,140151,50750,40981570,140151
72517524b7c46927,14235,4307639,135866,14114,4344848,135866
72639ad57b762773,107648,97729498,138135,107541,97764683,138135
726c2a996539901a,44407,34484800,132638,44320,34516694,132638
727b343865c9cb7d,27633,17748495,142647,27509,17758816,142647
728dcd6f17ec3631,24820,14909041,140393,24697,14930436,140393
728f918c6bc95ac5,78973,69045476,135451,78888,69081998,135451
7293268daec1483e,22408,12509703,164923,22287,12522341,164923
729a5a6b7d480218,32449,22544243,132255,32325,22558215,132255
72a0843e2499bc55,68379,58485964,138661,68254,58495964,138661
72a7d0d79719ff6b,9899,15751,95257,9827,37570,95257
72add36245c0b2a8,84744,74807371,132785,84616,74857917,132785
72b351b38f9bee6a,35139,25224456,132207,35043,25248569,132207
72b5aeba38212f26,10265,344940,137090,10179,374857,137090
72c7af06c534fd15,18559,8648356,137321,18436,8668301,137321
72ebca13e7c1293e,51247,41364959,133767,51117,41374591,133767
72f7bc70c96a678d,37969,28084436,132402,37839,28094356,132402
72fd84d9d5c8c917,104071,94148116,126330,,,
730bbdd5d12f6d44,111818,101917514,137846,111696,101927722,137846
733403a67f1e1ee9,41122,31225919,139990,41000,31236482,139990
73445d0949680b4d,60683,50784078,128721,60556,50794365,128721
735e686808a5ccf7,59581,49651505,111660,59562,49689623,111660
7365265f469db009,83931,74027265,131687,83811,74041574,131687
7371be6a56a6d56f,24925,15042805,104456,24839,15061348,104456
737d8d2ae231fb8a,82924,72946574,130482,82822,73039201,130482
73a5dd529b935dc8,96943,87045361,133599,96815,87055391,133599
73db7ed8b6346599,114441,104549376,136822,114312,104559442,136822
73e4b8c7d70e3223,67210,57327519,99677,67116,57345603,99677
73ea79833acd7535,62448,52545488,137668,62323,52557071,137668
73ff7b11f900bd59,112418,102530145,138787,112292,102539661,138787
740cc8f735fb79aa,58570,48665342,136860,58449,48679238,136860
7448bf8c828b4941,40035,30145603,139051,39905,30156049,139051
74552ede71e133b5,55754,45832276,128766,55670,45863094,128766
749b913acbc88428,51838,41918031,132246,51746,41946918,132246
74a5494974dfcc7e,97786,87874366,120583,97701,87894296,120583
74a7787b9a196e2e,20230,10345613,138415,20116,10355994,138415
74bd11ed5de578b4,67113,57205609,137768,66991,57222253,137768
74cae79d6afbfefc,79919,70025648,136883,79794,70036180,136883
74cca4fb4c94529b,22631,12725945,139755,22505,12741098,139755
74d3fcefa0ea52aa,12548,2648298,136835,12422,2658564,136835
74d57f62d488c716,18222,8323707,128716,18095,8333245,128716
74dc07906da70c29,92395,82446217,139295,92307,82504538,139295
750061401ab949de,40330,30404369,132267,40256,30439114,132267
7508f1c87698b6dc,111550,101649483,137617,111431,101659750,137617
75094435580f60a9,113363,103446254,137603,113261,103472836,137603
7533d5af85da7abc,90667,80746451,139874,90568,80777208,139874
7535da2ff4a22ad7,96114,86187103,130961,96018,86223633,130961
75420bc3435db207,13861,3892771,113018,13841,3969386,113018
7544b686355ba7c5,23882,14004061,131002,23756,14013654,131002
7556b974f6126436,54471,44585727,138517,54338,44595087,138517
7565af3ceadfc4d4,50474,40568592,132755,50350,40582445,132755
75697a6ab558bf44,29675,19766442,132659,29552,19784741,132659
75705445c8ae3582,86518,76567207,131542,86460,76630925,131542
757909be75015edd,78277,68389206,137764,78152,68399711,137764
7599bb206314daf0,66918,57009173,137468,66797,57027432,137468
75a1ae991780ff11,59107,49225769,138724,58978,49235868,138724
75b6fcc46427b1e7,81205,71288966,131577,81097,71314169,131577
75cb4917e14c3ee4,95512,85605257,133293,95392,85621164,133293
75eb862e802e4133,74051,64157008,137697,73925,64167545,137697
75f9b25d4f452350,62765,52866201,137486,62628,52875579,137486
7618e2c7cdc1ecc6,32869,22936523,132730,32787,22977909,132730
7620a2fc907a2b7d,77074,67149376,136939,76982,67184445,136939
76404e4b1ca6218e,18527,8625093,137726,18404,8637004,137726
76524ea06935b54e,31069,21144360,132474,30979,21178353,132474
765fd9b2f966fe2b,87520,77625662,132924,87396,77635560,132924
7672865208786b05,17841,7903425,128480,17759,7949729,128480
7675a3389b7d8f34,47676,37769382,139916,47554,37786032,139916
767ca7b22b57fe79,74145,64246034,139008,74015,64256940,139008
76989fb2624ee83f,111580,101686253,138106,111458,101696706,138106
76b2294e9834dd51,72918,62997122,128971,72844,63028301,128971
76b47a96e0796c85,22012,12115280,132595,21896,12125226,132595
76b7784fbbc98b3e,59763,49770593,129293,59713,49872161,129293
76bfb5378af72a68,42662,32747378,134505,42555,32770678,134505
76c0b4fc51f1af72,14340,4444926,137454,14202,4454718,137454
76e0a5957cdccaaa,67260,57349596,130502,67166,57369072,130502
76f7790bc5f80521,110305,100409970,137898,110176,100420705,137898
7700da14e0adc8d8,44056,34149056,139261,43933,34165777,139261
770a41f1fe7828b3,86883,76964860,131627,86788,76995857,131627
771076e2cf4d27f4,74827,64914088,113071,74741,64935522,113071
771aecac64b02ac0,65559,55645708,137951,65459,55669000,137951
77228cc03c0f7b0a,87582,77684865,132187,87457,77694551,132187
773473e96653f229,29440,19545692,140401,29319,19556133,140401
775c15e344908155,67293,57371389,128643,67199,57401490,128643
775e5bff99cbff0b,95577,85667207,131818,95456,85686082,131818
77611450efe03adf,57492,47585774,138115,57370,47601959,138115
7776dab35f652afe,59645,49685155,113108,59617,49753119,113108
7792a854fbe9cee7,35016,25085718,131995,34931,25125444,131995
77b64728f06039c5,82003,72104816,131703,81872,72117198,131703
77e79f79e4592e20,27694,17809355,141146,27573,17819996,141146
77ebc845b3d6fd93,109561,99666076,136929,109455,99679513,136929
77f46120c727711f,107501,97567889,128310,107411,97640507,128310
77f6f15b6058e170,61898,51985711,137843,61786,52007608,137843
783141b873932378,64032,54145691,138470,63900,54155876,138470
783eeff009a0eda1,80544,70646000,138550,80422,70655923,138550
7843941f13905f11,98462,88567710,132318,98330,88577236,132318
784d5ff494e8c9bb,116544,106690770,330754,116456,106717311,330794
785d0f241a690001,111370,101449250,136920,111267,101479139,136920
78b1a4546becdade,115761,105849536,137762,115635,105870638,137762
78b523845ab4e9aa,67016,57105850,138605,66895,57125201,138605
78da7636796cfe27,65367,55445852,138598,65272,55477519,138598
78fadde3eccd9b54,28265,18377569,140351,28132,18388173,140351
78fb54d711b3578d,90035,80124956,132645,89913,80144949,132645
78fe53d9a8e46d8e,33243,23324408,133110,33138,23352519,133110
794a077f8d6a9dd2,37078,27169243,139960,36942,27187029,139960
795d8e7f10145863,86002,76126386,139899,,,
796bdd1013658667,16293,6405038,138164,16162,6415636,138164
79769534ad6c9506,32207,22309261,140108,32075,22319889,140108
798f862343e8bdfe,38443,28544283,132244,38346,28554539,132244
7998257f4f6809df,58922,49025388,136903,58795,49035102,136903
79a4def40deb96e5,83054,73124803,131391,82931,73165288,131391
79c528bef7435a11,33153,23224549,131954,33058,23262736,131954
79c8d2973f488f36,33819,23909502,140650,33697,23928909,140650
79c904a1c129f102,103791,93846242,128378,103721,93901636,128378
79d711e0b9ee8e10,76072,66168894,138472,75939,66181200,138472
79d808d9ac50ca20,26275,16385242,138737,26145,16395234,138737
79fbe69885ab8218,118028,108150231,159012,117904,108162228,159012
7a3d358380b9e61c,117253,107349587,138440,117128,107363044,138440
7a52553bf028e89a,24658,14749001,139194,24536,14767279,139194
7a529656c503480c,11305,1408116,137245,11173,1418878,137245
7a6cb9e985cf797e,22100,12206033,142850,21974,12217029,142850
7a992f8637bc1bd5,34438,24529232,139926,34317,24547731,139926
7aa4d90986acd93d,65184,55285518,137562,65060,55296579,137562
7abc406187e2dadb,58482,48605693,136926,58359,48616391,136926
7ae377a1b78e91b9,10532,628177,137766,10412,641095,137766
7afc9d40c015d6d0,22222,12345832,141182,22099,12356831,141182
7b052e12d411ba54,50622,40745937,140863,50499,40755867,140863
7b0efd1e3a985141,97883,87947433,131371,97797,87991704,131371
7b13277f9e528de1,72439,62548400,136910,72310,62558492,136910
7b3537510952655c,54351,44449883,126846,54227,44460059,126846
7b4dbe4007ee7f5c,10172,244655,136364,10093,281930,136364
7b5f5090f11e5cd8,80772,70840409,133809,80699,70881505,133809
7b6e4b1ea5026338,35079,25146526,131808,34989,25187657,131808
7ba3651ff0793aba,49327,39426963,132970,49194,39437030,132970
7bacb1119bd3d981,89314,79418998,143423,89191,79429194,143423
7bf80fd980be738b,85066,75166858,129933,84930,75177559,129933
7c1b72214cf0672c,104737,94829493,137185,104620,94876173,137185
7c24ac1df5b54a69,43462,33565696,139548,43335,33576115,139548
7c29ac88b5c23925,110740,100829747,138177,110618,100849286,138177
7c3e6c81330b311a,91616,81726294,139285,91482,81736861,139285
7c68423ef9a37f62,50775,40869345,139091,50653,40884381,139091
7c69c80d82e7812b,89444,79546315,139960,89320,79556925,139960
7c7096237f3164f7,69444,59548751,137142,69312,59558790,137142
7c7bf4ab52185edd,69535,59657097,137906,69410,59667763,137906
7cbdf1df811c8b4d,20827,10928508,137592,20694,10938121,137592
7ce0672b217199b2,108101,98194732,154709,107984,98216339,154709
7ce1143a2ef9a9a0,57680,47770420,128308,57597,47789123,128308
7cea629b10ca3c62,97319,87429278,142785,97191,87439306,142785
7cf5c578033097c3,18623,8725137,137672,18499,8735134,137672
7d2e9f5d9c855b36,26923,17010488,118682,26830,17031175,118682
7d2ed580a311caff,10235,304972,137594,10151,344980,137594
7d544f87422bf314,13139,3244923,137614,13013,3255176,137614
7d588c4fe4464261,116513,106609766,157601,116391,106624010,157601
7d83cb66fc5b8662,34567,24664165,131147,34446,24676859,131147
7d8bd5652e37d5cd,48158,38225691,133178,48069,38268065,133178
7d9bc0fd2899495e,41971,32065377,137799,41846,32080147,137799
7de46d2d763605f2,89602,79705096,132604,89474,79714395,132604
7dfc63a204dfd904,54880,44985825,137942,54754,44996333,137942
7e2f1e40564046e5,23544,13607013,133063,23446,13653425,133063
7e35d17b2574b99e,92903,83006989,142077,92779,83017467,142077
7e455264bc9fb7f9,64404,54505501,137425,64282,54515193,137425
7e57e2ae21d608f7,28537,18626829,132356,28415,18646098,132356
7ecaa307bc7dcca0,29806,19905607,140653,29682,19916563,140653
7ee2412d38fc7f42,20857,10965354,139343,20723,10975431,139343
7ee7d2719ce3cfa0,61779,51865864,137991,61681,51889548,137991
7ef81f0db34bb7d5,115063,105146488,137714,114956,105172972,137714
7eff1fc6a3ed2212,105990,96106266,138067,105860,96118187,138067
7f00b1dc78fa79cb,56101,46185535,137862,56001,46210445,137862
7f055e0310d79340,53544,43645364,137578,53423,43655369,137578
7f15dcfdc4efd8a7,10960,1048194,137907,10837,1069328,137907
7f348aaccbce86b4,41252,31345439,138397,41130,31361723,138397
7f34bfb3b04f1c18,13107,3204949,136761,12983,3216714,136761
7f3ad2dc477f05f2,60180,50289033,138583,60049,50299516,138583
7f4127e311e2ec3c,115664,105766644,138695,115539,105778258,138695
7f41b9f2aa6f24c3,52732,42829753,162932,52610,42842309,162932
7f49aee926dbea90,85467,75564675,130714,,,
7f70a574b6b39079,71268,61346477,136027,71171,61377229,136027
7f77e0f2ded15a2c,37603,27686773,132246,37482,27712806,132246
7f8206d0e2eafef8,35840,25926831,133493,35716,25949860,133493
7f9832b3cee6c50c,56487,46605586,138053,56360,46615238,138053
7fa89221f01dabcc,44945,35065778,140673,44820,35075541,140673
7fb1780337e990dc,112543,102666499,139645,112419,102676617,139645
7fb6eec2c076bf88,29870,19965458,139532,29746,19979801,139532
7fb985a20c64c099,20764,10868152,136748,20635,10878332,136748
7fcd44ab0f23808d,70350,60466019,138869,70222,60476539,138869
7fd41fc5701172b3,62576,52669102,138981,62447,52684830,138981
7fd7ca1e4a83accb,38689,28801858,117050,38580,28810277,117050
7fde26d84fdcfbd4,70535,60629258,138904,70413,60644093,138904
7fe76acf4233027a,34889,24964339,130939,34810,24998673,130939
8005e41aa971e058,32837,22914045,132030,32756,22946314,132030
8019a0875dc3d367,47244,37345773,139339,47114,37355823,139339
801f825c60a2ba01,71297,61385706,137923,71198,61407500,137923
8031ba39d04b9aab,109501,99589871,138490,109402,99620328,138490
803a791d2ded6d45,52985,43085422,138123,52857,43095391,138123
806fbcc22f0ff812,101139,91246683,140361,101005,91257021,140361
8090abd6db70b468,104510,94606133,136987,104395,94651236,136987
8092f3de82ea3479,61985,52085659,137730,61863,52095762,137730
8098cb27b5684089,42721,32808762,143536,42607,32830120,143536
809a65b5d47bc065,113658,103766959,139628,113525,103777405,139628
809ef0f7fbe7f4d4,32674,22769231,139004,32549,22784202,139004
809f2e5bda739df6,111461,101549361,137645,111351,101570759,137645
80a6adfffea68b4b,40127,30245423,139062,39998,30255199,139062
80a7b16c6130cd24,75146,65225784,137235,75049,65256054,137235
80b3a50fb2e70f07,117620,107709326,138379,117498,107729202,138379
80b912b5a6aa4800,88799,78887671,132887,88691,78908230,132887
80bd6dff80c38120,59136,49259815,156409,59014,49272342,156409
80c8867066c0cfc6,119142,109246821,140784,119018,109258509,140784
80ce93076c607b8c,70319,60429327,139271,70192,60439746,139271
80e3f53b87b9d41f,46797,36889419,139111,46675,36906639,139111
80f6ab50c56a95fe,45971,36047254,120010,45883,36079877,120010
8102e763245ac102,40794,30886870,132438,40681,30902405,132438
81048ae1ae42b884,106408,96505213,130663,106298,96519794,130663
8106c6a9e54be6a1,33029,23104335,131793,32942,23138018,131793
810e673f6106da9a,48762,38885718,140344,48639,38895538,140344
81120f50f9eead87,22913,13102676,351802,22870,13131055,351842
812146a29f4af92d,40459,30526518,132157,40381,30567872,132157
8160505e8136e074,76632,66725901,138250,76509,66740880,138250
816ef28c02378e99,101895,91965202,132410,101812,92004699,132410
818872f8c6da62a5,23464,13506731,133374,23383,13572982,133374
8189565f884d6f05,105497,95493897,127449,105462,95717336,127449
81966a44651b60fc,28171,18269301,139472,28042,18280708,139472
81b78747efcca128,82383,72475637,118127,82347,72496290,118127
81e71c1d219c0993,17963,8025252,128490,17869,8071735,128490
81eaa0401d522f86,98011,88085215,132525,97921,88121199,132525
8201d6ee1353b223,63798,53885810,138585,63691,53907811,138585
82149c0f67294c69,84197,74289163,143902,84078,74334145,143902
821bd4943f236806,32547,22644419,132406,32422,22655061,132406
82575e62c1b89fcd,14554,4645187,139120,14439,4663416,139120
828e4efbd475ad97,20734,10845067,136468,20606,10855181,136468
829b6b288eafc08e,99302,89425472,134476,99179,89436497,134476
829eceaa899f7c08,80869,70927084,131622,80793,70978278,131622
82e206df519974f2,95052,85147621,132686,94927,85161008,132686
82fa45c391b65dd4,99117,89226533,139797,98982,89236851,139797
8304cb07b8a7b287,80996,71065919,138060,80912,71105607,138060
837ee0256eecfc06,65744,55829261,138905,65631,55854072,138905
8394b0cd3b25111d,21863,11944368,133137,21762,11973094,133137
83a45182a4c5a478,78813,68884305,128825,78733,68921434,128825
83b70640191de7e8,16090,6167344,128550,15984,6200032,128550
83c2f96550b0d6d8,42839,32944376,132077,42712,32954324,132077
83dad865574f3475,102503,92626450,138150,102380,92637271,138150
84120fe7d137313a,16235,6345097,137141,16110,6355179,137141
844e0b4039ad011f,118337,108429536,137274,118213,108446614,137274
8465494def7b7d85,80480,70569064,136646,80358,70589596,136646
848ee10491b537d5,62479,52568868,137949,62354,52588907,137949
84aad0a3e7c6a679,76535,66626930,138998,76412,66644270,138998
84df4fcfaa2e16ac,75718,65808734,137699,75595,65827068,137699
85037303cef37c18,21580,11646738,132712,21494,11689155,132712
85382e5c1916aaf3,109441,99530112,138036,109349,99604569,138036
856c5f47c4754bc5,91142,81246286,138417,91019,81256622,138417
856cfc5508091805,95207,85309895,139181,95076,85320037,139181
857b63d988b3dac3,36930,26984597,132495,36823,27039048,132495
858f6ae19e1ca9c4,117371,107486400,138552,117239,107496042,138552
859560b9c28b2e21,93984,84042993,120155,93912,84093003,120155
85c587344ddb4fe2,79630,69725812,137934,79508,69740251,137934
85c9e56fc4bad8f5,78653,68799610,385194,78569,68830221,385234
85cc7fbd6e3ec59a,101417,91506561,140293,101296,91527105,140293
85e9e3d62d14637c,115506,105626583,137087,115383,105636219,137087
8621c10269f46534,19553,9626775,113714,19461,9660391,113714
86328c4526541134,29321,19408488,143651,29212,19431084,143651
863b09c40bf15461,116865,106928574,139991,116776,106974179,139991
8646c299fa6c66ea,11615,1704884,136179,11494,1724594,136179
8649a040091b5f20,76852,66924128,127631,76768,66960511,127631
8657565c552bf85d,68442,58545909,137493,68315,58555807,137493
86a105b6ef8e91b7,14287,4384703,136733,14156,4396180,136733
86aa24b6cc49d6ee,32707,22853388,350940,32621,22881347,350980
86b68049137d9a2b,95299,85410217,139719,95172,85420446,139719
86bdbb996197b83d,117342,107449910,138330,117207,107460142,138330
86d4babf1c0cfa2a,106959,97049726,137761,106839,97070306,137761
86dc04c1fb13f79d,37188,27305850,140718,37059,27316075,140718
86dc484208570bc7,61022,51145824,139199,60899,51156525,139199
86eedd117375788e,49140,39245588,139110,49009,39256449,139110
86f8b4e1db642cf4,25473,15564064,131718,25359,15582804,131718
86f9d41ed1ec4803,83685,73765355,131720,,,
870201e086e7c471,43960,34049338,140123,43838,34069898,140123
8739a3e47ad5ddd3,34104,24205672,140094,33974,24215855,140094
875bc1f1db247abb,45889,36006923,106362,45801,36025934,106362
876313d8fb5b3327,82593,72636251,76879,82550,72748868,76879
87cb9c109b320cc4,35345,25445667,140235,35224,25456390,140235
87de87f4867728ef,44280,34344450,131699,44197,34389505,131699
87f6a023a7120848,31461,21564173,131586,31334,21574143,131586
880466f358f61f64,89411,79506722,141074,89288,79521196,141074
88162649355825b2,75977,66076351,137505,75848,66086527,137505
8822dedbb5f0ecfe,41219,31315518,156139,41097,31330484,156139
885f14b3c5f7a1f1,13044,3145105,138354,12921,3155019,138354
8863e109b1a36eab,93469,83584994,131924,93343,83594908,131924
8899370d8b187b4c,22041,12144143,132230,21921,12155256,132230
88abbd340b6ba434,44182,34269712,117105,44100,34290868,117105
88cbb15598357b25,102376,92486325,138348,102246,92496505,138348
88d019d3ec468a7c,65834,55929146,139303,65713,55944704,139303
88d161128fa6e1bc,57557,47648698,137736,57433,47666589,137736
88d6978b26fa9dc9,51093,41188456,131964,50965,41202111,131964
88e74ae18bb37acb,22071,12166541,132294,21948,12180667,132294
8904c8ab0ef48dbb,42541,32624391,132241,42445,32650161,132241
890d992ab66aac9e,76599,66689050,137038,76476,66708490,137038
89204e02c8fcce16,48948,39045781,140085,48823,39057361,140085
89265f3dd072761a,68627,58746061,138575,68499,58756230,138575
8943a0fce7b680ec,94642,84766799,142834,94520,84778047,142834
89560d7d30e03267,88074,78167354,131759,87951,78183757,131759
896a3cb89892e2db,66392,56485742,137837,66266,56501770,137837
89975c2ad44020f7,82869,72887347,130957,82779,72984587,130957
899e707e9e9faa3b,119112,109210319,140182,118990,109223082,140182
89aed9c79f521d9d,20607,10703990,131422,20487,10716220,131422
89b0ae437c604214,58209,48305803,139544,58093,48319012,139544
89b4993861183b2c,52763,42865836,138421,52641,42875589,138421
89b63986f013378c,82480,72595866,62643,,,
8a049cd795d0bdd2,89664,79767745,133063,89534,79777532,133063
8a2a11583245c59c,105855,95946129,137690,,,
8a482e42a2a7425b,55467,45565569,138093,55346,45577006,138093
8a4bf7008d272b1c,48063,38135750,131438,47978,38172298,131438
8a51aa8d404a797c,103405,93505131,130653,103285,93515348,130653
8a5a9c650262e306,70258,60365606,137164,70126,60375999,137164
8a7848b1e40281ab,24537,14649114,140199,24411,14658670,140199
8a9d2642372c8f22,52667,42765731,139684,52546,42777177,139684
8ac5db63229774ce,45199,35289475,140642,45078,35309640,140642
8ad4031167b64512,101481,91567506,122416,101360,91590051,122416
8ae92e6a8433b535,79983,70085711,136656,79856,70096090,136656
8aff869ba005b419,28077,18169155,140250,27951,18186512,140250
8b018b9c0b897b6d,85784,75897475,139256,85656,75911535,139256
8b144719998b4db8,48693,38809855,141207,48570,38819506,141207
8b152bc62220c94c,24001,14105720,139868,23878,14115417,139868
8b1b32ed0213e7f8,106280,96366625,138982,106175,96393770,138982
8b355041018d85d6,86796,76865120,132557,86715,76908058,132557
8b77fd5846a3e444,63944,54045755,138276,63821,54056103,138276
8b84258e9ddbaae0,38412,28506769,131558,38315,28521376,131558
8b9a5b3fee959de5,77522,67645740,137608,77399,67656537,137608
8bc11e67e49b8025,96237,86325085,132532,96131,86346066,132532
8bcd581fa3f3145f,23228,13285661,131111,23181,13337449,131111
8bdaeaca2005e5ec,94049,84105146,132779,93975,84158493,132779
8bddbb7fcc5b8a7c,76568,66665856,138521,76445,66676797,138521
8be0fd79a1b5ea88,60428,50528501,154613,60306,50539973,154613
8bfba3b9227b4db6,91272,81366495,139991,91148,81381866,139991
8c003646a81cc559,31796,21899017,157313,31674,21910618,157313
8c028ede19fd6a87,100479,90589189,142428,100350,90599794,142428
8c12d93ae29aa811,69384,59485944,138463,69257,59496175,138463
8c21a66a1143b1fa,105278,95347395,94417,105269,95387159,94417
8c35f916a0ce3215,86766,76827238,132708,86690,76877051,132708
8c4288b882e19bd8,116640,106729336,129625,116557,106749252,129625
8c6a1a24eefd4b66,39688,29786276,143931,39567,29797824,143931
8c6bc23c9a96c4aa,112045,102146358,137292,111922,102156649,137292
8c799962c7fa15bf,116705,106772861,127492,116621,106813909,127492
8c831b86400b40c6,20350,10445159,138432,20236,10459551,138432
8cac053412c0c053,64122,54245698,137333,63999,54256818,137333
8cd938d5ba8d7036,31893,21989578,141554,31770,22002029,141554
8cdf7ef98bae5cdf,39254,29365621,139761,39119,29376275,139761
8ce1245d2361d3cd,14684,4771669,136481,14568,4793846,136481
8cefe02b19fbd61d,39346,29465997,141182,39219,29476754,141182
8d22389a993e142f,62544,52645582,137527,62417,52655238,137527
8d35b93bb68e37e6,37053,27145586,139451,36920,27162059,139451
8d3b37704cf8b03c,119202,109310898,142656,119075,109330536,142656
8d4d6ddcced37609,36216,26436323,351640,36203,26463815,351680
8d865345f04a1e90,27484,17584421,132932,27361,17594543,132932
8d8cccbf45909642,38658,28768526,143459,38551,28779241,143459
8d918e6e0c07e4f6,79035,69105895,137592,78946,69144747,137592
8da1899870ce785f,59015,49125586,138647,58884,49135482,138647
8da7843f2455ceb3,33272,23364398,132837,33164,23381662,132837
8dc724ac8e1d33fa,79158,69246118,138212,79057,69267351,138212
8dd98fce983b9ff0,27818,17908977,139128,27697,17927982,139128
8de7c95097f48787,93719,83810364,138231,93596,83828731,138231
8dea19ce62caed17,39437,29549115,139623,39313,29559326,139623
8df93ef515712b8f,118368,108466302,137208,118245,108477785,137208
8e1ecd504cb7439d,54687,44789083,158544,54565,44801063,158544
8e2f7c3664ca9480,26838,16972553,351958,26741,17001566,351998
8e490e47b1569d85,46439,36527066,133077,46325,36548384,133077
8e4a280a747bc0e8,76165,66269338,137655,76032,66279832,137655
8e6bc69396b5640f,87644,77745283,133656,87516,77755327,133656
8e6fb99703246fcb,101384,91470751,142563,101264,91493994,142563
8e72c555fb763a1d,13799,3854440,113267,13790,3906804,113267
8e8c57b4db921e9a,77344,67445562,136976,77225,67456523,136976
8ead0b7e8e8bb7e0,76819,66895919,129547,76736,66927760,129547
8eae12ef1292a93e,89883,80005354,132479,89758,80015588,132479
8eb7096dfb6d8901,44132,34249890,104464,44050,34269507,104464
8ebb32932a7a103f,87828,77946917,143846,87701,77958421,143846
8edcd4b994194a22,44681,34769375,137937,44569,34790428,137937
8ee1d6b4a1cf4f35,107820,97929023,136293,,,
8f163acc48b07683,34921,24986601,132068,34840,25030070,132068
8f1dcef5e2336e4b,80838,70904807,131840,80763,70947285,131840
8f4267d777c5984f,72951,63018752,127990,72877,63059262,127990
8f462d78865295d4,84804,74886896,144111,,,
8f8288656d8ba363,33061,23126869,133029,32972,23170323,133029
8fab3b7e939b8ed9,49894,39972305,132639,49816,40003339,132639
8fc5f270454a6d28,84295,74387740,132155,,,
8fc8e2b1637c3c52,41411,31509561,140120,41285,31520715,140120
8fc9cd0bd6dc41ae,109379,99466281,138112,109290,99546194,138112
8fd463e5e5c2d6ee,34010,24105069,133039,33884,24119668,133039
900ded328a3928dc,52155,42244621,131731,52052,42264131,131731
9017bf88e7936210,68597,58705784,138371,68468,58717098,138371
902ed3816a08dd4e,116449,106546390,138014,116328,106558232,138014
90420db743cb4011,96386,86486490,139764,96265,86496598,139764
9063d0b2c7f4f238,27211,17286671,131650,27111,17320522,131650
90789c1cf7e06b90,50180,40247278,133020,50090,40289585,133020
908893c2843bfbc9,43240,33344371,131244,43118,33354268,131244
9088af81d70cd9c2,50119,40184771,132517,50033,40228311,132517
90937c45fd2d6eac,17349,7445239,139274,17225,7458733,139274
909d6cae785b12a8,60958,51069151,138259,60832,51079040,138259
90a063f1d6c6cb0b,78780,68856223,129328,78701,68889133,129328
90a9be41cdd63a23,81146,71226702,140072,81047,71256340,140072
90b07aee08943a20,71446,61545903,138696,71330,61556937,138696
90b420349256a716,108354,98450006,138390,108231,98465333,138390
90c2881c167c7ae8,35403,25509615,140331,35276,25520008,140331
90d3b3e409b5b01e,31431,21526989,133268,31308,21540381,133268
912c59108ccfbbfb,100920,91025507,134255,100795,91035572,134255
91371f89b2296efe,105657,95686269,138436,105581,95770164,138436
914a86756a8fc4a5,23490,13544430,132461,23404,13599337,132461
914b555d87160275,71143,61208040,140313,71055,61252793,140313
915262bcfe915af4,105018,95233377,346338,105004,95268810,346378
91528ddbafc322b2,11055,1147993,136166,10931,1164267,136166
9165ceb87cb9c84e,55819,45886084,128188,55734,45928248,128188
91713a06cb8e9ed9,111884,101969346,137303,111762,101993452,137303
917dfb9319fbb3af,27085,17164165,132274,26990,17193873,132274
91c89450f3eb2c6f,40553,30627136,133505,40469,30662118,133505
91cb2c5e5b84dbef,15362,5465147,137114,15240,5475246,137114
91f5bf5180ae6591,119083,109186617,138970,118963,109200399,138970
91fb411881f41259,95705,85806855,142883,95583,85817345,142883
92090a69463444ac,37696,27786889,133483,37572,27805224,133483
9257a2a94fa116e8,85595,75687167,131756,85468,75707052,131756
92910dde0a11891e,17992,8063503,128964,17895,8100440,128964
92a96bbabb8a3cfa,112108,102206298,138201,111984,102218280,138201
92c8d79bb0c12a89,74418,64517324,138616,74296,64527432,138616
92dba8a2e7aa0ac9,87614,77707359,133108,87487,77723398,133108
92f55b38a953b8d0,88887,78985535,133019,88768,78995439,133019
92f5cde2c5a43ff3,45232,35325863,140307,45110,35342633,140307
9307c18d7b2c4c66,73409,63505903,137625,73298,63519157,137625
9318c6821e972c31,103035,93146153,137881,102905,93156424,137881
932919356f7d1681,78185,68289171,137857,78049,68299921,137857
9347c27a2e053d61,15849,5905846,130703,15766,5957898,130703
93487e8c4df23f3e,52335,42426975,132461,52215,42443518,132461
9364a169d83962ac,93377,83486328,138914,93243,83496823,138914
9365fc49c18daefc,51156,41264508,132252,51025,41273831,132252
9395b72384303f77,31314,21404137,131815,31204,21423115,131815
93973f2afc0feaa3,41906,32004231,131010,41783,32015659,131010
93a511a69eab8d2d,110899,101006682,139283,110774,101017435,139283
93adeb0d3a0c0737,90727,80807267,131559,90621,80836008,131559
93b9fc41b21cffb9,13295,3405010,137908,13164,3415668,137908
93eed110b2f60608,97696,87836165,363932,97606,87867047,363972
940339b0e10f9c46,110117,100209908,139556,109994,100227308,139556
940707cec699d499,84833,74909060,131272,84703,74959102,131272
9410de044704bc29,103157,93270105,140374,103031,93280622,140374
9423830f646ff66a,78062,68165434,136170,77932,68175918,136170
944a90bf53d9ee1a,62132,52249444,139021,62010,52260140,139021
9457f9133f0fc8ae,64091,54205636,138004,63958,54215661,138004
94587f7c420a3c77,71475,61569041,137083,71356,61585239,137083
945926dd39e9a2c6,34536,24636948,140055,34414,24647873,140055
9477a3fc4e5d33f2,70196,60305518,137100,70066,60317085,137100
949e1f99d5789cd1,72032,62129229,137869,71907,62141552,137869
94b08ffd49462954,62982,53105920,138613,62858,53115623,138613
94b3d149ab46a247,45545,35648079,131021,45413,35658216,131021
94b69f4daac33c64,24257,14364344,133392,24131,14373883,133392
94d2ecbf5e63e753,65023,55125940,139177,64901,55136194,139177
94e1112c31fb5ac3,12228,2287842,136447,12142,2337635,136447
94e41fbf98bf2660,105805,95886290,137898,,,
94ec50ae1d14f4c1,44768,34869189,139394,44646,34878743,139394
94f4cdee9768638c,21231,11325207,138231,21108,11340567,138231
94fcb4d8248e3cc9,11275,1384911,137202,11144,1394904,137202
9501074397f800c0,92935,83030669,140247,92812,83045379,140247
9519191b68502fe6,94234,84305280,134043,94146,84343345,134043
95366cabe61fbabe,95238,85346507,140143,95105,85356511,140143
9545976c9f471a23,55220,45328626,137747,55093,45339160,137747
954a038bf5bd49e8,53577,43668769,138425,53455,43686429,138425
95534e4894e56649,112931,103051617,122391,112844,103066167,122391
956fb23f36e6fabe,51588,41686078,141138,51466,41697654,141138
9576663e5642bef0,88647,78725000,132224,88554,78756317,132224
957c7c39bbe8ec09,40298,30377173,132371,40225,30407087,132371
95b8c925460241d3,18461,8547826,136939,18339,8570874,136939
95bdde89ea28e907,53262,43385749,139847,53140,43397663,139847
95d03bb13e1a7557,49418,39528771,143004,49289,39539244,143004
95e2e7d5ebe3e315,54049,44125677,127953,53954,44158709,127953
95e81a188b0d2791,92838,82929642,143799,92715,82947227,143799
95eeaa0b4e2dd166,31519,21626911,133436,31387,21636733,133436
960b11c1243c88ba,75084,65166299,139665,74991,65193891,139665
961ffe1480093f14,92000,82085479,119424,91953,82108463,119424
96227f52b3f19e47,110578,100669633,138015,110456,100687215,138015
96716112ef399827,98042,88125534,132739,97950,88151912,132739
96d4797a58f4beeb,37757,27864498,133167,37630,27874540,133167
96f0e712c070e833,22343,12429632,141820,22223,12452912,141820
96f296b82972d0be,23968,14065736,140650,23845,14077582,140650
9701bd518952182d,54233,44325426,137059,54121,44342175,137059
9703313f226165da,46069,36143769,132106,45979,36177816,132106
9731c7deb2e19a4b,78699,68815675,96867,78620,68836926,96867
9741f1ab28e8bb13,45422,35525618,139504,45295,35536421,139504
9742603543df042d,96815,86911308,142290,96690,86923903,142290
97580564cbaa30f1,55628,45772138,343647,55540,45800361,343687
976b139ce454218c,46379,36464736,132647,46271,36488244,132647
97b608288e0c8238,56739,46828759,137846,56616,46848196,137846
97b6a0a4fe05900f,95422,85546653,142142,95300,85557518,142142
97bc7fe47b011723,80045,70149444,137828,79916,70159327,137828
97bd8b3b16f657d4,61530,51604498,130508,61447,51638769,130508
97c22ec2471f5112,114005,104095603,156493,113886,104115418,156493
97c4a64564c7e72f,100760,90852767,132441,100638,90869637,132441
97d081cfd6847b67,89125,79245012,132109,88999,79255164,132109
97d5a2ccc8ff5217,83810,73904617,130738,83698,73922914,130738
97d7a8a49ac5beb4,56368,46485692,137530,56239,46496561,137530
98047086a83c43cd,81557,71648991,142895,81434,71667282,142895
98098742ad2a303b,119766,109866294,136144,119640,109879229,136144
98216311446bdc22,33565,23686131,142874,33439,23697027,142874
983f9cb40be6cd84,11744,1845301,137715,11621,1855142,137715
98542ef258040823,89005,79125237,132685,88878,79134919,132685
986d3b9ebe6e8e44,68566,58668892,137439,68437,58681353,137439
986de5860c9cab9f,58538,48628989,138221,58417,48647702,138221
98881feaa5dadb6f,89696,79804899,132115,89564,79814350,132115
98961f2515c8afd6,85095,75205059,132002,84959,75216906,132002
98bc8520cbaf83e0,101169,91286839,142142,101041,91298693,142142
98bdf7f3325a818f,81879,71987198,143882,81752,72002203,143882
98e19601fa24de9f,37571,27664386,132940,37451,27680834,132940
98e1ac00d2daf7ac,68915,59028682,99842,68805,59047388,99842
98f2b41f75ecd9e5,99177,89291074,142731,99053,89302242,142731
99395175b0e57b74,51370,41487116,143805,51242,41497211,143805
99765274887141bf,36806,26807112,133746,36733,26914568,133746
998fcdcae576516f,14060,4084700,136516,13987,4168773,136516
999a53c8389e40a2,53858,43925635,128424,53770,43966889,128424
99c172c75f48644e,54262,44365412,136310,54147,44375017,136310
99c529392544032d,107972,98066142,137624,107855,98111337,137624
99cbb93417a20902,30844,20934114,133438,30759,20953242,133438
99d52dd2caceef68,70983,61051273,129325,70899,61091667,129325
99ee9f9167569f76,85214,75327473,131183,85092,75339560,131183
99f0d856b7a0dfc2,57906,47986386,141075,57818,48016162,141075
99fc35202a624fc4,33536,23646579,132214,33409,23656536,132214
9a03beba4469359a,110708,100806412,138123,110587,100817453,138123
9a17d8f30443c85b,35433,25545589,139922,35302,25556268,139922
9a1b3c8337055ad2,61869,51949118,137937,61761,51978598,137937
9a1c292677c5050d,104957,95065069,138583,104834,95079618,138583
9a2c33485f7c32bb,111400,101486014,136886,111295,101509232,136886
9a4c7ca7eb4ac0ef,57524,47625465,137115,57402,47635127,137115
9a9b0db6186a6ed5,96717,86810418,147585,96593,86826346,147585
9a9cbacf7ee013d8,22472,12565629,140482,22350,12583172,140482
9ab2676f234a3b5e,95776,85894209,106399,95688,85913067,106399
9ab402fe9e1c2577,9847,0,392207,9769,30745,392247
9abf825167663000,21893,11984238,132703,21789,12002726,132703
9ac5970f3b1d91d6,10077,143382,128812,10003,186526,128812
9ac90dbf07ef5deb,83492,73580097,161854,83389,73609041,161854
9ad4d943fe6827cb,33852,23944213,131832,33729,23961029,131832
9add224317980a65,23761,13877026,141574,23630,13887990,141574
9adf43c8a248703b,40522,30604615,132197,40440,30630763,132197
9afdb347ff888e35,17932,8003505,129353,17842,8041181,129353
9b0e79567f254291,44470,34544385,132255,44378,34579721,132255
9b256285405eaf16,64468,54565698,137814,64344,54576445,137814
9b25c0b7696d9c0d,72316,62425765,137574,72183,62436209,137574
9b376a2cd5d72751,106022,96154266,185538,105914,96174154,185538
9b4909cc731b78e2,41722,31844410,132093,41597,31853979,132093
9b5c7ac15bd569c0,75504,65626065,138016,75379,65636128,138016
9b6cfec891186d59,39879,29984697,133208,39755,29994768,133208
9b7b4566347605e4,36186,26288584,139646,36050,26299511,139646
9b969b7c218fcd96,113209,103286456,138851,113117,103318922,138851
9ba60cc2364855ba,72470,62585844,138081,72341,62595417,138081
9bba4a79e81bbb49,17778,7843748,129231,17700,7886999,129231
9bd96675ab1c3127,43556,33665717,140153,43425,33676013,140153
9be83df47452f8b1,59945,50005784,138643,59846,50053866,138643
9c1f2ff7fee63758,76664,66765824,137942,76540,66775592,137942
9c25e346fee52310,72128,62225948,138450,71999,62237360,138450
9c3840c03e0e3126,84379,74493576,82558,84260,74523478,82647
9c609df252506b40,95923,86005102,131405,95834,86032198,131405
9c7b7e9c1c0f5d82,114319,104426132,137188,114190,104436791,137188
9c8bc4574aa7730d,30185,20289769,140842,30051,20300733,140842
9c9e303d16f30a9a,110490,100606361,138249,110361,100616846,138249
9cb14d884b74502b,69595,59708798,137588,69471,59719236,137588
9cb672d16fd7f950,52395,42504783,133277,52269,42514131,133277
9cc5346aee02a7d9,92449,82507381,141681,92351,82558786,141681
9ccace6f444e2e58,58953,49048902,138982,58825,49062845,138982
9cd2ee91046c061c,76040,66145487,136469,75909,66155610,136469
9cf9f064e7bf5008,85154,75267508,132690,85033,75279503,132690
9d02ec8b5f75823c,108881,98969512,137952,108758,98993659,137952
9d0503fe8c96b250,96662,86785421,134314,96539,86795474,134314
9d1fbe1d6c26c695,51031,41127011,131281,50905,41139679,131281
9d32047b04137813,25136,15204217,132164,25048,15245794,132164
9d3391cb9ec0f6c3,119735,109828671,134989,119610,109846674,134989
9d4f91247c76cde5,83991,74086892,130580,83866,74101482,130580
9d555208e575df60,45637,35748508,143558,45510,35759248,143558
9d7cf842d181c1fc,93254,83365369,132841,93124,83376433,132841
9d87c413e3d8d8eb,60806,50907272,138873,60673,50917384,138873
9d9ba6976f32fd19,49812,39929773,105138,49734,39948452,105138
9d9c67db239ae91e,46675,36788270,131656,46550,36797591,131656
9dc3b1d15b3e6dfa,13326,3428150,137008,13194,3438144,137008
9dee15a06231123d,17532,7653114,120995,17460,7670466,120995
9df0ceab2f642dff,53923,44003795,127398,53833,44032013,127398
9e04acffbe14b3de,40941,31049820,140930,40810,31059835,140930
9e11107d7be32b05,64276,54369199,158427,64155,54386055,158427
9e11a01cc010330f,90067,80164787,131566,89944,80177261,131566
9e1885fe0fdf8e25,53480,43568135,140872,53360,43590505,140872
9e3be73f4e125f2d,113177,103246381,137954,113087,103287152,137954
9e3c0a06f4bde5b2,53139,43250011,139754,53014,43260637,139754
9e47dae48824f8d1,119053,109147675,141232,118936,109163800,141232
9e4c9cabde2a2013,43432,33529130,140036,43306,33541453,140036
9e5836fea05e0c64,18309,8424914,137230,18178,8435674,137230
9e5cdd0551352107,116351,106446521,138988,116231,106460809,138988
9e790be99e20205c,48457,38549932,138770,48338,38566602,138770
9e84dc0d4c7abcfd,32416,22507107,133185,32292,22524713,133185
9e969f4b4299f000,107070,97190927,122146,,,
9ea1b9bedff81293,14185,4256331,138176,14076,4294779,138176
9ec9cadf046f030d,92555,82645105,132776,92437,82664386,132776
9ecf1ec3703b6b13,32804,22891698,118375,32723,22912382,118375
9f14898ecc8d4879,21433,11551118,106686,21348,11568023,106686
9f1a971508cc8a3b,78877,68944228,128103,78796,68986865,128103
9f20cc7f861bb6ab,28833,18947766,84044,28744,18968766,84044
9f26a46c0b54a626,66675,56785737,138023,66539,56796978,138023
9f468cdcc013acbd,71505,61606259,139820,71382,61616945,139820
9f59ee3993fb1fb9,33915,24006715,131702,33792,24024300,131702
9f658333f69ae873,29104,19184220,132606,29011,19213573,132606
9f816610db72d320,43400,33505444,138508,43275,33515252,138508
9f90c3d3d547ff6b,39284,29389227,139907,39151,29399837,139907
9f9ddc91d5f97225,83961,74064824,131514,83839,74078486,131514
9fb8981d7dd293af,70760,60865924,138119,70635,60875889,138119
9fbafd4fc30c6268,98707,88810841,165834,98583,88822883,165834
9fd141d83bf8261f,38536,28644641,133181,38436,28654968,133181
9fde8bb4ff30a635,15786,5844013,130316,15706,5894997,130316
9fea507e2c00edd3,14587,4679617,161975,14472,4698281,161975
9fefde41c5926c2f,39973,30066821,133211,39846,30082309,133211
9ff4ce4dc1646d96,80415,70509523,138178,80293,70524150,138178
a034abea8caaf8ff,115857,105951571,137758,115728,105967328,137758
a03639e0ed529bd2,33123,23186809,132744,33029,23231676,132744
a048a2b102785d28,78556,68656913,136213,78435,68666508,136213
a04ad267d1feb087,55915,45985903,137907,55828,46024832,137907
a06daf1d6fd11e2f,11462,1585334,137346,11339,1596050,137346
a06fe9818865e251,30528,20625537,139783,30405,20636934,139783
a08d624bab3a6be8,101734,91810801,120830,101655,91842746,120830
a0ca5f7b66d02a1b,24066,14164293,132769,23942,14174966,132769
a0deb49334dbcf0c,45729,35846452,140605,45602,35856492,140605
a0f48d2f93bd5459,27883,17988564,158370,27761,18001724,158370
a0f6a0e5a43caae0,112076,102169649,137586,111952,102186843,137586
a10c123356cb9396,72064,62165816,138245,71938,62176074,138245
a114d9273692f730,17617,7696884,130766,17544,7726101,130766
a1302f8e09998986,38907,29005900,141537,38781,29016755,141537
a15e23b7c21e7832,10356,427863,136494,10260,466051,136494
a172112a1294faba,29589,19704300,132570,29457,19714078,132570
a18b4c498b3a450a,117312,107426500,138152,117180,107437130,138152
a1a5284d1f3001a5,36752,26746721,131960,36694,26861133,131960
a1a8faa5ad07bd1e,100508,90626415,139278,100379,90636903,139278
a1a98ddf9127e148,92502,82567244,133429,92394,82611481,133429
a1b7af7cea557b54,69717,59808891,137095,69597,59826925,137095
a1bb5032032158f0,113423,103506276,137745,113315,103532479,137745
a1bbcc1b5f6ba967,54441,44547509,128225,54308,44556327,128225
a1c5464ed0526e14,119703,109805863,135412,119580,109819520,135412
a1c8231b3c7890fa,33302,23388523,142965,33190,23412535,142965
a1ce2147c23afc8b,43928,34025626,139734,43807,34038015,139734
a1e0ada10657006e,118434,108529934,138404,118308,108542831,138404
a1f7af653a347dd1,102021,92088693,138538,101930,92130923,138538
a1f83e54afba9270,63583,53649041,137874,63494,53692743,137874
a20cc10b7086cda4,12607,2725010,136558,12478,2734998,136558
a20d17550c8ffd0c,24690,14785384,139522,24568,14799414,139522
a215eef6dcde90c7,44561,34644325,132004,44463,34671014,132004
a235de51bd0dd4a1,76103,66205586,136662,75969,66215367,136662
a23679ef2f6d73ee,74483,64569437,138817,74361,64592488,138817
a24999bfe7dfd59c,116108,106209528,137560,115973,106219988,137560
a25afe658d9e25ab,19901,9987605,141584,19796,10010741,141584
a25c0fde2cbc8893,65622,55705674,137800,65519,55731939,137800
a27c4f94f2dd2f5f,10141,205524,140880,10064,251310,140880
a2a802e771c89329,100952,91048046,133162,100826,91060593,133162
a2b1eb5c42712b76,92252,82287137,143977,92186,82361822,143977
a2b5f0a82be078cd,60525,50625662,138576,60401,50636015,138576
a2cb6019eb806590,95544,85644983,131967,95423,85655031,131967
a2d479312d12c2f0,35678,25769390,139575,35556,25788213,139575
a30ae1cc5e623a82,14522,4612736,137222,14407,4632009,137222
a31ce1a0efc23180,113081,103146806,130067,112993,103190206,130067
a31fae8b7ad85ad1,97226,87329550,144111,97093,87340332,144111
a32116af49c128fa,39067,29164339,131712,38928,29175649,131712
a322f30b1e04b0f2,65120,55209137,138533,64997,55229620,138533
a32edb437e03ac99,103249,93366537,140168,103123,93376880,140168
a332c9c9fbe06b91,76258,66365726,137001,76125,66375303,137001
a350b6f43f54ed93,81438,71548739,132423,81312,71558964,132423
a35be4afa517c13d,102405,92526303,138642,102280,92537390,138642
a37c924d2c0fe4bd,100449,90565158,132621,100318,90575232,132621
a386489696476e74,27947,18045895,140753,27825,18057155,140753
a38f93148f99d6f0,39375,29489786,140686,39251,29500289,140686
a3a39b679d624e5e,33723,23813152,163044,33601,23834090,163044
a3b11197718cf912,86940,77027320,131755,86835,77051306,131755
a3dd97ae04c1e1c4,21802,11884076,132288,21706,11911093,132288
a4136d822642a903,111851,101946117,136817,111729,101960200,136817
a42188431bff3cc0,95859,85934178,118631,95770,85966968,118631
a43430f5cd2ad9b7,107440,97506251,138156,,,
a46f8be2f0959d68,12288,2364990,138081,12195,2398261,138081
a471804625a3d508,98136,88207551,132162,98037,88244578,132162
a48c7c416e574e78,11119,1225010,137489,10994,1235090,137489
a4c1164f25614fff,88107,78207474,147046,87984,78219009,147046
a4c2b88b59f8940f,90638,80709875,140289,90541,80747270,140289
a4e8f12961c38503,90386,80442746,118069,90302,80493975,118069
a4ed391e19284fe3,47181,37285947,141055,47054,37296947,141055
a511dd923ba75df7,89095,79207426,132738,88970,79217228,132738
a518aa8869430f23,65864,55965863,138819,65740,55976488,138819
a5444cbce5216b72,79792,69889488,138284,79669,69901314,138284
a56918df78db1530,16412,6528119,137419,16290,6538801,137419
a5758a0b21cc4d3e,94467,84565145,132576,94348,84576580,132576
a5788d6d6e9e92f8,14425,4545186,138637,14298,4555681,138637
a57ea056182fe0db,113748,103866843,138284,113621,103877109,138284
a580ec478e849d85,22816,12924352,132906,22683,12933891,132906
a58aaed67a6ef26d,23733,13845251,137883,23603,13856368,137883
a5a1af324c81ea5c,102288,92386595,139949,102167,92397861,139949
a5c08c1d94f5ab9f,118774,108846626,128903,118673,108887281,128903
a5c34487992e9479,42129,32272477,346019,42040,32300354,346059
a5d741e27e9c4f69,36780,26784474,132930,36714,26888686,132930
a5e8d7ac6f770670,40765,30864456,133180,40656,30873914,133180
a5f0f0dd038bd141,48370,38446827,131841,48261,38478739,131841
a61d480a3f5a1d8a,104925,95031228,142482,104805,95044240,142482
a689fe801a752e7c,112013,102106463,138898,111890,102122344,138898
a68b031c3459d053,97818,87895213,123328,97733,87927483,123328
a69c701af8961b2e,25741,15865665,141310,25619,15876309,141310
a69fcbf3fb60a781,51309,41424501,132194,51181,41434168,132194
a6aab82b415148f0,108385,98486187,137746,108260,98498612,137746
a6d1fdcb584b5188,10927,1024859,137675,10805,1036971,137675
a6dc10e26ffd1cd5,37540,27627128,134191,37421,27649487,134191
a6dd801e1be345f2,32514,22604584,131408,32390,22622298,131408
a6de2c0af6d82f20,63168,53265444,137044,63045,53277716,137044
a6e0f8cd961d8864,73795,63893697,162362,73674,63906828,162362
a6f9d6f86a5f2cda,31163,21244255,132662,31067,21272604,132662
a719c4095c041a6b,99455,89547587,133172,99333,89564233,133172
a75c79eda67b2c81,14136,4185061,137596,14040,4244957,137596
a76f64cdd9db503f,12849,2944661,135612,12728,2959041,135612
a785b4d848142794,69355,59449808,137671,69229,59464608,137671
a7a136e282cfce9c,45668,35784294,131790,45540,35794781,131790
a7d1c396d5670a15,62639,52745685,138059,62508,52755959,138059
a7d41af049f7e9e2,94553,84664954,131817,94424,84674282,131817
a7ff92077e861022,69293,59388866,136214,69172,59403822,136214
a84d2c0c70d99a14,35937,26028591,144003,35810,26046652,144003
a85a432ce9c5e946,64958,55048936,137673,64836,55067739,137673
a86a3cf9fd19993e,103437,93527688,133217,103317,93546065,133217
a8790b5ed0b15cfd,59791,49806203,140859,59734,49900843,140859
a88172e2909bca09,45761,35884698,140430,45638,35895818,140430
a89a731023efa935,19809,9884964,127481,19710,9918088,127481
a89c50ca596896e7,51999,42066843,131855,51904,42108307,131855
a8cef27cbfcc0743,66983,57069040,138657,66862,57092580,138657
a8d0433aceeb4b10,10560,664949,137534,10437,675615,137534
a8d4729458795711,66551,56649120,136911,66418,56659720,136911
a8f5fa31efeefade,24476,14585607,140114,24341,14595105,140114
a90ad9589f55dd88,17650,7718805,129531,17577,7759460,129531
a9145330c747b607,11087,1184914,137565,10963,1196371,137565
a91682c614617540,114132,104226782,140682,114010,104241682,140682
a927a370f087d3ed,105406,95430981,114907,105382,95518955,114907
a936033e0b8cf001,27454,17546888,132816,27334,17563721,132816
a99c9592a10ce9bf,74450,64545947,139018,74328,64559541,139018
a9dcf4715e6b39b9,37131,27245780,141022,36999,27256331,141022
a9e76cddb5b2aa9c,98315,88407717,133485,98199,88424613,133485
a9e8f0fa37be275c,66456,56548912,137298,66327,56565657,137298
aa12106dae9796b8,21983,12084333,132858,21869,12094419,132858
aa19a30266a4bed9,80659,70776274,98364,80587,70798838,98364
aa43ce650092d71f,91207,81306081,138424,91084,81316837,138424
aa4bfea8823a496c,108848,98946157,137565,108726,98963128,137565
aa6acff056e34c7f,96267,86366810,141000,96159,86377752,141000
aa85d19e14b59dfa,21390,11533431,350853,21301,11560987,350893
aa9f45254ff3394f,89379,79470618,141785,89255,79488736,141785
aaaf610360f159ae,38316,28412636,133607,38220,28425621,133607
aab76ad95bed2f25,74267,64385895,138613,74139,64396237,138613
aaccd97cd64158a5,65302,55391648,127913,65208,55411333,127913
aade7975e93ad0ad,36479,26548729,100020,36467,26586520,100020
aaf3ca859b305ec6,93316,83425068,132612,93184,83435448,132612
ab00989ea55962e5,87551,77648180,133064,87426,77659940,133064
ab1e43f1a0be54da,36094,26189669,140024,35961,26203526,140024
ab229e4bd179a1af,67389,57464262,129506,67294,57498292,129506
ab24beaeb55a7598,83132,73209205,142845,,,
ab4163a2b661cc06,45135,35225386,137114,45014,35244263,137114
ab4d165fdf467c95,100360,90465124,131922,100235,90474572,131922
ab5885cdd577fbe4,88328,78417092,122565,88246,78436717,122565
ab5e18ef41ace727,19087,9205623,140771,18960,9216015,140771
ab630a7ce872013f,113240,103309841,138775,113146,103349784,138775
ab661ad34357cbb2,58268,48366206,138038,58145,48377151,138038
ab7a927a95069ca3,111916,102006146,137299,111793,102024652,137299
ab8c802b37dc2d7a,93192,83287778,132786,93064,83301067,132786
ab8c8da587998e33,94323,84405402,134017,94224,84432491,134017
aba01c9990f958b3,19962,10047693,135847,19851,10071647,135847
aba1b5f5feb01397,106712,96826444,138517,106584,96840683,138517
aba841112966af0f,118805,108886920,141045,118704,108917954,141045
abbf9e0e5801d070,38842,28926828,131403,38722,28951807,131403
abc4f592cafdd5e0,20949,11065289,138739,20821,11075303,138739
abd8a16c52f69ffe,43742,33865957,140343,43619,33876813,140343
abda668e5b114662,77839,67929113,137160,77716,67949422,137160
abe28b40fc95507a,94764,84866511,138827,94644,84876678,138827
abea7fb3566bd5d8,117019,107089407,136629,116919,107128165,136629
abf5d0f82a2361ad,41809,31904474,133007,41685,31918117,133007
abf8366143734423,119482,109570042,132770,,,
ac06bde178e4b818,68188,58289247,159123,68066,58303140,159123
ac209fd4a2dbf06a,18108,8205548,140010,17996,8216992,140010
ac40d71cae8da8aa,60620,50724447,129887,60495,50734263,129887
ac48a57c3b6803dc,111244,101324755,129223,111149,101353093,129223
ac4990a84f7a7dfa,102974,93069397,137277,102846,93083046,137277
ac52959b0abf48e1,44797,34905436,138758,44671,34915955,138758
ac62d71fb632de86,118151,108266766,137774,118030,108276893,137774
ac66da70c30c4911,70227,60328649,136689,70096,60338714,136689
ac773fe02d373823,29009,19083933,130528,28919,19118717,130528
ac7accdf21497c65,108945,99046287,138638,108820,99057948,138638
ac7f32303cb2452e,56962,47065799,138881,56834,47075688,138881
ac827c60c85a737f,75847,65946001,138722,75722,65957084,138722
ac9ac3463d9be371,108069,98168621,152647,107953,98183011,152647
ac9d4a2efc7a9d20,24787,14885367,138893,24665,14897092,138893
ac9da0806b1c08e2,91647,81766345,139015,91519,81776945,139015
acb5140432071da1,95330,85446254,139513,95203,85456648,139513
acbf27ecb516ce18,101958,92028074,132322,101872,92068430,132322
ace1e0057d357661,55721,45810443,129171,55638,45830788,129171
ad318a1cae9d342b,18050,8127182,129266,17945,8158181,129266
ad378974e1075d3c,23705,13805660,140493,23579,13816915,140493
ad492e344b5cb5ea,73172,63245849,137727,73088,63282366,137727
ad541310b321f0d3,106183,96269702,139828,106079,96298889,139828
ad580d05eff71706,63826,53909011,137588,63717,53935467,137588
ad7edead324543fd,49601,39689886,139407,49479,39711330,139407
ad7f6a0c80d50dbe,88585,78665052,132387,88496,78693654,132387
ad8d1044a8acadcc,46227,36304340,131523,46131,36336019,131523
ad9207855709e57a,26024,16125345,139535,25902,16137218,139535
ad9dc656e3e53b43,88616,78687522,132830,88526,78725347,132830
ada39637f84fa2e5,41566,31669235,140348,41434,31679314,140348
adb075fcf48edb23,105436,95450231,113355,105407,95547765,113355
adcc4c724abda0c3,79421,69529242,137552,79290,69539210,137552
adcf9c14aeca9a7b,34857,24923859,129828,34778,24966105,129828
ade2f29bc6ce4888,47459,37569479,139947,47333,37580089,139947
ade310c9f472ae43,33418,23524284,132053,33292,23534389,132053
ae0e1001e8902b91,35743,25845785,140266,35620,25856730,140266
ae154b5d47560228,108415,98526071,137575,108289,98539792,137575
ae2c4bca4a9e9dd6,49569,39666307,142645,49447,39679281,142645
ae4d4134fdad090c,96415,86526000,137851,96292,86535816,137851
ae5d07d5443f0d97,10590,705001,136639,10463,715088,136639
ae63af02d4e2f818,53415,43506715,130033,53295,43524000,130033
ae7feb3f0aaad304,109091,99176435,130640,109009,99233627,130640
ae8b1c40ea57502c,52635,42726169,141198,52513,42743715,141198
aea858f439a57693,35287,25385867,141781,35173,25396654,141781
aeb5399c4773a9e0,49044,39146630,141519,48917,39157686,141519
aec262f8a81df33f,106591,96689492,137750,106470,96701804,137750
aee756199a8e4b88,25993,16085536,139932,25871,16103256,139932
af1f5eeebc7be344,15880,5943498,128924,15795,5989415,128924
af30aeea53bf716d,91368,81466286,139708,91243,81477775,139708
af3afbd48f01afdc,41597,31705596,139446,41464,31715305,139446
af4d6c407760b49f,101231,91346852,141915,101105,91357660,141915
af5e621964448127,46319,36404685,133054,46216,36429213,133054
af86c6c4fe55fcbb,68473,58569521,137660,68345,58582275,137660
af8bc7891ac09bf6,43336,33426587,132344,43213,33445598,132344
afa72a35ac13dc35,119263,109387129,141580,119142,109400535,141580
afce78d9f42fa52f,50743,40845916,139253,50622,40856106,139253
afcf8e8f68125c5b,90787,80885012,131214,90674,80895495,131214
b035f0565413dfb8,53448,43544290,130834,53327,43556814,130834
b05bd2d8f38ca925,116769,106826621,129195,116684,106877920,129195
b063392dd891f541,113688,103806463,138391,113560,103816971,138391
b080a4586f368ea9,113512,103606232,137377,113394,103621275,137377
b08b0c3dfeb78428,71047,61124637,130702,70963,61155955,130702
b0ec8b1265b44bcd,46830,36925857,140782,46708,36939854,140782
b0fecd234ed2da8a,90131,80224900,131217,90008,80240573,131217
b10e46ce7fd670a1,18079,8163585,129368,17970,8187465,129368
b11cf2d525fa1472,26647,16745449,139779,26526,16756692,139779
b1326a24c749b97f,37347,27439063,160044,37230,27457559,160044
b13a73d335f007bd,22846,12966074,142421,22719,12977463,142421
b1564a614812ae1e,116833,106904943,129559,116746,106942011,129559
b1be22276710e877,70696,60789045,137587,70572,60805207,137587
b1e7862468e5a06d,83621,73703178,121648,83516,73731953,121648
b21dd09f9707344b,19618,9685354,128753,19526,9727414,128753
b253d2a6bb65371e,90845,80942450,117396,90725,80952995,117396
b26bdcb45be64e8c,118465,108566127,136373,118339,108575523,136373
b26d5fad904080a0,44915,35029458,139591,44790,35039108,139591
b27fca02622b97be,42447,32524375,132725,42357,32556044,132725
b281b09487b17eeb,52828,42925827,140226,52704,42937629,140226
b28d53acbd700c13,11583,1667914,136608,11461,1692405,136608
b2a3e47be3fbae82,25503,15604242,132085,25386,15615312,132085
b2b35fd60b42d30c,22504,12605497,139578,22382,12616953,139578
b2bc0171175b993a,38123,28226011,140240,38003,28236117,140240
b2d9cdcad8d1102a,86997,77089043,142887,,,
b2fdad94fd6bbbbe,71175,61246381,137442,71085,61284481,137442
b306c5fbb1089831,97288,87405193,132819,97158,87415458,132819
b30b4ea415543eaf,60151,50265591,137601,60018,50276165,137601
b31d6e14b9b4672f,103760,93824513,128069,103690,93884660,128069
b33f83e219249aa7,94264,84327648,132280,94173,84373979,132280
b344f6de4e6ed182,91908,82035205,104513,91862,82047026,104513
b34711e683029068,98931,89027447,131621,98803,89040185,131621
b3579ff5ad646fb4,87859,77969234,131938,87734,77978956,131938
b3584550f67286c2,97504,87590472,141502,97383,87614141,141502
b35c25f94ece82e3,108567,98686209,137748,108447,98701982,137748
b35eeb720ac1138f,57117,47223785,127334,56983,47233573,127334
b36334cdad50a0ad,104576,94672203,154779,104461,94690618,154779
b37bea50149171c0,37159,27269500,140094,37029,27279661,140094
b37f482f39115686,90607,80686192,139350,90512,80716373,139350
b3902d195250f1f7,53350,43444936,134882,53230,43459194,134882
b3a4713beb74da6c,73233,63305893,138602,73143,63342340,138602
b3d7571cbf04af79,45939,36026861,118325,45852,36047363,118325
b3e6756f55141320,104245,94346115,136830,104140,94358226,136830
b3fb543a35f8e141,19840,9923624,128250,19739,9949040,128250
b41322deb7317e63,79067,69145505,136007,78975,69175844,136007
b42b9c098acdbb7c,63615,53685707,138100,63524,53724504,138100
b4460d9a39ca7ee2,70822,60968803,330031,70735,60995480,330071
b4535318e0378efb,103566,93713336,352962,103489,93754200,353002
b45dd7437bfde88c,97102,87205275,132957,96967,87214889,132957
b46dad1aeb096db6,42779,32884484,132875,42659,32893977,132875
b46ecd5537b3ff62,119514,109608436,149780,119396,109651605,149780
b470359df8b95e47,34825,24890971,133700,34747,24934247,133700
b47313b8c248f5b3,100728,90830437,163384,100607,90841815,163384
b48bf277e994dd85,76884,66945767,128229,76799,66992621,128229
b4ad2d99fec085fd,48220,38287040,133224,48126,38329161,133224
b4b44fc398329ad4,37411,27505876,141984,37294,27521122,141984
b4b69fdfc42e241c,115269,105366387,138490,115142,105378699,138490
b4b8f20e740c6fb7,79275,69365857,137684,79161,69384815,137684
b4bf96135a4adf73,116076,106186208,137730,115940,106197805,137730
b4dbb22ec134f992,16603,6705176,137718,16480,6715397,137718
b4ec2003b8e828be,19121,9243347,127755,18996,9252723,127755
b5131ff949341b7c,110931,101071039,331879,110836,101096719,331919
b52acdf4333b8742,107939,98029422,137328,,,
b53d539c705e282a,20415,10508221,137806,20300,10524618,137806
b5462bc1f001e924,50210,40284498,132133,50117,40319445,132133
b54903a2475a5f5f,106651,96766402,138330,,,
b54ccec4958cfa85,53826,43903914,128281,53738,43934986,128281
b5559fc22adffd3e,23099,13190711,119514,23059,13207536,119514
b5588fa1967e2798,101014,91127170,143393,100886,91137653,143393
b55e7af763f6fbbb,87922,78045093,132624,87798,78055397,132624
b56b4a6c9fe7a86a,77167,67245593,137007,77067,67276859,137007
b597887fd9f0907d,49449,39564678,132473,49320,39574648,132473
b59d3101f02f0f31,26712,16805685,140973,26589,16820871,140973
b5ac86a876801251,25039,15110263,132445,24953,15148589,132445
b5b8ac0504aef6cb,38155,28249756,140780,38035,28264645,140780
b5c1cfc5ff2cf5ff,41090,31185853,140356,40969,31199815,140356
b5ddaa69e35fc331,58891,48985735,137993,58766,49001647,137993
b5e44d9cc566c867,23819,13929580,140920,23691,13939858,140920
b6045e6e7e40628d,66797,56908914,138168,66671,56918664,138168
b60c00aab3a387bb,73467,63565579,137427,73348,63575912,137427
b61459ad494c2cc2,19241,9343724,128726,19116,9352938,128726
b63cd372cef04b3e,38220,28351868,347762,38119,28379777,347802
b6400049a075a7a5,97133,87245461,132937,96998,87255043,132937
b65ee050d4fa636b,60020,50105820,137648,59903,50130456,137648
b684f16275e6e444,77677,67768862,136545,77556,67787079,136545
b6d6d49309872058,56071,46148582,136833,55974,46180617,136833
b6da6f7f6a4884e1,46196,36266515,132234,46102,36305758,132234
b6de0fd793517d2b,96176,86264387,128739,96076,86285764,128739
b6de200b3cfff7f9,85563,75664795,131322,85437,75680279,131322
b6f80c6c0baa91e9,75662,65785426,136419,75539,65796575,136419
b706f4e901a95efe,98374,88467916,133718,98251,88483142,133718
b70d0edfb1ad989d,38474,28568480,142883,38376,28584056,142883
b7115f1d3f5888e8,51186,41286742,131859,51054,41296621,131859
b714631081cc787a,97071,87169923,147574,96938,87180327,147574
b7235395ca787b75,97948,88024945,131418,97860,88056680,131418
b730597f6d393095,57874,47943963,128625,57787,47983517,128625
b74a1c8501b1602e,79392,69506099,137544,79264,69516683,137544
b76d13ea1b32ea5b,12405,2488148,137010,12297,2514290,137010
b77f0321e9464e2a,113303,103386741,139553,113205,103412813,139553
b784a90bb6fb7fe7,33657,23749328,140024,33536,23766837,140024
b796e53103d3608c,21953,12043982,131581,21842,12061798,131581
b7ad636fbf1ba24e,104895,95006942,141544,104776,95031937,141544
b7bff521fc05eae1,80933,71005143,132130,80854,71042463,132130
b7c0cbd2c88c8b29,81320,71426079,138945,81197,71436975,138945
b7edc512fba6b955,55282,45405503,137733,55159,45416751,137733
b80d899e68a116b1,90932,81044908,131451,90803,81054417,131451
b81b281fb5ef76dc,72378,62486219,138403,72245,62496368,138403
b831b0a0122f8ff9,52570,42665755,139429,52448,42678843,139429
b83417d2eecebe45,95890,85964977,131611,95802,85999512,131611
b8360955e67e96be,74113,64209333,138164,73985,64223341,138164
b84ba1acde1eec58,24974,15065326,132896,24888,15084299,132896
b86f4373f1b84e1b,42602,32684509,132858,42501,32710759,132858
b88496b53595678a,117108,107189679,138420,116999,107217395,138420
b88e4a4c503d9ddc,73293,63365969,139710,73196,63402603,139710
b8cb091996389cce,113541,103646377,138145,113420,103657253,138145
b8da78250b56516b,15329,5424972,137088,15207,5439290,137088
b8e0fecfb58b0ebb,52891,42986375,139960,52766,43001237,139960
b8e6c5521a3559b1,43304,33404232,131637,43181,33414150,131637
b8ef6c9b71436838,15818,5883783,130038,15736,5927886,130038
b9052d55dd41f342,43143,33249325,161048,43021,33262558,161048
b916b0a3d30ff285,109988,100093984,183221,109867,100107767,183221
b92369ad702e0a22,75816,65911222,137034,75691,65925294,137034
b9287ae7b30d2505,78491,68585949,138635,78370,68600951,138635
b9397f9a68c0947c,26182,16284124,132317,26056,16294594,132317
b946063439634e78,36978,27044454,133025,36859,27087414,133025
b94819a1c4f0a940,39099,29186582,131892,38958,29207939,131892
b94a31a72daa3b5b,23624,13705469,139167,23511,13733618,139167
b98061675759ffa7,14967,5063229,127474,14842,5075528,127474
b9af7666e0b5a0a5,115152,105229643,138369,115037,105261703,138369
b9d384eadcdb3676,94294,84365155,132208,94199,84404077,132208
b9de435863839414,27304,17386185,132113,27197,17413533,132113
b9ecc7b4dcbc6fef,97665,87766774,140523,97542,87777550,140523
b9f52de22758d680,71417,61508720,137399,71304,61526945,137399
ba036c9137bc5323,62043,52149185,137556,61915,52158927,137556
ba04eb31a6004a99,47056,37146751,131669,46932,37164483,131669
ba27ae456565594e,94439,84527384,118381,94324,84546783,118381
ba547f5d435b6c14,71782,61905576,136906,71661,61917092,136906
ba66cf856684a012,10204,267794,137234,10122,313759,137234
bacb531ef39988c6,21134,11225735,137538,21012,11243804,137538
bacc736fcbca5836,39315,29425748,140485,39182,29436226,140485
bafe6a996ebe754c,30592,20685683,140772,30468,20700853,140772
bb44a210adf26701,66520,56625953,137761,66389,56636150,137761
bb542250053daa9f,41348,31445625,139682,41224,31457730,139682
bb573e5adf0cadb5,47708,37805722,139658,47585,37817251,139658
bb6586664659b2d7,94352,84428032,134306,94249,84461998,134306
bb6c3bc1ea66fae7,108133,98229171,154728,108016,98246876,154728
bb70f466f0e6c409,79695,69791992,136352,79573,69804665,136352
bb9dbd6ffafa2595,104672,94772229,138178,104556,94785199,138178
bbd2d5deef047888,103980,94046403,128645,103903,94159022,128645
bc190e12644accc5,112479,102591087,128161,112353,102599918,128161
bc1c86a50a79492b,11397,1508082,137298,11270,1518222,137298
bc1e4893035acbdc,94410,84507361,144037,94299,84519650,144037
bc2ee6730d0e6dec,25831,15925365,139558,25710,15940645,139558
bc42f8b0ee5b7e83,69415,59525619,137603,69285,59536907,137603
bc93d3ac4fb973fc,30029,20135681,132459,29902,20145241,132459
bca215ec9c524279,49862,39949903,119007,49785,39970556,119007
bca8a39b4b34fa9a,84081,74187548,133037,,,
bcc2f9d9350c303f,31401,21504432,133279,31281,21514459,133279
bccfe6700537ddaf,27019,17104324,132050,26926,17128920,132050
bcf4eb7550e6e71d,89850,79965004,132081,89724,79974753,132081
bcf896b6922bd385,87113,77222637,118312,86988,77233034,118312
bd0f1d563668ced5,71112,61184278,129098,71025,61220737,129098
bd0faf8699432f64,27116,17186302,131087,27020,17226396,131087
bd1caad92de149a0,85008,75104885,131011,84867,75121103,131011
bd29463e18fc3d92,88946,79049037,130766,88821,79058128,130766
bd2bc1c494890a7c,22310,12405707,141852,22190,12419898,141852
bd33d25e5da1ecec,32083,22185658,140782,31956,22195921,140782
bd505b4259c32db0,73956,64048996,137984,73833,64065618,137984
bd506b042e6a67bf,110836,100929952,132504,110713,100945554,132504
bd65060839d774e9,94204,84267841,134293,94120,84314002,134293
bd6e15bedd281173,54656,44749099,138337,54533,44764745,138337
bd866bf637603a09,23678,13768777,138582,23556,13788386,138582
bda25641fd1d1157,116988,107066292,137645,116891,107097211,137645
bdad96eee9d06a16,12695,2807717,135663,12568,2817514,135663
bdd332b21f5a609d,115003,105070520,138372,114900,105112463,138372
bde70ce0d47b12a6,105467,95472239,129876,,,
bdf20db6a49dd2bf,110213,100309563,137803,110087,100322505,137803
bdfe6887e27fd58b,98962,89065295,132638,98834,89074715,132638
be0568842c02aabe,56643,46753071,180192,56520,46765889,180192
be161754f1e38d46,31698,21789093,140097,31576,21807681,140097
be31fc962e7a105d,10109,164939,127617,10033,218009,127617
be32de96a8bc55c7,83779,73864994,132145,83669,73892831,132145
be3a0dd76a288601,59870,49905581,137390,59792,49979309,137390
be3d308f9b8f1531,18904,9007100,129269,18772,9016942,129269
be4322e66615cf64,68504,58608234,136427,68375,58620547,136427
be612dee6927af0b,52423,42527426,133794,52295,42536562,133794
be655b28bf500ce1,92751,82864197,119613,92619,82872546,119613
be7678bb5d21615c,16890,6986209,131100,16761,6999546,131100
beabece408377800,67454,57528527,141752,67357,57564248,141752
bebcbbb18d97b51f,115211,105306376,138312,115090,105320876,138312
bec1d69fc3aa094f,67611,57689059,136996,67506,57720908,136996
bec40a5df53a295f,59844,49866385,136097,59773,49953723,136097
bee6c766cbe2ead1,43617,33725613,139321,43484,33736806,139321
beeb750159bfb399,13734,3816354,113828,13732,3841703,113828
befa5782592c611f,33690,23785578,139930,33569,23799896,139930
bf0ff63be67702d0,89970,80064726,130353,89847,80079005,130353
bf108e96501cb093,39130,29224638,133192,38987,29238419,133192
bf1641ffd5e81931,46959,37049127,139476,46837,37068821,139476
bf19aff7487a76c1,37379,27465488,138866,37263,27489224,138866
bf1d50aa88c7fb36,104478,94569367,137645,,,
bf219f124f437414,45453,35548871,137797,45325,35562454,137797
bf6a766d3fa44967,61175,51268966,136885,61054,51284323,136885
bf93dfeabcfb236b,98492,88607390,144808,98360,88617446,144808
bfa0b6baff518c26,90353,80422764,119274,90269,80461447,119274
bfbc5ad467c9420e,78246,68366013,137187,78119,68376815,137187
bfdd391e3810b27e,76786,66873028,109156,76703,66893676,109156
bfdfd59ff54c22aa,23196,13263549,132142,23152,13305402,132142
c01bdb29e7e959a2,15089,5205145,137356,14958,5215370,137356
c01e37f6108474d2,42692,32784472,132360,42581,32800951,132360
c02ccdc107d09323,25532,15626721,133376,25411,15640756,133376
c0416b8526ccc087,48603,38726118,139054,48478,38735957,139054
c0427d076d596c82,63309,53426793,100355,63226,53443501,100355
c053b8af9521c7a2,90815,80909151,143081,90699,80924876,143081
c066d203864ceb8d,16264,6368406,137784,16136,6378880,137784
c076a9181cb993b2,27052,17126659,132304,26958,17161012,132304
c076bfc86f32b772,13419,3533622,138302,13296,3543718,138302
c0887e11c7747091,52216,42304567,132042,52108,42325379,132042
c0980ffbeb000702,14780,4876789,139064,14663,4890654,139064
c09c3711bae30a4d,95268,85386671,140950,95139,85397068,140950
c0b5e0e4d7c371d8,115182,105267497,140259,115063,105291795,140259
c0c2689f96ae152a,18165,8263545,129043,18045,8274188,129043
c0c4fa3d032fd42a,77622,67745792,136453,77501,67756357,136453
c0fb485275ed7051,74645,64746160,138079,74521,64755832,138079
c11e9b61db2bbd9e,106834,96949666,138903,106714,96961403,138903
c13478e9ecde1327,101263,91386802,140650,101140,91397970,140650
c14b7bc0c0b6c63a,93621,83707437,132852,93499,83731243,132852
c179302851940825,38722,28844922,133960,38610,28854627,133960
c206ba48b94fa792,69324,59425669,137844,69201,59437088,137844
c21a07dac11bbe2d,13951,3959709,127378,13911,4059574,127378
c21db5c6c800c0af,98166,88245252,132941,98065,88275609,132941
c22d1eb72c77ff9f,10474,564916,137610,10362,583880,137610
c23736957e45930a,14007,4022790,125182,13951,4115323,125182
c23ff0361d346f53,13171,3268125,137545,13044,3280529,137545
c253f9e1919b3fdd,47578,37669356,139351,47456,37687544,139351
c270e0c61c2ef56e,115475,105589514,137553,115352,105599608,137553
c2875cd97cc36db1,112761,102849594,138452,112639,102870413,138452
c29060a4cf60d9cd,109189,99265679,129148,,,
c2b15efb64a32c81,113333,103410227,138747,113233,103442336,138747
c2b3d1f1d1ac57e2,115728,105826212,137779,115603,105838245,137779
c2e2806848e9142e,95988,86064840,130702,95897,86096060,130702
c2e64d00a629bddc,88858,78947613,133422,88743,78967388,133422
c2ec60d687cc0c42,59735,49748721,127493,59691,49844355,127493
c2f87b3b89c04eee,53986,44063847,127707,53894,44095227,127707
c30988b1cd9bcf2d,33213,23286866,132778,33112,23322636,132778
c30f5420dd0c01a6,14936,5025252,129695,14813,5045750,129695
c338fd502f7fbbb1,67081,57169023,136586,66959,57189702,136586
c33b2bd214f56b46,80318,70409085,137264,80197,70427355,137264
c355d92065df3fd4,116230,106346382,138081,116103,106357036,138081
c35e29ec42711a39,60395,50489083,155951,60273,50505462,155951
c36f0ce68205a9c1,104801,94917359,138385,,,
c38ccf25d6932f68,88394,78463369,122435,88312,78502883,122435
c38f8d70d45070a3,94381,84465298,133415,94274,84490269,133415
c391fc6d58ddb14b,74298,64409358,138921,74172,64419900,138921
c3a0ce69407cad94,40882,30986959,133314,40758,30996270,133314
c3b6cfbb20edbead,32643,22745720,139882,32518,22756182,139882
c3b7ba2ccc6dffb9,59675,49704722,115314,59643,49783809,115314
c3d6095773abe02e,21327,11425251,138731,21202,11435983,138731
c3ddef8e776d8fc2,58179,48268968,137823,58067,48289667,137823
c408c78391461a4a,81116,71189612,139938,81020,71226126,139938
c4192ae0d7d7ec5f,93347,83449290,143089,93214,83461009,143089
c428160cb619993d,95360,85470992,146601,95233,85482232,146601
c440246471112c10,15180,5287929,136817,15051,5298250,136817
c449c35a589c7842,85627,75725113,133791,85499,75737835,133791
c454c5f3e22d7cfe,16953,7046253,131696,16820,7061682,131696
c46411db3f39960d,16481,6605417,140487,16360,6616686,140487
c46789c793a8bc87,72285,62397133,138713,72150,62407282,138713
c47860b5ebd4a376,64178,54269003,138197,64057,54287727,138197
c48cacd8d894618b,65496,55568994,137520,65398,55605289,137520
c4b5077d783de607,21644,11724142,131449,21557,11753477,131449
c4d2c7573f2cce29,51805,41895719,131981,51713,41914524,131981
c4dd061efa567b13,13357,3465135,136651,13224,3475189,136651
c4e459e5a72495c7,80262,70385846,137772,80139,70396401,137772
c4ecf6b9a0ed5fa2,78523,68625849,137538,78402,68636867,137538
c4fa50e96a98bed1,28108,18205658,140545,27981,18217566,140545
c515bbd9bb486a80,71682,61805882,138600,71561,61817365,138600
c51a78ae46c0d091,59419,49521131,99754,59406,49528937,99754
c51e2e04be2764dd,40158,30311180,344077,40080,30340982,344117
c537034f51edf6bd,46004,36069765,132994,45916,36114215,132994
c54804b6d2faa1a2,67358,57426176,130054,67263,57467223,130054
c549790f83b2d4d1,110643,100729528,136937,110521,100752037,136937
c56be88f9895fad0,100543,90666446,139471,100419,90677002,139471
c57b38eaa6995c7c,21740,11806920,133575,21648,11849019,133575
c57b464426fc2653,92160,82187777,132108,92105,82269250,132108
c583bfaad32d1576,37282,27385695,190708,37165,27400464,190708
c58890e21d97400b,86422,76497718,121894,86366,76590893,121894
c58940e37fe7906f,64655,54765678,138569,64525,54775226,138569
c58da907ed3bd718,80964,71029150,142308,80883,71073955,142308
c5a17427ddd7b10d,69012,59104337,128650,68902,59121211,128650
c5b838dadb042a84,75267,65365919,137454,75159,65376961,137454
c5c1977a3ebac8f6,16700,6788399,137652,16576,6809817,137652
c5cdfa43c070e197,113482,103569733,137862,113367,103591741,137862
c5d2ee61fb9e4467,25678,15788165,142410,25544,15798385,142410
c5db53fb8b30101e,15911,5983648,129436,15823,6019550,129436
c5dfa3d622460a12,29741,19844386,132049,29618,19853941,132049
c5eee01483b38c1e,53383,43484777,132734,53263,43494334,132734
c5f17a000ef14f00,104332,94446274,138588,104212,94461088,138588
c5f8f0ee9238af3a,82156,72267885,132120,82034,72280115,132120
c601e547aecf6fe5,43797,33889645,140184,43677,33907040,140184
c60bd8f19d1cacb9,67048,57145915,139394,66926,57157301,139394
c625d05f9dc89366,49634,39725931,140230,49511,39744179,140230
c67266a2489d5605,99874,89945168,133000,99794,89983912,133000
c68086072756ddb3,45328,35425782,140623,45204,35437374,140623
c683f7ba038a0b62,31731,21825304,139003,31609,21840570,139003
c6857171729e6c86,64808,54925583,138140,64681,54935443,138140
c6a94097818bfab7,104987,95088962,140116,104863,95101877,140116
c6ddec713bd035ec,36447,26547532,96869,36436,26555936,96829
c6eaf217aab69933,81502,71624888,131105,81377,71634346,131105
c6f9bc9fcc45406b,69848,59945803,138613,69727,59956932,138613
c6ff3a0005df15db,21613,11684047,131800,21526,11722091,131800
c7010a8b8f8c501b,109710,99826171,137695,109587,99839009,137695
c703553a22035d9d,100598,90690466,141968,100477,90708079,141968
c711d717463c9f14,117196,107289775,137193,117076,107304767,137193
c7166a9f2fb1455f,118059,108176273,127996,117938,108185607,127996
c7181794b7c9ca83,11182,1284886,137760,11055,1295328,137760
c731b38dc2d447e6,63070,53165481,137368,62948,53180309,137368
c7388346d7ad7fde,62857,52968977,157462,62723,52980465,157462
c774f2f7123fce15,61239,51329120,138811,61118,51349198,138811
c77663ef6b324d40,30216,20325586,139926,30081,20335327,139926
c7783f5d443b99f1,10797,888230,137528,10676,907389,137528
c788e73170974ad2,40066,30169001,138791,39934,30179136,138791
c790bdeaae9c78bc,82977,73024897,132312,82869,73125041,132312
c795fb1bb0640d50,95177,85286440,140294,95047,85297821,140294
c7c34704281256db,63103,53188753,138020,62981,53212312,138020
c7c9a98eab790d58,43078,33168973,139883,42956,33187335,139883
c7d3e29139a46e5b,19521,9607596,112973,19429,9628585,112973
c7daea63b3efa266,64990,55085634,137417,64868,55099252,137417
c7dba41db6fb8d57,69474,59585748,137432,69341,59596078,137432
c800a14c2fed9d47,72000,62105888,137688,71876,62116573,137688
c80191ddc9c7ae8a,67940,58049009,137809,67811,58060550,137809
c82fdd3b48f0df15,69879,59988822,155201,69759,60000778,155201
c83475e64669f6ef,111084,101164550,128149,110993,101192504,128149
c87a7b1e862e9ab3,48487,38586032,140439,48364,38596343,140439
c87b7f8932e4ff6a,34072,24169837,139476,33944,24182312,139476
c88bd57c86aa217a,18193,8285427,129299,18069,8301768,129299
c8a7c2c8eaa14ae9,47428,37545806,140125,47302,37556227,140125
c8a7cc8b27473ad8,88554,78625240,130958,88467,78662967,130958
c8b42748a7fa7f67,83427,73526292,183760,83324,73548270,183760
c8bd56af3d824e08,81026,71089571,139439,80940,71135335,139439
c8c5e4794772ff87,13202,3304939,136153,13075,3314802,136153
c8ce042cadb85d9b,98642,88746925,141399,98519,88756703,141399
c8d4877a3caee040,64686,54788996,138260,64554,54798708,138260
c8d6890f1fdd191a,103949,94024621,129295,,,
c8f68a2d4384a1ec,15241,5364839,137177,15117,5374539,137177
c90a9ca9b216c595,28044,18145422,139789,27920,18155634,139789
c9164dcd5558648d,113271,103346333,138234,113176,103380886,138234
c918a1ad2522c50d,117652,107746416,137875,117530,107762580,137875
c9195db5274d9fe8,98740,88834239,138827,98616,88849673,138827
c9195f0b8ef022e6,104608,94709100,153971,104492,94723055,153971
c936191c453afb0c,111763,101886420,138056,111639,101896522,138056
c9390e13ca018008,29041,19124158,132832,28950,19150221,132832
c94607c6e9a3c108,35969,26080556,141038,35841,26091092,141038
c96605a1a40b1f6d,22277,12370147,143732,22157,12386948,143732
c96ec987d115746b,46409,36504516,132775,46298,36518947,132775
c97f42f85abab30f,86155,76246749,142682,86034,76267056,142682
c9b66719b652db73,36606,26613751,118592,36579,26714482,118592
c9beb69bcc844701,59920,49965648,138410,59828,50029660,138410
c9d0f2b01abef575,16148,6244780,136726,16035,6258276,136726
c9da9403073aab4d,42319,32386639,131088,42233,32428544,131088
c9f37b1445f4cab4,115124,105206284,137812,115011,105233005,137812
c9f904418e2a10db,57024,47129008,138398,56894,47138661,138398
ca34816ef81cd353,115793,105886483,138214,115666,105902409,138214
ca394ddb5e874bac,27180,17264304,132797,27082,17290302,132797
ca5354646b80d85e,88235,78377949,377480,88149,78409705,377520
ca55c63dfb96ef3f,23321,13352560,132468,23264,13430027,132468
ca6620b1e964daf3,50240,40307006,133107,50144,40349413,133107
ca67889b2e1cb98d,116045,106148142,138720,115909,106158738,138720
ca6fe5b871766827,15753,5805916,131134,15674,5861936,131134
ca738f053ffc3c3f,64624,54725986,138986,64495,54735429,138986
ca8d513015219bf0,53890,43963869,128539,53802,43999305,128539
cab1325ce74840b4,66613,56708942,138135,66478,56721909,138135
cab6258aa1b6f3ae,83871,73964749,131053,83755,73981072,131053
cabfeb9b77eec88e,32362,22484632,132616,32237,22493824,132616
cac683ac5089202d,86737,76804845,131602,86665,76868593,131602
cacbfdd70a51b3ba,31100,21166601,131879,31008,21208944,131879
cacc58f7a8906e11,82811,72824775,130936,82734,72925431,130936
cade32c769c6e4d8,63552,53625717,137547,63465,53661741,137547
caf25c284fa11026,39720,29808669,132307,39598,29828949,132307
cafcb2b43d4d0fbb,70438,60529047,138461,70317,60547619,138461
cb079402f69a240f,93064,83165021,131455,92939,83174417,131455
cb1cc0b58d2768a3,119384,109469126,130828,119266,109496202,130828
cb3ae44382cec827,107220,97285913,136849,107143,97338219,136849
cb4a89b155f10f7a,68979,59072015,128602,68869,59088713,128602
cb5521906595d427,62795,52905737,138884,62659,52916121,138884
cb5e196218903b97,46587,36686534,132571,46457,36695917,132571
cb6251b077f2ebcf,15459,5547630,135323,15335,5567540,135323
cb6c0eb74b422ecf,101513,91606439,138533,101391,91622606,138533
cb712bf366e2c52d,98577,88667520,132542,98454,88686236,132542
cba0d1c867b2b04e,15427,5524808,137171,15304,5535946,137171
cbb006bc30a36f50,82351,72445849,105664,82315,72481564,105664
cbfabbd5eef85acf,114037,104125072,129979,113918,104146504,129979
cc0a0b4701a3f0c8,61719,51789030,139181,61626,51828501,139181
cc0a6751aedb9b63,47522,37645834,139861,47398,37655660,139861
cc34f3c063dc3d71,64777,54889098,138017,64650,54898447,138017
cc75b576d5e9d053,75207,65288678,137037,75105,65317075,137037
cc8163f0b3a7180e,70008,60105912,138296,69885,60118181,138296
cc9c89456873a91c,39406,29525548,139512,39282,29536019,139512
ccbb6f8e2348eabf,85938,76050053,139275,,,
ccc005e037623141,108003,98089500,137889,107887,98115678,137889
cccf58ba443eddad,108977,99110508,334900,,,
ccd4432f6033147f,74237,64346109,139792,74104,64356560,139792
ccd610857f26905e,61498,51564159,129252,61416,51607699,129252
ccd8da8ad3009d4a,83267,73390438,164352,83149,73409572,164352
cce3add6ce4906ee,111490,101586115,137314,111377,101599922,137314
cd21307d0fd61c90,74329,64445992,139124,74202,64455450,139124
cd2cf896c39609af,41379,31485910,140220,41254,31496230,140220
cd578dfce737ea61,94861,84956432,160441,94741,84973078,160441
cd75b8fccb1bae2c,57210,47324023,128633,57081,47333113,128633
cd90930b8dc1be7d,26775,16869578,140764,26652,16884611,140764
cdb3208ac8a6105f,102848,92946352,139012,102724,92957892,139012
cdca3ac31132daec,47023,37124422,132014,46900,37134330,132014
cdcaaade7e25be15,25104,15166186,132106,25017,15213760,132106
cde51b688545716a,42222,32309596,116922,42138,32330636,116922
ce18e826d3b11450,34664,24814506,356107,34582,24842539,356147
ce1cb71f7cd0dde6,50677,40769414,138759,50556,40786644,138759
ce4229b6e7cdb46f,18591,8685121,138861,18468,8700617,138861
ce50ecaa6d5d0f8e,39848,29944367,132224,39725,29957321,132224
ce5356753d357ba7,99939,90005091,130548,99856,90049012,130548
ce5d46606e115a1a,73203,63269290,138830,73117,63313580,138830
ce6ef89fa473af12,68348,58446304,139408,68223,58457069,139408
ce921af21b0c97db,82187,72300902,132004,82065,72314451,132004
ce955eb01ca9f3c7,51870,41944554,132688,51778,41978622,132688
cec046e782e03fee,102258,92349952,136780,102141,92368001,136780
cec42710ffd4b2d9,17446,7545307,139323,17323,7556055,139323
cec914e889d51ede,24414,14525352,139281,24282,14535217,139281
cee53548c824b39b,111117,101186255,128591,111025,101225320,128591
ceffd646aaa5dc6a,23407,13444209,132902,23337,13516609,132902
cf02fd495e3f1698,107122,97214434,139280,107046,97302121,139369
cf04a33de99ac089,98226,88307572,132650,98119,88335131,132650
cf0eb9485adda1cf,96912,87005800,133666,96784,87021424,133666
cf1add6cb43f97a0,108229,98325070,131034,108110,98342091,131034
cf3949b69f4f2cfe,77463,67568719,137040,77331,67578788,137040
cf5b32f2a96029b7,56131,46225694,137171,56028,46241352,137171
cf619fe3f6ecc60a,54111,44188993,136456,54011,44220711,136456
cf622c789c33f237,91796,81887689,132980,91673,81905330,132980
cf6e77384f89baf7,56279,46385490,137603,56160,46396342,137603
cf9d6909ccc3679f,78093,68188708,137750,77961,68203068,137750
cfb2acef1013c02e,19338,9428192,137681,19213,9447403,137681
cfd3e0a45079b479,55370,45465450,137161,55249,45479851,137161
cfd54857d7f16f66,26088,16184096,131610,25964,16197166,131610
cfd94acd240a9f91,61303,51451415,335881,61218,51478787,335921
cfdeb029cd21fed3,63677,53749368,139273,63582,53786728,139273
cfee79fad970d41d,100984,91085300,132429,100857,91094752,132429
cff0153024bd543b,67177,57310969,334511,67078,57338496,334551
d0190fb6c4c2e8cb,86338,76456849,106609,,,
d020e9431291449f,99552,89650251,139905,99429,89661381,139905
d021602ac3d5a574,55532,45628855,137826,55410,45641255,137826
d0306b96adee31b4,73582,63689071,137576,73449,63699132,137576
d0313c31c6cd0372,26367,16485367,139151,26238,16495294,139151
d0793cf31b1eaa7e,101200,91310483,140186,101074,91320873,140186
d097ec2b010396db,112728,102826158,137274,112606,102837562,137274
d0b0aabc175e7d1c,77136,67208838,137748,77039,67245678,137748
d0b46fbb9d6065d9,72223,62325768,138029,72090,62335766,138029
d0d1b8978fe51a90,82528,72609851,77069,82491,72747823,77158
d0f81556be4bcbc0,97383,87506502,139228,97260,87517213,139228
d0ff3e0ca81025a1,52954,43049399,139244,52827,43063801,139244
d10547dbdfef81d3,12947,3044896,136717,12825,3056031,136717
d11d388de3da7ded,44501,34566701,131916,44407,34610487,131916
d126ae037929560d,15210,5325223,137748,15081,5335015,137748
d13e7a7d929eaf32,27915,18012007,138872,27793,18024211,138872
d1406a9fd0016c85,68534,58645704,138239,68404,58661320,138239
d1509cedcc0c82fc,90513,80586628,141745,90425,80622758,141745
d171ddf0a7f0ca8b,96750,86846890,142147,96626,86859214,142147
d188a13e34cd8fdd,101351,91446716,141341,101231,91461037,141341
d19a1c97f8bd7dd0,62948,53066200,140762,62820,53075865,140762
d1b9da12414924b3,49296,39404468,132568,49163,39414993,132568
d1c7f8e1089ecf0f,63914,54009094,137296,63795,54023263,137296
d1cad3d3a7fd0a93,38057,28148110,130236,37937,28166643,130236
d1cdcbbebd36937b,99357,89448347,134894,99235,89466650,134894
d1db63e6c1626201,58385,48505688,138737,58258,48515979,138737
d1e4c63e55357db1,94611,84725238,132966,94477,84734634,132966
d20324bd0f0b6b0c,113049,103124837,128498,112962,103157559,128498
d229b212dd8852bd,74019,64125863,137613,73894,64135529,137613
d22af4c9aeaadcf6,48545,38649644,140348,48416,38659274,140348
d23b98f0c67d2521,105374,95411536,115313,105355,95487847,115313
d23cb398f75c1ad0,72784,62936719,376558,72706,62967083,376598
d23f011a6ffc5434,105553,95545652,129604,105511,95766487,129604
d24dec07edf56df9,34471,24565553,139434,34350,24580524,139434
d274a274959d9e8d,74740,64877789,379446,74648,64909165,379486
d282ffe937e8e77c,38875,28964281,131262,38752,28983899,131262
d29ea3a679bb4f72,98256,88345188,132330,98146,88365086,132330
d2b22b49155613e6,19402,9505047,138060,19276,9514576,138060
d2b28efc3539720d,47274,37385770,139780,47143,37396310,139780
d2b6e31ebd8f36ab,119949,110065417,132617,119824,110079003,132617
d2baed5155b9d683,24098,14186521,131836,23974,14206447,131836
d2c035a0504c6a7a,66488,56585672,137692,66358,56597090,137692
d2d4250d77790c51,104641,94748938,152333,104525,94766522,152333
d2d8dd2039626437,25414,15504138,132430,25307,15523742,132430
d2f67c299d6c0c6c,32145,22249364,139296,32015,22260202,139296
d2fe6196e2957c51,42510,32584526,132664,42416,32618568,132664
d3095225213a8dc6,17381,7484959,137546,17257,7495143,137546
d30bf4d86529e8b9,98105,88185204,133020,98009,88214178,133020
d336b6ee45d1f027,59550,49650604,113426,59533,49660795,113426
d33b319a0e386067,94926,85026486,140650,94804,85036630,140650
d3408a6756bb334a,92476,82544661,130632,92373,82585129,130632
d34a6fc33083b62d,22439,12533250,139361,22318,12549406,139361
d35cc6d616bdd38e,20261,10384995,137091,20148,10394951,137091
d360298d5e3e6965,92339,82386302,138210,92261,82449161,138210
d369c1a27c6d4bd4,32902,22964339,132190,32820,23011758,132190
d3876a67f300260f,86487,76544925,131523,86430,76598201,131523
d3a3fdf3fa20019a,37444,27529815,141346,37327,27553858,141346
d3bf4394e87dc549,20512,10608721,137364,20395,10621439,137364
d3d7235675c6d496,58668,48765624,138221,58546,48776983,138221
d3de1b3ff86d4d35,38380,28484584,132279,38283,28495130,132279
d3f6da551246767c,102346,92449691,138331,102219,92459259,138331
d407d1d5d772eef8,97195,87305192,132900,97061,87314867,132900
d41fea5168f44934,110053,100157491,137207,109932,100167745,137207
d43cf0ac2e4db751,49012,39107264,140875,48885,39121458,140875
d4431ac6a3e6ece2,50502,40604766,133060,50375,40613929,133060
d4747b724d84e50c,38002,28126117,142677,37879,28136810,142677
d478769341868819,60989,51105621,137632,60863,51115300,137632
d484d48ff36f7736,81751,71846531,141246,81626,71860966,141246
d494889081ba4180,105830,95909787,139119,105716,95971467,139119
d4c03a6fa87451a9,50445,40546119,142130,50324,40556170,142130
d4c93610767d36e2,67732,57825641,136905,67617,57840991,136905
d4d8e0cee7669255,36062,26166026,139903,35931,26176808,139903
d4f7354c91efddeb,48341,38424514,132190,48235,38450402,132190
d514ce83e3374eb8,19370,9465201,137678,19244,9478593,137678
d515c340605c2aea,55128,45245577,137136,54999,45256781,137136
d52be011b2cb4b57,108628,98746210,137729,108508,98758132,137729
d539d486145fc434,70951,61029388,130185,70868,61059480,130185
d56ec509ff3ff35e,73322,63406053,139600,73222,63432261,139600
d57496a81a7d065e,72656,62746345,138573,72535,62764917,138573
d5805d5e905e2fbd,81687,71786380,140871,81563,71798325,140871
d58c54e45bb0d8fb,97536,87625035,131582,97414,87645044,131582
d59a17120525cce9,66104,56225698,136994,65982,56236425,136994
d5a1475215c99d83,82626,72653204,99829,82579,72749406,99829
d5a5f5f15bf7e8d0,62015,52125891,139478,61889,52136343,139478
d5a6cdf01e584a7c,78910,68984317,127616,78828,69019432,127616
d5b6093179eedf97,19992,10085049,137973,19878,10101172,137973
d5c6308cab811ab4,34759,24848387,121717,34682,24867864,121717
d5c7c916c2be8b1f,114590,104726848,334295,114492,104752504,334335
d5d1fa04ce18964c,90320,80396524,121314,90237,80429395,121314
d5e773f734e13ed6,28635,18724447,133173,28512,18743674,133173
d5ed22bfb51c9f50,105246,95346795,92543,105239,95358596,92503
d5f07f8ed0735f83,78308,68425627,137096,78183,68436399,137096
d5f8930f98229a25,27364,17464524,132798,27253,17475126,132798
d60c1404521ed52f,40265,30354770,132496,40192,30373652,132496
d6140d6e5fb83780,71870,61965489,136694,71748,61979370,136694
d61bcb231af9490d,51278,41387334,132451,51150,41397467,132451
d61f23f06e1bf986,65399,55485806,137725,65304,55508617,137725
d64ed2b11c485add,55946,46025473,137812,55857,46055954,137812
d66bfbcb11c67be9,119641,109733457,148457,119519,109755363,148457
d66e9b664c74e946,31489,21604396,132180,31360,21614194,132180
d6a599df39b7888a,87797,77907760,132766,87670,77917512,132766
d6ae12a9f46b2359,117523,107626437,137292,117402,107636740,137292
d6e0f4bc0ecfbaad,98836,88929240,132845,98711,88945149,132845
d6edce21fe69097d,51653,41749629,140010,51531,41762834,140010
d70c55e031fc9690,36544,26572945,98446,36525,26650441,98446
d7185e28218d831b,95084,85185164,132963,94958,85194703,132963
d72f940b17a51ecc,16322,6428265,137701,16189,6438726,137701
d739e3e5049dcb0d,38939,29029576,139858,38811,29048976,139858
d73d32050ac7c0ac,13388,3510237,136739,13263,3520435,136739
d7736096636bccaa,92221,82244612,129815,92160,82330810,129815
d79f101eb075bc3a,35492,25606328,141554,35359,25616727,141554
d7a1bf2be4a9d90a,30246,20365475,139717,30118,20375150,139717
d7bb33b69591401e,65249,55370016,120426,65155,55385073,120426
d7bf4b70edb7a5d5,73612,63725952,138741,73479,63736566,138741
d7d583ce74a6c0f4,25649,15764142,131648,25517,15773991,131648
d7e9fbfe3fb4c10d,15149,5264784,136691,15020,5275214,136691
d80f45470623701e,53640,43745789,137796,53516,43756294,137796
d81faf231fa4ffa8,60928,51045810,139282,60802,51057296,139282
d830c609d114e8c6,87706,77807380,133382,87575,77817350,133382
d83a5f40ff986185,112326,102429555,137708,112193,102439199,137708
d8472a1373909d6a,60745,50845692,137708,60615,50855299,137708
d85f54ef4b67f163,34792,24868355,118114,34714,24900614,118114
d879ec3f9bce33e1,100244,90327383,131928,100133,90353155,131928
d882d13a6cf7aa10,68155,58246161,138337,68033,58264898,138337
d8838297519e6349,82781,72784920,131839,82710,72894522,131839
d891b35dc43bd7d3,118710,108786637,128423,118611,108825022,128423
d89bdd0913156ef7,45606,35724272,130854,45477,35734174,130854
d8d292b2ef40f6b6,88361,78437479,120975,88279,78469993,120975
d8e27ede590c438a,38597,28704688,133219,38494,28714195,133219
d902c67794f93ad7,48429,38526560,144300,48313,38538710,144300
d90303f653f91d67,33447,23546692,132669,33319,23556617,132669
d90b3d2bd6ee2f7e,112203,102306358,138338,112075,102316753,138338
d9318b7c9f34386b,64373,54468585,154624,64251,54482717,154624
d94c6051c52eff15,64211,54305850,139005,64090,54320890,139005
d95365bbe08951cd,69976,60069208,138811,69854,60085880,138811
d956d9abeee69111,119173,109286831,141295,,,
d962d5905cca04d0,29708,19804272,132309,29585,19817157,132309
d967d6f165818ba6,85658,75764974,132465,85529,75778832,132465
d970241881a0ad8f,62317,52416601,182786,62194,52430315,182786
d9b72febae08bb91,45070,35165370,138596,44949,35179257,138596
d9b79695afb36daa,67702,57789112,138812,67590,57812361,138812
d9d8781e3e27e4a9,28140,18245769,141415,28012,18256697,141415
d9e625b99b953699,63737,53808968,138075,63637,53846799,138075
d9ed108e7ead78e5,103469,93568302,150265,103350,93580505,150265
da01498aaab513c2,68057,58148998,137572,67936,58166970,137572
da0d7aa343141d95,95738,85876518,371178,95645,85905816,371218
da14b0c109f065d9,86614,76667294,131679,86552,76807858,131679
da18ab773dcc0d9b,111639,101746593,139548,111511,101756752,139548
da2ee2311df295e1,56249,46345721,137504,56133,46359439,137504
da4636ea7abdb937,55499,45605606,137066,55378,45615954,137066
da578be6cb6a8a78,55786,45864377,129272,55702,45894911,129272
da57d364f23e07f4,30720,20809238,140513,30594,20828957,140513
da584130a92dac35,57242,47366016,139168,57119,47376302,139168
da7871db7056dba0,81292,71397832,141721,81173,71408159,141721
da9f52d0cea08b6b,75594,65709144,138279,75471,65719195,138279
daa08c61e41574cb,95391,85507179,144416,95264,85517812,144416
dabbe631af89b2b5,113717,103829906,139164,113591,103839962,139164
dabf810a5cf6fc84,65684,55769615,139064,65576,55793411,139064
dac30c358d13c4f7,95956,86027133,130651,95866,86065080,130651
dad66c58817fc2ee,90545,80626170,137802,90455,80654264,137802
dad9d2a45251c56d,52483,42604675,132521,52357,42613713,132521
daf31c69a3b9c47e,65983,56105668,136882,65859,56116492,136882
dafc4e684b75c3d6,83589,73667233,120327,83485,73700680,120327
db015426e94d0600,15657,5733416,130065,15580,5766147,130065
db066d08d5030317,54623,44725764,138083,54501,44735523,138083
db122fef9b798f56,73988,64085965,138928,73864,64097379,138928
db1a4bbabe506fc7,49927,39994441,130820,49849,40036441,130820
db2e4669c442d4ad,71358,61445700,137432,71252,61467667,137432
dba6871549411225,24130,14225026,133012,24006,14239054,133012
dbbafcf2b876b95d,110611,100706346,138987,110489,100720365,138987
dbc7970f4670f69d,106865,96986134,137666,106745,96997626,137666
dbc9e478453a817c,42003,32105749,139287,41878,32116568,139287
dbe215d34402444d,24723,14809084,140072,24601,14832147,140072
dbf2ca34e8355c5c,61142,51245859,138097,61021,51256274,138097
dc0484690328c28a,86854,76927534,131397,86764,76966972,131397
dc052dae0c8818b2,91022,81144970,131794,90897,81154985,131794
dc19576100a11049,100825,90925330,133415,100703,90934965,133415
dc2793144cbf8a08,75327,65425759,137923,75213,65436946,137923
dc377e7569eefb2b,117457,107549535,138587,117336,107567809,138587
dc4d827799276e20,110772,100867727,138426,110650,100881662,138426
dc76e05b14028fbc,32299,22409702,141954,32170,22419407,141954
dc7bf5ded863adf5,17015,7123633,129757,16880,7133362,129757
dc81be749d31711c,92967,83066432,140937,92844,83076895,140937
dc92f4956222870b,76916,66984241,127831,76831,67025991,127831
dcbb7a519a27b808,102753,92846549,138349,102630,92862072,138349
dcc42316a8e373e0,55435,45528286,136074,55314,45544534,136074
dcda94141522091f,48399,38485501,133424,48287,38508707,133424
dcef3b29ed9c1c7a,40584,30664358,132599,40497,30693133,132599
dcf566240b7fc9d3,108719,98809580,137610,108598,98853885,137610
dcfa9a64b1a92c72,21167,11265074,137340,21045,11276054,137340
dd1afebf9eee2c1d,105343,95392088,112710,105328,95454099,112710
dd2bdf61f1783427,75444,65549248,138872,75318,65559872,138872
dd394d4618cd64e8,25798,15889109,139111,25677,15908121,139111
dd4495234c3baffc,30398,20489331,140087,30276,20507102,140087
dd519756deb0b0e2,57428,47525428,137875,57306,47537966,137875
dd9bfba638c98079,16120,6205485,139938,16010,6229616,139938
dda318b9dc94db16,46132,36204782,132699,46041,36242136,132699
ddad44d1e81a8d43,47213,37309315,138507,47084,37322596,138507
ddb35065fa6c55b8,66263,56368623,154347,66140,56381688,154347
ddbc171942c2999e,110337,100445988,136750,110207,100456652,136750
ddbf5c626f2e735b,14651,4748571,158477,14536,4762624,158477
ddcc56d6db913399,80014,70126190,137849,79885,70136727,137849
dde3a533218d8168,42415,32484816,131995,42327,32524021,131995
dde4368b57f1c69c,64716,54825811,138285,64583,54835131,138285
ddf27732f71dab41,114846,104925002,129803,114751,104955353,129803
de0c0072e3955061,53512,43605385,137443,53391,43621604,137443
de26814d03e8887b,12491,2584849,137188,12372,2600347,137188
de2c4729ebfb4345,16351,6465154,137580,16218,6475265,137580
de2f2e6c24eb3e94,41535,31645516,139521,41404,31655350,139521
de3950825fc31a59,55337,45428828,138185,55216,45446627,138185
de450471e166acaf,108292,98385316,129883,108171,98427535,129883
de8bc8e7b4ba3e8c,82658,72673745,120386,82608,72771355,120386
ded249053f0b6dc1,81941,72044899,132177,81812,72059559,132177
ded6e4ccd345f29a,106742,96849890,139006,106612,96861604,139006
df16f198de1e7052,111308,101386303,136884,111210,101417217,136884
df22c04d3f893caf,72753,62845426,136281,72631,62861788,136281
df3554cca06c9b3e,57746,47814321,129676,57663,47855500,129676
df3741d07ed083a0,64531,54629104,137337,64406,54640273,137337
df52dac26955d85a,29136,19226361,143987,29041,19246660,143987
df6c6611e3fd8022,16984,7083934,131102,16850,7093252,131102
df92a0703c46ee5a,100857,90947724,132243,100733,90965973,132243
dfbc38ff9888dffc,88042,78145109,132426,87920,78156284,132426
dffa3eb29e1452bf,114069,104165187,131269,113949,104177433,131269
e0007b4e4754ade8,43587,33689303,139625,43455,33699887,139625
e002197630ac62ac,81087,71166042,139154,80995,71196522,139154
e0091b323fd3a0c7,55097,45205428,136811,54963,45215429,136811
e040e278ebf3d125,16570,6664982,137496,16448,6679719,137496
e0579281d5af9204,17168,7285796,142616,17041,7296750,142616
e062bfd0a719eb11,59970,50029928,138359,59865,50079422,138359
e08e47381a0f675f,18279,8388961,136759,18146,8398901,136759
e0a61023f24f863c,77808,67905901,138274,77685,67917633,138274
e0afc10a8adac226,97349,87466845,142406,97221,87477026,142406
e0b29fb069cd43c2,14161,4224906,136860,14058,4269852,136860
e0c2e05540b8d078,16032,6105271,129009,15933,6141180,129009
e10a12e6b5d28bb8,29230,19306737,133632,29129,19339367,133632
e11734246ecd7368,12167,2228151,137425,12086,2276058,137425
e137bddec0af55c9,83158,73244604,130516,83022,73277681,130516
e144f46fde5ea2ba,111149,101224699,128195,111058,101258026,128195
e14603104230dd41,103887,93946639,129277,103812,93996920,129277
e1497d77ccefb344,14367,4485222,139272,14238,4495207,139272
e15606d5c3c98ca9,84021,74125571,132992,83894,74138240,132992
e158f45939efcfe2,92422,82470400,143441,92328,82531347,143441
e169adc5f3f65abe,67821,57925632,137704,67698,57936324,137704
e16bbd77a66cdb16,108165,98269382,155245,108047,98287555,155245
e1773477c93ed5a4,66767,56885556,137758,66638,56896053,137758
e1b3bf0d3c958316,30793,20911528,108684,30708,20928807,108684
e1cf63439b6c7cc0,79246,69329180,138136,79136,69355798,138136
e1d3164f92eb2f40,56396,46508860,137328,56270,46519053,137328
e1fa96d2a17c2a88,87054,77164736,131051,86939,77195095,131051
e1fde47d8aa43cce,111728,101846136,136917,111602,101855957,136917
e2082caa85505f14,107155,97237752,137571,107079,97303130,137571
e211c9d4e0cff14b,67791,57897012,137111,67670,57907361,137111
e231052172c75c8e,84523,74584888,131850,84405,74639129,131850
e243344b6c7f98eb,43368,33466519,144090,43243,33477602,144090
e2554340b757c5fc,113972,104069141,154832,113853,104083107,154832
e25e896e05902ebb,96020,86086939,130906,95928,86129062,130906
e25f25228b1bb02f,80708,70795668,114363,80635,70816130,114363
e2690ebb724d3ba4,28602,18686982,133791,28479,18710967,133791
e292500077fc1b1c,115983,106089774,158194,115849,106101295,158194
e2b5019ff1bd5d06,69264,59365928,137427,69144,59376794,137427
e2c7a22fa1d34d8e,86253,76344975,131614,86130,76386366,131614
e2df10eeeb2ba0af,118992,109086704,140291,118880,109104584,140291
e2ed2074b72b9411,65334,55413563,129424,65239,55443804,129424
e2eeff96b60f7486,11428,1544700,135991,11301,1555448,135991
e2f5b7019bb4268e,65923,56029050,137543,65794,56038781,137543
e30896d779fd2dfd,68782,58917518,138533,68671,58928298,138533
e311d4a15f22b872,85184,75305249,133891,85063,75318378,133891
e319474e37bf0c44,25561,15664031,131762,25438,15674014,131762
e32009cf871e8d1b,30307,20425510,139046,30181,20435003,139046
e348b26435e3463a,112632,102726123,136765,112510,102740763,136765
e3523b2d399d650e,93837,83954758,104863,93767,83977329,104863
e356159764374b25,28732,18824198,132224,28608,18840541,132224
e3650a0f0bc043fd,80350,70445899,137873,80229,70459258,137873
e3690c9cd1fff21e,58030,48105770,138169,57933,48140177,138169
e3a05f9991c429ae,84893,74987083,143414,84759,75008504,143414
e3a14d9e3e71e049,95146,85246885,142505,95017,85257472,142505
e3c530476d89f4a4,60837,50945562,137786,60703,50956009,137786
e3c92de5ed608d41,12463,2548127,138564,12348,2572810,138564
e3cc455835d9603a,114226,104326388,138518,114102,104337128,138518
e3ce5afbeeb135aa,53671,43812042,341904,53579,43839246,341944
e3dd3f6ede7eab0b,106622,96726225,137820,106499,96737596,137820
e3e26da22aff54e4,82751,72762667,119139,82685,72862116,119139
e3e8e28988474ef2,21037,11136141,136619,20915,11145648,136619
e3ef276ea1dbf949,25960,16048678,138893,25839,16070484,138893
e4199b49db7e2b36,50936,41029444,139534,50812,41045022,139534
e41e4fe561e892e6,86911,77005086,132089,86811,77023653,132089
e4215e0e673ca587,44982,35105842,139619,44859,35116335,139619
e4255419fba185e3,81655,71746038,138664,81531,71764176,138664
e425c9514d8f10ee,40971,31085936,140820,40839,31095856,140820
e428fbc172277c4f,46498,36605804,139404,46377,36615601,139404
e4399e0375adb0c8,80608,70759939,388901,80530,70791346,388941
e4433b4310e00978,43494,33605581,137786,43366,33615683,137786
e4717147f4f20b11,56674,46775755,134185,56552,46785483,134185
e487cf066cb25b04,82064,72168378,131885,,,
e49dd0a1ac9479d5,90238,80356052,104757,90155,80375846,104757
e4dd9309a7b85ecf,10862,968137,155930,10741,979826,155930
e50b58b65d10f7e1,68002,58125790,137538,67879,58136006,137538
e524f9a5b191f055,96356,86450124,139718,96238,86465295,139718
e55851d27e0b1e76,95674,85767649,131633,95552,85783376,131633
e564e86672fa897d,34633,24724682,134070,34511,24741623,134070
e5703644e27aa46f,75564,65685822,138172,75441,65695982,138172
e572d156e7b0e4b1,22785,12889704,141107,22654,12901336,141107
e5d4075f5dc2a7f1,100272,90365312,133490,100158,90381906,133490
e5e07744ed7c662b,85245,75364821,131497,85123,75376158,131497
e5e18084ed291e03,19057,9165399,130312,18930,9175236,130312
e5e9e3e1e4c7bf76,65152,55246428,138959,65029,55261365,138959
e5ea3e7937e59ff6,73438,63529192,137968,73322,63547563,137968
e5f22c0e211e1241,23935,14028087,142401,23812,14044659,142401
e5f8074bb4494265,55596,45688623,137317,55473,45705348,137317
e632f89ff8b5d0e1,60208,50325468,137129,60078,50335020,137129
e636b34111de4c7d,54590,44685339,136744,54468,44698977,136744
e63aa1f5631c6a2f,73730,63825898,138209,73609,63839680,138209
e64eb11d1e452045,103727,93792249,128313,103658,93883801,128313
e64ffadb646fe12e,73380,63465949,138414,73273,63490267,138414
e6873db4d09bef75,69505,59626052,139133,69379,59636335,139133
e6c06384a77f9c53,83747,73826976,131557,83639,73866607,131557
e6c5b82c5a5d27b1,74892,64964360,129648,74805,65001228,129648
e6dd82bad1185897,30560,20649063,139147,30437,20669378,139147
e6f1c78c0e0d1ade,106086,96183443,172997,,,
e7022877160a94f1,53761,43850422,128586,53674,43870127,128586
e70bcd3b2ea4a9d2,23259,13308022,132283,23209,13367898,132283
e72395f2899a1e54,113016,103095174,129932,112929,103124639,129932
e73ad2643773d38c,47306,37409397,139652,47173,37419725,139652
e73ed7db7eece4e8,62826,52929161,138581,62692,52939807,138581
e75375b30510e7fb,36125,26225563,139835,35991,26236045,139835
e7624bcf07b5a7dc,55850,45923890,128769,55765,45959748,128769
e7627287a65b3701,81622,71712928,166969,81498,71733385,166969
e764bc4a8bd6af4f,18750,8845530,137006,18623,8859536,137006
e76674d69470079d,51402,41525712,139748,51279,41536116,139748
e78b7b4b73f2c07b,113453,103546371,138238,113341,103562522,138238
e7a9616ab546831a,82689,72693853,118533,82634,72803518,118533
e7af3ff38cbe6fb3,114350,104450652,137598,114219,104461496,137598
e7b4cf86dc4f9392,102317,92426268,138002,102193,92436948,138002
e7b5b5ecd209e5e0,111276,101348533,140867,111180,101386096,140867
e7ce37b13df13d8d,56162,46248657,136227,56056,46271578,136227
e7e1c8a8e02d4a36,67548,57629294,138712,67447,57657747,138712
e7f324d8e7d5dacf,50968,41064521,131755,50844,41076817,131755
e7f6ec832c0e445a,77583,67705687,136694,77461,67715864,136694
e80b4e98a94f535f,70791,60892402,156430,70665,60903604,156430
e81457342ad10578,52062,42144679,133086,51964,42171882,133086
e81d236736cf85bd,26744,16845798,140566,26621,16856343,140566
e83cf925011a2f69,43022,33145308,138411,42898,33155749,138411
e846171cfe192589,30153,20265936,142707,30022,20277009,142707
e857f70f7f2bad2f,71622,61745947,136929,71500,61757054,136929
e87613f27b51544c,26550,16645501,139580,26429,16659315,139580
e876310f2c4db707,78031,68126294,138446,77901,68140466,138446
e887b61d53781e0c,17198,7307793,130422,17071,7317000,130422
e88db7b9ce6dfe43,58828,48925505,137966,58704,48937023,137966
e890e3fb66874228,57937,48009610,137194,57847,48047196,137194
e899a2729fd1c004,55250,45365689,138776,55123,45376813,138776
e8c1ae8d02889585,85876,75984722,130353,85747,75997242,130353
e8d5990cb20e636e,83184,73286898,144080,83046,73303450,144080
e8f8cca646584d2d,42867,32984609,132257,42738,32994976,132257
e8f9a932c6349306,55036,45145313,137252,54905,45156512,137252
e9083a2207503d7c,96847,86946589,141134,96722,86956849,141134
e90b61d8a9129d3d,53793,43872169,128606,53706,43902411,128606
e91e9082f547bcc6,101767,91833088,131703,101688,91876239,131703
e92b136bdea6fd4e,31132,21204337,132518,31038,21241011,132518
e93f15f122621ae1,47367,37486141,140837,47239,37496487,140837
e949026e37e99ff2,21547,11624218,133487,21462,11656308,133487
e954172bf4233959,63646,53725852,138280,63554,53755954,138280
e970afe0020f2f9e,11367,1484851,137512,11238,1495778,137512
e98a25438890e725,107252,97309079,137446,107174,97369505,137446
e99543427d38365c,47852,37969923,105866,47770,37985840,105866
e995fa6b062855de,58700,48789052,138780,58578,48809676,138780
e9a1c8e31f1c1748,77404,67509061,137485,77278,67519984,137485
e9b4335f61f7f3a5,99694,89812740,107322,99616,89833006,107322
e9b797ab15864890,68688,58805425,136808,68562,58815698,136808
e9cbccc9f67abe17,89162,79285036,132213,89038,79295206,132213
ea11317c8fe73192,108322,98426595,140197,108201,98439696,140197
ea59214e60b33c0f,40912,31025978,142066,40785,31037364,142066
ea6f36c2d3823abe,114196,104288832,141001,114072,104305433,141001
ea773b75e4063f8c,88916,79026922,143951,88794,79037654,143951
ea7a0c799d86bf76,110459,100568138,139779,110330,100578469,139779
eab8b99b0f50f25d,21102,11188445,138482,20980,11211778,138482
ead66fe1226c4c97,79597,69689103,137634,79476,69706496,137634
eaedb5c4c43503c5,114164,104264974,129086,114041,104274805,129086
eaf9cc690968fe1d,108751,98846444,138542,108630,98862884,138542
eb0eca44f7ad02de,101990,92065237,132883,101901,92099037,132883
eb17c8f3fbdf5bc5,25620,15725242,132005,25490,15735287,132005
eb238eb278057099,70568,60665591,137199,70446,60676729,137199
eb3f1a79b320f919,34714,24827824,79679,34637,24848327,79679
eb514805613c0c42,95021,85125231,131920,94897,85135135,131920
eb564ae2a29fa54c,31579,21689479,138650,31451,21699946,138650
eb79d86995d03841,35315,25409716,141122,35198,25425338,141122
eb8996b8a517431d,60588,50683887,127908,60464,50696829,127908
ebac3a3f0c0af816,34165,24269484,139846,34033,24279794,139846
ec0a5b7e95f13e6a,91431,81527335,130988,91304,81540892,130988
ec13496722f4a2e6,50387,40484507,131548,50273,40496182,131548
ec151b600e5d5ff2,25199,15266189,131080,25108,15308938,131080
ec17e49012702604,83460,73552708,156187,83357,73576869,156187
ec27d3cda8aa0046,114717,104815611,131499,114624,104826395,131499
ec4c30b6e64e24f9,109410,99506772,140118,,,
ec4fe8d2ab702345,13702,3802662,74354,13703,3808984,74314
ec61221f7981a5bc,106803,96926201,138249,106680,96938755,138249
ec7def530202b91c,115599,105697246,181853,115475,105711083,181853
ec91b84efb4555c7,12258,2325182,138088,12168,2367572,138088
ec96bb2074b4e80b,18342,8465099,137134,18218,8474985,137134
eca1dac89a158cdc,84262,74365439,133042,,,
ece5f6cea1642bae,112387,102506673,139201,112259,102517014,139201
ecec7d3d21147ce3,16667,6765174,138855,16544,6777443,138855
ecee02f2cd57cb74,117811,107909875,138381,117685,107920540,138381
ecfa2110185328c7,45037,35129434,139363,44916,35146818,139363
ed174bb4b865115d,100095,90167335,131181,100001,90204068,131181
ed1e9e55805ab883,24884,15025380,352192,24793,15054058,352232
ed252b3083efa20e,103096,93206687,141071,102963,93216725,141071
ed33cd23bccc08d4,98522,88645160,132233,98398,88654816,132233
ed3e1a947cb4494b,110398,100509225,154819,110265,100520549,154819
ed4f38977856bbba,16922,7023929,131880,16791,7033905,131880
ed54bf9bcbf7ecb9,72886,62975251,128588,72813,62995388,128588
ed56a9576f833a21,107024,97170459,334990,,,
ed616715fce42c36,80512,70606026,138049,80390,70621234,138049
ed6ac3ae19b8d47d,40706,30786734,131797,40605,30814328,131797
ed71b56cb03cbb96,31924,22025622,140327,31801,22036794,140327
ed729a4613d4c8f6,116736,106804867,129646,116652,106845467,129646
ed749594bfa8e194,78402,68525981,139158,78279,68536779,139158
ed769a04f808274c,30277,20388903,138826,30151,20398603,138826
ed8057489945900c,11150,1248263,137952,11024,1259795,137952
ed9b8b1912539637,64562,54665789,139049,64435,54675504,139049
eda3128d7f11c77d,60298,50392417,156301,60176,50408971,156301
edca43191cf671b4,46928,37025528,139264,46805,37037016,139264
edd5ac0585c45472,97165,87270135,146306,97031,87280748,146306
eddcacd070c252da,96976,87067864,133147,96846,87084285,133147
ede81af6e2817f74,17045,7145783,131320,16909,7155548,131320
edf5e617eff55626,102785,92886565,138264,102662,92897099,138264
edf898b56f40ffd2,47337,37445747,139538,47203,37456280,139538
ee17efecc821906b,18396,8488481,138278,18274,8506105,138278
ee32c5c456b3f98d,56338,46445249,136790,56212,46455496,136790
ee45bf7a0d11254e,85845,75949831,139906,85717,75962026,139906
ee4fe11e2a43eb16,67970,58085786,138486,67841,58096487,138486
ee664950115fd5ff,23380,13406653,132861,23314,13489077,132861
ee6d2dee09f14a57,39655,29746936,132769,39534,29764412,132769
ee7336d2368cb5b7,76196,66305855,138278,76063,66316456,138278
ee7da9171ee86592,116802,106865189,130093,116716,106910891,130093
ee97816dd531ba85,88277,78396329,110441,88196,78418110,110441
ee9c53abd04d0c23,112599,102689759,137473,112477,102707979,137473
ee9c8c300888e8c3,31224,21304407,132503,31123,21333428,132503
eebfd73fee057942,58297,48405531,138101,58172,48416327,138101
eec062706aea10fd,69662,59785704,137725,69539,59797700,137725
eed6bbfb859631b5,72097,62189035,137688,71969,62206317,137688
eede3dbe72c6caa8,30123,20224453,130473,29993,20233527,130473
eedeef6f8e357a63,78588,68685686,137115,78467,68697464,137115
eeed11e43467ddf4,117874,107973916,138072,117745,107983685,138072
eefa69fa453d43f0,80230,70345794,137653,80102,70356636,137653
ef00695c4763dcbd,94143,84206966,143222,94064,84253147,143222
ef037f97424bcb5b,78458,68549650,139755,78337,68568170,139755
ef1141b13dd316d6,73524,63626276,137671,73398,63636213,137671
ef3d3f230cc22988,99270,89387809,143848,99145,89398638,143848
ef4461f5e65ead4c,47643,37745781,140246,47521,37756364,140246
ef6f0f15a7abb3b8,72409,62525308,135937,72278,62535269,135937
ef9749de1ddb7435,113146,103208702,141705,113057,103255316,141705
efb906c4e6227f3f,110805,100907592,145504,110682,100918048,145504
efbc0cd99c10286b,80383,70486216,138360,80262,70496365,138360
efbedd7e79ce81cc,83003,73047229,131729,82890,73125999,131729
f077d48dea4d0ce9,58090,48168767,137412,57988,48199776,137412
f079364fd7c4742f,79662,69769015,156678,79540,69781909,156678
f0a47c63a9a80621,110368,100469070,136768,110236,100479345,136768
f0aa8a1bec3c5a08,16764,6864916,136575,16639,6875175,136575
f0cb08814da28ed5,49667,39765693,139489,49544,39776623,139489
f0e2c962da948922,71564,61669182,138104,71435,61679095,138104
f11acd614ec7f11a,73352,63429489,138844,73248,63461396,138844
f11bbdcc93404165,86221,76308935,142580,,,
f16429b6d2b725ff,91708,81825021,132059,91582,81835099,132059
f174aff3c9e1c46d,23132,13220909,119251,23091,13239995,119251
f19ebb5cc302bb43,106216,96306415,139006,106111,96329756,139006
f1b0553bcf516d1d,109471,99566463,139307,109376,99605531,139307
f1c41074f65176af,28666,18765989,143030,28544,18776375,143030
f1c4f4d778679c87,114910,104970739,140385,114812,105019336,140385
f1cf2b3ee6df5d88,83029,73085127,132786,82910,73140929,132786
f1cf56fce5037c61,86583,76644959,132329,,,
f1e6dbbecde5b132,63767,53845944,138673,63664,53876989,138673
f1f9e546ce2488af,66043,56165582,136944,65921,56175974,136944
f1fad664a4e88197,83239,73345148,132317,83098,73356628,132317
f21aa081dc7d3195,10707,825171,137676,10580,836028,137676
f2557be71ed36485,33755,23845234,137897,33633,23865005,137897
f276513795d05f50,52859,42949642,141131,52735,42969073,141131
f293b9c9f32cdbbe,102111,92186948,128855,102011,92220323,128855
f29f250ff45dc1e4,110429,100544497,127682,110298,100554998,127682
f2b76f6e246c7fcd,54817,44908541,136553,54693,44926160,136553
f2c41a525f73bd00,75386,65485902,138501,75265,65496075,138501
f2d8ec23e13d799a,66014,56137327,138707,65891,56148432,138707
f2e1e91d2c43d1ed,60714,50807882,140350,60586,50824412,140350
f2e4f9174ac139ca,37788,27886964,132906,37659,27896946,132906
f2f5b05c648b26c9,118272,108366603,139245,118150,108382213,139245
f3161e6de720f949,63856,53945744,137865,63743,53965127,137865
f31652fcedfa3f23,12103,2164547,135609,12026,2213240,135609
f325a80a887b50a5,62703,52805429,137265,62569,52815642,137265
f33de387b2b6a36c,90196,80338562,382093,90108,80368761,382133
f34a28db05150544,101609,91755987,362646,101525,91785827,362686
f35b0f64fd42f346,32020,22125584,140154,31895,22136439,140154
f3692961aa8172e4,67910,58025702,137124,67779,58036835,137124
f386fb123b309502,25072,15143834,131111,24985,15180802,131111
f3a9e6136f242167,84458,74534326,119007,84342,74574078,119007
f3d82262ce872e47,42571,32646695,131747,42473,32680073,131747
f3ef867744843fe0,52276,42365190,133008,52162,42384314,133008
f40ef7f6f989b95e,51620,41726019,139854,51498,41736954,139854
f41e3b8113669c23,90418,80484983,132083,90333,80526723,132083
f4349a13372f9987,99584,89686557,140507,99461,89698030,140507
f435a4f210086c79,53200,43309421,139353,53075,43320049,139353
f44d0ea9c25f7ece,96564,86685156,132837,96442,86694980,132837
f4543951c4437827,36857,26884473,132949,36769,26965904,132949
f45693d889ef9c24,65714,55805845,138899,65603,55823387,138899
f457b0e88e551305,89726,79827100,131487,89593,79836740,131487
f474cd85e26f9c30,73141,63205700,137614,73059,63250464,137614
f476127c85e50424,26398,16508787,138339,26271,16518264,138339
f48d944752529a63,56868,46965563,138196,56742,46976825,138196
f496d03a7839aabb,27603,17724398,132689,27477,17734538,132689
f4ad98cee3e093d4,46742,36865871,139607,46618,36875548,139607
f4bc95ab0d3e3189,61562,51626079,127970,61479,51670965,127970
f4c581039ea99e25,97039,87144982,131463,96907,87154635,131463
f4c5a905d2f53a7f,77043,67126298,139332,76953,67153024,139332
f4cefec3bdfe14db,90991,81105637,131799,90858,81115250,131799
f4e98ffc4caa5288,115034,105106449,138482,114929,105143543,138482
f528cbd008e49055,94080,84144750,130968,94005,84189192,130968
f5389860034ee758,52602,42689514,140243,52480,42710827,140243
f55744eb6c9a5095,99423,89525108,132330,99301,89535563,132330
f57da2574fe26c77,118401,108506540,137740,118277,108516442,137740
f58aa01b6aabc866,57178,47287737,139951,57049,47298398,139951
f5900ebacd581bb5,75913,66009729,139239,75786,66022365,139239
f5baaa2fd77b3d7c,34226,24345994,141348,34099,24356482,141348
f5c7229e870d17f0,78846,68905791,127433,78766,68954416,127433
f5eb58b7c00f641d,87263,77365034,131246,87143,77398682,131246
f5fa4ac35305bf30,90482,80546747,131016,90395,80591067,131016
f60771e5876e1a9b,44439,34507097,132306,44350,34549003,132306
f60a07d90bc59de8,103066,93171600,150207,102935,93182613,150207
f61fa8967a575aaf,35552,25667726,132037,35430,25677230,132037
f62bcacda67e19ba,44312,34384102,131341,44228,34421480,131341
f62cb86cc72ca4be,66295,56394732,154731,66171,56406014,154731
f64cb127fa979502,119319,109411281,142870,119202,109433827,142870
f653d0a3409827a8,21923,12006609,132050,21816,12033555,132050
f658336cb5f2ff94,51000,41104790,132498,50875,41114833,132498
f66e5ed15813432a,46645,36765976,141234,46519,36776414,141234
f67566ee57843e60,111520,101626203,136580,111405,101636498,136580
f67716faf0e80d1c,93032,83125471,133584,92907,83141484,133584
f6a1202e1d1e2176,38809,28904579,133763,38692,28918490,133763
f6bb675547de58a5,50055,40124426,132376,49973,40164005,132376
f6d38ccf0e88a06d,14811,4905216,139121,14693,4920848,139121
f6e61cd731ebddb9,15394,5488404,137728,15271,5503593,137728
f6f1fd95d1155ca9,61400,51489733,129132,61320,51509407,129132
f706949c7fbb8e6c,40490,30564336,132424,40410,30599074,132424
f723ebd8ff36796e,92031,82105564,118606,91983,82139835,118606
f726b1d0a985cb00,28326,18429268,140194,28190,18440855,140194
f733fa2b82792274,100419,90530598,139170,100288,90541338,139170
f7373b9a99c865f8,82721,72722706,117719,82661,72831254,117719
f775d80cf668ba91,111669,101786324,138507,111540,101797589,138507
f7827e5d2dff69bd,66328,56424159,128520,66203,56437100,128520
f78388f1245c824a,31827,21925386,139392,31706,21936886,139392
f784e459a9a9e8f4,77492,67605602,136650,77358,67615414,136650
f7ab856790a07541,35622,25745854,141641,35500,25756392,141641
f7c20d407402e8e2,37222,27349375,161000,37103,27361060,161000
f7d5ea2d8f4676d4,113940,104035783,154101,113822,104050649,154101
f7daa2d6db116a3f,81719,71810275,141086,81595,71829168,141086
f7dcd07020887086,44621,34704278,131829,44516,34730838,131829
f7e3a15e5f371004,118120,108229972,137639,117999,108239724,137639
f7f1382d40555151,96145,86224705,130071,96047,86254105,130071
f7fbd3b3a176b196,38349,28444293,131538,38252,28457777,131538
f7fc915506743e93,40645,30724296,131648,40551,30753723,131648
f807813d753c19ed,54502,44625571,138401,54378,44635494,138401
f80e8b4f086d0679,84713,74784918,131202,84586,74828314,131202
f817ad5439eb42dc,89216,79309249,143491,89094,79326288,143491
f84414fc1b56ce4d,72983,63043918,127168,72908,63090966,127168
f85b63779f227e6c,64869,54985531,136852,64742,54995072,136852
f86baf7667d3b7d1,30061,20164003,131321,29933,20173573,131321
f890c20e7d78eca6,119888,110005793,133568,119760,110018779,133568
f89b82b7825ba129,26245,16346376,143173,26116,16356595,143173
f8d536d608f6ae2e,30624,20725471,138482,30500,20735093,138482
f8daa32aef4fa938,104391,94506565,138883,104263,94520081,138883
f902ef4e19b0605d,90961,81067086,131514,90829,81076209,131514
f90dc7eb0c68cc03,104100,94186491,139466,104015,94270997,139466
f90e80484e4a3456,29903,20004240,131688,29778,20013957,131688
f9220b7516de31f3,88490,78564779,130904,88405,78598960,130904
f94e7d2ed94928ec,84555,74624863,130542,84436,74670324,130542
f960b4d343da6844,81234,71326746,142963,81123,71344064,142963
f963898020087d03,115445,105566285,137884,115321,105576641,137884
f988fa2f24f60d40,92721,82830085,141006,92590,82840129,141006
f9901c87240d4d33,83081,73147112,132244,82952,73197414,132244
f990408094b0171b,19273,9376714,140466,19149,9386822,140466
f9931fb167f2a42c,92637,82745448,132544,92507,82754826,132544
f99b5e08ddbf0a59,108507,98626578,138688,108383,98641696,138688
f99ee12504e38b2a,23034,13129734,107270,22996,13142324,107270
f9a232479e247b3b,108036,98129513,157229,107920,98150286,157229
f9a5fa61c789f941,23848,13965676,140320,23720,13975574,140320
f9cb4f363e8a06cc,86454,76517746,118398,86398,76591680,118398
f9d45b1d22141b88,61432,51511697,129370,61351,51541469,129370
f9d569500fb18f11,44344,34406325,131401,44259,34453761,131401
f9f4c0bfef91c818,90003,80087054,131929,89880,80111804,131929
fa0689e9775d22b8,118498,108630524,332587,118395,108655320,332627
fa0b1bb5d64fa59c,50271,40344525,132481,50171,40380000,132481
fa2c2b6d07b92a0c,100032,90105062,131336,99944,90141185,131336
fa2f2a4b82784b38,42287,32364469,131885,42202,32396124,131885
fa55e11e354bbfb6,103534,93626333,139000,103413,93643782,139000
fa6001023f5c15ce,29381,19485430,139568,29266,19495292,139568
fa819fbe5eb7e9cb,58238,48329171,138176,58119,48347230,138176
fa9490d568088437,68750,58865989,137090,68624,58875802,137090
fa97fe28975ca45b,101107,91210949,141416,100975,91220869,141416
faa5544a34d4c024,12347,2424792,136674,12247,2456523,136674
fac5170541fc42c0,42172,32289818,104071,42087,32307755,104071
fb02e14c865a66b3,81847,71944998,132535,81721,71956427,132535
fb3dee68f5022245,42098,32189426,140485,41972,32207865,140485
fb4a999135198b3e,113113,103184717,129621,113025,103222250,129621
fb4c11cb9f159f64,70664,60765791,138666,70541,60776756,138666
fb78160396da12db,20170,10285510,140955,20055,10312353,140955
fb8f23dd85a37d1e,25863,15965793,140152,25742,15976047,140152
fb9d1f0817bb578e,108912,99006352,138261,108789,99024361,138261
fbcf0135d5d17ff0,43709,33825819,140151,43582,33835471,140151
fbd37a6407af3357,83557,73646912,144250,83453,73669915,144250
fbeaec268dea244c,117967,108069014,137210,117834,108078430,137210
fbec47fb8fdb9b88,16795,6889606,145899,16669,6905328,145899
fbfe2aee5715e236,111699,101809863,139187,111572,101820250,139187
fc25ddd1dabdb2f9,21358,11465096,137358,21233,11474754,137358
fc355280ddf7e4e8,111339,101426076,137165,111238,101447960,137165
fc5a37460b68b0a8,37665,27764340,132327,37542,27774521,132327
fc6b2891ad53827f,54558,44648711,136794,54436,44666857,136794
fc915704f18a939d,117998,108106474,137848,117864,108116814,137848
fc9f9c8b12d96f4f,83654,73743062,119428,83548,73765320,119428
fcb10a6576886d4e,84651,74707275,133224,84528,74765768,133224
fcbde848dda8024e,69108,59185954,129184,68995,59217156,129184
fccbeafdae3c46d0,12761,2885003,137578,12638,2895413,137578
fccd345395de2476,114815,104902940,129912,114720,104923510,129912
fcd005693b0059f9,107316,97386337,137764,107236,97433667,137764
fcd74e38afc01a47,106151,96246072,136228,106047,96271742,136228
fcf31b6043d84d98,37002,27066710,131733,36878,27111183,131733
fd4ee6a63511beaf,119578,109672329,146658,119458,109691251,146658
fd5a5220c61845ce,63358,53448660,129533,63275,53467167,129533
fd6159787615a48a,55672,45788634,98805,55588,45807508,98805
fd6a549015f9cf9a,69076,59164191,128784,68964,59184872,128784
fda53cd452b1701e,115543,105666511,138802,115419,105676577,138802
fdac0dbe2964f349,106562,96666180,137892,106443,96678748,137892
fdba590bb388c048,87026,77126634,139156,,,
fdd8947b887f8969,10678,788166,137874,10550,798574,137874
fdd9443556d40381,62383,52485886,137927,62260,52496737,137927
fdf19a6333a00a60,32998,23064153,130466,32913,23107076,130466
fdfab0476a1ceb10,113628,103729559,136527,113498,103740817,136527
fe07fc46d974f80a,94829,84929351,157039,94708,84941524,157039
fe0b4bd5e59e6001,119232,109347103,141828,119102,109358953,141828
fe275722b13503d7,87198,77287619,132110,87078,77310319,132110
fe4536c6801714b4,62103,52225891,138459,61979,52236259,138459
fe465f7b45496ce2,72836,62953539,100722,72763,62974564,100722
fe547c884ff0d1ab,92665,82769853,144149,92532,82779781,144149
fe655a2ec6ba3c02,89065,79184962,132104,88939,79194872,132104
fe6769e49355ca39,64243,54329262,138349,64122,54352557,138349
fe68c21ba75c1b02,62350,52445288,135764,62227,52459695,135764
fea548c725c581f7,60045,50129012,136692,59924,50155049,136692
fea6107c308c9409,118580,108669671,130862,118482,108692796,130862
fead9931080a4e89,86707,76767414,131713,86638,76867741,131713
feae1e48fbfe8c81,80805,70865132,133065,80732,70914505,133065
feca93a2d384afa7,92128,82165386,116562,92075,82237149,116562
fed34f95750013a8,19746,9823575,129353,19650,9854903,129353
fee1ba73ee6d93a4,47151,37249115,144232,47024,37260536,144232
ff0b7f2dedacb408,107348,97417645,137438,107266,97466196,137438
ff1309455b7fe754,61077,51168973,136901,60956,51186578,136901
ff20ea60c53249f8,35169,25246798,131905,35070,25278365,131905
ff30cfb3d0d40ce9,49959,40024368,131276,49880,40067902,131276
ff363d81e91086cb,28358,18465714,140252,28220,18476390,140252
ff399dd209b329a1,53077,43185750,139589,52945,43195679,139589
ff828285515cc8a1,41627,31745657,140545,41500,31757129,140545
ff9ecca6f851fc50,101799,91864985,131249,101719,91907869,131249
ffb3f4412ebfe8a8,28296,18405611,140497,28162,18416713,140497
ffc2c22cee2d4d2a,24289,14386678,132229,24162,14397951,132229
ffdcb72fcb9dcdea,28912,18988629,119727,28823,19020192,119727
ffe0a41f57a86c46,11024,1125005,138255,10901,1135182,138255
fff3eaf987447eec,27850,17949309,161631,27729,17961629,161631
ffff09ad86e97fd9,79728,69825918,138193,79606,69837490,138193
