content_hash,rtsp-0_pts_ms,rtsp-0_arrival_us,rtsp-0_bytes,webrtc-0_pts_ms,webrtc-0_arrival_us,webrtc-0_bytes
0030ff055b9ee097,60591,50748244,244574,60382,50727510,244574
004e1b4e622f9817,88908,79041737,201491,88685,79020546,201491
004e3828ca6a72d1,41871,32020943,214968,41671,31980102,214968
0074368e21863cfb,18752,8870998,211979,18510,8852027,211979
007c575eb6e831f8,108551,98698471,233466,108337,98696193,233466
007f57939eeb46e8,52080,42194876,215907,51855,42174332,215907
008595f2df973b0c,12647,2773372,215726,12418,2776797,215726
0085b72e26b05319,58771,48906077,214907,58544,48892459,214907
0085fa499121f46b,103662,93796309,216530,,,
0087956aee286570,17075,7196447,201478,16845,7140232,201478
008d26704197ebb2,44256,34390749,214553,44025,34373149,214553
00904d446102bd5a,76385,66494528,201687,76173,66474675,201687
0095bf1c5d62f3ef,27857,18012556,214679,27628,17980479,214679
0097e355e2da45eb,79896,70017389,216140,79660,69995017,216140
009f478dda88c61c,53157,43269126,214378,52904,43252315,214378
00a630a02d9fb740,19164,9306455,213411,18993,9287340,213411
00b1c42f505188bc,107330,97451643,215529,107056,97414882,215529
00d266f8808a69d8,50167,40274175,205410,49958,40317003,205410
00e255b505bd2377,53218,43332134,215315,52963,43312939,215315
00f21c96f5957541,,,,32974,23332801,217514
011c361bb0792396,12803,2930192,206680,12563,2910633,206680
0136e1692e5b5ea1,16489,6619152,213675,16266,6598653,213675
0162720962e60937,43641,33764520,205613,43436,33749697,205613
019a3c4de8b6d5f9,63555,53717883,215900,63332,53692896,215900
01a410f1791db989,78707,68809384,217350,78467,68785957,217350
01a48248c8c9ea5a,63465,53603912,215843,63243,53593813,215843
01a74ef2697ebb67,31055,21169338,206324,30851,21144636,206324
01c47ced9d5afcf9,52205,42329872,214934,51976,42311892,214934
01c88f6b4353cb19,117710,107859555,209940,117493,107852410,209940
01cde3df39acda13,101454,91565696,215682,101220,91579084,215682
01ef191cefa0f24a,71982,62103743,218630,71745,62104245,218630
01f80cf66ad5e0ff,53094,43211641,217255,52844,43192332,217255
01f8382342be5cc4,17822,7961743,233407,17609,7946220,233407
0214586e21f0b432,19995,10140203,213717,19782,10122091,213717
0225163a9f3b6009,14711,4835278,212849,14460,4811304,212849
023cb9ce173a283f,45189,35335205,216607,44972,35333902,216607
0253404bea72a874,106536,96684004,215834,106328,96663890,215834
025edf1a193aa5b3,31466,21589032,214653,31241,21570765,214653
026052f3e5536bbd,82274,72409143,213841,82093,72394358,213841
029196b5945787b2,,,,88596,78955350,199409
02a4236839432c15,25665,15780202,213682,25427,15754968,213682
02a52277a1a52d11,17172,7254474,205815,16941,7224863,205815
02a555bba9dc6398,57739,47878456,203994,57562,47859882,203994
02c666b61faf7508,87885,78045410,215402,,,
02ca7f5dd5ec2022,99348,89429936,201934,99083,89414573,201934
02cb3ce2e27657e5,27687,17843177,214130,27474,17822019,214130
02ccc64452598a29,97775,87832621,214562,97474,87832623,214562
02d67cd162f55101,34276,24428701,217250,34059,24403876,217250
030f613807093316,109449,99594587,215579,109229,99588312,215579
03480238e5ee93ed,66656,56793152,214097,66441,56771585,214097
0352b764a716492a,112996,103031081,215060,112669,103012578,215060
03538dd7c089d50e,24177,14337250,213381,23957,14297389,213381
0363ff3fb61c15dc,93049,83165086,214803,92829,83136965,214803
03713dc3ee5da6ef,110892,101045057,215292,110661,101010820,215292
03736c543674a879,,,,15721,6080023,187053
0398df70b18cd24d,94871,85010435,214117,94653,84993850,214117
039ce1efa7a1d221,116597,106666201,215161,,,
03b682a6841cd762,115869,105990899,217018,115609,105953399,217018
03bd5b20dfb92442,107968,98080351,202124,107725,98004922,202124
03c85741fe6c34c5,14297,4436597,215137,14089,4411490,215137
03cb9a05e5f6088f,33247,23396120,217543,33024,23363441,217543
03da07f02dc027c9,114358,104440118,215476,114070,104414969,215476
03f4c193324d4381,105957,96104339,215805,105735,96078323,215805
041f0d58eb5c3f2d,42876,33015128,216778,42657,33011112,216778
042bc4faf55733f5,34907,25015712,205139,34658,24992239,205139
042e0c911565eb53,,,,113664,104004255,214975
04326e6d739d7136,17578,7695412,212488,17338,7666138,212488
045dd553068b5686,48187,38339186,214930,47971,38331574,214930
047de0991aac090d,117465,107608995,214803,117260,107601009,214803
048ff17b10908d60,21132,11247656,212293,20879,11231960,212293
04d921623f617e35,39716,29835581,175538,39488,29846866,175538
04f00ba707735e1c,46910,37046199,216312,46683,37024545,216312
0507664c8ca05ad9,37389,27507607,216562,37152,27490814,216562
0510e30d17670c85,29203,19345656,206567,29010,19313028,206567
05156d33db339139,10801,951916,213277,10580,940966,213277
0537274b52b7dc2a,61404,51559247,215799,61189,51531306,215799
056bb27e2166267c,103797,93958488,218523,,,
05702f1ec2b631ad,42449,32579318,216558,42217,32557044,216558
05795ce43ef87adf,51393,41516308,215189,51154,41503931,215189
057a63819f50842f,18171,8329319,212544,17958,8296424,212544
059873ac838ed933,64679,54825497,215075,64475,54799445,215075
05b3323630f85758,79693,69844262,238074,79474,69836083,238074
05be53347d9f3068,38173,28315976,217358,37958,28312717,217358
05c1f251755c9e28,71313,61470487,218588,,,
05dcfe4db3fb88a9,65562,55698941,216398,65337,55673688,216398
05de6d394611ba40,84468,74612695,214183,84246,74593138,214183
05e06d78dd1707d0,108084,98150331,215499,107840,98198619,215499
05ec264b4bd45a7c,56153,46267399,213827,55927,46255497,213827
0610558afe09d9e6,112262,102403792,216044,112036,102392598,216044
06123ecd936d6e9b,13385,3532134,214572,13167,3508067,214572
0638b6965cc5f72c,90203,80349589,214046,89992,80335588,214046
063dac7e8173f6fd,109945,100064109,214182,109732,100055279,214182
064395643d0c7e93,108407,98546925,215333,,,
0648a7d9bb1f7136,44815,34960068,215839,44591,34936032,215839
066e8f36aec34f69,101397,91535309,216782,,,
06777b9f952ba2af,27215,17341238,214989,26974,17332030,214989
068feba73f8b1100,54723,44863542,213191,54501,44851617,213191
06a44bddbad13521,49989,40076785,204080,49776,40134876,204080
06e8f756dc5ec583,10921,1054692,216640,10697,1037573,216640
06e9b5e29d08c2d7,26018,16149886,215906,25790,16124872,215906
06f660cc2cef7f98,22534,12691061,212566,22309,12671185,212566
06fe4baa2894d24a,105399,95523395,216563,105182,95503696,216563
07017db37b920cf0,51735,41870167,204093,51530,41850858,204093
0717142e5df7c106,80587,70730346,214404,80395,70712272,214404
0723b203bf780b03,104781,94930649,216642,104555,94904780,216642
0736405979c79028,112734,102906281,217321,112511,102864531,217321
075930f53447df04,33850,23985537,216447,33624,23971355,216447
07a92b1933dd25f9,31181,21298232,207820,30972,21271349,207820
07d6e474d37ff6f5,,,,47601,37942761,192904
07f09e6d58189a52,21688,11851579,214171,21469,11831599,214171
0803188107d2b8de,80376,70506956,199457,80185,70487269,199457
08230d621ace9885,50647,40794544,216215,,,
082c5c7765c3d77a,50325,40463053,217942,50125,40484361,217942
0837de4b24f79c16,95672,85791061,212012,95440,85772537,212012
083d714f6afb131b,118935,109046531,215517,118678,109027494,215517
083e6de9ee20d2f5,20744,10863351,213719,20500,10842425,213719
08444232db05f37f,,,,16909,7191749,202777
08947f34d321c720,94695,84841138,215304,94470,84832750,215304
08ea2ced730d84b3,36005,26155082,218583,35776,26131928,218583
08f3cd0989189bf5,38142,28286348,215706,37927,28272116,215706
0909fbf0dc2f4e66,87604,77734927,214613,87370,77715323,214613
0915d4218675edc2,62614,52717726,206047,62369,52698357,206047
091cc9f36ab779dc,11297,1461351,215908,11071,1417150,215908
091dae59c6c704b6,114528,104644178,230817,114293,104626261,230817
092631471bf6e6a0,,,,14894,5233585,213179
099f585309b2118d,67354,57508206,213878,67144,57501609,213878
09b7f9e756d24d3d,38259,28420816,215903,38044,28383589,215903
09c4cba8b89ec1b0,89544,79677466,214653,89302,79643644,214653
09dd944d221dda67,16154,6266163,211666,15941,6239951,211666
09ec81049e80429a,110113,100246210,216150,109894,100219039,216150
0a1fa53dcfa996b2,38703,28823829,153908,,,
0a20475c32a61123,24658,14800428,236601,24433,14794990,236601
0a2a6f59877de1c8,91575,81689422,213722,91328,81667489,213722
0a342af143b522af,21160,11267193,213464,20908,11252249,213464
0a6d587783842351,64000,54109431,215254,63740,54099187,215254
0a7191bc5565039d,75278,65428951,236919,75050,65407631,236919
0a750e0bfc5df70e,101982,92086033,241552,101727,92069045,241552
0a7f1116dc1a290b,73619,63724248,220445,73365,63702255,220445
0aa521ac6af76b1f,81642,71771694,216900,81396,71751929,216900
0aa838df4b5240a1,19285,9431391,213405,19107,9415064,213405
0aabe879ca1e9293,118989,109105708,213475,118734,109094386,213475
0ae384a8edaa891d,68511,58725544,215265,68321,58633203,215265
0af18c9b565d66b9,89141,79295166,215849,88923,79272581,215849
0af64832a018ac9d,67292,57441896,218625,67076,57432522,218625
0b202a76ae3496a1,35532,25685133,214088,35309,25647774,214088
0b278373530e0786,63006,53139927,217004,62781,53141836,217004
0b2ca219622b4255,95384,85530173,213627,95167,85521281,213627
0b4977347445979f,84004,74125217,214775,83769,74107137,214775
0b4e86d7f42d7637,117680,107825751,236662,117465,107816903,236662
0b506318d5bb72cf,17772,7937183,234649,17553,7915338,234649
0b589e70ea3288ce,117370,107510921,214903,117168,107494702,214903
0b6e6ae0afdd211f,21902,12057375,213821,21694,12051575,213821
0b89f6d6412f1fd8,90172,80316947,213245,89961,80296623,213245
0b9ded489e431390,27159,17280650,214831,26914,17258657,214831
0bcccc2b4bb916d4,103234,93364775,215381,103013,93345761,215381
0bcfc79a6b58aecb,10705,848246,211736,10478,830757,211736
0bd6a1b53184ccd7,40479,30626850,309060,40270,30633847,309060
0bfc28db6ee99c4c,64891,55045489,214650,64675,55018300,214650
0c08398f29823023,108509,98667142,232799,,,
0c18f35195293b9c,80497,70636666,214880,80307,70615961,214880
0c22e386636c3071,111595,101706351,202667,111390,101717007,202667
0c4d4684de640284,88695,78819620,214893,88469,78804667,214893
0c6dc1b0571e8826,75519,65664348,214035,75293,65653858,214035
0c84fc36143d3f95,50978,41079432,216779,50709,41075915,216779
0c8ad31d0b01920f,14678,4795232,212979,14430,4776578,212979
0c95782abf4c99bd,80315,70458223,201702,80122,70423756,201702
0ca72a15182b40d0,113335,103402496,216177,113043,103387932,216177
0cbc613e8359bc59,30782,20932435,215750,30568,20911195,215750
0cbe8a4cb4f3d01a,42319,32451701,215783,,,
0cc6c6b19960ff1c,117988,108148372,215941,117776,108114536,215941
0ccdd46e5b8e7e0f,45092,35241101,214681,44871,35232282,214681
0ccf4effe4cb5bc3,114405,104505889,216037,,,
0cd4375b987ced2c,51570,41709093,214246,51342,41692660,214246
0ce0cefbe5c5e159,110323,100463963,215949,110097,100454864,215949
0d07f44264a2066f,,,,70490,60764907,215079
0d0c1c8fc2ca8f4d,,,,25130,15405725,202320
0d11a1d4ff5e8f85,74771,64913923,218325,74554,64892168,218325
0d19562970989b00,35715,25863784,214988,35499,25844858,214988
0d39a57e7c4479dd,107755,97830476,146420,107518,97824189,146420
0d445dc71c2eafda,47069,37204076,215291,46839,37191515,215291
0d4c4db711b6e493,11534,1697342,215904,11320,1671712,215904
0d58b08787a413e2,102913,93122590,454556,,,
0d604d3c3917753e,27355,17494000,213279,27134,17490681,213279
0d6193aa1aaed822,92542,82667362,238019,92301,82643786,238019
0da1aaec18c57aa2,,,,115193,105561595,151488
0da82fbd99117860,97188,87335418,202228,96969,87315176,202228
0daec1e8c9443191,80813,70957123,215507,80587,70939130,215507
0daf56f0b1ff41eb,64620,54752006,217406,64416,54732465,217406
0ddd39bda2841bf6,47521,37624392,204566,47311,37604982,204566
0de207f5ea5d5c21,63676,53823056,214867,63460,53811932,214867
0de78da2c9134311,,,,98620,88979827,214517
0e12d7a89d2c4383,111411,101556140,215975,111207,101566053,215975
0e198904b5bb774a,110173,100312893,215942,109952,100290841,215942
0e1df8549966a6b1,60292,50449570,215857,60071,50433092,215857
0e2792ced2ad35c5,92237,82374036,215971,91994,82352241,215971
0e42c19ee343fef5,11356,1505224,214672,11130,1478179,214672
0e452a4b68662523,102166,92277728,215906,101916,92256596,215906
0e48576b49e0c47f,111112,101243873,214837,110879,101232280,214837
0e571d1df46a1fd3,28489,18633763,216050,28260,18602019,216050
0e80df1fa431648e,20376,10485970,213384,20127,10471115,213384
0e8c76e8b6da9243,86375,76504455,216577,86148,76484873,216577
0e8e34f7d70455e2,,,,107971,98291979,213893
0e94c3d7bb597949,,,,16876,7159569,201144
0eb553144ac2588f,114153,104180822,216510,113821,104161791,216510
0ecda8c43f17258a,60257,50394696,215988,60030,50391896,215988
0efcae68ec99c55d,24820,14956372,216052,24590,14923772,216052
0f130a7857f4fce4,62828,52954385,215915,62596,52936300,215915
0f2a8be84f505756,68014,58145249,215851,67765,58123412,215851
0f3bb44a5caf4f5d,31602,21738530,215594,31371,21732818,215594
0f4828e5738931a1,98148,88282418,215174,,,
0f4b143645b37a8f,10953,1094869,215077,10730,1069121,215077
0f55f8af66543378,106053,96194556,214566,105829,96185401,214566
0f64f8c14b57561d,15578,5699146,215486,15333,5691130,215486
0f95928688ca91b4,37085,27164851,207982,36843,27145936,207982
0f9c58f8c3937baf,56800,47004899,215028,56556,46905214,215028
0fb7cd9459d5437e,25164,15232008,203024,24945,15240815,203024
0fbf028b9e6007cc,25898,16023504,214065,25662,16010690,214065
0fc8596f8517f54a,94542,84684393,214802,94312,84657423,214802
100cb91e3e574eb5,112016,102140321,215042,111801,102122493,215042
100f61ba898199b3,78846,68957195,216429,78604,68952873,216429
102072b901b8c698,27655,17811744,212651,27443,17790163,212651
1026bdaf520a5a8d,27794,17938931,215840,27567,17912103,215840
1045a37bd555364a,107021,97082082,200012,106715,97055687,200012
105608f15bf5b2b2,72765,62901582,216413,72545,62883311,216413
1061df2593289f40,30088,20217684,216796,29856,20209402,216796
1087f9951f1fae8e,49052,39208296,218088,48848,39206694,218088
10b8d6db3e1da646,66264,56381890,203231,66057,56361670,203231
10e41369620d6c96,22081,12247256,213831,21871,12211395,213831
1107a5b795869a14,17717,7850497,212951,17482,7841912,212951
110bdccc8819e760,72251,62389156,216471,72021,62364407,216471
111936add87d009d,28738,18871344,205788,28509,18850891,205788
11319500186d9258,63403,53540097,215939,63182,53523427,215939
1146d9a476fc50ff,34438,24581315,217645,34210,24572078,217645
1160eb06b9d3b9d4,51600,41746021,212298,51373,41724391,212298
119c1fe85f24b4e5,94354,84488688,215348,94128,84471621,215348
119fc9e2180fd8c5,75901,66041038,216539,75681,66020712,216539
11c81977a75d4435,90671,80787787,212459,90443,80818846,212459
11d9f7daff6f5072,84500,74641278,215681,84277,74620158,215681
11ebdda81ddebfa4,72550,62702271,197725,72335,62695867,197725
11eca6380b4a3960,19255,9401419,215023,19079,9381870,215023
11f6629d06c5fe39,90928,81061279,216322,90711,81036229,216322
1203d3def72fe933,60883,51021978,214812,60654,51011466,214812
1218b47f64d1d19e,36307,26447334,217188,36089,26432250,217188
122394f7d5e05f8e,37115,27197842,207903,36873,27177996,207903
124c6b223e1d12d5,68893,58988279,215873,68611,58972368,215873
1257aac1fca58a43,45592,35703915,205279,45390,35692029,205279
125c54d56a27a8a4,93865,83942676,202917,93583,83904378,202917
1262dbb785b86b68,117650,107800376,214792,117437,107783247,214792
12960146d61587ce,114639,104774856,216205,114422,104754963,216205
12ab50724c2fd5cd,19803,9946810,213383,19590,9932343,213383
12c51b4a91d20bd6,88107,78256631,214206,,,
12ed9272249a7de1,67864,58008709,214237,67609,57955532,214237
12ff6bcc49b1afd1,44195,34329243,216952,43960,34312848,216952
131c67028bee09bb,96739,86862493,201870,96497,86849603,201870
1327f3faed61e74b,104160,94300035,216927,103916,94259464,216927
132c7b88c16ff265,71579,61727578,214746,71376,61712072,214746
132c7f62f3057ac3,82364,72508077,215418,82187,72484353,215418
13351739883950ad,102339,92470403,215858,102097,92452909,215858
1343b368ae994fbe,72282,62412868,216066,72052,62393760,216066
1359d3fb1d93cf0e,39184,29313779,214869,38976,29294385,214869
136c4744c3453cf2,103878,93997315,217499,103644,93971110,217499
13c238659f9e2cb8,109532,99689277,464174,109327,99691956,464174
13da2b265a73eab6,96969,87111648,216566,96753,87113165,216566
14003e09b7e18cf3,50050,40144598,203249,49836,40136343,203249
1425abb593d474bf,99926,90061292,200300,99700,90041554,200300
143577337e9285e3,26146,16275008,214591,25919,16253892,214591
143764498732cc5a,,,,68349,58670818,215885
143dc3f3bafe7d26,55860,45965944,214780,55636,45933614,214780
1466087163cab655,44348,34489531,217881,44127,34471493,217881
148bee1e75b75245,13051,3177948,214157,12826,3159288,214157
14995e71ac4fb4eb,114124,104150812,216734,113790,104135067,216734
14d279d8b8fa85a0,88138,78287306,212886,87931,78289539,212886
14d4efbf1504e5fd,111785,101905407,215585,111578,101885292,215585
14d82a7f8e663a90,46156,36297336,214824,45931,36276416,214824
14dbeae16fda01e7,113086,103130953,216106,112763,103124591,216106
14dfd91b16762bda,118708,108799956,212586,118446,108763671,212586
1501db1ffbebf150,43307,33438929,205396,43060,33404550,205396
1511f6183ff9c990,74991,65121758,215360,74763,65104265,215360
152baf6bdad64a45,10046,200293,214864,9829,171328,214864
154a3f698ca8e892,10412,557828,214715,10197,538288,214715
15620192c265da5a,23674,13821177,214685,23450,13811646,214685
15732effc001cd59,45357,35514970,473696,45161,35526796,473696
158179b9c6b9263f,34499,24641073,247303,34275,24637097,247303
1582bf32a186a0b7,118881,109003879,214948,118622,108958115,214948
158b2dbfb1b9cbe6,10736,883354,215424,10507,857537,215424
159d59ef47b4e305,79182,69324534,238687,78966,69307153,238687
15c2aae76a3ac714,46187,36329720,215821,45961,36311127,215821
15d46e0145601397,24408,14542252,215231,24174,14518938,215231
15ef40232b932d33,107197,97260628,216562,106900,97255171,216562
16068183ec4a8b4f,87422,77514443,214948,87166,77493814,214948
1610d4aa968da8ff,113538,103675266,201797,,,
163bdf244f23f4b2,51009,41110342,214730,,,
164d947e672935d1,96936,87076388,217105,96717,87073194,217105
165aa83751b7805b,26511,16659963,214438,26288,16642041,214438
16719ebb985ac151,64339,54458697,215528,64125,54432247,215528
1671e6b57fa6efe4,81368,71506226,214501,81145,71493135,214501
16db94cb7c52fd5e,,,,26729,17097600,192438
16e8a623e301f207,30476,20609828,216034,,,
16f286fddcfc53a9,67169,57318850,215236,66950,57311501,215236
17015373e75377ef,28520,18684367,218715,28291,18632187,218715
1721ff5fe27d63f5,41592,31729538,204860,41397,31692317,204860
17276505c7b82703,54386,44511335,216578,54163,44495094,216578
17541bc26dacc4eb,83853,73982473,216773,83615,73950586,216773
1767c8ae76e2f27f,75773,65921687,214142,75555,65913964,214142
177e34bc568b4d10,49262,39392954,215388,,,
179139b05ac6759e,78148,68286803,214964,77907,68262263,214964
17acd8763d35898c,28677,18809363,217258,28443,18792449,217258
17dbc770b4fb36b0,25927,16053622,214789,25692,16051654,214789
17e5a3b662456c03,94839,84986430,215537,94621,84959686,215537
1808da2426537a88,31575,21729622,217197,31345,21702778,217197
180b79f898ec516f,60090,50215755,216918,59869,50195491,216918
181ef935c6c2ceff,66510,56634059,214264,66300,56659222,214264
181f53d565051250,10199,344448,212142,9983,329967,212142
186324693fbf6bae,13082,3218169,215306,12858,3192340,215306
18721d83836666b1,28134,18274517,211902,27918,18270122,211902
1877fd18def423ae,70740,60784115,201980,70459,60731342,201980
187f9647e6f31581,92437,82564155,215080,92206,82545915,215080
189a0ead928ee09b,60146,50275965,216827,59923,50262632,216827
18b6cbaa9cdf9956,54289,44442037,217293,54066,44395978,217293
18bdf38e7a2f0396,71391,61534115,204230,71183,61515580,204230
18f30220f7231497,44069,34206500,216615,43845,34191566,216615
190177598b208a4c,79305,69467613,214772,79093,69432803,214772
194e60a96c125b69,11175,1315971,216128,10950,1292320,216128
194fff35330d0d18,17295,7371205,202105,17061,7350968,202105
195bfb13e22bba45,88726,78850736,215189,88501,78835054,215189
1974faaf6eaaea29,39654,29778464,179498,,,
197a892bd6f5153d,67895,58031421,215227,67640,57993036,215227
197d55380939cebe,36659,26800936,217092,36429,26777434,217092
199bb5a66b4b4c6b,74621,64756335,216727,74405,64743632,216727
19c576903d87e870,108284,98395357,214391,108033,98368584,214391
19cece17c2130f17,66539,56664916,213266,66329,56660054,213266
19e656a21d9c10f8,59514,49668039,468941,,,
19f70dbff6e146b9,10515,660696,214081,10292,636380,214081
1a063afabd525afb,,,,61607,51905901,207749
1a0a027c57082dec,65050,55162356,216270,64792,55153097,216270
1a11c8de279fe7e0,119125,109263669,213944,118892,109253007,213944
1a19a1ce2c94ba33,10444,592812,214337,10229,571022,214337
1a3c713afbf5b0c1,68984,59070934,218693,68712,59073438,218693
1a4ae9255ef9cd8a,46095,36245087,215256,45874,36212542,215256
1a61b54ced20dd89,28584,18716006,215253,28353,18695959,215253
1a9b1c1f571bba15,109975,100093455,216860,109760,100094500,216860
1aa2d2bb2b58e028,28615,18746299,215847,28382,18731627,215847
1aac257d6a4d8261,113362,103436000,217369,113075,103424135,217369
1aade9bc2689f568,42544,32676143,206326,42312,32652158,206326
1ac4a6d7e5fa5841,113253,103307233,215346,,,
1ac5c87910bd69e2,117866,108019670,237242,117655,108016667,237242
1ae308dcdd25b623,74682,64820273,218551,74466,64799583,218551
1afb80ee7d0d6031,82860,72997710,214842,82630,72991603,214842
1afeefb4b746f432,20559,10668443,214830,20311,10648577,214830
1aff159b78b0aa52,112481,102632350,237127,112261,102619436,237127
1b0e4f6e0c829320,105644,95785993,215898,105427,95771467,215898
1b1a8ba2d154b757,105707,95851530,213868,105492,95854462,213868
1b31e009da352801,,,,101400,91750981,214974
1b360b3b4a352f25,,,,17090,7382460,202829
1b8b4a564eac21fb,53901,44046978,205286,53697,44030203,205286
1bbfb8bf4263383f,59332,49484741,215518,59110,49451847,215518
1bc1881b5e71eef2,55046,45193671,216333,54833,45174159,216333
1be2d5aff68b4621,114095,104145270,215194,113758,104097280,215194
1be43368da51f72e,76634,66751624,214147,76419,66733346,214147
1be52d6981ace13c,54418,44544089,215819,54195,44525773,215819
1be62e03d4b7a662,56426,46566109,214200,56211,46547263,214200
1c1a24e5f2b403bc,118447,108541038,213204,118201,108504320,213204
1c1b0e4f5c8a52fd,39003,29126171,216845,38804,29107410,216845
1c45de82fdee436d,65287,55403669,243705,65055,55387424,243705
1c58f6fc93870172,59455,49599635,216538,59233,49574983,216538
1c61133a013deab5,62194,52259738,216378,61883,52223978,216378
1c671932eb4439a7,76271,66388925,189528,,,
1c91641527d3cdb2,119457,109599919,215918,119248,109606311,215918
1cf274f62ddad203,48751,38897997,241881,,,
1cfb526f45ae81b8,115930,106025993,216038,115670,106023409,216038
1d20af7dd21141a7,32593,22731117,215536,32372,22715121,215536
1d36764837f3eb2f,67739,57854459,213380,67486,57831297,213380
1d45652ca26e7cda,,,,36590,26895335,206574
1d5e2dea799f7ad4,35780,25934860,213281,35561,25906986,213281
1d705c90e288b89f,14051,4173785,202337,13848,4151248,202337
1d77862694696173,80843,70993101,215566,80616,70979594,215566
1d8acc1f7fb140b5,98548,88701579,214153,98340,88678140,214153
1dab052d24605cba,52761,42881035,214530,52528,42861948,214530
1dc2fb4b6947939d,56125,46237494,217525,55899,46224939,217525
1dd4d75b4399f86c,118738,108813990,211603,,,
1df0fe8fea539b16,27730,17887532,214204,27506,17850729,214204
1e0709a670347dd7,42727,32859302,218311,42494,32851433,218311
1e52116275ebcde5,,,,93262,83527975,215059
1e54e7a90de4818b,83974,74094467,216143,83738,74075863,216143
1e58f7a8b977cb5c,89054,79203474,214683,88830,79172203,214683
1e7194b63696cd0c,94287,84435800,214381,94065,84405084,214381
1e868ac53139fe55,65710,55852436,215751,65486,55843714,215751
1edb235e930317a9,112234,102374858,199610,112008,102369227,199610
1ee600e70f36eb05,18813,8936214,215269,18573,8916290,215269
1ef8d54935c9324f,119210,109359915,217105,118997,109360484,217105
1efb7c5d67f71a12,110508,100658018,238929,110285,100636014,238929
1f1075b922401108,52445,42590214,214847,52210,42571235,214847
1f1abc8bd81285c5,70961,61026107,219819,70679,60976486,219819
1f2990a58589abca,70830,60846835,213452,70548,60826556,213452
1f3e7978b21dfb9d,90553,80678213,216010,90296,80657963,216010
1f464fcbda4d1090,29321,19460119,217253,29123,19436066,217253
1f48198bf23a86fe,33996,24136060,216131,33776,24115299,216131
1f6f12d657a35649,96683,86797939,217045,96438,86781184,217045
1f8ec2fde7797390,86527,76667494,214640,86310,76645602,214640
1fb17ddfa7aab5c1,78178,68357852,453797,77983,68348886,453797
1fdcc0fb1426b73a,57012,47086586,216287,56717,47078686,216287
1fe7a148dea123ac,67480,57621255,214738,67262,57602403,214738
1fec451091e7a906,53366,43495523,216978,53123,43482841,216978
1fed114d0745e4cd,26362,16502818,215113,26138,16477825,215113
1fffd64def510ab7,27527,17697983,215942,27315,17655134,215942
2004f1151a4edc55,93947,84030086,217401,93673,84015625,217401
200d3bae8bcfb491,23866,14010186,213589,23641,13991345,213589
202b72282b83a899,71453,61598602,208237,71247,61579729,208237
207897bc41e179f8,104529,94664094,214400,104305,94643612,214400
20a22708d4c71892,104190,94328271,217173,103946,94290173,217173
20a63a9b8842fae0,44940,35084505,215832,44711,35072545,215832
20a7b33ffb310909,58394,48523557,216241,58164,48502285,216241
20acea213eda37c0,82214,72345743,202143,82029,72322727,202143
20c6e5b5ab6966af,87685,77835123,212669,87453,77814327,212669
20e7149f3876ad40,41781,31933499,216755,41584,31886455,216755
20ee98e8a48f2d40,34315,24463314,215996,34090,24435412,215996
20f2bc911385e1b7,20182,10330494,213364,19965,10321765,213364
20f4d9a16ed88c02,110794,100939559,215718,110564,100903486,215718
210a352700702a4b,56366,46523963,215323,56146,46484533,215323
2136017b76c42782,47037,37173125,215279,46808,37152723,215279
21489eb6aa9f48cb,96597,86725340,218101,96349,86687955,218101
2148b5fc16878b37,25594,15692694,213147,25360,15677772,213147
214a3b4890d59081,77641,67783074,213529,77423,67782267,213529
2151e6bdf5b0e245,85621,75710000,213764,85340,75698840,213764
215248310611dbc2,28457,18592445,212851,28229,18570997,212851
2154dad28033e08b,67643,57790338,214772,67391,57733412,214772
2155b9cb49ab9a45,14898,5018753,235623,14648,5004704,235623
215a33ef00df152e,11082,1218563,215386,10858,1199045,215386
215d369284548563,58578,48722931,214428,58358,48698101,214428
216837dc56388f17,75152,65288043,217092,74924,65265879,217092
21907d0d0f8bdad2,51512,41641001,215054,51281,41621389,215054
219c5c967e698fae,40414,30559292,216977,40198,30534409,216977
21ba820ee91b7319,18844,9011639,471911,,,
21c6c6997ae4e97c,99059,89118362,214663,98767,89095943,214663
21c6ca579257f7e4,109289,99434124,215474,109076,99433794,215474
21f850feddf4af28,29747,19895257,216917,,,
22021399e3ab61d9,67513,57653394,213858,67294,57635005,213858
22027013d1747fa8,58965,49098967,215520,58735,49098517,215520
2212b044c720149e,19224,9375091,214142,19051,9350510,214142
221aeb125a3a64a5,98683,88828311,215388,,,
2222321f9922c14d,24885,15003935,214064,24654,14985283,214064
222f8dfac013d9ed,29715,19876897,216813,29505,19842927,216813
22308a650af22d80,,,,25213,15497679,204155
223a3aced022b42a,23191,13334876,213533,22962,13322483,213533
225a99fdea9430bf,15423,5541244,213204,15181,5524690,213204
2287c05f74ded007,55110,45260066,214067,54897,45239182,214067
2293ec4d0dffcd73,,,,9768,134776,185157
229742c16ec12cce,95232,85360457,212396,95004,85351916,212396
22c5d8406936ef12,77433,67563497,215555,77196,67540072,215555
22c7529622736dde,59948,50060532,216348,59731,50042403,216348
22ed5d7b1d7f243d,18009,8159402,216210,17802,8138663,216210
22f15acd8bfb640b,75309,65448800,197835,,,
22f52e3ed0724394,100113,90250264,214979,99896,90249385,214979
22fdc76787223426,109640,99749005,214812,109430,99733386,214812
23122a1b67ff8cf4,40230,30379441,215616,40012,30371955,215616
231d4cefbbc2daa8,78819,68929691,213891,78576,68912831,213891
234a90b3a8cdebaa,44031,34183265,204905,43817,34151190,204905
235ed09164f3dbfb,,,,112573,102930399,216857
236da373eda299cd,52505,42644278,216926,52277,42639618,216926
2379e78139a69d80,60852,50991466,215964,60624,50982288,215964
237e153bc1862b0d,53425,43547215,214240,53185,43531164,214240
238af13980a62afc,38516,28663266,216420,38298,28641445,216420
238e4e86d1d5e4c3,46125,36262946,215943,45902,36244377,215943
23cb16f349e44a8e,119425,109572580,215813,,,
23d3142533f2c1e6,97682,87739182,217510,97372,87733655,217510
23d69cf58f0c529d,63036,53169094,215541,62812,53168355,215541
23de7d764ef7a075,60560,50712654,214176,60351,50691621,214176
23e7ee95918efbcf,63767,53916584,217200,63557,53912028,217200
23ea6f49688f1a64,73963,64102862,199241,73734,64096908,199241
2412d01c67b30788,56488,46635476,216504,56276,46615271,216504
2429287728b00269,119098,109231316,212311,118859,109212751,212311
245195bc1649bbe3,54634,44766920,237944,54412,44755625,237944
2453f33c356a46ec,103559,93717302,217524,103342,93700981,217524
245b8e946a75a55c,103115,93236568,202504,102885,93217075,202504
246ea27d8d921ca8,74831,64976325,215585,74613,64974139,215585
24a244793467c7c2,70172,60329226,217378,69960,60311973,217378
24ad38a7d98feec5,,,,57386,47722659,146945
24b27c2591e0f5f0,35975,26111335,218260,35746,26091440,218260
24bc7b3949feec16,10014,159642,197968,9798,147285,197968
24cdba2042d1347d,50483,40629491,215521,,,
24f73821fe106083,29292,19436082,204656,29095,19403737,204656
2509965356e36988,113616,103785433,216954,113390,103741008,216954
250a9efcf5875162,41343,31519343,214641,41101,31466674,214641
251727fdb244598d,88205,78356166,215794,87993,78352073,215794
251878985fe24b7c,38878,28997440,205263,38681,28978739,205263
25187a473bd9e86c,58049,48177170,216882,57829,48144646,216882
252c731767907781,72490,62639578,196582,72274,62626649,196582
253767086b7f8c8e,65739,55883136,216517,65515,55871481,216517
256664b287a53ae1,76116,66258734,215139,75892,66242685,215139
256e52bc9437eb43,69912,60044127,214392,69683,60022562,214392
257745be32b21ad5,64425,54541088,217053,64215,54533325,217053
258f72b4635123d6,9920,65325,237625,9706,54260,237625
25c1042784356c1d,46461,36614580,216625,46242,36603349,216625
25ff669e68b9f0fe,80179,70303771,145402,79981,70317056,145402
26017dfb78b1824d,52175,42303910,214859,51947,42272079,214859
2625b6544144e041,39590,29709403,174460,39360,29680026,174460
2627a0411c492bfb,20890,10992610,211988,20635,10975995,211988
263246a27341090c,57862,48002732,204149,57656,48014920,204149
2635e29cf27e840d,16300,6416581,214868,16084,6393646,214868
264b8dd5f808c4d4,105372,95497393,215541,105156,95474546,215541
264cdea0481d4e05,60118,50244527,216599,59896,50232344,216599
2664fd687abec1dc,107645,97730474,186413,107409,97712152,186413
269740c02a687bc1,105790,95940779,215215,105575,95915128,215215
26ac3975a7e53abd,92765,82875267,201980,92547,82851024,201980
26cc210b193f54d9,88664,78793223,214579,88438,78796543,214579
26f519fd6944cbc9,38324,28465887,215740,38108,28453451,215740
2700eb0c5c3f83df,13355,3518305,215002,13137,3476852,215002
2708e3b05da84a5f,13620,3768820,215712,13405,3750590,215712
271c43c008cdb5f4,119290,109438374,216052,119085,109416987,216052
27491b0dfd233d0a,22185,12330292,215241,21965,12312148,215241
276106cbc1cb7446,99957,90119302,202692,99731,90072339,202692
2772a41873fb57ba,110083,100206324,215427,109866,100187198,215427
2783e6a6d8896281,83194,73341285,215260,82974,73317062,215260
2789754f1eab3d4a,37826,27991313,218002,37613,27962119,218002
278bebff4b2485b2,78527,68618903,216528,78292,68600260,216528
27934fbed34ca6db,42788,32922620,216006,42554,32911282,216006
2795bb098ec28e21,76866,66989130,215410,76617,66953942,215410
27bbb7c004f09e0a,82531,72664310,213358,82335,72647663,213358
27ce3904da76bda9,40060,30194030,206370,39831,30174301,206370
27fb6564e177ee56,77993,68131490,216028,77757,68103962,216028
282b9929ecd90825,46691,36841771,216016,46471,36831851,216016
2835398092551ede,90869,80998163,214619,90649,80971877,214619
283aea4e56ced5de,18040,8191342,214566,17833,8172667,214566
284202c123cd879b,34842,24962231,207217,34594,24933125,207217
2844664453959be1,14266,4402075,214172,14060,4372236,214172
2855ae3f58ee9bf5,83883,74002386,240339,83646,73982904,240339
285ceb21d917609f,90522,80630573,215575,,,
285d6f1ea0fe26b7,53535,43664823,214877,53301,43642854,214877
28703446780df66f,39978,30106435,207911,39750,30087450,207911
2879c4a83ef8e30f,86648,76791812,212797,86435,76773030,212797
288d05a6b587f7e0,19345,9492211,213516,19162,9473817,213516
28981f90d4ce8c82,101276,91381341,202767,101040,91345467,202767
28abebb4e62a1a1c,56612,46766953,236172,56402,46745908,236172
28b313572cc46a36,47101,37236040,216294,46870,37223326,216294
28d8306480bcf372,86854,77025611,457317,,,
28dfa9fc25d481af,41657,31792862,217058,41462,31759161,217058
28e9c01dde86ed88,60666,50803760,215817,60444,50785077,215817
291e046e9c1b6eff,113463,103575519,460113,,,
292ce32f34255ba6,64739,54891086,216019,64533,54870461,216019
29305337e81bc3b4,86326,76469394,212925,86092,76455286,212925
2947c874f34610e7,12412,2545199,215312,12203,2526241,215312
296c3639829e37f6,12348,2482275,215830,12143,2463011,215830
298d48514270174f,21012,11115739,214255,20758,11092297,214255
29a79a6c4d3dfdec,16123,6231417,214131,15910,6207891,214131
29bdf1e18f5f87cc,55174,45323175,215009,54961,45311136,215009
29bfdb842c0e96b5,29233,19374614,205504,29039,19343149,205504
29c79e7d8d69d64b,82801,72937115,216149,82576,72913257,216149
29dd2a7ae86da3d4,66568,56699473,214192,66357,56693673,214192
29ed5a2754f959bf,115573,105711657,203377,115349,105692820,203377
2a03d0c1525e1852,95170,85300111,214182,94941,85282850,214182
2a1df5062a0ae3f8,12140,2277177,203218,11942,2252576,203218
2a38c4876c01ef15,93161,83317676,461363,92966,83330221,461363
2a92161178b0e952,54170,44313244,214129,53937,44300825,214129
2a96591c4b975798,43552,33673089,205566,43345,33662272,205566
2aba846352459f54,69516,59629960,216376,69267,59612155,216376
2abf776e04dc2de5,59796,49921682,216831,59583,49886047,216831
2ac575c00bcd427e,35883,26018670,217250,35651,26003619,217250
2ad4ea4a3fb465cb,13531,3690517,217129,13312,3671468,217129
2ad662bff022396e,75932,66073177,215189,75713,66052650,215189
2af596fdef70fe24,60201,50335184,217378,59976,50332201,217378
2b2360a339710078,27243,17374188,214966,27004,17351396,214966
2b244232f6e9b0df,13325,3466460,214576,13107,3446316,214576
2b2a9b2bf7070688,111050,101185229,212018,110818,101163363,212018
2b361da515a26f26,37989,28143891,215858,37764,28111607,215858
2b40f802e8f88014,71952,62080362,216823,71710,62073005,216823
2b4906f816ba03c7,87343,77416075,215339,87080,77391691,215339
2b614b57c8cc7cbb,,,,101427,91779181,216591
2b77b7a9c0826ecc,,,,84730,75026617,198268
2b782eb4d4355e32,59240,49370396,216342,59017,49355917,216342
2b81c9c340506f9f,104304,94442153,216272,104061,94412035,216272
2b95e4d6556c4683,88535,78657446,214784,88307,78666752,214784
2b96ab418a438713,52582,42742090,217374,52343,42700844,217374
2b97c4584ba58ce1,55764,45855080,213619,55540,45836248,213619
2b9b380e29c6915f,24240,14385002,213523,24020,14360988,213523
2bd13861dac326e4,90017,80154405,214981,89801,80137548,214981
2bd1a2812282755a,116705,106796283,215211,116473,106831833,215211
2bea6a2475b30de1,97710,87764582,217943,97405,87753102,217943
2c01726be063a35a,112672,102814976,215574,112450,102795334,215574
2c13c30230b6f2f4,94193,84326147,213596,93968,84307295,213596
2c1ff55cb33ec224,106451,96596179,216658,106242,96592095,216658
2c243f76c508bb6c,38845,28981236,207043,38649,28946069,207043
2c2ca3836e101a33,44970,35122451,214603,44742,35103300,214603
2c35bf01e4c63368,27299,17441924,214648,27070,17431780,214648
2c56fd0b17970df3,31630,21766208,216679,31404,21751721,216679
2c64d6a9c9f56450,80024,70142305,216425,79787,70123718,216425
2c913845aa74798a,86090,76203733,214811,85839,76191246,214811
2c94cead326da8b3,96200,86312200,214880,95946,86292426,214880
2cd84019d6d5a16c,102821,92940688,216512,,,
2cf36e627ff160da,64590,54720420,215408,64385,54699344,215408
2d44442883b9c168,64398,54534102,214509,64186,54492897,214509
2d531f751c5af5e9,113439,103535467,214867,113168,103527287,214867
2d550063a27b5bee,104741,94891611,217116,104525,94872183,217116
2d76d64505646f6b,48533,38673111,206327,48308,38653189,206327
2d7d261aa28e36c0,31998,22140491,219543,31782,22124635,219543
2d837b45ab479a09,83821,73935396,214755,83583,73918866,214755
2da747edef13ebfb,57494,47608088,216257,,,
2daa073cc6c47158,83758,73883298,214730,83519,73852772,214730
2daa443736fef0d6,42044,32181310,203810,41835,32162145,203810
2dba499d9d84cf94,61247,51389288,215494,61032,51373729,215494
2dffe542d20ae437,96767,86904701,218641,96526,86886564,218641
2e0de1aac0a3e822,113057,103098902,216047,112731,103092576,216047
2e1a59b1d151c78f,79399,69550050,217015,79186,69538258,217015
2e35eda5bb70e3d4,21517,11642510,212704,21271,11621360,212704
2e3ad332c466208b,97122,87294955,201515,96903,87241177,201515
2e4718b11b02c4f8,79213,69357547,211787,78998,69336653,211787
2e50759162c6c90d,41841,31983421,214218,41642,31948799,214218
2e57f66d55a55140,47162,37315373,215980,46930,37279655,215980
2e59c25c4015dbaa,116113,106211489,216365,115861,106191639,216365
2e8ce12f3f71c9f7,49894,39993366,204466,,,
2e9717cd3511d068,36370,26510948,217053,36152,26492985,217053
2e9abd290c253b43,116949,107100895,213663,116730,107075805,213663
2ea6ba834e734730,72588,62726559,196965,72366,62720564,196965
2eb3ebe7e919c200,23703,13859978,236935,23484,13845865,236935
2ec730f230754194,48469,38610517,217004,48246,38592281,217004
2ee44c8deabb6d9b,58841,48969042,214368,58605,48952730,214368
2eec5839405cec2d,99090,89198316,454288,,,
2ef4de96bf41f140,54449,44578183,215267,54226,44557457,215267
2efbbb031fd3a2c6,88938,79068316,200833,88715,79049514,200833
2f0ad5996365d7bb,45715,35830164,205287,45511,35809953,205287
2f160217b9640c7c,88996,79146293,213776,88773,79123263,213776
2f17ddbbccbe6649,61279,51434379,213464,61064,51403387,213464
2f4833f17f37b5de,,,,101100,91410192,214836
2f4d1736651be559,60760,50900221,216520,60535,50882545,216520
2f60e3ee8fb2f852,28982,19105576,206858,28791,19119391,206858
2fa9812f89ce7f83,117589,107732066,214686,117380,107714067,214686
2fc0bf464ae2398e,94806,84945630,213485,94588,84926403,213485
2fc60a924cb95c0a,35913,26048220,216569,35680,26033028,216569
2fcdd376a551557d,110474,100621498,214591,110250,100612156,214591
2fd1af14f61affdc,91762,81885323,230368,91519,81866111,230368
2fdb64bbf9a6b483,,,,84666,75026000,186866
2ff4661ce2aa8809,53597,43731228,216280,53366,43711561,216280
2ffc29cfac7be586,109827,99948819,216453,109616,99926194,216453
3032e5fc828b0fa5,,,,62246,52577262,204881
30404b73d7690bec,32464,22604233,216736,32244,22602608,216736
305f164ada8baa7d,111815,101971735,214173,111607,101918499,214173
3071539c06371e44,37143,27227886,205534,36902,27210966,205534
3073f3893e81c750,58139,48264670,215327,57911,48235917,215327
30a335aac90ea7ba,110384,100527028,215798,110156,100512813,215798
30a767c80ae95202,68838,58934658,216267,68557,58903485,216267
30a8f3c2b8308d73,16463,6589764,213074,16241,6571503,213074
30b262c2c9bd917f,31119,21229037,205621,30913,21209052,205621
30b2de86497dd8f7,52888,43039757,217583,52657,42992088,217583
30f061fbf23bab0a,115353,105496259,215712,115129,105479938,215712
311ff1506ab378b4,16410,6530499,212334,16190,6512065,212334
316cb1dfbe9a385c,67045,57192071,213947,66816,57171679,213947
316d0ae7509d47c1,,,,101452,91800973,214109
3190df523053a2c4,74801,64941129,216786,74584,64932719,216786
31b301878910c03e,58873,49000893,214889,58635,48991680,214889
31c0839dfb281065,61478,51633143,471851,,,
31d671922bfe0747,27447,17601652,213334,27232,17590236,213334
31d734396b8eaf6d,95293,85426338,213872,95065,85412933,213872
31e575b7a46e5270,91732,81848875,237619,91488,81835054,237619
32312ed1e53cba02,114849,105014196,236167,114638,104979751,236167
3232414688472520,49293,39424989,212102,49069,39427700,212102
3237dd6b197b5f24,80993,71141398,215456,80771,71103374,215456
3240155f2e92ff78,69941,60072456,214905,69714,60053875,214905
3250b67cfdbfd8d4,40088,30224039,205941,39859,30209453,205941
329a131e001644c7,65111,55233502,216828,,,
32dae6079352e250,63184,53317403,215672,62962,53295301,215672
32f9c65239c3a5f4,115634,105775545,219308,115410,105756512,219308
33081de772ffb500,26893,16991502,214986,26633,16972223,214986
330bf39c84c06454,63494,53635984,215555,63273,53623279,215555
33130aea3407010c,10579,740888,213876,10355,702643,213876
331bed72b595da6f,28646,18793424,216355,28413,18762308,216355
333293c83d66aa1d,109766,99901866,215384,109555,99870197,215384
3341b137a97b7fda,32413,22550670,217430,,,
33435eceeebf37c7,36433,26575178,216484,36215,26556711,216484
334999dfdf87bae8,109377,99529978,214475,109164,99503546,214475
334c52ec9f7ababc,61034,51178982,242115,60817,51175928,242115
337b56bc8c726ae1,55207,45358401,215014,54993,45342502,215014
338bd039871aa27f,104559,94715318,216526,104338,94676043,216526
33c337393270a8c4,104500,94637640,214695,104274,94611900,214695
33cdd3b3c0403a6a,84349,74498085,213251,84133,74492083,213251
33d9040ec31ba349,83944,74062633,203200,83707,74043368,203200
34169649adc1aa68,74530,64664914,215383,74313,64642687,215383
342aaceef0edcc94,84565,74707675,213781,84341,74699539,213781
342afc15dc968dc6,30661,20806316,216223,30447,20806215,216223
342e30dae85a38bf,77783,67933296,214561,77569,67910887,214561
34360a42857dc91f,114879,105026631,200000,114667,105010198,200000
345f51febe7fab75,54139,44272427,213184,53907,44260049,213184
346010768649f2d4,66984,57130287,217485,66756,57118853,217485
346139563c7c7fc5,106269,96432762,215764,106045,96392380,215764
348ef253c3111dcc,78558,68680247,212530,78323,68629424,212530
3496b5678d22a1ef,32030,22175874,216550,31814,22153899,216550
34b1fd553bcb6ac8,16185,6298589,212064,15971,6271725,212064
34c9d77c54ed5bec,111628,101741009,199833,111422,101718665,199833
34e7f1f12e6b6c82,68420,58575097,213038,68237,58541600,213038
34ec715d10cd8144,58934,49067080,215819,58696,49058183,215819
34f97e63c64cfe95,101771,91890677,216175,101511,91873855,216175
35022d87bfbde291,62946,53084919,215320,,,
3536922238fb18ca,,,,21056,11395449,212130
354166cccecbfc66,42100,32249907,205336,41887,32231379,205336
355fbf7abe3edada,30180,20308929,216951,29945,20292293,216951
356c776562e2d39a,111382,101532222,214853,,,
3592546e4b56f082,34213,24369176,218437,33998,24342257,218437
35cdfe8b24b3a929,102195,92325395,215764,101947,92293474,215764
35d27ae756544bb0,28074,18215305,215787,27851,18210377,215787
35d9d2a196fdf379,95957,86101093,213128,95725,86058876,213128
35efc0b182c55b4a,94573,84720842,216731,94342,84692069,216731
35f63f8252708549,107082,97131991,215416,106778,97122602,215416
35f67fae108d5b7e,32720,22861179,215541,32499,22844102,215541
360fb2856e9d3661,55601,45757874,465981,55382,45746778,465981
363f22044eb3aceb,76319,66435051,198340,76107,66419319,198340
364c0fa673f6bb3d,68450,58595324,215095,68266,58572772,215095
365713508b045e05,58455,48590307,217071,58229,48581717,217071
368238f46f9ca308,112291,102443906,214624,112072,102432784,214624
3684a5d2e4815804,116049,106145221,214085,115796,106133115,214085
36b2d50fb2185ba7,76895,67003318,214166,76644,66992160,214166
36b3f668acc877de,114667,104806257,217276,114454,104786751,217276
372ee991dc835e43,30331,20463016,215925,30106,20464945,215925
3740ca8390930e15,38973,29095345,218539,38774,29076261,218539
3743cd06ecb0beab,59062,49191187,214572,58838,49191750,214572
37551fbf6a229351,45001,35151078,215026,44776,35134350,215026
37648a74ba0b1516,42606,32738708,204604,42374,32721026,204604
37665f03afd19949,18783,8905060,212633,18542,8884953,212633
37ab6a5ade43c1a8,45561,35674358,206247,45360,35653301,206247
37d95042d60f6f6e,29907,20075654,212837,29699,20038154,212837
37decc30279469aa,77461,67597926,214892,77226,67573259,214892
37e4265c5cbdd300,21805,11954128,233347,,,
38227271d58c0864,41750,31895821,214211,41554,31854175,214211
383b0093a45c687c,79523,69673252,218222,79314,69662176,218222
384284993b4ca2e9,15487,5605853,234184,15243,5596564,234184
38593e191287bc78,,,,118142,108433129,216940
385b0aa6c79f234e,56983,47059970,216057,56682,47038464,216057
38611813684fc814,31149,21260975,207644,30942,21239155,207644
387555d041f5ef70,58313,48436813,216013,58074,48431796,216013
3882a9eaa9824155,75400,65538685,215510,75173,65527641,215510
3889d839543bf3a2,70262,60385909,215817,70019,60372074,215817
38a17bf7a4771117,95637,85786036,213298,95409,85745724,213298
38b7053fb1ed5319,105168,95279980,213717,104958,95262125,213717
38bc61b209f56528,116018,106126221,215268,115764,106102155,215268
38c1431206a6e2cf,67770,57886083,214519,67517,57863301,214519
38e068f922ae66b4,73589,63688371,217263,73332,63667954,217263
38f040eecef3b5e4,30538,20680570,214968,,,
38fed799c6d56952,49325,39455964,215689,49099,39434982,215689
390e9d7cd67537e1,66891,57032740,202404,66667,57011416,202404
39129358360279dd,16272,6389087,213143,16056,6362857,213143
39209990cfd66285,117528,107673259,214060,117322,107680351,214060
3936f117a2667f50,46654,36795950,215805,46434,36790929,215805
394b50e082d032b4,,,,90585,80945862,214417
396527ce34518053,40264,30403141,216315,40042,30390928,216315
3968d488426fc8d2,19374,9521783,212857,19188,9504679,212857
39719afd91436f35,29517,19660097,215123,29315,19650976,215123
3978fa6b341ac16a,97740,87793214,218665,97436,87793221,218665
39a32bb9f8656069,43907,34044299,205333,43701,34022204,205333
39b544f20b11f5a5,28252,18409135,213121,28037,18375092,213121
39d35c51cf855086,22473,12621625,213208,22244,12590129,213208
39ef26215032ee37,82494,72646401,214574,82307,72618038,214574
39fcee3abc474fa8,25808,15956465,210806,25569,15930550,210806
3a1dab20c4e00729,92467,82627321,215411,92238,82577462,215411
3a1f9c61abf2fa87,53870,44033938,205742,53666,44001280,205742
3a288837ce96e49a,96352,86453222,218725,96099,86429077,218725
3a29f21cb649799e,108383,98522317,214566,108144,98496187,214566
3a2c8bddefd079eb,26831,16928125,214987,26569,16907706,214987
3a3aa7afc8b29d84,41011,31125100,205445,40769,31120822,205445
3a3edd3d5741f186,78464,68553440,204105,78230,68538889,204105
3a414371d82d73ab,47674,37783514,205908,47462,37763091,205908
3a497609661876b8,,,,49647,40006040,202180
3a6db369e1ea32b1,111934,102057919,214658,111721,102033732,214658
3a78e93252b480a1,15188,5320810,211322,14959,5298692,211322
3a97768b2f8a3641,50525,40661085,215555,50333,40692018,215555
3a9b4bb7362e66e5,81277,71442272,215547,81055,71393293,215547
3aa6e17977d0ec20,9857,0,213923,,,
3af7b6e3841a59c1,11615,1761161,214924,11402,1742496,214924
3afb7c6b9a024af4,40858,30983408,217596,40622,30963322,217596
3b00bc0a93916922,23368,13504059,214186,23137,13484826,214186
3b0a57c077e941de,40981,31094203,206224,40741,31089964,206224
3b1b66c5dcf67477,78117,68251071,214459,77877,68233293,214459
3b322116c0011259,85507,75529965,213652,85175,75497815,213652
3b5cbbdcd0a2eec0,118509,108578625,214347,118259,108555094,214347
3b5ec81fe82a0956,95414,85546583,210562,95198,85538162,210562
3b873ed90a4e694f,63341,53475590,218680,63120,53457113,218680
3b8d6199b956dfb6,52417,42557640,216795,52182,42531712,216795
3ba223572a798103,20920,11019954,213987,20665,10998051,213987
3bb656b3f38c698e,23643,13789948,214939,23411,13771474,214939
3bcfa7217c77e396,29141,19282308,205983,28949,19249121,205983
3bd23c0bd94bb770,107252,97319934,215607,106960,97316409,215607
3be66d889094f341,29546,19689600,217349,29340,19673324,217349
3bf5fdfcfdb2148b,96321,86439858,218297,96068,86396469,218297
3c0d0473057404e0,85835,75978044,204464,85587,75934018,204464
3c267ff02d0edefb,46562,36718590,216883,46337,36693567,216883
3c285f6533479c05,115479,105620167,203073,115256,105596451,203073
3c367ddaa3b18aaf,48337,38486454,215242,48119,38463831,215242
3c39be7ba760ac09,,,,93170,83439633,213878
3c73712d9db9fcfa,52544,42696519,214386,52312,42669063,214386
3c91d91f3a6e1851,103497,93656525,217649,103283,93635324,217649
3c98d03f0ac8451f,87821,77984200,233936,87612,77963153,233936
3cd84be2db1b74a4,66479,56602586,214551,,,
3ce0ed2b07fd3099,,,,104738,95097505,152878
3ce808c1724df1de,49387,39515983,215674,49158,39503646,215674
3cec5a0769607a81,81980,72102700,216150,81736,72077215,216150
3cf1c746e8d00ce2,57926,48046547,214004,57716,48019685,214004
3d15b22eea0e42e6,21190,11314310,213678,20939,11291795,213678
3d20eaa29e18ee1e,,,,21087,11433958,212826
3d7501f3dee5d2c0,85268,75206277,171212,84913,75177013,171212
3d7781e8e1f2c9da,24500,14636963,211706,24264,14611403,211706
3d82d1dd8d430ea5,12864,2993587,213987,12625,2970342,213987
3da4731ba242c1e4,28707,18855348,243358,28474,18836112,243358
3dacdd9174b6086b,37959,28107551,216894,37734,28091631,216894
3dc9bdf0a9fc2cb2,64649,54781915,214262,64445,54764451,214262
3dd41e85321c5204,73259,63354502,209663,72985,63332455,209663
3df386a3e75c8ee6,69970,60125114,215530,69744,60084010,215530
3e08f05468f9d589,14082,4204356,203541,13879,4189217,203541
3e11d84351b893c4,74187,64318088,215559,73952,64311563,215559
3e2d370ea2f6f606,91543,81654574,213795,91295,81634594,213795
3e2e31a8ca13d8c2,81458,71604273,213795,81234,71592309,213795
3e3654829642ed36,23399,13538388,213869,23167,13515443,213869
3e3a8c5e48225113,89787,79933177,211832,89550,79892405,211832
3e74f8eced45bb1a,19135,9275414,213494,18964,9258197,213494
3e7627a3cd5fab2f,100744,90886061,214035,100505,90866757,214035
3e8518f5ee8f4290,10548,696369,214204,10324,670392,214204
3ea4f4603f9ad0fa,35274,25389261,217814,35030,25371503,217814
3ec2e802ee44f98a,27888,18025629,216678,27659,18010540,216678
3ecf2ec874b1b268,86619,76763343,214841,86405,76744334,214841
3ee68dc602eeff09,102395,92531921,216465,102166,92523429,216465
3eee5ba82b79fdd9,103468,93619551,215519,103254,93594120,215519
3ef0f862ac5b5bb0,18923,9055601,202483,18742,9053830,202483
3ef1acad1a83d308,91222,81386167,213563,91002,81346240,213563
3f246380b929baaf,13560,3709193,216790,13342,3703809,216790
3f67435d1fddc925,115385,105547956,460166,,,
3f7d649652a3b944,104711,94856432,217152,104494,94835984,217152
3f7d93894ae3cd94,54965,45111579,216369,54751,45111563,216369
3f9234dd47c90a20,21602,11738755,213745,21362,11724060,213745
3fa19628afd634a4,77490,67630945,214080,77257,67620186,214080
3fa5b7e542feefe2,53839,43990224,203862,53634,43970147,203862
3fa95b59b9c2607c,117234,107381621,213778,117041,107363722,213778
3fc7ce3a612cf1b2,17534,7631112,211592,17292,7612917,211592
3fd749480f2d34e6,,,,83366,73727055,237909
3fd83eafcd72c99c,40544,30686032,241273,40341,30700337,241273
400737452e100594,75088,65234621,198562,74860,65208289,198562
4014143ed9e7947d,41077,31194778,206053,40833,31191069,206053
403647ee7f8e9265,61669,51790058,206654,61452,51746526,206654
405bff58e740e01d,26767,16872792,214069,26504,16842251,214069
405fec75e6b380ac,19836,9983500,236602,19622,9966297,236602
4068a61c5ead1188,27826,17968513,215391,27598,17950182,215391
4076d643f369283d,36066,26212234,214995,35845,26193806,214995
407b4e215a696f3d,41528,31646532,204283,41333,31635264,204283
409a1959696b50c9,75055,65190013,213779,74828,65176592,213779
409e15491710e52e,23070,13202493,213201,22842,13191051,213201
409ffbb0bfe8ffad,29631,19777154,216628,29417,19770650,216628
40af63b7468cf549,27327,17463465,215196,27104,17462336,215196
40d25bc62a5663d4,109607,99719772,202633,109397,99718605,202633
4104984ae1bf3e18,119655,109809932,216271,119432,109774079,216271
410c06432b594bb2,89417,79531702,214399,89175,79513921,214399
4110afb7ead157d7,,,,61388,51681348,204990
4124e70567c29c5e,73559,63654855,218378,73301,63636836,218378
412dfce2bca16e95,48840,38983975,243912,48633,38979561,243912
4141eabca8c5d9db,12201,2338850,205937,12002,2330866,205937
414aa85d4228ae08,116881,106994675,216418,,,
415204bf76e37593,,,,84884,75145742,172706
415b4f7b163eee4c,,,,41242,31607756,469960
4187c044651f4c55,11050,1184420,213816,10826,1165668,213816
4188f00218163f54,91431,81542021,214655,91177,81530895,214655
4189d63d5b82566a,59394,49531028,214060,59173,49512953,214060
419a056f9ddbd414,74742,64882162,215055,74525,64872138,215055
419dad05e611d19d,48780,38934337,211189,48553,38913240,211189
41c6b05dda3b8165,,,,107863,98199902,216228
41ede987a7d2e086,114381,104471314,216586,114100,104463541,216586
41f37149152a4a40,107491,97596571,216159,107250,97589697,216159
41fd1d112d12f5ef,29811,19966566,204474,29603,19940593,204474
4201861623182cf0,71182,61300529,203452,70935,61282773,203452
422683a5583e333c,108735,98870537,215395,108521,98853577,215395
423c0a1f07bff069,39271,29432231,215136,39058,29392935,215136
42543f6f7a3f7126,59977,50092368,214962,59760,50073596,214962
427c0d4fc98e1077,90049,80186163,216541,89834,80168067,216541
427d9126a74dce8d,70403,60628664,445419,70196,60561524,445419
428333150ed813ec,53487,43613796,214070,53251,43611565,214070
42a7a6aacc2e9a10,23101,13238446,215303,22872,13210699,215303
42c370ed578354d0,118264,108385864,200018,118081,108370401,200018
42c6320b83bc23ee,89845,79994578,213071,89616,79978771,213071
42c92a872fb62524,108455,98610354,214700,108223,98595911,214700
42d9e6b4cb2b18e1,26985,17092483,192353,,,
42f47065e973010b,22845,12997762,201551,22624,12960937,201551
431ee2063c443886,50616,40772738,216629,50406,40744317,216629
4322f87e546f7319,108303,98412851,214614,108054,98394829,214614
43299637ef3e5799,60943,51083450,214817,60712,51071337,214817
434c3fec0195924c,69089,59185340,218080,,,
434f3fa8b4d21bf2,23613,13758014,213998,23381,13737702,213998
436d0ad89cf19d4b,36527,26671111,216910,36308,26652688,216910
439580d7564952a5,44286,34426988,217287,44055,34412710,217287
43afd1721f218140,53962,44123428,204315,53758,44101438,204315
43be2d9cde90bd4f,108926,99060707,216499,108708,99041597,216499
43bf34a76c168d47,102598,92729058,216802,102349,92688592,216802
44335a7fe0f19ced,112416,102556318,215995,112195,102542250,215995
445c7d65cd6f4c9e,99398,89484504,213795,,,
44654c5ee9f899cd,110354,100495336,215590,110127,100476700,215590
44732fc33b102c2f,22947,13099944,213174,22719,13056087,213174
448d2e3083d89ceb,90809,80949413,214332,,,
449076ccc90b1133,74466,64614738,198701,74248,64575568,198701
449afa83499b21a3,26799,16893752,213930,26537,16875148,213930
449d35a1836337a8,111143,101278068,214266,110910,101257405,214266
44b417df3e70a422,11743,1892818,204500,11531,1871440,204500
44b95a58017785e5,65473,55597021,217415,65246,55578204,217415
44ba0c9fc60f293f,45122,35264462,216136,44904,35252772,216136
44c38aaa3a3f42ba,48065,38212816,205023,47837,38189888,205023
44dd1db369e3b2ce,78735,68842876,215796,78494,68822248,215796
44e4aba8d2ecf14b,74498,64632100,196919,74281,64608988,196919
44f7d09e2088621f,36036,26172847,216448,35812,26173305,216448
45044c4093b40e76,91104,81254231,212077,90889,81225263,212077
45047d3bbbd735cb,28316,18473247,216313,28102,18440166,216313
450a5deb8b3c961d,36243,26381165,218381,36024,26362182,218381
4512fc2372f912df,31384,21510566,218693,31164,21483076,218693
451c73359fe8a8a1,15076,5203565,215241,14843,5203565,215241
451e16661672848e,40639,30781700,220529,40436,30761692,220529
45324831c4c11d2a,22778,12942287,147244,22559,12919144,147244
4532c97022eb7aaf,62917,53043990,215398,62677,53033244,215398
453372af9243a944,32344,22484029,217363,,,
453cae718ed6dae9,,,,113323,103691590,202493
45416155f9ff5853,61070,51220816,204559,60854,51208843,204559
4546ca4bc7ba42cd,,,,84940,75216314,202623
454cb825259711e8,23274,13409008,213681,23043,13386885,213681
4558f784a6cafa8b,66450,56589986,216093,66241,56570148,216093
455f1690c15875d6,104680,94822943,216448,104463,94806386,216448
4572af4ee2aedba5,104979,95086760,204713,104771,95098307,204713
4588a5a8f3fec5e4,35216,25334160,216303,34970,25312631,216303
4596872735dcb199,119589,109757007,213099,119372,109712463,213099
459b3d0c4135cce2,80346,70474546,201304,80154,70455713,201304
45a49e14659923a4,36559,26711816,215180,36339,26690760,215180
45ad4ad9cf8f9cbe,,,,93539,83851609,217486
45aefd216b51ed9c,30507,20655234,216277,30287,20646847,216277
45afc96293dfc388,118232,108354159,200327,118049,108334350,200327
45d66cef8338a7af,77257,67368709,238327,77011,67357410,238327
460964df8a7855cc,32497,22634574,218516,32277,22616753,218516
46294729547fde6d,93886,83970739,218393,93605,83932478,218393
4655c8f57b245752,,,,97188,87538981,216099
465acb8aec30be6c,99240,89303341,202985,,,
467ad388d383975d,119017,109141634,214484,118763,109124222,214484
468319938eb40350,96238,86346321,215987,95984,86332439,215987
46a2d2acab2b5779,76352,66461132,202975,76140,66443122,202975
46a8a352c6d7032e,45240,35389209,213775,45023,35363366,213775
46afbe8210804793,110743,100872868,215661,110513,100871776,215661
46c77c2cc7302b54,66390,56516608,202332,66181,56491036,202332
46cd8e13a5815961,24561,14695440,213212,24330,14691257,213212
46d4d0ec571c1b60,30211,20344753,215028,29975,20333535,215028
46d50c36997bb9b3,97385,87612951,215805,97157,87511367,215805
46e5bf5521b37dae,87149,77194063,214682,86877,77193095,214682
46fae13edd243679,60698,50840498,218098,60475,50815978,218098
4702c4f24a928802,67108,57255923,241812,66885,57237420,241812
4724a8764de2c170,64064,54165119,217400,63804,54146320,217400
473ba9f6cb405869,,,,70602,60887728,213817
474f778ee41c1f4e,64311,54422223,215176,64095,54404113,215176
4767c446cdb25968,112449,102586972,215128,,,
4773c5706c5c8f87,106486,96631766,214393,106277,96632507,214393
47769e72a0f964cd,57274,47358556,215999,56996,47332656,215999
4784bb7c495bfb86,80436,70579423,201803,80247,70551266,201803
47a172fb6f218869,22883,13011474,202735,22656,12991659,202735
47a36f383eda6244,56262,46397065,216094,56034,46385188,216094
47a6221e275557f7,31300,21427786,208130,31085,21393260,208130
47d204566e07ef48,67430,57571365,213992,67212,57571464,213992
47e4509450dad0d8,69230,59358549,220516,68988,59337779,220516
47f990f92c1bd7a0,68303,58441997,202970,68117,58415826,202970
47fdc05888b31740,31271,21387895,205880,31058,21364524,205880
4817fb60738e3d92,76025,66166513,216488,75803,66146640,216488
482734cd09c4d68c,31772,21916182,217005,31558,21894546,217005
482da2fe65ea79dd,82683,72813663,214248,82470,72793358,214248
4830f716b73b0e4e,38081,28226140,216968,37866,28226991,216968
483a9fc08e0e01fd,101185,91265572,202239,100948,91245136,202239
483dd05dbeae97ba,111352,101509318,215631,,,
4865c5c48362d767,10611,752285,213098,10386,732107,213098
486b791789f3e74d,82890,73022287,216426,82664,73012188,216426
488172246d8184f3,65770,55926824,239798,65544,55897240,239798
48a06edaa26fa919,49629,39762471,213216,49414,39758703,213216
48a0a7237ccf1993,46004,36149273,215935,45787,36122177,215935
48adf2d96531aa8a,65842,55973857,206958,65609,55970455,206958
48dc31ee0a27286a,33281,23438461,216410,33055,23395077,216410
494cdf8fa11cc49f,103526,93674708,217115,,,
4956e8237eb9afd9,108670,98828847,215136,108456,98791041,215136
496764cb411e5f44,108161,98235053,215482,107908,98218910,215482
4968194dcd5f923f,119757,109886085,213348,119521,109874182,213348
4974c7fe5d1c6283,94725,84882576,214744,94505,84863510,214744
497f53e9e6ff8fc9,12710,2835403,214275,12477,2835864,214275
498d91fc9344b464,79092,69227956,214899,78870,69212095,214899
49a37a7760c05c3f,89986,80126852,213746,89769,80102708,213746
49b70708be4bd6fa,14806,4953662,214118,14550,4911964,214118
49c123561311b55b,86120,76234978,213600,85869,76216235,213600
49c74df7449206b7,,,,113568,103903951,214767
49d18e40156b3723,26547,16735531,213057,26318,16671009,213057
49da3b3f79e8d11c,62221,52266414,217308,61910,52270453,217308
49e17f3d68da9d33,21717,11877132,213575,21504,11863135,213575
49eadc376030f19d,77317,67443235,216155,77073,67413292,216155
49f19fe669ec9c97,67077,57224188,214354,66850,57211091,214354
49fd329942097654,13113,3245301,213730,12890,3224098,213730
4a0516f34d876d90,105672,95814095,216196,105456,95813613,216196
4a1c212c7219a93e,75247,65398375,212725,75019,65362895,212725
4a2b563810b01f16,,,,93425,83711269,214974
4a3d2633acd10e48,23009,13142240,212923,22781,13117861,212923
4a6b3b3dafe1721c,92317,82440050,214078,92078,82416098,214078
4a7169dea70ff206,46974,37107452,214905,46745,37091546,214905
4a97b1ce336334a6,30599,20744500,216725,,,
4aa5999a7cc4b453,102106,92233104,215983,101854,92206394,215983
4abcd35016a4f719,44686,34832987,206556,44469,34812218,206556
4ac5fca612d1b130,41221,31340361,216418,40972,31320604,216418
4aef5c6bdd8f3bbe,35851,25986142,218626,35621,25971661,218626
4af2550d34f65642,78900,69021559,215597,78658,69012990,215597
4af95a4b381e4654,13472,3618880,214585,13254,3598322,214585
4b2178594e93f4a3,90988,81124781,214376,90773,81100790,214376
4b25b21e9ceecbe2,,,,85240,75577827,215296
4b31ccf149bd2866,19562,9705088,214885,19346,9701907,214885
4b4bc472104d8637,110294,100435604,216101,110069,100413465,216101
4b6ea496f4ddac17,29602,19748269,215390,29391,19742461,215390
4b7a6cdb61f7e919,56041,46146718,214354,55815,46125167,214354
4b8a4fb3abc7be00,71227,61360017,218423,70992,61353533,218423
4ba1bbdb75a9e0a2,50827,40997802,216637,50588,40947099,216637
4baa2e5f44f069a7,95736,85858262,213098,95503,85836204,213098
4bb635e298943db8,63616,53761136,215638,63398,53750947,215638
4be11aa3ee316921,30413,20545212,216109,30190,20534140,216109
4be798919032a67c,112151,102286768,215048,111929,102272517,215048
4c51170e7932f55c,29110,19254625,205491,28919,19217088,205491
4c8f576e4cbca739,113971,104059355,214046,113632,103972997,214046
4cace27afdbb5226,98096,88216460,199038,97841,88189481,199038
4cb75c5c8e0b4592,99829,89985212,217777,99598,89961337,217777
4cc4d0259e2119db,19900,10045361,214757,19686,10025267,214757
4d0c3d97dbff613e,24469,14606743,235524,24234,14595372,235524
4d11134af7a9f413,65903,56034306,216072,65673,56032029,216072
4d1ffebeac50d415,77102,67206523,215382,76851,67191610,215382
4d3ae508d466551b,76480,66590888,201182,76267,66570791,201182
4d4a014d3f970446,95444,85576700,214810,95228,85571328,214810
4d4f199c529a7ec0,48811,38960821,213930,48596,38961277,213930
4d7951166baa304a,92988,83095209,201467,92769,83074285,201467
4d806d471a227246,12988,3117749,212989,12761,3094521,212989
4d8c58985d3bc405,10138,282936,212063,9917,269644,212063
4db6ff4900b3d054,89292,79465333,215413,89078,79416210,215413
4db7987b6b598be8,99790,89942514,217269,99557,89919621,217269
4dd662d66953b712,29434,19586415,214373,,,
4dd920b66a8d505b,105228,95343307,216940,105017,95324773,216940
4df2cc7aba6fb1c2,34345,24488293,216797,34120,24470814,216797
4df5bc4461747570,15639,5763145,236557,15393,5753406,236557
4df8f57a5ad8c54b,89816,79942059,213826,89578,79931798,213826
4e0ca8e39de97ee4,56235,46373918,215274,56007,46353984,215274
4e28e6a468d9414a,69999,60142219,213920,69774,60115232,213920
4e2c87e37fa67b57,43055,33197976,176628,42841,33175841,176628
4e538d189c8f3708,82956,73100263,215608,82732,73092194,215608
4e77bd8adae45428,71027,61087632,205861,70754,61112451,205861
4e82a3a7cd63a61f,107111,97163056,214405,106808,97151582,214405
4e92a471e64ebd0d,11445,1594170,238452,11226,1587898,238452
4e963770a70d0a11,71101,61193856,218788,70843,61169688,218788
4ea6ebc6c1d3a938,34377,24523343,216446,34150,24497609,216446
4eae29eb1b658c11,114555,104678640,214980,114326,104657503,214980
4eb5ce757e63d533,53277,43416110,215740,53022,43372950,215740
4ef1d33a8802351a,102253,92375818,218662,102007,92366411,218662
4f195b86e929ddde,,,,116496,106832515,215019
4f4334eded21cb23,45624,35735462,205054,45421,35721227,205054
4f440a048a737c67,116797,106887479,215876,116574,106932949,215876
4f67950b34789836,37764,27921545,216886,37551,27892382,216886
4f6f24700659726c,97019,87175990,460947,96804,87186485,460947
4f7fa0f50e838a67,18658,8774414,213932,18413,8753953,213932
4f8c72c47c8e3d74,17852,7995010,212154,17641,7975540,212154
4f99df4cdf8ac035,107438,97553997,216461,107186,97516327,216461
4fa83cf6d363b923,42667,32799440,214208,42434,32778117,214208
4fa8e413ad2bdf15,67231,57380508,215906,67015,57371629,215906
4fb9ad538edc0f76,71484,61631665,208218,71280,61612779,208218
4fdb0cf72cf73f3b,65350,55467395,217077,65119,55452203,217077
4fe37c1f6b41a67a,48372,38514332,216454,48151,38492479,216454
4fee614968d02598,116652,106736463,216632,116419,106753549,216632
4ff88ab27c51afd0,55375,45521006,213950,55147,45495530,213950
500e33df5f94e36e,71422,61566984,208330,71216,61547972,208330
5011bef318cacd1f,96626,86738395,218121,96379,86718453,218121
502969e79be40698,47131,37266159,216181,46899,37251972,216181
502b483103a9f8f7,106841,97008497,215160,106550,96899241,215160
503109133f43ae2e,35303,25440643,213874,35060,25410837,213874
503450c6f7f8b382,59766,49884325,205434,59553,49852258,205434
50407a751523bc52,103410,93552999,217245,103196,93534645,217245
504b09d16b3def14,35501,25634120,218301,35276,25614828,218301
50641c7a22dc25e0,56952,47051701,215392,56651,46999187,215392
5082481fb3367ff0,21224,11340134,213697,20974,11332117,213697
5097ed1fe5570b8e,71708,61881981,216260,71499,61844025,216260
50af2af49620d5b4,78087,68222748,215398,77848,68197716,215398
50ba0b74cfc8ad29,102853,92994819,215895,102602,92971827,215895
50c83f1ce5ac2f12,51160,41270548,215812,,,
50d5a045d8d574ef,33702,23831253,215236,33461,23812299,215236
50f2b89166d9bb4c,102075,92183136,217354,101823,92171939,217354
50f9dfad5fb9f54f,46846,36981098,216412,46619,36962659,216412
513d00309ca89b26,109886,100012907,214583,109674,99998976,214583
51461420dea9e3f6,95012,85145994,213511,94781,85129846,213511
515a778a60f45285,78268,68417682,201216,78071,68374141,201216
5185ef2b5200bba6,63967,54093968,214593,,,
51a8bdf9b5c4b445,82245,72397401,216836,82062,72362232,216836
51b0bf4895016467,109576,99693630,189426,109366,99704080,189426
51b891ecf45dbbc8,39526,29669080,479549,39296,29651585,479549
51c9f14c9dbbc2f9,112641,102787543,214056,112420,102769006,214056
51e249004a1037a0,60496,50645429,242669,60286,50627832,242669
51eeebd61cbf6880,37702,27853444,244201,37489,27835864,244201
5211237f2ca6739e,83005,73141217,216878,82782,73122027,216878
5214bb9bf01efcca,41812,31955081,216027,41614,31918217,216027
52354d35ebe19e3b,29263,19399045,205279,29068,19374098,205279
5275b3f7e66281c3,59208,49344007,214730,58984,49319156,214730
52976ce982b91a2a,36338,26482419,217151,36120,26463521,217151
52a9abcdc4aa9f57,,,,81641,71990374,216892
52d6cfba5fbaeabd,13987,4110277,202235,13785,4088466,202235
52da144d45234d1d,47425,37527263,205660,47216,37508515,205660
5300dbbece6dfecf,,,,84761,75037230,464489
53055506ead26a96,19315,9461357,215683,19134,9445049,215683
53403e3abc410c72,26621,16739819,214272,26350,16711760,214272
536b412a9e40e421,37282,27387238,215018,37043,27371013,215018
53726339724d8cd8,57132,47196331,215321,56844,47191959,215321
5374dfc3df296284,95477,85615950,212148,95263,85612395,212148
538450668b06ddc3,46339,36486786,241154,46113,36475267,241154
538faf2fd606a5a0,12571,2754079,215490,,,
53aaf1f5704e68cd,73099,63236625,210393,72864,63213416,210393
53afb77a50482962,76146,66290871,216336,75922,66273429,216336
53bf3584cba867f7,23898,14039471,214935,23672,14031226,214935
53c54ceaa42e5739,55014,45160787,214915,54801,45141149,214915
53c8ec4eac2f6d17,12508,2642071,214604,,,
53c99b25db599fe6,,,,61637,51938250,215303
53ca800d7bd088d2,44497,34649418,215338,44278,34615304,215338
53ed2e5883792f1d,24592,14732460,213707,24364,14711439,213707
5423e807581d70b9,82772,72903119,213927,82550,72892149,213927
543573f7f73c42e4,,,,25159,15436873,202799
543ddc9babc12439,35096,25204224,206998,34849,25189655,206998
54410bade88bf078,98651,88797304,214583,98435,88774032,214583
54477bdca1af94e4,39558,29686631,153861,39328,29662500,153861
544b5e55b75dc254,83726,73839797,218569,83486,73821612,218569
5459b9335b972601,22617,12757213,214416,22396,12736088,214416
545bf2035498fd1f,94252,84390999,215739,94033,84372165,215739
5467bb56d5ebe875,,,,81949,72308451,189677
5475d73ba5af0506,102045,92153690,216167,101792,92134315,216167
5479ff81b5bd269a,,,,111357,101716358,149294
548242dd4692d26f,33517,23643362,214122,33271,23620624,214122
5484791de2189547,19471,9613480,212939,19267,9601841,212939
54a3e2f116044019,119696,109817727,214758,119462,109805987,214758
54ad00fa4963b891,95076,85235143,447827,94843,85225429,447827
54b4af112324a895,94137,84263235,214495,93904,84243174,214495
54e50f8e0aff535b,109259,99415952,215158,109045,99402872,215158
54e9b37ad33c76e5,105756,95900712,214223,105542,95883123,214223
54f8e6b087d896dd,82011,72129399,215958,81767,72112626,215958
5515919b209f3e11,81522,71676654,215623,81292,71652279,215623
5517f1616bca33c4,95705,85836585,213091,95472,85805738,213091
552ecb221fdf5d12,99027,89095284,215813,98736,89095118,215813
55320f67e79d5151,25778,15943174,234164,25543,15893594,234164
55616e80fde3d0c8,19531,9674229,213380,19319,9670681,213380
5570c853890f2d0d,74224,64353556,216720,73991,64351977,216720
557fb12c60570151,50351,40471655,215926,,,
558bec3529a2e3c1,97621,87669931,218369,97309,87662590,218369
5596d511657a843a,110003,100123227,215462,109788,100126305,215462
559c54fb03d06721,41127,31242367,206304,40880,31221678,206304
55a25cac925ca34a,69883,60021660,215889,69653,59991161,215889
55a6a8521f927bb9,97964,88043307,200509,97685,88024183,200509
55d3efd1e6ac5edc,60062,50184896,217715,59843,50165240,217715
55e0ec99d51f5c74,108481,98650695,239093,,,
56014e739adaa12a,,,,17170,7471602,213166
56055e42028422b0,,,,39224,29615840,478253
56176552931b7446,61840,52013472,206213,61577,51876005,206213
5620486fca9ae18d,49116,39262511,215588,,,
562391deb4e6991b,77547,67688299,215682,77323,67677199,215682
562a76bc2077666d,84062,74194994,459039,83828,74206451,459039
56906334b9539c0a,21072,11176749,214247,20818,11172693,214247
56914eeac4d7f262,16653,6793958,213448,16434,6795086,213448
5694f60d17c6c40a,80705,70852210,214193,80505,70833628,214193
56996cdd54f0b2c0,95045,85173307,215742,94812,85153218,215742
56cd309c1592ceca,55407,45556350,214832,55178,45531779,214832
56d5dd96311bcfb8,63153,53282727,216181,62930,53264468,216181
5711df123b46c99e,62858,52984288,216760,62624,52971975,216760
5712b780e1c072b0,104129,94246121,204394,103887,94220770,204394
57389cf7f2ad4db2,96017,86156934,214962,95786,86132456,214962
57657f96504d9b50,15757,5884499,214736,15527,5881442,214736
57770a7060f70621,24742,14929374,191732,24522,14883620,191732
57b59897eb3e9456,56921,47037055,214841,56616,46977957,214841
57c203daa46610ae,16383,6503197,212911,16164,6482344,212911
57cc37e1335a02eb,89757,79885478,235351,89520,79878931,235351
57cd5e5db0415ac5,51803,41957081,204282,51591,41909491,204282
57dbf6e6c0a2a4e9,14385,4516771,214817,14173,4510126,214817
57e9898e25bf3602,17353,7455796,203150,17117,7412351,203150
580471c64252c454,14145,4273147,214254,13941,4250806,214254
583a245e82d228e3,60006,50128131,217615,59788,50104874,217615
5845a05ef470363e,99153,89218953,198263,,,
585c2d778e8acc90,12741,2865994,240530,,,
587bcd7052c43d58,32793,22936769,482801,32560,22950452,482801
58b088b2390caf26,65811,55947705,205676,65573,55931355,205676
59104804bed5a9fe,77288,67400087,215030,77043,67381814,215030
592294aef92f0218,109018,99174763,214495,108798,99139550,214495
592904b25f61b0c6,37671,27829472,217950,37456,27797041,217950
592e680701bdd4e4,77039,67141590,214230,76786,67122060,214230
596949e8113a056b,52048,42160877,217447,51824,42143688,217447
599cb4535cc7a838,28379,18522901,214799,28166,18504531,214799
59a8ae1f26f72003,99373,89458547,216673,,,
59bf01068bdaf908,79751,69905866,213398,79530,69865125,213398
59c06c3d1966fc71,26114,16240726,214575,25887,16222621,214575
59c85440d08c0876,41987,32137830,204631,41781,32102746,204631
59ca569120954ddf,53396,43517195,216371,53154,43511776,216371
59d462fafd81ec30,87448,77543950,214705,,,
59d9d98a2c1fc153,15609,5735718,213865,15363,5711035,213865
5a069ed5c131603c,92084,82194005,214089,91823,82184207,214089
5a1213254d77da16,107572,97724667,463272,107335,97700939,463272
5a2f3e07013d2c6b,24081,14223262,215370,23860,14202945,215370
5aa92060c540a191,59919,50029865,216356,59703,50011784,216356
5ab128950ecf4079,31692,21831780,217391,31471,21833686,217391
5ae3b1bc3a038237,15455,5575833,213765,15212,5555002,213765
5ae3b49cb9c02016,44464,34635269,214914,44245,34584609,214914
5b0eb5c0233caf55,99422,89519674,213404,99171,89529883,213404
5b17e8c11b67f21f,72618,62754655,195715,72396,62748422,195715
5b1dd55d4c1aea27,19772,9917769,213018,19558,9895309,213018
5b25484c386f1b0e,10380,525673,214362,10165,506749,214362
5b4d43132cb67d94,101121,91203214,202657,100884,91178367,202657
5b5432d392e0f77a,49418,39547057,215462,49187,39530747,215462
5b5b58871efdd578,73935,64077575,216650,73705,64060174,216650
5b5f81069866eb3d,26423,16561163,212111,26200,16550760,212111
5b87b21138797ae0,104619,94784215,216461,104401,94744108,216461
5b89e48fc6bbea16,24377,14508931,215897,24143,14491158,215897
5b8ff6d7e91a59c8,52920,43070644,216519,52689,43027039,216519
5ba1cc04e47f0f92,16329,6453695,212721,16111,6424186,212721
5baad2d13700453a,49148,39297331,215243,48944,39302675,215243
5bc52a9cf5ea3ad8,42636,32765026,216652,42403,32753234,216652
5bc5e5fabbcf0191,115172,105303941,214155,114947,105292398,214155
5bc610259470303b,40919,31035921,206469,40682,31011388,206469
5bf26573c0c85336,74306,64442524,191012,74082,64445108,191012
5c019a4e3d73b8a2,58808,48956637,216291,58575,48932876,216291
5c01fb67edb97803,52112,42228493,214083,51886,42211670,214083
5c0496f9e375aa58,25755,15891366,232840,25520,15863551,232840
5c13f1e15f2e4f9c,32093,22235820,215698,31875,22225120,215698
5c1bdd2765fd5df8,17946,8093390,213032,17739,8074674,213032
5c2d3d5ef846a0b5,101582,91729240,214278,101349,91673767,214278
5c40e2eeda16d989,49357,39488214,214796,49129,39482412,214796
5c4fd54eae0c501d,62976,53114892,215512,,,
5c8bb94b047dd585,112207,102345105,213550,111982,102332014,213550
5c919ef104deaa4f,36275,26438382,217235,36056,26394610,217235
5c954b89b1f64372,22343,12488506,210483,22117,12470709,210483
5cb5211e432e0813,33326,23447635,218040,33087,23432751,218040
5cb5447e28fcfa49,103750,93898198,216552,103547,93870075,216552
5cbdac48d14feb9e,108430,98570274,215504,,,
5cbff5ebe61caba6,108863,99001290,215973,108647,98977318,215973
5cc79fa5aefc7e4e,33070,23208107,207307,32848,23201104,207307
5cdb01c65f6d989a,76817,66980431,215332,76589,66923637,215332
5d2b46d2d79345e2,66685,56821196,213822,66469,56811793,213822
5d3499d4f1110765,53453,43577109,217673,53215,43572454,217673
5d44a25389267de2,81854,72032775,215679,81609,71959959,215679
5d4ad5486cfe28ac,30722,20872585,216192,30508,20851780,216192
5d615124d085915b,48908,39060681,205574,48701,39057272,205574
5d6c289745f81a3a,33611,23734709,219049,33362,23726040,219049
5d74c64600c12350,92114,82224538,216481,91857,82212767,216481
5d88b06a68c4b24a,76087,66235940,214934,75863,66212552,214934
5db2a39f3449ff7f,44101,34235607,215314,43874,34222967,215314
5dcd833d4b77e995,33454,23598640,216347,33210,23556702,216347
5de9cd85ae748f7c,45924,36072280,213953,45711,36059077,213953
5e12d9256bd92d9e,89481,79604090,213754,89239,79578720,213754
5e2835a8efb4b98e,96712,86843131,216565,96468,86813479,216565
5e4ddca5f8f4b39e,11711,1859839,202812,11499,1841185,202812
5e4eaef29a5f6262,57623,47752951,205926,57433,47735843,205926
5e51fc3ab457663a,111961,102082908,214476,111748,102063738,214476
5e5a210aebfb648e,105828,95974287,215657,105608,95952461,215657
5e8a19e18c755661,42157,32306303,217397,41940,32291030,217397
5e9b5eb22b97aec6,91017,81159969,214240,90802,81130991,214240
5eb02fa2866e45cb,103263,93397264,215670,103044,93378060,215670
5ebba82dc44da131,,,,106617,96977884,147716
5ec5ad84feea6d2b,38610,28756526,216346,38390,28741746,216346
5ed45b06928f6850,47983,38113494,202364,47757,38100794,202364
5edf55245915f8df,50741,40936382,236704,,,
5f09b3d2712dd7ea,72863,63001145,214907,72643,62983389,214907
5f22b79492701bf1,51333,41477712,216641,51090,41434198,216641
5f3be0daf175d6b2,112871,103019441,215687,112542,102896763,215687
5faf161e4e47a2a0,98453,88601971,213895,98244,88584373,213895
5fb0c216eb530829,34560,24703478,205821,34340,24691420,205821
5fb657ba822d5440,72033,62153877,217701,71796,62134850,217701
5fbd16092220a05e,61341,51489450,217237,61127,51471590,217237
5fc5658738282fc5,73678,63786285,218859,73428,63768540,218859
5fc57c13bc5bb9c0,119726,109848633,215655,119491,109833517,215655
5fcbf3d194dd971c,22248,12391119,216080,22027,12372568,216080
5fceca429c3c75bd,91839,81968037,213442,91582,81930524,213442
5fd7bce59e6b5f19,106959,97031452,202020,106652,96990429,202020
5fdeded96ad17ebd,100897,91036769,218388,100667,91026633,218388
5fe7f8e3850f2734,55921,46041508,216743,55697,45998210,216743
60196783fb586cf3,52825,42959196,216508,52593,42932957,216508
6037316c3c954093,11973,2117098,204643,11788,2105984,204643
6046fbc76e15ebf6,22311,12462218,235938,22087,12436422,235938
604e1168cc1967e0,98390,88536472,216290,,,
6062199d60d2eee5,51101,41204527,216211,50840,41194157,216211
6076792814a1db10,119521,109663905,213254,119310,109644365,213254
6085f8188760dc0a,43968,34108290,204775,43759,34090405,204775
60927d24d12b2a84,11113,1251176,215533,10889,1229802,215533
609a7ca69fd6869c,44225,34368547,216497,43990,34351884,216497
60c956f98a3bf5eb,12262,2399305,216246,12061,2392057,216246
60d65ee52ae5b8d1,,,,93373,83651604,215803
60f192ba9eee99da,117089,107237020,235769,,,
60f8b34e702e1213,66056,56186413,214288,65831,56167494,214288
60fe558e41313c26,28552,18694097,216475,28322,18671342,216475
6114b84d352e4a2e,77604,67742310,215189,77384,67743263,215189
612c6e33800ed832,79336,69482596,214553,79123,69473025,214553
613f2df814bda1dd,40608,30748027,217400,40405,30734331,217400
61463bb784ccaa2e,100681,90811663,215638,100446,90797865,215638
614c8e0fadcbf48c,77720,67864339,214076,77505,67845413,214076
6176d11198ed648e,15392,5511303,214200,15150,5491650,214200
619265c861e0e5cc,42992,33132503,207653,42777,33113168,207653
61a6070544980946,11504,1648054,213895,11290,1631049,213895
61ac1e4b9f298031,35126,25245888,205974,34879,25220488,205974
61f6b9e07634ab44,84629,74772074,215879,84403,74759920,215879
61f7b6d2dda344a6,50020,40108640,203772,49807,40135647,203772
623c7dc8bc40cce9,25687,15797720,214616,25450,15780391,214616
623de58bd6f61a75,10265,411831,214633,10050,411069,214633
6241288b61a13c3f,113027,103060965,215803,112701,103053302,215803
6246585d0433d58c,75963,66109992,216662,75743,66083748,216662
62513825f82b14e1,43999,34140652,204830,43788,34119185,204830
627e19a020949b38,86268,76389294,213750,86025,76372447,213750
628871e1d0e50640,59637,49754258,206176,59425,49722516,206176
629676ed7a42218b,22279,12425744,212940,22056,12403062,212940
62b77b25ad661da9,75431,65575981,215102,,,
62d56f68fdc326de,115080,105222796,215948,114851,105213071,215948
630609aa81ccf5e8,64530,54652422,215201,64324,54634013,215201
630ead0ecc21193b,81215,71353627,213801,80994,71334807,213801
6346efbea5ec8833,94902,85046386,239051,94685,85030976,239051
63864f9bb7c2e21b,62053,52108147,215062,61749,52068164,215062
638d936f584269b3,74020,64171506,215904,73800,64151383,215904
638e14637fc80d31,19104,9244566,210558,18933,9231485,210558
639b6f021bdde5b3,95832,86089579,214086,95595,85933454,214086
63a5555b86687197,33915,24059678,213988,33692,24050589,213988
63cab25e27b8531a,21746,11902727,214374,21535,11890669,214374
63d0ae847e4eedd4,83914,74031826,199121,83677,74011866,199121
63d2ab6bd2d94d50,32625,22764314,214988,32405,22745500,214988
63dae376cc67703f,81703,71820347,215156,81457,71812814,215156
63ef9feeed7848b6,110574,100721850,212958,110351,100713341,212958
63f025eda73f02c1,38578,28724834,215580,38359,28711424,215580
63f3593b9ed09dc8,73478,63573378,219870,73217,63572731,219870
643fddb11ab24fda,97219,87380582,202666,97000,87345471,202666
644264d599c91496,104100,94209715,217189,103858,94191736,217189
64762c639e65e52c,101950,92058219,217096,101696,92035017,217096
649bc054df7cc6b7,57216,47286413,205542,56932,47264381,205542
64abb973075dee36,27187,17331679,214870,26945,17291379,214870
64b651a2f698b3c3,79929,70112318,237665,79692,70028982,237665
64bc9bde52987ec9,94035,84145194,215041,93782,84142575,215041
64e1f5cf441ab4c5,18105,8254471,211752,17897,8234879,211752
64f6ab363f02a6c6,77752,67896567,216682,77538,67877868,216682
64f6bc50c5d2ae00,118852,108964803,214637,118594,108925628,214637
65095a171418d213,75804,65943222,215442,75586,65925628,215442
65146aff04fcb7d6,57386,47481168,215927,57122,47463619,215927
651a8ea71a1e669a,50884,41009494,214893,,,
6536421cfd48c382,46064,36198737,214772,45844,36179586,214772
653ee9474400ae95,112179,102318247,234257,111956,102305521,234257
654074a9ddc2ac4b,47877,37994887,206216,47654,37976061,206216
654ad1d99d4c1533,18265,8449412,213346,18048,8392213,213346
655f80db7122fc95,60371,50515387,217135,60158,50495634,217135
65636d20c9656617,76665,66782799,213326,76449,66763483,213326
656565d3823be1d3,24917,15042779,214876,24687,15017479,214876
657b5259cda16517,80253,70380052,199831,80058,70359103,199831
657f66a9c26e9a2e,19014,9154735,202117,,,
6591588b262ba7c9,118660,108730971,216581,118401,108732225,216581
65a03c4565051637,64989,55112855,213779,64733,55091748,213779
65bf2ad5b669012d,66720,56858978,213478,66503,56851290,213478
65c08e6b9329f539,32062,22204118,216984,31845,22191941,216984
65c203e20e463b84,55890,45988559,216120,55666,45966717,216120
65cc47495c349147,66200,56319813,203608,65993,56309455,203608
65e5685154dfb571,38781,28924167,206063,38585,28881316,206063
65e8dd58873b5f73,73381,63484207,235243,73118,63474886,235243
65f00ad2fa2beee5,103144,93268877,215908,102917,93249644,215908
66312182fbc51da4,44847,34990976,216113,44622,34973443,216113
666d37cac6f7ff26,87980,78130957,216270,87774,78119543,216270
668ca632ca6e2345,47490,37594862,205322,47280,37573440,205322
6690f4dbc1a77166,97652,87715294,216662,97339,87691990,216662
6695766d718b6530,20684,10798429,210541,20438,10777158,210541
6699053242b5cb26,,,,16781,7139643,188440
669b44d4bcca787a,72190,62322880,219059,71958,62297087,219059
669f6e1abcfa457e,98517,88664426,215006,98309,88647073,215006
66b3050180964832,80557,70699500,214461,80366,70678259,214461
66c8f1a048493312,85322,75271611,212982,84968,75247668,212982
6712d54a5095e909,55796,45889073,215274,55573,45868883,215274
671b07a45f087613,,,,36546,26880812,151227
671e0cdad52d5017,20243,10397180,213775,20025,10382669,213775
675bab1468f27506,116926,107052055,214983,116709,107049048,214983
679048aa688981ba,19739,9882917,213654,19525,9861886,213654
67918dd52bd7512d,110234,100371034,213590,110011,100357366,213590
6791fb60fcc4be73,110263,100405109,215481,110039,100383784,215481
67ed40a34dd9060c,,,,107473,97812889,463214
67fafa6b87f0abd8,32248,22393535,214323,32026,22373136,214323
67fdcb4de47ede47,29574,19725581,216286,29366,19711683,216286
68140a5a1391eaa8,99596,89720312,215098,99368,89711632,215098
6817ef3cbf175f35,81918,72043902,213075,81673,72019294,213075
681fa9b3bbe84b4e,88012,78160319,213827,87806,78146084,213827
6823128d3d835bf4,72957,63095915,212170,72738,63076880,212170
683fb8a8646465b9,61571,51715016,205565,61355,51670554,205565
6845391b242ba4bc,,,,84993,75277480,213560
68518fb81045ca27,92377,82503340,213676,92142,82484802,213676
6864e5703c717ece,88756,78948366,457494,,,
689ab6d698d95ec9,58019,48147338,214321,57802,48115129,214321
68a176ab42253e4b,38389,28536346,216050,38173,28512741,216050
68c5e53b4bd82ca2,118538,108608630,215058,118286,108592676,215058
68c78aa487b902d2,,,,92503,82837515,147179
68f7909423f9d0f2,104006,94109993,236177,103768,94096250,236177
690e32bfe0484b59,69699,59820350,200679,69462,59797025,200679
69140543d1000e2c,42275,32432894,215312,42056,32407003,215312
691f49bfdae085bb,105107,95219182,201849,104898,95196814,201849
6925479d54104daa,103910,94012869,216713,103675,93995006,216713
692aa8c5480b86e7,39125,29252131,213562,38921,29233299,213562
6969f5a1a2b7408d,68214,58347515,204831,68022,58318808,204831
699dce9acae2d979,76752,66881285,214262,76534,66863041,214262
69b97ec4451be5ce,29842,19992126,215982,29635,19972565,215982
69c4c559846a1e4a,36963,27059873,206983,36719,27019165,206983
69df4681676288d7,24314,14451069,214394,24082,14432033,214394
6a295c4795ea3c4d,55239,45388363,216871,55024,45371103,216871
6a4f5ea1cb02142e,103438,93581883,215383,103224,93563514,215383
6a8178c64de68e07,49539,39670776,215284,49302,39654925,215284
6a8578b360503ed4,32310,22459654,219280,32091,22452378,219280
6a8a64551997c00d,53748,43891052,205779,53540,43870033,205779
6ababd8a2d42a904,111203,101341455,237748,110974,101336559,237748
6ae4bc472f9bcf01,87396,77477953,214746,87138,77456596,214746
6aeab92327690a82,46431,36581114,217264,46210,36570805,217264
6aec5fdc0880aa30,46943,37080218,215679,46715,37057596,215679
6b0079c4f8f8ce82,22682,12826009,214056,22461,12799602,214056
6b1d6a932ead2ee6,67802,57942937,216810,67548,57893157,216810
6b1f0ec0710706b1,115203,105336495,213671,114978,105332057,213671
6b2314451633ed33,66358,56477259,204357,66150,56455771,204357
6b64409ab508ebe4,87551,77666877,214418,87317,77676178,214418
6b74b3ea30ca7fc2,43671,33792084,205706,43466,33790592,205706
6b90f384799e397a,104068,94173249,218755,103828,94153544,218755
6b91578d13ee5319,63737,53884810,214107,63525,53871472,214107
6b99a3b62ae4d177,31212,21329027,206949,31002,21302764,206949
6ba7cf32c5857de3,119321,109469284,213460,119118,109448680,213460
6bb4210328d8b0cb,,,,119761,110102230,238707
6bbf7548457bf6ac,73794,63931052,215634,,,
6bfd0a60df12f6ba,22649,12788124,214162,22428,12767764,214162
6c049d2e58d0271d,33160,23294372,217738,32938,23291883,217738
6c0abe6ff6ef0a19,16597,6744239,213665,16371,6730705,213665
6c0d5e158eab5ea6,47645,37755473,205805,47434,37732975,205805
6c0f6e63ad838abe,84925,75089134,467443,,,
6c16b2d9e086f71f,16809,6939125,469186,,,
6c1896d22a654ab7,66233,56349228,202346,66025,56330329,202346
6c3483caa7dd50be,57303,47398276,215918,57029,47363262,215918
6c51d9d6cb31d57b,49183,39344479,214897,48975,39314190,214897
6c637e4b031cd1ed,71643,61793367,219079,71438,61773776,219079
6c74a559c8bf0fe2,98360,88526399,215671,98147,88487367,215671
6c784db0fade11c7,,,,98653,88997950,215394
6c93811a526b3af0,33390,23538658,216910,33149,23493974,216910
6cb239b4dda13f63,114582,104707917,216826,114358,104689480,216826
6cb9cfdd85cd3473,73441,63533089,214580,73179,63531565,214580
6cf6067acdeda7b2,26271,16403330,215505,26047,16383479,215505
6cffb605a259e41a,77826,67979254,216283,77601,67942740,216283
6d0883d07425530e,83425,73568608,214398,83190,73539122,214398
6d0a897e7bda017a,91902,82011874,214402,91644,82003104,214402
6d22bcbdeaee7efd,37858,28009454,215918,37644,27991654,215918
6d3b40c660d7a494,97592,87651730,215986,97280,87632516,215986
6d3f9e3a4d07c48d,58486,48624480,216118,58262,48602891,216118
6d4487b2ab2962bb,101153,91244507,200501,100916,91211076,200501
6d47cde343d03e21,91269,81400393,214283,91029,81377116,214283
6d5f83a2268b37cb,82395,72535292,215843,82218,72516451,215843
6d62a1df4d30d0b7,81569,71726666,215682,81332,71693526,215682
6d68d752505f2c2b,91870,81991859,215038,,,
6d69d754097281d4,102013,92121222,215253,101759,92097356,215253
6d9255192378ead6,102281,92404338,218061,102036,92394880,218061
6daa0801d3e42f6c,59734,49841450,205220,59521,49820347,205220
6dab0915819b80c7,16061,6162589,213975,15849,6143990,213975
6dc116b9b5ca965e,72680,62815930,214895,72457,62811809,214895
6de1c5d18ed4b014,88819,78953414,199324,,,
6df39e78b8b2482a,23241,13374199,213304,23012,13353610,213304
6df49f2501c12b7c,76416,66525949,202420,76204,66506719,202420
6df4e5ca0b6969ba,113196,103249179,215068,112882,103241303,215068
6df7b54fcaab2b8f,99544,89662160,216017,,,
6dfab81ee38bcf96,40512,30663862,230712,,,
6e1f0dfdb93c5449,33672,23798585,216168,33430,23777594,216168
6e24e2bf5e393bd3,76056,66202380,215524,75833,66177293,215524
6e3810dd758ca0cb,63311,53443671,214028,63089,53427040,214028
6e41e1c412a4d305,87002,77044785,201341,86727,77085999,201341
6e5769ac07bc8755,105075,95185977,202397,104866,95165971,202397
6e5c1c9f9a33a8e6,31494,21620124,215643,31267,21599590,215643
6e8da2d9eb9a1448,37172,27259642,207141,36931,27241096,207141
6e96e0652f4a31d7,85497,75491187,216847,85155,75477410,216847
6ea4d1be5a0dfa0c,17511,7608602,213899,17268,7585044,213899
6eafe2ba59a2bfa4,79864,69986297,215952,79628,69963052,215952
6ec52fa2b991d60b,73992,64164201,216483,73770,64120338,216483
6ef3c583d6f01434,51843,41968341,202999,51622,41950297,202999
6f08db7a8bfa031c,102727,92836811,217983,102476,92824663,217983
6f39e5e4ff195bb5,37492,27628635,217480,37263,27601854,217480
6f448f86467dca66,79429,69588275,214228,79215,69578403,214228
6f6b85430e5d9fea,50947,41047674,215943,,,
6f719aa0864fbb2e,26332,16464646,212951,26108,16451604,212951
6f754c5ad3faba83,51540,41678690,216667,51311,41653043,216667
6f77bbe41af3e6be,119879,110007114,215329,119645,110005862,215329
6f8b82739873edf1,79460,69610767,240042,79252,69609991,240042
6f8de376a46d12a4,84203,74339299,201956,83981,74329596,201956
6f91b884a83ef00f,80905,71033876,214122,80683,71034104,214122
6fab1c4413c0e3f7,102506,92658843,217415,102284,92624639,217415
6fafda3bfeb367ac,91461,81575443,213422,91210,81570691,213422
6fbacf11a018e0f5,41283,31406232,215069,,,
6fd21e9da23ee352,87370,77442975,213278,87109,77424891,213278
6feed9c63c26af66,103175,93304822,212199,102949,93281996,212199
6ff49bcf8ef941ee,18577,8693300,214416,18331,8691213,214416
7007502b26d83f8a,19868,10012156,211700,19655,9992905,211700
700de8e53e6001f6,24949,15076566,214719,24719,15050604,214719
7034b463424e898e,88453,78619114,214312,,,
70393dcd3bacbf5f,73228,63348842,226096,72955,63300906,226096
7040b4e7bc11291b,23336,13489043,215750,23106,13451767,215750
7064ca4f44d94736,71277,61441279,219292,71053,61415813,219292
706fd3b66ac07e64,25470,15554164,204834,25240,15527925,204834
7073d32d04b69828,65411,55530760,219381,65182,55513406,219381
7081373472652d4f,99570,89689708,214345,99343,89702154,214345
709b759023ea8529,51303,41463471,216119,51058,41395412,216119
70a2aee332fb44da,58168,48286459,205585,57939,48270039,205585
70a9b3d3f7abf0f7,51040,41140596,214919,50778,41141803,214919
70abe1423b03e5ee,62111,52171249,216503,61803,52128119,216503
710980ded5267951,11326,1469210,213073,11100,1451167,213073
7137c181ffb4d8dc,67674,57815386,217316,67422,57765034,217316
715d1340ba61585f,106569,96715198,214312,106360,96696102,214312
71e73bb1e758de29,69316,59475432,218161,69080,59434851,218161
71eebcbcc0354688,37025,27103513,207843,36782,27082632,207843
71f904af265e1c0b,50247,40363783,217603,,,
71fff4a5d6c54e29,71204,61326620,205396,70961,61310319,205396
722004c3e1c2687a,32528,22666334,216533,32308,22648042,216533
723450ffd5f87809,119044,109167913,214859,118793,109152955,214859
723e9ca0201701c8,81399,71539352,216085,81176,71519415,216085
72563a7c00d42ecc,60465,50612308,215951,60255,50592940,215951
7256aeea92080046,109110,99255668,214804,,,
725f42f575abe522,45466,35577630,207247,45265,35592300,207247
725f6fc5bfbdeb9c,116172,106345305,459926,115955,106323021,459926
7269dd47d5d83eaa,29462,19603878,216606,,,
7278ef410a86f22b,23552,13699645,213534,23320,13674976,213534
72817dbb08f4dc77,68392,58530032,215590,68208,58511473,215590
728f5fb80284f862,73290,63387978,227468,73015,63373856,227468
7299d36be38e6f0a,64454,54579132,215571,64246,54572295,215571
729a15a8a8be3d82,16919,7103488,473353,,,
72a711635b28a870,39095,29222971,216177,38892,29201962,216177
72a737ef61ba59ce,73822,63945939,216312,,,
72c7b8c0b6879d31,28347,18505639,215872,28133,18471915,215872
72d6fe79b1656ddb,11144,1281870,215297,10920,1262356,215297
72e5c3f85bfc0469,58345,48471288,214530,58110,48471375,214530
72f356a458c7b9ac,74712,64853324,218684,74495,64832617,218684
730dcc4fe78cd57a,104218,94363932,215972,103974,94318917,215972
731308d6fef8f717,90400,80521173,213578,90144,80493543,213578
7356f151d36c4bb5,80527,70666004,212800,80336,70646594,212800
735d8650eb4c458c,44624,34769402,216372,44406,34745157,216372
737984a0559d8cc7,73057,63212686,209606,72832,63172684,209606
737a16a2ff48d425,68043,58164086,216340,67796,58152963,216340
737c80c987a2da5d,34151,24301094,243516,33936,24278304,243516
7387fad7f818b484,105199,95324574,216423,104989,95292101,216423
73b43ca0bf98f96e,40033,30165137,208102,39804,30146369,208102
73cb499b3db0db6f,104946,95053379,152793,,,
7411e369da1e6f2e,32824,22956474,158379,32600,22960294,158379
742b95001874afd8,94091,84215078,214011,93853,84213894,214011
7471074fc75bb36c,66830,56972336,216908,66608,56952232,216908
74947849d18c2174,57894,48023808,216302,57686,48015608,216302
74b20fddb45ce361,86436,76568329,213419,86213,76549236,213419
74b80745ff9afb08,44560,34701275,217695,44342,34680557,217695
74c19a2003c2b1cb,13502,3648279,213915,13283,3631305,213915
74c798683d26a007,91639,81752562,214262,91392,81732032,214262
74e6347cf862b7ec,32657,22798149,217177,32437,22778195,217177
750ca1004359afbf,84660,74805361,215104,84433,74783640,215104
7531500d40a477e1,100205,90342405,217550,,,
7548afe881482ad0,76956,67072641,215233,76698,67051343,215233
757b946b92852be0,,,,107696,97973958,200678
758335fd465e1859,110203,100346162,213854,109982,100323680,213854
758b977e7af75115,21461,11576234,212800,21211,11557485,212800
7597b3a4aa2e45ae,12610,2760830,216002,,,
75b305d577b8fc95,77961,68094377,214032,77726,68078195,214032
75d67b7527e3f73f,,,,116022,106341698,188176
75f6f6841f458ab6,43938,34097645,205178,43730,34055380,205178
7610ea92d6c742ef,65202,55344285,233833,64968,55327144,233833
76209f3603d6336f,38420,28564173,216378,38204,28551579,216378
765af68a991dca89,50274,40402072,213593,50073,40431816,213593
766fc6ae81a1de61,99447,89552711,213658,,,
76a14f86768ca9a7,104410,94533101,217070,104176,94513943,217070
76b856a8fedbc3e7,107052,97102511,201075,106746,97096360,201075
76d128e5ba4ce627,107411,97516648,215870,107154,97483171,215870
76f56c9489f54e04,10107,251097,213924,9887,231520,213924
77090b5a041ae5bf,66419,56544787,216811,66210,56527995,216811
7725f7743a37a686,68244,58375965,205940,68055,58351578,205940
77431826c62a88ae,89256,79401294,215310,89045,79383681,215310
7766c2a6139c53a5,93906,84012202,214792,93627,83957774,214792
776e0f027f591f93,13681,3833596,215193,,,
7783f436c04e875e,105924,96064597,216628,105703,96045035,216628
778e85a07fef3826,26482,16635126,213368,26259,16611028,213368
779d0c829f9c0ea2,106147,96287666,217652,105921,96273626,217652
77b871ff60daefd1,36465,26608252,218025,36247,26592013,218025
77bd56954041b8f5,106021,96165196,215311,105798,96147506,215311
77d6fe52b6e28834,11565,1726680,214682,11352,1710935,214682
77d8eac1bd766e27,49715,39903417,467636,,,
77e7fa87fafb9b7b,97251,87392077,201944,97032,87371613,201944
780e7eafc923bd3f,56098,46210690,214555,55872,46194045,214555
781182cdc48ced7b,26452,16593848,214823,26229,16583200,214823
781342d1f8f79e8b,97823,87883733,217116,97525,87863788,217116
78322d015f488c69,87230,77280995,217468,86961,77262585,217468
784822affce3c202,21659,11825166,213469,21430,11791981,213469
7849b9c9790dbc5c,33820,23959350,215077,33590,23951428,215077
78576f74ed40721a,23774,13922237,212025,23549,13901630,212025
78641ae46da4d933,15699,5826617,215857,15466,5824399,215857
7872666dba34bd82,13590,3742951,213934,13376,3730526,213934
7872ed93bd30f364,75340,65476026,200582,75113,65471888,200582
787546f50281f2da,66327,56457028,203143,66119,56423773,203143
78888e0a7dddb953,117434,107584295,216009,117230,107556150,216009
788ded41249bea06,37580,27724038,215474,37360,27699804,215474
78bd9ed8188fa2d4,94965,85125543,214296,94749,85102484,214296
78d2c9114004c291,10856,1011137,218666,10632,971802,218666
78e412be36ad90dd,110444,100590782,216600,110215,100572780,216600
78f573fb58773ece,27559,17711248,215573,27347,17692185,215573
79156d8fd7c6cf3e,37551,27690099,213628,37328,27671026,213628
791b711695d77c49,113702,103965994,213533,113482,103833019,213533
792a77686651e42e,69455,59568098,218025,69201,59552079,218025
79336de5285e8abb,90582,80701678,214275,90342,80708873,214275
794c38205e409442,71160,61270519,201936,70911,61259398,201936
7954ab432316ad29,48597,38737203,207239,48370,38722416,207239
79966030dcca8596,105044,95152671,201791,104835,95134030,201791
7999d832adfa3af4,52475,42618699,214575,52242,42603224,214575
79b4cf365391bfa9,100837,90996403,216802,100606,90957539,216802
79b8db3130ab440e,37521,27666393,213525,37295,27633744,213525
79c4974581d5950e,104590,94734074,214179,104370,94712253,214179
79dce2e35da38abf,93108,83228420,215457,92887,83217374,215457
79e0f441d93340d4,32156,22306014,215955,31936,22289042,215955
79e9db597ff77392,115321,105459980,216316,115096,105440127,216316
7a013d4862c9b5dd,20344,10463435,214044,20091,10454108,214044
7a2cf84e7ec275ce,13296,3434901,215552,13078,3414965,215552
7a3474f6f9c00b1d,99894,90032837,239827,99667,90017759,239827
7a6cd05365da71e6,22049,12198404,215503,21839,12178494,215503
7aa259cff515e9b4,88173,78324108,214126,,,
7aac093e51477c1f,47393,37494729,150397,47183,37479826,150397
7acead073efb7b1f,29078,19209644,204506,28887,19184012,204506
7af3c01d223f5400,100021,90172933,215892,,,
7b0b7e6bc80ca3f0,100236,90375497,217119,,,
7b143db81fd1628a,44748,34907608,216085,44531,34873106,216085
7b4947996024e957,71861,61979165,223020,71618,61974707,223020
7b7c8b1c6fb9d3cb,,,,16623,6982338,189132
7b99924eb2a04e41,100083,90226205,218197,99865,90224124,218197
7b9c2c7bfd4de0c9,,,,102743,93127500,204582
7b9d2d46bee84b94,93018,83125435,215547,92799,83106174,215547
7ba2991077d48069,39065,29189365,216664,38864,29171987,216664
7ba2c91d174481d4,76781,66958289,213517,76561,66892400,213517
7bb59508b31c0bfc,14356,4499338,215097,14146,4481386,215097
7bc16ea1759d7232,57520,47655544,215005,57276,47634649,215005
7bccfa2111af6a68,15360,5480697,212529,15119,5461806,212529
7bedc4616e88bbf7,29490,19629419,214791,29291,19650111,214791
7bf370a777000121,81247,71382399,214466,81025,71364258,214466
7c020fa46c5ccc84,114428,104531384,217168,114173,104532136,217168
7c0984e56c453d81,52328,42453483,214662,52095,42432222,214662
7c1b402392e19ec5,110859,100990690,214039,110628,100978972,214039
7c272461d4db9365,73878,64013411,215727,73645,63992733,215727
7c46fd82fb5c2898,62793,52945238,213763,62570,52907855,213763
7c53174f2ece0360,87741,77885354,215711,87528,77894338,215711
7c571308644d2471,10674,834296,214789,10447,794120,214789
7c603b51afab833c,102310,92448749,217253,102067,92413521,217253
7cd8af19a4aa9518,76988,67091653,215176,76730,67093178,215176
7cf85676677f8a16,91074,81229179,214915,90860,81193804,214915
7d24c20b3207feae,,,,79723,70057716,200192
7d2b09fff101c1a0,75460,65601764,216194,,,
7d30eb9f5563afb0,16516,6649908,213571,16292,6631789,213571
7d321985515e8fe9,104247,94370432,217400,,,
7d399309c50abbd9,110605,100746461,217618,110386,100746609,217618
7d3dcc14d7ca6cc7,71063,61137642,204406,70798,61113900,204406
7d3ee0008cc1c662,109917,100043453,215624,109704,100025703,215624
7d3ee4a1dc3e9a47,100508,90651050,216005,,,
7d4a82250fa6433e,20058,10203019,212812,19843,10190600,212812
7d505f33631bd452,33486,23616888,216440,33241,23592405,216440
7d6739fee44155aa,109416,99555040,214095,,,
7d68cf207ea7a488,88632,78757850,213248,,,
7d79602322f4d6ab,47006,37141024,215424,46777,37121685,215424
7d7a19265405df41,27412,17556349,214333,27196,17550432,214333
7d865a811443279e,46593,36749855,215022,46370,36731366,215022
7da3c44a8a0235b4,87287,77346883,213984,87021,77332554,213984
7dabc87781624ae4,44317,34455130,214500,44090,34454070,214500
7dcacc7b038e2a8a,110827,100956844,215554,110597,100936256,215554
7ddcaf5a2e5b04a6,109735,99847818,213968,109524,99832636,213968
7de0755f552cf613,72797,62934130,215186,72577,62914296,215186
7de31be650871be2,14019,4139516,202314,13816,4119559,202314
7df4229591c25ac6,27045,17152622,206376,26792,17132552,206376
7e29fec33fcbbf99,23492,13630038,214197,23260,13612710,214197
7e2a5a2a3f10122c,85751,75881722,240318,85521,75880519,240318
7e2bca4e4e4a650d,87525,77646375,213012,,,
7e2dd313c753238c,90338,80460858,215235,90085,80425408,215235
7e42a8b448e09144,50138,40233443,205320,,,
7e4f9442a559f3a1,70029,60191465,448766,69804,60184161,448766
7e5e1b27738723c4,22216,12360842,212861,21996,12341745,212861
7e678f4d88759c69,,,,95626,85988892,213272
7e69bdcce4445045,62659,52780761,217580,62426,52760130,217580
7e808ca7542fffa0,114260,104320139,217832,113942,104293611,217832
7eab567455302e39,28170,18316264,213947,27954,18310698,213947
7ec5de4d0205fb62,113281,103335819,214768,112980,103338197,214768
7ec64105938dff5c,17883,8027382,237326,17673,8009361,237326
7f291f6f38648050,27950,18090229,234420,27727,18084837,234420
7f2eed7bafcbbc5e,71799,61927251,218462,71559,61899707,218462
7f47ea049e08decb,13650,3802294,214026,13436,3790255,214026
7f4d06c25a308d5d,119962,110085990,216173,119729,110067465,216173
7f7a2f3cd4c13875,36157,26293156,215748,35937,26291285,215748
7fa21559576eb1bd,105288,95403114,214256,105075,95386536,214256
7fc79ea042fe3899,62408,52509970,205945,62119,52448348,205945
7fec33f56b210748,89083,79233473,214741,88859,79212829,214741
7ffda65a54c7363e,56719,46862999,243671,56495,46847914,243671
8002f313e7b91cdc,118347,108499806,200698,118112,108398340,200698
800fd6e70d3c8530,69761,59881630,217360,69526,59863641,217360
801aa15da101e1ac,,,,93472,83768504,216197
8023ca032237fd47,59302,49467589,216495,59080,49416784,216495
8034aaed751c7ff6,32887,23019681,205958,32664,22998226,205958
80527daa8479d099,34530,24672819,205502,34310,24672287,205502
8062d0b964c2ad93,89171,79318279,211453,88954,79310723,211453
80764c8408f8d609,15017,5154269,214486,14774,5131157,214486
80999e2d9e762749,22713,12875997,236681,22493,12833963,236681
80a4ebf8b02f9bd6,118200,108322701,200415,118019,108306880,200415
80a64a24e2253661,45861,35984053,204759,45651,35981198,204759
80a9084b4b708bab,20622,10733977,213894,20375,10714695,213894
80b50689303cdd82,45153,35296150,215593,44935,35291848,215593
80c022d3ff57827f,18627,8740977,214522,18382,8722804,214522
80c02bb359a37539,103699,93832845,216141,103496,93854866,216141
80c1f539a7ec4643,117951,108112053,215875,117744,108078500,215875
80c7b2d84417f084,101854,91955325,216985,101598,91937050,216985
80fc4ab8b0eec0e4,101821,91930056,216808,101565,91904576,216808
810f9402bbc908ef,40802,30971902,214087,40592,30932336,214087
8152b1c23c4ac834,18451,8565092,213841,18194,8551427,213841
8157a3f689030b54,58995,49126126,216421,58770,49122799,216421
8166206432440ce3,38050,28197792,216457,37831,28193239,216457
81703cd0bfaa7d74,118768,108847718,215394,,,
818ba207a5e65e5b,104865,95020818,463108,,,
818dbaa58022c784,32186,22344230,216745,,,
81a9266ab58710e0,16873,6998403,212222,16656,6983043,212222
81b894e94bc85d6d,50402,40539374,214948,,,
81c3d67bb87ed21c,52675,42800676,242088,52442,42804127,242088
81dc6cb6cdfaf255,94385,84532197,215331,94159,84502404,215331
8208c09b6a0d4f33,15548,5669523,213448,15304,5651955,213448
82131881235900ef,81822,71975171,215077,81577,71915097,215077
82286a2b66e58d49,81308,71448590,215439,81086,71425879,215439
82628210a86a298e,37255,27360497,216266,37016,27341899,216266
8264f8e10a3dbe40,84288,74457156,215149,84071,74412356,215149
82979375253819c3,65171,55330461,240413,,,
829d6fbcbc34bb2b,15328,5451839,214351,15087,5431396,214351
82b03accfcc6fafd,82100,72260719,457970,,,
82b82d68ac74f3ed,40171,30314014,216329,39950,30311093,216329
82c2367d4858e7a1,64561,54687804,215862,64355,54674683,215862
82c807f5d2758811,103322,93461227,217330,103106,93441862,217330
82cae52f73ba605c,105860,96000969,236938,105639,95986414,236938
82da825332b3667f,58608,48747963,216138,58389,48733881,216138
82f2a077be2cd222,45061,35205731,214905,44837,35193162,214905
83366529d452912d,25197,15266603,203979,24977,15246128,203979
833cf69cfcdbf87e,103024,93141156,202943,102784,93146203,202943
83402ac2bf1f0f88,96908,87048436,201041,96687,87041495,201041
836d4c8db54dec59,80675,70824452,213571,80477,70801281,213571
838ec6de1719436a,83288,73444905,216939,83068,73412983,216939
83ace2581ace9400,77930,68062021,214565,77696,68046274,214565
83b241b83d8342cf,50109,40203180,205911,,,
83b75b3674353b98,15843,6006443,470301,,,
83d46cd83d58ae37,,,,115547,105901470,217391
83f68a1bbd7db48d,60729,50869562,215240,60506,50850841,215240
840a17bed9b85f02,82743,72878418,215918,82524,72862455,215918
8430336e909ec327,38814,28942496,208117,38617,28915820,208117
845467629694724c,115833,105984102,216018,115578,105931368,216018
8456d2a55ad62df6,109079,99218742,215021,,,
8484f9c8910498dd,13413,3559219,214467,13196,3538490,214467
8496415eddeef268,108341,98466337,214220,108098,98444858,214220
8497b845bc14aabb,53062,43179817,216634,52813,43152397,216634
84be438b570c8fe2,52297,42447587,214862,52065,42399903,214862
84d921e5693c22b8,45030,35181161,218833,44806,35153456,218833
84e0e53ee1693417,106178,96322220,215137,105951,96300531,215137
84e8fb2b6a36c20a,93605,83696154,216260,93347,83622462,216260
84fa8370b4d379d7,30691,20841955,217364,30477,20815954,217364
851b385a1cab706a,43707,33830268,205084,43503,33830158,205084
852017335775edec,36401,26543077,216611,36184,26524013,216611
854b3c40b6c33726,33581,23707150,216294,33332,23692722,216294
85b9373198b4c055,37309,27419918,213975,37070,27401949,213975
85ccab4843b1068a,71082,61161635,205517,70820,61141689,205517
85d02adb7095d4f8,81948,72074851,214449,81704,72046114,214449
85e66b2aa5d0ec97,36127,26265671,217670,35907,26251657,217670
85fe9ab10e946004,91964,82069260,214318,91704,82051778,214318
85ffc4d0c4badfc5,106391,96536360,213585,106180,96531941,213585
860b00fb3c9ad66e,63372,53514459,215214,63151,53494113,215214
860d8704e1d9e48a,92957,83060248,201581,92738,83041074,201581
86277ba39bbebabf,102759,92883421,240781,102508,92864918,240781
8643d915db983c64,66168,56285314,148633,65960,56296640,148633
86461ad007453e29,24785,14934125,202210,24558,14897037,202210
8671e16bf139f3c2,81184,71325549,233501,80962,71304033,233501
8673fb8e98717e7b,51873,41993623,201970,51652,41981015,201970
867eab5982cf5458,102224,92345619,216642,101977,92334277,216642
86905e325c263da2,88503,78633380,214735,,,
869bf56ef8196999,71611,61766374,217031,71406,61741109,217031
86d0fd6a6aa69d5d,64800,54943419,215485,64591,54926876,215485
86d3de26abad8bea,58226,48365719,215894,57992,48342589,215894
86ddddfea1920ad9,103601,93737952,217256,,,
86e406115044ddfe,62635,52747982,206515,62397,52727313,206515
86e44d9aa232b2f2,108702,98836178,215538,108488,98822382,215538
86f8301331440373,89728,79854289,213630,,,
86ffd3c6cbfc946f,98311,88452433,217042,98091,88454698,217042
870187b2f05b07bc,10229,372982,215896,10013,370083,215896
8717b77c9d2966a4,22504,12662559,236847,22275,12634266,236847
8721bca6b1a7ed4b,96654,86784816,217940,96408,86756889,217940
87617afeabf67baf,68810,58891100,216135,68531,58872668,216135
87658b6b871635be,112125,102260780,212937,111904,102243488,212937
8772da4fde96d0f1,,,,70270,60577834,190061
877b8048a8b4f49f,71046,61106531,219202,70776,61113199,219202
877c3768f2adf37b,73649,63776600,219912,73397,63742332,219912
87840754c6675b4c,57166,47232573,238307,56880,47235561,238307
879c8ef5fff53f30,66922,57065382,204429,66697,57051959,204429
87b5a4fcf2a4f932,112609,102754848,216205,112388,102743061,216205
87cf63386bff7176,108988,99145786,213441,108769,99112465,213441
880966adef9b92ac,73130,63263320,224229,72894,63246042,224229
8809d8ac761fa3e4,9952,124312,449942,,,
882aa1675e63d7ce,26924,17024354,215588,26665,17004141,215588
885efd5759b54e03,45654,35766891,204986,45451,35750641,204986
886c6a2b446fa25f,93968,84062044,215169,93697,84039788,215169
887ca0b9aee7a998,113488,103593667,189212,,,
888bebbe8526cb55,14236,4364275,213099,14030,4350663,213099
88b2282b7a15e852,44781,34930018,214947,44562,34905913,214947
88b33cb9569d76e8,47457,37561287,205155,47248,37540654,205155
88be55e11acf4c8a,,,,84825,75082365,174514
88c74d7934efecec,34971,25096680,205777,34722,25055901,205777
88cb0c411e1c38b8,51704,41832873,150123,51498,41837883,150123
88ddbfba8b8ba655,,,,70430,60700017,202270
88deecb2bb55136f,86027,76164301,216396,85777,76131036,216396
88f6ce0263cbe7f9,53992,44141541,203954,53788,44130055,203954
88faf87c7ba22030,98745,88889052,215629,,,
8926b184c44fd930,99623,89751756,214715,99394,89752337,214715
8937288bc217e919,14499,4637881,215475,14283,4615030,215475
893bd7a1302f9c3e,92144,82259121,237004,91894,82255338,237004
89419cdbcc6822e3,40764,30945463,218610,40562,30891663,218610
8947e1f6ab8bc87e,104276,94399913,214739,104033,94391656,214739
895748ade97963a3,97090,87234733,202684,96871,87212703,202684
897804b000d15c0e,61701,51851373,204495,,,
89933221830315ef,39685,29802574,180357,,,
89ba89227fcf6b2a,55828,45926854,215483,55604,45901474,215483
89d63150bf20d10c,68866,58954478,216304,68583,58932869,216304
89ed09aa0d8f624a,24048,14193051,213479,23827,14171076,213479
8a0185de3d1dd083,63921,54080964,216343,63676,54023526,216343
8a2642f9d5ebc765,33100,23235996,219258,,,
8a33925b0628cf07,65080,55216760,214126,64831,55196054,214126
8a41ea3215f04ff2,98283,88431303,215261,98053,88412507,215261
8a6f94237c7e2d7c,59144,49273960,215421,58920,49257016,215421
8a7a0bf072055b76,20119,10266128,212502,19904,10250924,212502
8a8ab827a5171078,50555,40707806,214607,50357,40692689,214607
8ab300c7619801a9,,,,17144,7443457,212250
8ad899a902c9bc1d,31087,21213468,205987,30881,21176410,205987
8adb506d0ab3553d,20652,10766097,234487,20406,10748486,234487
8af5bb6a553bc4b2,110413,100559211,216831,110185,100544034,216831
8afa867c80109c85,57824,47975948,205266,,,
8b04a9ea0597c06e,84090,74217948,147600,83856,74218930,147600
8b07b55a693f2b75,116904,107025176,215466,116689,107048259,215466
8b0f4d6fe5bf2dfa,18722,8839295,213645,18479,8822461,213645
8b47f3719476aa10,106664,96822897,214488,106456,96792842,214488
8b48f8e01ceaa8ba,71768,61890252,217686,71529,61874301,217686
8b50709aa0480f4f,51904,42021563,204542,51683,42011484,204542
8b8b9e5272d9fdcf,17977,8125259,215079,17770,8105419,215079
8bc1d71693f7e58f,83534,73683570,213645,83293,73645507,213645
8bc37f298ce85087,54693,44833491,215416,54471,44811945,215416
8bc7d5a42fff250f,74940,65073362,216645,74712,65073262,216645
8bd64c8dbafeca3d,40733,30875649,216725,40531,30855635,216725
8bdea66a10965844,17693,7828322,212670,17457,7810597,212670
8be32f8fa0496556,14531,4668366,214316,14313,4648086,214316
8bec221177fa514b,,,,25009,15278596,202896
8c1344f52b75ffb3,16625,6773230,214424,16397,6751086,214424
8c2bb31f3c82d956,24439,14598115,215761,24205,14550942,215761
8c3048197a66930c,94449,84588981,214012,94222,84571367,214012
8c33097b08bf3860,113589,103727983,201944,113355,103717356,201944
8c6ceb8e09bb5a19,98175,88321166,215873,,,
8c7e524eb1d0478e,46400,36549069,212592,46179,36530206,212592
8c9a2573ff001529,90612,80737844,215368,,,
8ca7ca13698b8b1b,83362,73514516,216070,83130,73483997,216070
8cb4745b6f07611c,108207,98287876,214565,107951,98267000,214565
8cb4de1ded05785c,33732,23861434,215495,33493,23851763,215495
8cd59d17f877ade8,45802,35937596,203042,45595,35908887,203042
8d20ac0f185bd06d,118416,108535345,213639,118172,108472421,213639
8d214d1365e08a48,69031,59138523,217308,68762,59103310,217308
8d3386f21721bea7,100052,90195923,216435,,,
8d3a4dad6e6a44a2,40331,30471192,216771,,,
8d81ae9bddb97aec,47253,37446087,217049,47025,37383021,217049
8d95d47a8262ac6a,80284,70432655,201561,80089,70390599,201561
8d9db33f480c0f8f,54573,44713612,216765,54351,44693044,216765
8da831c0ec06d134,16436,6559878,213389,16215,6540302,213389
8db6efc747feae22,114910,105060085,216437,114697,105043118,216437
8de8bb833d2bb235,62139,52233977,216600,61830,52159176,216600
8e08df362ac7b71b,10348,493017,216164,10132,474040,216164
8e0dc763fce933ad,51767,41897537,205033,51561,41882325,205033
8e0f47517e74e385,84118,74246787,200533,83891,74230126,200533
8e1b46136b1c4be2,25495,15579654,203032,25265,15557673,203032
8e20d8dbe654039f,39328,29482057,216536,39112,29465430,216536
8e27c7e15d6d6aad,,,,93201,83470509,214987
8e28e85fd8220653,,,,113517,103872518,212846
8e4cc6e2e56575e8,34591,24735400,218462,34372,24734649,218462
8e6af9f0eaf8e6af,83694,73822316,215899,83455,73789107,215899
8e78e92720a98701,57331,47436487,215622,57060,47394401,215622
8e80f1b67fb1cca0,35562,25721651,204509,35342,25680311,204509
8e84adeb88d5b218,98123,88236481,201544,,,
8e86ccdb8ce12292,105480,95610615,216189,105260,95593025,216189
8ec50ebd97176ccc,,,,116394,106752733,216044
8ec93ca464c31f57,,,,61311,51669867,152319
8eddefadfb4b1aca,85417,75394192,203661,85066,75358611,203661
8ef0e54acda604e5,46742,36881733,216878,46522,36862279,216878
8efe450e36052a9c,46308,36455789,216567,46079,36436155,216567
8f0b4f809d6c8a9b,19932,10076657,214708,19719,10057395,214708
8f0cd6484ae3953d,13922,4054818,192060,13720,4060012,192060
8f1605d846494310,42698,32832784,214693,42465,32813092,214693
8f246246b6f2b877,45889,36015388,215685,45677,36010994,215685
8f383cf6f13dd450,14774,4896219,212925,14519,4871793,212925
8f58d343c0d5d3c6,14469,4621161,215017,14255,4581761,215017
8f5d2d5f6b6b1a65,64930,55103330,216167,64704,55051649,216167
8f69690383479e41,93307,83387334,200860,93107,83368971,200860
8f8f04f63404f444,88235,78394429,214636,88022,78377971,214636
8f934c23d313bcfe,83037,73178091,216414,82814,73155581,216414
8f9b414e01b27c11,19653,9795032,213107,19434,9790613,213107
8fa0fd515bcebcb0,78214,68364609,190466,78022,68360654,190466
8fa41add1bb68eed,15157,5295205,214014,14926,5265900,214014
8fb06a5a51c86d50,115019,105160927,216971,114785,105132863,216971
8fb4e48212cc340a,42236,32388152,217397,42023,32361589,217397
8fc19f531ee2a999,40671,30811768,216345,40468,30793595,216345
8fc5e4c8124c612d,65990,56126330,215964,65766,56102310,215964
8fc81083bb001c3e,35944,26082312,216335,35711,26072801,216335
8fc9f4a149b05d8c,19074,9211797,213304,18902,9230791,213304
8fcb6a02f0ae3a2f,82919,73060280,215667,82693,73051485,215667
8ff85e44a5298a13,118134,108282358,198410,117955,108282116,198410
8ff92da23bdcc063,105344,95464199,216243,105129,95445136,216243
8ffd9cc729eb16fe,,,,99054,89413644,199272
901afc5dfd3eec51,119153,109305628,214205,118926,109272790,214205
9028a6287c3cd5e0,89667,79785891,213860,,,
902c8c53237955cf,68362,58501785,215749,68178,58479820,215749
9037024d06eee75c,89449,79570015,213925,89207,79546163,213925
904321c7ff6edd66,66124,56281967,458558,65922,56287213,458558
90801cb32e241b05,45497,35608617,205755,45296,35593043,205755
908a4232af0d45cb,84533,74681634,216166,84309,74652732,216166
909c8791dd13bdbc,111659,101770120,200500,111454,101751683,200500
90ead1143285eb97,119182,109333789,215823,118958,109321215,215823
90f481f855b7f295,45529,35643490,204724,45328,35622674,204724
911ae98cedf374cc,,,,95661,86012150,215256
911e333ed94da0fd,47223,37366256,215616,46991,37352229,215616
911ea1f03548c0c8,102135,92245368,217859,101885,92237725,217859
9133bb5546928360,95801,85926721,214494,95565,85904122,214494
914499478a477e57,41688,31812521,213888,41493,31790250,213888
9171b0c9a770188a,34939,25047604,207736,34691,25024615,207736
9173732679553145,91993,82110299,214427,91733,82091505,214427
91827d060084ce3e,11206,1343912,216346,10981,1324360,216346
918352a1725a6665,55343,45483082,214599,55117,45471418,214599
9185ae2623924074,96447,86546057,218429,96195,86526293,218429
918f35c7ac76597a,71140,61256699,216897,70888,61231218,216897
919c8421b11a344d,78649,68753724,216264,78410,68724311,216264
91b79811db4d795f,,,,62087,52414112,204056
91bbfffa703c44fe,115449,105585342,204055,115225,105575073,204055
91c1758963d5e40f,51423,41545944,216211,51187,41525974,216211
91e662b4cd006209,101247,91351320,200110,101010,91308082,200110
91ec0e51e2c4f4c2,102883,93003713,216816,,,
920112c6a54e984f,17914,8073712,234386,17706,8043144,234386
9209b56a4f7cd05e,116477,106554931,214710,116242,106517779,214710
921c5d3474994e5a,49021,39164848,205473,,,
9226cfe2a190ebc4,30150,20280214,216967,29916,20258550,216967
9229de52be59f59c,50221,40337130,205388,,,
923c0063d9a95e6c,99728,89866445,215740,99497,89852421,215740
923e3a25619f7911,47704,37814942,204151,47492,37794589,204151
9247498ec25136fd,66087,56220441,216635,65863,56199589,216635
924f6f07b4b0d949,55700,45789816,212182,55476,45774086,212182
92742e65e6175251,86297,76421475,214256,86056,76412213,214256
92938a8888bdb750,118598,108666537,215318,118342,108652140,215318
9296932275c16556,100380,90521594,215495,100166,90524940,215495
92a7972709a41c05,,,,48055,38395823,215036
92ae66632b797c4e,92862,82980966,200880,92644,82943992,200880
92d0675821cc19b8,115289,105428619,215078,115064,105403530,215078
92d140da436fb25f,62888,53034649,215963,62651,53003734,215963
92e1ce396bab1ef4,73351,63465299,237663,73083,63445453,237663
92fc6c7d35b0dd0e,34695,24859138,217588,34475,24832457,217588
92ff1199b0351db2,32688,22836618,216451,32467,22813201,216451
930343d0dc0d7f16,10316,462587,216430,10100,441724,216430
933133b268bffae8,18511,8623897,214586,18263,8621570,214586
9338efede86d4464,90296,80451308,215252,90054,80394569,215252
933e7d1f05c22bf5,63216,53355022,244199,62994,53336560,244199
9353b9998635b030,13955,4077791,201221,13752,4073703,201221
935719f48cd6bdb5,94934,85084076,213612,94717,85066909,213612
937207a9798e4fd4,110956,101084665,214053,110724,101069090,214053
938675b99bfadf8c,70678,60691141,199802,70398,60674623,199802
938936ba38f85036,119788,109922827,236730,119550,109896175,236730
939c99006d32a751,50586,40726918,214893,50381,40725153,214893
93b736e670308291,99322,89384369,199187,,,
93cdeb07fc6b2a2d,58255,48381964,214577,58018,48372838,214577
93d68689aaddbf30,35472,25611431,215516,35244,25583689,215516
93e1c98a3a9a5f88,17234,7311198,202460,17002,7288103,202460
94039507b8e71fa4,13144,3289781,215823,12922,3256916,215823
94092f7b49a33741,87853,77999896,212537,,,
943db287fe8089f6,,,,106582,96967189,459265
944c903f7e58309d,21488,11616557,214572,21240,11591696,214572
944f776ae912e448,110543,100683755,236500,110316,100675684,236500
945119af1d210ac4,79589,69738479,212328,79375,69731854,212328
94742b8cc0b32ba7,39034,29158119,214847,38834,29139262,214847
9476a3f9d1b9ac1c,67984,58115259,214086,67730,58092454,214086
948c460b9f6705e9,42416,32542675,205358,42185,32523535,205358
949364d3c50af87e,67833,57977725,215454,67578,57924310,215454
949b6e83d90bfe61,63645,53790360,214917,63428,53782421,214917
94efc916c5600bc7,43815,33952211,207425,43611,33932037,207425
94fc73442118acac,117051,107192691,213026,116836,107198404,213026
950f208d8441d843,76605,66728396,217122,76390,66701236,217122
951666acd7547602,40382,30526756,214692,40166,30524954,214692
952649b321414c8b,49479,39609689,215456,49245,39602286,215456
953067f31d6a6a26,16030,6131042,211678,15818,6112353,211678
9540675d6eac2c17,98228,88362786,214830,97995,88361228,214830
954a4976378a923b,71516,61664121,222296,71312,61646042,222296
955942facd0c9827,113387,103481783,216639,113105,103455235,216639
9561aeab034ea1f5,56397,46534696,216734,56179,46515911,216734
9561e1cc2ca3e7cd,11474,1633191,213216,11259,1611339,213216
9561f4d481e5ea8e,,,,93399,83682672,214520
9565589171d36be3,71547,61695798,216467,71344,61677377,216467
95684024f0d3e80d,86496,76632569,214349,86277,76616158,214349
95695486a1f06dc5,53657,43793401,192146,53440,43801376,192146
95817cb565ebcdd7,11878,2021844,213766,11657,2001039,213766
9581afefcc44da4b,91133,81291087,212561,90918,81256010,212561
9586bfd556303aa0,88044,78194261,214971,,,
95ae35b08c2bdd75,39300,29451616,217322,39085,29433304,217322
95c4c035b885931d,40005,30135209,205420,39777,30115784,205420
95c756b79c81f267,65941,56073054,214184,65711,56074174,214184
95d3214b9eb23af8,93990,84087154,215263,93722,84071580,215263
95e0063047d44b1d,95589,85757838,210354,95377,85719067,210354
95e38aecaee90485,65019,55138241,214619,64761,55110874,214619
95ff1516063b2fba,112704,102847487,217302,112481,102833328,217302
9611ed9b999ce0da,85867,76007720,240717,85619,75969853,240717
9614ad5efcec1e60,117496,107666696,235753,,,
96252a65f7be9ba1,80735,70886135,215384,80533,70871728,215384
9643340687204819,35003,25115041,205985,34755,25090382,205985
9650bd274759d32b,56518,46663217,216359,56307,46646424,216359
966a8656df105a1d,56069,46175557,215811,55843,46156079,215811
969bac6d03842f7d,114788,104935310,215454,114578,104920889,215454
96ca38732706980c,56457,46607559,214607,56243,46580466,214607
96d3a6fac321c1bb,17437,7537672,213849,17195,7500565,213849
96e1be3f2a3ebd25,69586,59702944,216308,69341,59704573,216308
97140e91a9ce9a7c,41561,31680565,204774,41366,31661000,204774
9720c622a870f233,48121,38263203,207046,47902,38249171,207046
972857013fa1d290,83487,73678736,215126,83257,73620980,215126
973a9b5df7b995cf,92925,83026636,200512,92707,83007768,200512
973c3ed2b5bef327,53809,43958718,204982,53603,43932640,204982
9744f30000133732,44529,34666206,216642,44310,34648329,216642
9746e57c3e6efad0,29779,19926094,215037,29570,19929579,215037
97478172206b4694,35360,25501257,215915,35125,25471129,215915
97521cc3564dafd7,86059,76173888,215793,85808,76160358,215793
97671ea71363cdba,87631,77764591,213430,87398,77758650,213430
976cf68b59837015,82562,72697884,214746,82363,72673519,214746
9774e0d5e2feb0a1,79274,69423152,213662,79061,69401640,213662
979f5ae7e2f73a8e,54096,44253865,214950,53877,44232520,214950
97ab3e3c00dd2237,18541,8654435,213669,18294,8651331,213669
97c224d88af40cdf,42187,32331853,215425,41970,32331722,215425
97ea338406dbd4a2,116537,106609130,238080,116304,106662721,238080
97fa332cb9ddce13,37335,27448797,214871,37097,27432091,214871
97fb2441f4536e47,83069,73210930,215272,82847,73192714,215272
98185c5f9d2f3168,12895,3020033,213117,12656,3010325,213117
982032c0e8cecf59,75995,66138092,216944,75774,66115966,216944
983118fad766fcde,39154,29285777,215118,38948,29263925,215118
98477068b9eb15b1,24530,14665811,213506,24293,14651822,213506
98505d08fa61afce,54870,45015045,215167,54654,45011114,215167
9869a8c15f06792a,73320,63436981,212977,73044,63402262,212977
9875e6300cc6548a,69361,59502110,219575,69111,59459551,219575
9878fd9a951f8ec8,31023,21132727,205791,30819,21111656,205791
9890eaf7ce13d990,57988,48120341,215419,57773,48081431,215419
9892cead2101c42e,69731,59865127,202872,69495,59829807,202872
989fd6f008a1604d,77689,67830419,216388,77472,67812287,216388
98ad3d2c30c3e922,80646,70789918,214505,80450,70772246,214505
98c48cc7d3434280,70143,60298512,201067,69929,60269117,201067
98ca4295ccd82b11,105316,95436151,217011,105102,95415575,217011
98d4740cd6df3d4f,10767,922695,213238,10538,890335,213238
98e240a9e4a2d825,43431,33564456,193032,,,
98ea3ee204f26af7,67138,57286753,210485,66915,57270140,210485
98f94e8f28ec9449,100649,90785931,215759,100415,90767758,215759
9901354168919beb,41042,31154417,206619,40799,31150102,206619
996ad38be94dee54,70057,60201786,188489,69836,60197056,188489
997226da00e4c1a3,,,,18694,9053124,187281
998bd3536e662386,111293,101432392,214074,111071,101412942,214074
998cdc9b02136848,105534,95668130,216823,105311,95652500,216823
998e9e8f1e7ee00c,13205,3338842,213386,12985,3320283,213386
9996e9f1cede9226,77518,67667027,212832,77292,67640817,212832
99b9cd423b621b82,115050,105192335,215001,114814,105171321,215001
99c91a347de6b5c0,81121,71257452,215385,80899,71240172,215385
99d39b86eb125c61,44592,34732522,215216,44374,34713504,215216
99d89e76bc6d33a6,75868,66025696,215956,75649,65987738,215956
99dbdabe89eff054,48150,38292075,215090,47932,38292697,215090
99dda525c8666f60,88417,78556586,214998,88171,78535217,214998
9a0ec7a59c96442c,58516,48656130,216905,58293,48632052,216905
9a2ac3206f94efd6,46878,37010239,214703,46650,36992287,214703
9a3b275fd3cff260,35623,25763727,215425,35405,25747236,215425
9a64b668fc6bf18b,43370,33500956,217707,43120,33473133,217707
9a6cdd2fb825a973,70292,60426958,214695,70050,60391798,214695
9a944ce55f41a380,80616,70763647,214430,80422,70743388,214430
9aa4d1ffb82e575e,21775,11936636,235750,21565,11914518,235750
9ad83539c69e941e,43846,33981628,205557,43641,33961558,205557
9ae40f4b15c27932,74560,64695942,212786,74343,64672781,212786
9ae7987ad1b0c72e,61373,51520975,214769,61159,51500014,214769
9afbeb47c7f0e961,53248,43374120,215725,52993,43351947,215725
9b07688878bd7e3d,20212,10360321,213947,19995,10350905,213947
9b28d8a9b17ba9bb,83225,73370100,241129,83006,73355574,241129
9b352622896d5d98,38356,28499630,216439,38141,28480798,216439
9b42b2183767175f,108250,98338996,215811,107992,98317937,215811
9b69c61d9259e99d,77226,67347395,216110,76979,67316739,216110
9b76f5cb6a8a8ad1,38452,28596707,217737,38236,28584355,217737
9b92bfa5340e9dc0,23305,13442605,213915,23074,13418376,213915
9b9fdc866c3a5882,33039,23174859,206879,32817,23171403,206879
9ba2265bf1a42bbd,87259,77313109,213488,86991,77293728,213488
9bae36ed0c29c016,76449,66558984,201657,76236,66539070,201657
9bb89660bc76618e,51935,42063134,205828,51713,42036970,205828
9bbb43c31214d334,22584,12745896,213759,22363,12702415,213759
9bc96410e9c9ff8d,84032,74165637,216580,83798,74137330,216580
9bca28228e258d66,90958,81102762,214235,90742,81068137,214235
9bfedef65ecac426,,,,82277,72586601,216170
9c442d2b44cc3196,88387,78538423,215063,88142,78493835,215063
9c6db8962ea80093,16841,6965928,189047,,,
9c76874ec5205d8e,112044,102171612,215222,111827,102151900,215222
9cbc964cc022ffaa,34651,24793470,217438,34437,24791963,217438
9cca52bffcaa4ec8,21042,11141056,213235,20788,11131205,213235
9cfc22f5ebbb55af,83394,73542001,214963,83160,73513148,214963
9d0641ed61e649c9,51964,42077618,204913,51742,42076078,204913
9d0787bd8b0b5ce7,72460,62603544,196142,72243,62589054,196142
9d238c5868010c9c,20982,11085122,214847,20728,11071819,214847
9d257cfd1463a9e0,83132,73271412,233348,82911,73255730,233348
9d351ea8f0b4736f,40293,30432691,218183,40072,30432469,218183
9d3bbb337d5ffe05,9983,127556,185072,,,
9d4371de94a1ff16,30630,20772476,216246,,,
9d47fd65b61fafad,45774,35891242,205609,45567,35870894,205609
9d4d974277401e11,30381,20511835,216213,30157,20502849,216213
9d6b10a84debb5d9,31865,22010866,213301,31656,21994189,213301
9d8050b6b6df2d18,98713,88881615,214734,98497,88857490,214734
9d8d94c805aa35d8,79992,70120096,215528,79755,70091824,215528
9dc26b081fbdcb1b,85932,76046523,234154,85683,76026772,234154
9dd04847d985b75d,84597,74757250,214290,84372,74730344,214290
9de1b672dde07b9c,35745,25892687,243214,35530,25877391,243214
9df783553c248ac7,41901,32036331,215196,41700,32012922,215196
9e0d1c74ed1cb530,31803,21946937,216839,31591,21932172,216839
9e5fe6d5c7285e5a,102544,92711346,217069,102316,92657917,217069
9e60b2eef3d024b7,24208,14350043,214300,23988,14330954,214300
9eb67d56f3996bd9,116998,107139309,212562,116780,107139309,212562
9ebb8c2c10985519,12231,2367101,215730,12031,2361860,215730
9ed560180d806723,55079,45229407,215104,54866,45211182,215104
9edf51f31f68db03,76694,66814932,215357,76478,66794960,215357
9ef031fcde745ba0,67015,57161024,212328,66787,57141804,212328
9ef14fb44957292f,79244,69393003,241009,79030,69376411,241009
9f0ce6357317aa6b,53337,43456777,216205,53090,43451604,216205
9f5e86013e2ce047,103846,93986291,215773,103611,93970326,215773
9f6f61fd8b293b92,116384,106454520,202663,116149,106416286,202663
9f8d1f333f595c14,31440,21568446,215920,31216,21541824,215920
9f9658ca7852ac42,88600,78736048,214332,,,
9fac13ec93c1ece2,94222,84362339,215490,94000,84339530,215490
9fc7c7a286d81ae2,85210,75135919,172475,84854,75114202,172475
9fd54b7a9e69e576,111905,102022109,213731,111694,102003730,213731
a0342a485c293992,89903,80036025,214446,89682,80040580,214446
a065d122bf6ce745,36931,27009203,206143,36687,26985816,206143
a07f55c44bc5875d,75579,65722077,217006,75367,65723201,217006
a084ad6002bb3073,68333,58471355,203221,68148,58448085,203221
a0859a11a6678867,116818,106934045,214125,116594,106933629,214125
a08de8acecdd7cb9,85594,75690711,215307,,,
a09293d5e8bed03e,72519,62665042,198060,72304,62655235,198060
a0bb2da849e02e1c,100331,90475061,216209,,,
a0d976d4bb45e32b,119071,109204028,237264,118825,109186409,237264
a0e53b6a618cf9c7,40703,30844011,216255,40500,30830982,216255
a0e5f633e9b287d9,56750,46889001,212181,56525,46872602,212181
a107a585e5e185ee,111173,101312341,214955,110939,101292250,214955
a12d855657e47feb,37362,27477633,216032,37125,27470562,216032
a14d9651a8e559f6,96851,86992626,215507,96626,86985239,215507
a1529465046feaad,109169,99318727,215395,108952,99313781,215395
a15fb70193f9184e,31241,21370875,203340,31030,21332931,203340
a167d38b029a911c,29047,19180933,207080,28856,19151760,207080
a17919125d44547b,86740,76892183,214953,86527,76872775,214953
a1878addf219b998,107225,97298697,214948,106930,97272925,214948
a18960fa5fda5991,48502,38649267,205657,48278,38620886,205657
a1988bd139cd7690,97053,87202975,150349,96836,87196798,150349
a1cf143e32c08f92,13019,3146304,214306,12793,3126444,214306
a1e6d27642f3093f,93358,83531201,215745,93139,83400071,215745
a1f13183181d85fa,36629,26766924,216184,36399,26752048,216184
a1fd96f37aaffdef,38547,28694003,216741,38329,28674085,216741
a20bfefc3c8523e8,85530,75642911,215703,85218,75550551,215703
a20e3ed32288dac4,20951,11066229,214213,20697,11031398,214213
a215527d26a41baf,86239,76375385,213783,85991,76352891,213783
a21fa28e8dcf814d,,,,70334,60614356,201079
a2230fea3c45fba5,38910,29036470,205869,38713,29011487,205869
a2454aadf563af84,34088,24233848,215308,33872,24211481,215308
a250649285e89deb,79621,69769596,216746,79407,69754354,216746
a27595d5ad3cf093,58108,48233573,215789,57884,48211941,215789
a29a2512f5c01cc9,89606,79723799,214594,,,
a29cc9ed63d6ebc2,32755,22906417,217124,32529,22873906,217124
a2b2a762e55a443b,59702,49806833,208000,59490,49787823,208000
a2dd005ed05b262e,99472,89569895,215766,,,
a2f6d1d0cc7fe2bb,12066,2246686,203331,11880,2201229,203331
a325bf54302a7a64,90642,80776312,236283,,,
a3351820542697b1,39950,30076278,205762,39722,30056762,205762
a353dc96f1ca65f3,73851,64004496,216544,73616,63975432,216544
a367fd99f06eee93,88310,78456996,214863,,,
a3818aa3236efba5,80467,70603896,202364,80277,70583884,202364
a3d0d3639bfbf4a4,69146,59257572,214586,68892,59242908,214586
a3e34aa4616500bc,99268,89334386,200766,,,
a3ec3dc26c45694e,35186,25302428,205315,34940,25277463,205315
a4058b38237642d3,74902,65036765,216461,74671,65032601,216461
a40ea4fc2693c588,94417,84581749,241237,94190,84536203,241237
a414853a9d227476,55312,45452358,215515,55086,45432782,215515
a415a92fdcbc0b2b,49957,40042909,206425,,,
a41be21ce475921a,29015,19138766,206207,28824,19120232,206207
a42379d1a7984f4e,119930,110053615,216284,119696,110034524,216284
a424350c75586614,25100,15191621,192235,,,
a44d1ab3063f59e2,105427,95551572,216239,105209,95533918,216239
a456f4a20764a0de,109049,99190894,216313,,,
a45722308240473b,100806,90948751,216995,100574,90922591,216995
a45e56014b396aa0,20027,10172554,215133,19813,10153333,215133
a48831f1f3e3ae0e,,,,93231,83502104,216396
a4a122bad40dfe81,113413,103505808,215347,,,
a4d72624e6380db0,21102,11203170,214913,20849,11204743,214913
a4ea44593df9f479,118909,109019025,213817,118650,108998665,213817
a4fc930b8c2f763a,110636,100782955,239366,110417,100776451,239366
a503eaf8f6449f21,89025,79164293,214588,88802,79152375,214588
a51b30552c835d4a,51628,41773919,215885,51403,41752078,215885
a540b56516add573,105138,95253075,215731,104929,95230809,215731
a542a1b1488ab2f9,92637,82756750,216079,92393,82743816,216079
a5494ded44d75749,,,,81998,72309321,198442
a565046f635e0186,26082,16209444,216949,25855,16192343,216949
a57013ff4b53fc6f,111722,101838716,202239,111516,101815249,202239
a57ae2cae57f169d,36994,27069657,207391,36750,27052273,207391
a57c5ce5a582cec8,62023,52075305,216691,61721,52037501,216691
a58aa048bb27ae6c,111263,101402945,216200,111040,101393353,216200
a5cd5f282385d8dd,23161,13301590,212299,22932,13291850,212299
a5dc14d895d90fb8,24853,14986570,214814,24623,14954756,214814
a5fe0e92fc8f24b1,107385,97490237,216209,107122,97449826,216209
a61cd2d54936b4d0,114333,104401584,216064,114038,104394075,216064
a62aaceec7d278c3,37888,28042505,216398,37674,28017979,216398
a632a5ff03a858a5,91046,81190227,214124,90832,81163151,214124
a65072e759aabac8,97315,87453994,206132,97095,87432761,206132
a65a40914ce7edb2,92173,82284160,213109,91927,82272693,213109
a65e6a198f13bd59,88967,79100023,214762,88744,79091600,214762
a6648eab56a6bd8c,27920,18064824,239693,27693,18055123,239693
a66dcdc4656dbd1c,42575,32709177,204832,42342,32690682,204832
a67cf85edaf47fee,40200,30344434,215530,39983,30343095,215530
a6878a317a0b3474,60821,50960256,214455,60594,50951466,214455
a689009b9716097b,117338,107483562,212816,117137,107460836,212816
a68b5d7cdaf3a986,15965,6071056,211645,15753,6080800,211645
a6926cd5cfa5e92e,26301,16436859,215247,26077,16414917,215247
a6a8d0c7e147ee46,19963,10107597,212523,19750,10090877,212523
a6af504e9d3c50a2,62083,52139197,216053,61777,52099510,216053
a6df50a22ed36b07,42817,32960353,214889,,,
a6e6566483ee39a6,,,,59344,49703566,191218
a6e8e9848d9d21e7,59112,49247651,216979,58888,49223124,216979
a6f26303725775e9,53307,43420861,216738,53052,43412278,216738
a6f7c040e2fd3dcc,54811,44960428,216538,54590,44951085,216538
a7060539b277e0ba,60635,50773162,214947,60414,50753241,214947
a71889beb42c798b,,,,25405,15731810,213987
a724d198a999bb58,54512,44641611,215646,54290,44623930,215646
a743ae66b3e2dff3,48689,38828522,216191,,,
a7537ae2fe20ee97,35821,25957206,217818,35591,25937024,217818
a75895ab02ce2d97,60034,50154926,215835,59815,50135589,215835
a76a411d3b5978de,96508,86611064,217546,96257,86593180,217546
a77ac7d8ff422797,102696,92815851,216282,102445,92796273,216282
a77b2e39f8ecfa8b,30301,20447157,216323,,,
a78f3b5dbc3af9bd,38659,28813057,483150,,,
a7a6f75521707225,48627,38780137,207319,48400,38750587,207319
a7b227b24da76da2,59424,49562504,216389,59203,49543344,216389
a7bb41fe0ba931eb,81740,71862868,216724,81494,71852681,216724
a7cbc067e0ed20e6,39777,29906491,206021,39549,29872680,206021
a7ed6d5af49db8a4,18690,8807578,213815,18446,8790592,213815
a7f7c67cc375389b,29961,20094027,214687,29730,20071142,214687
a7fc263f26ba8669,88568,78704679,213432,88340,78677731,213432
a815a2bf14f528b9,105507,95643707,217417,105286,95624501,217417
a816c0851caa7095,35592,25730889,208166,35373,25712476,208166
a8178af6d26663f7,46777,36926971,215579,46555,36895188,215579
a819522daae9e021,82830,72963374,214175,82603,72951579,214175
a8230a2c38cd2a0d,46522,36676905,216163,46306,36651227,216163
a87739b6a259bbb0,23933,14073078,214709,23709,14070153,214709
a89547dc1d322d9c,85607,75704136,217821,,,
a8c940ace16ddafd,107464,97563991,215498,107218,97545780,215498
a8dae5b407648265,51190,41305525,215019,50940,41298870,215019
a8dda9ac2a9b0221,115604,105744308,207423,115380,105731326,207423
a8de3a0c463ff97d,98017,88111286,218085,97748,88094085,218085
a8e18f28d8077d42,63434,53571451,215010,63213,53552533,215010
a8f774b670aa45c1,41929,32064397,215133,41727,32042020,215133
a910e3322b79ada9,43877,34013966,206958,43672,33991282,206958
a918a727ce2f4e5b,41412,31531929,213283,41172,31511246,213283
a929417a24b499a1,76574,66691962,199133,76360,66667859,199133
a92a87c2ca77049e,41959,32096577,212997,41755,32072903,212997
a9316cd511ed1a73,15727,5854166,212948,15496,5851554,212948
a9329d9ddb977ef7,82040,72160712,216867,81798,72141377,216867
a956c0f027b1e0e8,111691,101803242,200943,111485,101784335,200943
a981e0de005078b1,50709,40866189,243010,,,
a991af585a466abc,62732,52871299,214275,,,
a99b61c2b8279510,16543,6676617,212404,16318,6671496,212404
a9ac364d34147a5e,114452,104557186,239684,114205,104556189,239684
a9b504dd39413017,45402,35520511,193319,,,
a9c2dd47056a349d,,,,93319,83590854,215308
a9d1aebe2192cce8,74864,65016804,216939,74642,64991972,216939
aa17fd576dbe92ef,,,,115510,105873742,217823
aa39ca7b9934dd1a,22017,12166206,214817,21808,12147040,214817
aa3ba396c13aa566,16776,6897893,212258,16558,6884537,212258
aa525900a1f61ee4,11813,1964589,214586,11594,1936227,214586
aa53d90f3aa8246b,95263,85399360,210568,95035,85372987,210568
aa61934b9244a62b,114757,104919298,214530,114547,104890644,214530
aa6c00b404520e13,114285,104349251,215205,113974,104334867,215205
aa7770f96ce0dcb7,,,,61547,51875368,206388
aa880e052c4f7b29,43522,33641325,204303,43315,33629209,204303
aa92c83ae53a8b9b,62682,52835936,216132,,,
aab2584011242a3f,93079,83187967,212445,92859,83168894,212445
aab37f30161cb60d,69667,59804983,240241,69429,59767466,240241
aac0e48b5f28ff65,114180,104211949,215741,113851,104193106,215741
ab06e05639e3691c,88879,79010199,199774,88656,78991359,199774
ab0fda3d9a6a8f90,68668,58751846,214224,68404,58763287,214224
ab37f34f6d1f06ca,114697,104855367,215035,114485,104822295,215035
ab3bce0773fa8d02,61993,52043966,216290,61694,52007413,216290
ab815c43c0029d27,109856,100002986,216735,109645,99959497,216735
ab92a076afd09222,18984,9128581,202007,18807,9094824,202007
ac07200bfcd022b5,15047,5174319,215356,14810,5171149,215356
ac0c842101daca79,23460,13612212,215289,23229,13583870,215289
ac0d599a771532c2,,,,107783,98142553,215624
ac5911a29ce61e2e,30119,20272203,215921,29885,20231901,215921
ac5ad706d2a364d3,72371,62505654,197555,72150,62489744,197555
ac69322ec4d319bc,99698,89833944,214266,99468,89814392,214266
ac7609428944f4c3,41719,31846281,215475,41524,31823018,215475
aca0345046cc17b2,67606,57755768,216184,67359,57700107,216184
aca59340fbc675e3,94664,84800614,212015,94431,84791726,212015
aca83fd8cf7a35f3,,,,113599,103939480,216593
acc35f572f7de66f,,,,25289,15586105,203786
acebc0766daa9406,72128,62251468,217977,71894,62232812,217977
acfee0c93a827088,48720,38874280,205049,,,
ad0301ff0d76c18c,19688,9832992,214086,19471,9832016,214086
ad0f091d28059c78,78432,68541261,203813,78199,68505818,203813
ad2f5e2ab95fd1e7,11646,1803549,214084,11434,1774050,214084
ad6687e1269bfd3b,87657,77798105,212424,87425,77777647,212424
ad8a43f929d095ed,,,,55427,45760432,192688
ad9b2916cb675587,,,,24881,15240099,192320
adac1357511a347c,34764,24899369,479978,34525,24907825,479978
adfb0feb63fbff55,86558,76698354,214318,86342,76678360,214318
ae04d5097c614007,34182,24332635,213243,33966,24310383,213243
ae1ba2b63160c355,118035,108163339,215189,117809,108142672,215189
ae2028910587c995,47553,37665078,205967,47343,37638125,205967
ae289f0768f80355,46492,36642785,216108,46276,36630904,216108
ae2c844cd8b9268f,99758,89903000,216311,99527,89880651,216311
ae7a2d614a530f39,39416,29558553,214703,39183,29544761,214703
ae814065022f7cd6,43785,33922191,206945,43581,33893769,206945
ae8b273d0f85c436,49659,39792569,215425,49445,39794161,215425
aea6e318f7f8ca74,84403,74545143,214406,84183,74523385,214406
aeaf4330082c7a1c,66769,56901801,215036,66550,56883400,215036
aec0fe736972bc4b,70209,60377217,213363,69989,60343361,213363
aed7c99abcba8b5e,38941,29062152,208029,38743,29044980,208029
af0e6df328a56c73,47956,38090699,218241,47731,38073181,218241
af25d806fb58c6f4,104440,94565670,215529,104209,94546848,215529
af40c08737739283,11237,1375414,239406,11012,1357264,239406
af4eb64144eb6d31,115665,105808468,217220,115440,105793893,217220
afc3e8448b83fb8f,106330,96474340,215462,106111,96472685,215462
afc90e23e3f4176a,56580,46730728,242089,56371,46715679,242089
afca27be91a6ef38,12298,2430788,213258,12095,2431946,213258
afdaebc43f3a1cc7,112967,103025153,215963,112636,102997612,215963
afe6c5c6194a7b2c,108832,98974744,216121,108616,98946187,216121
aff206c9755ab748,,,,86666,77024885,198868
aff268d0cc31b1c5,21630,11777588,213583,21392,11751949,213583
aff26c7f201eb48e,16355,6472933,213128,16137,6453062,213128
aff4dffb0f998126,95987,86115235,213915,95755,86093089,213915
b00838c1592c4514,,,,76059,66418694,189613
b01efede62119094,113165,103209884,216539,,,
b04429a72e5a9843,90462,80570140,211663,90205,80564264,211663
b04ad760d36f4f9e,39358,29532397,216858,39148,29509177,216858
b052ca434c12553f,51273,41380930,214686,51026,41363653,214686
b05a87fb6f60fb9b,42961,33101656,217523,42745,33083508,217523
b06a913785588cb1,67924,58055901,216600,67669,58023223,216600
b09d982f44196847,40950,31062473,207404,40711,31050394,207404
b0ae422dd6773102,18954,9087514,202263,18774,9062835,202263
b0c51e682d1bdeba,100616,90746972,215902,100385,90739697,215902
b0f13300d24d1f40,54542,44674246,214161,54320,44653252,214161
b0f8cf14037fca05,18420,8533077,213413,18164,8512348,213413
b0fe2373cf9b4183,100712,90847853,216009,100475,90835049,216009
b10f420c73131047,21544,11680290,213329,21301,11652590,213329
b11f571617faf33c,31357,21479878,216318,31139,21454398,216318
b11fc6ee4ea160ac,70086,60231498,200458,69869,60208919,200458
b1618d955bd9f313,44717,34870843,218385,44500,34845244,218385
b167538b932827be,114941,105089636,215457,114727,105073206,215457
b16988ddbb0994b0,31412,21531893,216313,31190,21512643,216313
b174dad979a246d1,82593,72723139,215571,82391,72704398,215571
b17824bec636eb28,79793,69944476,214479,79562,69898889,214479
b17b519ba7afa128,81488,71665776,215532,81264,71623212,215532
b18521ddc6459aa5,116859,106970887,215194,,,
b188a178811fd8d9,104469,94602234,213885,104241,94578330,213885
b18ba1515810b5e1,52268,42402781,216516,52037,42372160,216516
b19419c38933a65a,56550,46703384,215607,56340,46677014,215607
b1972afd2d00fb42,55731,45822421,216304,55508,45803020,216304
b1cc3296c6359fa3,42512,32640027,203337,42280,32620022,203337
b1cc368cf1243f09,103054,93170662,202118,102820,93159518,202118
b1dd83164f6c25a7,24346,14498826,213382,24113,14462236,213382
b1e04ba1b238844e,98202,88333586,215099,,,
b212d8df77239bab,31967,22109582,216418,31751,22092173,216418
b22a0d3f5f4ca90e,115968,106085178,214912,115709,106071625,214912
b2575ede10847542,79832,69953358,213873,79595,69931045,213873
b25e07e4a4ac848d,20443,10565885,235132,20194,10555035,235132
b26bc7732804edc0,106632,96781381,238556,106424,96762670,238556
b27f408a0f0de60f,92406,82531439,215709,92174,82512889,215709
b2c5cd5abeb9f6ed,108799,98932238,216448,108584,98913770,216448
b2ceab40766d9039,21951,12101193,215216,21744,12081326,215216
b300242fdc6525d6,43118,33264129,205281,42905,33244993,205281
b3182f63ea324572,,,,25071,15343320,202751
b3219d472fa4a088,89351,79473123,214640,89110,79452415,214640
b326ff03cf1b288b,91798,81953411,235534,91551,81902351,235534
b33240795551464f,,,,61420,51712951,203969
b33e50cd20997440,31741,21880841,218138,31526,21864157,218138
b34537a70799ec08,80773,70928628,215316,80559,70892358,215316
b35d9abf610b1aac,94012,84117064,215101,93750,84111694,215101
b36dc3626a41bf23,22113,12265145,234440,21902,12248372,234440
b3999e89525d9bc2,27073,17183506,204583,26823,17169773,204583
b3c5f95303db6c3c,117025,107172198,213016,116804,107160458,213016
b3f0701b74367ffc,85796,75948112,234263,85554,75899981,234263
b3fdcfbbce643010,16214,6329942,214415,16000,6302103,214415
b411587338b8889c,33964,24111054,216951,33743,24082096,216951
b41abb8c852ad45d,11386,1539878,215950,11160,1511524,215950
b421ededb0bacb62,23430,13570055,214459,23199,13552549,214459
b443d563647bb0d2,40116,30254044,207546,39887,30234130,207546
b45702f46834f303,114483,104592005,234507,114242,104595234,234507
b45f5ae24032b4de,26393,16529691,215966,26169,16511652,215966
b4839cdf4bd3f151,93844,83913323,203509,93560,83876547,203509
b49acb2c952f8640,69118,59224529,245564,68860,59219225,245564
b4a0ec60a441d9fb,100539,90682708,216330,100324,90683319,216330
b4a3762a9315d019,59670,49774257,207094,59457,49755496,207094
b4a87fa6e6bb84ca,52644,42783334,215793,52411,42758628,215793
b4a8f2c285885942,34120,24265953,216519,33904,24244309,216519
b4d025a8fe69a00a,43086,33232205,208427,42873,33210709,208427
b4dc3f90f9f5d648,62166,52242203,214431,61856,52198732,214431
b4e003e341d0b4bf,44877,35020098,216255,44651,35003788,216255
b4ec99a4f12e6780,67707,57826776,217670,67454,57798045,217670
b4f77083d67d6e3f,90368,80475315,213832,90114,80455662,213832
b50082450bbd9b01,100413,90553620,215946,100198,90544012,215946
b5266a17179a0298,110708,100837340,214125,110478,100832096,214125
b5463efc6110323b,41625,31744243,204761,41430,31725406,204761
b57199d8002d354f,,,,30643,21008453,475945
b5a639d97944044e,84316,74464431,214372,84100,74453060,214372
b5a87482612975ea,68479,58622072,214353,68294,58603980,214353
b5c16b03203da266,35157,25268898,208006,34910,25249879,208006
b5dc5f8fcd7c0167,15997,6100367,211982,15785,6081691,211982
b5f15e4ffad737c5,98614,88764311,216242,98403,88742327,216242
b62748f9217d754b,105893,96032383,213672,105672,96011988,213672
b6809f1177591d37,78955,69077051,214425,78713,69072347,214425
b68c2df979312b51,52999,43137452,216161,52752,43099348,216161
b6b03ee16242cea6,58197,48338256,217868,57965,48311070,217868
b6b3bf40c3c629a0,44163,34306289,215072,43931,34277267,215072
b6b8bf1a39f270cf,117270,107419726,213504,117073,107396662,213504
b6dd64572b79198e,72342,62476076,183273,72116,62477022,183273
b6df27a649459c40,63805,53960872,215674,63592,53953240,215674
b6ed3809d517b21a,64830,54975168,215704,64619,54955508,215704
b6eee54813c08edd,60972,51112671,216730,60750,51113241,216730
b7286faf271c590f,36597,26739287,216514,36369,26722629,216514
b72d8549dd43e7a7,10076,220393,214549,9858,211405,214549
b72e164003e2d16e,51999,42130159,203531,51776,42113691,203531
b7363bc40af11aa8,79367,69521780,215422,79155,69496212,215422
b74399c7230e0901,,,,56586,46938708,215975
b7446dd2de57e641,15787,5916209,213457,15558,5910319,213457
b74d28cd6aab6337,47584,37695995,205379,47374,37670338,205379
b75c11228e3b35f5,94604,84739416,215269,94372,84733187,215269
b76d391644e64252,62246,52393515,215360,61946,52307786,215360
b77b62e0ab46246a,12381,2512560,213374,12174,2494260,213374
b793064b20324771,91670,81782514,214003,91424,81764776,214003
b7ae1ffbc03e7f43,57245,47316741,216664,56964,47296709,216664
b7bfe51ff43a8654,35065,25170815,206845,34817,25152202,206845
b7c599a9f0450181,48989,39133629,205926,48783,39119117,205926
b7d354ada3af4216,32855,22984990,206179,32633,22975118,206179
b7e16e7469648db1,12104,2254459,203010,11911,2229541,203010
b81d8d78db3a7fb9,119385,109537660,215012,,,
b82b26df6c656a4a,108957,99105113,216375,108739,99073066,216375
b860fb9a5d7772c7,13804,3947642,213495,13591,3931630,213495
b86bbd31dd331adf,95526,85664005,211977,95313,85648042,211977
b87fc37b136b969f,60173,50305922,216105,59949,50291800,216105
b8846592a9f8d02e,83569,73688016,214527,83324,73674430,214527
b893126e115a9e1f,13174,3306702,213677,12953,3288441,213677
b8d1f4c5cbc5b6dd,77070,67174123,214060,76818,67154137,214060
b8dc9f18a0ab9f5c,97561,87643627,217066,97250,87608492,217066
b8f4c8b8cdfa88b9,85676,75793771,214496,,,
b903f2f0beebec70,114726,104876508,216251,114516,104862119,216251
b91bb9b63640534e,29664,19813395,216250,29450,19812752,216250
b923114b417427b0,84175,74311616,199792,83951,74289662,199792
b9365fc3e8ccac2f,63247,53381265,212620,63025,53365581,212620
b9378177c319449f,103380,93524533,216360,103166,93504423,216360
b9574923fec5be85,72431,62576405,196641,72213,62549049,196641
b963df92a3f1ea08,39622,29746586,180086,39392,29712346,180086
b972e7af4494a3bc,66598,56723551,214610,66386,56723828,214610
b99bc9716664fb4c,78764,68872318,216618,78522,68860442,216618
b9aa0c7cf8d948dd,81057,71187709,213640,80835,71175451,213640
b9b709a0dab8a49c,92605,82725080,215396,92362,82712401,215396
b9d60eaec4b9fdad,109703,99813992,215021,109493,99793622,215021
b9eb80a9d0f0c382,97881,87949586,215102,97589,87928230,215102
b9f3d05576970b52,,,,12704,3065873,243500
ba077c3d470da941,31657,21800878,218297,31434,21791814,218297
ba1f623c87f31e7a,28043,18182342,215157,27820,18170240,215157
ba383f378fcc2b15,100867,91004187,215543,,,
ba3eb56ca3ff6500,26178,16307558,213172,25951,16290342,213172
ba8ada49f7a6be9b,73708,63826007,217863,73460,63798007,217863
ba8ddb20fdc8ae8f,75740,65879729,214223,,,
ba8e61ae9a674d5b,78400,68490321,202085,78168,68468427,202085
ba99f5b0444be0ba,96047,86272341,214902,95816,86170435,214902
babe08a8abe76a1a,53188,43301629,216732,52935,43279924,216732
bacd2105700806a1,91333,81488128,214328,91083,81439608,214328
baf2d740d1c3cdb2,52357,42493494,217494,52123,42472848,217494
baf51921c9462934,112071,102202669,216284,111853,102181142,216284
bb3c764e323a3b88,63866,54034255,214742,63643,53986087,214742
bb3ccd7a115eaee4,27762,17903801,214861,27537,17881354,214861
bb3f312ea67acb44,67262,57424307,215650,67046,57391541,215650
bb420dd914070107,57652,47782701,205366,57465,47762394,205366
bb61fa1bfc03f61a,40576,30716260,215493,40373,30701224,215493
bb63e2a7339c55c4,69174,59283252,216725,,,
bb835a2c1539ca0c,88350,78501678,213508,88113,78478031,213508
bb853173c8fa99fe,63103,53231542,215570,62879,53232230,215570
bb8e65a01fa7acc0,116416,106461255,201297,116181,106450852,201297
bbb19d42a74d7501,111479,101638002,459696,,,
bbb7d9a31ebf4dec,81673,71793759,214724,81427,71782704,214724
bbc244805d388efd,75184,65323846,214444,74957,65298258,214444
bbc2d50878bf2e15,25709,15829179,215274,25473,15806301,215274
bbd6cfa0e4827445,33009,23144739,206776,32786,23129874,206776
bbd8e3cbbf2b2acd,91510,81620913,214186,91262,81602553,214186
bc045b7b8f513cf9,111754,101869151,201554,111547,101847370,201554
bc19dc33ed875b62,92894,82995343,200424,92676,82976363,200424
bc2a30084b290ff5,42352,32495152,208610,42121,32479780,208610
bc3a53057c2aad87,55143,45295324,214478,54930,45272070,214478
bc6ba9eaaca0cd51,71361,61505294,243694,71151,61509954,243694
bc73b33013ad8499,116776,106859467,216027,,,
bc759aadbe781b52,106300,96442989,216526,106076,96432764,216526
bc8093dbb249e638,22407,12557136,214360,22176,12531408,214360
bc8c139870676fdd,53931,44090326,204225,53727,44069898,204225
bc918a78ef9a52be,85996,76115072,216653,85746,76093004,216653
bcce2907794bb0f7,,,,17031,7318914,201526
bcdc38d2dc01ec62,54054,44215081,217492,53848,44190965,217492
bcf26e8ebb963d11,22746,12895055,458975,22525,12908738,458975
bd6543de26e613eb,22373,12518242,213819,22146,12501503,213819
bd9f15edde4c1d0c,61003,51143068,214809,60786,51130534,214809
bda43b2db285ddfe,34026,24167814,215015,33808,24146940,215015
bdb0180c46b231bd,,,,48087,38432505,213977
bdbe39b909de3ae3,54930,45074109,213660,54715,45070986,213660
bdd009166eb2c1ce,50193,40306343,204718,,,
bdd9d6913b92be81,27623,17778457,214394,27411,17751548,214394
bde9b332088c5045,107357,97456714,213634,107089,97417519,213634
be029754c0f20ab5,77375,67497731,215824,77135,67483558,215824
be3548ee568b0eda,74403,64530301,197393,74184,64517456,197393
be3a33927096df2c,14987,5108622,213883,14743,5101653,213883
be3ed9e8e57a63ef,66800,56939949,216933,66580,56915315,216933
be809108de95babc,96823,86962820,213883,96592,86952934,213883
be81c9f5af08dc0f,75215,65354039,214009,74988,65331913,214009
be86edbdb639f21a,78589,68687135,216314,78352,68660312,216314
be8977a6ce6a8630,97852,87916204,217164,97557,87896764,217164
be8bd31ca51a59d8,18359,8499534,212475,18106,8463377,212475
be8e27de7851693e,116447,106497824,215136,116212,106487626,215136
beaf8c4d8d7e4045,90779,80893613,187270,,,
beb77a9fb4659368,54840,44983544,214610,54623,44982765,214610
beb7f0826fd69309,48871,39013413,204463,48664,39012108,204463
bec9fd8cdc5b7ea3,,,,107607,97879827,172515
becde29828034577,91161,81320717,213554,90946,81285736,213554
bed1f667fdeaa853,73765,63913969,215418,,,
bed76d237c069a68,26716,16817753,216406,26450,16811362,216406
bedf4f26a5f81fc0,13265,3401963,215213,13047,3383394,215213
bedffe5e25a7239b,49926,40024990,205076,,,
befc63adf477f045,20151,10305292,215105,19935,10291320,215105
bf00bc62eee481e3,28800,18953683,206873,28570,18930095,206873
bf0ac8a47a0f9d51,62758,52902450,214201,62543,52901919,214201
bf2592b0ab246df7,23737,13890160,233569,23519,13874282,233569
bf313d5e19d20645,85458,75461157,202310,85111,75421014,202310
bf4a4600eed8724a,101481,91577753,216020,101247,91579899,216020
bf5e55e89e17d0a6,75490,65640354,215084,75265,65623400,215084
bf6d3abeaf5291b9,48956,39099317,204869,48751,39086244,204869
bf7928e72bdba94a,20494,10601315,212894,20246,10583895,212894
bf7d2d5935a83e3c,104361,94487749,215903,104125,94482961,215903
bf961cbe5a7ab5df,42912,33051283,206347,42695,33052122,206347
bfaac19ba71c8f3d,34469,24612534,214839,34245,24590222,214839
bfacc48a5fa7c37d,44908,35056740,215403,44681,35031204,215403
bfb4dcfa5a930056,,,,78135,68436408,203822
bfb73bc958665f18,90840,80961372,216096,90618,80946893,216096
bfdb5152a7152aea,108895,99029562,216942,108678,99012356,216942
bfdc4461bf72b909,114208,104251095,214993,113882,104232858,214993
bfe0e146b9659262,12170,2308582,204183,11972,2290387,204183
bfe198d4544a76ba,100571,90730771,214276,100355,90699920,214276
bff72f12dc5385b3,29875,20040369,243683,29667,20006694,243683
bffc8f0b119df09a,108620,98759242,217588,108406,98760206,217588
c032d56f5fdb7d10,111233,101370091,199291,111009,101353186,199291
c05a83e9be03c365,104650,94803611,217917,104433,94773911,217917
c06be3c82f5a0d05,,,,21118,11464208,214420
c0a58ad105023931,99861,89999369,215797,99635,89990822,215797
c0a69fbaad21ef00,69636,59759219,215151,69397,59733981,215151
c0b27532dcab4293,58708,48863037,216129,58483,48832322,216129
c0efd23ede0119e9,35684,25832645,219021,35468,25812171,219021
c10501173758b367,52387,42520515,216757,52153,42495526,216757
c10dbb9587b25e9e,25731,15863985,238906,25496,15834493,238906
c113b9ebe360eb37,54782,44941876,216077,54559,44911231,216077
c13cbd083fcaaf12,105258,95385247,217239,105047,95354229,217239
c16714f55c280f75,87474,77602921,213753,87226,77585200,213753
c1bd02fab011d1ca,27384,17534297,216013,27166,17511475,216013
c1d086cc89b86c5f,51364,41487936,215551,51123,41463221,215551
c1df9a4576a6a843,99669,89802710,214729,99440,89783323,214729
c21083e088ebdcc5,112330,102478620,214088,112112,102473150,214088
c213b76f964b5b7a,52792,42918249,215294,52560,42893628,215294
c21ffabd7751ac2d,34407,24574436,217745,34179,24530984,217745
c22c833a567deb58,43024,33166408,206669,42809,33145949,206669
c233b88c97d9ee7c,87948,78097827,215379,87742,78101175,215379
c261ec66275a7eb5,65381,55511735,220065,65151,55483884,220065
c27dc34d3acb449e,25965,16094306,237938,25734,16095453,237938
c29403c4802c920c,,,,24488,14870099,459938
c2c354820886932e,80407,70552620,199528,80217,70520166,199528
c31dc43571a88525,72989,63162711,211421,72770,63111464,211421
c3392c37dcc17eaf,57441,47545660,216182,57184,47523792,216182
c345d8979826f63c,14420,4568079,215566,14207,4551015,215566
c34db54d00f13020,114235,104278062,215794,113912,104266376,215794
c356c45db2b9befb,54664,44800036,213259,54442,44780011,213259
c362076fbcfc8b92,119621,109785699,214429,119402,109743730,214429
c395a0f337f53c63,17646,7765778,212521,17408,7748056,212521
c395f7411f6510a9,65873,56005406,206981,65643,55990346,206981
c39f9d76d649741b,108361,98492350,214645,108120,98469003,214645
c3b5d458da891edd,19437,9587564,214513,19241,9570598,214513
c3bf4665c66011bc,72649,62785830,216253,72426,62782631,216253
c3c500a5c93db83f,11018,1152323,235827,10794,1136236,235827
c3f32f17a77b9c83,31834,21995628,244832,31623,21969027,244832
c3f8fe015b640d2c,21273,11563060,213223,21024,11363721,213223
c3ffb266facd38f6,15249,5381260,213457,15023,5362873,213457
c409f02b21f23557,59175,49306006,216625,58952,49286298,216625
c422aab94b6cae81,23836,13986683,213871,23611,13971767,213871
c4307fde8feb2bb2,89637,79773966,214734,89397,79755603,214734
c45feb0459c0b9b8,69546,59664386,215560,69298,59651704,215560
c4763a09c3c54dd2,100265,90405228,216420,100050,90408578,216420
c494db6d7f8232a9,65533,55661556,217143,65307,55641204,217143
c4a1b304ca55372b,29350,19498411,216720,29151,19472650,216720
c4a822b7336160b6,22809,12952593,205057,22592,12933161,205057
c4aa4f412c885e78,53718,43872114,205434,53508,43841755,205434
c4d0f21e20fe4517,65319,55436043,214400,65087,55415719,214400
c4f7f93121ed7c18,42847,33000050,214804,42627,32985392,214804
c4fdfef0f9f9ecac,48438,38589272,216274,48215,38557444,216274
c51b40b1da2edbc3,46369,36518162,239057,46147,36498787,239057
c5224ae3eb7e0f66,,,,21148,11492921,213314
c522cbc0d5ac69c9,72096,62223095,216443,71861,62199565,216443
c524414129f5b80a,75707,65847661,215123,75489,65827245,215123
c527cb32acf81a29,43181,33327882,206126,42968,33310161,206126
c52bd519e83e42a7,112513,102653113,212410,112292,102635550,212410
c52e8e04203c1799,30752,20904390,217465,30537,20881742,217465
c5493b3df439f944,57680,47813685,203283,57497,47794786,203283
c54e775d11b7a27b,82304,72443268,212835,82125,72426881,212835
c5529deb24d999bf,111081,101214774,215516,110848,101193149,215516
c55353066ee9cae3,45744,35859857,204430,45539,35849542,204430
c554149fa5de46ab,39865,29986480,205123,39637,29966040,205123
c5555111ed5139b4,103974,94083793,234866,103737,94058070,234866
c5660a1d32a52d9d,116320,106364745,199095,116085,106354837,199095
c572f98186fd9be9,10643,784684,214336,10417,763754,214336
c575d3aa65f78215,83789,73903207,214354,83551,73885533,214354
c5911ac0d031d3c3,51665,41819488,470996,51461,41826287,470996
c5b9bc683eeba6f6,77405,67526778,215264,77166,67512580,215264
c5dffc2c15f0b8ab,79559,69710110,215566,79345,69691507,215566
c5e98205acfdb2d3,14958,5081639,212857,14710,5071310,212857
c5eb797f8a87d947,68754,58834537,216655,68481,58812865,216655
c60893d5add208fb,109200,99345066,215184,108980,99338634,215184
c60f0b1324fa2381,102423,92555037,214980,102196,92552285,214980
c61db75e3b3a2dfa,104816,94949344,215969,104586,94932788,215969
c6339a1a8bf8c4e6,55469,45614201,216454,55244,45603205,216454
c63dd33eef1ed892,72926,63063990,211223,72707,63045390,211223
c64f5b8d499a71f9,31548,21693213,217182,31318,21672697,217182
c652fccf3a81e130,71830,61957916,220183,71589,61933475,220183
c677b33e85ef6f57,95355,85496412,212817,95137,85490338,212817
c67e53d2395802f0,,,,95847,86206672,243161
c680e0c03c31b4f7,91299,81455766,215196,91056,81410695,215196
c69a4c5693b5d2f0,80116,70241114,213556,79878,70223384,213556
c6c6cc588e00094c,95557,85711630,211983,95345,85682127,211983
c6cf401f9403bab5,18140,8284982,214498,17927,8265356,214498
c6d0dec136c48daf,81024,71155091,215178,80803,71142255,215178
c6e5dd7c96ffffcf,60791,50936270,214999,60565,50911033,214999
c70a3acfb815007a,47930,38057960,206863,47706,38034151,206863
c71eab6b5edc5249,94775,84933657,215694,94556,84896430,215694
c72d9a176e06429e,35034,25143436,205609,34786,25119574,205609
c73b9920116601d0,39242,29388006,215604,39031,29363414,215604
c7451fee373237e4,48010,38147201,205773,47784,38129248,205773
c75e9659c7802b61,20406,10513346,216434,20157,10512020,216434
c776c8cb0d86354a,86406,76534879,214721,86181,76517220,214721
c794e786d9c076c5,116082,106177626,215872,115829,106159173,215872
c7a34fcc412ef1da,37415,27536709,217559,37179,27530545,217559
c7a4f8f7017c2bd8,72401,62537961,197887,72181,62517594,197887
c7ab85c2136f6a6b,13738,3879754,214082,13525,3883935,214082
c7bccc45dc61dbd6,43754,33884446,207188,43550,33861940,207188
c7c3d2fedde16bea,18203,8347677,214390,17988,8333656,214390
c7cf7d65bd891bc7,23523,13662138,213270,23291,13643830,213270
c7dd28d72287c891,86588,76729686,215097,86373,76713208,215097
c7f2ab4b02f153b0,25571,15663121,213307,25336,15643732,213307
c8118981690b60a3,58079,48194236,216354,57857,48175293,216354
c819b714116e3e9c,98485,88633009,216600,98277,88613408,216600
c81cea701ab0a21a,106209,96349531,214940,105981,96333091,214940
c823d490c4dca10e,101089,91170954,199514,100852,91147609,199514
c833426824450d18,50679,40829721,203290,50466,40824400,203290
c84ce56f2587c8f4,92024,82132241,213996,91763,82125539,213996
c8516d1be746f3ff,25840,15977078,213297,25601,15962725,213297
c864a0db93a7661c,94512,84650582,214951,94282,84631271,214951
c87b951a1a5d7b06,44415,34555348,214963,44195,34553692,214963
c87e5b7d60f4e01f,16093,6200761,212019,15880,6175861,212019
c88aa68de445a014,24017,14168219,214345,23796,14136079,214345
c8d3459c5ba1e9ac,14562,4754345,215290,14343,4681282,215290
c8e62c2f5726d836,98256,88390389,214383,98024,88377993,214383
c8e672683f8f2e49,64710,54854571,214394,64504,54839788,214394
c8f101e91f494293,79491,69642918,213937,79282,69630891,213937
c91100af8648ca97,119849,109973267,217686,119611,109973420,217686
c918697a1d9e85b0,45832,35954313,205105,45623,35951129,205105
c928633060ea258b,38208,28358119,216682,37993,28351588,216682
c93473e06b451dfd,39894,30016194,206447,39666,29997420,206447
c940695d2270a230,50915,41016284,214449,,,
c94097171fcf2288,76926,67045032,215426,76671,67013025,215426
c947ff17840ab358,74591,64727362,215779,74375,64712461,215779
c98b457c918b8c06,57102,47165011,215877,56813,47162686,215877
c99af84ff2b3c142,51482,41607594,216472,51249,41593775,216472
c9a09c7579a37d37,72894,63030774,213151,72674,63013720,213151
c9a09ece1b0182e6,81789,71906141,216584,81544,71882311,216584
c9c0ace42bf79beb,68184,58306957,202420,67990,58318015,202420
c9ecb0c672000103,33791,23929817,215980,33554,23911451,215980
c9feecd1e6940a40,97347,87490352,218778,97127,87479302,218778
ca12581634983323,74157,64290317,216604,73922,64271635,216604
ca1fb2fa355e7bf9,116973,107107833,213165,,,
ca447efad75694f7,65622,55756826,217718,65398,55744281,217718
ca60ad603e5e5469,66023,56153130,214549,65798,56134647,214549
ca64a2863c3b6160,94480,84634352,215070,94252,84595085,215070
ca657ebf65f754fd,112384,102529652,214705,112163,102510683,214705
ca727efcbd57d010,64251,54358906,214344,64033,54355963,214344
ca8d10e380bb1bee,69393,59509715,217692,69141,59492242,217692
ca94a34ebae920f9,112577,102730314,216857,112356,102708907,216857
cac6eb7f5f5654c1,87091,77150960,200929,86818,77129754,200929
cad44ec316e43b85,51130,41235419,214159,,,
cadab4d2df8e10a7,23039,13179645,213833,22811,13150716,213833
cb16e04f05004c3c,64281,54389043,214750,64063,54373489,214750
cb230b1e76b4f061,101307,91460340,217324,101070,91378900,217324
cb2d175c51022374,91190,81355926,214600,90974,81316449,214600
cb3de92999037cca,103204,93332187,214392,102981,93314050,214392
cb3e1185e747c271,97530,87624914,216779,,,
cb468d5ca27cd1c7,46623,36776149,217339,46403,36762967,217339
cb49a3486f77cc89,78305,68480279,202771,78102,68402639,202771
cb6d1a14f4319805,65680,55817999,216448,65457,55812699,216448
cbbf3d5f5b6628e4,18480,8596580,214614,18230,8590987,214614
cbccb68e4bba347d,112546,102687138,216754,112325,102666358,216754
cbd069e25deac490,119488,109630909,214965,119278,109614795,214965
cbdc853ba2c08a4a,118478,108545892,212208,118230,108532721,212208
cbe6f28410472835,26208,16342559,214504,25983,16323011,214504
cbe7d3f092113b7b,66296,56433270,202491,66089,56393472,202491
cc30e0045c7697ee,115141,105276915,214635,114916,105272244,214635
cc4569ab2b8949a2,,,,84793,75046933,125490
cc4a6dd0c94b6cc8,39922,30045568,203916,39694,30026604,203916
cc5512d0eea82ffa,47615,37722375,204716,47404,37701146,204716
cc8511f051e516fa,108767,98926231,215965,108552,98883538,215965
cc90c79d9013231f,82713,72844109,213943,82497,72830879,213943
cc9f0359d1023fc5,97909,87995032,216774,97622,87961500,216774
ccb42d9cc879ebaa,13835,3977355,213255,13623,3961276,213255
ccc065be192b2791,117171,107316768,214588,116976,107303516,214588
cccbd726a0d34b4d,108321,98440280,215386,108075,98418441,215386
ccd06def0594cf38,105616,95758600,215836,105391,95754986,215836
ccd5fbbb15d4b6f8,42480,32606375,215924,42248,32592379,215924
ccdab141f45e7706,62464,52545520,205635,,,
ccdb99936833f113,48659,38812505,204725,,,
cd1eedb48bc113b2,101608,91862194,216296,101375,91713549,216296
cd333d33f354a81a,105011,95126510,201132,104803,95100053,201132
cd3c27fc677924e3,103943,94045472,240837,103706,94026671,240837
cd5b7be86ada992f,110143,100289169,217255,109924,100256235,217255
cd616dfde1b93f5f,66861,57000927,238838,66638,56986713,238838
cd7f8bad65c60b90,18233,8386048,213101,18018,8360669,213101
cd98693274dfd49b,27270,17432585,216315,27033,17391411,216315
cdce78387909386c,27590,17743092,214084,27379,17719640,214084
cdd7e5c5a3e9123a,34806,24954984,153260,34559,24919051,153260
cddf138b8f889179,65442,55563973,215097,65214,55545515,215097
cde85054b0916fad,117402,107542040,213890,117199,107525688,213890
ce247c2217bf2ddd,71922,62045368,217706,71677,62031646,217706
ce272ec8ff930355,14928,5055839,211612,14678,5030838,211612
ce38902c425f2d5d,,,,111637,101949908,213784
ce3901e00033ff35,103632,93770705,217895,,,
ce4084502aba3118,99495,89609118,216051,,,
ce5c803dcb584efc,74339,64477796,197689,74120,64464331,197689
ce6c57f0e8d940e7,31520,21657120,215314,31292,21631852,215314
ce7cf8e9d796fd24,88280,78423658,213926,,,
ceaf838b987aded6,54322,44448292,214360,54098,44432480,214360
cebcdb1e4dc49f85,79152,69292946,214418,78934,69273284,214418
cecbf5346b524129,26651,16744137,214213,26384,16731126,214213
cedc4ffe95e35bbe,32125,22294783,216737,31906,22262065,216737
cef0494a8811d7b2,48237,38479744,213788,48022,38362827,213788
cf021d6d0f1f39c3,30928,21103863,206936,30755,21047559,206936
cf16a4b96e60fd19,43492,33611141,203651,43284,33600832,203651
cf1d6b333dbbbebb,55952,46053844,215375,55727,46030307,215375
cf2992e0386bdc90,,,,43223,33582138,193117
cf2b4ecdaa62b0c2,69822,59961891,214515,69590,59927069,214515
cf379e3b6adb7a7b,65651,55786631,215634,65427,55772605,215634
cf47bb2b29c03656,69792,59941829,216356,69558,59895306,216356
cf480675665c16eb,77347,67465047,215472,77105,67452830,215472
cf48e64cef1a40c8,92498,82655008,215103,92269,82612897,215103
cf544edb4f3a00f6,58284,48407738,215142,58046,48392149,215142
cf868cc7dce3545e,107875,97957806,204948,107637,97910213,204948
cfc8e6cb24688a8c,33761,23895648,215269,33523,23881341,215269
cfd3d1a4ced13c21,47903,38044292,206294,47679,38004396,206294
cfd504f3520445ac,75120,65253810,200339,74892,65238391,200339
cfe75d62a8838523,42072,32218750,206027,41860,32191318,206027
d0007aaebdf1f06c,61215,51360200,216557,61001,51338923,216557
d031fc225e9451f3,20715,10830268,213879,20470,10812664,213879
d032410ac407b11e,84259,74398421,201935,84041,74390463,201935
d04c6592ac4bb11a,85707,75837089,215332,,,
d0575fb0d1b970ae,91932,82047902,213292,91674,82018256,213292
d05b47f04a416913,55270,45425564,213686,55055,45401302,213686
d0734a56db66b1af,117558,107700499,213478,117350,107680997,213478
d076d9866fb79f97,65503,55632519,216582,65276,55614211,216582
d08fa7188f2db093,21865,12012622,211915,21657,12009791,211915
d09f3136037a3c49,13877,4036411,462657,13681,4046838,462657
d0a0b16c65c902b6,95324,85466237,213348,95098,85464409,213348
d0b1b55ad28b87f7,19195,9338420,215420,19023,9320439,215420
d0cde4e237387cf8,,,,28759,19118641,152872
d11844e3f12e6f68,24113,14255592,214678,23892,14232308,214678
d11c27acdff73e48,57548,47734744,465993,57346,47711086,465993
d122f7c8aa729450,67323,57473243,216382,67110,57471473,216382
d1234398f2c9bcb9,14647,4779126,213791,14401,4745169,213791
d14b0894f311deaf,77196,67304298,200400,76948,67284927,200400
d15559e550ab1ad3,79033,69162433,214993,78804,69141415,214993
d156db46ac5ccc29,114980,105133965,215125,114755,105113068,215125
d1576c932a3b9eb5,64770,54915724,215068,64562,54896527,215068
d15b51af2dd7d885,40143,30283501,218468,39914,30271139,218468
d173df756e82e287,92202,82316980,213849,91958,82311994,213849
d17b276e14b425a4,28878,19045161,470862,,,
d18a113f70cf238c,102631,92747790,216321,102381,92724228,216321
d18c653193808016,49599,39733346,214739,49378,39741324,214739
d196cc2c793a12d9,72220,62349416,218034,71989,62333600,218034
d19927c9256d82fe,29994,20124180,216391,,,
d19c30f3e3bf8e7e,72714,62852192,217624,72491,62852270,217624
d1bf467e40ff0a59,61151,51295875,215751,60935,51285008,215751
d1c410011365edbb,91701,81816323,213784,91456,81796362,213784
d1c9854502bb11a4,103350,93490977,215096,103135,93472440,215096
d1e9129c14a06004,14743,4860149,215065,14490,4840805,215065
d1f77737bb2722c7,56643,46792549,213064,56434,46773412,213064
d2004a181fa63746,118168,108297421,199742,117987,108293806,199742
d2162b9ed0747faf,79122,69260231,215187,78902,69243077,215187
d233f31ccc80007c,69202,59318311,218602,68956,59315427,218602
d25d146fc2d30258,41190,31307264,216202,40941,31287920,216202
d2660e1fa3bed0d3,68782,58862258,213904,68505,58842773,213904
d2781854b00ecc3f,17743,7878328,213303,17509,7870658,213303
d279dae4f8efb4c2,27130,17251489,214558,26884,17236661,214558
d28518ec626835c1,42385,32526354,207349,42154,32496294,207349
d28a521b679876f2,77165,67272236,236699,76915,67255443,236699
d28ff96f2a8f19e0,85519,75555069,201475,85197,75523524,201475
d29ecfdc6e3ddad9,90430,80538706,239063,,,
d2bc3115e8bcf9f1,11778,1927109,216523,11563,1911562,216523
d2c3bbe0919ce052,63065,53192627,215032,62841,53192502,215032
d2c8dfaf27b1634f,96568,86702654,219326,96319,86656522,219326
d2cdd939c0b891ad,81089,71238920,215211,80868,71207692,215211
d2cf9e19e55d920a,16244,6359052,213397,16029,6333356,213397
d2d352ae3fa88b22,77898,68027327,215671,77664,68014975,215671
d2da2c6f62cc24dd,54023,44179328,205993,53818,44151808,205993
d2e4a6297e78e61c,90492,80600729,213690,,,
d30d9d5ea015d0eb,73021,63174004,211363,72802,63144055,211363
d32c5484e4ac8f4e,80874,71023754,214161,80652,71010238,214161
d32f5c4c2e6e86c0,41378,31526568,215145,41141,31485056,215145
d352ba4e01f64129,78056,68184213,216284,77818,68166422,216284
d356d824e8d7f2fc,67955,58080953,214130,67700,58052410,214130
d3779cd970dcbae7,17668,7796670,214383,17432,7773823,214383
d3df628238d780ed,75024,65157464,217525,74796,65136467,217525
d40b9ec2cb97de28,47734,37846233,215227,47520,37826986,215227
d42c5675d1e70717,76177,66322568,216860,75951,66300519,216860
d433edefc5296b93,43149,33294575,205454,42936,33275263,205454
d43bc44741668a62,68948,59064346,216375,68673,59032929,216375
d477dc5a573cd462,79651,69797240,215889,79437,69792670,215889
d486b338873b05a5,86150,76276833,215041,85900,76252270,215041
d4b0ce1b85b1b0fa,11845,1987459,216201,11626,1971329,216201
d4b4988e0c5e31a7,45973,36120132,216163,45758,36091201,216163
d4f96331427ef3b8,84435,74584429,215270,84214,74554997,215270
d52113aa95179ead,89698,79832598,213474,,,
d5287547355d3fd3,72311,62467806,428015,72083,62464831,428015
d52dd25ae3041e3b,67546,57686349,215275,67327,57668207,215275
d54d35ceba6b9d89,21984,12132345,213080,21776,12113970,213080
d554d3241e758e27,28012,18158475,215993,27789,18131282,215993
d57c6db0f5f00620,49862,39961306,202095,,,
d594c2b6bb855d20,35423,25556371,215560,35194,25552435,215560
d598df0d564fb3cf,12035,2178203,203296,11850,2169945,203296
d5a522812919ea88,99212,89273092,201851,,,
d5d09327ab27042c,,,,70367,60644395,201718
d61a4bcfcc966b60,44377,34512964,215078,44157,34511793,215078
d628dd52e51f2f1b,101532,91663765,215433,101298,91615961,215433
d636e28aaf8a57fd,52857,43008259,217197,52625,42962903,217197
d63825e66e39ba96,,,,41289,31621853,149652
d64a2048176d43eb,100444,90585324,219247,,,
d66acd1397cd214c,55438,45586191,215339,55210,45571009,215339
d679ab63b36e8e31,57072,47140035,214994,56781,47131975,214994
d67aa2c3558b6280,87032,77071302,200878,86758,77086818,200878
d68769d6d916686b,46278,36425491,214411,46050,36405591,214411
d6c2a25949f80a5f,118627,108697423,212958,118369,108692709,212958
d6cdf8e4fee6cf2b,48565,38709578,206452,48339,38689647,206452
d6de7c358ae259ba,96289,86386207,218958,96035,86364378,218958
d6ece53cd5d59c9d,12772,2896944,199787,12536,2894574,199787
d6f4cfb03ff11f66,37641,27789596,217247,37425,27764367,217247
d70082f18262c490,,,,16971,7255659,202885
d73cd648542d1c04,68698,58771790,216907,68430,58764149,216907
d7547b577ccf159b,30444,20594604,215633,,,
d76576929d32e640,76222,66384984,452323,,,
d77b34986b5df381,111562,101672284,149209,,,
d78b4634ab080222,36193,26334277,215690,35974,26332009,215690
d78f34924481eae1,25616,15744176,214338,25382,15704975,214338
d794cfe19051bde9,25868,15995438,214713,25633,15992909,214713
d795a0dd52f9f5a7,94634,84783143,240743,94401,84755500,240743
d79955308e1d2faa,,,,107930,98240615,214781
d7ae13b5e39e6b46,62487,52619895,205281,62216,52574644,205281
d7b80d1be49a5986,,,,107886,98200826,216838
d7bf7e8a118393e7,53125,43248502,215448,52874,43222974,215448
d7d43156129d769a,68920,59022328,218810,68643,58993357,218810
d7d85d7053505b31,20814,10973863,470262,20562,10948311,470262
d7db22014cb53947,45273,35424770,215828,45056,35395857,215828
d815778e50889ef9,38749,28869260,204484,38553,28866700,204484
d817ad419174f319,56011,46112955,216902,55786,46094826,216902
d817c55ce93e2f5d,11679,1826343,237011,11467,1815326,237011
d86e34841bef7cca,59605,49718142,204273,59393,49704179,204273
d8721ee95fb687be,100476,90634112,217615,100261,90620317,217615
d8dc00139aa7f254,37920,28073100,216323,37704,28052258,216323
d8e2330fd8ddd2e0,93795,83859682,215981,93517,83823213,215981
d8f8148cb92ef283,115111,105249840,216462,114886,105244667,216462
d8fb9b898c8c0303,89512,79636160,214657,89270,79611177,214657
d905be7b07c3a6d8,87577,77703008,214919,87343,77687383,214919
d935a18e5083a051,117771,107932938,214906,117556,107913336,214906
d93b61df33d6865d,104333,94457435,216977,104092,94453002,216977
d95572586567aa03,85657,75763758,214251,,,
d9741b653efa3315,93772,83814792,214528,93494,83795595,214528
d9851711d55f3f73,21573,11706407,215160,21332,11691571,215160
d9b372f0a223d39c,73528,63625217,217426,73268,63603273,217426
d9d5a44a511fb420,14326,4468545,213655,14117,4451349,213655
d9d8275538e1f193,36717,26901329,480992,36505,26869929,480992
d9d8ba2cc0053e5d,59270,49402841,215373,59048,49384929,215373
da0f2af19bafeb9c,29406,19542817,214685,,,
da5db78795358432,75549,65694541,216280,75331,65694310,216280
da7035aeea532d82,15292,5441901,214738,15055,5395117,214738
da7ad78ded5d5aa2,28103,18253424,239543,27883,18245099,239543
da8ffd3770c23e2f,89206,79359637,213871,88991,79352753,213871
dab4a9899daa7d03,113642,103795995,215247,,,
dab56e0fbffb9b71,74652,64786666,218402,74436,64772209,218402
dad264ba24a6d91f,97283,87426118,201960,97064,87401035,201960
dad9ff28b29803b7,83162,73303687,214153,82942,73284394,214153
dadfbd552611f80b,115511,105650095,202257,115287,105631220,202257
dae15fd8ea058c42,66627,56760701,214515,66414,56752954,214515
daee83a6c43adeab,113136,103189762,216327,,,
daf3b83fe76d151a,30569,20715062,217369,30351,20710723,217369
db072416fafa7091,35388,25520574,217545,35157,25511744,217545
db08831d13ad597d,27103,17223041,215328,26854,17204977,215328
db0ba3f60911c4c0,42016,32151203,216526,41808,32133037,216526
db1e1e9501ed5582,87315,77379338,214187,87050,77362948,214187
db20381b6298d1c8,64127,54227774,214232,63867,54215612,214232
db44a636fb20efd2,65592,55724672,216345,65367,55715416,216345
db6f21ec8dc82b8e,43275,33415312,207212,43029,33371728,207212
dbbb1f075d682a04,54257,44398957,215262,54034,44363762,215262
dbbc046381efab52,83456,73623408,214537,83220,73580092,214537
dbefa3c73098ffee,64096,54199459,215714,63836,54179366,215714
dbff173980424324,20858,10982059,190047,20600,10961715,190047
dc0d12d2e95a7522,10986,1126528,242895,10762,1103663,242895
dc1adf4a29559ddb,56181,46301021,215068,55954,46281214,215068
dc27bcb2d375fa9d,60433,50580346,217476,60222,50560082,217476
dc293b834987818a,78986,69112471,213603,78751,69112717,213603
dc2f2ab4163f3dc4,64221,54344637,191876,64001,54341727,191876
dc38d7f74e455e90,114610,104754291,217283,114390,104723935,217283
dc42aa21411bef4b,,,,62151,52474552,206140
dc4e448234f5c47f,25008,15178992,462326,,,
dc65962b40ec7d98,95108,85242586,184945,94876,85237003,184945
dc7c853d61a3765a,46247,36392223,214252,46019,36374819,214252
dc9369ed779d27ce,37228,27326118,205845,36987,27309659,205845
dc9a6e975aee7e3b,109326,99473022,216184,109113,99473196,216184
dce74da856275c22,60912,51053335,216016,60683,51031866,216016
dd30ddd1cadbad66,65237,55354814,213313,65004,55354859,213313
dd3fbe5e75542f60,73167,63342567,208200,72925,63272489,208200
dd506b797d6038c5,51224,41331805,216025,50975,41332210,216025
dd548b50d5c23f2a,102791,92923996,214435,,,
dd55681d47ef2aae,102457,92599938,218176,102233,92594549,218176
dd58b27410c5b134,79062,69194139,214885,78837,69174837,214885
dd60689211f8932a,36495,26639352,215146,36277,26621765,215146
dd76e7e88d7af512,17011,7110319,188355,,,
dd86d968e4d6da43,32948,23085472,206397,32726,23069799,206397
dd8a6f46cccc07f0,43462,33587988,202798,43254,33582875,202798
dd8bf7d6e3dce863,30057,20189158,217586,29825,20171459,217586
dd9a05354f3c9bb7,34622,24768352,216750,34407,24751606,216750
dd9fbaede9d65c75,20526,10636040,215243,20278,10616418,215243
dda5bdc65728a336,31898,22048533,215699,31688,22025403,215699
ddafbc00825e9b97,118568,108648027,212323,118314,108633392,212323
ddcf78b71a426ddb,29378,19528404,216637,29177,19506080,216637
ddd1623ced709a3c,117741,107887131,215600,117522,107884026,215600
ddd69db1a2424c4d,30242,20371822,215946,30005,20362308,215946
ddf32d30fe44c634,53778,43934241,205577,53571,43900617,205577
ddf554e8dc002643,49085,39229803,214659,48880,39223048,214659
de2b66c8b5e56155,60340,50483469,216957,60125,50463651,216957
de46601281d445d9,34244,24393569,216955,34028,24372239,216955
de67cb36edcb78d7,,,,70655,60948088,215352
de6c4e39bccfc825,111019,101164363,237507,110786,101140010,237507
de706e3d4c6f5846,43212,33389081,205920,42998,33340950,205920
de77eeeca2724b74,41314,31447829,213812,41065,31424346,213812
de82d7d52e8f972a,,,,95693,86039415,213821
de93de1f8dfd4833,115238,105383324,217633,115013,105373269,217633
dec0504c21f23c24,97991,88077934,216412,97717,88057936,216412
dec0df33c3d1027f,,,,85263,75611121,214928
ded31c7e7b754e8c,64032,54132233,216840,63772,54114106,216840
def47384af1a797e,57956,48071259,214093,57744,48050661,214093
df0005fb2cccb195,13443,3587774,213610,13226,3570580,213610
df26785debeca309,42758,32890326,214972,42524,32884124,214972
df3eab6968f7a1af,44655,34802043,205315,44437,34776728,205315
df548f58a71a1efe,76512,66623745,200957,76299,66604468,200957
df686ec2de3e0426,11267,1405890,214536,11041,1385652,214536
df793603e7041ee2,20089,10244037,213661,19875,10215763,213661
df8fc7038dc492f3,74371,64520907,198921,74152,64487854,198921
df995cd5e4f2fc00,106698,96881434,216710,106488,96839240,216710
dfd71dc8f0b390a8,11941,2083654,148512,11756,2092450,148512
dfe1a2940d3d6251,87713,77855734,215199,,,
dff616ec7cd3af6a,61183,51324695,216229,60968,51311512,216229
e008c314026fafb4,52612,42753372,204035,52375,42738150,204035
e0104f88a1e8ba0b,98044,88157668,202506,97779,88121737,202506
e0126ba647120005,26240,16370320,212795,26015,16351387,212795
e01c65b324fee1b3,17599,7713227,213094,17360,7693405,213094
e01c68c7eb159712,93927,84024340,216478,93650,83985511,216478
e04b5f25dd56b6d1,22441,12582517,212698,22210,12571061,212698
e0557f00c4e96dc1,63525,53667952,215051,63303,53651934,215051
e05a49680a29a7b0,19502,9645152,214011,19293,9631604,214011
e05c90ac2aca24c2,58639,48781329,215573,58421,48762193,215573
e06d9b12218d9fdd,77134,67239353,216204,76883,67220647,216204
e08355e534104b83,,,,47628,37956235,204198
e0ad124651f811a9,58547,48693906,243806,58326,48667090,243806
e0c76f6d621fe4e8,63706,53854793,215820,63491,53852481,215820
e0c8d148ccbb5d3c,95202,85343566,214235,94973,85314158,214235
e0e26124b826a62b,27982,18127464,211049,27759,18110123,211049
e0e4a882bd979dec,96385,86510069,217186,96132,86461919,217186
e125b96d00ae3aa8,87120,77166571,200720,86848,77149930,200720
e14e7c7e5693596a,69424,59542175,218797,69171,59518698,218797
e15564dd8c7c1bdc,,,,117880,108248882,457286
e15963c210e39140,38112,28256236,217632,37897,28253641,217632
e16794aedb72c8fe,33130,23269946,216414,32909,23267288,216414
e17585c3dd34bed0,9889,33824,213534,9676,12885,213534
e18244fd045a7f0c,43338,33455005,206620,43090,33433968,206620
e183be2afb86644d,113309,103372527,216367,113012,103355098,216367
e1a637191f88e2e1,50376,40503984,214841,50177,40535841,214841
e1a970c0f4b8d164,113513,103670248,200355,,,
e1aab03f822420af,20775,10904246,214381,20531,10876434,214381
e1d9fbcb194e264d,81428,71573743,216695,81204,71552568,216695
e1da53b95f868955,,,,67958,58317249,192438
e1e12f91a5e4c794,14206,4339536,215261,14001,4322590,215261
e1e6a03ceee9f091,114818,104976991,214340,114608,104946402,214340
e1f8682f1b9bb849,26863,16959397,212048,26601,16939767,212048
e21407c439fb72d4,110988,101117055,214169,110756,101097523,214169
e21e4a10d1e6ff1e,19044,9179283,214191,18871,9229992,214191
e2280ba2f36242fd,70115,60260967,201750,69900,60239672,201750
e25c0dad6ba51cbc,97155,87327566,201855,96936,87279610,201855
e260028c8a22e64c,17622,7741149,213078,17384,7720262,213078
e265fe8c4694dd06,12678,2811387,214565,,,
e26a78754797fef5,107141,97195533,213824,106839,97173829,213824
e296c1a5eab17fe2,117801,107944536,215633,117586,107933760,215633
e29a541697ca06d3,117140,107285675,211865,116943,107302524,211865
e29e5fa1c0c7b0e3,19592,9735281,212483,19373,9731259,212483
e2d37f36aba03c4a,18390,8507257,212737,18136,8491532,212737
e2ecdd8eebf5d974,57768,47966021,203988,57592,47896620,203988
e2eef0fc5b71400f,46813,36947328,215470,46586,36932133,215470
e2f0e2c0bcb542a3,55981,46094445,214909,55757,46061818,214909
e2f8dda43bfc4491,85900,76041716,234358,85651,76001173,234358
e2fa3c1951c44fde,92797,82897474,199735,92580,82878312,199735
e2fe6e008fbf0a3f,115543,105681892,201724,115319,105661860,201724
e308d81d3555533c,35331,25453589,217113,35091,25452747,217113
e32cd455fbd68b6a,14611,4759847,213829,14371,4712295,213829
e331fa7cc2b90e0e,118100,108270475,185955,117923,108267372,185955
e3370e26c1ef1350,39747,29882587,205677,39519,29847515,205677
e3645d8bf52af79a,92573,82693529,199202,92331,82672657,199202
e374b4606c167143,106084,96229548,214958,105860,96212806,214958
e37cae07b7e08aa8,34058,24202774,216980,33840,24179774,216980
e38074b664b7e57d,,,,61665,51976111,213535
e386985151717060,114034,104083920,215193,113696,104033356,215193
e3888169d431dbc2,50429,40584740,214954,,,
e39eb2614998d522,10889,1047056,216775,10665,1004991,216775
e3a6e33f38579482,,,,38507,28865917,153993
e3b0be0732da44ce,39213,29381527,215987,39004,29332140,215987
e3ba151bfd63d4e2,32917,23049320,206258,32694,23031179,206258
e3c7b0f1490d03b7,36867,26944779,205650,36623,26922171,205650
e3f60e70b921b3f6,117919,108064782,214587,117711,108045503,214587
e3fad31b359a2ad4,80942,71076349,215749,80720,71072647,215749
e3fd9bf06471776c,105588,95728201,216056,105363,95712893,216056
e403075dc9e6ede9,80147,70300572,459569,79942,70306747,459569
e40eb8e356636d5e,24621,14757629,213739,24394,14751586,213739
e42189d05f8bcaa7,106116,96256363,213991,105891,96245256,213991
e4458e904baec0e1,25260,15332486,203919,25040,15310252,203919
e470d630a291cfa4,111875,101993232,214395,111665,101977271,214395
e4764c619948b7e2,90899,81029222,214807,90680,81004589,214807
e496aafe8e4b26d4,78791,68897627,218418,78549,68890893,218418
e49d1a774f0a58d3,69258,59383405,219851,69018,59374589,219851
e4a08bf02de3923c,80055,70176188,200239,79817,70153303,200239
e4a714a0ba6126ab,118963,109084923,214232,118706,109059377,214232
e4b1fa3f6a4578a6,53566,43703588,215009,53334,43674761,215009
e4de9dc09ef3df6f,53687,43824317,203993,53475,43814849,203993
e4e478c95215e52f,,,,107668,97941471,199073
e5153b2943787634,12477,2625616,215712,12264,2602414,215712
e5298aa652093ecb,12004,2146926,204883,11818,2130175,204883
e538505aed634bb1,119818,109942756,215268,119579,109932467,215268
e546f7824f1c6253,102663,92778283,215896,102413,92765746,215896
e552bc0221505d86,82653,72783341,215484,82444,72764257,215484
e5650d1f0a01bed5,50454,40600390,215690,,,
e589aab984d938fb,37733,27882445,214483,37520,27861289,214483
e58af32339cc0c0d,114309,104374472,215630,114007,104355805,215630
e58dc4fd634562e2,89939,80074983,211957,89719,80072423,211957
e59fd35d9f242acb,54354,44486731,217424,54131,44461840,217424
e5ce1d32ebf31955,111989,102115462,214322,111775,102093762,214322
e5e5717ce91ec81b,34874,24994470,206105,34626,24961835,206105
e5f5ac9da780c31f,52237,42357430,214945,52007,42341660,214945
e61058a546f22c26,56290,46425269,215913,56061,46413064,215913
e616ba1b916a78f0,60228,50366662,214630,60003,50351738,214630
e61c73f502b36d4f,28220,18376269,214717,28005,18342356,214717
e61f1bf81b702c17,91372,81498964,212432,91116,81476620,212432
e62114ff77614eda,78025,68155316,214338,77788,68135414,214338
e6294ab3525a9685,40447,30593121,214197,40231,30578375,214197
e62e6c58aed8b916,53626,43773618,464576,53398,43788025,464576
e62e7b121c3eec16,87500,77629522,214023,,,
e630869f7b50b61d,51070,41173362,214332,50809,41157850,214332
e63b5d8c5e4549a4,96169,86295460,237392,95915,86266856,237392
e6633a78f3f8b5b8,,,,70703,61011985,219399
e682c232b80f90dd,117203,107349484,213408,117009,107331635,213408
e69b3c89fd49f531,119553,109703192,238865,119340,109675943,238865
e6b118faa35bdecd,73411,63515496,236626,73148,63505118,236626
e6c626e413677cf4,28284,18443596,215264,28069,18407017,215264
e6da5fb5b3681350,116839,106952020,213535,116614,106934274,213535
e6e06b5a3ad7498a,35245,25375118,214176,35001,25351878,214176
e70de335e4acb87e,71674,61826253,217443,71469,61814168,217443
e72c44d6ca10092e,52143,42264005,215325,51916,42243001,215325
e73a8d93e6271894,97936,88011177,216697,97653,88005624,216697
e748f97a051faf6a,18072,8224252,215047,17865,8203122,215047
e783e3f787869f41,37200,27291130,206107,36959,27270959,206107
e784ff10c0eaa8c3,56319,46470161,214432,56091,46454256,214432
e78c814cb915d4cc,83661,73794373,213801,83422,73755966,213801
e79e472e28c66856,110052,100172914,216934,109836,100155287,216934
e7a4debcfdc2bb62,59859,49975526,216376,59644,49949293,216376
e7bea2ce7b1e135d,87062,77142026,200119,86788,77103120,200119
e7d1abffcb722599,86679,76823620,214321,86466,76805496,214321
e808d8efecd81d1f,96416,86519412,217254,96163,86493834,217254
e84a23742aa48dde,28839,18963840,216788,28601,18962894,216788
e853f003c4bfc34c,57709,47846036,204191,57529,47826308,204191
e85af8b8c37b0167,20305,10459118,213440,20054,10412476,213440
e85c7ec054370f3f,60528,50680125,213848,60319,50657248,213848
e860c491a5705798,38484,28627509,214420,38267,28613285,214420
e873dc262ca25c96,106240,96381172,216901,106012,96372760,216901
e876e7c9ff1bf853,22152,12298514,211747,21934,12275735,211747
e892d5dd5d3ff538,14836,4959804,214272,14584,4943256,214272
e8edfb34a88f7a71,,,,85044,75330530,201451
e9079e5b17e87dd1,36096,26241223,215610,35876,26231728,215610
e90b281e7188de8e,36898,26974379,205582,36655,26953137,205582
e9455274cec47cfc,99989,90126992,241498,99763,90129003,241498
e9568f7fc9e7b505,47307,37466103,474545,47103,37469340,474545
e962fa1095015609,92830,82933443,198842,92612,82911758,198842
e97325244696dae7,80222,70359098,201477,80025,70330553,201477
e9aef8f0db9f729d,70325,60444916,216219,70082,60440630,216219
e9b061f7fc2a54e9,105990,96136284,215482,105767,96120512,215482
e9b3e54b20872e00,57467,47581352,214807,57214,47554849,214807
e9bd13b0be80dbfe,58424,48566094,215047,58196,48533923,215047
e9d4b722113763e8,10168,315149,212928,9949,310216,212928
e9f244ee9f2c8c61,47762,37877430,214910,47547,37861910,214910
ea127ea3a56013da,89112,79264310,214514,88890,79251529,214514
ea145d08610b4922,28768,18899983,207548,28539,18889655,207548
ea2fd0369ea77939,10477,629508,213838,10261,604101,213838
ea37869434776ba3,78928,69055411,215062,78686,69033344,215062
ea380ad7593a5b5a,37796,27951359,216608,37583,27931980,216608
ea97586960095ae9,111322,101464813,214981,111101,101452551,214981
ea9c536c03d53806,98856,89026628,215351,,,
eaa343584e29fcb2,74118,64271237,216980,73891,64252653,216980
eac0cfc3405c1813,44132,34265025,213428,43902,34253578,213428
eacdfd787e06b3e8,100774,90944409,216942,100538,90901088,216942
ead76982a3c5ed56,23984,14147483,213716,23763,14102398,213716
eb0000bf8c9a8c9b,113670,103838063,215358,113451,103809852,215358
eb09c1895df7d070,54752,44892490,214393,54529,44871327,214393
eb38701dbb279c6e,100296,90434829,216252,100080,90436517,216252
eb4257a2913b3603,68082,58266513,463932,,,
eb47beaf8ca52f41,84692,74834328,215607,84481,74842253,215607
eb7174216bf11448,26955,17088997,465464,,,
ebf19248d6e7dadc,98580,88728780,214285,98372,88714977,214285
ebfdd9675da8f64e,33357,23485047,217853,33117,23463591,217853
ebfe837936746794,71120,61222892,216402,70865,61202857,216402
ec04888227d8a84b,93545,83605999,216131,93291,83559827,216131
ec13bd673c1bbdd5,49569,39701867,213835,49332,39694847,213835
ec7518ed6fe5851e,98422,88568208,213802,98212,88571184,213802
ec7a3be0943b969d,27015,17123473,205654,26761,17111298,205654
ec8aacec7b412ac3,47193,37329197,215840,46960,37312419,215840
ec92b8db52a34ce8,,,,17220,7528821,200952
ecbaf6d50074d3d8,67392,57533529,216110,67174,57531685,216110
ecbd2b00a422fcd2,89576,79713145,214121,,,
ecd9c753197be6c0,54603,44735870,216812,54381,44724633,216812
ece28137bc61ef4a,106360,96505474,242739,106146,96507778,242739
ecf746a5d799ad22,104038,94143984,215527,103799,94123996,215527
ed155582fa5b87fc,109796,99914352,215187,109585,99901999,215187
ed282cefbf06875a,115417,105551781,151403,,,
ed33c8e3ae0d1a2f,69852,59977110,215675,69621,59959153,215675
ed3c0be5c661ea21,47790,37986900,476588,47575,37929541,476588
ed3ecfb5ba4d6994,39807,29943921,205187,39579,29904615,205187
ed91f9c591d9c1cb,58740,48895342,212939,58515,48856483,212939
ed955974f58fc4b1,96478,86579982,219241,96227,86558859,219241
ed9a5c5ec1781347,38292,28435348,217420,38077,28415752,217420
ed9c2972acfce112,109482,99640715,216701,109262,99602302,216701
ed9c40cf35c31ba2,,,,85133,75448633,202079
eda2dcbf14c8bcc6,11909,2073685,462809,11717,2082419,462809
edb21d31d56312a5,25323,15423069,202413,25101,15376771,202413
edcd9ebf597e65d5,101216,91303325,199877,100979,91275521,199877
edd60125dad7b538,89384,79501202,213017,89143,79483123,213017
edfa325cf07a5d10,61119,51286776,216901,60904,51241678,216901
edfc64f118c33bbd,117306,107446327,237560,117105,107428818,237560
ee01f5db350d1124,106600,96747244,216024,106392,96731732,216024
ee02bad32b3d0ea8,21432,11569609,215832,21180,11525401,215832
ee28c6e18c06a2a5,91402,81520915,213070,91148,81492321,213070
ee6c119417612817,45304,35450392,216277,45088,35432516,216277
ee8346e643b2963d,69485,59605077,217198,69231,59594351,217198
ee9fee9baf76d839,45684,35798779,204477,45481,35779236,204477
eec2b9488375f656,37445,27571069,216364,37209,27570621,216364
eede21cd1103b6ba,43400,33532604,476996,,,
eefdf96710a3536a,14113,4241167,203219,13910,4214413,203219
ef02db87ec49bee4,73736,63850616,217777,73490,63841863,217777
ef0fcb4da1e108c6,74275,64417983,443322,74045,64425470,443322
ef10449f45d14084,59888,49998822,216134,59674,49981156,216134
ef16f2d02928b914,50080,40182497,205020,,,
ef428d8a03c84492,116353,106397468,200514,116118,106382164,200514
ef5546cc77f70f5d,68726,58823568,214104,68455,58779164,214104
ef5bffa31357caa2,83331,73471398,215739,83100,73452453,215739
ef6e026df66af92f,64159,54261583,215685,63898,54241800,215685
ef71123ba75e8439,60403,50546996,216017,60191,50528141,216017
ef76e7677e2881e8,62592,52693491,205485,62339,52667703,205485
ef79975ac1ccbb70,115900,105997637,216495,115640,105992911,216495
ef7be6cbd759603a,28415,18571267,241389,28198,18538000,241389
ef8a8a4d3eb1049a,69286,59441520,217020,69050,59403310,217020
ef9ebbaad9bc1208,86210,76332294,214189,85959,76313785,214189
efa610a712dc3f89,58670,48821617,216584,58452,48792361,216584
efaeeb4a355cb000,,,,112602,102960421,217489
efb09e4d46607e96,52958,43111990,216340,52720,43063513,216340
efd598decd551c87,91607,81720362,215193,91360,81699834,215193
eff76ff185ac840b,102366,92503129,218113,102132,92493444,218113
f006d4e44719ef2d,82136,72282136,189592,,,
f01fd124db3f8cd3,23130,13265467,215654,22902,13251798,215654
f025f5499673e057,20590,10701006,213781,20343,10681376,213781
f03d856c6f571b3e,82071,72204832,216425,81829,72173022,216425
f07121919e1baf49,88075,78224995,213475,87869,78227685,213475
f0857a25a9da5176,119353,109506343,214578,119151,109481620,214578
f09713eab8cd6691,117831,107978261,214832,117617,107972610,214832
f0a233850ead4351,77865,67999192,214944,77632,67974883,214944
f0aaf7ed3859ccea,46216,36364224,215764,45990,36341956,215764
f0b02e18127c0509,107283,97369871,216342,,,
f0b67c42e4c783c9,15219,5349520,212471,14992,5331885,212471
f0c6436e4722bed7,92679,82832821,458975,92463,82827893,458975
f0e2be43c197775a,118825,108942362,215675,118567,108899383,215675
f0e9ec39715e05b9,,,,62055,52387560,194785
f0ee3077348d239d,25547,15633193,204606,25313,15614329,204606
f0fabaa26ddb3302,15517,5643881,211034,15273,5617544,211034
f10f930b08675b5b,65142,55264074,216611,64907,55265989,216611
f115000253b7b100,77576,67717080,214216,77354,67712250,214216
f128bec31de58830,96795,86925348,217334,96555,86912175,217334
f1335f03c80fa835,13771,3926722,214280,13558,3893499,214280
f14ffcecf28bd75a,103292,93427783,215933,103075,93409199,215933
f185f95bfbe557b9,76723,66844464,214168,76505,66832160,214168
f19ada2d87e71f77,89875,80024702,214414,89652,80010199,214414
f1a01f1933c3a66d,35653,25802886,215232,35436,25776276,215232
f1a362aa3e167f33,94322,84456079,215491,94096,84436728,215491
f1aa2b25e198c255,78873,69008193,215354,78630,68983847,215354
f1d912ee3697a95b,67199,57348925,216864,66984,57334669,216864
f1f7717aafd6abc3,64369,54479582,215564,64156,54472807,215564
f21af55332ba4baf,53031,43145470,216423,52783,43126517,216423
f22fba52b208153e,54899,45048585,215440,54684,45030835,215440
f2394b575cc0438a,16570,6706028,215524,16344,6703258,215524
f23f3e977f7da225,69061,59170211,219456,,,
f2448e5c3fd3e771,27497,17657066,216597,27283,17622817,216597
f24987b36da1432a,83256,73403135,213673,83037,73381957,213673
f251a4e900ed7485,21836,11985968,231777,21627,11986257,231777
f254a0e472979f11,42128,32275753,204697,41913,32261038,204697
f29c01b462168345,25413,15486460,202465,25186,15468556,202465
f2c78698a6dc75f4,92055,82169975,213538,91793,82151335,213538
f2debd86a3d3747d,101506,91627124,215082,101272,91585178,215082
f2e1177efbc08839,33642,23765353,217857,33399,23751717,217857
f2f55cdac4a89f7e,32278,22427152,216672,32056,22412579,216672
f2fbf0644039e6f1,86467,76605015,215858,86246,76581922,215858
f30f09cd48e9bd88,71891,62009781,219579,71647,62005893,219579
f32a0750b0fd6da2,88849,78980064,201158,88625,78959099,201158
f360769b8229d26d,113564,103722065,202408,,,
f39899ceab22e3e1,93242,83327500,190014,93042,83343259,190014
f3dd8b9983f4acb4,101887,91991025,216470,101631,91973288,216470
f3e13b202206f94a,106990,97056687,201504,106684,97026974,201504
f3e27f8844061991,115696,105976062,217882,115473,105835999,217882
f3ea2e308733b348,45433,35549428,203101,45233,35591520,203101
f415d9090ecc94e5,86972,77032135,201391,,,
f4189d73fa143dd8,92286,82403078,215386,92045,82383388,215386
f418d87775cadcea,99520,89630543,214556,99288,89647170,214556
f45b6b6a3b73a25c,75675,65818303,215376,75457,65795680,215376
f45f77b4dd243518,81338,71478102,217089,81115,71456308,217089
f4626eefb18512cf,46035,36166679,214174,45816,36148380,214174
f482b7d8703112b0,,,,85089,75389454,202219
f483b1852f0503a9,50300,40416534,215303,,,
f48dbcda058f4232,87791,77939949,235325,87580,77920317,235325
f4902f6b7b542c47,48405,38543561,217257,48183,38525696,217257
f497536c75c45399,37610,27753541,214987,37393,27731609,214987
f4afc2300bdae835,90140,80286128,214432,89929,80264115,214432
f4c916a23d426b97,75837,65974531,215509,75618,65956208,215509
f4d965cd56790210,11415,1570594,213564,11190,1551320,213564
f50747c75db5b6fa,22977,13108414,211621,22750,13090777,211621
f5077571b57ef375,74088,64262162,201179,73862,64210558,201179
f52c3517f8bdf5fc,76543,66657061,200792,76330,66636221,200792
f56506c875533e14,92346,82476935,235628,92110,82456120,235628
f567e065bd292103,113225,103274212,216050,,,
f56889768acfdda3,110674,100822840,212963,110447,100791475,212963
f5964d5c88aed577,116755,106832013,215213,,,
f5b9e278efb2525c,33880,24017052,243585,33655,24015838,243585
f5c700dff2d16686,71252,61383217,215984,71024,61376174,215984
f5df57717829b77e,86710,76857586,214195,86497,76837552,214195
f60106522593e8c4,85372,75325653,199012,85019,75300466,199012
f6089fa44a9855b3,84147,74278127,199243,83922,74258448,199243
f621adc71c1e0b9d,72064,62184923,218808,71828,62166735,218808
f6229d5fed7b7641,24145,14286367,213483,23925,14265949,213483
f630f2e5154680c4,85964,76079920,211767,85714,76056661,211767
f66d390290e61027,112098,102228647,216719,111878,102213082,216719
f681b75b7501dbcb,,,,53978,44340394,215883
f699134877390fde,32979,23110681,208060,32757,23101124,208060
f6be7dcab2d4ea5d,30025,20158355,216819,29793,20152607,216819
f6c30e5001e44b7c,75370,65507429,217242,75143,65497398,217242
f6c5f5e663371332,71008,61053994,220793,,,
f6f06e8747ec6ce3,48093,38234030,207575,47869,38230357,207575
f6fbb423d27d24cf,56682,46833333,214232,56464,46812206,214232
f704ce470fa49e99,108266,98368202,216419,108012,98343741,216419
f70e68933bbf5570,78619,68719239,215262,78381,68693348,215262
f7192e0b66bd13b0,70910,60941064,214333,70629,60917961,214333
f741b6a3c4d5492b,24276,14428567,213038,24052,14393550,213038
f7505cbcd0d209ef,32561,22718377,215874,32341,22680826,215874
f77ec4bd8fc5b08a,37055,27132902,204902,36812,27115280,204902
f78b8a235cd4f0e2,40889,31000118,215480,40652,30991404,215480
f7ffe3bfc13d7743,64861,55016436,215802,64648,54991544,215802
f80f337709721a7a,117620,107778380,215143,117409,107752271,215143
f813525420e5b379,101557,91675756,215825,101323,91651381,215825
f8282e1540abf2fa,56208,46341331,214862,55980,46312034,214862
f83395e52f7315aa,,,,30786,21080381,204628
f834a6a2eef3afe8,31329,21453109,218791,31112,21425731,218791
f847c4dee2c99efb,17488,7594056,215366,17244,7557117,215366
f84d201d7e416b52,75620,65769995,216429,75407,65763192,216429
f8672284ad435c60,95139,85273386,212341,94910,85251564,212341
f87b7558edffe330,106768,96934801,216539,106520,96871052,216539
f87d4107f384dd3d,93720,83764662,215769,93448,83740246,215769
f899cceb33173525,103084,93204210,201372,102853,93184595,201372
f8a87594de620c13,90110,80252972,213072,89898,80236409,213072
f8b110a1931c2d41,107169,97224392,215283,106869,97211587,215283
f8b201f4812a1508,82425,72632347,213882,82248,72552147,213882
f8b9820fba6f3467,64482,54613645,215121,64275,54603946,215121
f8c06b4002025f52,26682,16775311,215496,26415,16770802,215496
f8c961bbda12aa69,90233,80395698,214069,90023,80365697,214069
f8e68a0b1fbdbaba,82623,72755599,214420,82417,72734023,214420
f8ffe7c5ce9d1ce9,54481,44609671,214712,54258,44593202,214712
f8fff92ca3e7eb3a,61311,51455692,216794,61096,51436413,216794
f9106d309804c58a,72159,62282977,224888,71925,62264728,224888
f92be6215938c017,81611,71740981,214936,81365,71713291,214936
f93cdb17ce89010b,55531,45672123,215692,55306,45652152,215692
f94360fc6f449451,,,,61982,52371481,471638
f94cd4bdc4c7b8d7,59363,49504515,214377,59142,49482776,214377
f94d89bb00ca7e5e,98070,88170953,215731,97810,88155355,215731
f94f03826291f4f1,96538,86665389,217757,96288,86626581,217757
f9717e0cbf101dab,19622,9767168,213795,19400,9761590,213795
f97a2b5cf2eb1177,38020,28184541,217077,37794,28152154,217077
f97b2c2c40d0c3a6,99295,89353564,201173,,,
f97d20eac6d4e661,78495,68601227,205201,78261,68570743,205201
f992a167e0b6884f,57043,47103386,214440,56751,47102203,214440
f99517377074262e,,,,100819,91122592,187099
f99dd66a52861a74,87916,78063225,214834,,,
f9ada417b1e4a25b,63585,53730892,215043,63363,53724670,215043
f9b38377c787c4a9,19404,9554298,213548,19214,9533652,213548
f9bfcd96210b699b,51452,41579561,215641,51218,41557296,215641
f9ce3a3c034e169f,29172,19315222,206215,28980,19281307,206215
f9e35993df16a6d7,33423,23546362,215756,33180,23524611,215756
f9f5520c1d913cc2,15669,5803484,210626,15430,5793334,210626
fa2a89009de93c7e,105453,95580483,215917,105234,95561978,215917
fa5b19bf5688dc8d,80086,70213352,218082,79848,70192668,218082
fa65b5c86eae008b,16693,6854003,213890,16488,6848898,213890
fa8044f0e660a877,13236,3371098,215797,13017,3352271,215797
fab8ee0c4ddfedf5,68273,58405726,200472,68086,58383673,200472
fabd072bbf1effe8,85638,75741066,216194,85372,75733214,216194
facdec1f1feee7f9,62570,52664352,204544,62308,52667083,204544
fad8f306cf37172f,14175,4305825,213437,13971,4289859,213437
fb251387828b25a2,52710,42835291,212900,52478,42832249,212900
fb2993dfc79e98df,64190,54337406,465443,63962,54327604,465443
fb2a56d6d3d11b87,23583,13725613,214486,23351,13711923,214486
fb335d8b7a2f2090,33549,23672951,217432,33301,23652461,217432
fb466bc62339ec49,59828,49936928,214327,59614,49919321,214327
fb697d92ef164785,101737,91886016,215821,101479,91835103,215821
fb6f437d09b46cc4,73907,64045583,216035,73675,64019509,216035
fb7089317d57d89a,63279,53416989,216065,63058,53395092,216065
fb9b125243959707,110923,101070324,214281,110692,101039641,214281
fb9dc755d319f410,109140,99292562,216169,,,
fbb0571d2f306a96,114065,104088644,215149,113728,104065299,215149
fbba3fb1b1d1f18a,12540,2692263,214815,12325,2684057,214815
fbefa8786eebda0d,57359,47448424,215736,57091,47433514,215736
fbfbeda76c0e7d8a,57413,47514096,215472,57153,47492590,215472
fc1e69836393b868,101918,92025386,217784,101663,92005568,217784
fc37f93ed7d8c8e5,100175,90319312,215324,99958,90297196,215324
fc4ecf649b99afd9,41252,31388546,214064,41002,31351631,214064
fc52df718a005f8f,70857,60893754,214635,70576,60857811,214635
fc58d6322f209e1c,32375,22513518,216628,32155,22513859,216628
fc69fb7e6d8e5e78,96132,86284733,232712,95880,86243476,232712
fc715e97b4fa12d1,86180,76301589,215693,85929,76283584,215693
fc78400632935eb3,82335,72476890,213970,82157,72454386,213970
fc7c1846bee0ebb9,39837,29956237,204143,39609,29936717,204143
fc8e3cb85734b658,87184,77232338,200056,86913,77229944,200056
fca7251b3921dc99,109229,99373250,215422,109011,99372514,215422
fcac29a2a7fc4c15,48037,38171561,206063,47810,38160781,206063
fcbdfa9109a0a795,119259,109432314,214953,119053,109389604,214953
fcc832d62ac4af49,90079,80237694,213014,89865,80200732,213014
fce22b6d4ca2ee2f,72830,62966791,215239,72610,62952128,215239
fce290afb591a3df,23805,13956550,214123,23580,13932586,214123
fd079ed4883d7c7a,43582,33701597,204142,43376,33689794,204142
fd259bbe61e96852,31934,22079044,215772,31719,22057092,215772
fd2aa26b2556e4d8,118796,108903433,214760,118540,108898744,214760
fd2f9a3d786f577f,41159,31276009,206919,40911,31255234,206919
fd685772e9b5cdc6,94164,84293506,215561,93936,84275426,215561
fdadf65c03d2e63e,17555,7661527,213559,17314,7638791,213559
fe149294e434591d,32217,22361545,214048,31997,22355616,214048
fe2c5b8270dff123,55500,45643116,215101,55275,45630941,215101
fe3321d291e662b2,74435,64563872,198398,74217,64544579,198398
fe386c4f8a63d4c3,100967,91132002,455592,100742,91107574,455592
fe38bd52c4944306,95769,85894567,214398,95534,85873115,214398
fe40e1584f8b96f1,66954,57104022,217435,66727,57084518,217435
fe504b4478d32ad0,14867,4991669,213930,14616,4972285,213930
fe521c49013e551b,30887,21040175,152121,30722,21018142,152121
fe5449d02e7ada20,84232,74368614,201037,84012,74362412,201037
fe70917ebdd9b0d9,49448,39577636,217319,49215,39572132,217319
fe76b350991effe7,22915,13070403,202127,22687,13024150,202127
fe809913544af9c2,78678,68777630,215744,78439,68754616,215744
fe8db258cf142d78,12833,2958216,215164,12590,2951782,215164
fe973eba445c6e5e,49510,39654925,216619,49274,39631522,216619
feb99483021e00ba,109672,99782125,214414,109462,99762682,214414
fee86ec1033f9b52,105561,95700163,215651,105337,95683529,215651
feefa3e75b7203e1,18308,8473751,213163,18076,8431430,213163
fef62d4736bf7378,83100,73248609,240227,82879,73227725,240227
ff016585e6cf2caf,108580,98712211,217119,108366,98713181,217119
ff11f65e3cfb9ef6,94058,84174188,215770,93811,84173292,215770
ff13fa0b6a3a6b3a,49230,39374017,216944,,,
ff1fc7483ca9949c,100144,90282005,216892,99927,90279498,216892
ff2a6869c9a26269,62707,52854706,215458,,,
ff36d0e6c5b21c45,81153,71286615,240758,80931,71274564,240758
ff3706c1d9386249,106420,96565147,216581,106211,96552935,216581
ff3ff6b0dc6a5129,,,,70520,60796136,213128
ff425d4fe8ce4c7b,74057,64196234,198601,73831,64190106,198601
ff461a23338c3c43,58904,49034138,215678,58665,49015725,215678
ff626130a7090548,12445,2605881,217815,12234,2559413,217815
ff7363b86c3620e2,30271,20403496,215973,30034,20391400,215973
ffa3d519af041871,,,,61516,51874669,207271
ffc05e771338c9de,59026,49155148,214747,58801,49151475,214747
ffcdc840f4403393,43612,33750996,205915,43406,33730703,205915
ffec2d8c9f87a3c3,26050,16177837,216250,25822,16156967,216250
ffecbc3618bffd6f,99183,89237709,200713,,,
fff14040e93031f4,96879,87020682,216266,96656,87013579,216266
