content_hash,rtsp-0_pts_ms,rtsp-0_arrival_us,rtsp-0_bytes,webrtc-0_pts_ms,webrtc-0_arrival_us,webrtc-0_bytes
0003c4177019c34e,50592,40685805,197745,,,
00074bec1977bd23,51608,41682276,216295,51457,41672536,216295
0013d05d6a49d514,100341,90453245,214421,100237,90457652,214421
003ead420024c98b,34917,25077922,214708,34790,25019388,214708
004b7433c7731912,,,,17503,7738317,213488
00555b7df4e1024a,20198,10327283,214838,20090,10306418,214838
00890ec9c49297ec,22229,12319239,234216,22078,12301532,234216
00a04fec54b8fd96,26866,16981322,213571,26741,16960899,213571
00bd23ab3b2be530,104880,94881145,214573,104659,94881870,214573
0105bfa8171d159d,58877,48947078,215339,,,
010b7d6627a41691,95857,85963570,213967,95718,85951681,213967
01153e0398dee1f3,29677,19793286,214507,29569,19782225,214507
011689fed78a6ea4,52070,42165406,212092,52006,42161970,212092
01335496c62e8d0a,38599,28729512,215851,,,
013370118cdff3f5,100697,90825830,214707,100586,90814850,214707
013de6fac7b01002,48004,38143220,212903,47918,38146575,212903
014a8be0aba24892,19284,9428141,202491,19247,9426103,202491
0175fe9cd0de057f,88559,78687452,478344,,,
019951ae932dd628,30887,21037561,214238,,,
01afe57fbffec637,117728,107827994,214874,117602,107822151,214874
01c306204ab965c4,52752,42899235,212708,52670,42880635,212708
0200cb0aeaad7273,17615,7585719,212780,17384,7563343,212780
02253e819aa20433,,,,95943,86160951,214175
022ba26057f673a5,78851,68953819,217856,78712,68910390,217856
0247d8ac1a6f509d,37233,27382265,204033,37101,27324595,204033
024d80a400a01036,22531,12665090,238038,22393,12631819,238038
025e4401ba2dbf32,54034,44171512,214065,53984,44180248,214065
0260e13f67b06555,63503,53636881,212988,63403,53639630,212988
027e9aaf8bb26372,19416,9552800,200013,19372,9547424,200013
02913a1f20442bb7,44187,34306950,216799,,,
02a22c19ead2a92c,50042,40164384,217005,49943,40172519,217005
02c63fd821c209ab,,,,21032,11272494,455622
02cacfe3944faa16,41727,31865144,212578,41644,31906117,212578
02e08eaab54075a3,94247,84373014,211794,,,
02f38b8d41aa52fa,16265,6385772,238712,16137,6364503,238712
030d60f043ddca61,111613,101749539,215063,111542,101727620,215063
0312bc61e6a0b0e3,80670,70805804,207989,80583,70797567,207989
03307db49a7b0b82,25292,15414084,214093,25220,15423951,214093
0341c146113161f3,43710,33795607,238574,43564,33801492,238574
03464498cb17e473,20896,10995188,214831,20780,10993276,214831
03794244ff35a87d,97803,87958084,213596,97696,87914862,213596
03a02a002303b214,49387,39523835,200261,49285,39518199,200261
03d283f3911ea6ea,,,,61506,51710536,197016
03d94cbd8e70d5a3,101521,91616157,213926,101432,91611512,213926
03e32537a2c0f810,94846,84901287,214271,94700,84894692,214271
0403f101b95688e7,112102,102251333,215012,112009,102223543,215012
040d758b90885b3a,78663,68697078,215072,78512,68694738,215072
041d9f0d24602635,29335,19380283,201590,29205,19381979,201590
04506c0649b54ad6,16803,6845584,214574,16600,6810574,214574
048984679a12ea8a,55063,45167352,211796,54952,45161530,211796
04bfeb5b2cc9cd4e,60877,51002523,215385,60771,51007413,215385
04d1661d93216f1c,37804,27912090,215016,37687,27908050,215016
04e2cb5649e987c8,84271,74400277,209469,84218,74393724,209469
04e7fe3cec9d5c4e,71725,61812825,206000,71618,61852415,206000
04f655f319ae4fea,32810,22942391,213523,32712,22920633,213523
052e0906a2b4bac2,99574,89712932,213226,99482,89716544,213226
05393874044baafc,56449,46566343,216349,56332,46566547,216349
053aa16aba7d1709,53305,43360207,212298,53136,43360442,212298
054763e827605302,54816,44954334,214859,54705,44932391,214859
0550526c0c5f3ad3,27392,17517243,213830,27321,17512159,213830
057777ae737a372b,119072,109190156,213127,119014,109189560,213127
05b340a98b973dd8,28409,18553319,219891,28295,18526320,219891
05cfe37cafdcd833,18097,8220542,214616,18007,8221662,214616
05f3c34d84ce1a82,119130,109286008,213151,119079,109247326,213151
06137bd3339b4e77,25768,15874016,214296,25657,15885473,214296
06293bdab722050e,38082,28194017,214597,37968,28200569,214597
062aa61ff910e8d5,20262,10381565,215714,20153,10371254,215714
063107a26ae39351,27361,17486933,214798,27292,17480679,214798
06338146db8bf470,112764,102895390,214971,,,
063c7e49857e14fb,,,,74061,64287535,216214
0652b8f5e0b7676d,14877,4973878,216742,14710,4943597,216742
065fc83c25ff5a4e,22879,12991959,217667,22750,12946596,217667
06753d3ed6755078,23805,13896050,215135,23672,13890662,215135
068236c3d71c7f0c,90459,80632652,475082,,,
068547d9a8c063f6,28657,18763509,217021,,,
068a8b27bb4af7e5,,,,87800,78032577,216391
069f12c02637646c,110900,100987255,215247,110761,100995818,215247
06beed1b9c543b70,25540,15679110,215501,25489,15684415,215501
06c2d1c78b16c55d,,,,75336,65556448,213563
0707e8ead6b61ece,63266,53352919,211637,63129,53347042,211637
070d73000b1dd3fd,118691,108783018,212592,118575,108783592,212592
070e8ae8d2f40616,52263,42393474,214813,52192,42385770,214813
0718eed8792b8512,115448,105559538,214163,115361,105551965,214163
0729496d04dc6ebb,41007,31095114,213860,40868,31100345,213860
072abbf8d564947b,63240,53326639,234643,63098,53316541,234643
077427badb93d642,68873,58984745,214526,68751,58990831,214526
07846ee109e746f1,79457,69589637,217764,79370,69585527,217764
07856317bf3d2216,21964,12097628,214649,21867,12101863,214649
078594f32313707f,93322,83389282,214449,93147,83383409,214449
0809c5e0479ffa93,31056,21207646,453948,30976,21216316,453948
0814211d713e5e31,71225,61351607,214043,71117,61334483,214043
08198e3adba5b6d9,110691,100753463,215515,110516,100736322,215515
083a88136daf1592,47286,37406371,214972,47171,37404387,214972
083e46c1179c3e7c,24867,14933738,216363,24706,14920431,216363
0841b1468c40b81f,64268,54372723,214789,64161,54362151,214789
084901da34832e87,,,,100964,91206991,459485
0855df23e3fc15f6,55094,45202380,216003,54985,45193963,216003
085622b9e573eef1,,,,81615,71837300,216734
0871dbf21d9f5787,44993,35134023,213140,44898,35112297,213140
0874545f08495ea9,59811,49922388,216298,59699,49920509,216298
0877a553c2cdaf9a,108435,98583412,214620,108359,98573888,214620
0881690431943848,63057,53115012,235162,62887,53123847,235162
08860df137b1b9da,21806,11925958,215315,21708,11921942,215315
08a61e223424c765,12282,2424327,241225,12180,2415884,241225
0902ad1db6fe67e4,72179,62311118,215497,72079,62333968,215497
0902dce31084ba0b,29653,19784918,213971,29543,19759972,213971
09135de3ff1ffa1c,76160,66392966,212629,75871,66087580,212629
092bae01fb5a064e,62218,52323936,214216,62104,52332160,214216
092e4ffaf7da2881,35215,25330464,215624,35081,25301211,215624
0937f2ca15fdbe8d,24897,14962295,214389,24737,14960955,214389
093b0764c7bdc4a3,65304,55441094,214387,65224,55432903,214387
095e77bf05a3f291,48547,38785521,460493,,,
09646ef323307977,69865,59953110,215174,69757,59940781,215174
098c611d43ae422b,70607,60752143,216738,70527,60745010,216738
09a0704ca9d30425,19775,9936060,215132,19700,9908773,215132
09a0efa04b415d64,102935,93090359,215366,102833,93067255,215366
09a9c14dcd6f88a3,27545,17669050,199530,27462,17671060,199530
09b8542e288db58c,87027,77095447,205489,86920,77090093,205489
09b8c44e2f64ca37,47378,37492520,213526,47263,37499986,213526
09d80e56d1d6e3ab,87529,77532302,215565,87315,77541444,215565
09e391249ed81c70,71598,61680852,205741,71490,61669446,205741
0a0f709e45801979,62127,52272147,215091,62001,52235765,215091
0a230985fac31203,,,,115713,105919598,214115
0a262d82fed1f548,64291,54422672,214550,64185,54391423,214550
0a37105f72fb68d3,,,,43373,33585671,215769
0a37ba69338c7054,,,,85386,75622949,219119
0a43ffbcdc1fb2d8,29184,19222387,198787,29051,19207529,198787
0a47b1e0580262bc,76668,66565940,204690,76341,66529929,204690
0a60a884b9179858,24198,14323230,215388,24078,14300840,215388
0a8e4460db643f71,46320,36435705,213872,46205,36421495,213872
0a9d5891ff27f9fd,22261,12352318,215193,22110,12331501,215193
0aa01291ed27660f,25484,15622586,214418,25434,15642304,214418
0aa85a79521258e1,119753,109866703,216256,,,
0aaaa9f8c404ff00,80191,70296825,217308,80069,70274022,217308
0ad2da1d96079dcc,113539,103676265,214194,,,
0ae63d0de608fd06,105889,95945254,213530,105719,95931823,213530
0aed1dbc5158812b,104273,94381424,217042,104161,94376382,217042
0b25a1773e872087,65921,56051066,206050,65824,56060260,206050
0b461797cf191660,15044,5146883,214544,14916,5151543,214544
0b4ad8ace5e0a325,83722,73834673,215732,83618,73834868,215732
0b4b91608f80dc27,,,,114064,104302677,212461
0b51d5f620864a13,91419,81549564,213963,91286,81522809,213963
0b6d9ecac32d27e1,103204,93330339,214940,103106,93322190,214940
0b7a0fbabdee595c,110719,100814099,214552,110548,100769470,214552
0b7d12f3df65e27f,59932,50045512,212727,59817,50040452,212727
0b86a4c559f7e3df,118212,108360051,214066,118137,108356955,214066
0b88c469adb70e86,115722,105881358,215293,115629,105842263,215293
0b9303d7fdb7827c,61165,51305773,215338,61077,51291382,215338
0bab3d799e5901b7,67350,57453535,216392,67221,57441413,216392
0bcc79b166502e28,53900,44032413,213260,53840,44024862,213260
0bd1452faed745fb,57832,47832672,214151,,,
0bf9056a2349d495,36175,26304368,216866,36075,26282490,216866
0c05d498346691c2,106686,96806276,216174,106581,96803683,216174
0c111a640857d98e,19348,9492696,200786,19310,9490399,200786
0c12a209e360ed2d,59368,49506471,213765,59274,49504085,213765
0c1510846d614b3f,77891,67785010,217018,77560,67793350,217018
0c16872ea2890cd5,78720,68826835,215918,78573,68759409,215918
0c1975c3b4887369,119025,109162946,192043,118965,109175097,192043
0c2c87b0801c3e0c,75862,65945402,214970,75616,65840421,214970
0c5c6c899cbd74d5,68922,59045594,215258,68825,59059855,215258
0c5d058897c3971d,115356,105472039,215489,115270,105460482,215489
0c722a9aacee2f5e,110974,101079641,241272,110848,101085321,241272
0c7a7d7616eecfff,12771,2908585,214193,12675,2899358,214193
0c95628081a9f731,111643,101763181,215023,111568,101753111,215023
0c95ebef2529e805,36047,26161210,213029,35947,26152100,213029
0ca57d53dd27a2ea,50101,40233359,215130,50004,40242604,215130
0ca74121dfe5a6b7,97615,87687233,213078,97503,87676641,213078
0cb1de38f41c181b,94065,84234313,215563,93980,84199114,215563
0cb4fb4a0d41aeae,44579,34696073,217183,,,
0cce0f2c2a505fd0,39870,29941077,216111,39709,29933545,216111
0cdf3dfdc127c032,38805,28995045,459300,,,
0cebf2434057d197,41204,31307767,214397,41086,31301287,214397
0cfebf16030771f6,16360,6476563,216486,16233,6467471,216486
0d007aad345a588e,111930,102054562,213258,111826,102060671,213258
0d2b80f9c575912d,88899,78996716,216294,88821,79028282,216294
0d384ec4289dffa9,27938,18007611,214882,27729,17942802,214882
0d51d9bbbb9c1706,71933,62044197,214533,71827,62024592,214533
0d5346f9fa45acc1,88804,78929860,214304,88730,78903104,214304
0d6d14957e737f24,110999,101112882,211832,110884,101122236,211832
0d761d573f3f50a7,100100,90234009,231629,100019,90226734,231629
0d77bc5f66751a56,94550,84590875,212432,,,
0da1017fae1e19b9,57441,47560073,215773,57282,47483382,215773
0da21986c03e573f,95733,85868233,214037,95619,85842336,214037
0dac2beb2e3873de,78802,68896156,213827,78657,68850824,213827
0dba9f8d9a01a5d6,21401,11530873,216815,21345,11524776,216815
0dbfa4118feb3ebb,103516,93673722,214749,103435,93659616,214749
0dc30b553cfc3dcf,119604,109804002,215230,119492,109726134,215230
0ddfe33fe8593957,10581,683621,204925,10470,678654,204925
0de4c18c49d76785,,,,76267,66489155,151146
0e1de642b44092eb,118847,108946938,237913,118733,108945172,237913
0e52bcb48a2aa913,53952,44082706,215434,53898,44091580,215434
0e6659fde11662a9,10723,838022,216375,10623,841416,216375
0e7b9ac4481458af,100666,90806621,215111,100555,90782656,215111
0e8be4f6e0b0e637,24316,14421498,215916,24196,14412806,215916
0e93c447017f0490,,,,15658,5830239,215749
0e97982010cb6f19,90706,80823574,208060,90609,80803479,208060
0e9c1cc75b91710f,9860,6715,214011,9765,0,214011
0ea8d143e9f1837f,73716,63792137,204015,73594,63763426,204015
0ec1c9dc6c19fb2f,92895,83019695,213742,,,
0ec4f85147ca5bd5,64522,54690742,214621,64444,54659038,214621
0f0877db32e2dd13,22559,12675767,213687,22429,12647264,213687
0f1ef84cd508804c,39742,29814160,214411,39606,29841439,214411
0f20003eae93d3d6,,,,62661,52900047,211809
0f35170d3308cbca,42124,32255387,215050,,,
0f67e0404c8edb74,100037,90175203,212833,99956,90162608,212833
0f850db7f60dd9a4,33480,23488885,206768,33302,23484150,206768
0f86a73b8829b007,100143,90292538,234925,,,
0f88b2ca52c3478b,48071,38221696,211199,47995,38225601,211199
0f943b6a2fa5e0e7,92038,82165891,213895,91937,82161165,213895
0f99508439e6b215,21430,11561185,215632,21374,11556111,215632
0fb0d99d064f46de,18262,8415174,233833,18159,8389925,233833
0fe07a8a9477bc7e,15821,5915424,213253,15730,5910142,213253
1012f97e3fbe5f81,111400,101550346,205522,111369,101537015,205522
101a2ec513ab6c9c,29467,19526905,212060,29343,19520355,212060
101ec4d44a7ec1b9,70271,60406025,213615,,,
102bd1df19bcf413,19046,9178710,215254,18959,9181338,215254
105454ad0f63291c,105826,95884083,215971,105657,95866662,215971
105921788eb345d5,106439,96559588,213908,106336,96571080,213908
1065e559fe0cdfbf,22586,12685177,215088,22459,12681112,215088
1082855b39089177,26437,16455608,216351,26233,16460713,216351
108d61c826b63cbd,50071,40196510,214119,49973,40200960,214119
109e26cdf9f4be2d,99546,89683301,214735,,,
10af872e0c2ecc11,91869,81980018,215235,91758,81974283,215235
10d0f972879f26cd,,,,51329,41557424,215095
10d170bcf6378e18,67410,57514543,214495,67284,57521735,214495
10d93545fb058863,75405,65591675,215441,75207,65441737,215441
10efe04075a0e5c4,45809,35941944,214558,,,
10f0c6a27fd7fdaa,77939,67940079,214007,77690,67929291,214007
10f698d385373b02,47875,38013722,214637,47787,38020425,214637
10f98c5fdadb3f98,85446,75704592,207565,85290,75527832,207565
113bf90e1396fc16,78575,68601289,207727,78421,68598479,207727
113ef3343dda96d4,55217,45329439,239971,55109,45325941,239971
116632e1500c3721,29153,19194252,198819,29019,19175518,198819
11707e45b5ca17e7,12992,3117391,215267,12894,3119736,215267
11973f992745b2c9,105156,95201757,206023,104972,95188044,206023
11d30385e15422d0,26069,16178335,235003,25937,16175367,235003
11fda0910c5de4b3,64389,54517881,214283,64287,54521023,214283
1204264d2d93aadd,49042,39061736,213760,48917,39056962,213760
1211e94665115bb3,,,,107614,97848313,214732
1217612fb9266991,40454,30579481,213205,,,
121d735a4c914617,40325,30446751,215270,40211,30432370,215270
12292404fc63d548,109310,99428737,208756,,,
12341a4df990cc5c,95373,85578591,215447,95258,85466197,215447
12711d0947a28c30,30793,20953253,212011,30714,20930547,212011
12c699f5fd33f9b9,55032,45139407,237187,54921,45139794,237187
12e4a968634d8c3b,63532,53671325,215002,63437,53670831,215002
12ec88ccdb50b5d0,42401,32537583,215881,42318,32545623,215881
12f750ef42ed79d8,111249,101391672,201127,111211,101381810,201127
131346b4a512a504,41577,31716092,214219,41516,31724168,214219
1318d7621c024d72,38995,29002135,200290,,,
13227361316131e7,105394,95499407,215288,105281,95500840,215288
1344a35f63156946,39368,29464109,214827,,,
1358fd031ecc0ac5,17924,7956648,213474,17753,7960235,213474
1359e77842a1ab0d,21020,11127975,212680,20906,11124320,212680
135f3e1ba0a07e05,35959,26074190,242048,35859,26083988,242048
136ba10a75ac5a22,80035,70143990,218143,,,
136c18252dde1647,92327,82407550,214601,92191,82402098,214601
141e4ab231da588c,30245,20384232,213682,30147,20380139,213682
143dd3de041ff937,30398,20534065,213744,30307,20540132,213744
143e6938f813f079,28812,18921002,215661,28698,18909685,215661
1447c6f18925d1ab,93291,83357118,215688,93118,83352151,215688
14547a5d1a2cc141,72454,62550803,215614,72341,62575367,215614
14673401ac596964,45307,35431666,214978,45182,35402273,214978
147def6ce4fc63e4,45508,35617334,217046,45401,35635777,217046
1480fa5eb896c804,93973,84106174,238749,93895,84096146,238749
1490aa8ca4b19d87,115162,105282946,206476,115078,105261023,206476
149a869857c53129,58971,49048017,214640,58820,49042429,214640
14adf8aed97cb71b,46473,36585259,214639,46361,36581129,214639
14b105609e136ae5,45171,35329759,215607,45062,35287228,215607
14b11917b0029226,39058,29088189,199596,,,
14ecf572fd383505,49740,39852647,214863,49640,39845987,214863
1504d1f932b31d04,34545,24677857,214015,34440,24657612,214015
150689009d4e121b,67290,57435021,216028,67162,57399504,216028
150c88344c80dc1b,49116,39164012,215062,48995,39150886,215062
1513144fc1a633e4,19803,9946238,213912,19725,9940583,213912
151cad3d29856110,84510,74654852,206332,84463,74643722,206332
151d3440bfee9df0,11900,2027257,214461,11802,2023825,214461
151f977b9590abbb,109393,99533336,205725,109331,99534528,205725
152ad0e855dbd87d,66251,56397810,216567,,,
1539f991f7515092,71695,61774300,205046,,,
1555d2e06c478bfb,,,,86584,76763384,205412
155d4def9b960863,98342,88473815,213044,98256,88467809,213044
156c90a1cd449ecb,54436,44551141,214893,54323,44542553,214893
159453fe7a9747f5,110027,100149759,214763,109883,100105786,214763
159fd5fe8fff2b13,113881,103983229,216079,,,
15ac93e5606e97d2,56873,46935991,213273,56708,46923032,213273
15c7f0631ee687fe,43460,33631122,215097,43341,33556867,215097
15c86ed3cbda6291,111874,101995320,213620,111774,102007221,213620
15d17939f68c407c,21547,11688288,214747,21491,11683306,214747
15d1a1fb14ff0d38,105418,95535313,215840,105310,95542266,215840
15ea433ab92208f4,68356,58363912,214955,68142,58376247,214955
15f03ab7e93b2687,30183,20316774,213658,30086,20313079,213658
161457ea3da78ac4,27329,17452395,214875,27262,17446633,214875
167777acf7729270,26966,17125512,461281,26895,17135990,461281
167d3cc1444005f8,,,,14565,4782963,215892
168786e20da30e8b,48499,38608610,216191,48393,38628465,216191
1691e3596e65bd13,50912,41043461,213461,50806,41031193,213461
16bf51fc6bce0686,12464,2593136,203556,12363,2598196,203556
16c0d6797178f12d,39807,29885969,238871,39656,29875660,238871
16db5eb42b4c9b53,,,,35199,25410643,213440
16f423108fcedfed,,,,103687,93913986,214866
1712952044014c22,51382,41620791,201305,51248,41482954,201305
172d91d88746168e,105546,95700682,212756,105463,95683565,212756
174d2509e3283484,27153,17294208,201813,27108,17286043,201813
175517ec77a71048,56019,46074439,214078,55892,46070269,214078
177475cf7d9a6f39,,,,74092,64310683,216065
1785317afb4e18b9,10752,883489,213666,10653,880261,213666
17903995f0325e44,116267,106269846,212341,,,
17b16b50eddac714,,,,23044,13258716,204957
17b7f8fc788f36d1,95499,85611054,213605,95383,85593645,213605
17b952145caf135d,82634,72869128,207181,82525,72746326,207181
17b9bb6de7ade7a5,71817,61940557,214029,71711,61901888,214029
17c4cdfc4dfd71b3,14795,4910543,215271,14619,4850942,215271
17c81983cc1c63ab,86060,76080160,214667,85753,75972931,214667
17d926de4aaabab9,99167,89303551,212961,,,
17dd12f080b4cbcc,95676,85801334,214613,95561,85792676,214613
180903bffe6491f3,79014,69160379,214129,78900,69128247,214129
1814648061b53080,39487,29592593,214747,,,
181e79cf3d3c1ef0,58105,48135376,213627,57916,48132419,213627
1841758892c838a8,47727,37861742,213592,47635,37868016,213592
1884e71312f37943,35928,26042701,215186,35828,26047640,215186
188b03f1554cfff5,37334,27424183,203003,37192,27418902,203003
189b97754eeb39e1,114258,104433065,214559,114134,104373499,214559
189e325b14e1168d,34232,24273941,214846,34058,24261895,214846
18af139f11d0763e,31560,21670078,213503,31471,21662061,213503
18c07f76fa809730,,,,22971,13232635,462029
18c5478e5fd46483,39932,30007900,216022,39766,30000979,216022
18d7150f97256ebe,28352,18547312,216683,28229,18468459,216683
190d70c23975e546,,,,95290,85513279,237041
192711690a50bcc2,60400,50552056,213727,60287,50522047,213727
19311fa275a37b7d,,,,75555,65784264,215312
193d5a9abc1607db,92294,82374123,214764,92159,82366641,214764
1948e82a31f70893,31389,21484395,213856,31303,21480426,213856
19681505aea24674,65770,55884753,208168,65672,55891906,208168
19a33209d87d1784,88402,78446766,217254,88207,78430069,217254
19d76a0daedb577d,33337,23338208,202391,33149,23324782,202391
1a01c929e1687a33,18989,9150080,238179,18898,9135028,238179
1a0bf4017b524d22,46046,36175487,214603,45929,36160766,214603
1a0bf6d68b333327,,,,82614,72841582,214416
1a119193e822ea1d,30918,21062192,214021,30840,21074382,214021
1a44efc1aa97a9fc,55916,45947886,200644,55771,45942794,200644
1a70d432cb93b22e,118543,108648044,215361,118425,108648736,215361
1a832cff5315a81f,21896,12025999,216113,21798,12032977,216113
1a964dac22295199,28236,18322426,216962,,,
1aa38374e6eedc6a,116159,106123064,215398,115905,106107116,215398
1b17e582e6791346,104444,94571447,216230,104347,94565633,216230
1b468820a958f6ae,73383,63518897,216052,73270,63490904,216052
1b61294d9da413ff,96613,86653249,200009,96491,86646999,200009
1b90dd46651b79d1,66661,56792716,219203,66569,56801993,219203
1b9bc2f592b59b56,72613,62708304,214346,72499,62733949,214346
1b9d0929200b90df,19862,10001936,236247,19778,10002694,236247
1b9efaa57f300548,27220,17363733,214718,27171,17353008,214718
1ba4361c1841f0a3,103232,93369708,213170,103134,93348522,213170
1bb46cf616ac08fb,89869,79983320,242185,89758,79986841,242185
1bbe5b678d9bcb92,65986,56115706,206475,65890,56128276,206475
1be7808c52e83ef3,81214,71273974,216187,81052,71282155,216187
1bf728cfeb2a3743,50967,41130843,213787,50863,41097852,213787
1bfdea545f444926,101173,91324365,199362,101109,91274035,199362
1c052ac3be305ed5,42032,32155208,214677,41946,32181011,214677
1c2e32998ac60cb0,29417,19468095,212763,29290,19460447,212763
1c3eab3b720bf8d5,113221,103336875,207722,,,
1c4e1368456f5660,,,,97720,87942970,213718
1c57b585c37989d1,100817,90952754,212129,100713,90942986,212129
1c5abeb02a697f7f,113757,103853276,215402,,,
1c624b713197aea3,77964,67991769,214575,77758,67989163,214575
1c69f7c55199a767,118150,108292185,215755,118076,108293095,215755
1c736bf45f2e97ae,18876,9021615,214298,18768,9000339,214298
1c754ad4dbbd22fd,89990,80112411,215086,89884,80120624,215086
1c7696e8b8ea1bfd,21284,11402722,215546,21219,11395943,215546
1ce86e60e5b9da34,37631,27738344,215985,37501,27721711,215985
1cffba1160dfdbc1,29307,19349599,200714,29176,19381205,200714
1cffd1a6bd2af0ab,108342,98483895,215952,108265,98499242,215952
1d05abed7579fc42,31359,21453987,213384,31273,21448270,213384
1d15a6fccd751c89,17122,7210020,213497,16990,7205041,213497
1d56586cc3edebb4,94820,84873027,213945,94673,84869263,213945
1d7606d128f6f886,10162,316404,215290,10049,264448,215290
1d79018c451b57d9,9955,102576,213719,9863,102052,213719
1d853de072e48201,,,,55385,45623583,204250
1d969bb4e9dbe289,79675,69807215,214948,,,
1d96edba7933e07f,43586,33671689,214375,43436,33652179,214375
1da29e5e6872f740,102398,92513542,213657,102282,92502107,213657
1dcb370dab698212,62194,52304652,215510,62077,52302216,215510
1dd4f936bef3987e,61254,51402533,213627,61168,51392586,213627
1deacea3d4b93210,100542,90662827,214204,100434,90653333,214204
1e0c2908b2826c28,84880,74922463,206807,84739,74919735,206807
1e163b664c06fb39,83690,73807897,215950,83586,73804145,215950
1e18c64bb9671212,13335,3476983,215692,,,
1e2206454c9dd90d,107006,97101902,204861,106923,97127037,204861
1e23e0b01eb75cd8,,,,101140,91305698,200817
1e306955a638a9d2,61076,51203392,215226,60983,51193786,215226
1e56e65605b21c13,79321,69467400,214536,79246,69480435,214536
1e5b400c85c74737,17993,8073564,214740,17850,8071167,214740
1e67d57889cfbba0,54467,44577846,214970,54351,44572980,214970
1e7b81b06f2ffbf7,73653,63709463,206318,73530,63699047,206318
1e7d81519f227806,,,,78601,68790320,215664
1e8afa5407b41e2c,,,,77287,67512393,216059
1eace0611fe536f8,60150,50297328,210609,60045,50280686,210609
1eb94b670837611f,94897,84959610,214785,94752,84954515,214785
1edd62ededbf2d7c,67260,57355122,216634,67133,57367821,216634
1f05d6b98b577c37,,,,48774,38903379,201686
1f07e40aeaccd38a,78480,68515944,207383,78325,68495577,207383
1f0d1f1150ca374b,109421,99552632,205235,109361,99554994,205235
1f176c4dee3b8b0e,97244,87442034,454115,,,
1f364a044bc4a790,13111,3241666,215451,13016,3232197,215451
1f7135845f78b01a,17871,7881216,215577,17669,7860825,215577
1f79c28791605a9d,70142,60255381,214970,70039,60261225,214970
1f8adba4572887d6,61961,51999749,215804,61811,52000044,215804
1f9165c4c6b09933,112808,102941392,243770,,,
1fa0dc198add07a1,78110,68223361,216419,78005,68240324,216419
1fbe3270213cc30d,119449,109620553,214266,119380,109565334,214266
1fbfdd508433660c,99488,89637259,215680,,,
1fd1370714fdb0de,51283,41404438,215566,51144,41382758,215566
1fe4a7708c5ed7f5,86850,76911308,206425,86743,76899022,206425
1ffc6bfabb24a681,66721,56857402,217727,66639,56874424,217727
20082a3cededdd6d,,,,75432,65653917,213222
201a759cf3f7bfc3,94873,84934397,213373,94727,84924995,213373
204acda928777625,46644,36784313,198386,46586,36762399,198386
204bb1096913de96,11010,1149624,216346,10922,1143668,216346
20566c4dd44fb117,45051,35178126,214317,44953,35171395,214317
20575f74cc4cb4ad,37134,27321754,204287,37040,27258581,204287
2084879bf30899a4,58451,48586475,214379,58348,48580648,214379
20a438e2fc2f2625,12830,2963500,214644,12735,2959156,214644
20a8fb4331ee6e9e,44130,34285654,238819,44022,34252650,238819
20aeb347dc23dfef,18372,8474103,214980,18253,8487196,214980
20de05c0b7fb3838,35898,26037599,216260,35798,26032774,216260
20ee15a96b6752c7,81334,71416962,216411,81184,71419653,216411
20fadea2d4e78d06,29778,19915019,213304,29686,19920251,213304
20fef1fd1ef099dd,19316,9458353,202361,19279,9458157,202361
210585001155dad6,42549,32683427,214263,42467,32682039,214263
210badbf93a544ec,14074,4181772,242046,,,
2129c9fe56332450,40357,30466310,216068,40243,30467675,216068
214cf26babbb6d38,117781,107902137,215849,117670,107909966,215849
21585220f89f7d2c,17697,7771387,215188,,,
215e5658c4afe7da,37691,27788189,214260,37565,27782440,214260
2164c16193a94cbc,,,,73986,64204152,215434
216b44e7d8c29c92,57040,47149674,214346,56890,47123063,214346
217d7b1ec87111e1,,,,15266,5455186,187693
21894760aadfa5dd,10668,788743,205286,10563,781770,205286
219ba4d0c0f428b2,31667,21794104,213646,31575,21780827,213646
21a37b28f534da97,30055,20183373,214290,29961,20180943,214290
21b2ea2087d377aa,96521,86591958,202179,96395,86571234,202179
21bec3d05600c779,,,,51896,42043396,201497
21f62c0a6b63761a,102585,92732365,214289,,,
22182a156456e474,66932,57066450,215845,66855,57062093,215845
2237a9074d5f610d,96956,87060944,213509,96861,87061320,213509
22403e2a40a288b9,88236,78295812,215702,88028,78261776,215702
2267b2b789a426d1,40423,30528042,239203,40308,30535006,239203
2270afeeb3da6f5d,96166,86294076,237855,96040,86249482,237855
2281b9d796aaf723,94307,84435348,214910,94231,84451358,214910
2289b4f9726e07c5,54742,44877264,212941,54634,44868068,212941
2295d7dc634f7c13,49413,39551099,216091,49311,39540518,216091
22a037cf2191981b,107599,97605353,207488,,,
22a823d790a72934,62968,53031733,214944,62790,53021644,214944
22aca549fdaa6536,109283,99401138,205989,,,
22c4225bf4d4902d,31297,21390849,214105,31212,21384978,214105
22d2c5b879fea7dc,114292,104455168,214338,,,
22dbcaf20f9022c8,45632,35752593,238361,45530,35746081,238361
22e2ef2eb0041f31,52192,42308292,214393,52126,42304494,214393
22f8e241b893bfaa,33604,23649634,220342,33445,23642283,220342
230f0c6baa8eddd4,57890,47894464,215297,57669,47901742,215297
23133596015cd48c,51343,41472437,238884,51209,41444692,238884
2334330f28f23467,108001,98077345,204855,107865,98072640,204855
234de88dc58130a0,39963,30035469,214592,39797,30031327,214592
2356a8d1e76a946d,50681,40784002,200496,50569,40803486,200496
235a1b455c9fa3ef,39466,29563175,215691,39386,29571528,215691
235a2656834c46ae,28444,18558077,216654,28326,18542818,216654
239264dd0d9b5c97,66902,57056366,215628,66824,57058072,215628
23a045d0ebd52a62,99736,89863392,211694,99641,89861756,211694
23cad0754908637c,72422,62536470,216343,,,
23fb2d4645b7a147,82994,73069190,204620,82778,73006946,204620
23fcce9cd4990b3c,58575,48699247,233266,58480,48703656,233266
240f52271788ae14,81421,71504324,215168,81276,71500989,215168
244d731001188820,67640,57772458,208125,67538,57749107,208125
24643c5dd5b50de1,93053,83193692,215694,92963,83183685,215694
2477ddc955f1a448,70875,61004652,216764,70777,61012475,216764
24788cfe326dd334,97737,87835343,213976,97625,87827879,213976
247de663b679cb28,57861,47861093,214715,57641,47875964,214715
247e49ac827c02dd,,,,107642,97849047,214013
24a37903e339d008,109227,99366343,473432,,,
24a8ebc0d0da7d6c,119189,109318422,213203,119142,109312571,213203
24a9fb303ddb8c79,91723,81841413,215160,91601,81815956,215160
24ac92a1faaa707d,59031,49107477,238031,58882,49105021,238031
24da7ff268c99953,109591,99739145,216537,109537,99750530,216537
24ff1ed1d1cb5dde,107965,98029112,217871,107818,98023265,217871
2559185c72867359,,,,75462,65672987,214527
256209dc63f63dc4,19600,9736649,213475,19542,9734185,213475
257f9d1c6b5f20bc,89776,79890078,214704,89668,79902285,214704
25b13d26cc0c387e,41176,31281267,214076,41055,31269790,214076
25b343b8ca9241d3,111846,101965269,215969,111749,101967424,215969
25b757db859f0251,,,,75086,65309379,213869
25bb658d7d176a17,14767,4821000,214237,14591,4812976,214237
25d06807abb9809a,53335,43437537,213803,53167,43401213,213803
25e907a5efab7b7c,116382,106444890,214908,,,
25ebc731a2076cee,83218,73243235,215976,83023,73248006,215976
261de143a602c87a,41234,31362630,213204,41119,31341633,213204
26266166c3c4b359,42979,33092920,214949,42868,33100241,214949
2647edee0ae19e26,101908,91945949,215415,101714,91941085,215415
26482b274b6070b3,54249,44396020,214301,54181,44382259,214301
2680db951cb69e66,35250,25506032,215673,35117,25348186,215673
26864edc0620d3c6,76731,66702059,205680,76462,66666007,205680
269f3e30a3ee11a2,114644,104723165,215020,,,
26bc8441666f3666,18703,8808245,216231,18574,8802277,216231
26bd29dc60e8ba39,,,,53044,43279462,214968
26cc9bd45009eeee,103886,93974033,213414,103749,93968691,213414
2704db172fbfdcd3,93593,83674042,214388,93470,83670920,214388
2707d5c67a2f8af9,58780,48902510,213962,58628,48850170,213962
271bc6710c501fb7,27298,17425233,215135,27233,17416923,215135
275cf3638fb1908c,21777,11901630,216240,21683,11902244,216240
277dd9690abdf69a,105710,95870513,214962,105560,95776513,214962
2794f8d9ef98697e,47936,38076442,214423,47848,38080653,214423
279f25b0a282e6ac,36979,27109731,205726,36883,27099515,205726
27a842ef75dcd888,,,,74203,64420654,217869
27bbda5d3537cbff,109533,99676161,215449,109480,99681281,215449
27dce8921d6ae214,40611,30719372,214709,40496,30729301,214709
27ea8f22bba11bc8,,,,77319,67538585,215857
28048f7032d2ccb6,66221,56366476,215359,,,
2828554ee9796019,,,,108545,98771794,216455
282aa727d9848e04,93445,83514440,215658,93267,83502350,215658
283e5ac0aa800045,101280,91370883,201148,101203,91367577,201148
28521fd8df80c7c2,44464,34609518,215546,,,
286e1b2cde83d62a,113819,103915074,214421,,,
288855c5b3e7dc94,57802,47825082,214785,57583,47803470,214785
28ac8bfc65d5ea0d,24347,14447858,213839,24227,14444012,213839
28af21a35895f57d,93654,83760016,214310,93537,83741753,214310
28d1f9f4ca0eb56d,,,,85784,76006462,216946
28d792539792b5b1,13428,3560978,212900,,,
28e049334cca6c57,44273,34407488,216411,,,
28ff1faf19b2ce88,98025,88170361,229889,97939,88163697,229889
2903f1a8fc9ea8e8,48723,38818826,201525,,,
29099b4635287153,106357,96471061,213305,,,
290f8b2ed89a6b52,74905,65053030,215890,,,
29229115fddcd90a,103609,93762861,236032,,,
2923a6732668511c,45780,35914512,214978,,,
292466cc096ea39c,87464,77506086,213942,87248,77466998,213942
292c78896eae1b7f,97447,87494897,197651,97341,87547809,197651
2942f95a1301488f,97852,88002382,213918,97743,87969405,213918
29577a1820e58446,105254,95322028,214430,105099,95306805,214430
2961a9a0afebf40c,,,,74028,64266191,215132
29667740de710ee0,,,,16362,6581539,213930
296bd37e217351ed,111673,101793803,215751,111595,101782996,215751
299acc5fc0c6cd75,62880,52959921,213087,62697,52927306,213087
29accfadbfb9ba06,32904,23031557,213583,32805,23020027,213583
29bec906940e30ea,54181,44324974,214286,54124,44316295,214286
29cbc19730030b99,66036,56168831,205769,65945,56158392,205769
29d11f712fa8e98c,108232,98372803,215835,108149,98382164,215835
29d3441e9df917d1,76758,66737443,205203,76520,66729756,205203
29d954b463ba4b80,27874,17981255,215092,27665,17878649,215092
2a11dfd76f5106c2,87494,77514029,214109,87279,77502737,214109
2a1847b86726083c,73227,63336100,216185,73115,63324718,216185
2a1c2fd0c1ef3f70,96671,86728256,201360,96553,86716952,201360
2a22ff2aa4d9a31c,24985,15058424,215050,24836,15067812,215050
2a382b6223b1fcad,33845,23952169,218583,33610,23848728,218583
2a502e2e9eaac8cc,15554,5685212,199873,15489,5723924,199873
2a5a8449115c0272,28029,18057597,215594,,,
2a6b0169779f883f,61374,51517973,214115,61287,51521862,214115
2aa08ea1962ebe27,75771,65918501,215486,75525,65742384,215486
2aaadcc7568a989c,77877,67754698,213421,77530,67762213,213421
2aba1514fef3e229,76845,66943040,215259,76694,66912794,215259
2ad341fb35c9a7ba,93810,83910900,214311,93715,83902481,214311
2adc4c36bbe22d21,83557,73682528,216005,83459,73682065,216005
2ae8fefb9fb0c9bd,80342,70459384,208058,80218,70428829,208058
2aebd2b9a9e20f44,58181,48244023,214977,58012,48233965,214977
2aecc9d0086dbf22,14222,4333526,215331,14144,4378695,215331
2af92cac35b2d975,44964,35086340,215623,44869,35078501,215623
2afece6525092e84,37445,27539059,215737,37308,27522658,215737
2affe9d87c9c1fad,89164,79281734,213041,89062,79279509,213041
2b34e31a6621964c,62372,52525921,213751,62284,52501295,213751
2b4a001073915900,32936,23067495,238208,32836,23052030,238208
2b6f70f2cd8b1161,47787,37923146,215065,47697,37929148,215065
2b736820cfd5a500,96553,86597903,201785,96428,86589602,201785
2b8051b2d4dbfdf1,64826,54955446,212802,64732,54948873,212802
2b80de5cb24b6a2d,85264,75361844,216107,85148,75361140,216107
2b887024f629099b,,,,15548,5725883,212961
2ba31c3c73968454,,,,22940,13163497,215050
2badbdee45d826ef,91518,81657566,211530,91389,81620903,211530
2bc070492988150a,55700,45794294,460784,55535,45775880,460784
2bcac863a7ae75d7,95207,85352106,213778,95097,85310792,213778
2bd5b2cc09c3ca1b,,,,94438,84674430,215092
2bd69b69049aa1e3,102966,93095770,214346,,,
2bfd8ac4d3a4f48e,60239,50351675,215215,60127,50349046,215215
2c1b99cac6bd556e,89049,79148586,215088,88958,79143890,215088
2c24d08e0ab8e482,37661,27761081,215094,37533,27751282,215094
2c2fff8afcde6071,64196,54284982,214522,64086,54275334,214522
2c349a214d16c6a1,,,,84104,74322862,196263
2c3b4f9dde5c1a86,12918,3059633,216133,12833,3066656,216133
2c476cbae56d7f4f,87895,77969965,215378,87740,77961416,215378
2c4890786bf70161,23358,13315162,205426,23075,13272273,205426
2c6753f56bebd8ba,38571,28722436,213869,38467,28690941,213869
2c9736c811799a80,36563,26700635,240910,36480,26712223,240910
2ca44c3a948c07b9,21080,11187715,213947,20967,11187786,213947
2cb4334850e8bb55,111076,101200545,214741,110980,101201867,214741
2cc541958f0e4509,,,,46495,36735819,457667
2cc9bf648823a2ee,60077,50203015,215181,59979,50201367,215181
2d040bf57df1e471,116292,106277755,216173,116060,106294220,216173
2d0e2a8d88b749c6,,,,17232,7432204,213382
2d52b4fcde7efa3a,87081,77158884,215035,86975,77152202,215035
2d645b5ae3ddd1d3,54968,45081157,213277,54857,45072281,213277
2d6b5d4422a90f6c,93782,83885220,213899,93683,83870241,213899
2d8366a044d88e83,26891,16995118,214358,26772,16991870,214358
2d87816688972e78,10980,1119259,214385,10892,1112420,214385
2d8dcabf7f636755,56988,47101320,216544,56832,47066409,216544
2da115a2b4423dcc,37508,27598088,215161,37373,27587880,215161
2da22e8ea7e39fe6,109200,99296120,216400,109075,99293606,216400
2dbe6b69d71e99f2,80161,70245418,214470,80039,70241515,214470
2e1e0f9ef8c35c1e,,,,53584,43824980,455466
2e42c8fe25fdb4b1,51904,41978228,170456,51836,42008657,170456
2e47bae0f1b8fc1b,19890,10032146,211959,19804,10038926,211959
2e4f67285b402509,99973,90108686,213123,,,
2e6a299cf91721bb,19717,9856073,213808,19648,9850794,213808
2e84435a9a9b745f,70722,60857775,215617,70618,60848518,215617
2ea9919ff6dc5e44,58302,48392639,214547,58170,48404447,214547
2edb928835632bc6,78920,69001972,216119,78791,69002103,216119
2ee7a6c955419c78,70035,60134484,215990,69929,60126036,215990
2f04735be38b2c6f,34277,24379326,214836,34116,24330412,214836
2f1931d878cb9420,16433,6637482,214577,16266,6499823,214577
2f2b2af464d2e8c6,23783,13867176,215294,23643,13862591,215294
2f3a5b0a6550254c,85290,75389275,214190,85176,75392501,214190
2f44092751d2c8af,68326,58357553,214283,,,
2f5c94b0ab5ecffd,60206,50318097,214325,60094,50311141,214325
2f630b9114263252,37185,27336262,205435,37071,27298506,205435
2fad4348f7408040,110747,100823624,216577,110579,100801214,216577
2fc25f12706d659f,111788,101905168,215637,111697,101900996,215637
2fccfdc5de0fdc98,93354,83419620,211986,93177,83412996,211986
2fd526ea2e3627a3,94186,84329430,214692,94064,84300462,214692
2fd829622983a7f8,,,,97312,87547017,197074
2fd8314e2323ac13,44747,34856441,201877,44661,34848804,201877
2fe5271dfaf48942,93837,83944078,215224,93746,83935096,215224
2ffa1b5f28a16291,17588,7566676,216121,17354,7531077,216121
301dff6e8d199158,104359,94481777,215099,104255,94471653,215099
30481dd73c6b28a4,32681,22812065,214106,32584,22793617,214106
30728f77a53d7719,84331,74457641,208335,84281,74452860,208335
308139bdbe088874,30573,20709277,214221,30490,20703515,214221
309032fac754c6f9,109055,99181622,240219,108916,99150384,240219
30aa5ff8174dfd3f,78898,68982263,217291,78765,68965883,217291
30ad5c58482eb200,15361,5533600,197437,15330,5486593,197437
30b3727755f6ed38,66098,56222732,206979,66010,56216762,206979
30c39d46b6af7924,12350,2474058,207163,12248,2479075,207163
30ce7b4d9632f838,37073,27199528,204199,36978,27192854,204199
30d5c159a4201fe4,47457,37591073,214665,47349,37563407,214665
30dafd57e35ab684,103916,94003558,212724,103778,94001089,212724
30e4a47c7cb594f2,47167,37274283,216121,47063,37271819,216121
31215a8ea4b60a49,118241,108387254,216445,118166,108389752,216445
3139c32e1cdd8239,69508,59672659,475978,,,
313c7aea9de8cc1c,95089,85201036,213079,94971,85207457,213079
3141118fc86c3b3d,12590,2726212,205228,12492,2714563,205228
314b46f6b8d36071,107884,97921835,214943,107723,97909662,214943
3183605f7d6e4a02,10949,1099248,215211,10861,1082022,215211
31a53a49b708cd13,49205,39286830,239519,49091,39273035,239519
31ab9e9c354663b5,91388,81544515,213628,91255,81491200,213628
31b1365ba72eb003,89565,79710843,213514,89479,79713695,213514
31b20fb0b375b5c5,17560,7542904,213092,17325,7500392,213092
31bf69bf058c33c4,32088,22215983,230899,31992,22207182,230899
31da550ef3f57747,9920,59798,216015,9823,59943,216015
31e9e48ee1004f6d,,,,96195,86420746,214636
320291b7e1b8176e,48437,38547424,216768,48332,38557930,216768
3235dd7c4acb6447,101604,91713451,215432,101509,91707773,215432
3239773775155978,67866,57978731,208562,67759,57983129,208562
326932d2890e7627,26767,16839933,214372,26617,16826408,214372
3277ecc12b8ea5e9,80590,70711527,209503,80487,70719541,209503
32852fe247a9eac0,96754,86826408,214553,,,
32891988d1cb836f,96781,86850427,214913,96674,86908849,214913
3295f5ffc9bc4ab1,56252,46399000,217126,56158,46366860,217126
329d34d394821302,21687,11811300,215870,,,
32bd2451d626cf8b,64121,54236561,213732,64009,54217977,213732
32be49cd825a2d74,31832,21972270,216385,31743,21982237,216385
32eae7c03fef9a72,65255,55395181,214427,65174,55401806,214427
32ff434410ad0ec7,112536,102655324,211440,112443,102672267,211440
330ec7e7c561f1d2,99322,89431036,214222,99209,89435083,214222
33139e73824cfa94,86999,77068875,205371,86892,77058715,205371
3324501237eb758d,60304,50437710,215960,60191,50418651,215960
332bc1870e3c5d7a,96643,86687212,200823,96522,86679418,200823
332fb65e6dd012fa,34833,24965708,215219,34729,24947562,215219
334a6aaf06341483,93113,83335382,214604,,,
3370ac282d5e86bb,94947,85048196,214932,94805,85015253,214932
3376e5248b41ccb1,59202,49335130,215984,59070,49304777,215984
338c540322d8663d,81990,72026533,215601,81796,72033410,215601
339831d2dffd5a21,63318,53461051,213768,63191,53418509,213768
33a03ade8a705aa4,65460,55600467,217876,65385,55619769,217876
33a9cb12c2b47482,,,,115746,105952407,215999
33b1d1656447a4c3,96832,86918456,215166,96729,86910590,215166
33b4efed3d6db604,71961,62067176,215494,71856,62052842,215494
33d77a2558606dea,,,,73434,63608852,206195
33d8e3cb93b359cd,42948,33061129,215896,42839,33060723,215896
33e7de53a7010bdb,24411,14513002,215500,24291,14508832,215500
33f0218105b3ef8a,31911,22049707,213615,31831,22043658,213615
33f73c9e80698c10,19658,9796437,214432,19595,9791835,214432
340ef0fcfe904e92,21651,11797614,215407,21572,11777548,215407
341296266b1a5f6d,,,,85564,75793362,213892
3434bbbc6cfbb6ce,88285,78305438,213900,88079,78292619,213900
347bf50056527095,102138,92198672,212383,101973,92189113,212383
349be1adb4af5793,82321,72397103,205963,82181,72391028,205963
34a7b9e8674448d6,49895,40025624,216603,49795,40013456,216603
34b68a38d99338bc,65952,56075131,204303,65855,56085660,204303
350a744d5d2e694a,49161,39220339,211685,49044,39210866,211685
354327e2108ff89d,73039,63185638,216193,72935,63171230,216193
35507ca94c9410f1,111279,101422320,202850,111244,101414831,202850
355d97df68466697,17002,7048016,215212,16837,7043005,215212
355ddfc16b37570a,,,,84060,74303408,479746
355fbd0146759a96,86353,76424615,215726,86132,76368592,215726
356e32737d413c12,113195,103336044,152612,113063,103298508,152612
35b25d32711c2f89,85131,75234012,205278,85002,75199849,205278
35bdaf48052e4c45,83192,73222357,217291,82992,73208618,217291
35bf18863a0850c4,119219,109351178,215217,119174,109345045,215217
35d7f9637f619268,56784,46844048,216111,,,
35ebe7ec034c20e4,56112,46195495,214073,56003,46191653,214073
36097e6a9df5a803,108733,98821750,215469,108575,98801847,215469
36104208c9ba877e,105606,95751273,215584,105528,95763417,215584
361f84f605d9b823,71052,61188665,242884,70957,61173794,242884
36221f774314daec,11103,1251431,216441,11014,1242388,216441
36388e2a0a0ee69d,41548,31685987,213822,41486,31720938,213822
36420eff1b9d44e0,68555,58592689,217059,68356,58565140,217059
366a23c2b517b69d,33649,23718373,217698,33499,23703742,217698
36962b694fa3ec10,57646,47820075,457679,,,
36b7891fd34a2f09,,,,56422,46638698,213965
36d0a7301a8775c2,90909,81036650,213672,90812,81017872,213672
36e570a387e9bff9,14043,4137050,215393,13954,4188724,215393
36f38fe846a6ec80,102347,92451769,214162,102223,92441763,214162
36fa3bc9458a8efd,30541,20674858,212915,30457,20670053,212915
370995fddb21a057,39118,29131385,201588,39024,29259103,201588
3725b40fec3375e6,117701,107810015,214805,117574,107803381,214805
373acba90eb4ac8d,,,,77257,67474271,212661
377e0dd42657a84a,83755,73877989,214429,,,
37aac59e9483daf6,50350,40449928,214580,,,
37aee55b9595e9e5,64415,54546313,214905,64312,54541120,214905
37b8024bc6c495ea,47045,37164127,215391,46953,37148909,215391
37b8097d782989bc,92921,83048683,212602,92822,83056525,212602
37ca6322ef45b615,41610,31770453,235888,41547,31777950,235888
37d9b0a166428c44,118723,108841793,212564,118607,108809747,212564
381adefd0254796a,30731,20871155,213292,30651,20872452,213292
382511a0d81aa0ce,60571,50682569,212322,60449,50684031,212322
3846785a1ded3e3e,46015,36154102,212853,45894,36131829,212853
384e86e807ac1d8e,69294,59432256,215909,69198,59412049,215909
3859320070a8c0f5,90163,80300573,243168,90066,80300473,243168
3875c5675b0898a1,60725,50830133,215385,60606,50821914,215385
38825c2b7c7b052c,61017,51138786,214262,60919,51132811,214262
388b135ea2a3b451,101100,91248540,200465,101076,91241324,200465
388df0bfd7542331,29726,19854488,213294,29623,19859949,213294
389055972bb6bd7d,88200,78227750,215923,87992,78222270,215923
3892cc6d55a2721d,52145,42253131,214355,52080,42248462,214355
389ef01edbb236ae,,,,80305,70535953,208070
38a48460adc30864,96882,86983070,213532,96783,86962161,213532
3901c4f09e078d7f,95588,85694073,214787,95473,85688150,214787
392452b08f000bb8,72644,62741391,216430,72530,62741648,216430
392df04984567a83,,,,80963,71182516,216045
39431edf1adabe70,55363,45485856,213878,55258,45481433,213878
3950c2e999c60def,67550,57696788,473682,,,
395cef275bd0a869,88171,78207185,216585,87961,78182020,216585
3989f28056977203,73130,63247932,214669,73019,63226817,214669
398be0a2d6090626,31448,21547108,214191,31361,21542091,214191
39919c9e74f3e09f,47256,37390558,215484,47144,37363033,215484
39a572919b896d7a,102023,92065350,198321,101844,92052954,198321
39ade11a49df6963,88763,78913592,215016,88700,78865648,215016
39c80e1ff1b6c799,77826,67671982,215623,77442,67662731,215623
39ceb948514d9c54,65676,55792748,206031,65578,55784970,206031
39e6225278e01620,50383,40468832,214120,50263,40497908,214120
3a1caaa3c0d652b6,53875,43989513,213670,53811,43980862,213670
3a38eb449834ae71,,,,77193,67413182,214791
3a4291d949440e8d,,,,82814,73050222,217045
3a46c0f76b20a663,23723,13813209,216350,23554,13766503,216350
3a50226c8e43f4db,46143,36256806,213720,46026,36261370,213720
3a502a75367bbd41,22013,12181365,216889,,,
3a65a979b748b5cf,111103,101248345,216263,111010,101241738,216263
3a6a7a7b2b8fed18,67803,57926476,208212,67697,57919760,208212
3a81f8903ecf34dd,89807,79926099,214978,89698,79922895,214978
3a8402be47ed2dd9,64919,55059220,213161,64823,55048151,213161
3a8f8b6c855aa57f,65645,55760320,206382,65547,55763611,206382
3a95f22aea88c200,28872,18997823,215244,28760,18999095,215244
3ab7bc2643815f5f,115194,105297745,205564,115110,105291755,205564
3abb351c59d2ffa1,11072,1213975,214523,10984,1207797,214523
3ad447f2fdf6d6fc,83244,73310706,217109,83055,73278480,217109
3adfdaa56f02cb1d,106222,96311851,213867,106078,96293179,213867
3adfee965bfbb037,109715,99831430,214614,109621,99855511,214614
3aeab2e0d369a212,116533,106616109,216397,,,
3b0bb8b06ed53099,13549,3682214,214544,13458,3683061,214544
3b10df5822dca18c,41874,31998299,215007,,,
3b1276ea1ee6ebf3,105277,95352529,213895,105129,95341495,213895
3b179700061a9be4,,,,76075,66269843,243479
3b37c435fcdccc7f,,,,63628,53863318,186994
3b6fb936e5c73206,32247,22373842,238398,32148,22377139,238398
3b77e10ef89acad4,57129,47303120,212999,,,
3b96fc688e5d31a9,28112,18139193,213642,27922,18139522,213642
3ba1ef696c901d28,114702,104807178,212924,114568,104786293,212924
3baa97eb63eb84e9,42213,32349317,216546,42121,32341120,216546
3bea3f04a35c0732,19509,9645158,213079,19459,9640667,213079
3bf455e80463d0d8,31477,21581293,215434,31390,21573735,215434
3c0924518b0291a4,24443,14545272,214594,24324,14540445,214594
3c0aa2ffea16b4a5,86474,76553612,215489,86324,76536233,215489
3c0e15f3b3d6aae1,30668,20805378,213884,30587,20801138,213884
3c2df87610b41450,35712,25824543,214651,35594,25821525,214651
3c310442288dca4e,65522,55667090,217569,65447,55667938,217569
3c41dda19cb2c748,69711,59811468,212831,69602,59789031,212831
3c51dfd8cfb91846,37601,27692410,214985,37470,27684430,214985
3c60ca9402a744b4,111308,101446078,206114,111275,101440523,206114
3c72273d2fe184e2,99020,89109154,213495,,,
3c73111ec5486b22,84910,74954288,206444,84769,74959102,206444
3c7c7b051b38b8d1,46382,36489703,214550,46268,36485050,214550
3c83c79de0290ddd,102475,92599006,214064,102370,92602736,214064
3cbc3d9be195df63,,,,17565,7765620,214071
3cee019c910090c0,83137,73143846,215188,82929,73141239,215188
3cfae7c6c90b60c9,72254,62400957,213770,72160,62394857,213770
3d034d8e00b8a49b,,,,15107,5319772,213484
3d252b5172cadad4,113941,104014620,213182,113831,104066530,213182
3d3ad12e33d0aa59,20111,10245855,214268,20026,10241099,214268
3d49c4a74ecc6f38,,,,74642,64876530,214581
3d784960bdce726a,41432,31577549,214115,41347,31588883,214115
3d7937a95ccb4696,100936,91079090,216817,100839,91071845,216817
3d806d323c0bde0f,89595,79740910,215867,,,
3d80c68009eb36d5,10889,1033393,214841,10798,1012300,214841
3d86faa66015283f,42063,32186253,214844,41976,32186491,214844
3d974c5a4d1b03b6,50508,40662306,458709,,,
3dc92d95def2686f,,,,73827,64019471,204938
3dcb1c2e1d490cfa,64094,54235836,214947,63982,54217301,214947
3dd40dbc0dd98a40,61135,51272544,214644,61045,51261442,214644
3dd5102ab05822c2,118906,109006986,215171,118794,109001950,215171
3dd5427a8bcb4778,94764,84812888,214107,94617,84807702,214107
3decbaed17a29eb6,13519,3655610,214119,13428,3648689,214119
3def1e1a8ae87f77,80370,70465831,205672,80248,70467294,205672
3dfb789ecfc67dd2,54561,44674248,215181,54438,44671803,215181
3e1eedf5b2660f52,95160,85337757,212648,95065,85279995,212648
3e2bbb11abd0169b,14193,4303250,215141,,,
3e35c32df369b917,38657,28792197,215001,,,
3e50533af603452d,,,,75645,65875166,213816
3e5421be102de2bd,28164,18210426,217296,27984,18218481,217296
3e5c86b4421d7567,18012,8103887,215337,17882,8085434,215337
3e5e2b3e764fdbb9,32873,23012296,213993,32774,22985439,213993
3e65e3ea282c6d4f,40050,30165932,214417,39898,30131945,214417
3e70dbe2c8384c3b,56419,46534413,213210,56302,46520949,213210
3e7c6fc9276feac5,89079,79184200,215000,88985,79177055,215000
3e8dc7509941d228,51992,42083641,196592,51924,42076105,196592
3efedfe5361c390f,85158,75279456,215392,85031,75233196,215392
3f033bff0bb423d6,108404,98551306,216223,108328,98542711,216223
3f05e7f6d626a4cc,31973,22113651,213169,31896,22108752,213169
3f2f6f2881e288be,100216,90339668,213739,,,
3f320611c7ab6d5f,32778,22911581,212385,32681,22892655,212385
3f327d6576764e71,45248,35397085,214916,45117,35351074,214916
3f33bcde23dadb52,49579,39687344,199807,49480,39683242,199807
3f47570f0762243a,110059,100170458,212392,109912,100141968,212392
3f68e26a4e39c704,47106,37215396,215576,47008,37210597,215576
3f88fb17a3e23920,18761,8890294,215234,18634,8871513,215234
3fb5a24d6e8edf72,98938,89074241,214918,98791,89022874,214918
3fb6b9f0d1ba86a4,73746,63802676,206932,73624,63795058,206932
3fc2db679180764c,59174,49284964,214435,59038,49272075,214435
3fc9d9a9ae7e0e96,12073,2212425,211866,11983,2220082,211866
3fd57eed5513c419,70844,60972437,215391,70744,60980632,215391
3ff44b83dcb7da72,40581,30694347,214474,40466,30681571,214474
3ff497a819844243,69198,59339351,213661,69104,59321147,213661
400138fde92f3199,64857,55002353,215208,64762,54988080,215208
4003ad6b0ad8ea84,68897,59039317,216001,,,
401cc7da62ab83c5,36268,26392220,215857,36169,26387912,215857
40223e6cefb8b836,27184,17355338,216570,27140,17321293,216570
40469f694b016612,28626,18725419,218456,28508,18723095,218456
40577c2ade109730,92175,82320536,212543,92044,82278775,212543
409416208a12044f,46974,37154814,214351,46924,37113514,214351
40a7316d101a2721,12558,2677101,204673,12460,2672390,204673
40b79d03d5dc9cd3,57502,47582110,213678,57344,47548915,213678
40bdbc22c9164d3a,56626,46690250,214766,56453,46664666,214766
40cab1a2abe692ac,48841,38851172,199121,48713,38877138,199121
40d625c94133c645,39427,29505256,215616,39351,29569822,215616
40e8004e81bc22b9,117185,107335418,205842,117059,107259447,205842
40e90ce3af2ea7b5,99941,90085053,212940,,,
40fbe5c59aa8afe5,67991,58110845,216960,67881,58103607,216960
412ad09952b04fe0,104124,94219644,215473,104000,94214036,215473
413e6d876d492f65,32152,22285227,213801,32055,22270738,213801
4148246c180636c9,30337,20471801,212836,30243,20479854,212836
417a2fae8c08bf6a,48154,38290105,216239,48077,38284267,216239
417d0a2b3781d944,,,,33552,23782550,218613
41831d3ba70347ed,98844,88917618,212952,98695,88921627,212952
41875e9a6f3df907,17943,8068795,215259,17782,7998611,215259
41b100b1ffe54350,12890,3028918,214029,12803,3037137,214029
41ba8e608dceb608,76923,67044005,212958,,,
41be488366a25fb5,80821,70971528,216836,80745,70961186,216836
41e5115d393de24f,34185,24205309,214582,33998,24199767,214582
41f1f14c0e09b95b,,,,87186,77420325,216194
4202b00a7754d73d,88687,78788258,205160,88606,78767024,205160
420335899c0ee84a,64441,54576318,213118,64347,54585002,213118
422000c07eab222d,37748,27850272,213670,37627,27845354,213670
42235f0419cbaade,104959,94966803,213866,104741,94959762,213866
424c63727ddb06b0,39901,29969999,215371,39737,29965133,215371
424cf52c32c2c13b,82556,72695520,205969,82465,72686684,205969
42abeeaaf941eabc,45277,35408141,215092,45149,35386722,215092
42b0cbbe7eafb1d8,103977,94067960,213599,103838,94060851,213599
42b8a263fe6595d8,90878,80968949,213836,90781,80963011,213836
42c0dfe9b6efc1fc,,,,17128,7371930,458306
42c884526caa1910,10807,935960,214057,10713,941270,214057
42d5f343ea884dda,52240,42364716,215051,52171,42359828,215051
42e1351c6a6b17f8,88430,78473278,215762,88240,78460394,215762
42e5846eb40f6dd3,10023,151060,215726,9929,160350,215726
42f8ff5a348f3a44,59750,49858288,202294,59640,49859382,202294
4344536c8dc03740,52338,42482487,214958,,,
43561a5963abcb6d,92359,82444358,214639,92224,82441008,214639
436f0a5b67f873b9,35820,25977493,214255,35730,25970751,214255
43781af51edf5aaa,,,,103563,93798232,198798
43829c221d1c9d1c,66838,56991193,215847,66758,56964932,215847
439b00ca10221ffd,115044,105153482,214095,114936,105160993,214095
43ae48e582c7e9cb,35428,25655123,214670,35293,25501034,214670
43b14fc2e547a9bd,25318,15428808,214931,25250,15428997,214931
43ba095c5cd86b94,20712,10816424,215226,20595,10821212,215226
43c9f0a0a5a4a333,99239,89335224,215678,,,
43cd49a669268f8b,48259,38418254,214080,48174,38408980,214080
43fd68a572c00de6,107227,97334237,205269,107142,97321962,205269
4404b8a2facf92f4,33506,23521192,204464,33332,23515767,204464
44066b500ad56561,81960,71993962,212646,81766,72004840,212646
440cc387ff21d13c,69980,60079246,217079,69873,60065616,217079
441b7ad6059e53dc,,,,75369,65589794,215375
4420fcbfc9f2365a,38168,28313192,214272,38054,28272464,214272
4440dad4090d6adb,86423,76452276,215513,86227,76461462,215513
447c64e1e30e0607,55335,45456706,215530,55230,45450100,215530
447d91389d3e9322,87918,78010328,213302,87770,78001424,213302
447e4cbe91e324e0,,,,27571,17807416,215690
4486ed5b67071c39,44842,34953106,201351,44753,34946019,201351
448f6dba2dc48871,101850,91891826,215486,101661,91882709,215486
44aca90cce977b6c,117913,108051706,214739,117824,108037307,214739
44baeedb275a86cc,11526,1621962,214548,11398,1631587,214548
44de95bd943e34bf,,,,17170,7391024,186941
44f996acf904ca49,45336,35439719,214126,45211,35441151,214126
4504c205aa861b71,,,,27544,17772778,215841
452e4c2c8eff0d25,118785,108897647,214294,118670,108881543,214294
4540b9728f7c571b,22197,12285171,234022,22047,12271664,234022
4557a4d20c3586a4,26377,16413414,214629,26172,16403275,214629
456b551378aaaab0,40889,30970182,199818,40742,30978424,199818
4571c7211c94090c,116676,106764239,213481,,,
4588c0bb2254576d,21718,11838664,215942,21630,11864688,215942
45a524258440ae94,112133,102276006,215539,112042,102262620,215539
45c359cf621ac2c6,17027,7083488,235867,16868,7085006,235867
45f35d9aec76c99b,87773,77811011,215551,87587,77802672,215551
45fa70f6d275f382,34643,24830328,214625,34538,24758829,214625
46123331752557ad,83318,73367129,215673,83147,73362908,215673
4622ba67fa7046ff,29631,19737542,212285,29519,19731136,212285
4630e8f1032eccf1,106607,96744623,214098,106520,96741860,214098
4647712efc4c35e5,109504,99640254,204254,109450,99641941,204254
466286c6502abab5,11697,1817316,214796,11581,1802617,214796
46855239eb811cae,16936,6989897,212438,16757,6982734,212438
469e82995d0f03b7,,,,15075,5287318,215137
46b3ab8c3a09c0a9,83507,73617457,215719,83387,73621812,215719
46b9ab136a271fa3,34578,24709825,215941,34473,24691176,215941
46c3fcefc07ae67e,43098,33250366,214275,42995,33228801,214275
46d78d4b41394d32,81535,71652983,213506,81395,71610686,213506
46f083675c2779fb,57586,47646138,215485,57435,47642792,215485
46f0ffa9b43ece5a,46531,36667128,213099,46422,36658136,213099
47151cf6cd71baa0,27693,17868848,214020,27517,17750689,214020
473aea5ea442899a,35611,25764129,214066,35477,25694066,214066
47431b025af3d52b,108057,98157150,206573,107935,98150717,206573
4761451c88208629,112164,102312618,240497,112075,102297403,240497
476ce3205b9887b8,77056,67205498,216515,76970,67210244,216515
478ecb7ecf0f0d8d,85819,75980043,236001,85531,75756623,236001
47962ec57b6fbc02,101373,91464033,215419,101293,91459458,215419
47c6174152f7b31e,70452,60591194,212675,70371,60586491,212675
47cf4ab926db6019,45601,35713043,212598,45497,35704195,212598
48068495892d058b,49834,39953115,212839,49734,39948568,212839
484ea6511c6a7f24,28085,18110280,239471,27890,18115057,239471
484f8021ab82ecc3,,,,107697,97879341,216231
4856e14a6518e17c,55889,45916608,200006,55741,45911391,200006
4880a75eab87781d,13272,3408868,215001,13178,3392301,215001
48a7a95c9a140eb9,111552,101702374,214468,111486,101668360,214468
48ca368532c6cd7b,82020,72056996,214762,81831,72062909,214762
48cdf6c10e029af8,52534,42674196,213709,52452,42686348,213709
490d39d5c851f9a8,,,,81491,71702274,214973
491fca92507aaeaf,95042,85141145,213114,94910,85140205,213114
492be1b3dc780543,30367,20502533,213824,30276,20511002,213824
496bce0b89f2fc83,89219,79333133,215011,89113,79332169,215011
4974c68c17184c0e,72518,62633238,204095,72404,62619114,204095
49b324047fa56b95,89713,79838046,216534,,,
49bd411371950f98,60047,50174251,213671,59948,50180083,213671
49c1f654653b92fe,34255,24304378,214535,34087,24292994,214535
49cb9a2cf1e140b9,20636,10791958,213612,20530,10768289,213612
4a18310691c22e48,82268,72327920,154918,82113,72349475,154918
4a3c3b481d385b84,37859,27976332,213319,37748,27987007,213319
4a5780f931bbe4b8,47639,37763393,213175,47542,37760806,213175
4a58ccfea1fe87c4,22730,12852622,238487,22596,12833832,238487
4a7aa9fb93fe15d2,,,,51394,41611545,238937
4a86604b90acb09f,89959,80075278,215865,89846,80080917,215865
4ab97c884b772b74,96135,86278100,215679,96008,86214447,215679
4adad2be230380f7,118816,108912195,215840,118702,108912750,215840
4adf52faefda0fa9,67468,57576201,215235,67349,57588260,215235
4ae50a22276a75f9,21747,11866498,215760,21656,11871845,215760
4afa7acfd3c76060,107301,97533499,468842,107201,97474201,468842
4b012e85c090e6b3,32005,22148696,212450,31928,22143183,212450
4b18f59997c474fe,25600,15744420,215334,25548,15783003,215334
4b25e440924e10bf,105950,96007190,213322,105781,96001631,213322
4b46fd01984dd7d1,65011,55145689,216162,64912,55140658,216162
4b6c99c1e426b4af,,,,82077,72338687,480505
4b6fa6a6afcabfa2,109658,99805258,215994,,,
4b82ffe712d5a31c,24109,14242129,216090,24017,14251336,216090
4ba1c0f79339f505,28329,18452444,216799,28192,18421850,216799
4ba4a43540e13723,69952,60048001,215113,69844,60033011,215113
4bdbf286ac5f9ba8,18454,8564849,215379,18332,8550428,215379
4bf4642f340d53c6,70575,60720003,217059,70496,60713308,217059
4c14d462db39eb54,90615,80738188,206542,90518,80707231,206542
4c233a7173d0508f,46822,36967451,213951,46776,36952897,213951
4c3e69a65e23aed4,81868,71919632,215945,81676,71901679,215945
4c4c3a487b8788bc,30699,20836713,213330,30618,20840377,213330
4c4c4d994c579bef,32184,22321995,215062,32086,22302366,215062
4c52832ac458bbe5,20832,10932162,214843,20716,10924202,214843
4c812fbf49d93d20,38359,28470825,213244,38243,28465945,213244
4c8422b254e42bf7,,,,85691,75919031,215755
4c92e0c0faa5e466,10369,465628,215013,10241,462016,215013
4cad8a222b201fea,87848,77901333,216603,87680,77902387,216603
4cae600b8a468271,26606,16645218,240982,,,
4cc1ad45780b585f,114088,104223918,214638,,,
4cce15a057b8bee3,61853,51874282,198459,61696,51873955,198459
4ccea7bfe47b2a9b,95924,86042069,214556,95790,86029090,214556
4cfb6a38fd238b8a,40797,30931587,201654,40650,30879275,201654
4d14fd471ac68fc7,89135,79239710,216124,89036,79251426,216124
4d28eff37be0df2b,,,,73800,63989648,206897
4d3479201a0253cc,71905,62006624,215250,71799,61994345,215250
4d4225634dc41b66,90523,80653278,152480,,,
4d4c1f90477e37f4,104006,94102056,235561,103867,94104282,235561
4d5055d7ab4e3105,,,,61474,51709702,185584
4d520c1bbc5b7434,98181,88312827,215365,98094,88306084,215365
4d5d9b2959225840,49338,39460467,215182,49234,39450926,215182
4dc2b632891dabbb,31170,21265176,196545,31086,21255059,196545
4dcc43e795da7d4c,94156,84295200,215091,94037,84268724,215091
4e08132ecbf1b058,95066,85183201,214479,94937,85175968,214479
4e68d546511d22b5,59655,49773208,200012,59547,49757772,200012
4e6a99ea8555a86e,98560,88700335,213364,98472,88691715,213364
4e6e4b58c5a89016,65801,55918940,206664,65703,55920147,206664
4e8778edb4738713,52784,42932962,215319,52702,42920205,215319
4ea6fcf9768aed18,83435,73549566,215260,83297,73532665,215260
4ea906793f38f4fa,40828,30937648,199855,40680,30901329,199855
4eae95d640707ddf,36329,26470921,242137,36229,26452943,242137
4eb65d4bfd76cb89,99294,89401800,214339,,,
4ef0b912c844b8b6,93917,84035335,213863,93836,84030657,213863
4f0b0db32d90af0c,79352,69521239,215874,,,
4f18a6cecd7b294a,12400,2546789,469846,12299,2555741,469846
4f18fc595a9c4189,25703,15820949,217274,25601,15809518,217274
4f291190f8d00f5c,61987,52035810,215201,61839,52025191,215201
4f8706ab35c59345,82586,72744834,205488,82496,72714270,205488
4f8ac19f32960672,83078,73078187,214662,82864,73076709,214662
4faf5d76eaf143ab,62996,53038263,214823,62820,53040702,214823
4fe3a99995d7ef8a,51152,41256139,213948,51018,41252139,213948
5004e477727c7103,97782,87906930,215492,97673,87886842,215492
501bd35c0f48e5a2,22080,12272287,214081,21982,12203014,214081
5026df5fa8007e92,23850,13966234,216464,23730,13961265,216464
5033b2ed7735091f,45751,35869488,216283,45654,35873930,216283
5036d971dccbc011,79861,70028198,215578,,,
5061ca7c3e0cf7d5,78944,69036080,217821,78818,69041730,217821
5084c35744da9b8e,,,,110170,100407318,216129
509b5ddf0b13ad67,65220,55351362,213967,65138,55360921,213967
50f0a4d41983bf0e,42433,32562646,214365,42350,32570725,214365
510c8477ed3400f3,46944,37091242,214301,46896,37080652,214301
51568304b985f90a,109365,99486214,206145,109299,99533896,206145
5160e674030cb6fa,67103,57217337,215366,66982,57207306,215366
516c3a4c8cd4a932,43940,34047776,212278,43813,34040988,212278
5173f5060dd05c4d,11376,1466987,215123,11240,1459667,215123
518a84f7992b1ee7,47549,37667766,216459,47446,37662009,216459
51a2fe7c2779f7bb,51219,41364146,215848,51078,41302780,215848
51bbfae8f055dd63,26559,16593256,215336,,,
51c90125d5645f57,65862,55977332,206768,65764,55979438,206768
51c99df7a04ac16b,,,,80160,70390947,154400
51ce846127067a64,108542,98711548,218123,108453,98687592,218123
51d172f9a25ffda3,87203,77355431,216116,,,
522587991f6f6108,89191,79296790,215280,89087,79304694,215280
523ece25e1674d98,43362,33510472,214015,43276,33494632,214015
526d76bf2d1c0254,57250,47325739,214506,57090,47324360,214506
527d32bcc9abef3c,41691,31814106,234290,41608,31832867,234290
52a76f9c7a49fc67,100492,90614187,217009,100385,90621563,217009
52c31bfbb21670fd,18306,8435220,212711,18189,8411932,212711
52f4de82a7a81fae,,,,35167,25378970,213785
5302d18f31723c05,60755,50857664,213155,60637,50860644,213155
533c25ece54a56cc,87055,77130303,206378,86948,77121453,206378
5341671159d7e204,,,,96317,86531909,147485
535b691d305a41fe,95341,85447415,215074,95227,85435000,215074
5367901d44b84eba,44528,34689543,201494,,,
536b4adf154f06c8,106176,96256249,214294,106024,96261506,214294
538740d3809d2f31,13459,3591424,216404,13367,3602500,216404
539d63624a39041d,63214,53300809,215424,63067,53301551,215424
539de5a8654683da,60694,50795387,214789,60574,50800744,214789
53ad3edb1a81335c,,,,15798,5992666,215745
53b6d9a9ff6fa1ef,116513,106580976,218638,116397,106595478,218638
53b7c27eed0d3a09,11928,2057752,215569,11832,2052668,215569
53dd15b1ba1d7862,,,,113915,104149408,215154
53e60739d06888d9,112328,102490454,213544,112235,102456654,213544
53f09547b8572376,26741,16799527,215830,26584,16794818,215830
5419dcddedef2927,37942,28077205,233235,37845,28078071,233235
542364ac2cf7eea6,17531,7506496,213279,17294,7468322,213279
5479258f23cc09b0,58478,48616062,215087,58385,48622016,215087
549598b5b1db9912,98637,88833097,213629,98532,88773319,213629
54ba1f3c5b3ae415,69231,59366917,214521,69136,59351894,214521
54c0c1a12543e72a,66448,56575121,215589,66356,56568189,215589
55119c42409c0950,32339,22463413,214608,32238,22459728,214608
552cb2598d5d6a98,14648,4705819,205178,14488,4698437,205178
55431d651c7e31a5,27515,17640044,216008,27436,17642046,216008
555d182a24df9e94,55392,45587562,215225,55288,45524035,215225
556f18c75c47861c,79970,70062622,205234,,,
5578df28658d4720,19570,9707828,214776,19516,9702608,214776
55817c2f2d0dbbac,95017,85111062,213464,94883,85102793,213464
558e81544fd90777,26315,16407264,213278,26109,16347859,213278
558f8047d2a551a2,92572,82661274,200237,92451,82658576,200237
55918e8c1ad5c4c2,112904,102979400,215762,112774,102992874,215762
5595fe97bed8b44d,41290,31409992,213780,,,
55aa1cdb5a627695,117037,107113045,216193,116909,107143479,216193
55e25961a3cee908,67835,57950676,207469,67728,57942696,207469
55fe36ee8864592a,75989,66070561,214550,75769,66008407,214550
5606ec436c1a1ece,118120,108272908,217098,118046,108262397,217098
563f6258878d9e0b,45722,35838068,215383,45624,35842432,215383
564dbb0b0a67f5b3,81364,71450134,216726,81215,71447977,216726
5654c1d0941bc60a,,,,96363,86551350,203366
565a0f25d3819a23,34434,24544779,215012,34316,24551948,215012
565f953f315edb63,,,,75902,66128917,215320
5661c670de366df5,88930,79028503,215001,88850,79029079,215001
56627dab2dc008ba,23763,13848760,214549,23614,13833115,214549
566e1840b8304a3a,11041,1183688,215447,10953,1176484,215447
568345cdc52b7709,61284,51423856,214442,61198,51421341,214442
569e93f8f215b6e1,86274,76255387,214103,86005,76242260,214103
56a6694f107df670,16979,7017305,213530,16806,7011477,213530
56b25bb193ea1de1,85212,75321963,214490,85091,75297252,214490
56b88b91b76cb1ef,46442,36553557,213892,46330,36548720,213892
56de2e3fa97d4ba7,10611,714663,205686,10502,718272,205686
56e41a615808b4ad,10400,497500,215347,10272,493734,215347
5708ada363dbed83,35185,25303946,215973,35050,25261042,215973
570ef29e7da8187f,98783,88858231,214477,98633,88868253,214477
571287326f63742a,104850,94875929,213768,104629,94841697,213768
572023702e712e5c,,,,73385,63595255,192769
57209ae22764d74e,116740,106805201,215226,,,
5727d83a19275aba,116129,106098036,214565,115873,106081783,214565
572cfee62882e913,,,,35263,25472116,213906
5738e00fceb70eb6,,,,33054,23227762,201055
5746655136467abc,105301,95374510,214490,105160,95382539,214490
5764d190d2955ad2,77806,67665693,216207,77411,67625646,216207
576c8f9047865d08,106808,96945710,215026,106710,96941543,215026
5774d2d11f8e9371,61698,51732449,199773,61539,51713976,199773
577aef3f55401818,26161,16393431,216123,26038,16264675,216123
577ddf0540129fea,95468,85583956,234785,95352,85572122,234785
57807736d276b97f,34320,24404974,215151,34173,24396532,215151
57908d015900f29a,25512,15645776,213973,25463,15647919,213973
57a3848bb2a02142,,,,84152,74342069,204680
57ad59e49372705e,55994,46044101,213985,55862,46039239,213985
57ee4f0a815bf29d,24505,14610451,216460,24387,14604985,216460
57ef865f2b472a63,21372,11496476,213501,21314,11518172,213501
57f29497aca98d42,72487,62584527,240816,72373,62576651,240816
58239f807d5ba28f,28562,18663033,216157,28444,18652503,216157
58351b30f8c38a3a,95309,85409846,214644,95194,85401552,214644
58364609b3d22fe3,45022,35154298,213250,44925,35140850,213250
58405366eb41c317,34969,25101951,214678,34821,25040949,214678
587682f44380f3d3,,,,29082,19294784,458608
587cbc74b7764d9e,82372,72463657,207518,82246,72454919,207518
58a7e13146e87b62,80314,70441175,208074,80190,70406480,208074
58c88d393fcab540,15021,5120580,216289,14887,5120714,216289
58cd164aba41103e,70783,60904363,215557,70677,60910934,215557
58da8a7759c7eeac,98097,88239915,230977,98007,88244145,230977
58ddb7f50677055d,91568,81665966,214001,91440,81653140,214001
58ee26b3603bd9bb,62604,52768005,214644,62476,52699839,214644
592f367770d07a22,88483,78539934,213441,88302,78521539,213441
594efa19f7fd0f58,25455,15583565,214163,25406,15641309,214163
5964f43c95b665fc,112454,102584293,215402,112358,102599116,215402
596677e5b66fcc43,100279,90399273,215458,100178,90412453,215458
598dd270ba255246,39388,29474524,215508,,,
59977117131b9315,29854,19989029,212792,29768,19991069,212792
599a9379901269a8,60664,50773796,216721,60544,50775901,216721
59b1718ae9da0663,79736,69880682,215240,79642,69905035,215240
59b4c3926d50f6ce,97998,88147190,234825,97907,88144023,234825
59bf77b480513962,29248,19301093,143685,,,
59c2ae4deffbd1ad,,,,115810,106018207,215817
59f56dba4a921157,,,,74388,64581001,204916
59fa08c39a05337c,108280,98423862,216537,108199,98413961,216537
5a09f4fdc6746e5c,36688,26833219,216198,36608,26840298,216198
5a10822dc089aae6,72344,62519519,214382,72244,62444801,214382
5a22e7957991bbdf,28138,18171298,216709,,,
5a294f7a564fa4f0,,,,75585,65817153,214702
5a2a4a8c667b8bd6,25428,15554385,215628,,,
5a2c5d07a414ee9b,34771,24885942,213412,34666,24880925,213412
5a61222436ffb973,115568,105678071,215197,115478,105681488,215197
5a81f73814d41ab5,,,,71302,61530985,212325
5aba09d5e2aae3ee,53540,43610690,215125,53387,43601029,215125
5ac913eeb8c6b1f4,93891,84012480,213699,93807,84001197,213699
5af4d5964fdf08c6,64171,54253479,212370,64061,54246481,212370
5b061318549266c4,112968,103045798,214934,,,
5b191bf321b24cb0,51933,42010873,168003,51866,42009154,168003
5b317113877dd464,112226,102363892,215793,,,
5b479ff10927ea03,68684,58726440,216073,68511,58723033,216073
5b5540fe85d712d0,12711,2837158,215270,12615,2839702,215270
5b69364606c0208c,22797,12892575,217945,22667,12881730,217945
5b6e06fcbf7284f9,100372,90483254,215183,,,
5b99dfaa915002e9,19832,9985966,215681,19751,9980240,215681
5bae9a6f3ffeff24,58131,48176526,214651,57947,48161230,214651
5bc185b3ee48aba7,69134,59298270,216881,69040,59256581,216881
5bceeabcb85ee0fa,,,,17201,7411354,212653
5bcf15ef3d9c0467,104910,94913567,212830,104690,94924097,212830
5bf0c81e91d0245c,,,,15912,6137687,215352
5bfeb521065d6078,57346,47512122,214547,,,
5c29a8c2def7da63,34611,24742111,215622,34506,24728768,215622
5c2fa214d73b6454,72705,62820854,216032,72590,62804764,216032
5c3d402955114d1c,81153,71237244,217180,80993,71208356,217180
5c78b6e433e6eeae,102271,92348172,212589,102131,92344209,212589
5c7968b022aea79c,118273,108421944,215664,118196,108428310,215664
5c7df87ab536c571,79204,69342478,215463,79118,69326657,215463
5c8a55257aae27da,92483,82607858,185357,92353,82589630,185357
5c9d7ffc6f208421,70008,60103406,215992,69902,60096982,215992
5caed16f7e0c37d4,42886,33004604,214573,42779,33000057,214573
5cb39170ec6ca1c4,28212,18313432,218349,28044,18268898,218349
5cc098e4248a9f0c,71257,61391409,214432,71148,61365780,214432
5cd2bfd1c618a919,57919,47923151,216106,57697,47920400,216106
5d296711d32e5377,49612,39723811,202714,49512,39719540,202714
5d38a4fdea83a4b1,26715,16775167,215667,26552,16762008,215667
5d3d57d7a144a429,20231,10373203,213567,20122,10341325,213567
5d51386413dd9d46,30275,20403790,213502,30176,20411029,213502
5d664243eda32607,101724,91874319,213868,101559,91768152,213868
5d725cdbe1d33ca1,25019,15098065,215733,24872,15100604,215733
5d7d4b786ff2f75a,58205,48298211,214306,58044,48274706,214306
5d80c9a2e64d906b,82935,72967421,214895,82717,72949807,214895
5d88f69e419f1383,118993,109154217,471434,118922,109163538,471434
5d91637174b5ce52,39348,29433782,214948,39260,29494513,214948
5d9210d48fc3fb40,30119,20246360,211586,30024,20251069,211586
5d94423a47d78da3,44331,34472830,239404,,,
5d9baf5815e6508c,34299,24395286,214966,34145,24368336,214966
5da5a1582b378b41,,,,93404,83643100,214445
5dadc9ed9fe369af,80862,70997851,215677,80776,70992956,215677
5dc3fa6343c212a9,70813,60934421,216496,70706,60940576,216496
5dc5e915fdcb18bc,118964,109072007,214207,118854,109078239,214207
5e22d04aef3d2b1a,105103,95119094,203000,104908,95124562,203000
5e2f3a3db5fb329d,60603,50702623,214133,60481,50708193,214133
5e31ace6f8f4353d,93082,83216926,214466,92992,83211854,214466
5e864e778728ffdf,102529,92666246,213121,102439,92673628,213121
5e96511b0a8adf78,95244,85362797,214261,95130,85343270,214261
5e98b9f7649425d8,98310,88447832,214553,98223,88457952,214553
5e9a79fc07111fc5,41461,31598847,214693,41386,31626729,214693
5ed2674f041fa6ee,29539,19618152,214291,29420,19608830,214291
5ee050b38697aab8,23387,13323212,203681,23107,13299316,203681
5f003f544a996ed6,79521,69652504,216673,79432,69659124,216673
5f0b48c9733b7d79,15922,6032329,214863,15820,6018964,214863
5f13a2a4617d7894,117141,107234489,202551,117026,107232276,202551
5f2f42e318bac69a,52169,42281531,213976,52104,42277312,213976
5f55ab842afc64c8,82965,72991170,215576,82748,72971062,215576
5f5daa654ba06761,18052,8155904,212793,17945,8145383,212793
5f83f661fad84aac,39089,29105273,200576,,,
5f9a9cf220af56d8,45366,35472542,214031,45245,35482481,214031
5f9beeee2375d499,99404,89531918,213253,99300,89535160,213253
5fa7ad3fedbdde28,52847,43000708,215278,52765,42987679,215278
5fdf4354dfa697d0,24537,14646463,216979,24418,14641498,216979
5ffd39899befb8a1,40022,30107045,215329,39863,30101113,215329
6002025682e48f80,65131,55277328,237571,65046,55283444,237571
6004cb496146512b,14105,4209645,213128,,,
600ec9cbd5e8c671,87435,77497478,213176,87215,77452513,213176
602255b86603d941,20479,10594330,216661,20367,10601486,216661
6040ca25dc76c2b8,39660,29803844,215224,39538,29772885,215224
604a71cf20de707e,22444,12530429,214685,22294,12520948,214685
60591ed9a2f53ec7,18031,8149989,214732,17913,8122799,214732
6060bbfe3b222a27,106716,96844217,205932,106609,96840734,205932
609ddd14a7a29e1a,104214,94318118,216886,104097,94311759,216886
60bb6c3e65044d9e,69389,59545554,214110,69289,59513177,214110
60cacbfa60969f29,109255,99374095,194042,,,
60cb26deb359a4d8,44101,34207897,215261,43991,34203761,215261
60ff350a3c22ab37,,,,33021,23196521,202241
61283b6ce21e1851,112840,102952533,211741,,,
6129e6ea1b9fe09b,115418,105544705,215436,115332,105522121,215436
6152e474d025c6d6,75967,66016050,214394,75735,65969113,214394
6154113a03a6016f,23064,13309625,215326,22878,13080963,215326
61d2144cf8c2e2fa,87577,77577804,215509,87365,77573061,215509
61d4182904af53a3,110773,100851316,215433,110609,100825101,215433
61d4a2c16bf482ff,37364,27454260,216142,37223,27460611,216142
61ef4b72b2187e3a,61909,51940538,201206,61755,51930244,201206
61f4dc7aca4fe30b,101463,91559771,212483,101378,91552165,212483
61fdf33e5c2ad564,30023,20166890,212880,29930,20146509,212880
62001a15e4824629,76997,67133791,215382,76904,67143002,215382
620ae8138e71694c,68499,58550972,214687,68293,58527389,214687
62194770025d6881,117418,107511437,215281,117282,107486443,215281
622ba53ca74debbe,61105,51240056,215792,61014,51225114,215792
6235b60d3323e948,62149,52290715,214094,62026,52245664,214094
6252079ad3468063,32631,22755779,214635,32534,22760444,214635
6275527a014a9fed,48218,38388736,216315,,,
6282eb4f1ce4d72d,36237,26360075,216882,36138,26354354,216882
629aee84affe953a,86294,76318919,215284,86039,76273781,215284
62e37ad52a2ea4fa,57314,47372303,214797,57154,47353707,214797
62ef893b2ad9f3e0,117508,107580509,216079,117373,107574717,216079
62f596752d561e57,37103,27229198,203223,37009,27223072,203223
630c73f2be499107,20749,10859971,214705,20632,10860450,214705
6321a3e0580a1029,76798,66833698,207043,76612,66846471,207043
632302a24092395e,18933,9059922,213271,18829,9061382,213271
6343af04673a130a,99109,89240874,455097,,,
634e9977f4e091fe,22848,12932499,203044,22718,12910703,203044
63511dbbe336606c,39566,29715475,215463,39458,29692921,215463
6351d191edef997a,36776,26925578,217141,,,
6370ca942be369ff,14351,4557590,473057,,,
63791cd860dada9a,98405,88544255,214869,98318,88534447,214869
639154c69b26710f,71155,61300492,216258,71053,61272003,216258
639c863e22721e00,,,,117092,107292809,207411
63ad169edacf3aef,16625,6642676,215107,16407,6643984,215107
63d13211219fb9b0,79613,69743438,216840,79520,69744824,216840
63d7a3fca7890918,53431,43517413,215709,53271,43507334,215709
63e3a27d4c51ad3d,24653,14821921,215810,24511,14747638,215810
64036adb695be5b8,106123,96196873,214561,105961,96181999,214561
643848fec8df21d7,42499,32634512,212839,42416,32643158,212839
643bffc4bd4e0f57,92262,82340284,215963,92127,82335112,215963
6449ca77534ba7fb,103175,93296422,197385,103077,93291498,197385
6462e3c23a86784c,31202,21293772,213720,31117,21288474,213720
64637540a80054fc,58325,48427182,214121,58200,48422425,214121
646a01b0e57f8578,48310,38437515,238067,,,
648a21290332ca86,27455,17593733,213769,27381,17615822,213769
6490713516633df6,113352,103453977,204570,113231,103471397,204570
64916090ecdddb2c,52573,42711853,214525,52491,42720775,214525
649c5886abedfd27,76881,67002108,216780,,,
64a6c06fe0422962,9993,124167,216511,9899,120483,216511
64a86d1b0a893083,105500,95638400,212782,105409,95646907,212782
64bd13a476d9cc89,16097,6228297,216263,15987,6222327,216263
64be458a6fbb4786,41146,31252758,212572,41022,31240307,212572
64e253fcbcac8fcb,,,,81522,71742124,213492
64e2a7f9e7b1f00a,64762,54895499,216420,64669,54883753,216420
64f39448958a2956,111959,102080860,216420,111853,102081046,216420
6510f17f96b5a9ad,42823,32947035,213063,42719,32939227,213063
652506a46fec7cdc,12221,2335558,215144,12109,2341022,215144
653174ebf75ffc82,65429,55570755,217190,,,
6544e496b62274da,107071,97178816,205286,106988,97162504,205286
6556e26640c39d7b,18581,8678591,215339,18455,8673426,215339
655c5ce48877d4af,24927,15015560,213317,24770,15008474,213317
6580109f44c5adf2,29364,19444505,216076,29234,19406884,216076
659606fe3e614c73,51253,41385890,214318,51107,41340661,214318
6596adaf293a99d8,101549,91647182,213250,101458,91641859,213250
659f7bec88dce968,49984,40102950,215501,49885,40101871,215501
65a03b4f86fde65f,20959,11058853,215282,20843,11053687,215282
65a76ce4aa81b639,94706,84747541,214142,94561,84795260,214142
6601ace8cdadf8d2,,,,17531,7739173,214750
660e41acc4e4c346,101248,91346464,200686,101172,91337915,200686
6614b8704a0bbd40,90997,81102204,212999,90900,81099838,212999
661cfdc554c162df,112195,102334312,213076,112107,102332679,213076
662a69afa854fa0d,35688,25794901,214312,35565,25787275,214312
662e618b5758ed6e,26008,16120369,212298,25877,16105522,212298
6650352343fa0b67,63423,53556224,210695,63312,53540402,210695
66754d50181da30b,80511,70616786,208271,80390,70620975,208271
66778c52580d4c72,51508,41653030,215091,51362,41582346,215091
66816e3107a4bb98,118755,108862507,214645,118639,108841661,214645
66be2cbb0880dd8e,19478,9614706,213238,19431,9610499,213238
66c956dfbbf1c363,52420,42553629,215941,52331,42552255,215941
66e5f0338c2fd7dd,32966,23088284,200081,32866,23080227,200081
66fe33b44f3b6590,10552,655984,203039,10439,673266,203039
671b3daf37524ad6,66631,56766290,218034,66539,56773308,218034
6769823bb39b4cba,49183,39275928,215423,49068,39241995,215423
6775ca2c6bf8d8e8,65571,55722375,472510,65478,55737407,472510
678b74254f21a8f2,90285,80415976,216296,90193,80414985,216296
67a944bd9c3c9c36,34410,24511809,215760,34287,24521647,215760
67b9b4780961ef6e,110573,100604758,214792,110389,100599792,214792
67bd7cfd438a4c26,,,,71412,61647604,150852
67e2100c59e01999,18174,8305369,235980,18099,8314082,235980
67f9d83dba08f9a4,72152,62281522,204786,,,
67fc576ccf88e017,,,,35355,25579283,214071
68135c10394e0573,84097,74221901,216081,83996,74208834,216081
682e89891dabcbf4,103696,93869814,203448,103595,93816156,203448
6836c48866429c4f,111988,102112811,214149,111884,102120572,214149
683c01b1dea652b9,108964,99040791,214100,108818,99033554,214100
684d588f9f1d90b1,,,,76140,66324426,206938
68557a694789a137,32713,22840567,213722,32616,22829110,213722
687887088d7e4cef,108885,98965087,215297,,,
6894415d0e2b8dd1,24744,14852667,215620,24582,14809143,215620
68dc3a545f083df6,78543,68592992,208273,78389,68565691,208273
68f1d42a63236e71,54148,44293669,213503,54094,44283472,213503
68f24e288246a247,118060,108202931,213304,117984,108197963,213304
68ffa61711a71b11,78015,68063907,214575,77844,68056419,214575
690d882e79b0f6f8,13176,3307554,214598,13082,3296140,214598
6916e6e61c7c260d,54999,45119387,215788,54889,45107818,215788
693f270765c1b493,82450,72556697,207243,82342,72551821,207243
694889397df443ef,37273,27407448,202385,37132,27363090,202385
696b6a7baa0fec4a,78030,68095806,213144,77876,68088309,213144
696c30ebdecc45e6,84940,74990235,206498,84800,74998778,206498
6973bf0e878cefbe,,,,77128,67343894,215372
697891e6431e36dc,60018,50144110,215124,59917,50151858,215124
698d57ece1ad3f1f,90224,80351115,208723,90130,80345650,208723
69929796ea598c49,94277,84396210,213181,94201,84435553,213181
69b7b4dfe6ec5ecc,,,,77160,67376787,214889
69c063294fff53f1,13919,4007446,214156,13824,4017487,214156
69c7956d925e7d9a,94337,84447976,214943,,,
69c862b82f4c05fe,61224,51379818,217077,61138,51361226,217077
69d68e625cc83241,65708,55821714,207357,65610,55820698,207357
69dd8232587092c3,32746,22882201,236364,32648,22872030,236364
69eb7efe6b0ba87e,17852,7841791,211344,17640,7823131,211344
69f2793d1e5df84c,90800,80909995,203056,90703,80900091,203056
6a3e4c3018117f4a,58253,48326196,215777,58106,48322295,215777
6a5068d87bf68828,33026,23269717,459076,32933,23173864,459076
6a58c61d9cea7349,108612,98810200,214671,108515,98749894,214671
6a9388f1ec13360f,110663,100704466,213820,110485,100697475,213820
6ab8f32e351c8526,63133,53203695,214299,62971,53191998,214299
6ac07496fe425c42,106095,96180335,213455,105931,96159224,213455
6ad8bc1f3ba22b7a,42727,32838335,196938,42626,32838363,196938
6afec0320c315a79,68390,58398945,216863,68177,58402859,216863
6b01fb821afb69b6,14678,4725437,204713,14513,4718918,204713
6b09a03f8424ffa0,62492,52657753,233368,62413,52635750,233368
6b13598660454b2e,82475,72597424,207499,82372,72582441,207499
6b1cb4da1cabbe35,18733,8854360,215244,18605,8840631,215244
6b35ac89f4d3a7dc,97924,88056095,215009,97817,88046172,215009
6b616e64cd754509,,,,19074,9314746,453408
6b7bbdf631d4f17c,40107,30196126,216152,39961,30188393,216152
6b85aa4acd946060,101631,91744380,215964,101535,91736344,215964
6b8e084abc07d2e0,33425,23438195,188608,33243,23421156,188608
6bb8481b9caefc30,44432,34575506,215486,,,
6bd7a993ad262479,,,,96272,86516688,460893
6be4be4ae48f69a0,13366,3496652,215761,13274,3508299,215761
6bf7c026cb089ba3,55969,46013086,200251,55833,46007401,200251
6c020db3d465a14f,90585,80701073,206148,90488,80683648,206148
6c02a3438c82c25a,91225,81352369,200619,91130,81347914,200619
6c1066887f4c0a29,89745,79877959,216658,,,
6c1213afe16554e4,36946,27073401,149803,36848,27084369,149803
6c28c76af2b36d26,52019,42104553,197066,51952,42099598,197066
6c2c663009eb35d8,76971,67100549,214917,76870,67104625,214917
6c2fb1f813127d1c,23562,13524516,201363,23320,13517948,201363
6c5b3265f7a67cb2,46351,36461877,214866,46236,36453690,214866
6c5e4ea790a6ae7b,117828,107947998,215934,,,
6c742dd2c2da46e3,78068,68180777,215550,,,
6c754891ad78fc32,,,,74580,64761064,213497
6c7b8b2b525c68e8,58908,48978285,216131,58756,48990840,216131
6c884c705851ccae,53365,43461888,214923,53197,43428291,214923
6c8e9658ef7cdd87,21867,11991436,215984,21763,12002810,215984
6cc0f62c880d17e0,82295,72363457,209084,82148,72362716,209084
6cc91b82b38a4a26,22943,13098816,214466,22815,13017758,214466
6ceddb472c06fab3,29008,19159154,454987,28874,19118476,454987
6cfa40b1bfbcc8ff,33749,23895716,218490,33525,23749444,218490
6d01d20a90aca1a5,113674,103834318,215267,113584,103787523,215267
6d1923aa4097dcf5,35737,25856324,215371,35624,25862264,215371
6d1fa448e0eaaf8b,11637,1738710,215469,11515,1730891,215469
6d5879a79f240f1e,112292,102436313,212388,112203,102430835,212388
6d58a44912c35232,25209,15327280,215056,,,
6d62c7fd9a54505b,110950,101058216,214329,110820,101054341,214329
6d679e9675586a3e,38200,28320296,215555,38085,28303481,215555
6d71c8832c7a2672,43330,33464873,215853,43244,33458746,215853
6d8f0fa1989260f2,54313,44453884,213355,54238,44444991,213355
6dc8d8f5a4774bd3,55247,45361704,212305,55140,45360867,212305
6de00c33b6ae27fe,91898,82012839,215111,91788,82006454,215111
6e241938eb20e76f,56205,46321705,214260,56107,46309521,214260
6e684835ab3dac03,72550,62650015,216961,,,
6e7e78ac2cbce1fc,,,,78292,68465069,206537
6e83d4ab19d8da1b,45895,36047091,214308,45805,36020112,214308
6e8885791d49131b,95975,86209566,236681,95846,86061233,236681
6e9b2c2bb181bd84,36743,26883399,217626,36658,26879577,217626
6ea3cb9980babde7,54712,44855968,231741,54603,44824027,231741
6ebe8eee2686aa89,93565,83665474,213087,93439,83655085,213087
6ec24610e35880fa,107165,97288315,205314,107081,97258439,205314
6ec5eab3d04806ce,14973,5063220,215981,14828,5053855,215981
6ecc2b1696ceb2de,,,,28954,19133595,145917
6ed5761c766b9f81,65190,55319633,214928,65107,55320733,214928
6ee3a283b3190364,52688,42821572,235002,52607,42817408,235002
6f184343b43ec51b,109448,99579380,206022,109391,99587237,206022
6f3639a7666da1b4,20990,11094071,216343,20875,11086695,216343
6f567b6a3e241657,83882,73996696,214913,83778,73986106,214913
6f5f4a96fbd1b39a,62035,52092213,213657,61893,52083375,213657
6f6022ff17200c5a,,,,15605,5769853,214780
6f732313a75a8601,13717,3834394,214827,,,
6f8e74f1308b5951,78827,68924459,216099,78685,68881918,216099
6facb4155930b3f9,13981,4073232,214994,,,
6fb3432314f57625,34342,24423824,212700,34202,24422801,212700
6fbffdd6b1753c67,119308,109451262,214803,119265,109441512,214803
7000e164e931db47,,,,116513,106713509,215965
70042f8e9f0be842,78048,68133295,215429,77908,68143455,215429
701bba2078386d54,92066,82198113,213332,91966,82201044,213332
70204f45944f2ed8,68527,58565412,216478,68324,58536131,216478
702dad3c8ae7f76d,72822,62928583,217239,,,
7042d75e6597931e,40978,31065458,215110,40837,31060659,215110
70531d99cf0bf9c4,73352,63483989,216547,73239,63458955,216547
7065f66fe59bfc53,76828,66932299,206708,76666,66884081,206708
709244b851c3931b,,,,58595,48818547,216876
7094618b2c47262a,99676,89811788,213705,,,
7095c22a8da3899c,99633,89786108,213420,,,
70976790d5675b3a,11466,1555964,240232,11332,1564815,240232
70a49c5d8b1dcfe9,62080,52153271,214029,61945,52147038,214029
70bfb6cbe4014e7d,84822,74864670,207151,84679,74859901,207151
70c6f2539ff35704,94613,84646131,214110,94468,84675288,214110
70f81bbbfa3a8069,26495,16524037,215306,26294,16531363,215306
71053f25c4435c6c,82424,72530951,205860,82310,72520070,205860
7112597cb933a440,88140,78201998,216562,87927,78164354,216562
71163c771a9e5713,62401,52553444,213344,62317,52531959,213344
71190c6161d9f649,16329,6426457,215208,16201,6421303,215208
711d8be203928b2a,10110,251214,216167,10016,232663,216167
711fb54d2757e443,24007,14159268,215973,23918,14151804,215973
712ae12fa6a919f1,,,,74757,64943035,215292
7130cd5564ae5ee9,37970,28120043,212101,37876,28101821,212101
715e586378bf9e11,78874,68962055,218837,78738,68935707,218837
71877e9fa619f433,88735,78836612,214320,88669,78832411,214320
719cf6fd432e2ad5,90553,80690165,205431,90457,80663553,205431
71d8418d37392b6b,59842,49952949,214720,59729,49947714,214720
71f3abdc04c59055,52505,42638330,213247,52423,42657712,213247
71f48dd6cb3c1d74,34802,24939919,215160,34697,24911573,215160
71fbfd09a9afa26c,90766,80854079,204704,90670,80859185,204704
72199b67a0b011f9,15490,5580624,199671,15426,5580747,199671
7224f2b524064364,117942,108080865,215350,117856,108069550,215350
72264dd18f530f7a,33275,23276489,201276,33086,23261511,201276
722b37c0298e8156,89247,79356989,215633,89140,79360934,215633
72352d5ccdc3441e,18961,9094231,214991,18864,9101624,214991
723891ec51d1e7be,15092,5213974,215898,14986,5223180,215898
724afb70f1904cf9,65892,56013867,206080,65795,56025824,206080
7251804fb465f117,61046,51167210,215692,60950,51161500,215692
725be42a22cf07a8,13608,3744242,214136,13528,3764121,214136
7267ca85d352de02,112873,102959598,214697,112743,102977534,214697
729c424abe3b2a9a,10060,191096,213895,9966,199902,213895
72a3d512a779645d,94793,84838646,213513,94645,84838594,213513
72a3d5d482070a6e,98814,88877798,214128,98664,88881943,214128
72b3450c1b988525,87721,77758718,215430,87525,77748238,215430
72c3cff67f5e706f,82133,72180236,217767,81960,72181764,217767
72d9e7d906a263b8,104330,94449696,215139,104224,94440159,215139
7320ab59d01a7860,100757,90888747,214489,100647,90880553,214489
734271145821557c,,,,118461,108688247,213829
73432f69d4f51ee2,,,,17813,8052455,214992
734372af007af2cc,15458,5561011,216682,15394,5548523,216682
7351d73163b1e443,64147,54237497,213713,64036,54218609,213713
7352fc7220616f5b,42791,32923328,201406,42688,32905097,201406
7354564bbe3c541a,43913,34003441,212972,43784,34011314,212972
7367cfc9966227ad,10522,624739,204584,,,
7377646f2e20ac26,65831,55946505,205978,65733,55940887,205978
73a29c0722ee8f66,63838,53904881,213201,63725,53899547,213201
73aaa8d145e1418f,39027,29041645,200014,,,
73ad4910b21b8220,32400,22523474,214704,32297,22519373,214704
73b8b55276fcc665,29516,19597356,213532,29395,19580633,213532
73c73555ab10a081,90345,80484877,216256,90255,80473894,216256
7402e3c62155fec8,,,,68046,58284298,215098
740773a8ef38c6db,99796,89926585,213706,99700,89921185,213706
744284b1052f8edd,99826,89962409,212187,99731,89968338,212187
74493f03d7844c59,76525,66397493,216699,76171,66362181,216699
747c44562151e2ae,17099,7180292,212883,16960,7172962,212883
74b0a13198b83d8e,69646,59720331,215701,69537,59713544,215701
74b82ff57f163463,38265,28375021,214391,38150,28372245,214391
74ec178909493b59,34386,24484539,214215,34258,24484002,214215
74ee1759064db8e8,70752,60879247,215210,70647,60883589,215210
7528e96acb2dde3a,114582,104658421,214818,,,
753639393f94e9cb,114115,104230588,215801,,,
7539c1eeb3235b0a,30458,20592475,214909,30369,20600529,214909
753c02e91c51eb34,54216,44353095,216066,54152,44349054,216066
75458d8ba21547f3,101972,92029069,235562,101787,92025050,235562
756e65a7273189f0,58536,48684390,239588,58449,48686373,239588
757080be960e4c88,64981,55109253,213698,64883,55101452,213698
7570e680669b2a30,71352,61469480,214536,71241,61461979,214536
757a00885d05f8fa,20388,10506103,216055,20277,10500216,216055
759f4ca9b567b03b,47578,37712608,240324,47477,37695559,240324
75c178c5fc70eb48,86513,76617001,214949,86388,76600639,214949
75e81500c4ae3663,71192,61325757,215827,71085,61301558,215827
760babf32fec3d65,58813,48924457,214014,58660,48887979,214014
76153df40aa875c1,85238,75339030,214665,85119,75321963,214665
76262b56eb0cbd2d,66479,56605372,215929,66386,56600397,215929
7633111b9948711f,86031,75990106,215214,85723,75943924,215214
764717d0f30a7d5b,92422,82531499,214367,,,
7655c8dedb442038,66287,56431247,215358,66203,56437547,215358
765e845936a72397,109084,99197343,214073,,,
76848a96e4d199e2,90315,80447481,216257,90225,80442154,216257
76933cc9fc9415d4,54775,44927004,215378,54671,44909354,215378
769f7a362a9e959f,29562,19669375,215105,29445,19639090,215105
76b92277ddb3d531,,,,46537,36749421,186750
76e3befbad20acce,19384,9522946,199978,19341,9515934,199978
76f2e72881b90003,114953,105094355,213764,,,
76f7951a8d8db8e4,116773,106847523,216406,116641,106875694,216406
76fb7db8c7a86ac0,54117,44272085,215395,54065,44251712,215395
76fef8877e063ff7,80484,70602188,208457,80362,70582249,208457
7707bc17dde71f87,72907,63032686,216093,,,
7725c311a604599d,11220,1382108,216219,11076,1310599,216219
77395262faae5c21,86333,76363495,217159,86100,76322266,217159
7746cd0ff6376775,52878,43023744,215200,52795,43011372,215200
77507fda2f605cb4,11284,1437332,215170,11147,1377877,215170
775ba3cfdb9c7afd,50885,41010138,213626,50778,41000700,213626
777116ebe1c3208b,105921,95969945,215852,105751,95961610,215852
778bdf7a59bc355a,42464,32594078,214759,42381,32600673,214759
779066330588a3c9,105206,95252113,215663,105035,95242433,215663
77958700be71f7f0,113426,103556162,214722,,,
779730312c18f6ec,82049,72087074,215200,81861,72092546,215200
77a717402439a916,118388,108543294,215238,118291,108529135,215238
77b406ceedd469b0,98468,88615008,213084,98380,88595131,213084
77bc5851d9c1ff0d,13304,3438630,215285,13210,3436392,215285
77daa84724a2e9f7,88990,79088100,215914,88905,79083486,215914
781b75f2abe2ae83,88315,78345428,216622,88111,78324895,216622
783390fa28c8ca1e,,,,103657,93882317,213910
7835c584abaa10a3,,,,28265,18500433,218985
784a68b54365b4c6,46913,37060903,213729,46866,37049254,213729
7878012bf1b3e212,49139,39189078,215414,49020,39181570,215414
78b0462b957e6b70,47816,37953957,215972,47727,37952223,215972
78be6fe91e69e724,34053,24051911,213181,33841,24044510,213181
78d5b1a561c0030b,16717,6713035,214230,16506,6721076,214230
78db9d2e80839714,45219,35357368,215422,45089,35320383,215422
78ddea767e7f3567,36388,26526147,214527,36289,26517153,214527
78f48335a2031a99,101404,91496106,215930,101322,91490314,215930
78ffeb732314c6ea,74866,65013742,216339,74783,64977457,216339
7901bed1a63c2efb,45867,36008277,214158,45777,36003160,214158
795a84c992b4ff55,44873,34984867,201351,44782,34980700,201351
7965750e62fa5f27,66416,56547002,216376,66326,56544018,216376
796bf8afb8d8fa66,62058,52132214,214265,61920,52113661,214265
79735d6ee9fba3a0,,,,80276,70508436,206898
79ca55561429f8ad,64592,54733317,214079,64509,54721979,214079
79f020654a2206c9,70935,61060572,214645,,,
7a41e86f6db14a85,,,,73960,64164817,215202
7a5767b8a8f30168,36447,26587183,214550,36357,26580738,214550
7a625fe9b93f2af8,80623,70794677,208774,80528,70766904,208774
7a68f004ee1650b9,,,,114107,104337990,213863
7a945dd813c31505,94582,84615909,215007,,,
7aad98f0b0aed5ed,80563,70682745,208280,80456,70691275,208280
7ab295ca0660f214,48406,38529571,198927,48301,38537139,198927
7ad6b9c9ffa823ba,113248,103341996,207873,113122,103357263,207873
7b01a5ed4b9391dc,84624,74811905,484449,84522,74772416,484449
7b06b2162473f46e,49292,39401029,215702,49185,39391616,215702
7b11e8c3f1e6ac14,52622,42761434,238036,52541,42756363,238036
7b179194dbb7c550,43828,33908102,213843,43692,33912488,213843
7b38320ad6451dc9,,,,76010,66215221,216355
7b55d889f76a77f0,21926,12061575,215377,21829,12061807,215377
7b7b8b9ad8f66ba4,44934,35061049,201882,44841,35046714,201882
7b7e35ba4c937fd1,85185,75313226,216148,85061,75268017,216148
7ba9fbcbcaad4184,79426,69568559,215822,79340,69557447,215822
7bb5aa7ca625f720,87666,77715229,242841,87462,77678276,242841
7bb95d4e9032d41a,36622,26763290,218559,36541,26762282,218559
7bbe9b573b6ff041,28306,18416335,217124,28164,18380839,217124
7bc2d80fd7d62d27,119958,109993137,216486,119765,109986485,216486
7bcc37144d33030c,69679,59753425,215867,69570,59746439,215867
7bcf11f19aea0961,,,,74729,64914505,213884
7be47bee6dc06a45,24776,14860821,213681,,,
7beaa803285dd19a,58277,48375041,213546,,,
7bf401923a905d55,115113,105257795,148723,115033,105245175,148723
7bf41db07e03b4b3,38328,28440204,214270,38213,28433052,214270
7bffdfae7df9c534,,,,62538,52762485,214189
7c0cc244091170ad,111817,101938499,216467,111723,101930224,216467
7c110fb360a4a118,63805,53873430,216059,63693,53866700,216059
7c2725c911a5e63a,,,,110204,100432948,215809
7c33c3ce92da8e98,34160,24172352,211512,33967,24166611,211512
7c3e491da209d80e,,,,77224,67443974,240025
7c454b45d33024b3,46733,36862471,216269,46683,36857533,216269
7c4db103bbfb28c4,60844,50957963,213573,60735,50968380,213573
7c62c8108c753646,64364,54481303,213694,64261,54480577,213694
7c69d3789b969296,54592,44705203,214845,54467,44702153,214845
7c7bb3af079ae8e6,53979,44120259,214851,53927,44124466,214851
7c94be266f673549,89021,79119085,213270,88932,79113809,213270
7ca1ba1f3d6bbe17,,,,46140,36368078,215561
7cb7ac982702e575,59473,49602075,202264,59389,49598590,202264
7cc80ecf20cb0dc1,27485,17631535,215172,27408,17616544,215172
7cd998311f34663d,114998,105107487,215327,,,
7cf30490a7dc4670,112391,102529084,215881,,,
7d345aed8cb703cc,45080,35214993,214286,44981,35195825,214286
7d3de41152f8fc89,39594,29733297,213468,,,
7d593d76a570a1e9,83164,73183425,215599,82960,73170182,215599
7d7321c77f9037a7,64315,54427432,214508,64210,54421664,214508
7d7d5f0d10fa70ee,13489,3621182,215817,13398,3631077,215817
7da2273e8b8dcb75,29391,19453105,212568,29263,19437209,212568
7dd94fa2412220b2,61730,51777884,201078,61571,51746512,201078
7dfbb8c7416304e4,78186,68318181,215831,78100,68335159,215831
7e019e30fa3604b3,88456,78505810,214575,88271,78486494,214575
7e0bba7ffa7cfaf1,105230,95316057,214093,105067,95281977,214093
7e15153f57ad4371,53032,43176736,214872,52946,43165900,214872
7e37a4ff1575269f,78692,68762253,214304,78543,68726106,214304
7e3def1fb52a66f8,29584,19683553,213125,29469,19673071,213125
7e460938c94de848,58230,48305408,215311,58076,48292260,215311
7e52bc5053034444,31801,21932827,214903,31709,21941566,214903
7e65294eac6e2809,18791,8948100,213940,18669,8908339,213940
7e69301307b8d3db,117323,107404388,204420,117187,107389938,204420
7e8a2634cac14d11,84421,74553926,206390,84374,74548303,206390
7ea110439b3948bc,83976,74087519,216963,83872,74083120,216963
7ec988d75692e1b6,16775,6837952,215621,16569,6789256,215621
7ef09bf7a3463051,111494,101662677,214312,111458,101636986,214312
7f04805f56eef945,79088,69222522,215295,78997,69232953,215295
7f11d6b918065932,92513,82613995,198139,92388,82602435,198139
7f2f11089c6e034b,,,,71939,62156504,215075
7f31cbed2a09d6b0,,,,51773,42007538,146162
7f3fbc447cb8ac25,,,,34988,25207376,215261
7f59b6612f612c00,80789,70934572,207974,80712,70927728,207974
7f8815efa6691fda,50478,40568254,213544,50359,40562204,213544
7f97a34063ee5a47,52287,42447045,214812,52214,42419335,214812
7fb4fe1b40c7e374,26841,16926297,214796,26710,16921344,214796
7fcdee5135b63c13,33532,23559557,205046,33361,23547583,205046
7fe72bec13029006,81899,71932666,217054,81706,71925985,217054
800bc4f970a34f43,33397,23431385,194134,33213,23389697,194134
8018d6a4747df4e8,28782,18901374,216421,28668,18881108,216421
801adb2905734de9,56228,46351113,214836,56132,46336944,214836
801fcc31ae518512,95705,85846556,238995,95591,85825458,238995
8023f178c984f958,11554,1655394,238353,11428,1663947,238353
80304be56e4a0a5c,38629,28783832,212703,38529,28784412,212703
8030f79f5fa5eff1,59061,49140082,212522,58913,49141011,212522
80be0f62ee6a0050,18422,8521104,215138,18302,8518675,215138
8118cddb21adce0e,109748,99851890,215985,109651,99856217,215985
813db20d615c6645,116925,106990972,214019,,,
81571a0b85702197,10208,321847,216835,10082,296582,216835
815b9c2613c74890,67320,57439783,215556,67192,57425396,215556
816259eb5429f8ab,64625,54801691,234829,64542,54757142,234829
817fadca00668ff9,41489,31625690,216566,41423,31666138,216566
818523afbe40fc6c,106747,96873176,215685,106644,96882452,215685
81a785ad267d9cd9,109949,100104404,217120,109825,100049822,217120
81a78703c0bf81d5,56754,46808739,214586,,,
81ac16511c66ef96,67610,57727846,207590,67505,57716772,207590
81c80081a2d45445,64340,54452650,215062,64236,54447992,215062
81ce41a0d68c8d37,111431,101581625,205062,111399,101568328,205062
81cfd83c3af0e16b,61472,51703277,456763,,,
81d558807ddf9c0a,36849,26988469,216200,36753,26968536,216200
81da24a95283ca47,84241,74367307,207242,84185,74361712,207242
82115a60cfae8707,110633,100670586,214085,110453,100664807,214085
822310a967579c3f,99050,89129811,214057,,,
8251a9841724df85,22614,12716371,215937,22490,12721832,215937
8254233ba1fddc84,59780,49890188,200391,59669,49889552,200391
8262f5294f6b8beb,118089,108233261,217164,118015,108229555,217164
82662c4c72bf4d45,80067,70151278,205509,79945,70179656,205509
8271fa547c095feb,96261,86456097,215798,96134,86350933,215798
8291342c5502a510,,,,35418,25652855,214434
82b34f5e838af3cb,119248,109381464,214737,119204,109377337,214737
82c10074f37696ce,77845,67706327,216247,77471,67692811,216247
82c7fbc7d4aec6c9,31418,21518059,214123,31332,21512955,214123
82cdc06a9d8beb5c,91290,81467869,214491,91190,81428167,214491
82d60ff735f500e8,116098,106093140,215676,115841,106053043,215676
82d941eec39d4474,79037,69172914,214608,78930,69169792,214608
82dee9a5dbcd1638,108994,99081207,215443,,,
82ee49f4d4bc9cd2,60926,51037528,214126,60822,51032482,214126
8313add78bf554f7,26941,17051791,214616,26832,17047639,214616
8320f7cb516f62dd,45107,35241136,214171,45008,35224775,214171
83237a4ab0a05cf9,43187,33313935,215242,43088,33320624,215242
8332fc4e5aaf2bb6,23899,14026541,215920,23789,14021465,215920
834d066a3effdad2,20357,10472943,214213,20246,10464555,214213
8353519179c8f055,119724,109813922,212737,,,
8359b21776691e83,62315,52443447,213781,62219,52433111,213781
8385d7f1e9bea394,11755,1874158,215631,11644,1867590,215631
8390ed07c364bdc1,11407,1507401,213096,11271,1499353,213096
83a0ca73a56f6496,88961,79057753,214263,88878,79053224,214263
83a3b122c85ed513,41087,31181895,214849,40957,31171568,214849
83b103b80319c3dc,31587,21699091,214386,31497,21692160,214386
83bb6b59674f3773,25914,16014145,216472,25788,16011934,216472
83d0e7e6245f7197,23875,13998010,216540,23760,13992195,216540
83d2c33688e95fc9,22912,13042385,215658,22782,12987346,215658
83d6a99de2909227,117356,107429576,204570,117219,107421171,204570
83dee660a96695ed,76784,66802854,205119,,,
83f8dbfb799b5bad,102166,92230232,213190,102005,92223350,213190
842ca3a1674bf1ae,47315,37426342,216563,47198,37431351,216563
8430e8a1b662128c,84007,74122585,216168,,,
84324552a9152f13,118030,108173718,239969,117952,108174043,239969
84368293a25da371,105443,95565424,216213,105339,95572545,216213
84628c6e935cf011,72764,62885316,215940,,,
847979b0be38b7e3,108121,98244558,214154,108022,98257090,214154
8480f7b44544d788,50234,40372802,216425,50114,40332329,216425
848d07c6019de643,80536,70653073,207540,80422,70659332,207540
848e75a7d8c36dd8,89681,79808139,217466,89573,79797226,217466
849515700039bebd,,,,114994,105234929,468718
84a7c44f91a8dfca,82078,72117484,215020,81892,72121535,215020
84aa6a56cde87fe0,85046,75109145,204721,84911,75101296,204721
84d7ce22729f3e9d,50856,40975593,214267,50749,40972108,214267
84e9de045b91de1c,93259,83346956,214364,,,
84eb4df3ff3bb826,26792,16871250,216393,26647,16861154,216393
84f02ef1918e2024,91026,81131065,215826,90929,81125616,215826
8504fcfecd3f8334,58156,48209579,213107,57980,48204142,213107
85157e3970f55576,48961,38966202,215835,48833,38961619,215835
85193718088e3c3a,65612,55726886,154212,65512,55748678,154212
85262a61b09f002d,37476,27570358,214252,37340,27554188,214252
852948a7826683f1,40704,30824281,212607,,,
85692c0788a483d8,76717,66668062,205406,76432,66635552,205406
85887cfb9fe717a1,21837,11956626,216454,21736,11960062,216454
85941af395e3dadb,16656,6650478,214278,16442,6657745,214278
85a0f0cdd63ead6c,29885,20025162,212735,29801,20019441,212735
85d329a561779c60,67166,57261815,216350,67043,57261053,216350
85e049b3ac2eb691,92967,83090861,214040,92871,83082221,214040
85fc0da0121b2151,63449,53592102,214892,63341,53569053,214892
860a2d49c6293083,51092,41194505,212673,50949,41182383,212673
860a55b5ab64bf61,33453,23460305,210268,33273,23453368,210268
8618aaac8eca8cfb,,,,119736,109954099,216601
861cd1cba37b6853,11315,1444032,213099,11178,1402130,213099
86322ed9f749ff7d,106892,97042869,466449,,,
863621f45421c29a,76551,66404830,206729,76203,66391226,206729
865455cd310ef7e9,40079,30171668,215950,39930,30165208,215950
866364b4bbe0f93b,59558,49671851,146632,59453,49685693,146632
867d7e838bc5b805,95529,85644684,216262,95413,85625029,216262
869a2dd22f292f2c,32048,22196609,235507,31960,22175463,235507
869fb9250b5694f7,12956,3102812,215828,12864,3103313,215828
86a1137a8bd8966d,112490,102646344,241514,112406,102646352,241514
86cf83bc4c4cf957,109563,99704318,216911,109509,99707255,216911
86cffe3232c987fe,57558,47622192,213953,57405,47612769,213953
86d28cf2f291ce28,86942,77013373,207689,86834,76995750,207689
86d5a4d4e0c25e60,95648,85769902,214958,95533,85762267,214958
86ed4435e66df618,20162,10306555,235766,20058,10274432,235766
87069e27c24fb8aa,,,,62599,52821194,214761
87103c94b20ccfe4,107689,97755359,216540,,,
8724cbccd6ace891,,,,74235,64464360,216806
87360d91b49fcd2f,21605,11752268,214942,21546,11749077,214942
873d0e1fd3f7fb82,92821,82938537,214612,92704,82920432,214612
8755b6c44a0728fd,46673,36805004,218484,46618,36791950,218484
87587e61fd747e1e,42310,32438122,213355,42206,32444450,213355
87688f501076489a,54683,44822041,234122,54573,44804629,234122
8774ad17d063a09a,117885,108022626,214412,117792,108010693,214412
87a75285a128d8fd,29825,19956592,212900,29736,19959600,212900
87b11cfa5c625f99,,,,97602,87792920,213316
87ba1899ecf0b96c,,,,34926,25148518,199296
87c8e57f2cbcc9d5,77928,67891397,214439,77660,67896353,214439
87cc31811491f57b,71876,61998844,216496,71770,61964528,216496
87cc5913deaf92d4,108468,98613127,215710,108390,98607366,215710
87ec8def0968af4f,103087,93201965,198749,102988,93194094,198749
88168fea2dbee4d4,,,,22014,12237446,236191
882eea2e9603d19c,100432,90544735,212237,100328,90563383,212237
883fb4b00cd30ad3,46762,36893577,215751,46714,36889862,215751
8840a1b85acaab34,113568,103705374,216187,,,
886a9baef90f1b3b,63187,53292124,214666,,,
8886c722378ab7d5,78213,68347803,215652,78130,68344820,215652
888d3d1abacc00b1,109995,100132153,214535,109854,100080365,214535
88a032a0f6b1fa1e,66385,56513166,216758,66296,56530877,216758
88a9e7f319b17310,,,,74548,64730911,214450
88af02b40affd148,108763,98838441,214578,108604,98827740,214578
88b0cdc066ddef81,,,,84554,74791667,196592
88b188073e8664ec,40487,30598420,214947,40372,30607292,214947
88bfd5e8b9a27e8a,109876,99991532,215227,109767,99973980,215227
88cee25758ef98fd,41261,31383021,215243,41150,31373009,215243
88d4ef98b41782ec,,,,22908,13105405,216371
8912605b5c39d494,29278,19310366,203024,29145,19379961,203024
892bc2d1379db4c0,71757,61847826,205723,71649,61853201,205723
8930521be5c0f701,60476,50590393,216931,60350,50570857,216931
8948db6b5dc174d8,25237,15333882,214141,,,
895ed5fa1c244e63,93945,84077086,213248,93866,84062584,213248
896631153c9d15de,56539,46684202,215291,56371,46609459,215291
896af292663eeb2e,16687,6679721,213887,16475,6680262,213887
896c8861baddcd8a,104472,94609736,214855,104376,94596110,214855
8977b515f8a9fcd7,35637,25772393,214214,35506,25724136,214214
89819fb2b966b636,21576,11717433,215591,21518,11711519,215591
89978b51f214d932,102052,92102814,216233,101875,92086169,216233
89a41baef80c9023,11871,1994289,216135,11771,2005575,216135
89da0a7a638bee35,23952,14085623,217027,23848,14081107,217027
89dae665b15c606b,83482,73586084,215274,83357,73591724,215274
8a15cc4ee22da5c4,91782,81922847,213222,91664,81895710,213222
8a337f68dc8c8153,36818,26953608,214704,36722,26957431,214704
8a3406d0f795fffa,31505,21609713,213903,31417,21602697,213903
8a363f73bfda3fcd,43968,34057646,213396,43844,34061627,213396
8a5d9fae32c6a0b2,,,,82556,72780610,207964
8a6f183ada36f9f1,100876,91028313,214223,100776,91011390,214223
8a8fc2680adc8d8d,38117,28231707,212820,38003,28240680,212820
8aab1b54e9871a6c,68635,58671306,242706,68450,58668972,242706
8ab0c153e50c8f59,59591,49699427,199549,59485,49698211,199549
8ab43249865a5f02,22355,12446382,214670,22204,12421156,214670
8ab701ce6136c1f3,54623,44736346,215028,54505,44742004,215028
8af92a60cfe7dd3b,103260,93383811,212942,103163,93382425,212942
8afd035a9dd74eae,60956,51071818,213438,60854,51064089,213438
8b01945a9322d435,53823,43932465,212749,53749,43921903,212749
8b020d9dc1b1c34c,24956,15024168,215041,24805,15030646,215041
8b1550b050a2e3ad,73978,64995507,216008,73854,64051726,216008
8b261564f85a5d03,28721,18830154,216814,,,
8b34de6370f2dede,47668,37802506,215323,47573,37790038,215323
8b4fe8204354204f,107537,97543671,205324,107358,97562330,205324
8b8b9719dea05287,38686,28821930,215237,38590,28826032,215237
8b900b4f58bda5aa,12015,2152121,215074,11923,2146361,215074
8b9fcedb2d34f069,50192,40343594,215322,50083,40317479,215322
8bb17bb640e0eeb1,73833,63933553,206794,73715,63920778,206794
8bd159a2d1edd41d,50652,40753110,199915,,,
8bd183dd4f946944,,,,67474,57708327,153848
8be95c35241bddc1,15847,5950761,214363,15753,5938496,214363
8bf0c860771b9426,64794,54937289,237848,64701,54918144,237848
8c1693247cdec0a6,110876,100971211,216131,,,
8c2f46d9816c578b,108099,98217017,214481,,,
8c42374b467ba02e,115597,105733869,213148,115506,105719872,213148
8c5792a325965e27,71384,61592860,217238,71272,61503858,217238
8c60b6cc595c0593,40949,31045596,212501,40806,31040732,212501
8c88149fa4b197a0,112022,102152914,214377,111923,102160416,214377
8c908df974c5cb6a,,,,48640,38875788,200173
8ca5988727f20fdc,20079,10214571,236086,19994,10209700,236086
8ccd20add1c5ff0b,51673,41824183,459673,51596,41836845,459673
8cd97a8f2c367cb5,91812,81928272,213847,91696,81918513,213847
8ce2ee6f1b25d53d,38451,28573231,215051,38336,28564020,215051
8d21c77e73e87898,16857,6940775,214254,16662,6887182,214254
8d28bad11c418c14,68469,58545557,216831,,,
8d447ce98c61b89b,29701,19815737,213327,29594,19819053,213327
8d5c01073b0db025,61314,51455028,214280,61229,51448215,214280
8d5c62c6e2f3df03,80728,70871394,208078,80648,70867749,208078
8d621e2eaeb9ac92,75030,65179702,212318,,,
8d6484d3bce79d85,,,,104598,94824851,214779
8d709586fb0da738,11957,2089030,214643,11863,2084079,214643
8d7e69b067fbf8da,73097,63217456,213329,72987,63200760,213329
8d8d15fad1598834,,,,39053,29259880,216415
8da4cc0a069703e2,12801,2935839,213386,12705,2926315,213386
8da6b84a105602c4,63291,53425308,214390,63160,53390267,214390
8daf7f49c27a11c4,81563,71693479,216487,81427,71647551,216487
8dc253b5adbba8bb,39408,29486585,213985,39334,29568981,213985
8dc4b0b65e5824d2,60336,50447811,238074,,,
8dc570c03fe5efa2,23608,13595018,213256,23384,13601145,213256
8ddd70e0fbed6bfc,33307,23316079,202739,33118,23293353,202739
8ddf92bfbda00918,60987,51102416,215419,60886,51102067,215419
8e1676e5a60d1700,97760,87889502,213807,97649,87857568,213807
8e1f2967b0c6895e,57530,47590587,215067,57374,47579000,215067
8e30b52eca96c401,22641,12746328,216179,22521,12753317,216179
8e338eea68faa7bf,,,,74267,64540570,478764
8e58fccae88676eb,24475,14583718,216020,24356,14580186,216020
8e89563bae5213a3,98148,88284155,211716,98061,88273849,211716
8e9d820107c1a7f4,113911,103986191,215456,,,
8ea6f445a3a8742c,94736,84794446,214230,94590,84796102,214230
8ec0e9cb7be4f77b,44683,34803515,150025,44599,34787757,150025
8ec1c14185b005e5,69835,59918373,215424,69727,59907660,215424
8ed3a352e7a0c3e6,89534,79694067,236335,,,
8ee0f08dbce993f2,117649,107734962,215680,117518,107730614,215680
8f13f2da117fbb5e,41777,31930283,215398,,,
8f39f906ca590eec,55486,45672051,238618,55318,45544969,238618
8f3ef2cee19149c3,64698,54824578,233055,64606,54814707,233055
8f3fe10b9a40209d,90019,80143676,216669,89917,80152651,216669
8f6586a42dfe8b99,64889,55026495,215841,64793,55020195,215841
8f697b91cb9fc861,48990,38998769,213120,48862,38993947,213120
8f7b11a439b4750e,43128,33271116,214413,43026,33262549,214413
8f94c922a43fc656,71321,61440245,214709,71211,61430623,214709
8fa02415158250b9,28189,18287416,216808,28015,18232425,216808
8fa46a1fc3c4b917,119511,109626349,216555,119408,109596956,216555
8fa6010c57362048,,,,86540,76750244,151111
8fc91ce206c6fa54,70545,60690019,212750,70465,60682233,212750
8fd24ba722a4c47e,77445,67611026,214141,77063,67297574,214141
8fefb9397a191cf7,,,,14463,4697632,205104
8ff8cd2c044c086b,111024,101144118,213440,110918,101152986,213440
9002693ed80bfd95,58078,48106297,213570,57883,48101515,213570
901c8d2486e2634e,13809,3916302,216348,,,
9053c6addce9f795,24806,14868631,214481,24644,14878756,214481
90775e816905d8e0,19253,9400348,200919,19215,9388264,200919
90976a8a9e01f9f0,64950,55077215,215024,64853,55080152,215024
9097d26623e219a6,85316,75428186,213841,85204,75427422,213841
90bd4b7ce148dc61,102872,92988167,214201,,,
90d0445738bb40c3,35154,25293276,215189,35018,25241155,215189
911b08846bfdd52a,49804,39933063,215179,49704,39918127,215179
91255da7ac6c1fcb,77904,67819290,214777,77589,67825078,214777
912a16131db7f742,26635,16681021,199740,,,
914c2fa829fb2d18,56043,46104942,214036,55920,46099937,214036
914ced6ade67e119,,,,101043,91222479,147328
915158b33bfe51f9,89504,79654257,242548,89414,79637664,242548
9161d8a1ec7ae86e,68296,58352219,217392,68080,58313901,217392
916485ea768324f9,12432,2552140,152895,,,
9166486f15cf02d2,107630,97647826,204820,107455,97689754,204820
917229c7431a7881,46192,36311693,214137,46075,36291307,214137
91bc9c5cbe9708a4,92010,82149206,214517,91907,82141621,214517
91c2d6553c60d2c9,13397,3533094,239471,13305,3526270,239471
91c8a1d5ce4103a5,114143,104236213,239547,,,
91c9160590be01e1,54653,44773702,238750,54539,44776261,238750
91d082c5c389273f,17051,7128510,213452,16899,7109904,213452
91f544719190e92b,39306,29341906,214326,39210,29445217,214326
92084b6c999f8660,,,,32976,23183971,148508
920b0367318b2937,57282,47332053,215849,57123,47325046,215849
921027fd43e11313,44904,35035444,201037,44812,35015791,201037
924f0f5db83a2253,79388,69534238,216792,79309,69543857,216792
926790353263dede,112256,102431312,238320,112171,102405318,238320
928945b3aeaed0e3,24042,14187503,241170,23948,14185126,241170
929b2ab895997764,12681,2808547,214952,12584,2800378,214952
92b50a542963d997,62343,52474316,213884,62251,52464265,213884
92c8e3cdfc0202cf,18074,8184843,215881,17977,8180449,215881
92cee6b98e2dad53,107948,98004317,216402,107795,97996868,216402
930bf1ba5368f4a6,53063,43210861,215763,52976,43201282,215763
931d3fb4a935da09,48374,38502827,214842,48270,38503758,214842
931f907e2bf69d8d,75946,65973300,215996,75705,65939842,215996
9322c5848f287166,71787,61879862,204569,71680,61869016,204569
933000b541e0b947,43885,33976061,214885,43753,33983533,214885
9340b05bfa628d7a,93474,83566137,238641,93308,83546198,238641
934799203134b1ae,110121,100223073,213631,109976,100213526,213631
9348386469e8b988,116404,106455950,216431,,,
935570f8b504ecb5,18147,8289164,215239,18068,8283712,215239
9361377f81e429e4,70904,61045574,216207,70807,61041097,216207
9363e759dd515cf4,62172,52297551,215931,62052,52275843,215931
9378933f0e276281,91084,81226618,212512,90987,81191247,212512
93a909aadf1afed5,116455,106498273,214971,,,
93baaa3c604ef865,93415,83508906,214243,93236,83468155,214243
93ed86c301b7daf5,72015,62167925,214309,71911,62123922,214309
9401f9436b12ba02,,,,93055,83289306,213844
9408b6f3801f8fe8,102808,92920093,215369,102704,92913556,215369
942647342b255535,44611,34767756,464818,44527,34776703,464818
9445c5c832ee069f,49677,39792428,214992,49577,39783720,214992
945a7d94a35d593f,,,,95976,86187580,215287
94743354319f3842,110799,100868547,238174,110640,100858693,238174
947673f829164206,55156,45268087,217020,55047,45261376,217020
947711e1cd6b7672,,,,16298,6527468,213578
947d95c23fb9a8a3,46288,36430572,215677,46172,36399342,215677
94843fed52c515ed,103374,93519517,212380,103284,93521161,212380
948bf8dc972f823e,101493,91586312,215106,101406,91582222,215106
949f299007977ff1,88662,78752782,206642,88573,78734402,206642
94a887b29dd2cabe,102997,93122829,455228,102896,93134471,455228
94c18aacb5ff7084,83270,73316030,244027,83086,73306237,244027
94c215ff9d100b19,39623,29754189,213732,,,
94cd81c914dca307,43771,33845468,234086,43630,33843988,234086
94e519a858d41263,47227,37340754,213589,47117,37340586,213589
9513ad2111d90d5f,90676,80817814,208446,90579,80778983,208446
95287e5c56f7d5a2,,,,111098,101341554,471244
9530a3528a2dbf66,90848,80944029,202202,90751,80930675,202202
953f327bf37e8b12,118876,108976097,211801,118764,108969600,211801
955d1005c7b3bd79,50014,40134116,215279,49915,40140697,215279
95738fdc0c1653b9,102903,93051868,213741,,,
95880d94019bbdd8,73194,63313980,215885,73083,63293032,215885
95925a33799c0990,,,,48681,38876478,200248
95a3d18e8ab15643,97533,87619398,215178,97424,87582154,215178
95aa1667287890dd,102840,92952164,214483,,,
95d0d3e0006024d0,31265,21357331,214022,31181,21352410,214022
95d20be9517f120b,12860,2994729,215073,12767,3006016,215073
95db18922f494c2a,73776,63834206,207992,,,
95e5908598875ff1,45838,35981418,214444,45747,35981494,214444
95eb5b0cf1f839a7,118628,108727002,213568,118510,108717017,213568
9635215278d3b4aa,84450,74588730,206601,84403,74579623,206601
963bf506b9803304,109171,99282946,216032,109043,99265098,216032
963d2455a8a8c6d8,115626,105746058,214280,115534,105748518,214280
963fb1154af66b8a,11346,1462507,213533,11209,1428536,213533
964936d6fcbb4f0c,19630,9772353,212466,19570,9763812,212466
9666af1e7bc2a823,12105,2252614,213626,12017,2252672,213626
9696d95cd70d11e5,46853,36990607,215185,46807,36985891,215185
96a80b3fb9b3b290,,,,52235,42444822,214761
96c015ca8c5f71f5,105981,96048250,215012,105812,96033042,215012
96dbdec33a08713a,79489,69622974,218075,79401,69630529,218075
96df9a08fa27c8cc,27035,17166334,202485,26980,17159213,202485
96edb896b7716fb9,38511,28630449,215264,38404,28635419,215264
96f0eb755ba4905f,84301,74429658,206008,84249,74420158,206008
96f9875dcc9784c7,51313,41414175,214419,51179,41402193,214419
96ffd5690a82cff9,72312,62417069,215351,72212,62413151,215351
9738799a47550eaf,67669,57798743,207728,67570,57782109,207728
975b9d8465be7e38,89929,80045688,215597,89817,80041881,215597
977833a62969cb08,67763,57911357,209348,67665,57894172,209348
9788a9ca00ede455,14586,4630751,206610,,,
97a4ae46aa66c13c,89366,79492406,216164,89266,79503192,216164
97bd485c7a102982,12313,2434591,203868,12211,2440822,203868
97c888eb8e26a5c3,81722,71913767,217258,81585,71808315,217258
97dc6dca2e4466fe,49249,39350105,215417,49138,39330148,215417
97e4d8f4bd1d479b,90736,80832085,205382,90639,80820876,205382
97fde6df02af037b,94994,85083310,212954,94857,85074130,212954
98043574dfd14389,107134,97232705,204190,107051,97226463,204190
980ebed9a080c8e6,87824,77867339,216437,87650,77863287,216437
981d665db85a2325,67898,58014702,207103,,,
9833fb096a396d41,90193,80320038,207833,90097,80312780,207833
983882f745a9073b,84762,74821834,207088,84619,74820926,207088
9845cb9fbbad8f88,59118,49201087,214827,58973,49201302,214827
984afe1cb5d8613e,104990,94998427,214488,104773,94992494,214488
984db4276c5130b0,,,,92094,82310181,213318
98521bb4a8cbc4f2,28283,18373087,216136,28134,18361074,216136
98a99c7701711d31,16048,6191805,214710,15937,6160934,214710
98aff1585a47ff66,30980,21123715,213085,30900,21131524,213085
98b4f0a221545eac,30855,21001917,214772,,,
98cb1a385746f710,52447,42580034,213711,52354,42580108,213711
98e60e97b1b8ac67,69742,59821447,214383,69633,59818206,214383
98e8026c50730b3f,91480,81595485,238176,91348,81585523,238176
98f1793d201c364d,79766,69908313,215806,,,
98f680cb24df533c,119100,109219643,215600,119046,109214554,215600
98f9e29830e307dc,36358,26489658,213816,36259,26486953,213816
99010c794d8e862f,,,,55612,45786565,145638
9907ec13c9269176,118934,109038405,216566,118824,109042763,216566
99152c6926074b91,104500,94632757,214454,104406,94627367,214454
9919dc94615dc1b3,33994,24012077,240682,,,
991c6f3247abe51d,85768,75743439,244100,85500,75722496,244100
993a91bfdfcc1eac,104415,94542097,214952,104316,94534095,214952
995bb0ed2dfebdc0,14522,4564215,206205,,,
995dc2ab4080806a,43009,33124131,215032,42897,33131239,215032
99665bd8784579eb,,,,87161,77389521,215988
999f9d30b4b26740,49091,39149604,216460,48969,39119999,216460
99bbc94ab740b540,34135,24142220,235937,33936,24137067,235937
99bf71c518462a4f,18643,8753600,237230,18515,8744961,237230
99c0f61c728d4a09,60814,50925467,214411,60700,50938209,214411
99e0e2b5532b483d,31329,21422723,211977,31243,21416433,211977
99e16664bbe0da04,42340,32501529,213650,42251,32491423,213650
99efb512959bd0bb,75060,65191239,214465,,,
99f6967ff48df17c,11667,1809742,215526,11548,1763505,215526
9a2163b4ad7d90d4,47197,37299484,215401,47090,37300733,215401
9a250e1ddeedebc8,81591,71812979,214559,81458,71672212,214559
9a5348c68d25810d,95775,85936509,214804,95649,85882780,214804
9a5baf3a8cb3e380,62540,52712243,212021,62444,52668034,212021
9a5bf733a0488178,37395,27505727,214578,37257,27491241,214578
9a661a9df715a7d0,105575,95721096,214136,,,
9a6d6442adbe6665,22503,12625238,213155,22355,12588343,213155
9a6f9f94d3949ca8,28058,18076399,216264,27859,18093492,216264
9a710f6852c431aa,68181,58344487,214377,67972,58216381,214377
9a80243517d57d8d,,,,74421,64607861,215422
9a81d9a01b6fbc5d,53627,43698741,213368,53483,43694057,213368
9a99bda75d111dd3,89303,79416676,212986,89193,79420405,212986
9ab13fd3298352ff,,,,82686,72920441,214565
9abc06ea2c9b2c8c,39230,29253176,215129,39133,29262342,215129
9ac8ca15516e2725,53655,43741362,214555,53516,43732771,214555
9b0677bfce3124d4,20294,10411628,215475,20185,10402634,215475
9b11a6103b4ca50b,83341,73433803,216385,83177,73409292,216385
9b24edd35d197d93,11784,1899350,243545,11676,1896076,243545
9b4846719aa68ef8,44778,34885791,201249,44692,34880386,201249
9b5378b1190ccad7,42694,32809259,187281,42594,32824528,187281
9b90a95f872e598c,23704,13733744,213357,23524,13728873,213357
9b975ecabfd5a57c,52941,43084739,216548,52857,43073077,216548
9ba78408d1dabbc7,64219,54309510,214823,64111,54303708,214823
9babe6802f355d39,115227,105334357,205352,115143,105321565,205352
9baf9d03f81abcc5,116866,106968385,216653,,,
9bb1593b94b61b62,91168,81299067,215389,91074,81308787,215389
9bcb8ba69b8e4f69,88110,78194567,214531,87890,78129037,214531
9be22ec71066005a,100462,90575983,215077,100357,90581282,215077
9c3535cbf05b2570,25819,15921252,214410,25704,15911320,214410
9c389ad54facd8e7,118311,108456293,216272,118225,108460254,216272
9c3b72ee33a09831,100309,90424940,214061,100207,90426146,214061
9c3e0e6ebb8a0713,55802,45826640,202269,55645,45814916,202269
9c407fe0fa5c2f42,91754,81893116,215580,91633,81854301,215580
9c4676caef7ab4f3,11589,1692656,212999,11465,1699964,212999
9c4b5b4f59a2f180,58939,49012043,214632,58788,49012754,214632
9cbba64e150fd022,,,,85416,75654089,214813
9cfb218763cefcc2,62818,52955776,213452,62630,52867412,213452
9d17102693eab3fa,64731,54864459,213016,64638,54846355,213016
9d3674483133df19,114520,104592296,213997,114377,104597315,213997
9d51c98e0a071def,86788,76857426,205913,86681,76834956,205913
9d670274bbd3c9f8,19223,9368158,199251,19183,9354847,199251
9d75cb12d87763ff,65160,55314729,213838,65076,55303982,213838
9da771558a31d2f0,40919,31002550,214233,40775,31012251,214233
9dbe0bf497f1d049,63024,53072024,213693,62851,53080344,213693
9dd007a226bea6d3,30949,21092049,212701,30869,21101004,212701
9dee985e49724066,,,,35325,25536439,215010
9df4d459b1b4c978,62430,52589242,215501,62348,52562114,215501
9e01af21b69d73df,100965,91105432,216384,100869,91100728,216384
9e14ca197b7791c0,25978,16079707,215796,25848,16073729,215796
9e1a741933ab96b9,84360,74489046,206667,84312,74483658,206667
9e488f1a55d95efc,86207,76204278,216037,85905,76142155,216037
9e5939666a4cd612,67228,57333980,215383,67103,57323311,215383
9e5d8694da2be539,73258,63369144,216562,73146,63362047,216562
9e719b2c912b00d8,111760,101876299,215443,111672,101871025,215443
9e8393796cf00554,65491,55632797,205825,65416,55631342,205825
9e882f7190aa34f1,37776,27888005,215224,37657,27881029,215224
9eb003f638a2a63f,27999,18034515,214457,27794,18015195,214457
9eba71ba408f8b24,81275,71336035,243838,81110,71345618,243838
9eed018f2de802ea,31694,21824504,214047,31602,21811494,214047
9ef3293caaf94743,37303,27415121,204447,37162,27378695,204447
9f0f07c25b1e2ec0,23583,13559688,215311,23350,13560464,215311
9f198294267f6a30,56389,46520055,237887,56268,46506451,237887
9f4b4ea383943e58,83787,73898115,214861,83683,73918002,214861
9f530987549a8fde,,,,40622,30864570,147039
9f623a2bac6d9fe9,58425,48553746,214713,58320,48541576,214713
9f65aa9a31984213,72963,63090446,215907,,,
9f6660b416197b03,106974,97069675,149753,,,
9f66e0ae410b9c3c,67699,57828766,208779,67602,57814563,208779
9f68aa2185a91d32,23666,13670118,217203,23464,13665347,217203
9f7cf34d6ee5b559,,,,15632,5799560,214105
9f7e9c49d6f1b46a,26916,17027815,214416,26801,17019871,214416
9f9b03ab8f9db9c4,,,,75956,66194442,215116
9fca6eba92585836,72072,62200825,215851,71966,62182986,215851
9fcade06e9c240f2,,,,74485,64665898,213330
9fcb12534b255c56,74877,65018237,214231,74810,65014682,214231
9fe300ea3c454689,45477,35587840,215671,,,
9fe60b14d494aec5,99603,89751768,214407,99513,89753813,214407
a00c7bb73503b068,59336,49454521,214096,59239,49466493,214096
a01bf50d6ff7453f,92094,82256219,213132,92009,82247410,213132
a03871ecf86a8862,82191,72252651,216563,82026,72261193,216563
a04429bc6012a934,54499,44609863,214978,54380,44605098,214978
a05bdd7b223a785d,77916,67882779,214813,77625,67862762,214813
a09867f36eed702b,87637,77680574,215854,87429,77640999,215854
a09d1daf6838fc0d,117594,107678114,213257,117461,107679525,213257
a0e6b223de29ff9e,28593,18689218,216659,28476,18684638,216659
a10c6be388fe4b1f,86819,76876360,208648,86713,76867861,208648
a11b2784dd51fe9d,50264,40389962,214767,50144,40369518,214767
a13d56ef275d7741,14553,4623748,205830,,,
a19abc65134762d5,62687,52832537,215433,62507,52728678,215433
a1a94a5375a9f33d,105370,95473300,215044,105251,95462787,215044
a1d2ad481db39daf,46502,36635072,215482,46391,36627147,215482
a204a6893d3cda3b,19075,9219431,215011,18990,9228091,215011
a23f113c878cac4c,106465,96591258,218867,106367,96582681,218867
a246462403f021d7,89899,80031510,213907,89788,80021903,213907
a26facd78b387705,67502,57632914,214309,67390,57626144,214309
a28b9f2e3e30ce43,62011,52060685,212809,61867,52054075,212809
a293b95031a33c36,46793,36927478,214824,46745,36922165,214824
a29a84297a2c5a32,29443,19501989,215452,29317,19491130,215452
a2afeec9c3181a2a,28842,18949128,216941,28729,18947335,216941
a2b31f16dab73432,46884,37030777,214009,46837,37018786,214009
a2c76882d63f8374,108506,98651697,213739,,,
a2e4bb7c678b1988,84390,74522548,205465,84343,74516176,205465
a2ebcb89348d5a6e,49925,40047538,214794,49826,40042446,214794
a2ed02fa0225bd06,,,,68013,58250258,215386
a310919aa66cd8bf,46107,36215742,213831,45990,36220546,213831
a324a7f1a872a84a,53746,43882206,212418,53655,43851362,212418
a32ee1ac309c8b27,,,,27609,17847709,216156
a3489a0bf419b2e3,,,,74152,64364773,214534
a362725622bc17b5,98754,88850818,213783,,,
a376525caf71b99f,34108,24111467,215031,33905,24103515,215031
a3942fc2d13904d8,16908,6983245,214143,16723,6947900,214143
a3a60f8931c50a3e,108170,98303582,216053,108080,98312469,216053
a3c14b4d4a0b2b30,44215,34357253,216637,44119,34353284,216637
a3c414172e671dc2,106411,96534697,214942,,,
a3c64788d225fa35,63344,53484133,213890,63222,53449202,213890
a414e4b5a9b66254,,,,90426,80660798,152565
a4363d6fd673c067,15872,6008865,214307,15776,5965428,214307
a44e45af72b708c1,70514,60657279,235711,70434,60654709,235711
a45cadde8b7b28bf,,,,57313,47514891,215074
a45f14b92ec577a4,86314,76349436,215813,86069,76302361,215813
a4707adb2cb439b6,17075,7147631,213571,16929,7140767,213571
a4751118279a9c7d,23517,13469597,203399,23260,13458605,203399
a47e8a3b64739f7a,24566,14682760,215167,24449,14676748,215167
a4cd2a9a4f4236a8,17219,7484931,234887,17050,7278629,234887
a4f38fa228469146,119160,109301140,216163,119111,109282105,216163
a505ab9f7cd7efe5,16214,6333572,212697,16086,6321419,212697
a50788e629413923,66067,56192321,207510,65978,56192189,207510
a514ae58c4100e68,12156,2300936,215962,12048,2283149,215962
a5278b75b110b04a,63369,53493752,214688,63251,53481779,214688
a550826e2c321348,92796,82937723,214487,92675,82910084,214487
a557efadeb787c67,39529,29680336,214801,,,
a55eb20e9197ccbd,73622,63696095,207336,73499,63668027,207336
a578bf08d4e95c8a,48933,38944942,201894,48805,38936185,201894
a57b73f7e5c1ce26,75088,65233411,214750,,,
a580b4df32edd504,91253,81388368,217095,91157,81382401,217095
a59c4cd3c75f4eff,45972,36125562,216165,45864,36100988,216165
a59d243416f1fa2d,69357,59500423,212630,69259,59481787,212630
a5bd6a75a5fdad1d,20800,10909379,214559,20683,10891632,214559
a5e522f4a3283991,58051,48068595,214812,57850,48063932,214812
a5fe2464fc915a97,21488,11624751,216705,21433,11618430,216705
a5fe93b46cb60976,83531,73674286,213944,83425,73661780,213944
a6026088ef1f9cce,30492,20643000,214790,30403,20640998,214790
a60da822322fb06a,,,,107256,97494059,192094
a61acaf515475940,20326,10444813,214164,20216,10433832,214164
a6376ed87c0eee6b,27063,17192920,200490,27012,17186660,200490
a6522c1cb967f929,53274,43353941,214745,53105,43331606,214745
a6574723e019685e,44391,34540984,216878,,,
a65887ceff1a300e,68659,58697587,214070,68480,58690711,214070
a665e4a0eedb465c,29492,19557510,214664,29369,19550674,214664
a681b165282f34e7,11437,1525790,215933,11302,1521119,215933
a68384b22a3bc87d,52388,42532916,214498,52307,42521501,214498
a6a097d697264896,,,,104569,94800779,214080
a6afd8fd50dade09,94922,84998178,214586,94779,84984964,214586
a6bb8210519fc441,11496,1591012,214329,11363,1600791,214329
a6c53299b92f09c2,73589,63649472,206887,73466,63633722,206887
a6f2aaba2a63fdc8,15947,6123944,214965,15844,6052652,214965
a6f84bf1fdb00adf,55943,45981132,202185,55802,45975801,202185
a70f2b00f706fb8f,,,,50476,40710097,197830
a7310784c4b693b7,102220,92297437,216555,102069,92285793,216555
a7311284974dd0d9,52216,42335820,213326,52149,42331698,213326
a7324c4021ca0ad3,81393,71458381,217860,81246,71460938,217860
a74706198a868963,89638,79790465,215710,89543,79777121,215710
a7571f5ae0b57c68,109812,99915916,213346,109709,99912425,213346
a7832a2fcd22bc6e,43157,33282781,213360,43057,33281084,213360
a7b73e5107128afd,91140,81268545,214931,,,
a7cc170c4c14685c,10273,378357,242098,,,
a7d6739994ebd0c2,32842,22974783,214507,32743,22961322,214507
a7e5c4b37927388f,20927,11029856,213412,20811,11020447,213412
a7eb37149cbc1185,59718,49825978,201204,59609,49820299,201204
a80a9ed6488319f5,91983,82123477,214349,91878,82118034,214349
a80ab1d2da4edd54,14851,4920518,215566,14675,4913773,215566
a80cf2ab6cd8ca9e,40550,30656496,215273,40435,30650489,215273
a811ba68307d3bc5,54884,45009191,215739,54773,45001650,215739
a81a73cc7523a197,18904,9049689,215315,18798,9021243,215315
a84847ff70b3bb1d,115324,105442558,204092,115239,105426905,204092
a85a2f0258c2538d,87799,77848517,215425,87619,77830618,215425
a8650e8ab58541c7,116475,106526253,215357,116337,106571164,215357
a86dbbfe246f318e,108077,98193113,217484,107961,98200510,217484
a88c6defc3d328f8,30636,20784108,213256,30554,20771059,213256
a896395cc206b2ac,97875,88049295,214042,97768,87997319,214042
a8a5b72374128d50,57065,47164293,215912,56918,47142822,215912
a8c6fd6462491d6a,66870,57005745,216771,,,
a9005ecf36ad9367,36143,26260741,217088,36043,26253202,217088
a91ea2925c7674ef,117621,107721713,212473,117489,107707964,212473
a922496b2b44d641,59622,49731320,198177,59516,49724273,198177
a92fb4874c890a00,19688,9830052,214305,19622,9821238,214305
a943e9f60b00a881,106011,96091213,242638,105842,96075446,242638
a95d069ad3b063b2,56722,46781540,212807,56550,46766594,212807
a970ee4ef86deab3,12527,2644986,205730,12427,2640230,205730
a9a11c213d54059f,52476,42622328,212565,,,
a9bdfc037bfcd566,45571,35690641,213797,45466,35671954,213797
a9dcf73b5ff92c7e,26467,16491848,217270,26264,16502725,217270
aa24180501398a15,47906,38044941,214048,47817,38051232,214048
aa24ac48f5ba358a,69774,59854130,213939,69665,59851450,213939
aa27bca70f3726b8,102502,92636319,214379,102406,92642677,214379
aa2b2f526c3106a0,119368,109511136,215384,119323,109503733,215384
aa36c06edbd3cd34,66160,56300562,215798,66075,56283937,215798
aa6710db3afb1a2b,21517,11656862,214639,21462,11650114,214639
aa8217014d73dd7e,101577,91683435,213743,101484,91673629,213743
aa82fd1274172f87,,,,97398,87549740,214190
aa9507ba3cba9b3a,91693,81798319,214328,91570,81783230,214328
aaa77c42b4b0e2f3,94645,84692989,216100,94499,84687792,216100
aabadebf9eeeb6f9,41810,31935582,215243,41726,31961279,215243
aac76fd018455442,65398,55550535,215831,,,
aacb2de225735f87,114347,104500936,215706,,,
aad06067438043fc,99461,89623553,214681,,,
aae18c91987d34c7,103058,93170696,200120,102959,93193237,200120
aae4a4de2b2ef443,,,,104533,94772138,214634
aafb71862e8c6a99,65101,55242814,215925,65010,55248708,215925
ab44e44201888829,,,,109174,99408512,194127
ab4b50bc00bd7cce,62269,52413172,215814,62165,52402119,215814
ab5c1b4810006b15,,,,93343,83561284,211669
ab71e8d5f2cec7bb,94000,84133913,211262,93924,84125145,211262
abaf38c43e98e844,106550,96683933,215052,,,
abc16f089ec0b222,87158,77258070,214939,87054,77246818,214939
abc9b9a9573235f6,98873,88939234,235696,98725,88944843,235696
abccd71628973e54,82397,72491642,207038,82277,72486575,207038
abe1e90d2da71bff,118342,108517790,212221,118255,108488177,212221
abffa19fea3f71a8,40859,30942824,201879,40709,30939695,201879
ac05b97057967a85,47487,37609894,216385,47380,37601641,216385
ac2222ecaa4e21c8,71566,61648805,203857,71457,61648291,203857
ac58426c61b03993,42000,32123831,215614,,,
ac6c37c7c593bab6,32429,22554305,214173,32326,22559333,214173
ac73e5b6fc4af33f,,,,77351,67570127,214905
ac96ca399ed141ec,13844,3935919,214327,13749,3983645,214327
aca312962589e8b7,102323,92422189,215862,102193,92413605,215862
accb0d0603fb960a,83851,73963123,215895,83747,73954444,215895
acd633f7e766eeed,38051,28171133,213907,37937,28159993,213907
aceef4c971866bf6,61760,51796746,201209,,,
acf2740ed74cdd49,76947,67076958,215900,,,
acf466cd6e1877c0,101821,91884895,213630,101635,91859099,213630
ad08d2c9aee45e2d,36298,26432761,214193,36199,26417480,214193
ad197dea03cc587a,118181,108325098,214758,118107,108321735,214758
ad1e64a43369f4cc,63560,53701038,235075,63468,53702929,235075
ad308b6dab137dcb,110604,100640529,214421,110422,100633005,214421
ad3093d12e100cec,46076,36185597,214191,45959,36181008,214191
ad51e580da419333,,,,33648,23889491,241767
ad81c2584f48b12a,11987,2121515,213944,11893,2120645,213944
ad81cabd36628b37,36882,27012072,213243,36785,27001042,213243
ad8dd579dd1b23cf,109114,99212261,215237,108980,99214604,215237
adce415edff96904,86756,76813208,206439,86650,76803341,206439
adf09edaab010635,70195,60312919,215241,70093,60320270,215241
adf2e85bcfdbd49f,67439,57542098,214766,67318,57547772,214766
adf44ded6fe27390,82160,72213039,216216,81991,72221804,216216
ae191dea34c55b4a,106277,96379213,216897,106143,96363632,216897
ae215171d52074ff,54379,44544985,217083,54294,44514125,217083
ae31204d0f8dbccd,18550,8645085,214633,18424,8640737,214633
ae338bc65caee95b,89839,79955837,216354,89729,79953293,216354
ae4a7efd5dbfaa62,117856,107977310,215299,117759,107993642,215299
ae5b5299ffdda1b6,30825,20969290,213537,30745,20962649,213537
ae60e2609cab9fd5,53002,43152042,213831,52917,43140406,213831
ae630e0217e6b8fd,28260,18364919,218357,28106,18340238,218357
ae6977bc1951fed1,15141,5441696,215215,15043,5255059,215215
ae749dd319e4f6ad,116493,106573203,214066,116366,106573589,214066
ae7aefe9c8a0686c,99377,89492756,213362,,,
ae80acda38e29504,95276,85379761,214029,95162,85372908,214029
aea13f38d98a5651,37041,27171943,205195,36946,27161147,205195
aee22a9c9eea8479,99266,89365806,213624,,,
aee4a61710b36b1e,26817,16896924,217273,26679,16891403,217273
aef45f1e0690b675,112628,102739958,216527,112535,102759593,216527
af00f50ff2e8a183,72099,62210905,204444,71994,62211392,204444
af0279eb7130d4de,10431,529749,216647,10303,521989,216647
af28431757a97ef7,85075,75151954,206683,84942,75134633,206683
af405567f0cb20ee,92543,82628198,200666,92419,82622848,200666
af441d9da76daa08,107568,97568083,204815,107390,97587399,204815
af518c155fa9712c,119398,109543580,213298,119351,109536410,213298
af5d4bb567f80cda,71289,61404229,212700,71179,61402587,212700
af6861837d0e2868,,,,81362,71578379,215850
af68ac74190b82f9,56691,46743583,235070,56519,46733989,235070
af6ab28513052969,80895,71029383,214423,,,
af83763f2136af60,38296,28406209,214364,38181,28402079,214364
af8caec722e46617,115509,105623437,213374,115421,105611370,213374
af938ff6d19e1c4c,66509,56635801,216445,66415,56641117,216445
af9abfa488133150,87132,77217250,215068,87027,77213345,215068
af9fab67ec07c622,56136,46229605,213879,56029,46221546,213879
afa57a4f3c44a893,112703,102868075,215423,,,
afaedcfac9e68704,76649,66546533,205471,76311,66502587,205471
afc713def0e85b50,32563,22685290,212253,32467,22689770,212253
afd495006fcedb71,108915,99012843,214417,108767,99004731,214417
afda6c2c082c1d31,67380,57477370,215562,67250,57481943,215562
aff990722e23928d,119541,109741601,213718,119435,109626851,213718
b0546c62264a9102,16883,6973521,211614,16692,6917093,211614
b05dfcd9c70c8706,115291,105436363,204398,115207,105388665,204398
b075bb5168abb3ef,116339,106393149,213388,116118,106341081,213388
b0802f178c1943a9,,,,95911,86129436,214234
b096713f0d697e57,97591,87644950,214118,97478,87645194,214118
b0ad0b3c777fd8ad,14252,4362947,216769,14173,4379541,216769
b0bdcf09d77cae0d,73684,63742790,206785,73562,63731108,206785
b0bf8044aa3a1d95,116804,106864590,215103,,,
b0ece8228a4ea45d,,,,75400,65615885,242194
b1139a97f8c96f6d,,,,76234,66477176,472434
b11e462c0ae1ce82,103855,93962392,212899,103718,93942097,212899
b127f935134a0a7f,72879,62996714,214856,72770,63011099,214856
b13ac961cec6cac7,26407,16425017,215675,26202,16420970,215675
b162794f780bef1c,16149,6295501,213014,16024,6260798,213014
b18e7307892879d6,36112,26226307,214725,36012,26220339,214725
b1922aa4e4faf4b4,84480,74617737,207035,84433,74611710,207035
b19af16273785430,95559,85668179,215448,95443,85662324,215448
b1a7ed572626d20d,117010,107089121,214196,,,
b1aaa35c9a0e87dd,27970,18013110,215774,27762,17976161,215774
b1b41322f8e8ad38,52096,42195744,211113,52032,42191225,211113
b1cff41836a10a78,35664,25785103,214784,35536,25762134,214784
b1d1d3ebb97676d0,,,,17443,7638306,212464
b1db7b41491d3643,59443,49567225,199682,59356,49562053,199682
b1ee9592be632cc1,107102,97201343,204861,107019,97194315,204861
b22838a1586ad09f,53598,43672486,215801,53451,43661362,215801
b229d36b8849b0f1,106839,96969665,214062,106741,96960692,214062
b22e32914995774d,16183,6327127,213593,16055,6280435,213593
b23fbde460fbdf1d,56930,47090324,213505,,,
b255cb7db848392a,103345,93475044,214489,103248,93481415,214489
b260b024b12c0220,47426,37535816,214841,47316,37530104,214841
b26ca5f330d886f1,25400,15523502,216424,,,
b27d4c97cfd2c8a4,92845,82955375,212785,92733,82958024,212785
b27dbeea688ceb3e,113850,103943381,214295,,,
b2c42ecfab8ab5d8,97686,87794715,214459,97578,87762639,214459
b2c96e0d947ca7c1,100247,90361346,215204,,,
b2cb598c28f5be8b,,,,106891,97126350,149838
b2ea6928c4496b6a,118440,108591306,215375,118325,108560043,215375
b2f2ed4519998a37,18848,9010027,213022,18736,8966943,213022
b30024b929ee6247,,,,14647,4883282,216866
b330c9658d554b95,23442,13364896,202030,23169,13369262,202030
b3370e5b27a2c0cc,70168,60283048,214060,70065,60281101,214060
b33a0c909ee8530d,85017,75079807,206487,84880,75068311,206487
b34beef803c6d0a8,32215,22337010,214066,32117,22341225,214066
b35b548462d4260b,103947,94043259,213556,103808,94043305,213556
b37f9b6886505577,11813,1934670,212851,11708,1924716,212851
b38557244c30f74a,110213,100352425,214405,110073,100302223,214405
b38e11c557449e7b,42759,32887039,202429,42657,32876247,202429
b39a95551621b168,37570,27665505,213621,37437,27652943,213621
b3b686275b47c7cc,50828,40961611,216589,50719,40953959,216589
b3e577768409e409,116982,107069724,213786,116851,107068650,213786
b3ef6904e899d529,113482,103608573,214840,113423,103626193,214840
b40b9a8045afb9aa,37915,28057237,237959,37815,28053617,237959
b41beedf4549ac1a,68848,58976188,216905,68718,58941620,216905
b423168f57089e94,32277,22415346,212604,32177,22402113,212604
b42542d14d507e63,58605,48734879,235098,58510,48743618,235098
b4588eceb16d1c4c,68021,58161594,214432,,,
b4cba1602ec448e5,,,,57525,47762939,198200
b4d687b8bc94d446,81455,71634162,216424,81312,71541429,216424
b4db5aa3cd8cac49,27093,17234682,203023,27045,17222131,203023
b4ecdf12190a995a,98214,88369336,215653,98127,88346248,215653
b50943ae8ac340be,43221,33355121,215479,43125,33362976,215479
b511fd8df0af5ed4,100604,90730010,237943,100495,90727191,237943
b51257a8c05b158b,97662,87735529,213180,97553,87731363,213180
b52b7ad96bb05145,31942,22080505,213305,31863,22075310,213305
b52ff8840af59019,57977,47994642,215020,57763,48001351,215020
b53cec821f399947,116571,106733935,215028,116462,106696740,215028
b55fed2df209a39d,80458,70595259,208539,80334,70560728,208539
b57acb29331e21a7,50415,40508160,214727,50296,40500482,214727
b58a2d183727ce58,103288,93426084,214558,103190,93421950,214558
b58d2276b7b7444c,106330,96432350,241830,106208,96433471,241830
b59111a2662bcc59,77784,67616115,215865,77381,67595199,215865
b59597381756ecc6,53480,43553511,214273,53322,43532146,214273
b5a9d6602008a217,43799,33874323,234233,43661,33883868,234233
b5aacebf2969d9e3,41404,31540910,213294,,,
b5bdefa6bb38097a,111461,101612911,215865,111428,101600726,215865
b5cbf636438e332c,36080,26191160,216821,35980,26184793,216821
b5ea813e2c513cd5,93700,83797354,214331,,,
b6003be16714e962,71848,61976193,214159,71741,61933836,214159
b60f3dc2d8d2bca3,25664,15812955,214913,25574,15783855,214913
b6192dec345e955b,58399,48527401,211656,58290,48521082,211656
b62301d4ae67cced,,,,57251,47456989,214876
b6330f78e6616062,102110,92171912,239723,101941,92156252,239723
b681695a71c6c3aa,22046,12217437,215486,21950,12184645,215486
b68c1069a6d59598,88373,78421929,215700,88175,78401213,215700
b6b85bad2d76175a,90069,80197602,215798,89968,80184640,215798
b6c1695982cc24fd,96930,87029047,214536,96835,87031691,214536
b6e295b97b7b2eba,56090,46166016,213265,55976,46161605,213265
b732acde957e5eec,14280,4414391,215751,,,
b7613c20f5dbeed5,99080,89157343,234122,,,
b78bc1b723597b51,30151,20289570,214253,30055,20288643,214253
b796060e42075d79,40390,30494530,213584,40276,30492803,213584
b7a7409e983bc57a,97972,88107227,214131,97869,88101498,214131
b7a7a62ad133c0f9,81930,71963117,217119,81737,71961553,217119
b7b3e7a4bf3d944e,14134,4243613,215224,,,
b7eca09b496a5a82,18519,8617223,215603,18394,8609498,215603
b81b0f84c6e8160d,,,,61665,51871320,183702
b820471390f9ae6c,113453,103577344,214799,113391,103625500,214799
b8375ef859fe5c8d,,,,76108,66288705,204029
b84a4c189b331e83,96700,86792324,214215,96583,86750345,214215
b84ef58d56b251d7,,,,57554,47781178,215605
b85452e215a6712f,85368,75486031,213942,85260,75487527,213942
b889068825715aeb,11176,1329770,213539,,,
b8a26641c2b437f4,76901,67032401,213867,,,
b8b5bfb700c4e7fe,76812,66906245,207427,76639,66854896,207427
b8bb753475133032,118481,108598706,213449,118359,108597895,213449
b9002c0a0bca621e,9891,25143,215140,9795,20328,215140
b911e32d17ed27bf,108196,98333526,216826,108110,98341738,216826
b9362d566cea71b9,103484,93637786,213569,103403,93628665,213569
b94bf48a7e952e5c,98437,88570444,214366,98350,88563861,214366
b94e559f0f1f4b24,109845,99950882,215771,109739,99943100,215771
b9500d26e05e8197,21226,11343240,215306,21155,11330953,215306
b95cf8c017e4062e,83458,73559887,216951,,,
b95e997096d17826,90968,81075849,213902,90871,81068509,213902
b9852fea360266fd,91055,81204317,214087,90958,81161849,214087
b98d26c39db0ba31,37887,28007967,214189,37784,28019057,214189
b99256a42f4c7c79,19981,10124738,215409,19896,10112012,215409
b99667e764594bd5,23828,13926442,215559,23702,13922700,215559
b9b62f2862959492,58350,48457589,214376,58231,48450444,214376
b9c015c7a8aafcf2,111339,101486946,204301,111307,101473194,204301
b9ce886be0a91a20,19018,9163733,199699,18929,9158302,199699
b9d278333800f2ac,74942,65067577,213326,,,
b9e64934ece57978,95114,85242281,213818,95009,85248264,213818
b9fc042c9bf8c33a,65739,55853636,207800,65641,55860579,207800
ba0526a5d8d9f816,91954,82115525,214270,91848,82080085,214270
ba07a284eba0f64c,,,,99178,89412982,214424
ba0c7193f65d4657,42581,32713353,215378,42498,32711208,215378
ba1369b58ca15a33,51122,41229299,215221,50985,41222055,215221
ba2f8c048ea8bc2b,89108,79216351,216169,89011,79211431,216169
ba4e4bc6a6cdc54a,80958,71085747,216434,80871,71080847,216434
ba83f7923519ca5c,43649,33741540,213103,43497,33724089,213103
ba845dae4b5e5be7,31774,21911254,215045,31683,21917399,215045
ba868cd71db868c1,103423,93564560,212684,103338,93552094,212684
ba97dfc69536e498,71461,61627170,475583,,,
babddea130384a76,32527,22673147,235551,32435,22672593,235551
bad6912dfb7ab429,86881,76997996,207227,86774,76931993,207227
bb0e7efdbacc09b9,99349,89457326,214287,99239,89459886,214287
bb151d18d4853452,77023,67171952,214916,76939,67172162,214916
bb166f8fc18febad,60439,50585318,214979,60319,50540347,214979
bb20b04f9303aa3c,,,,26141,16369231,215664
bb2243803416491b,43995,34097151,214041,43875,34108588,214041
bb228f7a66a0cc21,110850,100945002,214982,,,
bb488f3bd4d9ab5d,108372,98515259,215662,108296,98510428,215662
bb5a68df99dfaf0d,,,,101610,91836581,214265
bb5a85c872370d43,108824,98903015,213790,108671,98908725,213790
bb7f493de277b859,66600,56732314,213254,66504,56741760,213254
bbb3e32740e69f09,107659,97693662,215225,107486,97690414,215225
bbb484ca38064f75,37011,27140991,204459,36915,27129825,204459
bbd4e033463068b7,45135,35305116,214103,45035,35255559,214103
bbdd97c43613f065,116315,106373238,215806,116088,106308421,215806
bbe4b0d8343ade4f,50446,40546113,213364,50327,40528283,213364
bbef8427017dd7b8,14925,5012772,215641,14769,5001679,215641
bbf3c30ba05bfc29,20047,10181056,214068,19962,10176788,214068
bbff8ce2f698ed80,21256,11370554,214260,21187,11365543,214260
bc12f8c07d80ed0b,,,,74322,64560147,193860
bc5ce0676d9db52b,116215,106213268,215821,115966,106173061,215821
bc64fc17b2e33761,59255,49358691,212660,59131,49366786,212660
bc72ccfbb051e582,63104,53195228,212560,62938,53153302,212560
bc80300d065472f8,40519,30629806,214600,40404,30621152,214600
bcacb8506f4d9952,70421,60562876,215285,70339,60554703,215285
bcb0f22491100c7c,20538,10667005,214362,20426,10662685,214362
bcc4405c3ce3a268,42854,32970315,212591,42749,32960843,212591
bceb264f160db109,20567,10684669,214163,20454,10681279,214163
bcf78feb999ebec5,116362,106411057,214884,116147,106366432,214884
bcfba5f700e998db,48122,38274532,213152,48045,38252308,213152
bd03d2e71008e434,67581,57701582,153763,,,
bd078dd7d76b04d8,,,,80129,70379676,486036
bd1e2bd4f9d72f62,39327,29386394,213840,,,
bd3bf61650aabf30,113597,103738203,214825,113552,103786851,214825
bd3ddfd926d58621,88005,78187709,214242,87829,78068580,214242
bd49d6707b7721c6,114730,104814188,214491,114598,104817692,214491
bd4a9d8345624acd,117538,107611988,215048,117403,107606734,215048
bd5178ba7426ecaa,118000,108138116,215067,117920,108134271,215067
bd76538885e54c32,,,,69456,59691236,191447
bd76a8251b2bf110,14707,4811792,206004,14538,4750940,206004
bda3738652340d02,11726,1837435,215737,11612,1835114,215737
bdd0f5cc71fc597a,73322,63457460,215475,73209,63425142,215475
bdd47969f256995c,114975,105100578,213095,,,
bddb2214677a47b9,59228,49347195,236819,59100,49331141,236819
bddf4cad601f03ab,47757,37904661,213864,47666,37899620,213864
be13b3e266e4d54e,108794,98864857,242997,108634,98866260,242997
be18a05ba1ddc5b2,69262,59393246,214006,69166,59380270,214006
be23489e96bbfcd5,63639,53811225,450668,,,
be4c1e831b368ba5,38232,28347236,214747,38117,28341756,214747
be4dcb329da21fac,87748,77789851,216421,87557,77773086,216421
be599a0f283b8e53,44714,34822218,202900,44630,34815740,202900
be6006fe4975dac7,41842,31968007,215095,,,
bea63c1493456699,38541,28667383,214879,38436,28662855,214879
beb5a7c79e98c85b,36418,26551522,217891,36322,26560323,217891
bf10f3dea8b31228,47846,37984180,213821,47758,37980271,213821
bf1db6c2f23724a1,102373,92481026,214866,102253,92470765,214866
bf20ae6670ac8878,114552,104627399,216076,114410,104627110,216076
bf21cf57d018490b,67134,57227830,216380,67012,57226120,216380
bf2298cb3cdaf3a2,41039,31134124,213696,40903,31140332,213696
bf24d93844fff68d,119338,109496961,212759,119294,109471299,212759
bf263cc561f8f679,23743,13823800,215098,23584,13801344,215098
bf42c70628bce9b2,68802,58940298,215899,68660,58894318,215899
bf4b56b939eaf0e3,117754,107856349,216555,117631,107870032,216555
bf60c6acf440c707,106579,96714690,241191,106491,96725845,241191
bfa844e9190736bc,80098,70182957,216499,79976,70180494,216499
bfae9500fe8cbfdf,90939,81063608,214614,90842,81041462,214614
bfc5a157744b503a,86231,76215389,215275,85935,76173346,215275
bfd358da1b1b6a57,100906,91059527,198859,100807,91044835,198859
bfe62e03d3b0ea34,24597,14720338,216803,24480,14710077,216803
c0302ea4d103f3d3,61407,51553577,214672,61316,51551742,214672
c032eae8afaa27ca,83365,73454451,215062,83207,73440144,215062
c05c83467e2358f8,94970,85060371,213545,94831,85044164,213545
c061900a857c4136,88711,78806822,214263,88638,78800796,214263
c07b7edcf4793a8f,,,,27698,17911084,214953
c07da3f92bec136d,102081,92132224,214290,101908,92121838,214290
c0828d8242bb4bf5,47345,37467412,212513,47226,37461145,212513
c082b79c268c065d,36534,26667811,213865,36449,26677575,213865
c0bbfbc6670a8878,29980,20131469,209895,29898,20119454,209895
c0c3e24aa90e1928,99707,89841506,212094,99611,89845827,212094
c0ce3d6c138d1832,53511,43589074,214624,53355,43564710,214624
c117496430659dd6,40134,30231973,213566,39992,30221106,213566
c13543bf092bee3f,104563,94692768,212677,104465,94688472,212677
c1470b4b9376a6da,41519,31672970,214115,,,
c14f6cc607ad0e05,72126,62243090,217235,72021,62246364,217235
c167673903edff55,24380,14482117,215910,24260,14480988,215910
c172d07037ad68e2,26130,16258718,218347,26004,16241219,218347
c1768d0c7de2f9f9,67929,58045475,207657,67820,58055026,207657
c180d25576f61cc7,108311,98453848,213912,,,
c19c1a54b3867739,,,,57219,47453417,215808
c1bc4e1dcfa1d28b,33580,23614899,202850,33417,23611259,202850
c1de1240e41fa47f,110152,100245401,213453,110010,100230336,213453
c1eb223fd6bc5393,80927,71055783,214708,80841,71075288,214708
c1f72e26f2cdb736,97639,87707106,213186,97529,87707189,213186
c1fbf727999cc272,,,,115778,105984282,214382
c1fed530bc70a421,25733,15835139,217006,25626,15846690,217006
c244e1b0bdc80d76,78134,68251884,214959,78036,68248857,214959
c2484b9e0220b5ef,49227,39339429,212264,49115,39300768,212264
c2684df53bd342df,93728,83832043,214969,93620,83854183,214969
c27093c75b09d31d,67058,57211242,214334,66951,57185157,214334
c2751186decbf073,69804,59888523,215866,69696,59875794,215866
c27af6676da7a669,51809,41926362,459471,,,
c2a14e6e2c4feb28,27575,17700227,217273,27490,17701817,217273
c2bd3a95087246eb,23979,14124261,215676,23883,14120688,215676
c2c14a88c7d7869b,10841,991146,213885,10748,981150,213885
c2c512271bd46b23,86456,76522269,214617,86291,76501967,214617
c2c7666ff97c0a28,11842,1963294,215031,,,
c2f0ca1655d72d2b,49017,39030958,212642,48891,39025873,212642
c2f942a70ed6952d,77862,67724438,215738,77501,67722565,215738
c30068c4d906c53b,104093,94187262,214404,103967,94182216,214404
c31d7f9361956841,93024,83161363,212789,92932,83152045,212789
c320a1f166168e4d,56181,46284152,213937,56081,46279934,213937
c3378a2c158152bb,76745,66709377,205075,76491,66697690,205075
c34f834367c901a4,13748,3859167,215717,13620,3866486,215717
c351f67cc5c950eb,19447,9583712,215419,19401,9578884,215419
c3be170a924f6cfb,69093,59241908,215369,69007,59223482,215369
c3cb4b74969b7054,108145,98290501,216583,108051,98283752,216583
c3d52c53aae13d63,,,,15866,6081779,215992
c3d8c12f97958d1d,25181,15302924,215951,,,
c43795bdd357627e,53926,44057551,212725,53870,44049378,212725
c47162664bb9c46d,119814,109899859,215732,119634,109857252,215732
c477fa58ad894c79,30213,20344776,213701,30116,20346575,213701
c47fdfbe8e889ac8,107038,97138735,206221,106956,97129650,206221
c49624fd40a892c8,89330,79457417,215344,89224,79461459,215344
c4c10a10be52df81,68709,58758807,215678,68542,58762548,215678
c4c9967728f9cfe1,50300,40403425,214946,50180,40407664,214946
c4d4d15c641d2ce6,44244,34382234,214541,44148,34372438,214541
c51c515f3f69e76d,,,,51047,41281511,214157
c520935cf228333e,31720,21844289,215720,31627,21841086,215720
c52bf24909d67830,,,,55346,45579381,201159
c558cd767bef0c45,,,,95320,85543675,232664
c5607b18fb8b9ef9,51062,41179233,213847,50921,41159424,213847
c5654d1c75e4e99a,70330,60469122,215392,70242,60463106,215392
c56acca7991e8df4,99908,90046825,212052,99825,90044384,212052
c57b635433df8fe1,12620,2762265,216856,12522,2749251,216856
c57cf1c7f5e407a5,31137,21229429,185228,31053,21229487,185228
c58e3558adba2585,14997,5092092,225610,14858,5084050,225610
c59d4f33829a3cd7,30604,20741585,215490,30522,20741702,215490
c5aafcf1129be365,,,,35231,25437993,213944
c5b69be989ec1d19,102556,92706367,212594,,,
c5c3b7bc99a29bc5,62939,52983506,215967,62759,52993220,215967
c5c3fd9c564070dd,79261,69408708,246648,79182,69397824,246648
c5e6f99a5f4001b4,50769,40891340,201081,50658,40876743,201081
c62d73b54e913e6b,95827,85946301,212812,95685,85921897,212812
c6447316cb7349c6,56158,46254320,214672,56055,46249510,214672
c6459a1a798b5e96,45692,35809969,214771,45592,35800600,214771
c64dd51cc9ff34c5,66540,56666691,215868,66444,56661826,215868
c652e43f4852a591,110275,100470658,213395,110134,100368977,213395
c65450cdc4cb5498,115812,106059692,215407,115662,105882888,215407
c679f157ed813fa5,91926,82061141,213459,91818,82051824,213459
c684b46905dd51a8,18673,8777496,212690,18545,8770903,212690
c6a2d05e1e7f715e,25883,15981895,214818,25760,15981158,214818
c6a7ed241dbdb6cf,75147,65376628,214037,75038,65272506,214037
c6ae05458b8e268b,32120,22261468,229842,32023,22245145,229842
c6cffb77957c440d,109338,99472150,207147,,,
c6d649cdff758375,81305,71374791,212738,81149,71387548,212738
c6e05a747ba05139,23416,13336430,202987,23138,13338233,202987
c70ee7fc6cc0a01f,106249,96340948,214588,106110,96324873,214588
c72f4bef141ca32e,83411,73493195,215591,83267,73501173,215591
c7336003b75bd765,68948,59071812,212867,68856,59080721,212867
c73455dbc826ce5f,35996,26116699,235625,35896,26124066,235625
c734ce5aef6f1670,108574,98750142,215075,,,
c73bcb4732ef4519,111050,101177098,214698,110949,101182213,214698
c74a15f803aefd6d,99859,90020719,214082,99769,90009444,214082
c7506f235de2a01b,101311,91407945,201352,101233,91395568,201352
c76dbe940a74301d,23540,13508348,203886,23291,13498889,203886
c77191526e0cc464,100184,90323964,213858,,,
c7924f8dfbd68d7b,104243,94357100,214106,104129,94343926,214106
c7a5489d6307e0a8,102643,92789386,213635,102538,92772885,213635
c7c34dee2159361a,98499,88637167,213349,98411,88626574,213349
c7efa05602b06923,33626,23680789,215930,33471,23672346,215930
c8289923d0efa444,22674,12839883,216308,22551,12781176,216308
c83178bede7ba955,39204,29224534,215323,39107,29261509,215323
c8331da0a1420cb3,53244,43347664,213573,53075,43305894,213573
c836892aca59db90,,,,113615,103800198,214365
c83966aca96b66e8,87244,77419617,214501,87109,77344037,214501
c83c388ca5c9c14f,98053,88202972,233936,97968,88204941,233936
c851b75259053b27,100005,90146953,212679,99923,90157737,212679
c85a3b881881116f,24712,14836287,215607,24543,14784048,215607
c86172e88dd67e81,36915,27064913,466070,36816,27074426,466070
c86e1c97022132d1,61194,51331989,215101,61107,51321382,215101
c88feda2370ee240,76702,66639767,205922,76402,66599977,205922
c8a2a7d626269d0b,102194,92266133,213809,102038,92256467,213809
c8aec24fc76c5dc4,105347,95439215,215452,105221,95441962,215452
c8b47eff10b56e80,69924,60019569,214713,69816,60003793,214713
c8bbdf6fd232fe43,35583,25739534,214028,35447,25663343,214028
c8d077a093f926bc,116895,106977222,240826,116763,106997999,240826
c8f4ea71c7998fcf,90375,80515276,216429,90286,80506415,216429
c8f8d3abe3870504,68825,58964012,216504,68690,58922566,216504
c905687ee663a1c1,117259,107341820,206077,117123,107324311,206077
c919606178cf024c,91841,81952929,213920,91727,81943737,213920
c935d2fc07b1bcbe,11252,1406773,215057,11111,1349422,215057
c937d42b4a43aa7c,53113,43324045,215628,53009,43247982,215628
c940fcf3558e4074,,,,23010,13246023,149192
c94f4f365348b3f5,56845,46897706,213623,56678,46912980,213623
c95051d0a88612b6,110242,100409358,243018,110103,100334130,243018
c95089c667c2a047,65071,55196082,212888,64970,55206498,212888
c953abe3fc58e497,31234,21324893,213075,31150,21321185,213075
c9566796bd29fee0,,,,75061,65289810,212561
c95d09b363dd0ef0,41376,31524373,215339,41278,31525012,215339
c961250da57c81e5,91449,81555219,212478,91317,81541443,212478
c96d1e0a99ba3f81,55860,45884656,203221,55709,45879624,203221
c977f328c98ad7fa,113380,103549758,214288,,,
c9b122ad19d3c10c,10639,746757,206903,10532,750432,206903
c9d0b2aeceea32c4,83632,73779713,217652,83530,73768668,217652
c9e77a9f3efd0714,64475,54630288,212730,64390,54628526,212730
ca3789a4e054c325,71083,61223699,203701,70989,61202944,203701
ca40bd86c93b574f,25346,15459232,214455,,,
ca7d3da7d357e5c5,,,,85467,75683202,215312
ca8c56bed631e4a1,117449,107532892,213276,117313,107518105,213276
ca8e290e4b58e5c6,23493,13434338,200661,23230,13420086,200661
ca991bd88d596765,107835,97869260,214108,107671,97849731,214108
ca99b55996eb7785,,,,85876,76111505,213917
caa0aef5e9930531,104387,94512788,213965,104285,94502371,213965
caa17027d88e52de,78088,68199946,214802,,,
cac30843accf14bc,94125,84244968,213834,94009,84228249,213834
cad5b56a0042c10c,55277,45408900,214783,55170,45392262,214783
cae523d77a6182d5,110542,100571631,214119,110357,100568796,214119
cae6becfad29ff03,89275,79394587,216313,89165,79401314,216313
cae86b9ea662bd4b,,,,75111,65351912,214824
caebcc006fd03024,111369,101526076,206228,111338,101504757,206228
cb056d169333ecc0,53570,43652253,212752,53419,43631291,212752
cb1df8b8a427915c,86972,77036101,205956,86864,77027535,205956
cb1eaf19133e3609,,,,116975,107212090,193437
cb2f931b2e4f16dd,13886,3975047,214076,13792,3987577,214076
cb3395a9f6444ca4,91357,81506828,213490,91224,81466809,213490
cb5214520312c23d,,,,77096,67312153,212712
cb69ce2ee9e2c027,116954,107026101,215299,116824,107058366,215299
cb88ea70d7a8d314,58504,48642960,214724,58418,48652103,214724
cb94a846871eea24,37832,27951274,213302,37718,27940994,213302
cbdb50af18c8679e,98903,88975963,211428,98755,88981714,211428
cbe127f07b734a6e,64244,54337213,213891,64136,54333176,213891
cbe1c6913f402c67,,,,107325,97514345,203000
cbe23fd3192879c3,32490,22626017,213548,32405,22638478,213548
cbe580f71fa21905,62104,52182034,214780,,,
cc0e307b8b670fcf,104045,94143152,212957,103914,94151324,212957
cc22ce8d66987523,86535,76638477,215509,86420,76633271,215509
cc386c4dbc4155a2,20449,10562883,215439,20337,10561888,215439
cc39db4d6d2c5b18,,,,34891,25129518,188107
cc43f2150aee71c8,57014,47126532,213956,56860,47081331,213956
cc5b4f48f4504cd0,12045,2182836,240851,11953,2183612,240851
cc82216bc3ae809d,20681,10811821,216198,20564,10794513,216198
cc8ff281f0e6d8f2,86253,76245094,215304,85970,76202195,215304
cc925b2c5df4bd98,10461,582612,474785,10333,599035,474785
cca149b9de970c4e,96981,87094013,212328,96887,87102759,212328
cca1572463f959f8,62910,52966560,213510,,,
ccc450125d4b49e3,25946,16052308,214759,25818,16041230,214759
ccd4cfbf8f3ebbd1,72850,62959471,216955,72741,62975579,216955
ccf77956959e40d3,117675,107782796,214578,117547,107762029,214578
cd15cdcd58e7b2e9,,,,81646,71866376,215603
cd33a4857b4942ca,110182,100282345,216149,110042,100262652,216149
cd5c1f2c574c5143,99432,89559968,213183,99330,89591632,213183
cd5c95ce6946a55d,55126,45233756,214002,55016,45226388,214002
cd74f2172b2eb042,44303,34436451,214121,44211,34446114,214121
cd872e5f9833149f,80990,71125001,214818,80902,71121134,214818
cdb67fd96b1a4cfc,66322,56447297,216313,66234,56442536,216313
cdbab6e85b0006d1,90646,80763617,213440,90549,80749668,213440
cdbd167b4a34b3af,79063,69184981,215045,78966,69190487,215045
cde55b32ccc11542,56276,46411368,215269,56183,46401506,215269
cdf41206bc4a2c14,100635,90799821,211146,100525,90755431,211146
cdfa5de7582f23ad,107748,97822584,215571,,,
cdfca26e136ed73b,88836,78947960,217052,,,
ce0f0919456b5de3,33556,23592508,205122,33388,23578133,205122
ce13d6a01b603231,56815,46865975,216255,,,
ce3b51622ba83792,107983,98056278,241142,107841,98052332,241142
ce3c3f691e632095,,,,15201,5442488,460385
ce57e550b58b54bb,83584,73717292,214926,83490,73728815,214926
ce5e612832241da4,,,,16329,6553530,212774
ce6b88922c7bb26e,40735,30920217,457799,,,
ce739e839a32bb9a,83819,73926446,214275,83715,73921877,214275
ce7eb4eaaacad6d1,116709,106793583,214906,,,
ce8a05f6a19b7f79,66807,56952679,215596,66726,56961029,215596
ce924cb0df8aaec4,80130,70215096,214806,80008,70206932,214806
ceb58be8f4be5dbf,63160,53232811,213607,63002,53223669,213607
cedd02c42e2db4e3,104302,94413811,214480,104193,94409317,214480
cee5d07f34f2cb56,114759,104852069,214890,114628,104852375,214890
cee726815d2f800f,103760,93956923,213935,103626,93842850,213935
ceef237f23985de1,56659,46704059,237822,56486,46699337,237822
cef066ac24dd0c2f,41319,31460950,213090,,,
cef6b46e4abe3a6f,,,,97058,87227784,184677
cf0145aec829c71a,20418,10539028,214568,20307,10526726,214568
cf0e3eae70aa6b51,60105,50239182,237234,60009,50244263,237234
cf3eba4e2bf93613,82105,72167242,217872,81926,72162929,217872
cf6a7fa8fc17e145,69450,59572926,215357,69349,59572571,215357
cf6d4ee1495eacd8,105323,95405276,213951,105190,95412598,213951
cf76e6ecef6e9e7c,110090,100206113,215642,109941,100174111,215642
cfc3607ecd2a950a,69325,59469517,214215,69228,59442594,214215
cfc54e777a25062f,21342,11466256,214282,21283,11517331,214282
cfe88508e16930d6,107196,97299751,206204,107112,97291467,206204
cfea5ef08d0dfe88,13778,3888348,215769,,,
d00157a24569cb4c,35867,25985753,215931,35767,25992182,215931
d012d2e8c578c196,29121,19162479,202223,28987,19147046,202223
d01c37cb00b0c60d,71989,62103183,215023,71884,62082872,215023
d03d4f259e584e18,,,,74700,64879577,213634
d04af9553baeb111,52910,43050646,214714,52826,43041405,214714
d084c4f1e8dd95d8,103117,93232160,197276,103018,93224343,197276
d08c9673310baa1e,26662,16708018,216119,26488,16722311,216119
d0ad0d3ef08296d0,34365,24471224,215854,34231,24462664,215854
d0e61aab4fb2f897,,,,73934,64142537,213638
d12662baef35dfdb,43300,33431617,212940,43212,33424535,212940
d12e4c653e66a0d1,71663,61761443,204502,71554,61734218,204502
d137f1111c43f779,90254,80382358,207409,90161,80380621,207409
d14cbba1cb327b55,80698,70831128,206393,80615,70829648,206393
d16105be4a80a40d,55623,45682707,216822,55421,45652659,216822
d16be936f8317af9,92870,82976067,212605,92762,82990360,212605
d16df28d8cf0910e,14164,4280111,215836,14082,4316943,215836
d17b2fe73257aa28,35789,25919225,215986,35689,25920619,215986
d191b3998294e48d,45445,35552828,213762,,,
d19f5d5058aa68bf,84067,74209252,213584,83966,74200811,213584
d1caf1055a103c3c,,,,81553,71779403,215016
d1d30e73e114369e,73804,63879848,207505,73686,63920008,207505
d20c9169111ed8ea,17907,7939966,213664,17726,7920857,213664
d24b2a3652d5826f,104529,94672590,213354,104435,94661936,213354
d27444ad6cf681ea,18336,8442965,215150,18218,8448516,215150
d29ff9b5b1283987,21314,11432093,215996,,,
d2c733f76b29109d,46412,36526216,215583,46298,36521410,215583
d2efc7058b617ce9,117387,107464557,204487,117251,107454787,204487
d305f64af8a6e889,106304,96416207,215150,106176,96397110,215150
d31a65c72c667dbf,113326,103424536,203870,113204,103426515,203870
d327d06e0d041217,,,,87859,78088074,212502
d350ece127bf0b3e,106039,96127456,211037,105872,96095883,211037
d36b5514e625419d,43039,33190202,214463,42929,33167773,214463
d36bf2fff62846b4,16073,6197357,213489,15962,6185654,213489
d38e304cf4745494,68979,59111883,215459,68892,59121164,215459
d3985b0678b3169a,93863,83971693,213104,93776,83966340,213104
d39b360d22a28e19,,,,21074,11285112,187123
d39e3dc828302611,34863,25027365,214338,34759,24987949,214338
d3ab855d9af3a521,93385,83452617,214248,93207,83441214,214248
d3ad1dd4ea791450,14308,4426547,240611,14233,4468622,240611
d3b0332ce05c2ac5,83108,73109308,217036,82897,73104145,217036
d3b1bf2ca739980a,49492,39637408,215511,49390,39630885,215511
d3c9191cf603d1b2,10492,591183,191162,10374,610397,191162
d3e2a728eeab5303,,,,74517,64696955,214888
d410dfd039527666,19927,10071765,215012,19843,10080125,215012
d4166f72a307cc6f,,,,15682,5852225,214320
d41b636937ed1e71,96225,86354894,204185,96102,86317079,204185
d4336d127a2ed5db,66129,56293309,216723,66043,56249576,216723
d4432b2b24ae96b7,93620,83713057,213858,93500,83700738,213858
d445cd1948406f3f,64663,54807228,233533,64574,54788516,233533
d455a1e807018a0e,20014,10149327,215986,19929,10144733,215986
d4594c78dd659067,77951,67971361,214185,77726,67960412,214185
d481558dc57bf41a,61343,51483264,214388,61258,51481061,214388
d48e48c3e072ca2b,79583,69715496,213511,79491,69718384,213511
d49f46434be63841,80222,70421693,217479,80100,70303324,217479
d4a923fe98242485,90405,80547584,216693,90316,80541614,216693
d4c19a38a6474cce,16296,6391096,211661,16169,6383419,211661
d4c4a1628a94465f,69615,59688005,212596,69505,59692004,212596
d4f8d7a1a8bfb5fb,31747,21883530,215683,,,
d51b3ba6c27909b5,20508,10624525,213758,20396,10631017,213758
d52938f5905af0e3,106522,96654250,216968,106430,96646780,216968
d52a61728c1dab7e,78511,68557271,207550,78356,68533225,207550
d5502c8596bd7e07,70361,60503264,216696,70275,60489402,216696
d56892181cc44e1e,89415,79542347,215637,89317,79532857,215637
d584b99c57e74c81,30087,20221472,232896,29993,20224617,232896
d58aac903b5aefd7,40188,30284723,213957,40068,30296355,213957
d59bd4055be606ee,49865,39979333,213768,49766,39981335,213768
d5a8b352eaea1b3f,13208,3340117,214992,13114,3328506,214992
d5a9296d1849f54d,54007,44138173,214348,53956,44140492,214348
d5aa9b9750d30e92,109781,99884535,216988,109681,99883661,216988
d5d4d529d012944f,50129,40283190,216403,,,
d5f744501266db41,,,,21122,11298996,212985
d62139637b443c76,34707,24837613,213879,34602,24818458,213879
d622d8edb8b983c2,59517,49667187,456412,59422,49676270,456412
d641ee32042ee963,114613,104688060,214850,114473,104708076,214850
d64ded3f084f43c6,,,,61635,51870104,457824
d65468f49e67cb49,10240,334400,214458,10113,328441,214458
d6684e8192cba75e,32595,22710550,213033,32498,22719131,213033
d670fec4dcb2e846,62756,52880426,215102,62569,52802705,215102
d67a5ddbeeb2ce3b,78333,68501088,477763,78198,68438901,477763
d6a661fb59b5663c,92994,83125192,213454,92901,83120824,213454
d6f0df3dd44e094f,68732,58813035,216228,68571,58794396,216228
d6fda0957cd7d94d,14950,5048201,215254,14799,5026899,215254
d70880b7e1fbd181,34023,24019268,211964,33809,24043649,211964
d719a9fac6cb708f,105469,95595954,213811,105369,95602104,213811
d72e0d5a5678d724,36206,26332197,218796,36106,26314636,218796
d7390e31419df97f,52720,42860305,233368,52638,42849119,233368
d74baafdef0c977a,36592,26738326,200026,36510,26744188,200026
d74f83946d8f8846,101937,91972532,215631,101745,91981835,215631
d757af61577bf289,119784,109888800,214069,119609,109843300,214069
d774e1f42d5ccc49,103316,93444638,213024,103219,93442042,213024
d79b72b40067fdd7,51577,41677105,212204,51426,41642021,212204
d7be1a6f1c749e18,22415,12509041,214260,22265,12492162,214260
d7c0dd3473169b26,105859,95907741,214653,105689,95901699,214653
d7db4fc624869ffe,28474,18582904,219261,28356,18581918,219261
d7e028b312900aab,51000,41172391,212618,50892,41129325,212618
d7e241fb9bd6a67f,111731,101849514,215022,111646,101841735,215022
d7f1e2720578c2f9,59146,49237484,215412,59003,49240607,215412
d83e7cd57aa7e26e,89444,79569484,212964,89349,79564055,212964
d84596b04168f38e,97475,87541161,214607,97369,87548669,214607
d859cbc74f91854c,73163,63283898,216691,73052,63263093,216691
d874c846e602102c,10337,443059,215399,10209,425146,215399
d88bd867d26f9b96,,,,78243,68451638,195126
d89104ab22c2c45a,96727,86816344,213462,96612,86781719,213462
d8ac02edf8828e5c,70115,60222951,215928,70011,60221581,215928
d8ba79dd84055515,106068,96169833,242434,105902,96134203,242434
d8f21c30d161a415,70391,60532232,215318,70307,60522135,215318
d902fd5e784f333e,42279,32408659,213996,42177,32402824,213996
d938bc7cb84a6a35,72674,62810718,214911,72560,62772775,214911
d94d236482e71ca4,34457,24582469,215272,34345,24582442,215272
d96adbac68f487a4,21051,11168827,214919,20937,11156508,214919
d98967750a41ff22,44810,34934147,201377,44722,34913449,201377
d98f6bd4cb93a25d,25264,15370370,214576,25188,15423097,214576
d99a1710f7d60c1d,70224,60352557,214296,70123,60360396,214296
d9a128835b85dbec,117566,107645505,216106,117432,107649179,216106
d9ac749aafa40343,,,,17264,7453162,213658
d9fd93ba0d6cf25d,25067,15207423,461699,24923,15208653,461699
da16e56062a13d4e,39992,30069392,215700,39827,30061208,215700
da17a71f14a021e0,103546,93695308,211508,103467,93689725,211508
da1e9cdc74317a69,69419,59554145,215921,69319,59541616,215921
da332bded7386ff7,60539,50644188,237801,,,
da3d101a2054cb8c,28751,18853867,216013,28637,18871461,216013
da541282a1f8f6a3,60633,50736526,214553,60512,50743046,214553
da57406134aa920a,112936,103009418,215661,112805,103016140,215661
da6fb4f57a65a408,10695,805614,204922,10592,800662,204922
da7584b31ac4e224,54935,45042369,212459,54824,45034542,212459
da8cc99355cc8925,116835,106927708,214926,116703,106937357,214926
dabce2d725716fe0,45662,35785029,213807,45561,35769387,213807
dac1820567457d18,95888,85986987,212921,95749,85983380,212921
dac47cdc7bcd4bc2,30763,20911287,212644,30683,20901342,212644
dac69d8c54ad4cd9,106777,96905942,217792,106679,96912979,217792
dad802f467991914,116241,106245129,241232,,,
daec50910220a983,68779,58866942,217875,68631,58863503,217875
dafc53a335f05119,61936,51969316,199458,61784,51962201,199458
db0f4091f442bc3d,33367,23404485,206211,33181,23357696,206211
db347186044aead1,33963,23957746,216002,,,
db420a9ac43dfa50,80002,70135976,208481,79879,70114048,208481
db43b481c374d564,117971,108110852,213341,117889,108101903,213341
db5d89e4ef99c40b,15522,5623653,200658,,,
db63fa235887d96f,91600,81692511,214096,91473,81685638,214096
db8cef5ef8eab961,39838,29915406,214133,39681,29903067,214133
db9f95fa19e84e2d,98278,88420212,214395,,,
dba4c4d89835176f,48469,38579076,213612,,,
dbacb7b0780be36f,113789,103872312,216265,,,
dbc2618668f8bd5d,118660,108749901,214363,118543,108747668,214363
dbc40c0fea635481,,,,19150,9324580,143971
dbcc3d61bb8695b2,101435,91525683,215307,101351,91521916,215307
dbd05898bf35d15c,13578,3715209,215049,13490,3731081,215049
dbed9f71e38c5e18,,,,82651,72890219,219406
dbf0fd82a9650bd2,103146,93263107,199941,103047,93260833,199941
dc1ef5489cfea030,100572,90694019,214491,100464,90691331,214491
dc3b2e4a9d6eba22,70965,61092624,216662,70869,61103276,216662
dc3b63a6f5d3e478,,,,95879,86092347,212948
dc49063025b97fde,15586,5725878,215093,15520,5725033,215093
dc49532470133cf0,98374,88519679,213033,98288,88503052,213033
dc5b6ed9670c93f5,52971,43111899,215406,52887,43103632,215406
dc709a5223025273,42613,32743823,215117,42531,32744575,215117
dc9e8b999e14f4c1,115691,105831614,214359,115598,105814428,214359
dca5d7f7531226c2,77982,68036517,214777,77793,68021180,214777
dcaf750ae51af1eb,66964,57100977,216727,66887,57102165,216727
dcc24787a459ac49,31614,21729402,212806,31524,21722672,212806
dcd3f293713e2063,42656,32803740,457215,42563,32811958,457215
dce49fc3d5ac7cb1,113274,103362831,206427,113150,103364385,206427
dd1ad18144fd631b,35000,25200619,457453,34850,25114344,457453
dd2379a3b2e909b8,31533,21638087,212873,31445,21632700,212873
dd3dd67874fa9ffd,51746,41857160,190973,51676,41850269,190973
dd4215ff03688b9a,60784,50894403,216644,60667,50900678,216644
dd437a1412f04e87,26994,17130890,147422,26935,17146388,147422
dd4aedf9e904bb14,100401,90531908,236840,,,
dd5a430c3a870373,101343,91441125,199924,101264,91427553,199924
dd83354402233c8d,73290,63404786,214954,73177,63392030,214954
dd844a0d2f6b1367,50622,40725088,199680,50506,40716708,199680
dd8677c3bd84bcc7,44494,34650624,215686,,,
dd8d23dfceb590ff,59902,50015463,213930,59788,50020103,213930
dd926a3bf20abab0,88534,78587920,214638,88364,78589232,214638
ddbac8d1abae61e6,119278,109427891,215126,119235,109408128,215126
ddc27c437dc2167f,,,,97793,88020558,216178
dddb1507daad1444,106150,96222266,217445,105990,96221915,217445
dde5fd2324b6a5d1,13144,3273321,216227,13049,3263505,216227
de11cce8079dfb1d,67729,57857473,207397,67634,57853009,207397
de63ab9aea991b6d,84987,75047753,205795,84849,75036562,205795
de726739f07c9f80,,,,38962,29196675,199681
de7fc628ec2b47d1,83914,74030210,214540,83810,74021702,214540
de9a90cdb22425b6,53849,43956514,212091,53780,43949860,212091
decf9a9569fd2204,115020,105124363,241127,114909,105143944,241127
ded97fd426f2ab99,86492,76584471,214374,86356,76568453,214374
dee8571698d1fd88,59309,49419306,214169,59207,49427832,214169
df0210f73663fdeb,59990,50112431,215734,59883,50120577,215734
df130b16a61a17b4,76772,66772622,206579,,,
df1878bae9f8a4ff,115260,105361796,205726,115176,105355102,205726
df2b984397744224,77101,67236676,213783,,,
df591d14d2d53fd7,41117,31211303,213610,40989,31202816,213610
df64d7178cd63ff3,112359,102507143,214499,112265,102485073,214499
df6f8459e16b3646,26689,16737517,214428,26520,16729157,214428
df99be0a3e81cf05,,,,75805,66044039,238037
dfa26ec0c3bc0256,87333,77485216,214809,87135,77350502,214809
dfa52f797fef3e10,47077,37194933,214307,46981,37180871,214307
dfbf0aad5c359c15,111583,101724928,216466,111514,101699112,216466
dfc7fb82a1749619,111701,101817707,216449,111620,101812095,216449
dfe157746b756d70,50740,40853091,202735,50630,40841946,202735
e0bb271954fb6dd4,83294,73352394,213049,83116,73329897,213049
e0e9029d0845ab19,110511,100546988,211932,110325,100535659,211932
e113a3e12593e95c,117292,107377191,204615,117156,107357283,204615
e1295e1bded6cf03,55653,45693294,217107,55451,45681703,217107
e12c96c25eafce9f,66570,56696622,246936,66473,56706331,246936
e12eb9be84288bcf,40270,30415312,215895,40160,30401269,215895
e13bb0b924f402f0,45396,35506913,213390,45281,35520272,213390
e13f337b30449118,47137,37243650,214192,47036,37241558,214192
e15d49fae54a0a0b,104184,94288563,215080,104065,94279906,215080
e168eaf3900abd35,49315,39438754,215554,49210,39424593,215554
e16f47d73549f98b,18487,8582150,214001,18363,8582967,214001
e174d9db4e10dcbe,10919,1070358,214990,10830,1043957,214990
e179bf99e11bdf70,88345,78380492,216026,88143,78365157,216026
e17b2373393849d0,117479,107549093,214624,117343,107543347,214624
e187cfe5b27b4c5c,96195,86316315,201354,96071,86279747,201354
e1a114edd18a1e42,42371,32530235,215133,42288,32526107,215133
e1a705aa3d350088,59415,49537196,237721,59325,49532758,237721
e1a752861f383952,81184,71245084,216417,81022,71242568,216417
e1a81795ea770dca,,,,74672,64877207,215692
e1c6215e51a22e20,66190,56327249,217069,,,
e1f7585aa7b1fbab,43554,33640013,214211,43404,33620850,214211
e237b150fb3a563b,28689,18800482,216730,,,
e23e99233dfef91d,72206,62334681,213908,,,
e23f49e75f4a6dbf,14901,4985202,215106,14739,4971702,215106
e2427a74fc3a715d,24228,14331988,215731,24108,14340071,215731
e24de1d96699c3ce,47698,37828314,239741,47604,37827464,239741
e27d169103d30d91,43618,33710072,214195,43467,33681250,214195
e283fdcfdcdb8d99,76862,66970442,214468,76721,66941743,214468
e285ffa1b3c9be4f,25097,15214992,187243,24990,15228794,187243
e2916ad5da1e9b3b,75548,65762702,237354,75304,65538229,237354
e2a2d1ad4774b742,52363,42509093,215131,52285,42519893,215131
e2d3f3bb5b116d0d,51641,41719037,216845,51489,41720577,216845
e2f1ca7c817ea421,17889,7910686,214908,17697,7891956,214908
e3036c2f1db3abf3,96346,86529028,215867,96164,86392799,215867
e31dac1bcb29599c,99767,89908480,214370,99671,89902349,214370
e32b3ca6873dcca9,,,,53623,43837812,184813
e34550a4c4d4a90d,31640,21771284,213377,31549,21751990,213377
e366eac238c17e1d,18820,8965065,235160,18706,8942732,235160
e3689352127dd313,84037,74159753,216385,,,
e37ae651dc9ca423,114456,104540960,213670,,,
e3ac4d4055b33dcb,36650,26793996,204821,36571,26798589,204821
e3aefee864f8f00c,105019,95024224,215544,104805,95025601,215544
e3b98c96be57f9a8,42243,32388573,215102,42148,32381484,215102
e3d8d6db026146a4,25570,15721039,213796,,,
e3f4902b59838da2,13023,3150678,214227,12926,3159111,214227
e40104658d99017e,45540,35647095,213333,45434,35640995,213333
e4046e97153749a9,79232,69376122,216778,79149,69362205,216778
e40a29788f2302ea,49068,39092978,214375,48944,39088798,214375
e41967bfb4cd5cce,54069,44212054,212863,54018,44220636,212863
e431e2b748f70d1a,67960,58096310,207678,67851,58071622,207678
e43f062b24e426f4,94676,84724953,214729,,,
e45d9480ccb31fbd,37540,27625977,214452,37406,27620931,214452
e46639b6767cb991,59687,49795710,198755,59579,49789687,198755
e46e4e0a6eb80331,119843,109927205,215877,119659,109882328,215877
e4726f2169faac34,108855,98926526,216173,108706,98935087,216173
e475b59c97ebca9e,82528,72657936,205853,82434,72650745,205853
e48bd649525baaa1,82502,72628480,205279,82404,72619147,205279
e4aff9be16b417ac,23468,13407381,202134,23200,13398591,202134
e4d309d152509e82,,,,22846,13045002,215535
e5131e85f9af6f2d,41906,32027467,214331,41822,32056966,214331
e5177d12aec9750e,36505,26636310,216685,36418,26646528,216685
e53f61efd5707cb0,,,,74122,64334115,213652
e54926d54b2ab7f8,68439,58459384,216766,68228,58432194,216766
e559c6a75559e1d4,18612,8711370,214309,18484,8705519,214309
e5674f93455ef1ff,52121,42223868,214147,52057,42219844,214147
e58b61a251524154,25154,15277162,215120,,,
e5986f9f7bb0173b,108018,98104509,206658,107888,98095546,206658
e5a2ba92bb93b412,67197,57292203,214485,67073,57286061,214485
e5abf951b8012801,87872,77934390,216648,87710,77932593,216648
e5d3ef6826e6af5b,84851,74905549,206772,84709,74900004,206772
e5ec9455c1d4793c,32369,22493303,212138,32267,22499951,212138
e602eee76fbf1fc8,92453,82576925,460608,92320,82577317,460608
e606f322626ec8e3,86724,76792999,207179,86617,76777098,207179
e60a93674d6a516c,68755,58850637,214246,68601,58820821,214246
e657e73b45405d6a,78990,69126017,215180,78874,69108481,215180
e66788de8eabfb60,94217,84337647,238347,94108,84374141,238347
e66e6e172b4e6e52,79705,69837760,216068,,,
e671aa6c40f01037,,,,113939,104174318,211821
e677673a73b9f7f7,105182,95229227,215852,105004,95218262,215852
e68f455c88356a4b,39447,29535270,215742,39369,29570708,215742
e6a3d8dfe034cb41,91631,81726133,213856,91505,81717151,213856
e6c9113c48e2b5f0,41969,32091638,212759,41885,32119633,212759
e6ed1c1fb860db60,,,,73772,63959533,208014
e6f3b762162749fc,28901,19012106,215316,28796,19019478,215316
e6f8702e85269d1c,42917,33032046,214668,42809,33024323,214668
e713437ea1a5a0a4,66994,57139596,215526,,,
e724222e08d11408,57947,47955074,213891,57726,47959934,213891
e72f1ce6568fa905,24078,14211545,214739,23983,14219799,214739
e75bb5459e8fb6fb,116187,106163934,214295,115935,106141747,214295
e76394f4a2ebfdae,47518,37644527,215713,47413,37631607,215713
e77f99c086b23d59,,,,75494,65704074,217548
e78c5d4e576fd547,26524,16559404,214977,26328,16560841,214977
e7bebafc78972d90,72582,62694393,214816,,,
e7cb8b56129edb10,20864,10976675,214130,20747,10960907,214130
e7d1b94dbc828717,84792,74846581,207841,84649,74833482,207841
e7e939dcaf076997,114489,104565623,214803,114345,104580336,214803
e82608b92a51fd26,75118,65242066,215365,,,
e82c4f79e37e033e,88509,78574332,215421,88333,78553010,215421
e840c9d0093e3dca,49270,39378499,215481,49161,39361612,215481
e8432b005bbb43b3,82762,72953160,217901,82585,72801768,217901
e85cfa27e6410d10,78778,68862241,215438,78630,68821481,215438
e862efad0824ffd6,76039,66095149,212713,75841,66068644,212713
e88d158de4923fa9,,,,88492,78727068,192954
e8a1ca95f0913547,113509,103642654,215208,,,
e8b1baa93853d242,96583,86627108,201121,96459,86613887,201121
e8c3aca4107845e2,14013,4115344,216507,,,
e8d0b6b7d77586a6,48187,38325916,215378,48110,38325326,215378
e8dcd64e2da58f73,40162,30278469,214634,40033,30271910,214634
e8fd2f231d5b08ca,63773,53839631,196262,63660,53863936,196262
e90837d48b94795d,78605,68647714,206319,78451,68631533,206319
e90f22b0d7d7d6a6,47968,38113952,214891,47883,38120702,214891
e9113f5e0c372c39,109025,99113794,215999,,,
e9330e8e01903aa4,87608,77612606,214671,87397,77604483,214671
e93fab01e434b0c3,45924,36060854,216024,45835,36061543,216024
e96614d3bcf8ab59,103578,93727040,211698,103499,93725025,211698
e9822f842aa25565,43741,33813328,232963,43599,33816502,232963
e990da7826da4e00,104627,94871035,212484,104494,94725235,212484
e9a3813f05037a6c,,,,51296,41526021,214948
e9b20a59d34d38e2,70301,60432402,212197,70210,60444602,212197
ea009fbd28ef003a,79290,69437965,214559,,,
ea17a9eb99bc080b,113999,104217731,214245,,,
ea49a5c02384cc4e,112422,102557825,214427,112327,102562138,214427
ea9ad3ca50b11bb0,56067,46136335,215113,55948,46131576,215113
eaa2d8a32bdcd1d1,,,,111178,101360902,192602
eaaa5c4991faace0,105075,95112210,190175,104872,95109146,190175
eaabd1acdcfcef18,12651,2793147,215275,12554,2776068,215275
eab686c3450b3a8b,34739,24862019,214343,34634,24845118,214343
eac7207aeb28e0f8,47609,37741651,234038,47510,37727095,234038
eacca04cb73a12a5,13061,3193235,215386,12963,3200730,215386
eae55c2ef03c73ff,91197,81332937,217190,91102,81322092,217190
eaf805fddc09f0fa,98530,88674052,213905,98442,88661815,213905
eafddacf5fc669ab,106638,96795552,215595,106551,96782296,215595
eb037a58d24ccbf8,58374,48483670,214969,58260,48480643,214969
eb291d93059d3ff4,78159,68292755,216840,,,
eb2eefc47ac1e8e6,25125,15223276,213378,,,
eb35b4ef3b7d3bd9,,,,85660,75894941,217059
eb435cbe8c12c3eb,50711,40813022,200554,50599,40807922,200554
eb6021f0311f43de,87694,77726349,211367,87494,77708887,211367
eb91df6db971f317,36476,26606494,215397,36388,26607238,215397
eb952dbb8462b69e,12496,2618047,204457,12396,2613040,204457
eb97739ed6899ffb,102423,92554773,215175,102312,92542201,215175
eba075a6dcae4ccf,21459,11609609,215316,21405,11587853,215316
ebd320419234a57e,39178,29198639,215324,39081,29260679,215324
ebd3751f7cee4b92,105048,95086897,466085,104837,95095658,466085
ebd667c91c8b6c73,88868,78966750,215574,88793,79027413,215574
ebe69f61277f800f,100726,90860308,214924,100616,90846016,214924
ec0ae794ed0dce6c,79796,69941855,216963,79727,69962064,216963
ec1d9603febeb9e2,85103,75212112,216281,84972,75167649,216281
ec2b5a36d0573a77,32460,22594164,214805,32368,22608421,214805
ec4a2b911005a931,76685,66605868,203873,76372,66562389,203873
ec9c6378db6c285a,79644,69803775,217438,,,
ecfcce17955a6ce8,100847,90995263,214247,100745,90981160,214247
ed0fe3eb53ffe4e8,105130,95183280,204301,104941,95157392,204301
ed3b67b2f324f742,49548,39659124,236316,49448,39656016,236316
ed5ceeaee34ff791,102450,92573518,213588,102342,92563235,213588
ed5d16fe78e44f49,113970,104044589,214332,113857,104067183,214332
ed5f4265ca1d7511,118512,108624029,215183,118394,108619276,215183
ed6cfe9343b7e003,17832,7798149,213492,17611,7790640,213492
ed72390998cdde29,,,,76043,66239423,215413
ed74f69ca66cd3db,62243,52354745,213851,62131,52361118,213851
ed8cced15cf7d473,41347,31472970,215546,,,
edc1eafd2142c9a6,107930,97976103,215141,107771,97962787,215141
edc50da31539023c,54531,44645266,214424,54409,44641682,214424
eddd85910f7c5e47,44027,34151063,213401,43910,34148170,213401
eddf6f01f65625f1,83389,73486327,214810,83238,73468052,214810
ee2c3508b1e9d112,70482,60624871,241600,70402,60624913,241600
ee43cfc7c976944a,73862,64034393,206769,73744,63923234,206769
ee508e7dd0ddc866,48035,38186167,238573,47953,38192094,238573
ee70a7e263a705c1,84540,74679157,216069,,,
ee854bdbf26e14f2,85342,75466995,213984,85233,75455694,213984
ee953dceb2633913,14616,4665346,205019,,,
eecd090293c49e5c,69166,59312896,214711,69071,59288623,214711
eed21649bb302886,70691,60828237,213731,70587,60813861,213731
eee14c4977731e71,15997,6169562,214661,15889,6109135,214661
eeef0a90cd6b39dc,,,,74453,64645578,216083
eef0d4f565dc968f,59960,50075938,214091,59846,50080082,214091
ef3e2e6436b0f775,109908,100085227,213663,109796,100011910,213663
ef501d2d8204ff20,38012,28160946,215204,37906,28142041,215204
ef5d41cf8c2d035c,59001,49075436,214467,58850,49069686,214467
ef6eef3d3f8c23d6,27257,17406052,215132,27202,17383353,215132
ef7628a6bfda4381,71002,61158179,216272,70906,61141310,216272
ef993e12d8a63067,49363,39490133,239923,49259,39483748,239923
efb88b47a6bbb1c6,86576,76753047,478523,86498,76739579,478523
efd9a3fce44d17ac,69026,59168942,215539,68943,59156398,215539
effc1818bc69eb0c,54281,44420708,216186,54209,44413545,216186
f0054e217296e18c,34491,24636078,215643,34386,24624584,215643
f0157f7866fca24d,81054,71231799,217172,80933,71152289,217172
f01d7b63ef28977d,109477,99613869,207549,109421,99620644,207549
f01f3c5f20b87deb,,,,73907,64112090,215138
f053cbeb07cf4428,65335,55470600,238860,65256,55464826,238860
f081db21bc93d58f,107256,97361596,205744,107171,97352558,205744
f091663e7de8b7a1,96806,86880990,215299,96701,86909795,215299
f09c99b9a2e406f3,,,,86805,76964277,206962
f0bf3dc93edd6575,98591,88740777,213860,98502,88723365,213860
f0e40b7f87bd724d,68609,58644505,215744,68419,58635329,215744
f0e9c720d5dfd985,59871,49982994,213612,59758,49979290,213612
f0f52cacd17c6046,78635,68663575,216782,78482,68664786,216782
f10fd76b5c8856cf,110422,100539955,213944,110236,100462093,213944
f15dc02e4c5ac046,95618,85727407,215941,95503,85722185,215941
f160faae72c983cf,59089,49169770,214170,58943,49171493,214170
f191156d5ecda556,70088,60196609,214580,69984,60190715,214580
f1e6ae0aa4a1b3f3,15796,5893470,214209,15706,5881983,214209
f1ea45923daeaa5c,30306,20435820,212754,30207,20439303,212754
f204eb66b16d1b18,70062,60169404,214981,69957,60160856,214981
f20618547a26beff,97211,87305780,197115,97105,87241216,197115
f2115631bc9f2ed8,41660,31777426,213720,41577,31797624,213720
f216e2bf3af09c40,44074,34178600,213024,43960,34172280,213024
f24c66ead793c27f,94029,84178742,215055,93952,84168268,215055
f24e1fc44dfa2540,60272,50425623,215497,60159,50388184,215497
f24fd381421062e8,22292,12379354,216783,22141,12361048,216783
f267573d004c324b,39774,29880708,214280,39630,29843183,214280
f26bd507fa2fe03a,,,,84589,74807090,206884
f270632e7bf07bfc,54847,44959108,213824,54736,44962775,213824
f28dcb462241a9b7,59282,49410902,214569,59169,49410267,214569
f2aa4f03ec231d4a,58024,48042796,214997,57818,48031639,214997
f2cea33ad763e442,18202,8336648,233632,18130,8343449,233632
f2d7b614ae2b5302,48872,38919437,199786,48744,38877754,199786
f2fac98a7c469c40,98246,88386302,214884,,,
f30c45d634b730af,65366,55507026,198473,65288,55507012,198473
f30e275efd78758a,112659,102837013,217219,,,
f317d3b1f9515a64,44361,34502523,201096,44273,34520276,201096
f33a034ed318ba04,52046,42135427,214501,51980,42132413,214501
f342b98c67a9e7eb,49955,40091117,216253,49856,40070064,216253
f34e484161be6f48,13670,3827968,214809,13559,3788600,214809
f3502dedafac48d6,38390,28504708,214972,38275,28502076,214972
f365b2a9b0f6c647,35762,25883768,216329,35658,25891822,216329
f39ab6ab81e7efd5,110925,101022893,217094,110791,101024309,217094
f3b06be6fc4e72e6,94395,84587830,459151,,,
f40445ae8deb160a,53395,43487602,213082,53229,43467673,213082
f44c022bc3a2c037,12742,2874781,216146,12646,2871140,216146
f4677b3bc337d472,113300,103399415,206304,113176,103409678,206304
f46eff57f1d92b8a,22385,12474644,215159,22234,12461362,215159
f47fa04d8f805410,100787,90928360,238931,100678,90915882,238931
f48a8fe352800c04,,,,24145,14382355,216530
f48d61776f5c5f10,97949,88092012,213666,97843,88073995,213666
f49b6d1dc1aca71d,56311,46471422,212879,56209,46431647,212879
f4a943f916573846,43068,33203187,214479,42964,33191566,214479
f4c0cc7b74ce7649,96857,86943846,213449,96757,86932231,213449
f4d5b08a33222c8b,49709,39822268,216077,49609,39814339,216077
f4da1ee2b2b4c471,26040,16144162,240708,25907,16144470,240708
f4e1346cede28d03,62461,52620315,237776,62381,52604939,237776
f4e5aaac305c8d1a,72735,62849084,214884,72620,62842190,214884
f4e7be1a755a2f35,53798,43904970,214203,53718,43892156,214203
f4e83f186807d88c,13950,4042784,217104,,,
f540f4dcd0543e6d,86440,76480846,215950,86260,76464790,215950
f54b9abce02725d8,32308,22432287,214312,32208,22426544,214312
f54f50d702aa3bb2,101879,91916417,214046,101687,91921190,214046
f564181d494d61c7,69056,59230070,216229,68976,59191913,216229
f596eaaaea4e5ffb,18122,8246832,213521,18038,8251699,213521
f59ee8e33a07edf1,35093,25263770,216517,34957,25169412,216517
f5ac38ed2650ac4f,71630,61711392,204392,71521,61701360,204392
f5c843f28a1c6d8f,16747,6743048,216001,16538,6756860,216001
f5e4285d2295a86b,58690,48838490,213001,58545,48781389,213001
f5ebba62edd88f1e,17642,7703364,212750,17414,7608215,212750
f5fd1bbe19d298b8,79551,69692578,249515,79461,69697598,249515
f603621ce6bbe1fc,74981,65142094,213165,74896,65130089,213165
f60470d39bb80d38,92390,82474487,213013,92255,82473624,213013
f628b53c376a0d48,25851,15947445,214960,25731,15942868,214960
f64302cce9ece0f9,44159,34302458,213573,,,
f65262fd8b4becb8,30428,20559567,213354,30338,20559588,213354
f6631bc57bf34d0e,119876,109972863,215913,119688,109924804,215913
f674844922a31688,60368,50478505,213469,,,
f6ac5c1492c7e1ba,40242,30409233,216113,40130,30371328,216113
f6b2bcb04a1e87ac,112597,102732177,214435,112504,102718884,214435
f6b5780ef917b6e1,99517,89652032,214316,99423,89659571,214316
f6b66f943af8f545,71115,61294075,215836,71021,61241040,215836
f6bb3ddbe1abb02f,72991,63124071,216026,72899,63136213,216026
f6dada43355a6ea5,37719,27817094,213938,37595,27812532,213938
f6e796f000254c8b,13240,3366306,214536,13147,3360379,214536
f6ee0c452b6d7f9c,26100,16205960,215532,25968,16201091,215532
f6fef09094bc9ba2,43856,33934471,215139,43722,33941417,215139
f6ff4eebab121346,24837,14896962,214421,24676,14902455,214421
f70e0eac638726eb,,,,51805,42008072,166960
f712cd0559d888cd,56902,46965944,214583,56739,46954522,214583
f71a0a5b1e5130ec,15068,5175635,215998,14945,5181837,215998
f71cce6d983e5e7c,40215,30315530,216208,40099,30326892,216208
f73f3b7fe3d58da9,88639,78706937,206143,88541,78727790,206143
f7687ca51f222860,38421,28536110,212377,38306,28533723,212377
f76ac4e1703cadfe,108038,98152330,207024,107912,98123888,207024
f76e9ecb4ceba621,83946,74055932,215890,83842,74051473,215890
f77d79651fffaf97,16831,6904731,216213,16631,6847579,216213
f78ce7d7a4db6d5e,,,,33579,23817731,218633
f7b1a9a87181c009,53771,43898613,212320,53687,43864823,212320
f7b45146d330f68b,12251,2371856,214931,12143,2383074,214931
f7bdbd7d98521931,60508,50610648,199277,60381,50600421,199277
f7d0ceef5f34ab56,106494,96620323,214764,106398,96621841,214764
f7db1a7ffd0dfe76,102742,92854148,215049,102638,92843240,215049
f7db8a78dd06490a,10305,400167,212378,10177,412329,212378
f82b3ed4d8af56cb,10779,897221,214626,10682,900088,214626
f83298ff376ee6fd,55306,45424450,216606,55200,45423224,216606
f835ae11a2e36550,,,,107748,97936285,214102
f857e0b1db67ec9f,104155,94253976,213412,104033,94247717,213412
f85b71a2972eb9c2,54346,44496133,215783,54266,44481132,215783
f86ae2b814c5255f,66691,56826468,216058,66600,56842653,216058
f89f1d4e32722dda,66354,56485304,216422,,,
f8ad7f50dc551c8c,65041,55164688,215152,64942,55161493,215152
f8eb6996091ad503,,,,110272,100507406,242066
f8f5ef16713b3f27,68583,58621365,216296,68388,58603257,216296
f8f71eafc45912bb,20597,10722277,214710,20489,10728233,214710
f90d096f9714e240,,,,34571,24787763,214928
f91c92e5bac58886,109142,99233992,217476,109011,99227137,217476
f91d443f8cf95434,115387,105540087,214487,115301,105488404,214487
f934bbcc599adec5,,,,79085,69319880,216740
f94679eb5032af67,72383,62530304,215522,72276,62483778,215522
f94dfd7d2e733ade,80759,70901370,206958,80681,70898272,206958
f96c286d41c234b8,42153,32282009,214007,42064,32298824,214007
f974de3c8901ab1d,19746,9888159,214051,19673,9880469,214051
f9768041815578ef,103028,93136983,185256,,,
f97cc6c6db922a8d,72935,63068632,214914,,,
f97e10f51cdee092,82346,72446247,207047,82213,72422095,207047
f980eae61416074d,29946,20085933,231773,29866,20082277,231773
f989974a0648bfbf,86121,76177874,216219,85815,76049202,216219
f9af6bf9dfcbeb74,93756,83852561,215143,93652,83854905,215143
f9c2d778773e2e7b,87107,77196514,213964,87002,77183363,213964
f9c5110629b95dbb,34080,24079878,215468,33873,24070651,215468
f9c94a0c09027ff9,99138,89288384,186638,,,
f9cb23598b5d4cfa,102297,92393116,214998,102162,92382269,214998
f9f2f203011dfb90,31880,22018857,213941,31798,22013326,213941
f9f63a7ca2f1c7de,105794,95877109,214622,105625,95859177,214622
fa137bfc90904d62,29916,20055959,233809,29834,20053755,233809
fa14969c24a46e0a,61882,51906092,200343,61726,51899803,200343
fa26e61529457e8c,52815,42976323,215226,52733,42951562,215226
fa394030439cdd2c,102246,92322342,215741,102100,92313639,215741
fa3f295883e00411,102775,92886650,214983,102671,92873469,214983
fa5210e553bf902f,,,,85355,75589693,206818
fa525149c952bab1,41938,32057491,213908,,,
fa5e2c71e2486eb6,49772,39893318,215081,49672,39888516,215081
fa8b8fef80c4eef7,15649,5860768,212359,15577,5735159,212359
fa9f10205b0dfa30,23685,13703692,216704,23494,13696295,216704
fab9380ea326fb0b,19540,9676010,212296,19488,9671667,212296
fac542ed7058ae6f,106384,96499616,213807,,,
fad1226a8d6f480c,102684,92846537,213788,102574,92813647,213788
faed0773b810b5d8,115538,105651319,214835,115449,105642570,214835
faf1147becebd6e1,49645,39785020,217969,49545,39752944,217969
fb03fcfb8a39ff48,42093,32220398,214575,42004,32228483,214575
fb2abbe1c8a6181a,56360,46508005,214527,56235,46461133,214527
fb4412b14e91448c,,,,26073,16312783,240679
fb469a489a7b9279,42183,32314544,214693,42092,32307749,214693
fb4e130e8bbf770d,23925,14051702,217173,23818,14047655,217173
fb534ce04e442cc6,112567,102676485,214713,112474,102697420,214713
fb6b6fab69b8b0ab,46224,36424686,213880,46108,36329332,213880
fb6d1243c6f7c09f,38482,28599064,212744,38370,28607044,212744
fb9772478ba787db,27423,17548258,213863,,,
fb9b47b28f1b4949,28511,18616384,218416,28394,18620814,218416
fbb6101f722710b0,111902,102027724,212851,111800,102035417,212851
fbb9607e21f1478c,50940,41075815,213259,50835,41061903,213259
fbf1ae7f0a6968f5,48342,38464907,212432,48238,38472827,212432
fbf6a9aa76a17214,96907,86997619,214494,96809,87001160,214494
fc12fc7ac85447c8,58845,48939912,215145,58692,48914910,215145
fc200a3988e1f8f4,40667,30813251,236347,,,
fc2248400c7371d5,17147,7243807,213663,17020,7240638,213663
fc26ed6ddc904070,55187,45299365,214679,55078,45291419,214679
fc4077ec98bd3090,43269,33396411,215896,43179,33391597,215896
fc456fe1bc3d8b75,64555,54700761,214130,64477,54690811,214130
fc4b55d3138cf51c,63477,53607042,213141,63371,53600532,213141
fc6167f90a76b3b4,46703,36830946,213507,46650,36824969,213507
fca5c1f29f9f848b,112071,102197183,214988,111977,102191792,214988
fccb85e4808e2301,69894,59983321,216146,69786,59970699,216146
fcd1600d518d5bf2,72793,62913984,215800,,,
fcee1bbd91be16c8,115479,105591124,214708,115391,105581194,214708
fd23dd0b2b465881,12190,2306383,216291,12078,2301392,216291
fd285385f131b16f,114673,104759945,213379,114536,104771526,213379
fd289e524a02649b,81245,71305098,217335,81082,71311515,217335
fd3b94e7ca188887,89475,79609562,214985,89382,79603451,214985
fd499ec2d67b5346,22760,12865178,203210,22630,12847207,203210
fd4dcd32b651daa0,,,,97452,87613678,213738
fd543b953aec52b2,29752,19892592,213540,29656,19879337,213540
fd6e4d16dddeed8f,22474,12571201,213935,22324,12553046,213935
fd8554333adb979b,90100,80232288,217850,90000,80231476,217850
fd87cddd9a37096f,90131,80261133,216452,,,
fd9ff500ef3ac81b,29608,19712800,214403,29494,19702444,214403
fda219808c0691d4,49439,39586108,199779,49348,39585967,199779
fda7aeb69c6967ef,34208,24241042,215724,34027,24230097,215724
fdbf3487a0a14b4e,22324,12408361,216486,22173,12391280,216486
fdcd506784895899,23646,13641767,214583,23433,13632027,214583
fded1cc391d0ec14,63396,53543449,235547,63282,53515809,235547
fe19f41b136b76db,27122,17257939,202006,27076,17252678,202006
fe2874286957ab83,78967,69099781,216120,,,
fe2b57dd654437fd,24158,14307624,215226,24047,14281229,215226
fe2e77655de44447,117065,107202419,472520,116936,107198324,472520
fe396bdd37af46cb,73436,63612222,479667,73342,63582414,479667
fe42a130b13699bb,115657,105801675,216345,115564,105801737,216345
fe57fe6f882803cd,55832,45852895,203053,55677,45847200,203053
fe626a5bb949c4e0,70651,60800219,243940,70557,60792728,243940
fe72e8dc6746299f,43680,33785904,213695,43528,33754083,213695
fea9cdc9d371c1c1,91662,81754593,215005,91537,81750565,215005
feb54a21af8df609,39254,29293569,213656,39157,29295958,213656
fece437232dff0dc,57090,47209406,214891,56950,47189925,214891
fed9e67844256717,,,,101585,91804429,239542
ff20a93551151031,100068,90208338,237095,99987,90194791,237095
ff21778d2c4c7227,25373,15496207,215789,,,
ff26d0e52652d236,110825,100906898,212676,110669,100886744,212676
ff33db03001ee026,,,,73881,64081559,214918
ff33ef8f97105c66,91112,81232747,215026,91014,81222940,215026
ff56f1c5a677601f,97066,87228418,464380,96975,87216147,464380
ff7dcb64383924f5,15426,5540827,201653,15362,5522324,201653
ff9500b047c6b71d,43402,33591302,212810,43309,33528423,212810
ffda19474f12ff3c,52655,42793555,230762,52574,42784996,230762
ffdc29e8d9e961e8,103453,93590865,213214,103370,93583298,213214
fff078b17ab25649,68075,58227528,216581,67941,58184304,216581
