content_hash,rtsp-0_pts_ms,rtsp-0_arrival_us,rtsp-0_bytes,webrtc-0_pts_ms,webrtc-0_arrival_us,webrtc-0_bytes
0004a3ebf5fa0ab2,79726,69785308,131759,79729,69795216,131759
00213d2c3022516f,106969,97120894,138993,106901,97131183,138993
0030d6a672d8fb23,29242,19379921,139660,29182,19394368,139660
00365e756a0f2c08,81915,72039428,132006,81848,72049484,132006
005e4c0811eddee8,74177,64346343,343925,74140,64373496,343965
0071d67c3b006229,109854,99984293,138076,109796,99994707,138076
00974f2978f1e8b5,117217,107361261,139048,117153,107372126,139048
00b12261e9b905fb,110234,100349781,131845,110212,100360124,131845
00b97b44b8b2d224,54137,44300078,102794,54162,44311275,102794
00c7a847cc24f921,33547,23640831,131027,33540,23658870,131027
00e770b97d46c449,76447,66559252,131196,76410,66569125,131196
00f3df641094872c,43812,33918896,131244,43786,33928829,131244
00f3eeff5811870e,43908,34018771,130847,43876,34028516,130847
00fbed1e30ca62d6,42101,32221780,132983,42052,32231591,132983
00fe8c263b6bd669,38735,28863720,138861,38677,28873398,138861
0108222c5df77073,56498,46605020,131122,56462,46615596,131122
01472bb5f0949399,90479,80620772,139564,90417,80630875,139564
018359f1c0a19f27,26864,16969017,129404,26853,16980298,129404
01cbefa6920a73a2,12001,2159224,136608,11940,2168904,136608
01d9066aaf8a9326,73614,63760481,139543,73543,63770558,139543
01da4e8a19df65ee,30487,20620006,139339,30430,20633634,139339
0210fbf146fff133,81518,71619119,130402,81499,71628893,130402
022304cd8fae4453,112354,102459577,130502,112331,102469372,130502
023573f18c2e5494,16728,6859757,139329,16670,6869856,139329
02496212c303aa37,27207,17319078,130417,27161,17331074,130417
025afadc6331333e,58940,49040657,130403,58924,49051680,130403
025ce0c59fe006fe,103054,93199908,132343,102982,93209486,132343
0263c0424a286b56,109701,99861050,137647,109641,99871417,137647
029416e6a7bbefdd,75664,65802819,141244,75591,65812428,141244
029dbaa745cec8ee,84450,74580504,138541,84390,74590740,138541
02a1a725c3971558,32441,22579708,138351,32387,22594211,138351
02ac1a494abe58f6,90974,81101781,139700,90915,81111616,139700
02adaeae89806089,77830,67960656,138218,77772,67970714,138218
02e1acfa1de7b1ae,35525,25680006,138821,35462,25693931,138821
02f0a5092ddb3fbc,40249,30361171,132286,40187,30370342,132286
02f16c221b29e605,34148,24300365,140825,34083,24313031,140825
0319f69215ded76d,17084,7188896,130459,17066,7198275,130459
033364ea00554510,109069,99201135,139840,109011,99211104,139840
036c523ba28ce659,72544,62640874,129789,72520,62649666,129789
037802f2cd819492,59207,49343960,138360,59137,49355308,138360
03835195bdc7a4a5,42937,33079098,132213,42866,33089194,132213
03ae7197f5411fce,23801,13943019,156206,23742,13954039,156206
03bf24fc9d18a874,68658,58761356,132463,68635,58772295,132463
03c378e68ee90c9a,85939,76080663,139300,85861,76090678,139300
03dcaa340f388c03,14402,4539760,139533,14333,4549177,139533
03eaaf1c4839efea,79443,69605569,101663,79471,69614232,101663
03f8213d3f282a61,65221,55380426,139170,65167,55395461,139170
040c293af4570bc7,113433,103564279,138977,113365,103579665,138977
04113d2cbf999b77,26203,16343465,139399,26138,16354943,139399
041208fdd162afe6,74762,64898988,130511,74697,64908657,130511
0449bcbbb5414492,50289,40440073,138479,50221,40449809,138479
0482fe5dc19a10aa,22976,13080194,129759,22953,13089348,129759
048347d60f1cc459,78796,68913568,140821,78767,68923390,140821
048faadb710982e0,82118,72261347,131596,82054,72275653,131596
04a02bcd99b40856,94897,85044333,138402,94834,85055865,138402
04a2fa1a118a764d,80915,71061148,142330,80842,71071793,142330
04a556e9aa53cfba,34682,24819151,130086,34616,24830398,130086
04cede180d8de663,30205,20359901,138517,30142,20373980,138517
04f5bcf596a7d4a0,92179,82303938,137733,92120,82313960,137733
04f6e774167fb183,83359,73484189,117289,83331,73493252,117289
0502cb6afabbd71d,80038,70143582,137461,79948,70153770,137461
051a9208b53c72fb,36660,26819109,133387,36604,26836395,133387
052e937a5a5429c3,55301,45440228,138983,55243,45450986,138983
0530b6f955344477,117343,107481655,142691,117273,107492291,142691
054dd36fa94f0b9e,11773,1898166,130583,11677,1907475,130583
0565c0a69263d887,104292,94446248,101592,104283,94467971,101592
05b7a09b16b8033b,20114,10243105,138963,20051,10253006,138963
05c8074cceeb4552,73767,63920559,139210,73704,63930325,139210
05cc53e56ea4eb70,10248,399580,138254,10183,409549,138254
05cfdce5e9ca1041,42370,32519113,133395,42301,32528201,133395
05e22cfc83bc5db6,43280,33440433,139859,43221,33451017,139859
05e67a53f5f00824,115637,105782046,131016,115571,105791278,131016
05ec6fef3cb3efdb,90789,80940807,139575,90724,80951171,139575
05ed6dc6f60c7f4a,76766,66929204,350411,76757,66957259,350451
05f3238abd58b2c9,102881,93010959,131099,102818,93020218,131099
05fbb46e3df1d75a,94621,84760865,138923,94555,84771693,138923
061652efcbfe3a0d,80506,70650876,140645,80447,70660870,140645
062338a4d5d3d03e,89943,80100816,139188,89881,80111197,139188
0651b70cadc63bbf,79845,69920694,139667,79819,69931757,139667
0668110acdc1ccae,102967,93100406,132694,102886,93110097,132694
067f16df0ef943e2,77401,67540540,139537,77320,67550048,139537
0694249aa2688e56,74051,64180573,139441,73991,64190374,139441
06a9bd913bb3f2e6,20487,10639827,138681,20423,10650297,138681
06c9da236d247d24,21144,11258387,130574,21109,11267859,130574
06c9f2e3c0896645,67557,57699224,130794,67494,57713719,130794
071e0cd5dfb6d1d6,44983,35123301,138641,44909,35132939,138641
077919625d4122f4,83554,73661129,130283,83521,73670634,130283
077ab2f076c2fe59,93461,83621164,141530,93420,83631453,141530
07886910b709ca6c,87839,77980677,139180,87761,77990819,139180
078ae09b5d413995,40886,31020239,140591,40827,31030577,140591
0795553a0b360421,20395,10539635,138255,20322,10549316,138255
07b9cb9ea95f31f9,67926,58080599,139669,67866,58093213,139669
07c029c2c1ed9457,87155,77283231,131625,87093,77292228,131625
07ca53814778f51a,86469,76604376,137410,86405,76619279,137410
07d000c1193b2f7c,38259,28378929,133248,38211,28388671,133248
07f68098317f581d,111535,101680966,138234,111461,101690319,138234
0804c8b12bb9d95f,95751,85900797,139332,95683,85910847,139332
08054cdba2b33599,46109,36239879,137771,46057,36250356,137771
081c8e1f96589fac,35433,25579903,138589,35363,25595237,138589
082198a13967d446,21748,11879784,139160,21690,11890339,139160
082b211529e10914,89620,79739436,131214,89574,79749567,131214
082d0bc56b402c07,32142,22279940,138929,32060,22291253,138929
082d278ff3baaae9,88362,78499408,132318,88300,78509013,132318
082e021320cfb194,49657,39758617,130373,49642,39769127,130373
083cc651830ef6c8,96938,87064097,139479,96874,87074427,139479
0867ff725476d0c8,91518,81624310,138167,91480,81633936,138167
088200242fda9f3e,90542,80680532,138002,90477,80690359,138002
08820ccedf3779cb,93275,83419085,129168,93242,83428332,129168
08b0dd179a658a50,116336,106439529,130159,116308,106448565,130159
08cdab7273480423,28562,18700065,138749,28497,18713332,138749
08db194226027d4c,9971,103451,138528,9907,113784,138528
08ed6662bb6a2513,96155,86284423,140496,96095,86294612,140496
08f9df22c58a9658,103961,94119292,130276,103900,94128882,130276
08ff03cec98ac0f6,80409,70543142,154068,80350,70554423,154068
0948d17f8ec608b6,24713,14843247,138599,24652,14852759,138599
094cede0c0c31f5a,53778,43900068,138060,53738,43913005,138060
0955d34c76ea8f4c,25602,15758379,130347,25542,15772158,130347
097b114934261198,80699,70839417,131616,80635,70849825,131616
0991501eb94654b3,84546,74680758,139289,84482,74690146,139289
09b4c57ebfa6626d,45672,35788536,131522,45666,35800975,131522
09e8fa8d2ebcc897,79114,69240429,138229,79069,69251439,138229
09ef2f41762eb670,42968,33101381,131657,42895,33110948,131657
09fc0430e6db2dc2,77487,67640224,137186,77421,67651363,137186
0a084719f3033be3,22528,12659802,138885,22469,12669372,138885
0a2ff7497a478808,73584,63723958,138228,73514,63734215,138228
0a3563bc108d5a78,37853,27964422,117619,37847,27973661,117619
0a460c0413af0ddd,119111,109252328,138871,119053,109262443,138871
0a6464123d0fd592,42341,32482170,131889,42271,32491275,131889
0a850385613762fa,34526,24660244,140941,34468,24671337,140941
0a8b8a950ed2ce3f,117617,107743542,131260,117560,107753030,131260
0a9daf12369d8ecd,55677,45820121,138644,55600,45830068,138644
0aa037aebc8701d2,74210,64363513,102698,74177,64380809,102698
0aade719ebfcf1be,16169,6299589,138066,16107,6309936,138066
0aafe8e7bcc8f674,27778,17905862,139305,27723,17919457,139305
0ab52b2fd48218d9,65101,55243255,137815,65027,55254462,137815
0ae403595f3992f5,71630,61762338,130700,71561,61773494,130700
0ae6f42ba24fc78d,18157,8299603,137243,18093,8309336,137243
0afda7806d203b22,15438,5559450,136561,15397,5569883,136561
0b06064cfa23e245,15528,5642995,137930,15470,5652887,137930
0b1136e86f19a425,68113,58243937,139094,68057,58255221,139094
0b2107097b0ce000,99761,89823291,114409,99779,89832270,114409
0b2faec808ad6661,37283,27439188,134039,37219,27451294,134039
0b3a91979954ff5e,30582,20719788,138685,30524,20731233,138685
0b77c205bcaed4df,21300,11418231,129700,21249,11427324,129700
0b7e2f426a5be0d3,38680,28840265,140545,38620,28850041,140545
0bd328ed849e352b,87314,77427208,132315,87293,77436527,132315
0be05172eb1e5a77,81129,71260696,140590,81070,71271531,140590
0be071ab2169092d,107994,98124290,138176,107940,98134539,138176
0be65a12f29425e6,112926,103081057,139634,112864,103091261,139634
0c01531e5d9143db,30053,20199621,136766,29979,20210920,136766
0c0d021955dca3ec,15125,5227169,130348,15111,5236413,130348
0c18f2dc12be209c,98863,89000625,138385,98803,89011039,138385
0c41c8f0f38c1a4c,85998,76143982,138484,85932,76153634,138484
0c45d2f34aa94b19,108861,99004193,137881,108793,99013644,137881
0c55e5cc7778f38b,39730,29887947,126776,39715,29904578,126776
0c5a5472458e2074,38462,28601252,132241,38388,28610208,132241
0c68330e25dac9a1,78176,68319223,131596,78103,68329018,131596
0c6f0ff6dba29b8e,34712,24858672,131014,34645,24873025,131014
0c70997efacba90d,96843,86980999,139513,96783,86991167,139513
0c72d6fae5cf6dbf,53589,43699062,131137,53561,43708891,131137
0cb5a60b9c2c7f03,83831,73959328,130996,83770,73968711,130996
0cca6324f1bf86ef,67235,57361396,131140,67179,57372731,131140
0cf30968191de727,112323,102421674,131137,112302,102431648,131137
0d2449555213a3aa,108192,98345512,102475,108165,98363988,102475
0d2585b884787e0e,39817,29932681,132575,39802,29942775,132575
0d2c8e36ddb7fa85,91456,81560486,137736,91426,81570400,137736
0d63abe34a494360,44269,34403064,138863,44186,34412784,138863
0d7d0ab9d85159aa,60928,51039052,131776,60906,51050172,131776
0d8a2af226887bc8,103865,94019474,130626,103801,94032792,130626
0d8ccedb26a52cff,54895,45040345,139299,54821,45050809,139299
0d8ce72d31f2a196,15498,5619674,138941,15446,5629710,138941
0da66a3a73797884,77344,67479372,132009,77259,67489048,132009
0db0c6cef743fcf0,56701,46834371,115266,56692,46843475,115266
0dbb02b5fa6e80a1,56894,46962704,130473,56875,46971879,130473
0dc297bf69d5f995,12881,3002352,135690,12823,3011898,135690
0e4b64d51319341f,51040,41200522,140327,50981,41210866,140327
0e5955522bb643f0,85792,75920707,139423,85729,75930947,139423
0e81f45a11dc9fd1,107028,97181127,139654,106961,97191328,139654
0e8952fb609ff017,53115,43242832,141033,53056,43253407,141033
0e90727b8fb92ec3,11031,1258706,357372,11053,1287142,357412
0e9cf767dca877c7,44606,34740319,140751,44547,34750219,140751
0ea21a9b6310a535,60136,50284131,139054,60078,50296754,139054
0ea72434a8da8c69,76864,66981942,73733,76853,66987479,73733
0eb74cef1206e592,31018,21138549,130616,30985,21149245,130616
0ecb6ed287bde27f,52996,43146855,158335,52938,43158216,158335
0ef7746178ab703a,58571,48726200,107081,58578,48767714,107081
0f0cbe02c8db54cc,114314,104419676,131512,114298,104429802,131512
0f2bcfbadac87347,55398,45521382,132217,55337,45531219,132217
0f335e63da519df8,42281,32420650,141802,42207,32430288,141802
0f3cdd80569497ee,105155,95283556,142650,105095,95293799,142650
0f4cfcc9660c082a,21330,11458355,130335,21276,11467777,130335
0f6229bc1b299952,30987,21100282,129203,30958,21111010,129203
0f8222ae9fb768b8,63093,53224314,139647,63020,53235567,139647
0f88ca426addeabf,77766,67906905,176529,77708,67919627,176529
0f8b537a49a43502,81161,71284161,139077,81102,71294357,139077
0f8d4f41934c2b56,82181,72339474,131516,82120,72349928,131516
0f98e540e0c0a358,37314,27470276,132655,37254,27482237,132655
0fa76f7d52474110,93027,83160690,139084,92965,83170721,139084
0fae24485ed0ed03,36208,26318685,130951,36173,26329135,130951
0fec5838a99885c2,110642,100764433,138865,110587,100775207,138865
100cfa97d68476b7,108435,98541539,131060,108403,98555379,131060
10137a50fcc6818b,85547,75659344,131710,85512,75669841,131710
1021d61da2e47a1b,11218,1334624,130057,11244,1344106,130057
10249cd3af3e8603,52433,42563716,159323,52375,42575893,159323
102e4bc3c0f35dfa,15850,6002885,138385,15791,6012483,138385
102ee755d687948c,74517,64639249,131995,74477,64649074,131995
103fb36cc2ea1643,14053,4182550,155548,13995,4194170,155548
105437ed4b9d84b6,16922,7105503,345719,16901,7134103,345759
106656b70c13fd6e,108059,98183868,137572,108005,98193949,137572
1085c2e83799df09,64641,54758795,130229,64635,54771042,130229
108cc1295c735b63,68988,59123655,138256,68909,59135229,138256
1092170ad5122552,62161,52320543,138747,62103,52333086,138747
1095ba4466882052,114559,104679608,130900,114509,104688829,130900
10983ea605a110eb,46786,36920061,138461,46723,36929496,138461
10a58f8468ff7ba7,61658,51783946,140089,61600,51795242,140089
10aebc159db2a38c,29641,19763297,138539,29584,19776135,138539
10dfe3b5fdda7b80,25188,15298695,131134,25147,15308348,131134
10e006a494264813,87187,77367962,349184,87161,77394101,349224
10e4dc3f60cda7e4,68531,58638885,130295,68518,58650697,130295
10e8890c362a9b19,49148,39300282,139661,49084,39310235,139661
11335ddd28d3811e,41257,31403338,138903,41195,31412808,138903
113b049554fae0ed,93870,84012186,139733,93792,84021765,139733
11514c95d9e2e36f,36299,26420580,141292,36248,26431776,141292
1151a6d9bf595a77,92082,82220697,138133,92024,82230244,138133
115dcf51635341fc,33040,23200251,139418,32981,23212967,139418
1161b92de3b2e02a,34235,24362712,137223,34181,24374718,137223
11650ec8999146ff,24455,14583259,138532,24397,14592592,138532
11735153901ea169,58815,48918782,129877,58814,48929258,129877
117734d838faebdf,92963,83101182,140422,92902,83111654,140422
11976d0a2cdb9ad6,64135,54263567,138574,64089,54283108,138574
11a0cf5e18ecf104,67398,57524195,138912,67340,57536095,138912
11a4fb1099d86137,41850,31969972,131545,41819,31979634,131545
11acc8a17a27e5e2,114588,104719899,131389,114533,104729995,131389
11ba0ec8354aaedf,19215,9338322,130882,19179,9348898,130882
11c32d779ba2ce88,111412,101544040,137897,111345,101554553,137897
11d9f867d03d0fd6,96811,86941082,140489,96751,86951329,140489
11dc2716de97ca0a,79694,69762982,118019,79703,69771885,118019
12062cbb0cae2bbc,58401,48523704,140108,58342,48534075,140108
122ff9465189abf1,48774,38903385,137144,48713,38912549,137144
123d5dd8781c5ce0,39649,29780142,138508,39589,29789848,138508
12488290731345bf,19340,9471658,139417,19291,9482206,139417
124bbb0fe8014dc1,115951,106081005,138458,115889,106090908,138458
1282cd5a90a3e761,43563,33698552,130460,43503,33707840,130460
1299c8ed77ab8c36,118949,109084741,160560,118892,109097131,160560
129c8c5977085755,52751,42883696,139160,52683,42896511,139160
12ac68efc4fbac89,29028,19143284,136846,28994,19154955,136846
12c0625d1202877f,90352,80491511,137193,90293,80500974,137193
12d382167a8f4e4a,49968,40080653,137724,49919,40090762,137724
12dc1070bb180906,87868,78004132,139035,87785,78014131,139035
12f46c9ed2ff2f41,104925,95061109,140379,104842,95071898,140379
13133cb9a615dfb0,39682,29866778,350842,39662,29895559,350882
131855cf112f6af5,35054,25180157,139968,34999,25192173,139968
131ed77126be3398,41012,31143283,138933,40947,31153102,138933
13296d09315f2c76,49816,39920199,139475,49789,39930493,139475
13450898b3b7faf9,88768,78920709,138828,88704,78930889,138828
13473d5d1df14208,50885,41023327,138453,50811,41033657,138453
134e4167774769a2,90727,80880578,138540,90661,80890842,138540
137033433877f488,72668,62779095,131583,72629,62788512,131583
1386c51ff4c2c308,101788,91899179,129711,101754,91908893,129711
13a5ca292ab73f37,43123,33260758,131160,43050,33269868,131160
13ceb489a47bae36,31536,21650081,130100,31566,21661890,130100
13d2f4a8c0f092ed,49753,39858756,131030,49733,39868887,131030
13f07e8413f9e182,52626,42759950,138182,52563,42774291,138182
13f20465e453f340,10433,560003,139183,10374,570629,139183
13f20bc6fbb552c9,67589,57721403,131363,67525,57732291,131363
13fbbc2e8a152d81,40278,30398939,132037,40210,30407916,132037
13ffedd4e5589564,119669,109801139,139245,119616,109815856,139245
1403b061eaa20859,82835,72984593,139976,82773,72994427,139976
1408c22086f1ac0d,87600,77719680,131399,87561,77728904,131399
142783911f561c11,77201,67304143,137466,77148,67314352,137466
143247b7daad1591,114734,104880996,139495,114666,104897197,139495
143b2962ac8c9538,86028,76180654,139176,85963,76190880,139176
14454b96347397bf,75695,65840758,137811,75622,65850478,137811
14530ca585af9695,97889,88020709,138740,97831,88031538,138740
14606f31ee35bd6c,61402,51560388,139514,61348,51572300,139514
1464071af9803979,82031,72163953,138722,81952,72174040,138722
14749a5c3d74ab75,69200,59360429,138954,69149,59383307,138954
1480943db6736369,34493,24621552,129320,34436,24631830,129320
1487419f98e4ebd7,51417,41587387,346482,51383,41615772,346522
14ae6bfe03a3c1fe,98832,88960748,138240,98773,88971706,138240
14b1595acb25eaf3,65161,55320547,138735,65103,55335159,138735
14bde1309e95ad4a,33095,23223632,138153,33040,23235585,138153
14c0777112b528c4,60580,50703358,114483,60591,50756895,114483
14c5b7c56366d0c0,53716,43840055,138712,53681,43850236,138712
14dbf645ebc1917e,43530,33660245,140198,43471,33670676,140198
14ddd74dc5201e94,80731,70861795,132168,80666,70872360,132168
151995f1375f631f,65252,55404097,139701,65198,55416252,139701
15219e2f2f12b0ca,68179,58320534,138828,68122,58336661,138828
1524fba43c07fcfc,95452,85564046,137691,95403,85575038,137691
15977b7715da2bc6,118405,108521687,130523,118354,108530654,130523
159e926cb771003c,63615,53743938,139213,63556,53755810,139213
15a44b310510eb2b,72223,62406552,344415,72203,62437037,344455
15b87f7069c1c332,56081,46266785,347228,56061,46294821,347268
15bdc8c23af7a63a,55555,45701099,143617,55486,45711278,143617
15db716f52ba6655,19491,9623255,139524,19422,9633658,139524
160277bbcee53e8f,63180,53320407,139483,63101,53332521,139483
16145340b27ddd51,68811,58921048,130785,68766,58931555,130785
1630f36bdb14df17,108498,98619441,129994,108462,98629205,129994
1646edc12e95a283,105571,95719739,132076,105502,95728732,132076
164ba55e207c9ee3,76664,66852277,352864,76650,66883650,352904
16880d254f5ea57d,49592,39706284,131780,49579,39716309,131780
168b7578bd7db1db,53060,43219020,132032,53002,43229347,132032
168e6892b9c8bad7,19888,10022836,156895,19834,10034855,156895
169b6f07f0fb2ad9,59235,49380355,139487,59162,49393703,139487
16b376a584da18e8,81676,71779194,131014,81647,71790431,131014
16d42b6f967d433b,29608,19739932,139277,29551,19756275,139277
16f031eb287ae624,59953,50100201,139010,59891,50116180,139010
16f2254a0c6adbbb,76991,67077616,121534,76972,67087180,121534
172a184853ba9ce5,43337,33463932,139096,43279,33473983,139096
1735a49684b8a014,48869,39002777,137088,48806,39012474,137088
173600fd1fdcaf7d,85106,75240395,138093,85048,75250194,138093
1759932e08bc6f3e,78957,69080901,140310,78924,69090951,140310
175c49c8e189831d,77701,67843595,154921,77644,67855247,154921
175d207d2401f42a,35086,25219755,138208,35030,25233872,138208
1798373f0d2a32f9,77083,67179131,131184,77053,67188704,131184
179ad358407a5d1a,98083,88221155,139868,98023,88231104,139868
17b6e485ca283fee,113736,103864762,139740,113683,103879543,139740
17b71ac4bcbea7ef,10996,1137949,128366,10948,1147647,128366
17bc39f117153bdc,81226,71360577,138874,81167,71370344,138874
17d8ae0e9c2091ee,43939,34060492,139963,43906,34070998,139963
17dea0367960b764,101406,91587323,346155,101381,91614782,346195
17e7b20e92e3fb06,33826,23979393,352648,,,
17f768dc057fb5e6,23072,13178564,130407,23045,13188343,130407
1804fb1a98bb9a63,65946,56098998,131240,65883,56113278,131240
180f44eb017634c0,50409,40539921,137442,50351,40550446,137442
180f4db7df712f91,19520,9659841,139212,19447,9670535,139212
182e6c0078fff436,83275,73447214,349164,83242,73475410,349204
184631b05ad5ec60,69354,59487116,136342,69309,59498701,136342
185589c8d1211034,36534,26680666,141985,36465,26692000,141985
1862f17e2587df57,111029,101161044,139908,110972,101172819,139908
187517bb08137988,35680,25840011,139468,35621,25853040,139468
189e6c2ab11e5b2a,19023,9138134,129772,18995,9147103,129772
18a57305eddc01f0,12039,2202629,157179,11983,2214039,157179
18b861500ecc30f5,57074,47160410,139565,57026,47175525,139565
18bc19e42e6ffa3d,10935,1080448,130440,10892,1090169,130440
18bf675280a725a8,79324,69455279,130781,79252,69464879,130781
18d94ab16c88add5,44299,34439774,137302,44220,34449978,137302
18fce2467f263720,36941,27078896,132141,36887,27093037,132141
1918edc3f2635012,106940,97080996,139232,106861,97091079,139232
1957929a6ee6de6f,41719,31844200,118850,41691,31852956,118850
19593a1adcc2ef93,46722,36859945,138044,46661,36869930,138044
1961c97e92bed044,55237,45366182,138639,55180,45375953,138639
196396ee75a06abc,105664,95803925,138054,105596,95813224,138054
19884800e3d6fbf2,41440,31579167,133092,41381,31589764,133092
1996cf96507d09e1,71724,61864163,140541,71657,61876627,140541
19b428ba906ba7ee,94117,84264260,139491,94054,84274548,139491
19cd48433184a287,52499,42623296,138164,52439,42633915,138164
19cd4a589fc8ce6f,83891,74024448,137646,83821,74034379,137646
19d840b28b0130ef,12697,2842777,137754,12635,2852353,137754
19de7521460e7185,69578,59720318,139084,69526,59738310,139084
19e10b5cd1d7a032,72758,62880356,138709,72703,62890563,138709
19fd2b64f6405ebd,107471,97599736,132173,107405,97608608,132173
1a00bb35668e9ee5,13686,3823201,138762,13611,3833104,138762
1a0a65b41077c4c3,80229,70380617,139983,80161,70390940,139983
1a0f927949fdb30e,53930,44060207,138305,53870,44070451,138305
1a35d714afe684af,87722,77839374,130442,87665,77853117,130442
1a3bce54ed40a8b7,99854,89899123,129863,99854,89908362,129863
1a4471753921f49f,43184,33339951,138075,43121,33350997,138075
1a4a9e279d18544e,58719,48819009,131628,58723,48830439,131628
1a6efc56954e2180,102486,92600344,131213,102479,92610356,131213
1a7436e6994cea42,60075,50221391,132013,60017,50234225,132013
1a87bf6a9a99e4a1,34089,24238473,130082,34024,24252420,130082
1a8939dc14843888,20641,10762937,138243,20582,10772551,138243
1acd9a39ff0f3284,31725,21786275,136229,31734,21799823,136229
1ae6f410884d1e5c,13598,3722487,137343,13532,3732404,137343
1b1ef4674ef68bb8,24870,14986242,128883,24850,15000637,128883
1b22eb3b9d67c35f,69386,59520554,139720,69340,59534725,139720
1ba233df1646ae4c,65792,55924082,139289,65718,55936551,139289
1ba7580872ffaea4,80854,70998945,130081,80783,71008072,130081
1bba24db64b15a04,32792,22939960,138658,32729,22952918,138658
1bc41f4164855176,118824,108981424,141108,118764,108991043,141108
1bd84888ccd179f8,74422,64539159,131537,74386,64548092,131537
1bdce193b18a298e,80603,70740373,138448,80543,70750148,138448
1be3de97500c2aca,90319,80460882,138917,90261,80470941,138917
1bec3fb03289ec3d,38962,29100538,142150,38901,29110863,142150
1c0119d14af1fa26,17457,7579514,137977,17401,7590183,137977
1c072d13328d0672,54358,44430836,95973,54372,44438252,95973
1c1bfdbce2135850,25484,15623001,138025,25412,15632841,138025
1c1c499268437954,39978,30079108,132323,39955,30088845,132323
1c26d0ae28e6bcfc,100404,90560797,139218,100342,90570905,139218
1c5da2b2062a8be8,35021,25147809,138304,34966,25160617,138304
1c62e770fc3df692,73458,63600353,138585,73395,63610720,138585
1c75a21141d6539e,88200,78341315,141770,88140,78351557,141770
1c7a5309b5573594,106431,96519380,131105,106417,96529507,131105
1cbb2368274e344e,45013,35159934,137876,44939,35169573,137876
1cdfa70b4689b868,47980,38100002,138533,47937,38110998,138533
1cf775a4eb7d46c0,60167,50320379,139270,60109,50332978,139270
1cf923bcef423343,48515,38646021,153663,48457,38656453,153663
1d02e20f378eabd3,44001,34119766,136789,43961,34130503,136789
1d0ea30aeb624e4e,70799,60920342,138652,70749,60931975,138652
1d2ad8c738daf8ba,112836,102981461,138592,112766,102991623,138592
1d3e537322a60800,57463,47618999,131138,57398,47628281,131138
1db5cf29edc3a9d5,87379,77481716,131100,87356,77490771,131100
1dda5dcc0e3a6d36,53148,43279960,137751,53088,43289978,137751
1de4740f1da8d71b,84672,74804187,139783,84601,74813646,139783
1dee2eec9eb7e41d,66476,56586454,115405,66464,56604445,115405
1df6370aa54b7acc,43466,33599026,133091,43408,33609752,133091
1e0022b6bfbeaf3d,76384,66499085,131056,76351,66509189,131056
1e23df8556142fe4,92275,82404187,138834,92215,82413647,138834
1e262504e62c8782,69289,59420377,138272,69243,59432232,138272
1e30dcd1e5a0bd71,103804,93941504,130585,103735,93952107,130585
1e381113a9574130,36474,26619955,138737,36402,26633291,138737
1e449f05a6e321a7,10095,239370,137873,10023,250616,137873
1e5cd9374e8a9262,102910,93039463,131256,102841,93049553,131256
1e5d116bf1fd8b8c,52813,42960377,139554,52750,42983758,139554
1e6d87655e28c201,104504,94599823,130247,104489,94609410,130247
1e734dc72c650c2b,52032,42163547,138743,51963,42173894,138743
1e77cc3e3b3b8fc0,58878,48981018,131661,58871,48992531,131661
1e8dd89505989ee3,46974,37123014,156046,46904,37134741,156046
1e8f3acd592bf9a2,59383,49540447,139402,59325,49552243,139402
1eb2e4dbdf90999d,82147,72299638,132652,82083,72309614,132652
1eb45251198e676d,88675,78820667,139346,88601,78830435,139346
1ec3d406a8fd3ee4,33705,23818567,130315,33684,23831371,130315
1ece3f0bb6d47dff,75820,65980390,139223,75761,65990859,139223
1ef71e82f68fc023,103236,93361985,131986,103175,93371543,131986
1f0eb1bc8cb46e30,100594,90719604,131834,100535,90729232,131834
1f5b8de40d5df581,14182,4319364,137562,14123,4329490,137562
1f76cf7b739647b0,42131,32258924,132136,42078,32268836,132136
1fcfac2a62cd8f89,117249,107383202,129648,117184,107392442,129648
1fd78311dece10e5,64800,54919000,131101,64779,54929446,131101
1fd8a331e5d4d4de,103333,93460623,137089,103270,93470800,137089
1fdc6ef991380bbe,19184,9298414,130206,19150,9307512,130206
1fe23879252cf630,70392,60508445,131974,70380,60520959,131974
1ff3cc33d3df7d1d,67268,57399061,131722,67212,57412588,131722
1ff42201d7adc775,119734,109861813,138947,119681,109871593,138947
203a1078becf29f4,54229,44369385,59509,54253,44392369,59509
20407f4087ba6af0,74823,64959146,131025,74749,64968203,131025
20502d73faca0b98,13479,3598366,130853,13431,3608206,130853
20540a8340a695a2,38521,28661177,132890,38447,28670081,132890
205d024010991b48,110849,101000974,139514,110781,101010776,139514
205fb0f4df75e23c,22284,12439911,138559,22219,12449796,138559
2074373d15cc32ce,94745,84883945,138176,94671,84894607,138176
208ce9d84c9996cd,82365,72500535,139165,82305,72515454,139165
20910a239f99f23f,115231,105361128,139458,115173,105371501,139458
20963f57729087ed,23289,13402196,141148,23237,13411952,141148
20a260db6d680da8,58783,48881067,131171,58784,48892431,131171
20abc85102ee1b37,86215,76340554,138800,86156,76355106,138800
20b392ad5561abdd,116634,106761629,130111,116556,106770919,130111
20c6565695018425,29152,19280019,138722,29105,19291401,138722
20ce8ae2639a4b50,37345,27499008,133126,37285,27511361,133126
20d36e77aacc3003,51500,41625477,128681,51470,41635038,128681
20d657bde50c924f,96528,86680783,138938,96464,86690859,138938
2144c77ef5e8413d,98425,88564638,139767,98355,88575364,139767
219046921170de8a,61911,52044097,140450,61841,52056139,140450
21b76d6215c9bd18,45288,35419978,138474,45231,35430478,138474
21c4282bac2b6a2b,49908,40019827,137228,49870,40030004,137228
21e9198cc8ed29b5,15378,5480122,130643,15346,5489703,130643
21eeba8a8da38d8b,113147,103281145,140586,113088,103291575,140586
21ff99a36ba51b6f,56733,46854258,115894,56724,46863448,115894
223115cfd2809726,45737,35841220,131536,45729,35850843,131536
2255d077e6d7162b,64545,54658938,130476,64542,54707478,130476
2258aadca6b56cb9,116751,106899629,130730,116679,106909187,130730
225be1548643a7e1,51850,41979919,137548,51804,41989737,137548
226b291187da4e41,14961,5146560,347554,14944,5177193,347594
226d0c1cc2e16293,24617,14742707,137824,24558,14752967,137824
2273c91138d9b114,46080,36200606,137857,46034,36210620,137857
22915784db6b510c,71503,61640191,137998,71440,61654061,137998
22a7f5e905e3f759,31140,21262976,142144,31091,21274822,142144
22ac1a49bc8c8516,18777,8903239,138935,18719,8912556,138935
22ae136fa5a66b47,91038,81164409,140619,90979,81174737,140619
22e6a528d7de8a67,32602,22739696,138060,32546,22754806,138060
22e95fb32e8c65c5,32320,22479850,138726,32262,22494154,138726
23020cf12fda2712,33973,24114740,129535,33907,24127509,129535
2318647b38108690,58910,49018648,130012,58899,49032351,130012
231c8db39fb0efe8,28771,18886747,129252,28749,18898621,129252
2321f27cb8a4f576,15010,5163568,101870,14997,5185578,101870
233790c01f99d26b,95135,85251439,131357,95104,85260878,131357
23418d1e137c6d8b,101004,91144455,139116,100930,91154336,139116
2348085ad6a5ad71,17213,7318599,130602,17189,7328503,130602
2356c37eea6c3ed3,84070,74221045,138855,84002,74231232,138855
235714cf4ba8dd28,57045,47120737,142199,57003,47130959,142199
235eebf68cf60874,72513,62618953,130832,72491,62628236,130832
237a1d1d6b83c4ef,81370,71523799,101854,81353,71541268,101854
239f6b8328c698c8,21780,11903372,139661,21722,11913928,139661
23ab263d71885821,31926,22018538,131002,31877,22029981,131002
23be7589ec2e53ce,15315,5418298,130386,15290,5427302,130386
23cc9ed1fc113af4,21973,12103750,139244,21912,12113596,139244
23d7208b26a39881,60742,50841052,129944,60746,50852332,129944
23dc91a77f4eb4de,32666,22800042,138552,32608,22812424,138552
23e056820cc91e92,27353,17483365,139282,27277,17494869,139282
23f947b4934cdccb,14735,4864831,137835,14676,4875178,137835
24078ec992e5566d,56404,46502497,141363,56380,46512402,141363
2407d3f936455469,34900,25060041,138500,34846,25073536,138500
240c025f04d09971,56212,46325598,131905,56196,46336009,131905
24179b867d3fb5b2,74146,64280467,139701,74084,64290766,139701
2417d06bd8cf676d,89914,80060676,138959,89841,80070952,138959
24293bb874cb1489,60530,50683964,104490,60527,50756094,104579
243c667bdc777daf,119239,109379668,131648,119177,109389719,131648
243ccab5c8925946,14865,4999644,138644,14806,5010086,138644
2479d9ce9369668c,20835,11006156,342896,20801,11034567,342936
24832d17cfda27d4,96313,86460912,139081,96246,86471173,139081
248de3c1de801109,10965,1116252,130189,10920,1126231,130189
24b514d2402cda58,81041,71200601,138287,80981,71210731,138287
24c0a3432fd1a13f,28001,18139864,139351,27938,18151636,139351
24ca92e384f780cb,27382,17520009,138993,27301,17532101,138993
24ce197fb62b12cb,65698,55840435,138527,65632,55854726,138527
24e3ae86ed89d2a6,64080,54240206,138801,64027,54261853,138801
25037805dfeef58b,27147,17258414,130551,27111,17273758,130551
251f9c6813ebab48,104567,94661437,131118,104547,94671535,131118
2535ebf3d586ae18,29706,19839637,137568,29647,19854985,137568
2540567485d62d1e,15156,5258206,130141,15142,5268050,130141
256325d988885df6,70585,60699151,130947,70564,60711052,130947
257646e3a230d43c,72961,63104149,138984,72892,63113759,138984
257842ba0b1c5de6,12727,2879580,138107,12666,2888961,138107
258f50464a880020,15975,6106174,158192,15915,6117034,158192
2592c7c490fe7f56,73986,64120460,139334,73928,64130869,139334
25b2012f74bd845e,94302,84424128,138842,94244,84434713,138842
25c28cbe35a58432,81613,71719437,131253,81589,71733548,131253
25c98219f9d39461,37770,27924672,105174,37766,27952693,105174
25db2d6050d71a53,29059,19179993,138801,29023,19191176,138801
25e8f65c1ded5691,115037,105167947,160493,114982,105179380,160493
25e95433bca3e545,48304,38460114,138219,48240,38470098,138219
25ecf690e8ad6f68,36020,26120337,129034,36003,26131193,129034
26087703b53736d2,64047,54200417,139350,63989,54212363,139350
26121a31a91b6c31,40449,30600314,141027,40380,30609959,141027
2620ba4e9bee96e3,13230,3338030,129727,13204,3347996,129727
265eecd0f013c2ff,73737,63883695,138624,73673,63893249,138624
26634ac18346e9c7,102028,92159184,129658,101956,92173403,129658
266c5f14fd29ac32,39552,29680508,141382,39493,29690481,141382
26dba8454d33b985,68627,58738936,131118,68607,58752013,131118
26e3b0d46fbd52f3,59734,49863988,138934,59686,49875653,138934
26ecacfc51aba78a,73299,63423644,138749,73239,63433604,138749
26f60aca2dcc0115,88329,78459159,128609,88268,78468400,128609
26ff7132951addd2,53213,43343827,138512,53151,43354632,138512
27052ce28fd4b4a6,90635,80780653,139095,90566,80790407,139095
270d96b6d30ed15a,19088,9200564,130525,19058,9209572,130525
270ec125d5cfe461,116993,107123723,142061,116933,107134280,142061
279f4505732d4394,85271,75425485,103158,85243,75442209,103158
27ad3a76106719dd,90255,80384056,138717,90197,80394023,138717
280b04c05d65d353,58654,48767873,131812,58660,48784656,131812
2827bdf6a12d7c95,92049,82180781,139464,91991,82190551,139464
282a5cfafec06038,78677,68847414,350897,78643,68876702,350937
2838b17cb1f2b1ac,52594,42731800,139107,52532,42741326,139107
283c3480a172f689,36052,26158707,130658,36033,26169971,130658
284b54bde98e7e8e,69450,59580715,139954,69403,59592031,139954
285668909c692e73,64512,54626477,133110,64509,54706351,133110
2871c25b631fd51f,41226,31379836,138005,41164,31389413,138005
287a7bb3b0a44efd,98209,88340939,139524,98145,88350805,139524
2888eb53ea413b53,11439,1503463,138894,11438,1514252,138894
28a645eb05405227,108981,99140894,138681,108921,99151373,138681
28ae67759e7d7609,117844,107981530,140814,117783,107992753,140814
28bb802ad5f6ab02,66194,56319161,131875,66139,56330585,131875
28bf82a7b9d058b8,118313,108421674,130515,118271,108431549,130515
28ddc228cc239f70,89239,79363731,116193,89219,79372697,116193
28e7d5cd88f18038,59420,49580532,139512,59370,49604282,139512
2902b6e8de315c8a,89649,79761472,130339,89598,79770638,130339
290bf9182a62a5c0,76416,66521080,130297,76381,66530738,130297
290ec47151e12bc1,40661,30783645,139417,40607,30793625,139417
2910ba74fe235a35,92433,82564249,139009,92365,82574942,139009
29172631c0d25d92,108371,98480130,131399,108342,98494168,131399
291971fd92b99fc8,52720,42860164,139219,52654,42870344,139219
2934718bf2a3fe72,18648,8779456,137458,18590,8788953,137458
2940088572bb4d16,12514,2642472,136887,12449,2652572,136887
296dfabd6ab0bca0,111971,102101208,140297,111911,102111604,140297
296fb651f854ff53,106072,96199448,131236,106012,96213197,131236
29708eea1ffd68d8,96682,86804379,139522,96624,86814091,139522
297eaeb3450b0e4c,79175,69299408,132074,79123,69309039,132074
298de863d98068a6,65506,55640333,139635,65449,55653655,139635
298ec84dca01b510,43000,33138839,132229,42925,33149053,132229
29a84795218ecd51,99633,89744308,117826,99661,89753385,117826
29f90e4679d86f73,68563,58660899,130558,68548,58671336,130558
2a0ea6884d93a866,10465,599463,138142,10407,626523,138142
2a261c29ea37c193,64430,54584301,101914,,,
2a4e2b4924e9c2d4,48646,38780075,138527,48587,38789370,138527
2a5a9d5656d0e41c,105382,95520897,139387,105320,95531425,139387
2a6d1e3c7d73b234,10335,471251,138235,10277,481453,138235
2a6fbfcca6c57a52,34332,24466376,155840,34278,24479461,155840
2a7379834d2f98d9,32823,22971071,138298,32758,22984612,138298
2a854a99edc6f72b,76071,66200531,139112,76012,66211839,139112
2a9f94cf93c87b3e,105445,95579708,132605,105382,95589660,132605
2ae88a5dfb32acf2,57560,47723319,155968,57509,47740260,155968
2afcae3781941ddc,25633,15781887,139172,25572,15794187,139172
2aff781022d0cc1e,36357,26482961,137627,36297,26493752,137627
2b0f0263326e3e27,26638,16763253,138165,26581,16774065,138165
2b2dfe37f3b772cf,55139,45268990,154981,55083,45279893,154981
2b3633fe186531b7,110151,100305351,103468,110129,100323628,103468
2b3a2ce971e06a3c,80202,70341116,138953,80124,70355176,138953
2b5c6025cb51ded5,68870,59000823,141626,68814,59016354,141626
2b89d33fb9c44202,69888,60040381,138363,69826,60051577,138363
2ba81f235260d060,108338,98441209,129461,108310,98450908,129461
2ba9104a1d4e505b,52466,42599925,137888,52407,42610277,137888
2be76d74b2986ec2,118344,108459678,131109,118300,108469237,131109
2be959ad3e5628e8,17148,7240066,130837,17128,7249752,130837
2bf946f517a0a007,82462,72600439,137812,82401,72611047,137812
2bfad30e9ff4aa94,51226,41360195,138800,51168,41372383,138800
2c0c59d1fd934d77,88520,78660792,139990,88454,78671568,139990
2c1a49a1f9eb0b2a,98147,88280578,138480,98084,88291164,138480
2c50404b4d16eed9,91578,81684209,139069,91532,81693719,139069
2c5e6e44277b42c5,39336,29481873,134821,39271,29491901,134821
2c615e631128288f,40790,30920310,140347,40735,30929991,140347
2c727354fab89011,99942,90001467,130710,99917,90010836,130710
2cd871c6af376ba8,50320,40480146,138795,50260,40489987,138795
2cf21f59b6d39854,18681,8819470,136293,18623,8829781,136293
2d0b8fcde29be60f,99793,89845536,130990,99806,89855462,130990
2d6565841d43d1fb,27970,18103019,138488,27909,18115496,138488
2d67d427829bedd8,70267,60447145,345451,70246,60483753,345491
2d78839b424a797e,44952,35099932,137508,44880,35110452,137508
2db8d853a9927adf,74852,65000932,141797,74781,65011737,141797
2dba81fcae5daf1f,117649,107779921,132368,117592,107790356,132368
2dd1d6d15358b980,17427,7539948,139147,17376,7550132,139147
2ddad3f30e8cc548,119798,109924185,138703,119744,109939409,138703
2e0093c10cf48d74,104177,94301532,131095,104114,94311124,131095
2e01c45b4d1e66b4,57241,47360239,139551,57149,47370564,139551
2e0ee3ae10a2b99c,63389,53520232,138395,63333,53534107,138395
2e1f71fe754fe157,57814,47940472,139721,57764,47950532,139721
2e2518e1d86e9e8e,64610,54721239,130931,64605,54732235,130931
2e29705872d01efd,21238,11358189,129798,21195,11368172,129798
2e6633e18cb4d130,88705,78860577,138709,88640,78870497,138709
2e67b148201407fe,98018,88143861,137720,97959,88153878,137720
2ebcffe4b32a87fa,14616,4762888,138066,14552,4772268,138066
2ecfe1cc13db89b4,116606,106739673,129600,116533,106749454,129600
2ee29f8dbd672a35,89402,79501223,130821,89378,79510579,130821
2ef83600baf6cf0e,63519,53643764,140143,63463,53654934,140143
2ef89c1719421dac,90383,80520823,139922,90324,80531195,139922
2f05e70c507e301d,99998,90075018,159622,99954,90086838,159622
2f07d9503aa35cdd,44211,34343562,138396,44138,34358616,138396
2f0dea9eb990dfcd,46440,36599765,137354,46379,36609435,137354
2f65a1aa08ae41e0,45769,35878729,131202,45760,35888793,131202
2f6d44141159fca8,22068,12211036,139024,22004,12221384,139024
2fbb83f79a6cc25d,87411,77518915,129475,87387,77527970,129475
2fc26d4d408fdbc6,106708,96820711,137697,106661,96831000,137697
2fcc79e3c6605396,92306,82440500,138013,92245,82450258,138013
301e62503907af59,62313,52441276,138806,62254,52452982,138806
30246d1879c674af,59148,49280339,139692,59091,49291601,139692
3032a8e52e3198f3,47601,37723952,113614,47585,37732809,113614
30376830a54cf0e8,23555,13702877,137197,23491,13712210,137197
303b383f99ebaa9d,42841,32979981,138980,42775,32990326,138980
303b57d9457a5116,48157,38283260,137921,48082,38292814,137921
3040f7d62a64fadd,34301,24439992,138070,34247,24452235,138070
304620ebfc1bc6b2,102203,92361017,139161,102144,92374153,139161
305343fba62dc66e,108274,98389472,129992,108247,98399387,129992
3058a28e39337c24,29362,19503520,140371,29295,19515397,140371
306c538cc6caa5b3,86841,77000563,138842,86780,77010282,138842
30814733b5e2e54d,90033,80184024,139484,89973,80194214,139484
30893fb353ca4f63,65823,55960766,139348,65748,55975873,139348
308a1ae9fff22392,25000,15099990,129964,24976,15109053,129964
30b2474771a5670a,20608,10739617,138393,20549,10749501,138393
30c5bc877e381cc7,111222,101360982,138581,111163,101371916,138581
30c65cd52641056a,66162,56282759,130867,66106,56294692,130867
30ed385e10d4f32a,59766,49900211,138543,59716,49914658,138543
312305cbf65c2c28,95050,85207101,122426,95019,85222490,122426
312b2ab00529f64f,53410,43563793,101241,53384,43583753,101241
312eabdaf723981b,72319,62443654,116011,72304,62452870,116011
313395c01bb37f7b,100974,91120978,140520,100902,91131607,140520
313783b09b977a8d,115199,105324602,139326,115143,105335383,139326
313a986db774423c,25513,15659730,137829,25440,15669782,137829
31424d54d1d93384,82681,72819250,131065,82612,72828461,131065
316e133612c3e715,56986,47059175,131980,56955,47069446,131980
317578176fad47c1,69673,59820678,138789,69615,59838620,138789
3183c2e9898d3f90,99666,89764331,118160,99693,89773209,118160
31aa626d6d896e0f,87780,77903203,142129,87713,77914274,142129
31c1447634785489,77230,67340871,138550,77170,67350956,138550
31c266b207ada1e8,72029,62160331,138161,71977,62172201,138161
31cdbc1a449f2276,65376,55503887,138412,65321,55517513,138412
31d24ad002cc095f,54786,44903733,139160,54689,44914192,139160
31e08d12080e0710,86501,76640627,139246,86435,76655456,139246
31f1f9aa1da1d000,44508,34638869,132462,44450,34648500,132462
32022af4ae081f1e,107929,98060967,139031,107875,98071308,139031
322d7bcbe31e753b,58035,48161049,130635,57974,48170779,130635
32465e1eb7a95826,38433,28578953,132560,38358,28588082,132560
3253663e7dfc01d3,62765,52861124,131127,62750,52872015,131127
326a78b857503e9a,83310,73464319,102227,83282,73482515,102227
32726f6fe0465198,95995,86124343,138784,95937,86134096,138784
32bbcbb3dbc427e5,17337,7440006,137006,17300,7449988,137006
3314b1c352817e9e,102995,93141184,141321,102921,93151557,141321
331a7d6664de2a0b,92211,82340991,139953,92151,82351176,139953
3320e14af0c10fd9,92681,82840890,138492,92621,82850781,138492
333bfa088915a25e,83179,73304031,140028,83119,73314185,140028
335d1824ef01c266,37950,28058848,131175,37942,28069013,131175
335e916241bb0658,82002,72140488,138149,81921,72151046,138149
3368ddbe53478b66,13197,3297981,128434,13173,3307532,128434
33790dd8ea281f46,13568,3699290,136899,13507,3709621,136899
339a43e5f763cefc,107777,97924206,137538,107714,97933707,137538
33b01776aed98df9,94181,84341385,140426,94121,84351626,140426
33b127533ecd8c6c,42070,32199320,133487,42025,32209649,133487
33b16bc0ea699c5a,86149,76280374,138453,86091,76295598,138453
33b50dbdea1280a7,53277,43403429,138661,53212,43413603,138661
33c1d5ebd1c11454,62066,52220303,138234,62004,52236119,138234
33d28bf4631b1130,80012,70120398,138206,79931,70130991,138206
33d95b0d09691861,35735,25863338,137916,35680,25875834,137916
33df9b6e2735cec3,41104,31243583,139792,41033,31253036,139792
33f32dd23e9396fc,47698,37798547,129806,47681,37807988,129806
33ffe60464baeb71,100943,91080900,139020,100873,91091099,139020
3408b3bf8d117142,56309,46400875,130642,56290,46410560,130642
34283f9859c4ef24,86747,76900651,139510,86683,76910672,139510
3439b8783d6009e6,114793,104940876,138402,114727,104952699,138402
34569971c790f5b8,53810,43940613,138327,53766,43955529,138327
345dae553d6074fe,42647,32780760,142869,42587,32790742,142869
348e6acdc4a43522,95328,85439405,131060,95291,85449349,131060
348fee085635b23c,12760,2919900,139110,12700,2930773,139110
34a480125acc1211,94464,84600909,138489,94403,84611084,138489
34a9a886113bdb46,69977,60111799,140542,69921,60125254,140542
34b428e932b52682,107715,97864380,138467,107653,97874276,138467
34b89403d9cf4da8,108772,98904127,138850,108701,98914197,138850
34c4b6637a5be854,13051,3204344,101575,13028,3222890,101575
34d89ee5ae644dfe,48245,38383498,139705,48172,38393354,139705
34f43a5d627b4362,91007,81140686,139799,90948,81151402,139799
350a0e6ea61fe6f7,69921,60080709,139578,69862,60093350,139578
350d671856f4d196,13956,4083270,138747,13899,4093131,138747
3526f6e7dbf11787,116241,106339624,130439,116221,106349121,130439
35401c767e3a1d96,111287,101420974,139016,111226,101430704,139016
3543c592711fb7b0,43844,33958458,129567,43817,33968971,129567
35568a8a8edaa8ab,71373,61503958,139535,71315,61516201,139535
355ef6225a513678,69321,59464120,159829,69276,59478920,159829
359a7da5b094b47c,75418,65541105,130939,75349,65550718,130939
35a15bafc0da752c,70975,61120392,139182,70902,61133837,139182
35c2da8efda87858,110908,101060856,138618,110842,101070902,138618
35e6de087a48be7e,99884,89939612,132128,99877,89949976,132128
35eeb933ec1f130e,105877,96004202,137918,105819,96014944,137918
36079e78dc3c4b33,43682,33805658,114632,43659,33815771,114632
361d2bdd9847bde3,112290,102399528,130907,112271,102409408,130907
3620d4ab21a319d6,95633,85764343,139061,95558,85774294,139061
3630accd10c050e6,32087,22219860,138737,32002,22233528,138737
363f5f6205e493af,46658,36783359,138024,46598,36792770,138024
3674a797a19578ab,18344,8482644,137818,18270,8491954,137818
369b7e14e4e5a793,59090,49218888,131301,59045,49232143,131301
36af1bf08afe10a4,102115,92260645,138264,102042,92272940,138264
36cf87c66307e7e8,82429,72560846,140467,82369,72575981,140467
36e99c8c9a55c5f2,24488,14619713,138679,24430,14632285,138679
36f1a831c2d0ac40,87476,77579412,131645,87448,77588959,131645
36f524740a52d9a8,103025,93163070,129682,102952,93172803,129682
370a506610414df7,27265,17380567,130986,27208,17392034,130986
3712d5d87f626eec,36115,26220247,128288,36091,26231365,128288
371f3b5cbcd6e51c,113082,103224436,157919,113023,103236787,157919
3734bbbe2d9930be,112896,103044303,139616,112834,103054570,139616
3741c9f504ab6810,38641,28799982,138452,38580,28809710,138452
37809d0f36e0cc0c,83146,73280406,138110,83086,73290089,138110
3795af13b18cd17b,67030,57163762,139275,66954,57175417,139275
37c3a91269253b6e,98364,88512042,139394,98292,88522585,139394
37ce91fbd7d44c7b,15586,5719322,137373,15516,5729799,137373
37d9ae730560ca1e,41134,31279953,138455,41061,31290027,138455
37e12cb73092d226,106135,96261809,131183,106074,96271401,131183
3820eb1ae2bd445f,30022,20160037,139429,29947,20171425,139429
3823ce66d1f4d2dd,107247,97380948,139535,107188,97391805,139535
38435916b8bf48e4,40101,30199383,131552,40065,30212205,131552
3856a59f65624135,44093,34220019,138473,44040,34230643,138473
385ba588c835b70b,83772,73899269,131944,83719,73908994,131944
3869361e6cbef235,112226,102339665,130404,112208,102350022,130404
386e76a706a0ac94,105221,95359685,131506,105161,95369362,131506
386fc4ead3dbbf16,60451,50580854,139493,60396,50593498,139493
38724b6120abcd30,79566,69683893,116234,79587,69692185,116234
387d441f7dbeab84,17275,7378033,129474,17246,7387999,129474
388194c418d2b751,75909,66040764,139609,75852,66050532,139609
388c28b22e2f2e13,97954,88081000,139770,97895,88090939,139770
38ac60f4c777e5c3,106103,96239670,132363,106042,96249312,132363
38ad659c6b8c9372,23466,13603037,138377,23385,13612820,138377
38aec020f87eb955,43369,33498585,131032,43311,33508232,131032
38b7c31465917ec0,58127,48263714,139878,58058,48274018,139878
38be2c4071489d71,21813,11940355,137730,21754,11951018,137730
38db9a913ac66839,32729,22863171,138860,32669,22875933,138860
38e8c67ab1cdf327,18031,8159762,138739,17970,8169632,138739
3911bd2e6a44a78f,67743,57883788,138510,67677,57895642,138510
39194a808520e9c1,50376,40503433,138076,50318,40513836,138076
394d125174f1aacd,29392,19539622,137487,29325,19551689,137487
394e91002be14fa0,91394,81501303,142482,91369,81511431,142482
395a1e862061caf3,115918,106044260,138444,115857,106054168,138444
39797b5a8b17e88c,14433,4579557,138474,14362,4589383,138474
397d592159299488,55953,46082615,142088,55893,46092976,142088
399a3b58c2137bde,82960,73120240,137091,82900,73129854,137091
39bbcbb0432ab203,53310,43439952,137853,53243,43450289,137853
39c3ff002ebd91c9,15702,5843248,138908,15630,5853317,138908
39c69455a23134d8,14586,4739527,138522,14522,4749185,138522
39cb12515ab185fa,81007,71160417,138210,80944,71169919,138210
39e3529b07974b77,109327,99461021,138976,109265,99471995,138976
39ef27525f660a7c,52563,42700309,139163,52502,42710009,139163
3a159d0c9e990aa2,15881,6039603,138133,15822,6049084,138133
3a1f78ee806b04b5,110015,100144028,138258,109953,100153807,138258
3a265d3492fdda76,47160,37318925,130701,47099,37328810,130701
3a71d53d0fca2969,80147,70280275,137549,80064,70295549,137549
3a791059bd11edad,44122,34243237,137582,44064,34253322,137582
3a8c296d038e4c1e,70425,60530803,132068,70412,60541910,132068
3aaaef4ea07f8959,80885,71021072,131225,80812,71030619,131225
3ab6b343678f0181,45044,35200194,138901,44980,35210322,138901
3abc432d69219a95,29422,19579782,138735,29363,19594223,138735
3aee933d7d5b8ea3,27714,17846879,157865,27659,17860709,157865
3af2b1a067c7d441,59178,49320549,138618,59114,49333901,138618
3af442ea4dad336b,31289,21450271,138239,31233,21464826,138239
3af878fcd970b21b,96374,86520650,138602,96304,86530847,138602
3afd6d0042fcb1dc,79145,69262554,131095,79096,69271914,131095
3b01797f0d360298,85762,75883867,138005,85703,75893235,138005
3b077c96d5e5e9a0,45515,35643086,137916,45455,35653080,137916
3b0d33f4f622b3b5,26606,16739922,139109,26549,16752403,139109
3b1ce7440068600e,70235,60367680,159933,70176,60381505,159933
3b4168aac5b33f5b,116079,106203851,116198,116065,106213378,116198
3b57d33d85cae5bd,69257,59383797,138549,69211,59402954,138549
3b758bd212490f2c,42222,32360189,140187,42156,32370308,140187
3b781ba811053a43,16484,6622800,137460,16413,6632039,137460
3b7c811e2cc3f501,97501,87624381,139346,97446,87638558,139346
3ba1434e51ed5e79,29990,20123190,138160,29918,20134779,138160
3bd47447d2ef0af3,84255,74383912,139738,84199,74394095,139738
3beff5bfbe0fff45,89973,80124206,138474,89913,80134532,138474
3c158628d8e70a81,106796,96920874,138367,106731,96931409,138367
3c3b3a2594ee2967,110790,100924370,139103,110710,100934615,139103
3c3e922eb6bb7e89,16360,6499372,137588,16289,6510042,137588
3c6a8eb9815fcaa1,102421,92544647,115108,102416,92554078,115108
3c72391bf56687fa,91667,81784672,139371,91605,81794009,139371
3c74980416b65399,52063,42200282,139161,51989,42214808,139161
3c7bbaef13ac172e,46528,36659921,137776,46469,36669425,137776
3c9d43b07b5cbf41,112718,102861019,138818,112645,102876203,138818
3cc3f163cbac18b3,35215,25343200,137210,35154,25355455,137210
3d0a7826c64892cb,32538,22680218,139584,32483,22694402,139584
3d196ab52a0836bf,40694,30824213,161318,40640,30836330,161318
3d2a2299e21f79dc,56050,46180399,139527,55989,46190374,139527
3d48b5bbad27c23e,93963,84101832,139590,93887,84111866,139590
3d6c8e0c9a8022bd,116488,106601037,138939,116439,106610612,138939
3d85c23a03879788,45865,35978776,131378,45850,35988732,131378
3d9afba461dc3908,85451,75559349,130844,85421,75569145,130844
3db539558ba7bb1b,65012,55144394,138823,64955,55155693,138823
3dd8809f4775602b,62249,52380243,138594,62190,52393579,138594
3dda8ca9a6b49cc7,87058,77186362,131264,86999,77195319,131264
3e0423cdf8dd82b6,91961,82120579,138669,91901,82131160,138669
3e1e37253597aa5f,38014,28118968,133034,38001,28129775,133034
3e20380b41418a02,106333,96443845,115623,106323,96452412,115623
3e5dbbdc934dfc3f,61440,51600209,138806,61385,51613218,138806
3e6c6f03ba05599a,17515,7639645,138050,17447,7649916,138050
3e79420b03530601,25572,15731122,138494,25511,15740931,138494
3e7b6ae7f2e11379,28335,18471556,139296,28274,18483458,139296
3ebaccb9abd1ebb5,64862,54981161,130831,64832,54991863,130831
3ecfc8719e218bb6,57378,47520065,138404,57300,47530558,138404
3ee9720842afa540,41670,31824094,105414,41641,31840422,105414
3ef1fc430f03b615,55043,45203517,157925,54984,45214808,157925
3effa9fbd3f1d1e0,46139,36263214,138254,46081,36273172,138254
3f00bc53930bb61b,82089,72239071,130916,82022,72252920,130916
3f0a33c6690ef237,78356,68483951,138288,78297,68493477,138288
3f1ad903ff0e0291,112865,103020731,137724,112801,103031767,137724
3f8e8df087051f1c,75974,66104959,140067,75916,66114653,140067
3fd116d31d8a6ad0,19247,9360642,132178,19208,9370012,132178
3fe55f78261b5a5e,114764,104904575,139318,114699,104919616,139318
3fe9bfc831323d85,68016,58143523,138005,67961,58155244,138005
3fec2fd1bf859783,69703,59844387,140391,69643,59856513,140391
3feceb8988e9ad76,97530,87660823,139713,97470,87675730,139713
3ff836657353a947,57652,47780040,137455,57604,47789923,137455
401836e7896a4d05,57406,47543529,138972,57330,47553985,138972
401e1599c2b17ede,75226,65360083,137422,75165,65370696,137422
4029b0995beb9741,28218,18362717,137594,28157,18373562,137594
4035785d5e50e168,59983,50123310,136915,59919,50134567,136915
4041e80ae24739d1,37253,27399042,133125,37181,27410798,133125
4043c0d97e262166,105413,95542888,130052,105351,95552919,130052
4061954cab4781e3,54020,44168049,137704,53948,44177963,137704
406c669b265aa825,77259,67383781,158417,77193,67395588,158417
408f4bad2d47cc8f,48838,38979562,136197,48776,38990264,136197
409ad6a71759cf76,57131,47231573,139298,57068,47246373,139298
40a27c8d0ebe6175,73889,64020107,137329,73831,64030532,137329
40c8b605e6a95fac,109135,99263941,137849,109077,99278038,137849
40cffa7befc18820,23930,14060395,141541,23870,14070891,141541
40e2863d38f3ee5e,97410,87524036,139369,97367,87534740,139369
40eabd5a87fab8f8,66393,56547222,102524,66381,56582900,102524
4102c1545ca8095f,71817,61960679,139651,71750,61972561,139651
41214ddea304e59e,84041,74183752,139244,83972,74193926,139244
412ed51e8088db82,81798,71901143,131206,81752,71910800,131206
414c7ab0c5f8a2db,78551,68680369,138197,78491,68689739,138197
414de1b24d291368,111721,101880892,138660,111660,101890597,138660
414e009b4b3e98c6,99730,89803883,116170,99752,89812282,116170
417089adb227b0d7,118763,108921488,141394,118702,108931887,141394
417b3e1deba1a7e9,54196,44359426,342317,54220,44387539,342357
418147201cc1ae0a,84200,74360303,137953,84144,74370380,137953
418393a0caef7de7,113995,104124801,138972,113939,104134923,138972
418977f808986814,102356,92486509,103409,102352,92497568,103409
41904acda340ef45,69609,59743688,138434,69556,59756151,138434
41d6c2d5d0ca7eeb,84733,74880645,139776,84661,74891138,139776
41d8cb87533a20f3,74610,64739209,131963,74563,64748849,131963
41e505ffbb3cc80a,116397,106512362,138674,116362,106522050,138674
42030bb70fef1ef5,82896,73044115,139387,82834,73054245,139387
4204316825395a19,41320,31479011,132412,41259,31489189,132412
421a8fcd8e90964c,119176,109303074,129767,119116,109312233,129767
4259a2f05fdad6de,88551,78684312,139421,88483,78694737,139421
4263f998fafd9690,80119,70244234,138619,80030,70254316,138619
4266bed0b59f9631,10625,758103,129948,10595,767876,129948
427db9b0f6d15e37,48963,39106363,154735,48895,39118158,154735
4282910aeee8a75e,101127,91280821,139416,101065,91291368,139416
4285c9618821f893,17116,7217981,128973,17098,7227862,128973
42963e8f280ad56d,62379,52503838,139645,62318,52515600,139645
4297fe0314b244a9,27410,17559815,137642,27344,17576093,137642
42b00677516c31ab,112748,102884536,139337,112678,102898992,139337
42bf74ef27b34d42,107407,97539659,132010,107344,97548721,132010
43128b56f0669d8a,104440,94539644,131969,104428,94549902,131969
434609f8f113dba8,22496,12623105,138567,22437,12632497,138567
434742693997d150,97471,87600889,138965,97420,87615515,138965
43aa6e22900df951,102453,92577957,131476,102447,92587937,131476
43ae5ef263d1dc03,94432,84560633,138830,94373,84571009,138830
43ba7ef469c26575,37161,27298965,133036,37095,27310565,133036
43e555c3866cc482,41601,31739769,138506,41540,31749991,138506
43f1dd34b338cd10,36147,26258455,130719,36119,26270450,130719
43f61e7306bc567d,15408,5520202,140424,15371,5530218,140424
43f920835e475fe4,20018,10143140,138746,19960,10153522,138746
4415a110e1f625eb,32884,23023026,137323,32815,23035242,137323
4416e11ef15a33d2,13539,3659874,140004,13483,3669662,140004
442c58fcc392d8a2,37983,28080970,131024,37972,28090952,131024
4450736acbd7e20c,110110,100288020,345167,110083,100316354,345207
44534160dd4d6724,13132,3246152,132373,13109,3255581,132373
4455044c8dc6e8fa,73801,63960727,139322,73741,63971320,139322
4463827c1b609218,27907,18039711,138299,27848,18050966,138299
449049bcf8595f2e,74389,64501030,130638,74355,64510604,130638
449082925a8730aa,37037,27178996,132362,36979,27191782,132362
44d48449b045c9f2,80377,70514556,158428,80318,70525724,158428
44ef65a17e34d5f0,67960,58120250,138332,67901,58133304,138332
450cbb968d7440d1,95574,85700715,138727,95508,85710100,138727
4513710fbc15fac9,116428,106540854,137983,116389,106550707,137983
4513c3151c615551,35150,25280102,139307,35092,25294098,139307
451af23f3c384497,17780,7939712,138637,17719,7949593,138637
452f68ed271ad019,35372,25503139,137543,35302,25514830,137543
4538de1302f18834,35858,25982370,113196,35845,26005279,113196
4555d36768352edc,51162,41283625,137989,51104,41298810,137989
456690dc198c22f8,39946,30038810,131767,39925,30048267,131767
45690e18b29ecbfa,110266,100379459,130657,110244,100389707,130657
457a584cd04f56ce,13509,3620602,131751,13457,3630416,131751
457f1f94464d19a8,84977,75104401,139142,84919,75114733,139142
4587522fa228cc80,61849,51984150,139000,61783,51995439,139000
4589a1798da0b303,115982,106167002,347682,115963,106196052,347722
45b86febe1f4c47d,117496,107644093,137435,117434,107654857,137435
45b9c390996cebfe,52966,43120126,138593,52908,43130553,138593
45c678d8fffe45a7,106365,96463598,116701,106355,96472024,116701
45d2d586258ebcfd,94714,84860650,138686,94642,84870785,138686
45d6a2377f000724,101373,91504366,137837,101315,91513855,137837
45e0e9d88b9e4b05,32761,22899703,137851,32699,22910992,137851
45ef1d97b1e58f71,49430,39559978,137627,49371,39570149,137627
4607a196c0e17763,32114,22243297,138400,32033,22255056,138400
4617f2f9b88a07d9,32376,22506165,155913,32322,22518772,155913
461bd68634822456,38866,28999815,138527,38807,29009709,138527
4621f8d1d6e73892,13628,3759439,137538,13556,3769578,137538
462b0a18b8c25837,88393,78521682,131603,88331,78531165,131603
4640657226e080ba,39151,29281203,132238,39084,29290700,132238
464f09db108dc65d,13863,4019676,138646,13802,4029744,138646
465a9a31432bb2bd,96026,86160805,139399,95968,86171164,139399
467286bce4981932,33944,24092742,130276,33885,24105559,130276
4674e2f6805739a1,46316,36471861,138628,46252,36481402,138628
468ae1253393fde3,71064,61220896,140014,71003,61235441,140014
46add50c7e53ccb4,96616,86752282,138723,96558,86762612,138723
46b5ede8a491d3f3,109422,99560847,138766,109357,99571473,138766
46b988898ab0b565,89146,79326833,348484,89122,79355022,348524
46beb30445866578,12132,2259406,137738,12078,2269486,137738
46c306db2a2e17bc,50698,40839969,138170,50634,40850583,138170
46c8f8248e88fd0e,21176,11298606,130893,21139,11308754,130893
46d44f51f9d27ac8,58248,48400323,138675,58183,48410155,138675
46ecd5221c699372,22594,12723032,139037,22535,12732684,139037
46f2451ad43885f1,114218,104319607,130882,114206,104329045,130882
473437b14fd51f64,85042,75164087,138659,84984,75173549,138659
4739d3253ad0eb0f,23319,13438515,128992,23263,13448082,128992
47421a37165c1f73,65441,55583620,155928,65386,55599463,155928
4748c2f1e6da81b4,23645,13800273,137381,23581,13810262,137381
476815e0252139f1,102388,92515529,114419,102384,92524460,114419
476b20c3bfd462ee,119334,109481522,140510,119267,109492819,140510
4794e11fab199082,64017,54163611,138429,63959,54175087,138429
47a33c5fa675ab68,23834,13973705,153807,23775,13984429,153807
47b7c7934e30b5b5,9877,0,129612,9818,10069,129612
47b9a0e84cf8ee20,76255,66371152,130767,76225,66380258,130767
47c38e0adcb2f047,106649,96761050,140500,106612,96771703,140500
47cdd71ba5d391d0,58846,48958767,130698,58842,48971244,130698
47cea3b7afc6cf6e,25126,15238324,130053,25092,15248435,130053
47cec0b1679f634a,118585,108721231,139730,118508,108730722,139730
47d8485583260a3e,103430,93561039,140123,103365,93571409,140123
47e2c93f724366d3,119862,110000740,137860,119807,110015421,137860
47fe538f667ca1f9,51598,41718249,128034,51566,41727746,128034
480e556f933f3b74,71534,61663801,139893,71470,61676363,139893
481e3c3125ea13e9,20984,11098081,129217,20955,11107285,129217
481ed68379ee4e26,44797,34939022,131019,44733,34953196,131019
48205cccaa948cff,49301,39440112,138258,49243,39450758,138258
48237f7c9061d860,81549,71641394,131708,81529,71650552,131708
4863fccabf8d9d0f,17180,7278325,130348,17159,7288017,130348
487cae4fd2cf2c8f,96092,86221490,139302,96033,86231923,139302
48ad18b0d01bdf75,68595,58698803,129923,68578,58709341,129923
48bbc2c2ac5c58a1,106911,97044375,139276,106831,97055329,139276
48d0d24fb727d228,20364,10503190,138735,20291,10512856,138735
48dbe800f533cdb4,75786,65940476,138543,75723,65950637,138543
48e0e1e223be41da,11526,1603254,139790,11502,1613147,139790
48e6edaef96c8638,47888,37998918,131750,47857,38009028,131750
48e773f99c80ce3f,48128,38260034,138110,48058,38270197,138110
4901575847bbc5f1,37689,27820667,140250,37632,27832142,140250
490f0fd08f45ae42,22131,12262914,138343,22063,12273088,138343
491f888f85442fdc,63268,53420420,139842,63205,53432955,139842
49500393ca587c09,80823,70959316,131773,80753,70968447,131773
4957ccb7e1fa41f8,89528,79639416,131853,89494,79648918,131853
4958774d4f73b057,83081,73220810,139418,83022,73231095,139418
495b0e8bfbf4dd75,71123,61280375,139321,71067,61294910,139321
496b6c375d772872,69483,59620437,139346,69435,59635595,139346
4970e2481c294eea,108622,98741726,129808,108573,98751302,129808
497405066c57b337,81768,71879010,129568,81726,71888501,129568
49813ad08e891546,11971,2122289,142323,11909,2132550,142323
49a266502da5808e,56643,46805275,101467,56634,46813248,101467
49b1cb9fc6830e2b,82927,73080791,139963,82865,73090990,139963
49c4e90bab6380b6,86279,76407540,137543,86220,76422481,137543
49c56552f5dfdf5b,95691,85840981,138845,95621,85851468,138845
49cad43f1760d696,46849,36983333,137241,46783,36993588,137241
49ce974398887f90,45075,35223567,138381,45013,35233471,138381
49d011a508e5dc27,71093,61244377,139301,71036,61256444,139301
4a046668bb0c6ccd,68210,58344115,139388,68153,58356183,139388
4a2094a26d1075f7,114027,104206694,347026,114012,104245984,347066
4a348a2f954ea066,77458,67604363,139604,77392,67614300,139604
4a3662ec6dd81d14,29576,19703586,138723,29520,19718372,138723
4a48b235d84a2462,116459,106564274,138375,116415,106574479,138375
4a539ae435fb143b,11610,1703324,138519,11559,1718348,138519
4a5fa387a82db9e3,16452,6599579,138559,16379,6609662,138559
4a8145cb572e4feb,59860,50000331,138799,59805,50015088,138799
4a8184ea0a81b431,106557,96659391,130508,106533,96669129,130508
4a8fe036f6dd8cbf,10719,857996,129076,10687,868626,129076
4a92c1f00fddcf48,65977,56123156,142983,65914,56136211,142983
4a94dab84de0a3f5,38046,28141230,131508,38030,28150869,131508
4ab28cce92697d47,27470,17619492,137167,27407,17633688,137167
4ac1fb29c774f5cb,90605,80744272,138367,90537,80754582,138367
4ac4cc6950f124eb,53180,43320391,138722,53119,43331102,138722
4b118896defa6c5c,94496,84624193,138221,94435,84634035,138221
4b3b875bb0d941b6,31664,21738054,131231,31683,21752599,131231
4b5ee7a06889f30a,85418,75521043,129633,85389,75530294,129633
4b700f69f7ef899d,73954,64080788,139683,73896,64090638,139683
4b8234aa0e6094aa,19055,9178535,130822,19026,9188520,130822
4b981514691f7af4,42192,32320483,139622,42131,32330045,139622
4b9d4dbc9917ed1f,16072,6203057,137380,16012,6212787,137380
4bacca48f3cc4755,14085,4219208,136523,14028,4229316,136523
4bc0684f16944fd4,100346,90500794,139545,100281,90511737,139545
4bc6554385a1d999,35616,25763329,137820,35557,25774941,137820
4bd874f37d19469e,101999,92123897,142633,101933,92142510,142633
4becc246f1a0f019,16696,6823231,137967,16638,6833192,137967
4bee91025c72640d,100497,90624574,140172,100439,90635112,140172
4bf406217914abc1,72352,62466008,132126,72337,62476100,132126
4c0089bee4fe4c49,11555,1640011,140661,11522,1655360,140661
4c223f32593b683a,115263,105401235,140441,115205,105411984,140441
4c554d1e384e0076,10280,439680,138974,10220,450159,138974
4c8550990d1c93b3,104014,94143094,141031,103954,94155182,141031
4c882d780184be6d,22408,12559830,138590,22345,12569733,138590
4c9d4adad049b600,22786,12966307,341595,22760,12992982,341635
4ca7d9ce6ee4fda4,83490,73601307,130480,83459,73610891,130480
4cb353d7afb71ff8,63357,53491856,139345,63301,53504932,139345
4cb9c458625a4275,61528,51660098,137484,61473,51671900,137484
4cba7bd2637af2ec,47666,37768076,130025,47649,37777343,130025
4cc859e68c674d8c,59000,49118812,130802,58974,49131573,130802
4cdb9d107d7d8478,102086,92221119,139334,102004,92231850,139334
4cfe06d1ed3fb3ec,100659,90783713,142711,100600,90793942,142711
4d17acc901358e8c,41785,31898933,132024,41756,31909116,132024
4d2375182d366237,59798,49923752,139522,59747,49935933,139522
4d26b109ddd16b90,119427,109564259,137915,119355,109576229,137915
4d35d3cb3b100731,102644,92744633,139166,102623,92754609,139166
4d5ce3187dc337b5,82268,72400536,139263,82208,72411733,139263
4d78adfa37758a48,55269,45400173,138852,55211,45410446,138852
4d87f5eddc39318a,75002,65160794,140758,74943,65170916,140758
4dd49bd83c0d4c95,11638,1741245,148577,11578,1752426,148577
4e036bc3fe65ef89,82588,72720525,138882,82523,72734577,138882
4e33245d996d4126,15615,5742745,138405,15540,5752923,138405
4e44b4004e02d08a,119931,110085409,104117,119904,110104093,104117
4e520e73aa2d2676,99543,89704943,102111,99572,89728971,102111
4e548e9b6ccebf0f,16265,6399538,138187,16199,6410712,138187
4e567fb765f2e6bb,27842,17979530,137670,27785,17994004,137670
4e5bea1992e3a85e,112160,102284284,114467,112143,102293590,114467
4e677c34c85ebfb1,38139,28239116,133678,38113,28249101,133678
4e67c196e54f5646,14150,4279708,139206,14091,4289184,139206
4e7da7b48a11b73e,76479,66596408,131312,76440,66605643,131312
4e7eb8fd631313c0,23228,13340149,129757,23186,13349143,129757
4e82efee81ead430,45166,35320146,138556,45104,35330527,138556
4e8cd1258e870e66,19640,9799933,138453,19584,9815351,138453
4e8fce95e56c8dfe,46227,36363086,137815,46152,36373982,137815
4ea42ca63c8c7154,109951,100081007,139197,109891,100090961,139197
4eb12109e7e24770,81258,71384112,138994,81199,71394146,138994
4ebcdb26f7c7ed1f,91813,81960902,139258,91741,81971498,139258
4ebf9cff41f793d1,50792,40940051,137930,50724,40950158,137930
4ef4040e1bab5a3b,23865,13997842,127350,23807,14007021,127350
4ef4f7825cb5fec5,72931,63080630,139475,72861,63090720,139475
4f0aaf944a15ae2f,94527,84660680,138891,94465,84671129,138891
4f3b86a6d720a419,115885,106020891,139260,115825,106031281,139260
4f4ae586acf5cb0d,19400,9522859,137770,19344,9532517,137770
4f4cfd5d8fdd1e63,95543,85663814,137979,95482,85673874,137979
4f522226960879b1,28497,18623345,138691,28434,18634262,138691
4fa110acf8fb3f3c,28433,18559998,139593,28371,18571782,139593
4fa11a318eafb9fc,45546,35726807,346859,45533,35768783,346899
4fd72a58d06fa974,97060,87186708,130509,97037,87196881,130509
4fed257b6d329436,52242,42400157,138933,52182,42410283,138933
4fed41b29ee4ba9a,90876,81004319,137649,90818,81014487,137649
4ffeb22d33534463,103588,93721044,139723,103517,93731044,139723
500a383694152ce1,76135,66306351,344611,76101,66333908,344651
5017c4b1d75dfb9f,39305,29459146,133920,39238,29468687,133920
5032ff5208fbf3cf,67619,57759157,132246,67554,57773586,132246
5039942ab39ed8ec,28032,18179942,138285,27968,18194239,138285
504cef207c82106c,67430,57560132,137714,67372,57572571,137714
504f7a962c931f9e,68467,58579120,130620,68455,58591355,130620
50526b0e960a61be,64982,55121019,143272,64931,55134237,143272
5074833e9861bf3e,85009,75140616,139444,84951,75151549,139444
509973e4c9e8624a,25337,15463957,137088,25272,15474370,137088
50bdf7bd347b9b20,79354,69579920,359064,79374,69607127,359104
50bed894da998515,87955,78104574,140951,87892,78115826,140951
50dd02a4ca6287d6,25366,15499793,138614,25295,15509984,138614
50ec980dfeae2908,93807,83940922,140254,93733,83950392,140254
50f66828ed19eee9,19550,9699751,138969,19480,9710496,138969
510491768a3eec2c,61077,51200052,137690,61019,51212425,137690
510d2d33215fa739,119831,109961074,138961,119776,109975795,138961
51377d0e53e7bb7d,36268,26380487,130332,36223,26391861,130332
51405333d8828eba,51386,41520076,138500,51325,41530291,138500
5148cd1888a10b72,43062,33199075,133076,42984,33208522,133076
516179d8abe1f163,65854,56000480,139085,65787,56020233,139085
5176c0d34913c658,89272,79386028,131558,89252,79395680,131558
5195e1a76f5cd225,98971,89125030,104375,98954,89146103,104375
51b0dbd80004bbbe,53684,43800502,141218,53651,43810256,141218
51bed47dd167fb1b,75259,65382083,130213,75197,65391865,130213
521157a8d9ebc5f4,67494,57622407,130050,67434,57633469,130050
52312d63fb154325,20178,10320084,139162,20111,10330558,139162
52367b10e62ee085,69857,60004044,139593,69795,60016041,139593
523b9b07e83f435a,75573,65719311,131586,75499,65729061,131586
523d51cccbb63cd9,93582,83720775,138168,93533,83731070,138168
524493789d4933f1,80793,70921815,132013,80725,70931759,132013
527b5de4f747b75f,77734,67874870,185051,77677,67889133,185051
527f2778b0a8b047,108951,99101183,138902,108887,99111088,138902
528dd0a4267ab09d,58096,48240102,137929,58030,48250740,137929
52b4ec83d6a8936c,49624,39728578,132131,49610,39738453,132131
52b66a976461d26b,21360,11482267,141736,21301,11492617,141736
52ba0a223c0225c6,38108,28216195,117575,38085,28225835,117575
52ba12a191d10b55,36623,26780087,138957,36563,26791340,138957
52d0d6f564024d61,107344,97479521,130279,107283,97489450,130279
52de61eaf567ca62,65190,55344154,139499,65136,55356363,139499
52e0f68ee158b4e7,39487,29619014,133254,39428,29629037,133254
5312c0772a071691,110819,100961103,139012,110741,100971492,139012
5367624747ac55cc,18746,8879728,139153,18687,8889478,139153
537f47ac35c3f019,73922,64043644,139447,73864,64053633,139447
53809de4fff04246,25249,15360403,130313,25198,15369716,130313
53bd9678f883fd67,63646,53780584,140328,63586,53792077,140328
53c733214fec6704,59703,49840462,139420,59655,49855248,139420
53ce9ae70dcc80db,78926,69040465,138615,78894,69050250,138615
540f68c23c4f2b4e,45386,35520101,139103,45328,35529962,139103
5450d04ab4e178b4,71438,61580861,139725,71378,61595887,139725
5467cb36b9391679,30518,20643216,137243,30462,20654020,137243
5472bdf2c6b01c5d,106462,96559313,130117,106447,96572988,130117
547cc6cba20d1ad3,115452,105601292,140071,115385,105612695,140071
547dde76c4894bf3,56528,46638648,129881,56488,46648117,129881
54a6d94f3007d916,115515,105661177,140514,115446,105676832,140514
54b325241212ca33,27747,17882354,153834,27691,17899238,153834
54d6f514a1ba719a,54451,44518749,130389,54449,44528381,130389
54f3307ca7795310,56558,46660863,131494,56514,46670111,131494
54f6c808070dc03c,119080,109220971,138581,119021,109231596,138581
5508b2fa533272fa,58752,48858961,131194,58755,48873749,131194
552576f023a79812,24305,14459728,138557,24239,14469446,138557
5529c63eecd755bd,54261,44381838,73070,54284,44397216,73070
552c62ab8678b713,50539,40662983,139380,50479,40672621,139380
5542527ca9b9ee15,65320,55480458,139820,65266,55496262,139820
554ceca1525e0a71,66700,56819258,130655,66677,56832541,130655
5566af66660eacb0,99309,89421648,143004,99277,89434878,143004
5575e1b13c290750,78115,68259208,131477,78045,68268342,131477
558db1081fb37195,116779,106923516,141509,116709,106933852,141509
559c466986ad09ca,114469,104579714,132205,114436,104594570,132205
559da8c65c6ff55c,63151,53283848,138973,63065,53296019,138973
55c72cd29e1fcbff,49690,39780702,130843,49673,39790239,130843
55cf6cd5ba6193ba,53990,44120753,139209,53920,44130639,139209
5614142499f25d08,10593,726971,130538,10563,736844,130538
5614595d2f01b68b,16826,6959590,138658,16767,6969338,138658
5616ad7351159b51,73363,63500318,138197,73302,63510577,138197
563f7c4d30ca61e0,61194,51340533,139145,61123,51354780,139145
564dad8f6d899f6e,112660,102784686,139762,112596,102794616,139762
565b2fecdcdade8e,97856,87984556,139358,97798,87994056,139358
565cdca24b8250fb,30763,20878448,130413,30746,20891059,130413
566f9b1b6865f96d,73395,63523779,138979,73333,63533422,138979
5683453e2a1745b8,107215,97341448,141983,107157,97351191,141983
569563df1debed44,103926,94079737,132128,103865,94089110,132128
569a20c0d74b853b,39120,29258916,132682,39054,29268932,132682
56b08881ce5c38a3,35923,26026345,129604,35909,26038303,129604
56bdb98e2f97250e,48069,38200182,137791,48011,38210276,137791
56c27a67bbef12a0,95514,85640467,137782,95457,85650268,137782
56e75d42e153b136,113017,103144412,139856,112959,103154184,139856
56e7888155acfee5,110331,100439506,130282,110306,100448963,130282
56ed704daca9835f,70740,60860330,139198,70699,60874753,139198
56f69c82834b3f4c,41914,32021254,132763,41880,32030926,132763
5701a4e9a78e0d66,84288,74424122,159342,84232,74435663,159342
570b99785abfc541,113648,103801005,138928,113584,103810783,138928
5730973c48acde5b,108467,98579438,130236,108433,98588767,130236
57470b314cd87f43,97157,87261433,131451,97133,87271167,131451
575d7a12faedc36b,88045,78199338,130920,87982,78208779,130920
576eaec317a410d8,96187,86321006,140274,96125,86331148,140274
57778fec1413005e,60354,50484135,139765,60300,50495483,139765
57832bab404ea860,65603,55740212,138049,65541,55754334,138049
57855eebf1e78df4,90696,80840891,139697,90623,80850947,139697
578b9e243b370055,49086,39239967,138439,49020,39250620,138439
578f28e3008a7a31,93152,83288193,130816,93120,83297246,130816
57ab0d3bc775e445,28901,19018226,129524,28876,19028881,129524
57bd397b9ab6764f,10561,704703,129864,10531,714098,129864
57ca8cf9a81fe74f,55171,45303365,157033,55114,45314896,157033
57ce8048814926ed,112193,102306849,133032,112176,102317446,133032
57cf7a7ae5d36269,16545,6699395,137668,16479,6709054,137668
57cfb97ee6b7690b,104838,94960992,138906,104773,94971407,138906
57d0f65050996535,115668,105819518,130880,115602,105829257,130880
57d2fcdb6ed06372,28280,18439659,137092,28219,18450746,137092
57d9520c6984f96e,119518,109664494,138561,119453,109675235,138561
57da29d0555167d2,45833,35938870,131555,45820,35948242,131555
57e33e301fee1d7c,26420,16579823,139058,26360,16592153,139058
57e777239719a441,97093,87209001,131659,97069,87218917,131659
57e9c513e5b1a474,23614,13763267,139826,23551,13773860,139826
580208c5ce76b666,23768,13899895,139662,23710,13909758,139662
580c7673c625ba37,21910,12039662,137110,21850,12049991,137110
58379e4cc9b17268,16201,6339596,138498,16137,6350541,138498
585952f3e2a10fb3,23525,13679670,137253,23459,13689412,137253
5859baba5b8bc87c,96343,86484651,140357,96274,86494331,140357
585f1764726e9f7e,99370,89477022,140345,99331,89491427,140345
5871340e68e0aa22,58498,48623578,137451,58439,48633383,137451
58bcee13472a8ae9,31695,21762180,141749,31709,21775503,141749
58d69636f3c7701d,114822,104981215,138866,114761,104991581,138866
58d948e8ba7c83ff,93337,83484761,137860,93302,83494877,137860
58d94cd0ea790f03,64266,54400414,139165,64218,54416411,139165
59026fef36a9376e,75877,66003947,139497,75819,66014216,139497
5912c99aef60ec62,98516,88664282,139444,98453,88674038,139444
592d26c94338f29b,70310,60464093,101501,70298,60494195,101501
593f2bbeb9635458,99150,89259645,133260,99131,89270185,133260
594ef8f0bb4b7a38,87443,77541135,131447,87418,77550349,131447
5956481d58f37c3f,67366,57500753,140700,67309,57515031,140700
5965f8a6ea73d198,30615,20786070,343923,30589,20827088,343963
5968c2521beea13b,11409,1479913,139678,11414,1490169,139678
59841b13898f4a91,52182,42340215,138955,52120,42350218,138955
59ba637513c0de54,17243,7340585,129869,17217,7350579,129869
59c7f60fc54835eb,29121,19243006,139235,29078,19254681,139235
59d4127504f413e5,55365,45499128,132329,55306,45509719,132329
59f2cc97501e4a6f,24057,14199553,137359,23994,14209527,137359
59fd22c651f881d2,44420,34580309,138754,44360,34590447,138754
5a0ca4414c37fab1,49365,39499928,137703,49307,39509689,137703
5a363b80e13d8e38,46020,36140376,140387,45985,36151044,140387
5a3a93b51b2dcbac,80441,70583650,155936,80383,70596140,155936
5a5a262566d46608,71220,61380538,139710,71164,61394441,139710
5a65f6bab12e6884,113526,103664421,139252,113453,103674402,139252
5a7296e45c2edb2e,83649,73761700,132655,83609,73771374,132655
5a7ba785fb7fe3b4,27086,17198535,130081,27059,17213098,130081
5a9602306da18d68,64201,54340597,138928,64154,54358564,138928
5a9629a523414d65,46818,36960180,139656,46754,36970346,139656
5aac6e00b1b79b50,44573,34698808,129012,44515,34707789,129012
5ab957367c97a060,51912,42039630,135776,51859,42049573,135776
5ae758b103d94fe4,36504,26644278,143556,36435,26656165,143556
5b2038e3c49880a4,18220,8359712,138615,18153,8369594,138615
5b4c319e8dd69f80,72094,62224304,138184,72042,62236293,138184
5b514e159f1c5d71,21845,11982764,156609,21787,11994690,156609
5b61aef988938087,58336,48464465,140886,58277,48475470,140886
5b7038bca9d15896,42491,32642809,141251,42432,32652585,141251
5b76e899e420aaf8,20082,10219630,139058,20021,10230306,139058
5b8293a725981edb,27649,17779885,139494,27594,17792620,139494
5b93e8fdf3b0af36,115295,105424594,138423,115235,105434621,138423
5b96242835475fc9,50143,40280163,138325,50060,40290476,138325
5bb3c72d70f80c37,26234,16379573,137747,26168,16392016,137747
5bbe8d5cff5e82b6,99183,89283770,133210,99162,89293724,133210
5bbf2aa94d98984a,74702,64839379,131301,74644,64849344,131301
5bd6e55546b80e6a,24213,14359783,138923,24141,14369552,138923
5be371cba9d537da,66823,56938842,129815,66784,56949316,129815
5be7a6b3c5e01a49,96498,86644087,138974,96434,86654045,138974
5c039b2051691ef4,45639,35766248,131452,45633,35792031,131452
5c0fd232e21f930b,42430,32581747,132803,42371,32591168,132803
5c109624eaa7b26b,105012,95159354,130352,104942,95169987,130352
5c10b19b9c9107ad,37559,27700271,139455,37503,27712999,139455
5c1da97aca6dd197,44388,34539925,138461,44321,34550063,138461
5c274a300f61f44e,25396,15523232,138399,25319,15533205,138399
5c313e75921a040b,70172,60300556,139505,70114,60313063,139505
5c32e0ae277b29a9,58531,48708358,349575,58511,48765649,349615
5c43d6e68dce72c7,103142,93299704,132250,103081,93309961,132250
5c6dc5df162c933c,27616,17742878,136768,27561,17754496,136768
5c71254da459e752,77959,68099204,131886,77896,68109306,131886
5c75d5e76c0ea89a,39913,30001417,132847,39895,30010723,132847
5c7829f80a5b739b,40726,30862949,156921,40671,30873789,156921
5c875020c99e8bf9,18713,8842721,137683,18655,8852586,137683
5c98eb65a90993a2,78829,68940436,138272,78799,68950383,138272
5ca1c117d1cc2bda,51725,41840942,129663,51689,41854808,129663
5ca6096b22c5555c,104809,94924525,139202,104751,94934847,139202
5cafc1bb6ba18c7c,119981,110104925,115329,,,
5cb208d094604ba5,31079,21210049,131283,31038,21222053,131283
5cb7c761ed212932,104690,94800817,138086,104654,94810654,138086
5cc58e8893db2bd1,44702,34839668,136998,44641,34849487,136998
5cd1544c3c2a8721,18615,8743039,137755,18557,8752838,137755
5cd7539d765f5132,107594,97740689,137751,107521,97751078,137751
5cff70c49b25f020,111318,101444594,139760,111256,101454514,139760
5d3e479fb29a8a26,42040,32158983,132740,41997,32168873,132740
5d5f35fc3f14bcca,83114,73251816,137762,83055,73261808,137762
5d7723fe29064407,72637,62741587,131785,72602,62750696,131785
5d8a129817944379,86624,76764040,139873,86551,76774082,139873
5daaef3e58e53c9e,17687,7839565,138289,17620,7849852,138289
5db23fb90a8d5255,45801,35900890,131313,45790,35910459,131313
5dc0992c64b9a94d,77316,67439128,130881,77236,67448597,130881
5df4933c73ad87fd,105942,96064426,139270,105883,96074687,139270
5df5b4575621aab5,31318,21485250,138013,31267,21498345,138013
5e111a99ca70d284,72481,62579379,131900,72461,62588596,131900
5e2dd75212a4c2f3,71997,62123893,138320,71945,62135706,138320
5e31790d72b28dc4,38610,28763097,143160,38549,28772656,143160
5e3474c7abe3a73e,50259,40403243,136966,50191,40413041,136966
5e36a07f324b2ccd,13656,3799717,137557,13580,3810150,137557
5e7f75f81444e9df,66669,56778795,130121,66647,56789161,130121
5e90fdf15b890229,16233,6362810,137626,16168,6373204,137626
5e9747d2749d52d5,114070,104223873,102654,114061,104252361,102654
5e991810be3bd3e4,79815,69881928,138583,79797,69891811,138583
5e9dd000478765fa,34268,24399589,136886,34214,24410535,136886
5eb7eeafd9fbb8c6,109102,99240723,138336,109044,99251143,138336
5ebf90df65893e97,91487,81600962,139002,91453,81610620,139002
5ec331c5dd78dd93,99340,89444094,131318,99305,89458460,131318
5ec9031dc844b2e4,102938,93061716,131678,102863,93071653,131678
5ee819768c338f00,65071,55220001,137355,65003,55234408,137355
5eef9d9b0f974624,33193,23320656,139626,33137,23332570,139626
5ef16bbe4e0c0123,48333,38483557,138847,48271,38493641,138847
5ef61a37ac38d359,17901,8022909,138634,17842,8032865,138634
5f1958b764177dd1,118555,108684028,143110,118482,108693992,143110
5f247fbedad871a0,45256,35383655,139212,45199,35393824,139212
5f486753de6ec14e,118250,108360749,130546,118213,108370827,130546
5f7aafda23bd6368,73266,63400252,138336,73207,63410663,138336
5f8a9b575809bdbe,55492,45620943,131644,55427,45630799,131644
5f983181226437d7,21017,11119847,128893,20987,11129073,128893
5ff69fd52320d473,118282,108399638,130917,118243,108409500,130917
6011dd3e1c685991,117404,107543964,138185,117331,107554564,138185
601a412bec497f26,111777,101904447,139412,111718,101915013,139412
6022c53ec3e9c863,68841,58958792,129851,68791,58969200,129851
60280269ee78f6e9,23496,13639673,138053,23420,13649897,138053
604efb5ad2051fa3,10656,798509,130399,10625,808775,130399
605257d3c92306d9,72576,62679137,131079,72548,62688030,131079
606247d6be71c758,39026,29159043,133205,38964,29168885,133205
608af21e4e55fa74,108123,98260831,138925,108067,98271053,138925
609fe2eb04b6b938,88134,78263219,141748,88075,78273923,141748
60c7fb635fb60853,35118,25243311,139290,35061,25255125,139290
60c84f32c867db99,40306,30439108,131867,40232,30448877,131867
60d33ec3ee7bca9e,80572,70700607,138809,80512,70710048,138809
60f4b8a8da14facc,81645,71741497,130342,81618,71754834,130342
61070c68f833bf05,80946,71100343,138103,80881,71111215,138103
611140ddd190977c,31259,21400664,138252,31190,21412649,138252
611bf33665d33d69,109484,99624261,138592,109416,99634133,138592
613843e27b33cd52,82650,72782694,131280,82582,72795886,131280
613ef94fc0ded03e,67682,57820374,138808,67613,57832583,138808
6143d28b9f633fc6,65282,55440414,138380,65228,55451740,138380
6144c19792cb1277,56373,46478623,130136,56350,46488230,130136
6164ce4eb97b494f,38289,28401431,132960,38235,28411179,132960
616a9d497104a5b5,20802,10939739,138073,20741,10950393,138073
6189fa614ae21125,90190,80320359,137003,90132,80330884,137003
618a07f652012861,10034,179555,137816,9966,190084,137816
619127d0c2282cde,84386,74520580,139449,84328,74530654,139449
61b1c342aad0ccd2,47035,37180177,138167,46968,37190610,138167
61c7fe1d4f995844,112541,102660718,138237,112497,102671337,138237
61fe77ebe2944dda,107807,97962350,138568,107746,97977206,138568
620090786b772428,49511,39664400,102033,49497,39684496,102033
620af854522726c0,95391,85503920,143765,95348,85513990,143765
62100075aa1f623e,46406,36560092,138415,46342,36570205,138415
62510707c0eafc4c,113587,103741016,140089,113521,103750910,140089
626ba818d197bae0,104720,94840942,138207,104679,94852025,138207
62765dd5a868d6a9,83585,73699648,132538,83550,73709210,132538
62ab4212bab1617c,103743,93884145,138265,103673,93894562,138265
62b7aae1a7ec3885,60200,50360308,139323,60143,50374840,139323
62bd48b6192049a4,46755,36883368,138758,46693,36893559,138758
62d87777c3a782fb,25917,16058469,130115,25861,16073469,130115
62e52028a6745f27,67865,58020364,138402,67805,58034647,138402
62f809e7129962ed,107746,97900926,139290,107683,97910591,139290
630a9457e26bf885,12228,2359539,138356,12174,2369938,138356
63229e942943cdaa,86563,76700691,138379,86493,76710453,138379
6347a34b14875393,48363,38519825,137604,48301,38530494,137604
63519bbc181ad4ea,87631,77751302,131895,87588,77760418,131895
6354dfc6ece0783a,16640,6799886,138632,16580,6810460,138632
6375fe84affda7ea,113931,104061272,140378,113877,104071629,140378
638ad5223ff8ba5d,26014,16143623,138740,25956,16154939,138740
638df25f2dad5dd2,86686,76840846,138783,86620,76850451,138783
639a0a0046fb8822,96281,86420918,139425,96216,86431573,139425
63a65ccb1705abdd,107117,97244584,137686,107059,97254686,137686
63a838f016485f31,12261,2382917,137911,12206,2393633,137911
63b329500f87d493,93367,83520636,138770,93331,83531291,138770
63cfaea3e0865a3a,72728,62841614,142282,72678,62852043,142282
63d7b9de52a31de5,108530,98641568,131110,108491,98651294,131110
63e4821718747261,58971,49078939,130668,58950,49090505,130668
63f86a45a1d1bf3d,38492,28638746,131979,38418,28647822,131979
63fddb626b4e78be,78301,68460650,138369,78240,68470579,138369
6406ad56576f3070,42311,32459932,138612,42239,32469551,138612
6407054bcd4c5272,24025,14159691,137883,23963,14169413,137883
6427ada0e599951a,88614,78760521,138534,88543,78770577,138534
643c1196a96dc07c,91361,81459387,131140,91338,81469201,131140
6450e4e71ab73279,50977,41123292,137802,50913,41133479,137802
645230f3fa22acf5,39585,29719848,138241,39525,29730064,138241
64551e4a19c5a858,69515,59643838,138578,69466,59656014,138578
6466e34e584b4d50,34805,24963630,160529,34746,24979035,160529
6469957ae460d3ad,59061,49179043,132071,59023,49190206,132071
64720cd54a46ebf6,99913,89979418,129653,99897,89988811,129653
64805813d613da13,17601,7739499,138322,17520,7750601,138322
64817424223f9375,91901,82044187,138457,91831,82053672,138457
64900ede5ab78566,25278,15398214,129231,25222,15408467,129231
64a09759f5460414,17998,8122621,138211,17938,8132364,138211
64a29c33e8649b61,11498,1579647,139161,11482,1589773,139161
64adc5e1ccb7fd34,29483,19639991,139411,29426,19651207,139411
64b0fd02b36a2f65,114618,104751720,131499,114557,104761125,131499
64b4d74db20f652c,114529,104641694,130987,114486,104651935,130987
64c404cbe7abf577,100025,90101169,137644,99971,90110596,137644
64d3b2bede5deebc,19309,9439808,138143,19264,9450131,138143
64ea7bd54581836e,42521,32676043,115410,42462,32684386,115410
64f6afaf0b7ebd6f,100318,90460916,138831,100241,90471122,138831
650f16c82a676a2a,95483,85600883,137358,95430,85611013,137358
65243fce0dd23ba0,108742,98880762,138056,108676,98891248,138056
652c2ab0deb5dd9b,22377,12523144,138733,22314,12532764,138733
6557d80ae43ee309,21479,11619764,139524,21402,11630404,139524
655c1bda28011778,34988,25124399,139258,34934,25139219,139258
65695b081812295b,53341,43480383,140762,53273,43490643,140762
656b02ff320f734f,62827,52923033,143151,62805,52934444,143151
656be08af938b82b,106039,96161769,131718,105980,96175316,131718
657fca28d5cba0fb,116960,107099743,130799,116900,107109561,130799
65d69055a664857b,72159,62283886,138358,72106,62293600,138358
65f77853079dc768,101309,91440639,138477,101251,91450693,138477
65ffa24935e0b004,48010,38123080,136832,47962,38133116,136832
6605441d51239556,13294,3398160,129415,13265,3407577,129415
661dc9c03fea983e,82804,72960910,139450,82740,72970502,139450
66325513bf8a975a,91609,81720773,138948,91557,81730341,138948
6632d563fc0f751b,100157,90264142,138762,100053,90274195,138762
663a674f735140cb,53840,43964916,136817,53792,43979592,136817
6657015add916586,78237,68381372,131267,78171,68391285,131267
665ce1dd7946fd25,70859,60983814,137837,70797,60996030,137837
6664ab2925e21d1d,43093,33238640,131051,43018,33248591,131051
6667f3525d0dda1b,94025,84164205,138281,93953,84174022,138281
6680a93b70389bb2,29332,19479747,138006,29262,19493488,138006
66c85ede7b47e393,75040,65200842,140702,74981,65211111,140702
66d6ac1ea4328f30,69136,59283852,139667,69084,59302737,139667
66e1f36b6c75d05b,64891,55019076,131905,64857,55033249,131905
66ec65474046bd8b,106007,96139519,131599,105947,96153165,131599
66f16d3026f058cc,21113,11220043,129280,21080,11229216,129280
66f48ca7704cbe76,18497,8643129,139170,18434,8652632,139170
66f94a9690ad5492,10400,523044,139636,10342,533461,139636
67146a542d342dd6,16576,6722745,138259,16512,6732556,138259
6727ac8b6cf4ab22,37005,27142912,133026,36948,27153887,133026
674659f591a69280,24088,14222722,136994,24023,14232423,136994
6795207f6b19336c,43499,33621037,130456,43440,33630858,130456
67a1a12ab23dc576,86438,76581125,140354,86375,76596791,140354
67b2ce96793d1119,108403,98519413,130305,108373,98533875,130305
67b3ea2c5880eba3,81193,71320718,139647,81135,71330721,139647
67b869ef7297b774,35340,25479913,139232,35272,25494802,139232
67bbf9609043198a,54652,44743341,137733,54589,44753787,137733
67e4e62313942c95,42809,32940299,140159,42744,32950143,140159
68174eee2ca30112,79052,69164215,138845,79012,69174323,138845
6841d5d0dc9ed09c,15092,5205191,132183,15079,5215363,132183
685de9f780988d64,108591,98719709,131064,108546,98729609,131064
6897479895a34810,118917,109044661,139850,118860,109055170,139850
689f6457e65ab2e9,40335,30461479,132156,40255,30470769,132156
68a5528d1b66d034,111443,101580949,139312,111374,101590586,139312
68ab508810d11c6d,30356,20483658,140098,30300,20494577,140098
68cb725a3b39a353,41073,31219998,139184,41004,31230158,139184
68dbf03e908af128,26109,16243162,138113,26048,16255573,138113
68e05e10dbdc2345,76006,66140506,139343,75948,66150817,139343
68fb31b17cfc7b4c,41374,31501435,132914,41315,31511013,132914
691aabc60cc56908,57268,47383742,139258,57168,47393895,139258
693fa87dc6888d02,93614,83744061,138048,93561,83754081,138048
6947573026a629e5,78146,68281303,131036,78075,68291006,131036
696b8dde7954b63e,54680,44779962,137657,54608,44789526,137657
697dec17c73eea7b,28739,18864945,129802,28717,18885602,129802
69c2bb25968b2765,89496,79601638,130436,89465,79610561,130436
69c9db24c5a29a93,97987,88120618,138562,97928,88130476,138562
6a14c4e65220280f,62918,53023603,138749,62882,53035568,138749
6a1cf0cfc2ba18d1,30731,20847208,130408,30714,20863315,130408
6a1f8750c2d383fe,103681,93821166,140409,103605,93830913,140409
6a4d86b42ffdaee9,48460,38620070,138061,48400,38630542,138061
6a5134983702a4a8,40161,30260945,131839,40116,30270645,131839
6a6dfe6b0f730a7f,98735,88864641,139218,98677,88879563,139218
6a7137117c44b450,78614,68752147,138982,78553,68762192,138982
6a7a3681211194bf,24789,14942365,99834,24769,14963972,99834
6a8f17c3735920d6,101598,91699552,130836,101577,91708442,130836
6a9775a0de0b19ec,42712,32843751,139336,42650,32854389,139336
6a9f4495884fa55a,45200,35360159,139631,45141,35370967,139631
6aaabeb774030767,114439,104541690,131131,114409,104556204,131131
6ad08f2d84298a50,100052,90140909,139855,99988,90150795,139855
6ae937e46cef5675,30300,20460008,139464,30241,20472426,139464
6afeb0b53b669f31,99600,89724353,114478,99629,89737646,114478
6b0a7a9ef2be4c75,33856,24004703,101161,33816,24045031,101250
6b0fdb99be3becc7,100236,90364366,138996,100150,90374465,138996
6b283951ae118517,119271,109403396,140387,119208,109413468,140387
6b29533d8025fa81,18527,8679858,139332,18464,8689312,139332
6b3afdadbd3eb07f,23378,13502999,137973,23312,13513387,137973
6b3c5b1a1040fba9,36593,26743312,144677,36533,26754815,144677
6b4afadabc125213,56467,46579108,131086,56435,46588799,131086
6b6aa00012b42993,34836,24989385,152267,34782,25004163,152267
6b8644fb0fcad8be,95780,85924264,138557,95712,85934608,138557
6b8866c7db4172f8,31200,21339901,138146,31141,21353471,138146
6b961af43ddd3cdb,59509,49640181,138971,59464,49660915,138971
6ba68e46e335cdcb,11154,1283755,98989,11180,1294144,98989
6bbcee5f70d27d5f,48424,38580643,137963,48362,38590902,137963
6bca19bced8658eb,99970,90041186,141099,99936,90051548,141099
6bcc34ba11aaff6f,35494,25639881,138159,35428,25650959,138159
6bd08537ff7a0ee5,62097,52243806,139400,62039,52256469,139400
6bd0f879751a2fe4,57717,47844138,139153,57668,47854883,139153
6bd57626cc6f2244,20919,11044874,130286,20890,11054845,130286
6bdb113e14c9e71f,55080,45242837,154526,55024,45254324,154526
6be8d919f5ce23a9,44734,34861614,130115,44672,34871253,130115
6c1338cb57185aca,67300,57421294,131867,67243,57431931,131867
6c1fd71798bb396e,109669,99820710,137716,109604,99830129,137716
6c4399262b0213fe,17746,7899548,137655,17681,7909402,137655
6c43a988293d4056,65130,55280367,138888,65061,55292210,138888
6c523b825ebbce0b,77895,68023017,131589,77835,68032519,131589
6c6ec64de24283ea,78646,68780437,138994,78584,68790071,138994
6cda18df81d0955d,88425,78561151,142064,88362,78571509,142064
6ce2de6c3c5b7f0f,56341,46438966,131144,56321,46448537,131144
6cf40b7a004efc82,30698,20825241,131560,30682,20851675,131560
6cf703415d78b687,54759,44880202,138219,54660,44890478,138219
6d23e9af3aebe1dc,55204,45342717,153597,55147,45353729,153597
6d4b8668580eb7f3,113801,103924243,138808,113748,103937067,138808
6d8f1d47236cda20,18405,8559878,139031,18340,8570085,139031
6d9b9b44f2e125dc,102794,92901651,130943,102749,92910916,130943
6da48ddaabb03429,37592,27723750,138959,37536,27735725,138959
6da9d3a55314f2c6,93995,84140872,139598,93921,84151673,139598
6dae51e2d9376ed9,26831,16947192,130092,26821,16959761,130092
6dc269c7485eb0fe,20520,10680089,138537,20460,10689888,138537
6ddaf9f8b37f64af,106588,96681450,130828,106561,96691335,130828
6dece26eff82e54c,25755,15886209,157236,25700,15900715,157236
6dfdca9b0f5db9a4,60959,51079035,131296,60930,51094060,131296
6e0702caf53f19bf,11469,1539999,140553,11460,1550850,140553
6e09d9260f3d5dc7,74972,65123944,138818,74913,65133785,138818
6e50fa31c8a9795a,91930,82080788,139062,91861,82091288,139062
6e5c943683d8083a,104472,94561644,130025,104458,94571964,130025
6e6c70e29f357b42,49560,39684003,115572,49546,39693131,115572
6e7ea3481d8dd347,115606,105759883,132660,115540,105769434,132660
6e951466a533cf03,40980,31119800,137725,40917,31129427,137725
6ebc58aebbe667e8,42905,33038929,131992,42836,33048748,131992
6ebf63f7639f70fa,27324,17459869,139315,27255,17476888,139315
6ee2882511598719,63122,53260391,140005,63043,53274302,140005
6ef00f34caf3b0bd,55585,45723084,130442,55515,45732223,130442
6f675fb8876a5e90,89768,79900489,138794,89696,79911101,138794
6f94a3a58d84a5c8,96436,86580693,138090,96361,86590202,138090
6fabf51e573fddbe,55523,45659039,131558,55457,45668297,131558
6fbb2fb08a625f2c,49721,39818775,130893,49703,39828319,130893
6fc37bc304d03a0c,21207,11320513,129752,21167,11330358,129752
6fdc709018e36d52,86343,76480591,139004,86283,76491163,139004
7025ad059a053425,39089,29231195,132136,39025,29240654,132136
7048793c3d45254d,100078,90164529,139898,100004,90174922,139898
706730ee8c458923,59829,49960865,139219,59776,49972402,139219
707a58ac5d7fbb6e,32033,22141935,140573,31945,22153758,140573
707c992727f23920,16422,6559809,137924,16347,6569958,137924
708055b12abf7d57,12294,2419340,136359,12238,2429563,136359
708b6a16137dc5b4,32285,22440023,139506,32225,22451509,139506
70a9f8bfa2b2982b,77114,67219056,129635,77078,67229061,129635
70c6617caf201425,40918,31060436,140116,40858,31070910,140116
70cc854177d6a071,10217,362695,137941,10152,372202,137941
70d7103456ef9f85,79786,69857444,136489,79776,69867689,136489
70d9f33bbf68539b,24746,14925709,342808,24720,14953965,342848
70f5483aeb80ddf4,63551,53680698,141021,63493,53692026,141021
7105e81741009740,111255,101384544,139554,111195,101394374,139554
71200e296d96cc2c,29770,19899873,138953,29710,19911085,138953
7128e66b5278b5bc,100130,90240729,139400,100036,90251011,139400
71433a6d7606511a,19761,9919810,139027,19708,9929960,139027
714f566c666380c2,116895,107022085,131141,116835,107031184,131141
7165d1cbfa55c3cd,51096,41222701,131315,51038,41232320,131315
719daa3b1a551e8e,79266,69397666,131021,79201,69407337,131021
71a7c70703d6af33,50571,40700249,137272,50511,40709595,137272
71af964fd2999f64,18282,8419583,138013,18211,8428962,138013
71bdbcf2e4c4eca1,22755,12883163,139018,22693,12893663,139018
71d09cddd8575166,105695,95840947,139752,105627,95851097,139752
71dd944b5951723f,98179,88304101,139371,98115,88313694,139371
71ec590d09d016ba,44152,34280036,138565,44090,34294692,138565
71f1fda21bc605ca,110047,100180848,138384,109984,100190575,138384
72041951636d56aa,94806,84960762,138349,94740,84970477,138349
7208dbbbf4847abe,117811,107939748,130333,117752,107948973,130333
724bf15d0e41869e,68352,58505896,104002,68341,58534282,104002
72761cdf49daaa1f,84320,74464009,157457,84263,74476008,157457
727c242c3edb9baf,74793,64922802,140591,74723,64932381,140591
7288bacbcd00aa49,58369,48500069,138721,58310,48510201,138721
72baa1c04098578a,97441,87560564,137909,97394,87570811,137909
72c9c6660536ddaf,106766,96884601,138545,106708,96894345,138545
72f17db438593ae5,97738,87884136,139463,97673,87894314,139463
73386dcb7d55b22b,46942,37083233,138108,46872,37093209,138108
733e11dd7a0ceb50,92770,82900791,139039,92711,82911019,139039
733f88ce77189b4e,104209,94339671,132188,104145,94351249,132188
735bd5b8b6672c30,97011,87164682,103690,96988,87182517,103690
73691307a810d985,22253,12399800,138788,22179,12409126,138788
73833b22c77d6c45,104982,95123023,129537,104913,95132622,129537
738666fe1b09a89e,76103,66240399,138443,76043,66254843,138443
739c6a563a427fc6,108682,98801342,130018,108625,98811733,130018
73a7b86224920ce5,80761,70899492,132447,80695,70909517,132447
73af35b9c51c3a61,25885,16018289,130413,25830,16029128,130413
73c304c67219c64a,103834,93980464,130592,103765,93992032,130592
73c6b978d2a141ee,86594,76740387,138141,86523,76750323,138141
73cadfcca2d48461,63486,53620098,137850,63430,53633276,137850
73f5aa500aa3a9de,110996,101124628,138927,110940,101136144,138927
73fd74f7d2c4eb6c,84131,74284058,138529,84074,74294032,138529
7426164ee410faae,92017,82144148,139768,91959,82153761,139768
743b28e5147fefd6,30175,20319950,138278,30104,20332090,138278
744249c3dcba4b51,35402,25540079,139100,35330,25552063,139100
7478dff16a1bf340,64831,54959104,130979,64805,54971650,130979
748564a22f805e3d,101341,91481102,139204,101283,91490963,139204
748be2c2fc08d18d,66355,56530159,361543,66332,56571325,361583
74b91d97c9551484,75194,65324017,159256,75133,65335324,159256
74ce7f1bba675d3f,107150,97279466,131036,107092,97289191,131036
74dfb8e41a867b7a,24650,14779720,138225,24590,14789313,138225
74f28a4d92de99fe,20738,10862880,138481,20679,10873111,138481
750373481ce9364d,92243,82380732,139410,92183,82391027,139410
75148e8fb749a032,50946,41099978,138736,50880,41110742,138736
7519e8bb27be8223,119701,109824475,138308,119648,109834115,138308
7527209c476a502c,70522,60621033,130218,70505,60632074,130218
75432eab67e4d10f,32060,22179602,136739,31964,22190981,136739
75498080d93c18e4,45321,35459894,138232,45264,35470225,138232
7553e01a69295a87,101663,91761256,130742,101638,91770214,130742
7566b04a5ee4f656,89115,79244392,138315,89053,79254952,138315
758822d1083523ba,102823,92939389,130253,102773,92948471,130253
75a2278757445536,39618,29743106,137798,39558,29753527,137798
75b03633f3cb84f2,101096,91252359,139263,101032,91262787,139263
75b83cca0e9d8807,117373,107520664,136904,117301,107531157,136904
75d7eb01737db499,59265,49403948,139779,59195,49415290,139779
75df39e8e53252f6,23008,13118488,130990,22984,13128484,130990
75e5a5365df37bc4,69641,59780655,140102,69585,59793765,140102
7629240ea5a6881e,57322,47460499,139265,57241,47470994,139265
763592fc9e525574,119144,109281121,139502,119084,109291739,139502
7638e9daa1d037cd,74641,64761455,131624,74590,64770424,131624
763e6e88b7886ab6,79902,69983890,138214,79858,69994085,138214
76697e6e0cde0cf9,100787,90920743,138638,100724,90936426,138638
76a843772656cae3,113212,103340992,139203,113152,103351023,139203
76be68ba72ab8733,74453,64579365,131622,74417,64588681,131622
76c7ec1c473acb61,115421,105561218,140072,115356,105571768,140072
76ee6c310c87c553,14897,5022939,138064,14838,5033181,138064
772c3857456912bd,35891,26004507,130671,35878,26018842,130671
7741f625bf2ccf61,56017,46143743,138765,55957,46153792,138765
77428b379526cb70,100626,90759556,131983,100568,90769571,131983
7759d28e61f041db,17658,7799490,137267,17580,7809681,137267
778c7699e039cd44,101726,91839577,130379,101697,91849559,130379
77c5a8070da5278a,107563,97700902,138926,107492,97710423,138926
7809e1612f2e2628,17836,7962967,137861,17777,7972891,137861
781842f65fdb85e1,62573,52685241,130746,62568,52697038,130746
78215ad6c8262335,70360,60486218,130249,70348,60506991,130249
78964bacc57c8b6b,51007,41160123,138765,50943,41170378,138765
78d98118bb889df0,111565,101721282,137933,111501,101731271,137933
78fbaa92d8d03b54,33290,23419866,138675,33233,23431742,138675
7905ef83a834d6cd,106738,96861224,139365,106685,96871053,139365
790c4f0ad96c8e12,71342,61480432,139628,71284,61496611,139628
790dd39a0934ec8c,78711,68867773,121958,78681,68885189,121958
791bbabe7eca2f91,27938,18079609,137866,27878,18094075,137866
7930bd4413be499e,65634,55763501,138039,65571,55776373,138039
79405b1d2ac3f818,118614,108759289,128577,118538,108768310,128577
7945d9d4d8e456f7,67333,57459526,131634,67276,57470373,131634
7952f3baffa4907d,20302,10439976,137502,20226,10449933,137502
79556b9f613d52ec,60867,50978838,130843,60856,50990657,130843
799ac24236d4a673,42680,32820235,138775,42619,32829929,138775
79a0ab6b984d3ef4,83016,73143838,139735,82957,73154081,139735
79a3d9feece67f58,46690,36819946,136755,46629,36830576,136755
79ca70de34a6d228,109359,99500567,136984,109296,99510646,136984
79f31f591654539c,48394,38543168,138310,48332,38553275,138310
79fdcb6464c12f5c,68306,58488503,348991,68287,58524492,349031
7a004ab966df6a6e,22625,12759534,137634,22566,12769121,137634
7a0ad9cd92ff9897,50823,40963458,138790,50754,40973644,138790
7a48b2395bdda70c,98486,88640768,138981,98421,88651544,138981
7a57c9887fc7fcbb,41287,31439941,138313,41225,31450170,138313
7a83e3810cf4554b,45450,35583653,138483,45391,35594118,138483
7a895f69912a42c3,104407,94505181,116501,104396,94514448,116501
7ab7a165e023e9d9,92555,82700864,139219,92481,82710942,139219
7abcc643211710e0,53961,44096975,139264,53895,44107709,139264
7ae1d30414a56702,31503,21628046,128966,31534,21641280,128966
7ae39f3b96495b12,41165,31320639,141390,41101,31330916,141390
7b0eba2115f17b16,81738,71839631,130826,81701,71849238,130826
7b1f0bce435ee632,106525,96621511,129798,106505,96633287,129798
7b2563e0454bfa5a,79631,69723421,116442,79648,69732029,116442
7b311d51d0fa42fa,73019,63164271,138479,72950,63174455,138479
7b34ae6b03a2247d,37130,27261462,132306,37066,27272823,132306
7b5e7fc4638e3491,79874,69960502,137742,79839,69970455,137742
7b9f020709a0f30f,56956,47020915,130525,56930,47030405,130525
7bd7005d13db6510,40392,30521064,131789,40308,30530337,131789
7be50883a02c6dee,26702,16885849,343478,26684,16920833,343518
7bfc99f5aba198b9,50506,40639449,135630,50447,40649324,135630
7c1feb042f95411e,94270,84400678,139433,94213,84411163,139433
7c279cd263677714,62605,52707517,131192,62599,52718265,131192
7c3378d296a6a518,15820,5979536,138565,15759,5989607,138565
7c5e8f6e20b5f61e,111350,101482604,138543,111286,101492165,138543
7c7fb216481893b2,113962,104101342,139954,113907,104112139,139954
7c849d5fb3349e2a,96969,87147371,344783,96942,87175016,344823
7c8a3d04d74676ab,107061,97221367,139741,107001,97231533,139741
7c8d70ad6feae21c,81452,71565602,131411,81435,71575843,131411
7cb083cba1dc3563,76287,66399036,130951,76257,66409355,130951
7cc3de2c9ca18211,85671,75783148,142073,85624,75793270,142073
7ccd0b8350a0e204,67090,57240476,139532,67022,57254011,139532
7cd171f0f2bd29de,63006,53123687,138411,62952,53135317,138411
7d0e9b886017199c,25853,15984728,129036,25797,15995396,129036
7d1b95f108d8a0a8,68499,58601359,131414,68486,58611943,131414
7d3730e054406987,26265,16402992,138690,26196,16413960,138690
7d55b6dcf541debb,20869,11022872,100340,20841,11041416,100340
7d836376f4ddffbc,61786,51920092,137358,61723,51931192,137358
7da4c0e92b1cbbc0,83457,73579315,130804,83428,73589040,130804
7da9aca9decd29cd,41817,31938792,131112,41787,31948219,131112
7dbf431663a4a4e0,51532,41647338,129538,51502,41656561,129538
7dfa6ad4466079d6,89305,79407845,129350,89284,79417614,129350
7e4129f7be5b715e,113834,103960997,138681,113781,103971062,138681
7e42e059586c7e6d,119364,109505125,139770,119296,109515374,139770
7e456c4e6e268558,118526,108659802,132296,118458,108669536,132296
7e6d62b39710f61e,38229,28341293,132214,38187,28351067,132214
7e750a25fdbb6603,11664,1763857,133723,11595,1773434,133723
7e91979ef1febc2d,31871,21958447,130640,31840,21974001,130640
7edba3f854b31a22,13099,3223707,114693,13077,3232929,114693
7ee0fb60b3a31089,39400,29559244,133198,39340,29569810,133198
7eeebcdbfbef6374,80288,70440586,138388,80221,70449954,138388
7ef4c519289ea827,19610,9759571,137526,19544,9774776,137526
7f0636523b125706,96561,86720965,139055,96501,86731248,139055
7f1b1a009bb4a8c1,51788,41901976,139030,51748,41916376,139030
7f543486d8725664,19460,9599716,138717,19396,9610671,138717
7f78ac5e9add9001,21597,11742811,137147,21531,11752808,137147
7f8844bb9e0164c8,64737,54858809,130238,64723,54872463,130238
7f8b4fcde1337d11,85171,75300475,138183,85111,75309906,138183
7f9623a5e7148b5c,85515,75621496,131031,85481,75631457,131031
7fab8f952a2d6fd2,50474,40612369,189261,50415,40627440,189261
7fe9113d6bbf0cf2,76511,66619990,130397,76469,66629787,130397
7ff8f46de4935d9c,19431,9560012,138763,19371,9570619,138763
800d4e701eabf45a,48581,38720076,138739,48523,38729686,138739
801a68afacf45748,49334,39463477,138037,49276,39473146,138037
80272ab7e36aab19,14370,4503053,138916,14303,4513132,138916
8051daf1e405da0d,66290,56419094,130236,66233,56429837,130236
8058cd23915eef8e,14494,4639550,138042,14419,4649248,138042
8075e32667744e04,82059,72199064,130084,81981,72212166,130084
8080e5d9bed4157f,55616,45760623,141701,55544,45771398,141701
8086216e0b263f20,34651,24780865,130779,34587,24791589,130779
80876d57b373c00e,24838,14964526,130645,24818,14978668,130645
809455ac184f378c,24903,15008228,129833,24882,15021461,129833
80a93eaf620dba00,80474,70607042,138600,80416,70616963,138600
80b43066260718df,52874,43020051,138400,52816,43031139,138400
80c503cf827e0765,48678,38820345,139171,48619,38830568,139171
80c94785833f42ce,83980,74124318,139795,83912,74133972,139795
80cd7f179d90496d,40628,30760091,138295,40575,30769688,138295
80d01d286650c10f,76928,67030490,94354,76914,67038111,94354
80dba0bab065d0ec,32408,22539673,137177,32354,22550802,137177
8105be78baf155cd,71662,61800612,139454,71591,61812528,139454
810b5e2da14f9189,86311,76440654,139137,86251,76454092,139137
811c5204bc0f6ced,79236,69361947,131537,79176,69372312,131537
812d641d8482a8a7,35309,25439996,139313,35243,25452270,139313
817c3aaa2097c18a,116145,106248205,129854,116129,106258043,129854
8183f1a278162e99,87123,77261044,140933,87063,77270806,140933
81864b13bad21249,119015,109144555,140683,118958,109154715,140683
8196e357038d7f65,36780,26902851,142242,36728,26914025,142242
81a03b087c5e112f,87985,78140619,139145,87922,78151038,139145
81be28c6cb96e295,79501,69634640,115045,79524,69642964,115045
81cb21b68fbfcd88,17572,7711070,138386,17493,7720593,138386
81cf1954a9686496,41505,31638693,131437,41445,31648093,131437
81df294aaef5dd81,70553,60659197,131555,70534,60670256,131555
81f2ee7ada197c63,101820,91921301,130749,101782,91931045,130749
820809119a532071,106167,96301068,140037,106104,96310660,140037
8211c42a0b229cfa,89019,79144250,138540,88959,79154170,138540
82184f0835976733,59573,49703630,155856,59529,49716499,155856
824ade4353bdd9e8,15790,5940063,138390,15720,5950155,138390
8298b5033885a75a,19856,9983242,138635,19802,9993017,138635
82c5bbfa932da5d6,29802,19939846,137968,29741,19953954,137968
82d66318a6634084,108652,98779404,129962,108599,98788520,129962
82d742caecda7d15,18990,9106409,129920,18962,9115868,129920
82ea54b2a235eb6f,117682,107801960,130586,117624,107812317,130586
82eacd15fd3d6d87,84857,75003061,141464,84791,75013433,141464
82fda68f4793b0ed,10530,682732,102122,10499,702530,102122
83370243de22b805,103713,93860810,137687,103641,93871532,137687
8345c5436588f7ab,114913,105064834,140186,114854,105080179,140186
8355043e01b2dcd1,31471,21606195,122170,31503,21623498,122170
8365a972a0a3e186,17019,7144599,130595,17002,7154216,130595
8382bd161a031367,45928,36038928,132273,45906,36048146,132273
8384121619dd5dd0,109453,99600873,138221,109387,99611334,138221
83951e4efcb9bcd9,117526,107681040,138863,117464,107690848,138863
8397c5c255643c55,86246,76384342,161049,86188,76401951,161049
839f65c7b666effb,60256,50383797,139242,60203,50396031,139242
83a081c8fab1be3c,12388,2519410,137666,12330,2529871,137666
83aee35f86e0e927,78053,68199134,129934,77987,68208751,129934
83b7a2ced126b4d4,112570,102684158,138488,112522,102694564,138488
83c3088bbc0b1eee,61943,52080493,139846,61871,52092239,139846
83dccf9d0028ea89,56863,46940550,129651,56848,46950106,129651
83e665a1e4ccf61b,118733,108882437,132142,118673,108892876,132142
83fe8df39030af57,82713,72861285,143102,82642,72872173,143102
840a91da7883fa34,47279,37402523,140773,47217,37412328,140773
84117364ac0d07d2,92737,82864250,138626,92679,82874150,138626
842c1529936c8f1d,12325,2459697,139546,12268,2470673,139546
8432fa3092ec839e,23040,13140291,128902,23014,13149870,128902
844b5f5776d13953,35246,25379782,138200,35184,25393666,138200
8482b5988b4d0474,94237,84364754,138682,94180,84375436,138682
8487ab10d23429de,53653,43761068,131132,53622,43771059,131132
84cdfa7b52383460,15761,5902791,137700,15690,5912232,137700
84d1bdc4f9442466,46376,36523267,137887,46312,36532739,137887
850045c95df0d4c6,50056,40179934,137144,49990,40194599,137144
852a5506cf835c5c,28368,18499582,137775,28307,18511844,137775
8559831a72fb8d80,111061,101184305,137897,111004,101195259,137897
857076a365385f41,36715,26841565,133045,36663,26853807,133045
857bc66362fe85bc,78389,68520241,137731,78330,68529865,137731
859bce992a5e9511,88889,79020882,139439,88830,79031001,139439
859f3c0b4a0ac52e,63834,53979972,137150,63764,53994589,137150
85b4997ef3aa19c0,14680,4839431,138100,14619,4849392,138100
85ccb6827efd5922,66972,57103881,138333,66907,57115971,138333
85d0bf8ae5b28b71,104629,94740801,138840,104602,94751664,138840
85d87b78e68183db,35555,25703335,137871,35496,25715369,137871
85e10794beb78f5e,43434,33558662,130939,43376,33569155,130939
85e759a5d25f0235,70107,60240270,138201,70051,60253515,138201
860640fc542b0d32,79598,69703629,116231,79618,69712116,116231
863fdd73cd254b1f,76798,66944590,61530,76789,66961724,61530
8682d0f3e53a6288,86406,76540648,139311,86344,76551056,139311
8691d4515b9ca571,28064,18203432,139090,27998,18215573,139090
8699a1e6e993ede0,110490,100599723,131891,110455,100610096,131891
86a124656dfa2fac,52122,42263536,138522,52057,42278179,138522
86b8e3ffddfed3ac,66097,56224140,138913,66041,56236340,138913
86bd06d63a5c2586,113556,103700998,139278,113481,103711072,139278
86ddebfc4dff676c,110671,100800846,139023,110611,100811151,139023
870c8f74afa85499,63208,53360184,138587,63142,53373769,138587
8735d12f9a3e205f,49025,39162431,140218,48954,39172441,140218
873a717b1b611883,63803,53940935,142713,63734,53953160,142713
877e865bbaa69f40,67060,57200725,140877,66981,57212825,140877
87948e6c329571da,65729,55863909,138778,65660,55875381,138778
879ee3eeba3d0da5,88736,78884095,139354,88673,78893703,139354
87a248c5d0471a1a,110521,100641560,142531,110482,100652789,142531
87cd4a94af401a2b,90511,80644254,138905,90447,80654640,138905
8809ff658bd10ecc,112449,102559589,130557,112417,102569798,130557
8840ac152cd6a198,95296,85401653,131385,95260,85411102,131385
884f4483e759f980,48099,38231292,137806,48035,38240996,137806
885803c0817fbe85,111809,101940930,139281,111750,101950512,139281
8883a35f68250760,39882,29978990,133701,39865,29988774,133701
8889c5cc9464729a,70945,61080504,139415,70868,61091832,139415
88a7f89dba87a753,69017,59160278,138349,68941,59171964,138349
88aaaa5dc00b3da7,117907,108040877,138379,117845,108051292,138379
88b20f9f798da9c9,16761,6883014,137611,16703,6893325,137611
88fe0b727850e71f,44358,34503091,138162,44291,34513211,138162
8911ff4709f361ae,28186,18339466,137070,28123,18354244,137070
89188867d6cecaf1,101566,91668824,131176,101545,91677752,131176
8919a84e6485aa7f,116210,106301557,130832,116192,106310889,130832
8930d7697898eac0,94559,84684326,140197,94496,84694085,140197
8933cad347d06d78,34001,24138134,128202,33930,24149709,128202
893c5559c1f5e9ac,49180,39339711,137074,49120,39350664,137074
893c664de15cfb6e,114981,105140869,138802,114926,105154365,138802
894986eed983deeb,13988,4119540,138050,13931,4130280,138050
8963893477aa5dc6,54390,44450798,96244,54399,44458120,96244
8964f6c5f6f1369f,82774,72920374,137823,82705,72929866,137823
8985eccea0363222,15644,5779786,139073,15563,5789517,139073
898639dc20918a3b,107280,97404428,139013,107220,97414374,139013
899a22eb62ae9f45,84609,74744381,138894,84542,74754035,138894
89b4ed405dcb8785,63422,53543763,139229,63366,53556391,139229
89be495951318f31,101758,91861709,131241,101726,91871549,131241
89c3021f9d61849e,25454,15599696,138087,25380,15610049,138087
89c4f8061c61139d,20576,10703524,138586,20518,10713594,138586
89d47a3487cf378b,84162,74320782,139960,84106,74330746,139960
89f398557cb46e16,65885,56023848,138439,65822,56043910,138439
8a0a78aaddbe2c88,69827,59980496,139394,69762,59993434,139394
8a106605aee6b770,76573,66699961,132466,76524,66710345,132466
8a12247bf885ae8e,46880,37019961,137989,46814,37029594,137989
8a42764357dd677e,113494,103640921,138395,113424,103651605,138395
8a6bffe617c5ad51,62282,52403578,138321,62223,52415170,138321
8a72ab3f758caf3a,26476,16603208,138342,26420,16613993,138342
8a7f446b72bb64ff,76039,66164076,139616,75980,66174549,139616
8a8cc838b364a7e1,94684,84820596,137933,94614,84830378,137933
8a9f415f633755db,97222,87339662,131291,97195,87349754,131291
8aef62511f39d203,44891,35023700,137775,44823,35034679,137775
8af64147b69bcc33,102581,92676903,136604,102568,92686500,136604
8b04822fa19b4ca1,107532,97663327,141819,107464,97672837,141819
8b1089c6bd2b9a82,30649,20802942,100561,30633,20838341,100561
8b2e9bce8329b716,47730,37838674,130546,47711,37848785,130546
8b4378f84ff7b7d1,113681,103841122,138766,113625,103856647,138766
8b468cc8c2e92d80,19700,9859728,138772,19647,9870169,138772
8b4d276baf513cb6,87346,77459582,131357,87324,77468711,131357
8b6000769ba608d4,18189,8323065,139062,18124,8332440,139062
8b636536256483c3,92867,83000577,139145,92808,83010910,139145
8babc337cbf082cb,37720,27907176,353297,37706,27944115,353337
8bbefe28d4a44dd7,82743,72884784,139415,82674,72894543,139415
8bc50bc27a8ba754,12575,2719835,139124,12506,2729871,139124
8bd2c849175b82a9,54481,44540765,130466,54471,44550356,130466
8c105a511c796483,79756,69820596,138697,79753,69830866,138697
8c320e3773592970,113401,103540743,138459,113335,103555973,138459
8c4fddaeb4c6fa01,88857,78984298,139338,88798,78993901,139338
8c8bcb3c1a2a0718,92339,82480728,137470,92276,82490655,137470
8c8e8b4a3ce86116,116841,106999952,132126,116780,107009701,132126
8cbbb6e733915a85,21715,11843086,138131,21657,11853370,138131
8cca35c2e5d1cedd,42461,32618888,132845,42401,32628233,132845
8cd4ef4e75be30c0,115359,105500859,138462,115297,105512081,138462
8ce815eaa3bba62c,114185,104288281,131541,114174,104298067,131541
8cf75a4f48ece677,27681,17820209,139999,27626,17834511,139999
8d20732af76a41ad,28933,19058488,130118,28906,19072955,130118
8d2999d113f0f37e,26992,17098441,130853,26975,17111323,130853
8d5f1e964da0db28,38376,28504031,140374,38304,28514039,140374
8d77d9caeb99ccd0,63772,53900993,130639,63706,53912132,130639
8d90221ab2b87f06,96875,87004680,140253,96813,87014661,140253
8d984aae922a84c9,109577,99720752,138391,109503,99730256,138391
8d9d7cf63a3c3e2f,26326,16479841,139543,26262,16494481,139543
8dc961b7a8d91938,41472,31603414,143610,41412,31614227,143610
8dd0fbd4c4b4eab1,47826,37938991,130659,47801,37949311,130659
8de54e8627071cca,98927,89107626,346250,98905,89138257,346290
8df1c8e43d301b4a,17934,8063154,157314,17875,8074672,157314
8e140e09c2859ad7,34956,25083592,139668,34902,25095914,139668
8e1e4bee15b4011d,84010,74160267,137956,83942,74170364,137956
8e22553dfb127009,22345,12499730,139325,22283,12509800,139325
8e47c23c4b7c11a4,99214,89319683,132230,99191,89329155,132230
8e48a0530dcc61d3,29738,19862994,138419,29679,19874806,138419
8e851c10578c135e,110201,100327394,130650,110180,100337929,130650
8e98fb4e81e98b4e,11942,2098246,130779,11879,2108811,130779
8eb0a7a1062ce0e1,100849,90984551,138509,100784,90995488,138509
8eb9e04174e1c921,75755,65903996,138499,75692,65913636,138499
8ec5cfa7c2a1e5f9,108831,98980911,137787,108761,98990933,137787
8ecdfcb27884a38c,97254,87361858,131461,97225,87372128,131461
8ed2b286ff4f6f4e,11828,1960267,129521,11748,1970001,129521
8f026012f6ebc2f6,78084,68221310,130986,78016,68231181,130986
8f33fcec61a0a14b,102232,92392517,140951,102175,92402417,140951
8f4060417f182c1e,117780,107903472,142581,117721,107914019,142581
8f54840b340f8cc3,16858,6982973,138634,16799,6993751,138634
8f67d778f7c95918,77517,67663636,138812,77453,67674106,138812
8f6c87f66f4eefaf,116518,106640821,138412,116463,106650661,138412
8f77b2e2a56fb591,101533,91646621,132703,101512,91656081,132703
8f7edd0697d442e1,50730,40863105,136959,50665,40872342,136959
8f8d08e33695b73f,116576,106699686,131116,116510,106708767,131116
8facafef9786bc2b,59477,49604180,140012,59432,49621696,140012
8fb927a5a6090cda,18435,8583212,138022,18372,8592969,138022
8fbb244b4b53f88d,26896,16998650,132146,26884,17010668,132146
8fc1cb7ebfabb389,114943,105100967,139291,114885,105115992,139291
8fdcbb2ad081f5eb,35810,25963236,99726,35797,25993815,99726
8fe2ec40884e7423,119581,109741132,138797,119525,109756452,138797
8fe3eeb522d02cb3,43780,33876180,116480,43756,33885085,116480
8fe9e4a84bde6c44,20952,11066914,129781,20923,11077081,129781
8ff157aca9c9e393,93680,83804416,138926,93620,83814503,138926
8ffcda937ce63361,87809,77940566,138670,87736,77950706,138670
9008f9495051a412,55429,45558758,130372,55367,45568790,130372
901fdfd89f4079d9,39213,29359097,133026,39142,29369004,133026
903a0fd8ba1aba71,101850,91959729,131555,101808,91970809,131555
904e573b36eb3e83,34867,25019785,138141,34813,25031119,138141
9066fe480d15b76e,115390,105524333,139300,115326,105534392,139300
9074951a37a67edf,54868,45003487,138483,54790,45013384,138483
9095d6a39ffd90dd,13418,3520116,128916,13379,3529910,128916
90a33f93ac993639,26928,17020740,130835,26915,17031219,130835
90b2c3488728fd1c,112386,102499499,130621,112361,102509299,130621
90d20dabb660d99d,12357,2483063,138647,12300,2493333,138647
90d2567eeb70fec5,29090,19219501,137573,29050,19233243,137573
9106ce54330d3106,58281,48440626,138794,58221,48450697,138794
913ae1bffe4b1eb7,27498,17642979,138769,27436,17654684,138769
91406219d4aa4520,75096,65232197,140055,75036,65243469,140055
914c087b150ddf01,62217,52344270,140597,62159,52356662,140597
91771868cfbe8db5,66541,56641171,130987,66527,56651596,130987
9192c4a4268e7a2f,80667,70799326,131678,80605,70808634,131678
91d2fc9fb9a91274,97560,87684240,138640,97495,87698786,138640
91d633799d6ae2ed,24400,14559810,137537,24340,14570305,137537
91e06aa75bf7101f,13449,3558620,130041,13406,3568935,130041
91fd70bfabdf5f30,69076,59223715,137862,69016,59241586,137862
9205bfa5f6a11989,99246,89359804,132478,99221,89369876,132478
9206253c5fa2372b,116367,106481683,141772,116336,106491587,141772
921d0bededc8be08,110299,100401619,131242,110276,100411795,131242
9227f1014d3b83d9,79957,70043781,137977,79894,70054145,137977
92699c4de95ed5eb,111939,102064357,138904,111880,102075461,138904
9274a1ad74f130e1,105318,95444005,138380,105257,95453660,138380
9274e0fa51c88a45,33483,23588071,131100,33478,23600557,131100
9275b934eb7e4533,35956,26058352,129780,35941,26070023,129780
927623cac1306c24,86896,77024215,140103,86837,77033777,140103
928a96f2c1236885,33160,23283111,138335,33104,23295095,138335
92a0b0125229ce42,94866,85020911,139635,94803,85031360,139635
92b9ce4f2c26576a,82493,72624018,139690,82431,72633807,139690
92c8f34494aa4954,119207,109339730,131263,119146,109349729,131263
92da348f1b14a36d,99119,89220530,131856,99100,89229898,131856
931e4ac1a4912804,116693,106821401,129628,116603,106830297,129628
9326c19a601add42,32169,22320110,138735,32102,22333750,138735
9342c8285857c4c8,100881,91020768,139356,100814,91032286,139356
9382239ddbd0dee7,70617,60721456,132218,70593,60731908,132218
938f95b825759409,82235,72363423,141969,82175,72373424,141969
93a0833c7c7d3338,118793,108943520,130750,118733,108952603,130750
93c91123de95bc9d,57782,47903597,137872,57732,47914297,137872
93dfa417102eb49d,13714,3864209,137503,13644,3874581,137503
93e8611ea8e86c1b,87026,77164212,160087,86967,77175197,160087
940416fcd5aa6b8b,40421,30558829,131755,40339,30568658,131755
94165e008554ea47,38994,29123893,138398,38933,29134281,138398
942926ab0e1ebe4a,88801,78960723,138450,88740,78970473,138450
94302c7b6248d01d,96747,86880676,139461,96688,86890798,139461
943d1dbda8c8de0c,61722,51860143,138071,61662,51873413,138071
944707f8729033c1,15221,5320366,130632,15204,5330107,130632
947134b027ff7d45,23736,13862895,137746,23678,13872797,137746
949870f9a3948bca,37917,28018808,132418,37910,28028346,132418
94acdaab2547763a,82398,72523736,137417,82338,72538576,137417
94da6e1ec5b992bd,112777,102921152,140024,112707,102931238,140024
94fabf03790220a9,74882,65024304,138753,74814,65034616,138753
950d2adb7329516d,60612,50725881,132569,60622,50757711,132569
955ba9dd7d6b44fc,74083,64220562,138400,74023,64231034,138400
95641ab154714d59,116928,107059605,130372,116868,107069504,130372
95679035bd16d9a3,18842,8979452,137492,18782,8989430,137492
9574013bacaf5d14,56130,46283485,100216,56115,46301984,100216
95740dd8ea1613e0,77580,67740459,138962,77521,67751304,138962
957bdff6f88a35c1,78763,68889751,129564,78734,68899171,129564
957ca0387a679147,74485,64610728,131471,74447,64619775,131471
95b01f1f8a7d55f5,76959,67054679,95338,76943,67062291,95338
95b2142b60ab7cff,76320,66421274,131671,76289,66431115,131671
95d029b9fdeac978,54568,44642892,142387,54534,44653668,142387
95e93991baf47dc7,62978,53100317,139196,62930,53113877,139196
95f35e36ef2d008e,11912,2058970,130484,11839,2069161,130484
95fe14b36174755d,70010,60140417,139252,69954,60154414,139252
960e154592981a85,76895,67006426,96019,76884,67013956,96019
96125bc16b1e14da,16969,7122549,102026,16952,7142256,102026
962e443b677e2bf1,98766,88900683,138684,98708,88915393,138684
964d7e5c87f3d75a,19278,9399963,139804,19237,9410242,139804
964dd623d59eeef7,97125,87239238,130182,97101,87249180,130182
965efdd906e34c01,97922,88044251,139424,97864,88055007,139424
9685464aec0aeb56,49939,40043154,138207,49895,40052624,138207
968ff56ece54628c,78893,69004058,138443,78862,69013796,138443
9699384a037d7ccb,74911,65060325,138822,74843,65070905,138822
96b09414d05b2c7a,91233,81347708,129841,91214,81357272,129841
96bbae0c6701b84a,31899,21980315,129609,31859,21991714,129609
96cb45f3285deba2,68689,58798952,130424,68663,58809535,130424
96ffae318bd5f978,15189,5298332,129917,15173,5308671,129917
97119b7301418fe0,87661,77779156,130525,87614,77788236,130525
9719e46b9c1472a3,32255,22403425,139633,32195,22414497,139633
9730fa289b1827f0,107625,97764083,138730,107554,97773822,138730
97389b1ce42b1d23,83617,73739333,131707,83580,73748971,131707
973de995b50c50e2,106998,97144396,139455,106931,97154440,139455
974a9efb22d07b87,54540,44618839,130500,54515,44628580,130500
97512bf6e953502d,85322,75444904,114904,85293,75453402,114904
97854e8e520921e7,47004,37146256,138076,46937,37155756,138076
979f69dfcb0bef9e,54814,44940263,138497,54720,44949789,138497
97d6597e01b67600,27116,17220927,132263,27085,17232584,132263
97e26df5004e7c1c,86929,77060748,139167,86870,77070537,139167
97ee864fb2d5fd26,85909,76044014,139018,85828,76054623,139018
97f9f6bfd10cde2d,48710,38843705,138340,48651,38853661,138340
9807481c7c9dde15,84887,75040400,138017,84821,75049741,138017
981c2aa5c0f7cf32,73080,63240129,137956,73020,63250236,137956
982cde10ce3e42ab,17485,7602870,138353,17424,7613852,138353
98337a625b843772,95662,85800766,138136,95583,85810833,138136
9835b95e8697264a,116112,106226265,132547,116097,106237110,132547
98411e5d88a9afd7,99431,89590711,138510,99383,89600917,138510
984295c67199d8b6,115789,105921443,141382,115729,105931399,141382
985bb014e0060b48,58466,48600370,140002,58407,48611029,140002
985d9ebb0c5c0d24,90157,80287508,158585,90099,80299492,158585
986a148c9e147365,71755,61900449,139008,71688,61913115,139008
9874a21d74dddd12,10497,665685,342699,10462,695213,342739
98807a8fd0876dee,81857,71979046,130607,81801,71988983,130607
988099550b628ee9,95841,86000707,138959,95781,86011294,138959
98950c395e51ff4d,113179,103304450,138077,113120,103314420,138077
9897b69f39ab07ad,78582,68720698,139121,78521,68730675,139121
98c023d52d3918ae,46496,36623461,140542,46437,36633775,140542
98d467d4e61340da,71878,62024265,140252,71818,62036586,140252
98da37c4e2326fea,26670,16800373,140186,26612,16811984,140186
98f2a8aba24af613,52843,42983978,139777,52786,42995634,139777
991db65ccbbba204,106678,96784486,138938,106637,96794344,138938
991f57955bf9520f,70042,60164128,140610,69986,60176010,140610
99248aa3344bd6c0,11856,1998209,130576,11778,2009071,130576
9940cf64a34bff7d,18958,9084491,131456,18930,9094384,131456
99770f987f0ab721,52904,43043592,139119,52846,43054090,139119
997956c50f973268,28401,18523133,139520,28339,18535084,139520
99869b66876c6157,40855,30983920,140395,40798,30994154,140395
9994fdf3678202a3,39275,29419134,134064,39200,29428836,134064
999e43fd5f3548eb,62796,52898870,131499,62778,52910744,131499
99a30b39d25d58ef,43970,34083884,138692,43933,34094672,138692
99a5b3c43f1b9dc5,96907,87040566,138438,96844,87051161,138438
99b0000ffe0a01b7,56925,46998867,131172,56903,47008332,131172
99b701b0c5dd64a8,25700,15859669,138138,25642,15873245,138138
99d87c71e7602693,103774,93919473,131148,103704,93929691,131148
9a0f9f159497e353,30860,20978334,130506,30840,20990766,130506
9a2283b4e200c280,84577,74720919,139950,84512,74730915,139950
9a45455f7717c8eb,89190,79344050,102950,89170,79362257,102950
9a800b856ff3bb0b,76716,66869760,103314,76707,66891042,103314
9a8469bdcbd0817f,40071,30161085,132153,40039,30174457,132153
9a84f48b86a7b152,89855,80000555,138696,89781,80010704,138696
9a8ea4ab687ad362,14308,4442962,137072,14244,4452730,137072
9abf0faa0814ea2e,21449,11583613,139472,21377,11593489,139472
9abf2019d55c9dd1,93398,83544034,139033,93360,83554076,139033
9ae8dce657ea13ab,113339,103481240,138968,113276,103492188,138968
9b0e0e2314d0c6f4,12197,2323433,138781,12142,2333927,138781
9b42a1b6535c126e,43401,33522460,141139,43344,33533181,141139
9b50416fe9329a11,61311,51460776,137432,61241,51472487,137432
9b8da0da83b254ef,95721,85864273,137897,95653,85874601,137897
9b94e857d15b8fa2,102550,92646360,141156,102539,92657258,141156
9bb46dda5499735d,34059,24201060,129587,33994,24213626,129587
9bb66ea527188ca6,48186,38320237,138675,48105,38330255,138675
9bbef27fedcced23,27024,17120588,131195,27004,17131735,131195
9bf8de7d0630d000,97379,87500455,138040,97340,87510915,138040
9c23b24e0a72b98f,111875,102012312,138860,111816,102022574,138860
9c3cad1c28e0965d,92401,82540770,139566,92335,82550775,139566
9c82a81b40dd1f0d,98895,89024004,138589,98835,89034633,138589
9c99d3749f89cf09,114853,105004749,139493,114794,105014701,139493
9cb3553662ff1fab,101940,92059195,129836,101884,92085777,129836
9cb7e83535369927,66508,56619116,131548,66495,56633248,131548
9cc1a39f428c196b,23898,14020139,131779,23839,14029544,131779
9cd3598c49da7f8f,90573,80720896,139133,90507,80736439,139133
9cd86aa0f8685496,40596,30723609,138705,40543,30733279,138705
9cf2cc4cdc8a4862,100912,91044128,138043,100844,91055099,138043
9d29f2eed56086ff,115821,105944672,137979,115761,105954571,137979
9d2b220d36e5dec7,86716,76864405,139349,86652,76874645,139349
9d396ec36467fffd,93933,84063822,138765,93857,84074162,138765
9d561f4fdffd58a6,45483,35619801,137317,45423,35630238,137317
9d6e338ac8cd359d,23962,14098278,129562,23902,14108243,129562
9d7df2af16f9a313,118982,109120745,138521,118925,109130789,138521
9d8541de626ddfca,118436,108559891,132231,118381,108569617,132231
9da64d8619bfc051,60044,50199067,131007,59982,50214281,131007
9db94b0138ca9410,104954,95101158,139799,104882,95112483,139799
9dbd1c2a19019d0b,104374,94485536,117335,104364,94494768,117335
9dc78d687f109985,12452,2583009,138234,12391,2593681,138234
9dd998f1777b32ed,48743,38880198,139852,48683,38890418,139852
9de13704cf2f556c,103301,93423099,140542,103239,93433990,140542
9deb4544e4f9f8b5,115134,105264659,140326,115078,105275025,140326
9df12223059e7946,82620,72760516,138940,82553,72775196,138940
9e45c1f417a762f6,44475,34602515,131620,44417,34611719,131620
9e541272895db7d0,79084,69200831,139883,79041,69211515,139883
9e58290edae95ef6,83211,73340944,139072,83151,73350775,139072
9e5aeb21dc25c950,104112,94243439,131038,104051,94253104,131038
9e8b4d1594227339,68720,58839289,131204,68689,58852599,131204
9eae6a4011a92168,17367,7479561,138354,17326,7490134,138354
9ebef8d94e05d08f,42560,32718972,133334,42501,32728273,133334
9ec68bb5dceae9fc,101911,92022733,131222,101859,92035111,131222
9edaef0b97f0d598,94837,84992245,138733,94773,85002629,138733
9eeb7cd7d6b318fe,73426,63560358,137646,73364,63570362,137646
9ef1c98c293be45c,58217,48363484,137593,58152,48373490,137593
9f0d779b69ab9a0f,113617,103764577,139680,113553,103774194,139680
9f20ef3e01266a05,12977,3103115,139381,12919,3113685,139381
9f234baf242c913e,22006,12140005,140450,21944,12150670,140450
9f2769e753f37475,57941,48080513,139148,57886,48091349,139148
9f299602ada1668a,31786,21859576,137503,31780,21874056,137503
9f29e458259955a7,11347,1424126,132695,11362,1434036,132695
9f2ebcbac051c975,33418,23543782,130259,33414,23561206,130259
9f3722734f86fcf3,101066,91220685,137980,101000,91230322,137980
9f4485afcc75c6c6,98051,88180641,138539,97991,88190688,138539
9f45aff5135ec624,26508,16639740,138546,26452,16650630,138546
9f4f8ca266bd1135,53246,43379986,138176,53182,43390649,138176
9f5612c01e96d947,13261,3359832,129403,13235,3369394,129403
9f6511c8cb209389,52368,42500338,140371,52310,42510925,140371
9f7e109eaae6b7c0,95168,85279407,131126,95136,85288676,131126
9f8b678ef2dc6486,53748,43863433,138629,53710,43873943,138629
9f9715cb10bedf7b,50086,40219941,137924,50013,40234969,137924
9f98902908fdecd0,63955,54104193,140133,63897,54116951,140133
9f9bfb27036d8d73,67773,57920108,137180,67707,57931735,137180
9fa9a5a6a2ebc254,33914,24070593,129787,33862,24084729,129787
9fc938169000713c,34462,24599721,138005,34406,24612471,138005
9fd08755ff625635,59324,49480209,138688,59262,49493619,138688
9ffb585a2ec523e0,84826,74979165,130834,84758,74988218,130834
a023e8f4ed7168d0,60645,50748024,131330,60655,50759978,131330
a03e9c35a57b0ec8,38930,29060493,141188,38871,29071159,141188
a061c3bd809c4b33,72449,62540850,131022,72432,62550831,131022
a063d5532b85a0a5,50915,41060310,139525,50841,41070693,139525
a07993c1039eb1ee,54294,44398447,97664,54314,44406403,97664
a0818650a75de224,75129,65260629,139891,75069,65272006,139891
a085890e8fc0350a,26172,16319952,138300,26108,16333408,138300
a0c072201c040999,14021,4146082,157214,13964,4158774,157214
a0ce97b2fb3f649e,100262,90400779,139080,100181,90411433,139080
a0cf322728c25f51,71785,61923779,137894,71719,61936136,137894
a0d6d4db9cff533d,104599,94701349,141709,104575,94711953,141709
a0df15ee65c08352,27811,17939698,138178,27755,17951482,138178
a0eed197cac09f20,74672,64798981,130701,74618,64807914,130701
a113b9a5281b7bf8,100183,90300884,138986,100081,90311050,138986
a1264fbc1a7314be,86117,76244441,139569,86059,76258832,139569
a139022fb018f418,84418,74543991,138762,84359,74554399,138762
a166ff0c3dafd113,29303,19440081,139604,29234,19451652,139604
a16b79136d79efd1,114153,104266034,133210,114143,104276243,133210
a17e8bdd4e1bcf4e,79985,70080392,138219,79913,70090468,138219
a1c1d083d2860d35,80635,70759782,115117,80574,70767830,115117
a1dc1b05ff429f02,49462,39647326,349467,49444,39677114,349507
a1dd0614b33a2a5a,60836,50939212,131732,60829,50950395,131732
a1dde14d52b59f7c,51881,42003160,137750,51832,42013200,137750
a1f435da9c46ef00,57846,47980357,139749,57794,47990932,139749
a20da1fff1f1e994,40822,30960232,140454,40766,30970639,140454
a2291518eb055c5c,47440,37580090,137977,47376,37590165,137977
a23126cf7a3f05ae,15253,5358032,129157,15233,5367785,129157
a237ac8fe6c3060f,119047,109181314,140872,118989,109191507,140872
a23f809748cf391d,61560,51700410,138828,61504,51712287,138828
a2808caa65c650e9,27055,17158607,131339,27031,17169888,131339
a28ca5a968dfee7d,85641,75759096,130692,85597,75768438,130692
a2a6ad6cbf239f80,40040,30138765,132331,40012,30152630,132331
a2b848a1ccecda29,65538,55663958,139879,65479,55676102,139879
a2f4e5f69bb6eaa2,40132,30238638,130367,40091,30248153,130367
a30cf6ae3bc31cdc,18909,9062245,100946,18881,9081546,100946
a32b5f5be2602a52,60677,50779241,131949,60685,50789758,131949
a33428e8d5926982,10368,499448,138175,10310,510331,138175
a3424fc2947f8518,102852,92979745,131792,102795,92989547,131792
a345b6dd52b0f63d,87091,77219882,132041,87031,77228921,132041
a35c02cddc2fb56e,68243,58380312,138497,68185,58396504,138497
a3632d040e670ed0,35647,25799686,137219,35587,25810640,137219
a371f93c773c75b6,39244,29381573,132996,39171,29390953,132996
a3729665b58b6e8d,66854,56980678,141198,66810,56994984,141198
a3906ef42a3f158f,24968,15078042,128990,24945,15087471,128990
a39dd205fb3d6a12,55920,46041034,131221,55860,46050975,131221
a3b1e0b85a2c7c50,72786,62903610,137871,72726,62913114,137871
a3c1391bfe143724,29520,19680096,139091,29464,19693793,139091
a3c439b3f73ee76d,70075,60200411,138679,70019,60212198,138679
a3c77f14f7a4bfd1,45419,35560215,137914,45360,35571099,137914
a3c9110e6f0ea022,25218,15338398,131153,25172,15348382,131153
a3cd73a21fd8853d,56766,46873905,116071,56756,46882208,116071
a3e31ea0128eb090,52935,43080707,139783,52877,43091233,139783
a3f0047c14551f00,54511,44579548,130357,54493,44589591,130357
a41d72c9528bdb74,96123,86260733,139050,96063,86271156,139050
a41dc61f6cdc9a3b,12815,2943175,137643,12758,2955810,137643
a4351dde48f5385b,87691,77801165,130549,87639,77812717,130549
a44fa564d3d4f0ed,20456,10603100,139260,20392,10612977,139260
a45274ecfeced5bf,110552,100665008,138783,110509,100675788,138783
a46c06f3d65a46ba,64577,54699168,130805,64573,54711463,130805
a4aacd7db1a40611,73201,63340739,139406,73143,63351697,139406
a4b31e0f07ea52b5,70770,60883805,139044,70725,60895011,139044
a4b43141eb51ec28,95962,86100912,138476,95904,86111390,138476
a4e95f76f1a3e09e,94961,85120875,139774,94900,85130581,139774
a4ee51dbeef08c15,75386,65518992,130821,75319,65529693,130821
a514b31fa645b9ae,25064,15178496,130111,25035,15188077,130111
a51ba9cd12ec6d0f,70887,61020278,138949,70820,61034458,138949
a52ce709457fe759,33611,23718314,130220,33600,23734829,130220
a55fc24ae550f9a1,23167,13278091,129295,23131,13287641,129295
a5619f2880a543cf,112689,102820701,137710,112620,102834757,137710
a5664bd362ec7af8,93711,83840713,139550,93648,83850577,139550
a56e6410772dc4fd,28593,18723403,138405,28527,18734355,138405
a56fdcdfb10acdab,80258,70403931,138206,80192,70414568,138206
a576296384141015,51323,41459118,131697,51263,41469492,131697
a5842a25a405aaaa,19670,9823275,138045,19617,9837871,138045
a58c6975353c3cac,101969,92099814,131360,101908,92115450,131360
a59ac802448c0c48,106199,96388185,355081,106184,96417760,355121
a59ca032699cfc22,22911,13024343,131338,22889,13033568,131338
a5cf96dc6bd32121,25982,16120200,141080,25925,16135435,141080
a5d2c93be3c17bd6,67804,57960298,138021,67740,57972003,138021
a5e65f332cd887b5,48901,39039922,138017,48836,39049992,138017
a60df73cb4f0701a,47633,37746128,131071,47617,37756948,131071
a61400dc53edc03f,64674,54780791,130446,64665,54791338,130446
a61d24471efd4347,102518,92622468,130616,102510,92632178,130616
a62aacdfd9e39ac1,11583,1679893,139331,11542,1694946,139331
a66637602d282c01,42400,32559286,133061,42339,32569551,133061
a69667e6eb49735d,51193,41319934,137665,51135,41334633,137665
a6b57d51538c5ea6,35463,25603423,139539,35397,25615365,139539
a6d250e47ea40ada,75634,65778925,130109,75562,65789166,130109
a6d5f09b6219adc9,114249,104359818,130878,114237,104370263,130878
a6d99d95a5e63c95,14647,4799668,139146,14583,4809834,139146
a6e52b4ccdbae6cc,63300,53460847,140279,63241,53473302,140279
a6eb92e9adc8eb78,45136,35283333,137475,45074,35294713,137475
a6f31b6f0a3266fb,21660,11819790,137643,21600,11830287,137643
a6f459fb3acd7b6a,96219,86361138,141438,96156,86371984,141438
a6f8f50134cc2089,54953,45103645,138134,54891,45113701,138134
a70a15523c3bb4ab,113898,104024294,138723,113845,104034178,138723
a7167dd2817d51f3,91842,81984421,138935,91773,81994895,138935
a72aa32df1432396,92114,82251995,137575,92056,82262759,137575
a7374e020176d173,113463,103601224,139707,113394,103616349,139707
a73d4981c220f88e,36446,26583438,137989,36368,26595219,137989
a742fcdb3926d47d,60773,50878820,130572,60774,50892350,130572
a74b6b98a2e62db8,98395,88541039,140600,98325,88552129,140600
a7693db7f526cb21,89884,80023830,138143,89811,80033885,138143
a7891e8786c208fe,117057,107184375,139774,116997,107194522,139774
a79deeab587480e1,70139,60263614,138529,70082,60274948,138529
a7a60982de8190fa,79206,69339459,131486,79149,69350069,131486
a7cde730900452a4,61754,51883530,138752,61693,51894357,138752
a7ef6746fb2f032b,92369,82504144,138560,92305,82514612,138560
a7fea6c08aed8446,103365,93500915,139168,103302,93511323,139168
a7feb9e7c25d9b7e,33736,23840937,129700,33712,23853625,129700
a80d02862d0275c1,19580,9722952,137495,19512,9733024,137495
a82409905fbdf2f4,66226,56359004,131420,66170,56371050,131420
a8b42d744750b4c3,86061,76220874,139035,86001,76230940,139035
a8bfcc533cbf59f9,14525,4679848,138872,14460,4689817,138872
a8dbd61c6accee0a,58003,48139010,131903,57944,48149009,131903
a8df6a4fe6d99796,74325,64439400,131744,74292,64449204,131744
a8ec12feac847b14,32977,23123364,138614,32917,23135280,138614
a8f098b4eaee52b4,66443,56566861,116435,66431,56593346,116435
a8f0f2cdb3d88183,108155,98328444,355271,108123,98356948,355311
a90ce48a62c3cf23,71567,61700529,138424,71501,61711758,138424
a920408f30dd88f3,49878,39991375,137721,49843,40000970,137721
a92227b58185b7d8,105975,96101000,140223,105916,96110704,140223
a95b059fb3ae7043,24151,14299825,137482,24083,14310261,137482
a978e7a359e2421b,70648,60759102,131493,70620,60771837,131493
a97fa668dd163776,10187,339419,138367,10119,349983,138367
a990608f784f31d4,69419,59543929,138506,69372,59555963,138506
a99e6741b9ee3d84,109887,100020894,138717,109828,100030707,138717
a9b01b81144d2241,53557,43660761,130768,53529,43670744,130768
a9b83e67da59cd22,103462,93601210,139839,103396,93611934,139839
a9cb73207d944006,36909,27040218,140131,36855,27052316,140131
a9dbe40fc7c3dac9,96649,86780766,139286,96591,86791156,139286
aa066528a751079b,73706,63860314,138409,73640,63870682,138409
aa1d65b146c9a818,117090,107220986,138242,117029,107231066,138242
aa1e72777cdf648f,107312,97440834,138326,107252,97450908,138326
aa2b3a5f3dbb502f,104660,94764198,138214,104629,94774527,138214
aa48295a8017082c,95103,85229312,130998,95072,85239448,130998
aa5cb85d5260726f,103398,93524287,138451,103334,93534427,138451
aa69a488af2e30fc,57493,47642913,142074,57430,47653737,142074
aaf87cf3aa6b9d6f,115545,105680662,115086,115479,105693230,115086
ab071d4006a745c4,66794,56900936,130991,66759,56912339,130991
ab1c4fb30eef4305,118154,108271303,130794,118122,108281600,130794
ab580badca9da988,21877,12008864,154536,21818,12020223,154536
ab7c9c45a706bca3,119488,109641104,139825,119421,109651619,139825
aba5484db86c7033,11251,1356699,130056,11275,1366542,130056
abb6df0515075d18,45958,36079247,132883,45932,36089379,132883
abbc089eac5d1190,39057,29200625,141232,38994,29211049,141232
abc0dbb13a4f18a2,13010,3187477,348650,12982,3215684,348690
abc9c27f0ef21a23,31110,21238079,128522,31065,21251379,128522
abea28c9516ed8b5,102057,92183009,141082,101980,92194912,141082
abf04ef40601b637,10750,879849,129511,10717,892135,129511
ac0e616f278dc382,95422,85540758,139459,95376,85551137,139459
ac17bc6bfcd4f22a,28804,18918599,131142,28781,18928842,131142
ac28e83d5767fa75,40009,30101435,132027,39983,30111671,132027
ac29d8ec27f91bff,48995,39138696,130581,48925,39148658,130581
ac4ffc1c2380738a,61282,51423169,136857,61212,51434915,136857
ac5400796969df77,91697,81821001,139411,91629,81831165,139411
ac7dbef502619072,22162,12299607,137833,22093,12309573,137833
ac7f1d7d41927e23,71909,62060576,138987,71849,62073507,138987
ac854bb5f64f9973,103494,93624573,138095,103427,93634894,138095
acb9b04fd942965e,30892,21000183,129598,30871,21011358,129598
acc35706ed87c329,45896,36001026,131979,45878,36011156,131979
acc6da2da1be8300,10156,299631,138460,10080,309845,138460
accc0118346aeb3d,51629,41740055,129235,51597,41749442,129235
acce97b349273ee5,75542,65679092,130685,75465,65693108,130685
acd056f99d3370a1,51258,41384929,146626,51199,41395626,146626
ad1dbc0bd2bc5eec,87281,77404788,114730,87260,77412957,114730
ad2326ebfd7aaa9a,23104,13218342,130240,23075,13228038,130240
ad2c9f1502806ace,93058,83226755,344959,93022,83255092,344999
ad32b7e1516ee08f,34119,24260540,130822,34054,24271708,130822
ad4531ee5a825611,49117,39262103,130918,49053,39271962,130918
ad65af228205f441,67712,57860404,139259,67642,57874429,139259
ad7a1f4f0b6bc1ee,55333,45462286,130427,55274,45472932,130427
ada5d3172d17b1ae,20240,10379380,136786,20169,10389269,136786
ada67f8faed91d20,24681,14819842,137923,24621,14830027,137923
adb04ba0c728ec3a,48806,38943443,157577,48745,38953916,157577
adb5aacef05cc38d,20706,10839474,137586,20646,10849924,137586
adc7ad1e697230bb,82525,72660377,137932,82462,72671670,137932
adeac5c49d4721af,61626,51760293,139191,61569,51774731,139191
adf9520cfc61e127,61164,51300183,138045,61084,51311240,138045
ae06335b4542d145,74018,64144034,139518,73959,64153724,139518
ae3b01a22824ebc5,47920,38022425,139305,47885,38032533,139305
ae3f93371dcfe7a2,80539,70674466,139806,80480,70684076,139806
ae5da93253deb3eb,57016,47095845,132808,56980,47106121,132808
ae6a193449ffca05,32854,22999880,138444,32787,23016181,138444
ae7c999afcd75a12,16137,6263055,137918,16075,6273248,137918
ae7e4fbc1e78d067,80092,70220858,139386,80001,70231194,139386
ae863c3860d55c18,110878,101024322,138100,110811,101034835,138100
ae95b9f97c7db761,81944,72081156,141225,81871,72091614,141225
aea6208cc58ada25,89559,79661553,131102,89521,79670741,131102
aeac9c0dabadea29,13744,3887870,139398,13676,3897881,139398
aeb315c2667bbade,110941,101101161,138808,110882,101112698,138808
aeca62c8bb9c26e6,118218,108321731,131329,118183,108331726,131329
aecad0ddc17a0d83,104342,94465589,114567,104333,94475101,114567
aede52eadbd70571,27560,17719791,139018,27501,17733379,139018
af1bc20cfb671f65,86993,77124242,137674,86935,77133613,137674
af2c0eff0ac90a5c,46561,36703864,159414,46502,36715274,159414
af5e027b4a218455,66573,56679075,131366,66557,56689527,131366
af6a445c5b944d55,95810,85960936,140012,95742,85970880,140012
af70c8cda117c7ca,25424,15559765,138604,25343,15570140,138604
af8dbe38aa75f8ee,43246,33399956,138175,43185,33410043,138175
afad5bbde906c7a9,61252,51400075,138125,61183,51412787,138125
afb384ec7f3c6423,59542,49667472,161282,59497,49687777,161282
afbb54cfec3ad2db,63986,54140190,138332,63928,54154060,138332
afdf21adb9d110fe,22658,12800082,139580,22599,12811074,139580
afe7a21547b372d6,28625,18759718,138749,28557,18771515,138749
b00ab57666bd379f,79534,69664198,116427,79557,69672912,116427
b00f341f5c0cbb5b,114647,104779871,132563,114580,104789482,132563
b01a0aa6e80b4ad5,75725,65880551,139213,75660,65890750,139213
b01b674b07eaf7c3,33515,23618705,132000,33509,23638517,132000
b020a33067bb3102,30389,20519774,138312,30333,20530695,138312
b06021fd3d5f717d,100375,90524268,139001,100313,90534400,139001
b070d65e5d19d5c1,27237,17358408,130651,27185,17373905,130651
b0b59c7cd2bd405b,92463,82601521,138736,92394,82611035,138736
b0b5a42db584fa0e,92835,82960704,138492,92776,82970282,138492
b0b5b6e28b5c123c,75481,65619249,131632,75408,65634052,131632
b0c9a4fe67c80ebd,31633,21715868,129540,31656,21730618,129540
b0d19a7bddf76a6f,15731,5879477,137577,15660,5889456,137577
b0d4c4ebfd3fd49c,98115,88244574,138715,98053,88254051,138715
b0e3da4b01b1968a,77991,68121498,131845,77927,68131861,131845
b1072f85e408ad1b,22944,13058301,129462,22922,13067925,129462
b13014efe853cb47,28837,18958435,130325,28813,18970539,130325
b1327d25d653c2a4,46594,36726668,135138,46534,36735852,135138
b1364ad648147e63,99461,89679201,347048,99483,89718748,347088
b147cdc517f30e6e,51758,41878513,129669,51719,41892752,129669
b14db1ed82dc07aa,97317,87423119,141124,97284,87433692,141124
b154d75f576c5ba6,110078,100224220,158051,110014,100235598,158051
b15a1fded5650b79,112067,102247972,348905,112045,102278417,348945
b1644190be16f596,78989,69104464,139264,78954,69115236,139264
b17ccf8e3db1c0ba,65761,55900518,139931,65690,55916360,139931
b1887571d671ecd4,95360,85479582,131129,95320,85489201,131129
b1970d0a75796497,26046,16179939,139202,25987,16191603,139202
b1b69313fafc1109,61341,51500376,139212,61285,51516934,139212
b1bd539a4ced4408,68401,58528089,131270,68390,58545405,131270
b1fd79b46c2f8643,105285,95420582,137675,105225,95431072,137675
b200f41ae7c43353,83392,73506513,131917,83364,73515718,131917
b20c269f192018ec,79021,69140432,138419,78983,69150839,138419
b21eb5654a7208c6,111657,101804166,137411,111595,101813555,137411
b23d656db5fcdfeb,76602,66722080,131098,76550,66731636,131098
b24d7c578346fefa,116809,106961151,139138,116741,106970751,139138
b25665b213f4e54f,32947,23099982,138753,32883,23115495,138753
b2763a15600f3d8f,97708,87860614,138592,97641,87871384,138592
b282c26b4b1406a7,30421,20559909,138506,30365,20575911,138506
b29743efb4816b4a,37656,27783427,139537,37600,27795172,139537
b297b87f31fa632c,38347,28480252,140662,38281,28490496,140662
b2b35d8bf5ee6fd4,105725,95880863,139067,105661,95890934,139067
b2bc2f9467bb0bc3,58187,48340243,139349,58121,48350805,139349
b2bce39b85251c4a,25157,15260372,130507,25120,15270101,130507
b2bfc8ce85aacf6b,32226,22379873,139051,32162,22394120,139051
b2c77e477f4034b3,97590,87720643,138087,97520,87730883,138087
b2ee18f9fdbaadb2,62889,53000193,138744,62857,53015926,138744
b2f15bb9ec89bd0f,119549,109701152,140019,119485,109712406,140019
b3496a486f692437,18313,8459407,137535,18240,8469405,137535
b3506c01be5a91f8,111842,101980886,138665,111783,101991077,138665
b3992c93683f09d7,67002,57140207,138616,66931,57154645,138616
b3a4a286c63ae45b,22561,12699537,137752,22502,12709602,137752
b3b0a4a541c2a018,28689,18842957,104407,28666,18873762,104407
b3c75113d2b21d7b,98271,88404393,139109,98203,88414707,139109
b3db7b1cd9fe64a7,55738,45883973,140429,55673,45894100,140429
b405d38583d0aeaa,47949,38059928,137569,47911,38070594,137569
b41b531d88d9d69b,13388,3498312,130260,13352,3508197,130260
b4364ac899b1f05f,51693,41819081,130935,51659,41833580,130935
b442bc1aed666721,96406,86544154,139344,96333,86554479,139344
b44b6723234e0c40,42873,33003325,138340,42805,33014264,138340
b452a859dd7199a1,47505,37687262,350174,47484,37717619,350214
b462a5a375a396d2,94147,84300729,138459,94084,84310777,138459
b48601481a505823,110702,100841006,138288,110636,100851152,138288
b495d0bd289eda7b,24520,14643186,138726,24462,14652562,138726
b4a338581d478eb0,104780,94900925,138757,104727,94911693,138757
b4cac7ba51f33942,119395,109540978,139077,119326,109551844,139077
b4caf671487b0923,89465,79579651,131720,89437,79588815,131720
b4e194af9baecfda,43877,33980554,130574,43848,33989759,130574
b4eff7e51de08262,37886,27986970,133457,37879,27997059,133457
b4f97db0b28ecc61,36238,26358480,130493,36198,26372310,130493
b4fb73cad34f1b88,21270,11380070,129659,21223,11389571,129659
b56acb5bd5339d86,11800,1938399,130783,11718,1948389,130783
b5ad25671630bf9c,58065,48200745,141851,58001,48211057,141851
b5b0e19a96646d26,97649,87784247,139771,97570,87793802,139771
b5bc03952f05abee,57973,48102516,129835,57916,48112375,129835
b5c97d868646d83d,60988,51103083,142493,60953,51115124,142493
b5d41c524d732cbc,107962,98100980,138412,107908,98111178,138412
b5d93f1c7795883f,46169,36299850,137258,46105,36309814,137258
b5f6579346259b81,118703,108860129,132251,118641,108870734,132251
b602f4a6e01d0445,78453,68580838,140542,78395,68590474,140542
b6061430ebe6bb38,108713,98841245,140887,108651,98851938,140887
b60923b3555927f7,12483,2619366,137701,12419,2629967,137701
b6155d506627534c,119457,109600979,138592,119383,109610925,138592
b629e1f9d2026bf6,78486,68620562,139065,78427,68630480,139065
b62b9a6fa4e80fce,89369,79479153,130915,89347,79489075,130915
b62bada709e43d6d,61973,52120551,140473,61904,52135440,140473
b68b44c611af0748,102173,92320926,139699,102105,92335835,139699
b69766df8ae4a2e1,53492,43608149,131150,53466,43618514,131150
b698e41400ffda3f,98670,88800968,139981,98612,88810583,139981
b6adbbea306a0f7f,87927,78080729,138767,87861,78091738,138767
b6bf66f9b37d91ce,57350,47484247,140648,57271,47494428,140648
b6c497444b36bebc,57619,47749645,155638,57571,47762811,155638
b6c78a3561dac259,25032,15138284,129933,25005,15147243,129933
b6dacadc3d0d8523,70490,60599042,130978,70474,60612057,130978
b6eb39f57b00a5a6,28965,19080434,130105,28936,19091947,130105
b712986bf3966cae,68434,58550317,131233,68423,58562633,131233
b7188caa1e77a5d9,49847,39959987,137174,49817,39969973,137174
b732eb64eb8f2032,119302,109441029,138696,119237,109450847,138696
b7349dc9e47f0c2e,34365,24499418,136415,34311,24511992,136415
b73e7a9dc890bbf9,83243,73380627,139760,83182,73390761,139760
b741bc2050d1d1bf,83424,73539431,132247,83395,73548995,132247
b7534042e1be2bda,20271,10402672,138034,20197,10412692,138034
b761522bf592dfef,117939,108107940,349310,117903,108136814,349350
b76940bb044a5c77,51820,41939947,137249,51777,41954440,137249
b7753159913ed7bf,10126,262957,139464,10052,273212,139464
b79483e857d116ad,47312,37439944,137248,47250,37450488,137248
b7b82d0557942000,26798,16925219,130765,26788,16941045,130765
b7c49e4d040e9f8f,117026,107160767,137755,116965,107171003,137755
b7d3b65fa631966b,48613,38743368,138149,48555,38752693,138149
b8005962cdba358a,77547,67700552,138264,77483,67710802,138264
b81d67e70d68f4c6,110459,100561383,130432,110426,100575791,130432
b8314242e11ecddb,23584,13739661,138241,23520,13750505,138241
b841cf7f4e716fd6,20050,10179902,139452,19990,10190396,139452
b843283952343010,55986,46120252,139431,55925,46130903,139431
b8479274224f5380,47214,37342705,140452,47153,37353444,140452
b860de0be22ef35e,47763,37860923,131814,47742,37870774,131814
b864a205581fe7ad,104241,94429309,354633,104226,94459635,354673
b88c622d6f836465,73645,63783873,138637,73572,63794139,138637
b897eae28c8eb9c2,22037,12180098,139977,21973,12190835,139977
b8ab6a3f234bc9d5,10904,1058436,130409,10864,1068458,130409
b8c956532ece2c52,64922,55041203,130771,64882,55052019,130771
b8cd309b8b1de5a0,109515,99660620,137597,109445,99671135,137597
b8e2590cd3bed90d,57186,47283554,139420,57109,47294269,139420
b8e89ad6183b619c,74292,64405701,132729,74259,64415500,132729
b8f0d2e9ae1cfde6,30267,20419959,139132,30206,20431571,139132
b8f57f14faeeb5d6,71406,61540782,139661,71347,61553079,139661
b8fa9e2f5aa7fdd1,116664,106799546,130302,116580,106809416,130302
b91953205373a3f9,107182,97301423,130202,107124,97310768,130202
b94c3d0ccc96879f,63064,53200675,139749,62997,53213056,139749
b957e023248130a1,46625,36760089,138834,46566,36770469,138834
b95acf67c4d88ba1,98799,88924354,139511,98741,88934583,139511
b96337f962e88a43,38404,28536572,118168,38326,28544755,118168
b97c59308cc96ddd,36177,26280332,129200,36146,26290673,129200
b97de0a804b5dbaf,84795,74939267,131180,84724,74948226,131180
b98d01dcbf94bec6,44766,34898836,131431,44703,34911938,131431
b997aad9b4e2e645,67462,57600480,139573,67402,57614244,139573
b99a5dec5bcc0c87,64706,54818877,128916,64695,54829837,128916
b9abf4fcf7c05763,23680,13839665,137946,23620,13849948,137946
b9b7a24fee879c6b,50854,40999986,137434,50782,41010453,137434
b9cd2cd8f93b05c2,14768,4899775,139546,14709,4909193,139546
b9db15e13da0b7f6,97190,87299747,132452,97165,87309698,132452
b9ddf21a45e2c656,64330,54463126,139075,64282,54474934,139075
b9eca6dfe661a8df,55800,45959124,131958,55739,45968920,131958
b9f245c1ce6f6ed1,91297,81399356,130730,91277,81409638,130730
b9fdd3e4955e1298,91725,81860684,138762,91652,81870999,138762
ba23c8824f25d255,64363,54500571,140147,64313,54513568,140147
ba96ecfe1237899d,62734,52838951,130451,62722,52851176,130451
baa55c34fa157717,108242,98367524,130092,108215,98377552,130092
baba035795748645,46912,37059928,136820,46844,37070545,136820
baf42d65f28c5f04,89051,79180547,138458,88990,79190658,138458
bb21619c9cb887de,74114,64251870,139699,74053,64262961,139699
bb26a6cfbe635280,38768,28900250,140199,38710,28909643,140199
bb273d2ee7b1f4cf,94335,84460649,138832,94277,84470460,138832
bb32c188c3ffbecf,33886,24037600,129855,33839,24052764,129855
bb33d8646c56067b,16105,6239738,139052,16044,6250721,139052
bb5bc203961ec748,45590,35743982,102710,45584,35780154,102710
bb65a918dccf5b73,72816,62940253,137911,72750,62949598,137911
bb69bda62fab1d3e,88922,79044406,139407,88863,79054595,139407
bb70abed618b842d,62702,52798746,129464,62692,52809875,129464
bb7a11d403a34813,112003,102140932,139665,111942,102151318,139665
bb945d2d4b9a58a6,44241,34379631,136901,44162,34389550,136901
bb9fd3688209db90,54982,45140136,138294,54920,45150133,138294
bba59e23c82862b7,91329,81421407,130622,91308,81431297,130622
bbd581d349143eb0,49398,39523294,138040,49340,39533127,138040
bbe833d12f387b68,10688,820271,128433,10657,830732,128433
bbf575f04e652158,43215,33363338,138603,43154,33373528,138603
bbfa073550daa3eb,82866,73020535,139238,82804,73030707,139238
bc189fd1e28a2fbf,51129,41260411,140375,51071,41274805,140375
bc1b1befe11ad294,82332,72460488,138111,82273,72475384,138111
bc1b52a2cd9152a7,84640,74780554,138963,84571,74790183,138963
bc1f4fe0808074a3,54733,44843969,139895,54642,44854798,139895
bc4bf86d25ef7286,42009,32121144,132599,41969,32130806,132599
bc4c94f117fb9156,85203,75340573,137823,85143,75350692,137823
bc5e03c79e634a98,46286,36440072,137684,46220,36450568,137684
bc8486028ac9dbc5,41946,32058799,132118,41911,32068846,132118
bc87b930d6b678da,81096,71224028,138502,81037,71234117,138502
bc9686a213f59f51,66323,56459198,130976,66265,56470544,130976
bc9a59bc861b2c16,37375,27521558,133225,37315,27533015,133225
bc9e1d88153ee0a0,21420,11560019,138650,21353,11570657,138650
bca25ee0954dfae0,88297,78427001,156515,88236,78438475,156515
bcb268c42c0bc443,28248,18399667,137820,28187,18410651,137820
bcb320ee0326aa87,28155,18299969,139107,28084,18311273,139107
bccc81bc7518127e,66040,56200610,139030,65982,56213420,139030
bcdd5d48e6f4f50d,109199,99343426,152674,109141,99360753,152674
bce1795316942e6f,37099,27239121,133740,37038,27251863,133740
bd2c757a1dd53e64,113276,103404259,139125,113214,103414568,139125
bd3a18d0b0927a10,113769,103900848,138655,113716,103916913,138655
bd5f02c8cf505c26,93184,83319308,130690,93151,83328938,130690
bd7afdcf2e6c16d7,19800,9959855,139632,19747,9970124,139632
bd92acc9fc0d1491,83711,73839676,131282,83665,73849154,131282
bdae520ade025b5c,83921,74060510,138246,83847,74070563,138246
bdb28ff71dab06cc,91638,81761057,140992,91581,81771281,140992
bdf5b01a68740c12,62948,53060582,140217,62906,53072493,140217
be0c32aaa5dd2167,109918,100044243,138624,109859,100054429,138624
be1061714c782f2b,105634,95780587,137442,105566,95790170,137442
be23f4a492e5668e,37192,27338754,131848,37124,27352099,131848
be2cb1c24955d6bb,72417,62518746,129831,72400,62528329,129831
be9802b7e5649285,117154,107284376,139672,117091,107294538,139672
be9ea027219ab8e8,15556,5679970,139810,15493,5690206,139810
bede6c31ad134cf5,66943,57080544,139201,66883,57095033,139201
beed9e1a91459ca2,44329,34479769,138004,44260,34490135,138004
bef114d21d8d3530,69764,59903555,138780,69700,59917053,138780
bef5cd2230660796,78861,68980695,138932,78830,68990416,138932
bef6bd6e48e56976,24244,14383107,138246,24170,14392547,138246
bef939605b97b4e2,96059,86184379,139864,96001,86194566,139864
bf066d478961de53,100819,90961134,140387,100755,90971790,140387
bf109e8d45000d33,60805,50901183,132082,60803,50911596,132082
bf1990245591d859,22099,12239569,137602,22033,12249405,137602
bf216dc1b17d1b5f,92899,83024012,138724,92840,83033888,138724
bf2b6de08c1d3577,17307,7401660,140124,17274,7411853,140124
bf2d8e349dec897a,111473,101620617,137430,111403,101630806,137430
bf73efbc0e00b8a4,74548,64661200,130102,74506,64669969,130102
bf89676c34c308b0,92647,82800738,139110,92584,82810746,139110
bf9038d2abc657ab,47127,37283358,157236,47064,37294034,157236
bf93aaa19f7bef37,91071,81200547,137846,91011,81210455,137846
bfa9a242490181cf,115327,105461068,139068,115266,105471075,139068
bfc0e032d65cb041,109638,99784279,139046,109572,99793810,139046
bfc2a43a710ec4d5,81420,71543414,115731,81403,71552249,115731
bfeef45e53cd55fa,88457,78600733,138083,88393,78610938,138083
bffadebead337bd8,32506,22640255,139635,32451,22651763,139635
c00ad058eff8a86d,89679,79801297,142452,89624,79810924,142452
c021f3b567e8f303,62004,52144185,139731,61938,52155836,139731
c03629a65e93850d,114882,105041125,139773,114823,105053674,139773
c03824554ef9369a,20771,10899811,139064,20711,10909612,139064
c03876d0ef531e97,73675,63820585,139322,73601,63830740,139322
c03a4e8b574cae08,30955,21078401,129893,30929,21091103,129893
c04db20ef5592834,77863,68000755,140188,77803,68010943,140188
c06b49fb7d9456ae,93647,83780890,139400,93591,83790637,139400
c083533df9aa13ba,88955,79080815,138726,88896,79091180,138726
c09d2fb3845d310e,22192,12339555,138143,22121,12349483,138143
c1000b0e83c108f1,25542,15699860,138683,25480,15710172,138683
c11d7425efb8453e,23197,13318263,129778,23159,13328366,129778
c12c69f733172dd8,110396,100501795,130380,110368,100516220,130380
c1356306775e1a79,117121,107260800,138825,117060,107271422,138825
c18b7f416d95ff80,20425,10579617,138939,20359,10589663,138939
c19081569e84df54,18125,8259545,137912,18063,8268953,137912
c1a79d02b3b96fcc,21941,12080147,139883,21881,12091595,139883
c1d42c33506fe3f4,78021,68159143,130981,77956,68168779,130981
c1ddc01485ae12c9,72191,62320547,139950,72137,62330404,139950
c1e8f7f0796000cb,33580,23678361,130331,33571,23696732,130331
c2011e4e893c0a48,51565,41679029,131823,51534,41688214,131823
c21a6b517d7205f0,94400,84523899,137852,94341,84533447,137852
c21c8854e4e48f36,18810,8940041,140471,18751,8949929,140471
c21edd0af590180d,61106,51240225,138920,61041,51252953,138920
c2215275d8636994,39520,29641347,131921,39461,29651299,131921
c224fec4cdb7c273,76222,66349100,130089,76192,66359081,130089
c246f47b04b9c116,81828,71939387,131617,81777,71949073,131617
c24c685effa58384,39849,29955106,132139,39833,29964792,132139
c25c87c9148f72f9,98702,88841101,140106,98644,88855722,140106
c26da66d379f58e1,78421,68543662,138724,78362,68553145,138724
c26de24c85aaf930,10812,958021,129969,10777,968076,129969
c280e383c5b2713f,38550,28699527,132496,38478,28708484,132496
c29fc247a27944b4,60899,51000837,130342,60882,51011683,130342
c2d29f176cba3177,47345,37479672,136849,47282,37490500,136849
c2d48db4acc4f693,56276,46378755,130525,56259,46388151,130525
c2e31187cf8b335a,33797,23900797,131116,33762,23913039,131116
c32a59e994d7ba65,30923,21038436,130267,30900,21049259,130267
c32e9b4b63eed59c,106853,96981465,139282,106776,96990977,139282
c33c59d5c37bbee1,91425,81524569,137882,91397,81534001,137882
c33ebcf3400a1caa,66913,57040321,139243,66859,57051493,139243
c34bdef97a4ffe2f,92932,83060653,138583,92872,83070923,138583
c35ac93d41c069b2,75354,65481411,133354,75289,65491744,133354
c3770e475e95fe3e,115069,105204161,157318,115014,105215709,157318
c37ce2a9f06cdadd,19986,10119715,139198,19929,10130125,139198
c3899f69224f2cc2,54597,44680496,139404,54554,44690939,139404
c3964b9b3c85565a,109789,99920785,138148,109731,99931433,138148
c3ba49b8026e9adf,117186,107321012,139208,117123,107330925,139208
c3bc936d9a56b442,21538,11679827,139101,21460,11690264,139101
c3e454f715f667c8,48932,39080190,138208,48865,39091121,138208
c3ef11ca92853c47,75511,65641460,131532,75436,65655466,131532
c3f3fbd9f3d08024,70458,60558890,129734,70444,60570219,129734
c406ae59f4a6c413,107897,98024491,139593,107843,98039190,139593
c40e0b1ed1446528,89796,79924038,139526,89720,79933475,139526
c4113c4b300c569c,26749,16903023,102951,26739,16930259,102951
c4195a2448b63e2d,96778,86904081,138778,96719,86914384,138778
c42d7b34b481d6b0,41977,32098769,132350,41939,32108854,132350
c436982f6c4559bc,75162,65284040,138392,75102,65294441,138392
c45f37ab9969b2c2,86808,76960778,138793,86744,76971781,138793
c4868509d00c5008,14463,4602788,137541,14390,4612579,137541
c48d786bad88f5fd,15919,6079447,138191,15860,6089229,138191
c48df6f39d7e278e,28094,18239717,138526,28026,18253722,138526
c493ac887d23ce0d,105821,95980934,138050,105761,95990796,138050
c4a8f74875f7b8c3,14277,4419856,139102,14215,4429620,139102
c4b2bc716bb6f814,116721,106860264,130802,116640,106869990,130802
c4c531622dbcd691,112510,102624916,137930,112471,102635213,137930
c4e0240c896c0951,36973,27101607,134515,36917,27113044,134515
c4e3ff68113119df,50603,40739737,137102,50542,40749353,137102
c4e5a7d88ff79f58,88081,78239225,130861,88019,78249013,130861
c4f14db24cc1b913,85234,75408204,349217,85201,75434874,349257
c515108fe7e07821,31049,21178622,130357,31013,21189952,130357
c515c8082bc49403,107376,97510827,130824,107314,97520182,130824
c5168e1a33ad0538,85702,75820404,137657,85651,75830023,137657
c53070dfdd49996e,118466,108599702,130407,118406,108609574,130407
c53e05664a3d2e70,59354,49503627,138711,59295,49515412,138711
c547ccc9ec570ec5,18251,8383400,139953,18183,8392842,139953
c5733f98db3875de,25950,16080528,130762,25894,16091754,130762
c580860afea5eb9b,21508,11643081,137795,21427,11653146,137795
c5878ab4837b2459,100529,90660746,138731,100471,90671243,138731
c58c5d62c7170bdb,80173,70303806,139549,80094,70319218,139549
c59c6b7e9a2db6e2,84921,75080923,139529,84861,75091286,139529
c5ac690bb2a31f3f,118187,108299587,130942,118153,108309414,130942
c5d02d3c8f1dc0d1,63583,53720382,139561,63525,53734015,139561
c5d305c2fc9ed5ef,45105,35260037,139121,45043,35271062,139121
c5ddd5608e961ca4,71692,61840375,138027,71622,61853824,138027
c5fdea75cf4e34ec,17543,7679668,137660,17470,7689949,137660
c61f67cc209a72f1,48215,38359934,138182,48141,38370974,138182
c631d8ead67907d8,66731,56843091,141096,66704,56855397,141096
c646dc94e3e2ec76,68048,58180562,139959,67993,58192624,139959
c6487f575237860e,93776,83904083,138984,93705,83914131,138984
c6606f3749cb7f5b,27178,17280387,129758,27137,17292408,129758
c662e43dc3ed6b17,113371,103504778,139057,113306,103514776,139057
c66f8a426722ec07,98581,88740748,138110,98521,88751519,138110
c68cfa62306fb6df,93549,83680781,139095,93503,83690499,139095
c68df973fe9630f5,19370,9499605,138250,19318,9509672,138250
c68f8e02435ac1ab,9908,38073,129151,9847,47650,129151
c69d6e60ce932c24,24182,14323145,138237,24112,14332861,138237
c6e2ac3591789a4b,81291,71420503,138761,81231,71430557,138761
c6f1212e011f91ec,47551,37704707,103910,47535,37725863,103910
c6f13f6121134a63,54924,45080281,138554,54860,45090524,138554
c6f5a2e2e43700e0,105540,95679573,131434,105473,95688422,131434
c6fb6721560b9e83,32474,22603270,139710,32419,22615162,139710
c70b0e04e552cbae,12848,2979440,138302,12791,2993149,138302
c7327a71c6c29c9b,51942,42080423,139028,51885,42090791,139028
c735a2980fdb2bae,53027,43178735,129790,52969,43188781,129790
c740a9d9ec47393f,51451,41603716,97611,51421,41622697,97611
c782117a35521a8b,32635,22762957,137873,32578,22774351,137873
c78fd2629952f707,29273,19403414,138721,29208,19415033,138721
c7b2e006d2fa866b,32006,22118226,129068,31928,22133051,129068
c7d3a3faeb16c5f9,67119,57263976,139211,67055,57275908,139211
c7e5e7b747ef06d6,81973,72104848,139867,81894,72114859,139867
c7e7223a973fe013,62443,52626928,349188,62423,52667301,349228
c818793d0e906a34,13774,3919506,137770,13706,3928912,137770
c82424b98b5236c2,100723,90861044,140619,100663,90877074,140619
c83280f456689fe2,50760,40899935,137640,50694,40909516,137640
c8479d0128799248,26141,16280094,140330,26079,16292533,140330
c84f488eb6abefe3,35585,25740091,139656,35526,25754807,139656
c85bfd3bb4b9c8a7,37068,27201463,133019,37008,27212736,133019
c85ea85d1bd35f72,11883,2020181,130426,11808,2030158,130426
c8a562290f1f5493,31756,21815179,139019,31757,21827054,139019
c8aa9117c5c12b97,67835,57991690,138709,67775,58003672,138709
c8bdc3d052586683,111191,101321172,140172,111133,101331008,140172
c8c10f64961e23e2,93245,83381406,130908,93212,83391972,130908
c8d4d023eeaadac6,48274,38419938,138179,48201,38430214,138179
c8dfbf277746f335,47096,37243271,138090,47032,37253822,138090
c8f68ccc0bac0e5a,21048,11158420,130323,21018,11167764,130323
c8ffd2755ce8e7e7,66637,56741086,130675,66619,56752047,130675
c909eed8ab420c62,73331,63461034,138866,73271,63471289,138866
c9169276777c214c,83802,73921520,131494,83745,73930905,131494
c9632be2f7879f99,59031,49140982,131416,58999,49152073,131416
c96ba26bd56579b6,84703,74840980,139685,84630,74850890,139685
c9816a384c474543,74260,64383275,116608,74227,64392402,116608
c9ac9c0fb2d63751,9940,80058,141693,9878,90668,141693
c9bc5b841146e52f,97619,87760678,138605,97545,87770546,138605
c9c3ad9a5057eb54,34743,24880796,131211,34674,24892531,131211
c9d118a6c8fd9474,61018,51139974,137524,60976,51155244,137524
c9d5e1e24bec29ab,85483,75599343,130145,85452,75608354,130145
c9e3a3e196b6657a,112258,102361620,130092,112239,102371193,130092
ca03809a279c93c9,48548,38679931,137244,48490,38689248,137244
ca0ede203a3dafe2,13356,3460441,130314,13323,3470554,130314
ca1aa85218fbfa12,30796,20900471,130269,30778,20911934,130269
ca26309239cffdf7,35182,25320047,138825,35123,25334841,138825
ca3e6ab71fa4e846,17716,7862863,137678,17651,7872566,137678
ca68737553b8d393,75941,66081270,138875,75883,66092422,138875
ca79e48c8144960a,28657,18825484,343103,28626,18863581,343143
ca82aa87b2a666c8,49268,39399890,138318,49210,39410521,138318
ca96ebcd0b026a59,101451,91604614,103559,101430,91622059,103559
caa68f15feb1cf89,73136,63263698,139692,73078,63273689,139692
cac5feb9a962bff2,36845,26980005,139064,36792,26994550,139064
cacb50c59ae6837f,68958,59100345,139038,68886,59115801,139038
cae0467ec7135046,54420,44488648,121484,54424,44497838,121484
cae5be2d4297ea83,102266,92460532,343310,102257,92490099,343350
caf1bce72cabb9f2,72990,63140777,140561,72921,63151380,140561
caf290adcc0de462,103525,93660708,138321,103457,93670919,138321
cb123eab4cdd0f4c,114377,104480427,131826,114355,104491850,131826
cb22c67ab091c6be,30144,20282997,137793,30074,20294914,137793
cb34b45e664e4cb8,84353,74487228,137451,84296,74496731,137451
cb4583a00e063ba5,105070,95219681,132075,105001,95229422,132075
cb4969795a27ef04,31230,21363574,138852,31166,21376158,138852
cb499be8730a8841,99401,89543970,138488,99358,89554325,138488
cb4e1810a44881aa,22722,12859614,138235,22661,12869568,138235
cb65e35ce443207e,86655,76800436,137981,86581,76810857,137981
cb6af92e1ee6cc0a,73169,63300727,140319,73111,63310897,140319
cb6ce9bcd8f829cd,68275,58403960,139857,68217,58415507,139857
cb8493ebba80d3a6,87897,78040909,140097,87821,78050890,140097
cb9cbb1a04a24e8e,115701,105859774,130961,115639,105869386,130961
cba091b7c4f5190a,91549,81660741,139169,91507,81670514,139169
cba86b5bc7dbbe48,67149,57300495,139560,67085,57312542,139560
cbacc2d86c9811f3,97349,87460778,139143,97313,87471355,139143
cbb5bad44494bbc9,55646,45783909,138081,55572,45794646,138081
cbcd6b5ee94aeb30,76353,66459554,130984,76320,66468758,130984
cbdc934db924d586,42162,32282909,142089,42105,32293163,142089
cc0252649de3525e,69546,59680639,138815,69496,59692246,138815
cc0ce85b615644e0,30235,20383443,139511,30175,20395917,139511
cc25e2fa4f5b20f8,70829,60960520,139212,70773,60975426,139212
cc5f23c2ce03a776,29673,19802992,156364,29615,19817271,156364
cc71954bef1f856f,43595,33768859,354993,43567,33800515,355033
cc7247c95712d72e,114705,104841194,139269,114627,104854508,139269
ccbdd446b93db85a,12606,2743199,138384,12535,2754258,138384
cce79db2ae82d37b,114407,104519555,131281,114382,104529561,131281
cd0d22c232b813dd,24936,15038492,131250,24914,15052138,131250
cd2a38e944ac1c51,37406,27558897,132185,37346,27570415,132185
cd4d52bd8bb5fc8f,30083,20231671,138556,30013,20243546,138556
cd4edafcbafc9ca5,44670,34799922,137682,44610,34809839,137682
cd4f8db288425c4a,90821,80981053,139519,90761,80991169,139519
cd504bd702affe42,36084,26198576,129256,36062,26212112,129256
cd6d24edd1e67544,14118,4242522,138234,14060,4252019,138234
cd9aa164631f8097,59922,50060257,138645,59863,50072425,138645
cd9ac7509a680960,13833,3982850,138801,13773,3993914,138801
cda0cb43126e12dc,101501,91624134,115671,101481,91632521,115671
cda1eb3959fcbdee,86182,76303652,137988,86124,76318206,137988
cdb05fbf76566822,60419,50543740,138839,60364,50555338,138839
cdc713e68c3dbf1c,92802,82924361,139488,92743,82934606,139488
cde79b30403b69db,27875,18002675,137084,27817,18014071,137084
ce44f2b959d747a0,51354,41482832,140562,51293,41493811,140562
ce693fd061ce003e,78518,68643729,137232,78459,68653046,137232
ce7003810b84ae7a,54706,44820360,138567,54625,44830793,138567
ce9f487b86370d64,101188,91341094,139559,101127,91351288,139559
cea9846ce125c827,57103,47200398,138854,57048,47214909,138854
cec06bbd75bcb153,104867,95000970,138703,104796,95011219,138703
cec21dfed99b53d9,44829,34961142,131077,44764,34974971,131077
cedf09a981aad9fc,19120,9238312,130510,19089,9248038,130510
cee943fbb64ebf27,18874,9045444,341655,18841,9074357,341695
cf20b2e3ad3cc9b0,14799,4939575,137536,14741,4949221,137536
cf3430db643f0bb1,73049,63200669,140162,72981,63211070,140162
cf3e51d3849e097d,82557,72683856,138687,82493,72694121,138687
cf52fa51250c696c,98637,88764469,140361,98579,88774885,140361
cf568ae3e2a05f60,45705,35819035,131481,45698,35829047,131481
cf6ca82c399e9d85,88644,78783948,138879,88571,78794650,138879
cf8ac2dd6d57f8e3,33322,23505130,341464,33301,23546641,341504
cf9b47bf7f087ff2,88265,78400589,139304,88205,78411183,139304
cfa0a8df3b73b827,11745,1860742,131523,11650,1870897,131523
cfd4d16a53f83660,46345,36500009,138555,46281,36510136,138555
cfd551a46b3e676f,75603,65741409,131035,75531,65751469,131035
cfda3aa812d87e94,57214,47320258,139257,57129,47330238,139257
cfe067b60a80b3ac,98334,88480834,139054,98262,88490456,139054
cff2b27e91859607,23135,13240201,129697,23103,13249674,129697
cff9d4ae16f186a0,23259,13378306,130677,23212,13388054,130677
d028bc30dc5a36b0,85578,75681592,131457,85540,75691666,131457
d04142bcfd0c534b,118861,109021059,140004,118802,109032133,140004
d0460e6152622d12,32198,22343460,138420,32134,22354805,138420
d059d4bddf000daa,21081,11198184,129950,21049,11208012,129950
d07160fbd3f97ea4,117971,108128876,124741,117941,108145558,124741
d07b2051b6a1ca0b,77429,67580759,138798,77361,67590889,138798
d07e2fc78e33250f,70917,61043747,139063,70844,61055256,139063
d08a22ead6925735,54050,44274186,349684,54070,44303304,349724
d09ed0b0c824f244,53524,43638674,130723,53497,43649352,130723
d0b827fce7461092,93839,83980896,138973,93762,83990455,138973
d0c879158dee10ca,13325,3438467,131290,13294,3448495,131290
d0e6557e02466e49,41195,31344239,139763,41133,31353948,139763
d12796e00c06ec64,34774,24918357,129237,34703,24928664,129237
d13defb25e376161,115483,105624835,139176,115414,105635894,139176
d14ad4259a635076,63238,53383617,138745,63175,53395972,138745
d15411ecec74c395,91871,82020760,139831,91801,82030245,139831
d1557d64c491e2d0,79930,70020523,138979,79877,70030720,138979
d15e70db718aa8d1,80976,71123857,139328,80913,71133514,139328
d17349b3b11bf094,14555,4703273,138456,14491,4712603,138456
d176825a64483f7d,16039,6179877,139131,15980,6190662,139131
d193dbb196c03269,31568,21671751,128417,31596,21684816,128417
d194515034bd60e2,33643,23740452,131345,33629,23752477,131345
d1b0468cc9118baf,42745,32879999,139221,42682,32890964,139221
d1bb1c98a3bea2ca,91755,81884061,138580,91675,81894488,138580
d1cc3b7419e42536,64394,54567319,349190,,,
d1d146c76b094ea0,103557,93684265,139607,103487,93693862,139607
d1db7e33f00d8d9e,52530,42660392,140031,52470,42669854,140031
d1f368e1ff0130ad,61593,51731691,138737,61537,51744090,138737
d20cde6268ea3df0,92616,82764280,138689,92553,82774254,138689
d223f330499f1f5b,64952,55079255,131453,64907,55090655,131453
d24507b254c11bc0,28125,18263066,138403,28055,18274924,138403
d25558f00fc8d2cc,116305,106401816,130185,116281,106411202,130185
d26d722bb9291b3b,114676,104803885,142191,114604,104814487,142191
d2724486fe596b54,95604,85740948,140304,95534,85750734,140304
d2726e42c942382f,65041,55180157,137930,64978,55191766,137930
d2a0c0627c8e328d,16793,6919838,138609,16735,6929322,138609
d2b22788cfe8c594,88167,78299214,130722,88107,78308971,130722
d2db27b24014d634,58621,48745593,114804,58628,48768437,114804
d2e1acb31e8076ea,21390,11519667,137601,21327,11529920,137601
d2eb0c579c26aaf0,118375,108499625,130343,118327,108509078,130343
d3034d1d6338e7ea,85609,75719925,131042,85569,75728972,131042
d308317d3305e4b2,83521,73639113,130529,83490,73648783,130529
d35d91a97a073b57,50172,40320275,138387,50101,40331086,138387
d35f8331643a6102,85851,75992194,138484,85779,76002182,138484
d37a5df8fab8713d,60289,50420364,137946,60236,50432616,137946
d37fc3631a0988d9,50027,40143339,139146,49966,40156088,139146
d38849fd94c8719d,26296,16439874,138404,26225,16451330,138404
d392ffdb09887424,43632,33786322,103933,43609,33808359,103933
d3d9c60056c08cbf,56244,46347605,130057,56228,46357438,130057
d3dd0dab416a8dce,64769,54881037,131726,64751,54891974,131726
d3f4bf93b491c4a3,33008,23159895,138012,32949,23171368,138012
d41f8e2efaa3a581,115576,105719907,131967,115510,105733866,131967
d423b4685bd717fd,24553,14679608,137785,24494,14688964,137785
d42610a27b12741a,33766,23878610,131395,33737,23892320,131395
d433eb0634b8d829,92524,82664308,138645,92452,82673875,138645
d465e3c5ce96abdf,25662,15819890,136328,25602,15831086,136328
d48880afd0363c60,77927,68059339,131784,77865,68069121,131784
d4896bf6a1905b5d,76541,66659105,130426,76496,66668594,130426
d489cf2efbf3dcb3,12913,3039832,139199,12855,3050416,139199
d48d153315d46041,119895,110068109,350404,119863,110096497,350444
d4a07335560e7d64,117714,107840241,132430,117656,107850284,132430
d4d259e55633d836,107841,98000948,139318,107785,98015535,139318
d4e42b058cded86d,52212,42363760,139811,52152,42373849,139811
d4f29c87143f14a0,33368,23521822,100287,33365,23549068,100287
d4fed1a28eec3f79,113867,104000879,138595,113813,104011017,138595
d5165de66899192a,73552,63700658,138698,73485,63711720,138698
d53404e9c18ddb9b,115102,105240977,137771,115046,105251528,137771
d53bd61475e3803c,75449,65580533,130354,75378,65590228,130354
d556420ae838da77,31953,22058503,130050,31893,22073492,130050
d566aedf6fc56036,47794,37898793,130860,47772,37909301,130860
d5874356590a40ac,97767,87920894,139522,97702,87931244,139522
d587cafaec023af8,40508,30660037,138938,40443,30674052,138938
d5a129cfcbc47a55,94927,85080842,138829,94864,85090691,138829
d5a4f9152892541d,86532,76663855,137694,86465,76673733,137694
d5a94c3a681587be,37821,27944475,117251,37816,27960546,117251
d5bbc0ffd67fdaa0,109546,99683875,137823,109474,99693205,137823
d5bd9bc86f610fd3,42252,32382360,131037,42182,32391258,131037
d5c57545985d0867,93517,83644512,138538,93474,83654009,138538
d5df56b60301daf7,111596,101744724,138479,111534,101754104,138479
d5e0f78760ef733b,44859,35000438,141141,44793,35011440,141141
d5e7c99176535903,27528,17679963,139238,27466,17691703,139238
d5ec46b2138173d8,103620,93760957,140089,103546,93770706,140089
d5edab36460bff5e,34397,24523030,139522,34342,24534162,139522
d60c4b1b0b8e9a2a,12099,2228255,151781,12045,2239138,151781
d614b1bf992bed50,57524,47680509,139649,57465,47695704,139649
d64788ada5208520,108890,99040581,138034,108822,99050662,138034
d6478ae276483b51,26541,16680193,140057,26485,16692743,140057
d64a65c7a1507a62,111688,101841037,138516,111626,101851076,138516
d651463529f3bb93,36877,27003705,140307,36824,27016492,140307
d67cf531d3db7721,44922,35060188,139093,44852,35070791,139093
d6805db7c3a30be9,34588,24730141,131649,34528,24741380,131649
d6959a61d9de0dc4,54840,44980123,138418,54760,44990527,138418
d6ac91292df33882,101035,91180695,138205,100960,91190571,138205
d6be5c9c1342abb2,41633,31806556,347408,41600,31833060,347448
d6c613ab7dc5f74b,94775,84920916,139596,94701,84930730,139596
d6ccbe54a89e12e2,72903,63040430,139320,72820,63050060,139320
d6cfb4dfb7a334aa,72062,62200965,139995,72010,62214550,139995
d6dc622dbcd2b295,36386,26519863,137440,36320,26530762,137440
d6ef15ea6182267e,99021,89147577,133178,99004,89158284,133178
d713248a7985c3a6,57684,47820677,140221,57636,47830602,140221
d71953a544de6980,85731,75860597,138953,85677,75870372,138953
d72368381eacbdba,53901,44023815,138788,53845,44033835,138788
d72733e1fb293fb0,37625,27759868,138149,37569,27773691,138149
d7296d23eb6fcc76,58686,48790058,131341,58692,48802618,131341
d72f8976d0b3770d,67526,57659271,131709,67465,57671560,131709
d73314460b086cb6,60321,50460548,138951,60267,50476748,138951
d77b065c8fa02042,114120,104243594,116128,114110,104259716,116128
d7836362ce3969fd,32916,23060299,139002,32845,23072451,139002
d786a81c8912a9a9,114499,104619576,131085,114460,104634420,131085
d79ca8a9ebc45bff,46050,36163636,137454,46009,36173729,137454
d7a7c955b6c92ce9,102145,92284264,138193,102074,92299050,138193
d7a8d83cf0b50d50,91265,81369898,131451,91245,81378977,131451
d7c0f0dc488274d7,49056,39201320,141196,48983,39211108,141196
d7cc8f7a159422d2,72607,62719365,131632,72576,62728869,131632
d7ce04217817132a,77173,67280930,141837,77126,67291652,141837
d7faa382f2d7e2a1,111504,101644024,138707,111432,101653902,138707
d80c463858c9e7dc,74942,65100493,139381,74880,65110689,139381
d820c0bfc43de53e,28530,18659836,138405,28465,18671418,138405
d82a4001c9d022c4,112601,102720877,138459,112547,102731630,138459
d83092ca9abb86dd,97286,87399298,130912,97256,87409511,130912
d8330546a3870f2e,88582,78721954,140124,88513,78732384,140124
d834c379aaa06956,35989,26098564,130838,35973,26111959,130838
d852ad8bc112302f,39366,29519021,133136,39301,29528658,133136
d87822ec21181f6a,16515,6659597,138642,16444,6668994,138642
d88fe6e0e9e1dec0,99278,89382387,132518,99250,89392037,132518
d8a182ae46f182d2,71940,62100558,139723,71885,62117129,139723
d8a80610c76b86e7,59606,49740299,138725,59561,49752882,138725
d8b908b9ea784574,72270,62423994,103982,72255,62444534,103982
d8c78facee0626ca,20674,10799667,138101,20615,10809941,138101
d8e5fa0c2efaef7c,54326,44414496,94930,54343,44422387,94930
d8f3107f5ed79c3e,41407,31538728,131511,41348,31548280,131511
d90a0618374bd18a,104145,94279338,130573,104083,94289572,130573
d90a893d4fb98f48,105909,96040945,139778,105850,96051334,139778
d91439e7007049e0,90909,81040786,139907,90851,81050922,139907
d928aefc1194e3ae,95017,85186661,343017,94981,85214711,343057
d93183371f06c1dc,29866,19999853,139006,29801,20014019,139006
d9332be43512501c,72698,62801314,131221,72654,62810188,131221
d94689c5674f6f09,103268,93399410,130998,103206,93409303,130998
d94be4b71401b23b,111127,101264065,157386,111069,101275403,157386
d97010d9147a0f43,11187,1312474,113666,11213,1320958,113666
d97145b22bf1e738,24274,14420165,140316,24200,14430057,140316
d99409e644c2f2e1,36747,26878857,132626,36695,26892954,132626
d9d2ea15cb265b1a,16606,6759503,137863,16542,6768843,137863
d9ed52d4249bb61b,57159,47260010,137803,57089,47270300,137803
da00e8df6a159957,100290,90424119,138349,100211,90433666,138349
da0b718c4b777307,95201,85301579,131353,95169,85310750,131353
da15a15ffd2b4100,112111,102264953,100836,112095,102286638,100836
da173feb514613c1,30828,20938486,129520,30810,20949352,129520
da1d86d9ddefbd95,25095,15200370,129755,25064,15209304,129755
da37e994b1130a9e,44062,34180397,138441,44014,34191114,138441
da387dd7b5c7dd3f,47409,37540017,138036,47345,37550545,138036
da4a6649b24c3e8f,71034,61180558,139713,70964,61192498,139713
da4d82664672e565,101157,91304107,137894,101096,91314741,137894
da5f3a6ae18a6399,111381,101520719,138289,111316,101530410,138289
da64b64a228b96e3,61222,51364129,139828,61154,51375531,139828
da694bf9f063493b,98303,88441098,140667,98233,88451441,140667
dac21ed9a8c5b81d,118123,108239951,131200,118091,108249486,131200
dadcaaa7f186e6dc,61690,51820527,139663,61631,51831748,139663
daf512b9022b0b3a,27440,17583202,138214,27377,17595892,138214
dafe111b8119c277,19731,9883223,139215,19678,9893482,139215
db12874b13951d1e,55855,45981513,132603,55796,45991548,132603
db206d8812cb1bb2,63895,54040271,138761,63821,54052652,138761
db2fe3f3a6e52aa3,116030,106184172,102830,116016,106203369,102830
db36c2b7032fab6e,94056,84200839,139574,93984,84210598,139574
db374868cef8a900,112036,102164478,139594,111974,102174548,139594
db3aaa582d4562ae,23349,13479723,138458,23288,13489494,138458
db3cd7781562224e,93306,83461498,142210,93272,83472592,142210
db49b5d0672169e3,101221,91380492,137573,101161,91391183,137573
db562b1266e3553e,22829,12982943,99564,22808,12999912,99564
db5d31396b0d769f,100209,90340920,138639,100121,90351390,138639
db60e747def2aa95,35768,25946604,345315,35745,25983750,345355
db6789f0b8948ecd,106883,97020892,138912,106801,97031268,138912
db7322f55c8432a5,22878,13002098,113218,22857,13011110,113218
db7a2318bd51be1a,67651,57783215,142578,67583,57795428,142578
db7beb84dca000a9,41752,31864369,119359,41723,31872847,119359
db868fde35ce0403,40478,30623693,138612,40411,30637501,138612
db888a7f6a4b4e30,71184,61341052,140208,71127,61352692,140208
db8aacf335d8286c,55461,45598747,130602,55398,45608259,130602
db913761a00e0b86,74356,64478923,130272,74323,64489045,130272
dba8c71c24f5197a,39784,29910331,132181,39769,29920229,132181
dbbc7bfd35a887d7,36563,26718878,132517,36500,26731177,132517
dbcdc54e4d7b7744,100441,90600859,138647,100381,90610982,138647
dbcfd78b08e694e5,68782,58898987,131031,68742,58912296,131031
dbe37a71d68e0daa,104079,94221341,140421,104018,94232132,140421
dbe8ce325a285bc3,77669,67803990,159331,77611,67815557,159331
dbf6faf4424d5089,57295,47420379,139442,57200,47430645,139442
dbf8ccbcff29f0fb,108091,98220807,138541,108036,98230964,138541
dc4209ea26226bc4,69734,59880143,137429,69672,59896207,137429
dc54400524b8ef00,83049,73180895,140788,82990,73191506,140788
dc5914ef6b422d39,41569,31700886,141696,41508,31711727,141696
dcaa6ad2cd29671a,19953,10083445,139660,19897,10093780,139660
dcafc05080e84082,11284,1379235,133536,11305,1388978,133536
dcb0277268af5fc8,97678,87820881,138927,97600,87830514,138927
dcbe531ff6ace76f,85139,75263685,138179,85080,75273680,138179
dcd291534c2ae14c,90287,80420892,140054,90229,80430639,140054
dcdb367a679b6147,89433,79539698,132542,89407,79548740,132542
dcdfe09f76705975,112806,102944593,139129,112736,102955049,139129
dd2aae4f9ca4ac98,59891,50023671,138385,59834,50037042,138385
dd32c73459199717,97801,87960968,139049,97741,87971145,139049
dd6f7f879ee81c93,47066,37219947,138197,47000,37230292,138197
dd840420a29e1fde,110363,100479722,130666,110337,100493331,130666
dd8cd6cd32423688,17629,7762845,138301,17550,7772751,138301
dd9836a366df4247,101276,91404183,140278,101218,91414622,140278
dd9a5d432a965d75,95930,86060731,139023,95872,86071713,139023
dda8d060a432642b,41042,31180333,140524,40975,31190664,140524
ddaea3041d6343b0,87231,77385364,103802,87210,77401171,103802
ddeba46abbcab8d7,68930,59060282,138223,68862,59073040,138223
de131e8d00b1b84a,33226,23359892,139059,33170,23373307,139059
de137872a08d37d0,77799,67936993,178291,77741,67950580,178291
de212259200aab4d,42777,32903721,140524,42714,32914523,140524
de3d1d13000c4071,49785,39880940,131511,49762,39890455,131511
de41a7472bf4b923,11719,1838508,131724,11632,1848774,131724
de4ecffa3998c2e0,87507,77619650,132003,87477,77629295,132003
de6803116f0d3bb3,65666,55800458,139310,65601,55812938,139310
de699f60a0213fec,14832,4971175,139921,14774,4981669,139921
de82e3e24fd17d52,53621,43738892,131341,53591,43748316,131341
deb1e912e9e3f23f,52782,42919938,137253,52712,42934518,137253
debc3d8d2c3e9354,92494,82640915,140001,92423,82651128,140001
deeea74f5f9bd677,118674,108819805,131233,118600,108828665,131233
df0da3ade12f12b2,78268,68421233,142767,78202,68431543,142767
df24b52367b81577,44540,34662728,141355,44482,34672360,141355
df30b044c9efc0b4,71847,62000539,139709,71783,62014690,139709
df310ccdfc148edb,69166,59320711,138128,69114,59338513,138128
df3c7d522d18fdf1,90759,80904209,140219,90694,80913967,140219
df4700c35e1d292f,100105,90200943,140004,100020,90210508,140004
df47e2d938a2e1a9,47858,37961147,131218,47830,37970835,131218
df4fa0d3d9d099c2,31980,22083196,141465,31911,22095073,141465
df5adc6da14bfa3a,19921,10059891,137954,19866,10070561,137954
df5b9b902e0d6101,58434,48560205,138799,58375,48571164,138799
df5e307484fa6f79,38833,28964520,140722,38775,28974892,140722
df9cd75878305a4e,12636,2779394,137729,12562,2790772,137729
dfaaf3c47f5dd796,75291,65421053,141867,75227,65431312,141867
dfadc0dc00cc5fdb,49236,39362908,137373,49178,39373644,137373
dfb9056fc4b4728c,31814,21881418,129587,31801,21893538,129587
dfc6124a8b56c158,102613,92721087,139196,102597,92732252,139196
dfcb346614ce7e6e,16890,7019719,138691,16830,7029519,138691
dfcc2bfb5a1a566b,94367,84500635,138542,94309,84510370,138542
dfd6300dcac77508,108027,98160642,137847,107972,98170781,137847
e008625609fbde7c,112961,103120823,138725,112901,103130980,138725
e00cfa864b6e9876,29928,20061056,138629,29860,20073829,138629
e01ebf07580a4d9d,53459,43586083,131379,53433,43596023,131379
e0265b6bf4764d94,103895,94041596,131146,103834,94051134,131146
e02e555ecf713cfa,87751,77879222,131204,87688,77893449,131204
e0360bf323ca2771,17052,7166752,131283,17035,7176229,131283
e040870be8cc3fd5,112631,102761126,140375,112572,102772264,140375
e0636f0577ec262d,55769,45918885,130961,55704,45928777,130961
e09628ae3da33fe7,16297,6439730,137971,16229,6450436,137971
e09ae99ac1a4519c,17868,7999512,138243,17809,8009962,138243
e0f1d53ee28aeb08,12946,3079600,138417,12888,3090496,138417
e111b3e52104d9be,10873,1017894,129209,10835,1027665,129209
e117feb045d5c752,72126,62260479,139635,72074,62275012,139635
e12f21cb4d968b8f,95232,85339345,130458,95199,85349126,130458
e13615b53f1c5841,92586,82740861,139506,92521,82750861,139506
e16be6fe724032bf,89738,79864426,139356,89672,79874133,139356
e17bbe5440cd76fa,61495,51627333,160429,61440,51641455,160429
e1875baa68dc7dc6,39455,29581575,132113,39397,29591737,132113
e19eb5e359f48eba,16391,6522853,138470,16318,6532551,138470
e1cb1c07c7737a5d,117875,108005153,140009,117814,108015441,140009
e1d981f4f87bd42e,34620,24758785,132237,34558,24770924,132237
e1f13708a19a85c3,111159,101287125,136847,111101,101296911,136847
e21dfa59635852f7,29834,19963235,138587,29771,19974805,138587
e2538b601e988757,61135,51263459,137857,61062,51274909,137857
e297a861d3b78f5c,62127,52280472,139888,62069,52292059,139888
e2a40d671039e902,26574,16703569,138298,26517,16714394,138298
e2c10b03474b2fa1,68900,59024157,138381,68839,59036481,138381
e2d683afa1452a91,74580,64699215,130853,74535,64708110,130853
e2e5f4b5461557fe,109608,99760771,137979,109540,99770490,137979
e2fc110174c05a62,65916,56058828,129794,65853,56074229,129794
e300353f83c7f921,99053,89169994,132790,99036,89180355,132790
e301bb2972e69bfe,77287,67406862,136872,77214,67416932,136872
e30aa76ca0a18fe6,24585,14719451,137389,24527,14729199,137389
e30ce44efe569d48,29213,19343866,140295,29157,19355047,140295
e317c26381acd183,107501,97639299,130095,107434,97648360,130095
e31dd45bb6e6b8a6,51290,41419083,132899,51231,41428774,132899
e32b093e67539189,109231,99366592,137349,109172,99377517,137349
e33c15912f9ec9cb,38200,28318918,131626,38163,28328817,131626
e33c6957c78fa587,52092,42240186,138780,52024,42255331,138780
e36088f02e33326f,47376,37503016,138166,47314,37513674,138166
e37387cec5f77078,24366,14519662,137923,24302,14529352,137923
e3887723e5de9eb5,12164,2300013,138981,12110,2310706,138981
e39f7122f7a0bcd9,116177,106279486,130062,116160,106289121,130062
e3a450dc698c2967,118025,108151094,131309,117994,108160687,131309
e3a87deed6d4cbf0,108306,98419363,130390,108279,98429249,130390
e3addf2bc25874b9,22223,12362831,137897,22150,12372943,137897
e3bbbb83b7ed57cb,60106,50260688,141584,60048,50277171,141584
e3d17d34341bd577,58156,48300277,138854,58086,48309864,138854
e3e60a8e0810f586,61371,51523676,138103,61318,51535933,138103
e3f619e63731ca17,86962,77101030,140115,86903,77110636,140115
e3f7ce98783327e7,105350,95481153,138449,105288,95491146,138449
e3fdb90366f11c75,60483,50666577,348227,,,
e400030bd384558b,50667,40799982,138032,50604,40809842,138032
e41775497b42a4cd,93902,84040327,139502,93825,84050581,139502
e42587e1e8dada9d,64168,54300216,138130,64122,54316952,138130
e42b890187b95a6e,90942,81064339,139709,90884,81074910,139709
e435ff08175cfcb1,34557,24698552,130096,34497,24709256,130096
e43b9102b9907421,44182,34320125,137677,44114,34335768,137677
e43d2322d0279003,43747,33856426,117120,43724,33866010,117120
e45ef539e20a671d,99824,89874690,129536,99831,89884074,129536
e46219b1fd93dc22,35278,25403416,139609,35214,25415312,139609
e48a629ae091923d,37494,27622848,141871,37439,27635153,141871
e4aca3d33afb25d2,17965,8099267,136680,17906,8109615,136680
e4cd6eebe8ddd75e,113115,103247673,137667,113056,103257373,137667
e4f446d74be5ec11,45989,36101491,131747,45959,36111055,131747
e527d4d11e6b616e,11315,1401639,132358,11334,1412097,132358
e52a77167be1f14d,110760,100900900,139121,110685,100910908,139121
e534794c80e3efe0,115854,105980900,138473,115793,105990475,138473
e553666c9904cdd5,33674,23778339,130035,33657,23789509,130035
e573d3f0b2cce10c,89709,79840867,138983,89649,79851426,138983
e58f763edc7a07ba,59294,49440555,139843,59224,49451932,139843
e5934199cdc60b1f,108561,98679529,130714,108519,98689329,130714
e59d54dd01bc1275,78207,68359194,131554,78139,68369184,131554
e5b788eb5fc57fae,100691,90819439,130523,100631,90829528,130523
e5c31b7231c3700d,28997,19120188,140887,28966,19134280,140887
e5da68f6a664bc4e,62858,52960539,138259,62832,52971602,138259
e5e044ac14ffe0da,64298,54423776,138341,64250,54436206,138341
e5e34d4e8d3b2866,21628,11779777,138851,21562,11790189,138851
e610871f39099b34,102705,92804334,138532,102676,92814611,138532
e610db2f15b1d499,50441,40580401,138843,50382,40591252,138843
e612d44ee407e2a7,64479,54603981,116209,64477,54705512,116298
e63ee3a79c7eb85b,81485,71587668,129942,81467,71597414,129942
e6476b505ed058a1,22690,12823482,138266,22630,12833745,138266
e6579484571f84f3,109821,99944208,138745,109763,99953756,138745
e66b5bed1a5dcf75,43715,33825496,116768,43692,33834029,116768
e67136936919cf37,71005,61143936,139457,70935,61155199,139457
e67d80102c36379c,109982,100120673,138153,109922,100130455,138153
e6882317d2f8e587,28465,18599942,139182,28403,18612264,139182
e688f64b84ce210e,66605,56718988,130963,66588,56731026,130963
e6a703451d9244d0,34031,24178197,130106,33962,24194102,130106
e6bd469093f66c79,41536,31660964,132023,41476,31670490,132023
e6c1fa6f5879619c,118644,108781568,132197,118570,108790662,132197
e6c35eb6d239ed2c,106824,96944234,138531,106753,96954082,138531
e6fdc91cbd137849,102735,92839653,130913,102701,92849928,130913
e71730e1418f41bc,41882,31998777,131431,41851,32008504,131431
e72f9bd9c6ad8ade,90064,80221423,138062,90004,80231649,138062
e7388110772f3117,62490,52643776,101346,62486,52669592,101346
e7395c9f26d81273,89589,79699449,130908,89547,79708541,130908
e755dc06f049d39b,117280,107419661,131120,117213,107429740,131120
e7586c929998836b,94653,84784167,138138,94585,84794302,138138
e765e0b84afc8a9c,67896,58044018,139795,67836,58055513,139795
e77be69459129483,29453,19603017,137599,29396,19614081,137599
e77de433aa6117ab,62346,52480266,139341,62286,52493537,139341
e7d397c1d75e064f,69796,59940553,139188,69728,59952951,139188
e7f4e8ab3ac1ef2d,90004,80160510,138858,89944,80170722,138858
e80d02de94417b38,109756,99884659,139582,109698,99894491,139582
e81998d21198d296,62410,52538692,129862,62349,52549024,129862
e869d268ee98f55f,13164,3267984,129434,13141,3277374,129434
e88b36255b276223,23408,13539391,136970,23337,13550209,136970
e89b20cc1e9a7066,83741,73861858,131398,83692,73871022,131398
e8b724c3615fcff4,10002,139582,139057,9937,150038,139057
e8d8f5cb31ca1d7e,109263,99400889,139053,109203,99411969,139053
e8e69327fe518e91,55708,45860205,139163,55641,45871007,139163
e91a1a51c230d55a,93121,83266135,131540,93089,83275613,131540
e93389ea0c8fdd31,95897,86024235,139460,95839,86034717,139460
e93b58689351f7a8,113243,103380799,138798,113183,103391642,138798
e93b674b5856cc7a,55888,46018910,131570,55828,46028346,131570
e94e36b11ab46b8e,40540,30700205,139177,40484,30714896,139177
e95d0ae3b359e33b,99698,89784126,117052,99722,89792504,117052
e9740c58c7193f53,96714,86840840,139339,96656,86851383,139339
e9c24f479238fb5d,107439,97561883,130802,107375,97571100,130802
e9c31cc796099659,25308,15440728,141993,25247,15452117,141993
e9f0f36cf2f6c868,118496,108621753,130724,118432,108630781,130724
ea3cbac12528eeff,59670,49800326,139143,59624,49811499,139143
ea472129def2d6f8,84101,74260688,138780,84043,74272951,138780
ea4957f57efa9e6b,117561,107721341,139187,117502,107731745,139187
ea56d75b49ea243d,106300,96424362,113538,106291,96432795,113538
eaa28993c1e84b98,72384,62487878,129614,72368,62497444,129614
eaabd522abe7b86f,28869,18980497,130743,28844,18990854,130743
eac1085d93bb4d05,105508,95641769,131928,105443,95651127,131928
eae417d475b8d916,100754,90884331,137960,100693,90900315,137960
eae6ee1410d390b9,30551,20679893,138681,30494,20690764,138681
eb030bc4bd43eaaa,90666,80803955,137936,90595,80814553,137936
eb04ba7ba0a03239,73521,63660704,140334,73454,63670892,140334
eb34807f825effd0,106251,96405156,101806,106242,96425445,101806
eb42ffd765ccbcef,25788,15919723,136535,25733,15931394,136535
eb443df387079b1d,47247,37378717,131355,47186,37388096,131355
eb48fa34a50894ca,57878,48003825,139172,57825,48013367,139172
eb6a480aecffbfc9,71276,61407275,158430,71219,61421666,158430
eb9662cffe144c67,50114,40243211,137872,50036,40255768,137872
ebea0af9dc3821c0,26357,16503172,138210,26297,16514489,138210
ec05abe338990100,102675,92780967,139579,102650,92791264,139579
ec0992f2bbe7f234,71471,61604217,138362,71409,61616300,138362
ec17412dd57e7f7f,20333,10479784,139039,20259,10489528,139039
ec17d1bf809dad99,103651,93784242,138155,103576,93794207,138155
ec299a6902aa264b,52335,42463661,138365,52277,42473789,138365
ec2c23f716d1674f,65473,55606843,137756,65417,55618988,137756
ec33395b25a163c3,106398,96496776,115175,106386,96504986,115175
ec385e7c355f94c7,46257,36400084,138610,46180,36410515,138610
ec5592552b33e3bc,18374,8519646,138659,18299,8529027,138659
ec64c595f23b8b6d,29960,20099866,139210,29890,20113582,139210
ec665f2f6dbe4be9,50201,40343650,138534,50132,40354298,138534
ec7c7e11e0dccab5,13803,3959430,138060,13741,3970946,138060
ec905bc718ff488a,40191,30299080,133166,40140,30308696,133166
eca6440806eae715,11378,1448770,144261,11388,1459312,144261
ecaef45447488e5c,38169,28278916,132445,38138,28288543,132445
ecfea5067ca7293c,103113,93261620,131966,103052,93271662,131966
ed3570969053b715,104535,94639312,130295,104518,94649096,130295
ed35e5f06fa37c2a,55012,45163681,139453,54950,45174485,139453
ed3999f6fd5170ae,77372,67503214,141326,77289,67513683,141326
ed54149212833cb3,23994,14122038,140806,23933,14132665,140806
ed54fe57da49f11e,73490,63623857,139280,73425,63634004,139280
ed606dc9ca4931a6,89083,79221072,140368,89022,79231366,140368
ed6e77a90389e797,76170,66327087,123728,76140,66342203,123728
ed8aea62bd525ffb,91103,81286819,343581,91080,81313673,343621
ed90fb155502194e,53374,43546872,347698,53343,43576565,347738
edc801364a9fcc32,15347,5458086,129523,15318,5467726,129523
edd391e467cceb01,106618,96719531,130492,106586,96729259,130492
eddc538c14278ae3,10064,202984,138559,9994,213383,138559
edebd55d9e59360d,118057,108173345,131676,118026,108183109,131676
edeea97b8003511f,92995,83124775,139891,92934,83135276,139891
edf40a91719bf96e,84514,74644082,139546,84452,74653702,139546
ee09696e6b6ff86e,111094,101221042,139174,111037,101231338,139174
ee2408dfa971d694,15060,5182789,113919,15047,5192133,113919
ee3b1da03ef698ba,14245,4379605,138452,14184,4388885,138452
ee4b564e684251c9,91200,81325776,130535,91181,81335735,130535
ee4de5b7dd893801,114345,104442059,132309,114326,104451365,132309
ee720156e22ae15b,57749,47880313,140198,57700,47890263,140198
ee88b65a68e13b56,100562,90684312,139285,100503,90695174,139285
eea2755f12726342,110730,100864388,138156,110660,100874328,138156
eea82218c0f90e0a,85968,76120651,139728,85900,76130588,139728
eed62b5d89855b73,12420,2559685,138417,12360,2570639,138417
ef0545570490e50f,70203,60340653,138428,70145,60354769,138428
ef10b48009694e70,79662,69742977,116093,79676,69752061,116093
ef19f570ea5e636d,18466,8619584,138357,18403,8629493,138357
ef2f884a0522755c,11692,1798635,132999,11613,1808923,132999
ef599dbb8b745d1e,85074,75200807,139100,85016,75210359,139100
ef791f099a6c056a,101695,91799381,130443,101668,91808448,130443
ef865941be279207,31843,21918369,129887,31821,21929818,129887
ef91d13cb0233511,44638,34763326,136349,44578,34773373,136349
ef9e5bbcc8f76f57,88232,78364596,137974,88172,78374739,137974
efabe773a4d55de8,10843,979873,129397,10806,989614,129397
efc2b0f02025f6b5,114282,104382203,132356,114268,104391748,132356
efe0c67640a83643,43030,33161302,133039,42954,33170980,133039
eff73574026ee502,76633,66755629,132335,76577,66765462,132335
f003046e813eca7f,66259,56381096,130997,66202,56391727,130997
f00333bc13caf4a3,83679,73799226,131028,83637,73808185,131028
f00ba1fa66007ff4,109296,99424257,138388,109235,99434750,138388
f029dfdc9ecf8c6e,98455,88601326,139781,98386,88611681,139781
f04b34490bf3799a,72874,63004018,139381,72796,63013871,139381
f077873373379c63,45354,35483180,138108,45296,35493208,138108
f09448fa950a3a5c,56180,46302969,115276,56164,46312494,115276
f09a72929ba2bafa,32570,22703767,139133,32514,22715346,139133
f09c9b85a948b9b4,19152,9260342,130702,19119,9269866,130702
f0c1f67ecb406caa,109390,99523839,138028,109326,99533591,138028
f0c8fea27c34d420,112480,102601596,142098,112445,102613127,142098
f0cb1fd316844409,119636,109764793,140294,119583,109779987,140294
f139035a68bb3980,77053,67136151,114168,77026,67144762,114168
f13f44aff8f7fa4a,105101,95259469,130991,105039,95269328,130991
f147515cecaa65d3,104751,94864336,138250,104704,94874232,138250
f149d07d7da915e2,85881,76020551,138802,85804,76031355,138802
f15c3042652b96c2,73234,63367166,156406,73175,63378563,156406
f1632954e6edd3c1,62638,52738744,130786,62631,52752472,130786
f16a9888c405c238,22315,12463384,139069,22253,12472816,139069
f18db65b89fcae91,27295,17420161,140468,27231,17432651,140468
f19f24bf86bf136f,101880,91999354,131191,101834,92009468,131191
f1ad0dd7f5de7c75,15285,5379975,129779,15263,5389556,129779
f1b9b8e9864e5298,66008,56160217,137975,65945,56171506,137975
f1c49a804b9b5057,81887,72001107,130748,81825,72010986,130748
f1c9945249789720,77637,67764108,139776,77579,67774344,139776
f1f59f6614a5f761,10782,918360,131059,10748,927936,131059
f206472158a34583,63865,54003464,139338,63793,54015517,139338
f2080620d63625ba,84482,74620545,138455,84421,74630440,138455
f22fd689a7ca899b,62669,52760906,130865,62661,52771523,130865
f23a6bb971420f0c,46198,36339832,137359,46128,36349975,137359
f245036ba9e1d1b2,105756,95904105,137868,105694,95914676,137868
f248d91e456c74dc,43154,33300572,141952,43082,33311087,141952
f24cba2003264ec7,38317,28438993,132948,38258,28448647,132948
f24e2a1162834c24,81707,71801379,131232,81674,71810803,131232
f24f4fd0801fd55a,94591,84721061,138621,94526,84731149,138621
f26ef3c32d9857a9,14340,4479584,138384,14274,4489226,138384
f27c0d5a9a31f39a,68751,58861374,130266,68716,58872293,130266
f27f95ef508ffa86,63709,53844047,138526,63647,53855703,138526
f29ba845c23593b6,83862,74001242,142802,83796,74011710,142802
f29d95ffb1629768,80065,70180805,140444,79967,70191064,140444
f2a4852cb00db2a4,52002,42140129,138358,51937,42150441,138358
f2c36a74f6b30015,110612,100741009,139725,110561,100751406,139725
f2c66b99f240831f,88986,79120873,140522,88927,79130811,140522
f2c97e7fb9d7b8d5,20209,10343595,138790,20139,10353488,138790
f2cea1e846886e07,51662,41778727,130436,51629,41792694,130436
f2eb833aba1dc9d9,56831,46918525,131361,56817,46928283,131361
f3021f239eab55be,30114,20259768,138669,30044,20273513,138669
f3026c3a72b0ed25,12667,2819505,138323,12602,2833830,138323
f32194b311019b9d,77022,67111675,114668,77000,67120216,114668
f321a5a83b58e60b,64233,54364206,140064,64186,54376423,140064
f325b4a3868e6b13,111907,102040808,137888,111847,102051530,137888
f32bb4ce7071db4b,108920,99073882,140858,108855,99085081,140858
f339df38c871b45e,75323,65458909,128963,75259,65468786,128963
f33ded07a72825ab,63455,53584222,160115,63399,53598180,160115
f34866b9155c9f9a,93744,83880644,138917,93676,83891424,138917
f395c4c3b8928b19,60014,50158887,130722,59947,50170586,130722
f39a53a89f202ee0,16328,6463343,139570,16259,6473892,139570
f3a27de2098ff8ca,113307,103440884,138552,113245,103451004,138552
f3b898cb83f051e9,52658,42783218,137942,52594,42792575,137942
f4054a6a34c84ebe,96251,86384553,138817,96187,86395520,138817
f40677a007c9648b,90101,80260664,139538,90041,80271209,139538
f41c6ff25ef7aefe,111626,101780967,139255,111564,101791038,139255
f41db2712ba54a53,62035,52180534,138720,61969,52192524,138720
f43b95a319a3fc99,20146,10279574,137806,20081,10289484,137806
f441a030efc7098e,104896,95024423,139100,104820,95034957,139100
f44f18fbb421399e,16008,6139447,137497,15948,6149527,137497
f451329a474a1298,37222,27361021,131953,37152,27372635,131953
f46119a5e281af81,67180,57339267,131495,67120,57352319,131495
f46d9af0cfd979d1,91150,81303661,101000,91132,81320768,101000
f47da180fe3e0267,23437,13579705,138589,23360,13589766,138589
f484bc4db69b1c20,37527,27659950,138964,37471,27671013,138964
f489b7e9d332c3ee,29182,19320181,139229,29131,19334859,139229
f497ad1be5ef6dfe,24335,14483005,138098,24271,14492322,138098
f498439d9cac3c2a,91783,81920584,138209,91700,81930581,138209
f49a888d662279ea,48040,38160070,138909,47986,38170333,138909
f4add8d195ee16a5,59119,49242888,142240,59069,49255005,142240
f4c30c39674e896f,107654,97800808,138794,107584,97810086,138794
f4d7b1b8352f273a,34430,24559893,138883,34374,24571566,138883
f4df6fc98cb43626,12544,2679436,137192,12477,2688853,137192
f4e90c47d19909fe,70679,60783170,142359,70648,60794789,142359
f522a144d388b6e0,81582,71679563,132515,81560,71691707,132515
f5256ebc1e2d039c,102765,92879493,130630,102726,92889288,130630
f526ba3a5af5a2ee,52689,42819926,137881,52624,42829871,137881
f52c73250b62556f,18062,8199811,139448,18001,8210587,139448
f53e32af4c9616fb,117465,107620899,138872,117401,107631137,138872
f563c5d93f6821be,81322,71506852,348314,81300,71533572,348354
f57fa341d136002b,101630,91739219,129732,101607,91748421,129732
f5a9689a65ec6b29,14929,5060118,138913,14870,5070284,138913
f5c0b516bc6299c7,86778,76924185,139072,86714,76934245,139072
f5f2f0cafe9aa24b,94087,84240744,139483,94022,84251852,139483
f5fec17bc765f7d7,72845,62980499,139671,72773,62990593,139671
f60205827bd40e73,105252,95383979,143603,105192,95394656,143603
f604582fbf9f2e92,105041,95181519,131392,104972,95191836,131392
f607bd562718c3f9,37440,27598897,133366,37381,27612635,133366
f608c406efd8e7fc,89337,79439042,129545,89315,79448497,129545
f60d59413b4afe1f,117434,107580758,137445,117361,107591512,137445
f628181df9193b30,40221,30338864,132721,40164,30348082,132721
f62fcb386c09549c,95265,85379486,131272,95231,85389304,131272
f6334ba1fb9f3546,110581,100700776,137553,110535,100711229,137553
f64ccd13651c72d7,93090,83243860,102393,93058,83262711,102393
f65ed412ee6356be,92146,82280705,139437,92088,82291027,139437
f6681c887db22d08,109037,99164330,138991,108979,99174414,138991
f673fa95f6743bdf,85354,75467379,132226,85325,75476460,132226
f67836667ca4a36c,116547,106664208,138685,116486,106674173,138685
f67b238706775f51,99086,89192306,132221,99068,89202235,132221
f687adaa16259b1d,38800,28940823,141500,38742,28951248,141500
f6abd90fe2d862d8,33258,23383372,139141,33201,23395699,139141
f6c18a88c659d729,84764,74902679,130461,84694,74912634,130461
f6d9c7de37d240a0,40950,31084113,140190,40888,31093497,140190
f6da905ce4b4aaf7,31352,21575452,342779,31374,21611781,342819
f6f971f8512e19da,63925,54080545,139131,63863,54095522,139131
f72f76293ac5c49b,83951,74100707,139364,83881,74111150,139364
f738d1c5d60ccf12,17397,7502740,137435,17351,7512770,137435
f7422b3395e504f1,89826,79960705,139226,89745,79971045,139226
f74609eabe5ff2e5,88016,78164322,140183,87953,78174748,140183
f75410e7b1278106,50231,40380042,138224,50162,40390433,138224
f763b80e6238082b,68081,58220491,139683,68026,58233448,139683
f7872ca9cb3ca443,65570,55700430,138967,65511,55712346,138967
f78f3a2abc432b96,24120,14259797,139125,24053,14269375,139125
f7a7211966d0cabe,90222,80360628,139304,90164,80370723,139304
f7a9823b0f24b029,105602,95752897,142895,105532,95762558,142895
f7d0ad4a169f1262,117311,107441789,131124,117243,107451427,131124
f7d17df6329833ba,56798,46896361,132370,56787,46906038,132370
f7d61679fab466c6,63741,53878932,130446,63676,53892937,130446
f8015c4187307a2e,62540,52663158,114559,62536,52677255,114559
f804d7454be49dc0,50635,40763336,139468,50573,40774022,139468
f80f4649f53a606e,42614,32741478,133200,42554,32750545,133200
f81f52d2d6e071b7,40364,30498770,132035,40278,30508303,132035
f8452e1ff43eb703,57435,47579514,131174,57359,47589026,131174
f84ae82eca488e1d,22440,12599647,138021,22379,12609482,138021
f854eb2ab6f02dc6,40759,30886175,137454,40704,30895736,137454
f87f01837867385a,36812,26939830,138433,36760,26951179,138433
f886e3cc9db24c92,66129,56260651,140256,66073,56274233,140256
f887cbea4a1a2baa,59639,49763917,139770,59593,49775675,139770
f8f01872ddd7e828,110427,100539323,130030,110397,100553564,130030
f90035c849e39c7c,105188,95316637,114646,105128,95324846,114646
f90118fd8bafe408,15469,5582761,137805,15422,5592507,137805
f9119d303ee73b1f,32698,22839755,137890,32639,22855821,137890
f9281bba904e8d1f,71598,61740287,138439,71530,61754377,138439
f932cf1af7d19556,18094,8223128,138167,18033,8232968,138167
f95257966efa4837,53871,44000389,139629,53819,44012224,139629
f9537a5cd131d613,26078,16219862,139474,26018,16233991,139474
f96f5d4d71e3e6b3,61817,51960630,139412,61753,51973557,139412
f97971f64d601eca,90448,80580949,139258,90387,80591144,139258
f9992440a0d2c81e,14213,4342810,138730,14153,4352061,138730
f9999b98ba37b4d4,31601,21693944,130239,31626,21708328,130239
f9a0a1956e6bee9c,108802,98940888,139191,108726,98951133,139191
f9b4e7e2b137f8de,85821,75960506,138235,85754,75970430,138235
f9c4670ae1ac7b78,25821,15962955,157942,25766,15978804,157942
f9d55a1dce98cc0e,71309,61440333,138247,71251,61452777,138247
f9d784e001197360,36416,26560092,138513,36344,26574608,138513
f9db4bdc213cdf23,74733,64861356,129945,74671,64871079,129945
fa346930e03db931,76831,66963201,73673,76821,66969067,73673
fa5fc06b5a92972b,115756,105881853,130626,115696,105891164,130626
fa6acf373d49ee99,87569,77679309,130772,87533,77688225,130772
fa873e9b1ecc2318,38580,28738925,132238,38518,28747998,132238
fa88518d12e24723,113049,103181040,139319,112991,103191106,139319
fa92eab4d4ccd8a6,30454,20583220,137822,30398,20594067,137822
fabd3ace8c710045,51973,42103860,138320,51912,42113867,138320
fb03872b27f980da,69105,59260270,138142,69048,59281772,138142
fb0d2a099f52be00,69046,59200387,138090,68982,59214122,138090
fb12134b10f97fa7,63036,53160163,138191,62975,53171127,138191
fb16dbc6d059bb6e,61880,52020376,139559,61812,52034361,139559
fb193d1b30438908,38898,29023391,139428,38838,29032871,139428
fb434d8510a7622b,71154,61303763,138508,71097,61316203,138508
fb4ef9905df2ec8c,115167,105301031,139948,115110,105311961,139948
fb52616626f05708,90416,80544205,138729,90355,80554083,138729
fb63314bde4d5b17,107685,97840929,138690,107621,97851119,138690
fb7ac9f51c2f460c,36328,26459698,137457,36272,26472274,137457
fb8dc8e333169276,21568,11719638,137660,21500,11730545,137660
fb9fb56b751593fa,70709,60820408,137333,70673,60832253,137333
fba4dcc57d21cdf3,85386,75499156,130477,85358,75508583,130477
fbafe2383d65dd36,29898,20023428,139619,29831,20035235,139619
fbc6487081785b3e,56435,46538416,128842,56407,46548309,128842
fbcc35f28f4ce9b5,103083,93239343,130629,103020,93250070,130629
fbd7b8c2723d858c,57909,48040233,138656,57855,48049974,138656
fbd9d2ff77455810,39183,29319041,133088,39114,29328674,133088
fbf5215c71a745ba,38077,28180746,142767,38058,28191733,142767
fc1f68cc228298e8,79295,69420078,131709,79227,69430636,131709
fc26ed31047ed90b,93428,83580969,139758,93389,83591492,139758
fc29b2debc34b0a8,116273,106379839,132209,116252,106389702,132209
fc29ecd20f5d4aed,54624,44720046,138069,54572,44730603,138069
fc31482ac1e64a4c,119767,109900744,138037,119713,109910991,138037
fc3b67f2fef31cf6,80320,70480407,138804,80260,70490504,138804
fc451eea1076350c,77143,67240934,129651,77102,67250025,129651
fcde01cb274ac0b6,60709,50819083,130345,60716,50832604,130345
fcdf4b69815a5469,26960,17059956,131650,26945,17072284,131650
fcfef53cb3d42748,65409,55543924,159745,65354,55557360,159745
fd0176fee2141d44,18560,8719792,139342,18500,8730242,139342
fd48893c4913bdc6,73856,63984317,139659,73798,63994427,139659
fd4ece1e3ec2b3fc,60387,50520372,139186,60333,50536336,139186
fd62899ccbb41521,52151,42299931,137304,52087,42309982,137304
fd6a400d4282bf69,49998,40119789,137669,49944,40130288,137669
fd7f9894012c65bf,33450,23565882,130563,33446,23578049,130563
fdbc3ac005af8930,96467,86620620,138485,96401,86631122,138485
fdbd025199d9bbf7,52280,42440255,138574,52220,42450425,138574
fdc24c1270949b09,52401,42523852,139115,52343,42533947,139115
fe03f9ef0bac4585,68146,58280294,138121,68090,58291528,138121
fe1b34682a6005a7,61048,51163466,139362,60998,51176573,139362
fe1da2eac12c9029,15673,5819789,138001,15600,5830136,138001
fe2a6b61ac65a310,98547,88700672,138379,98484,88710669,138379
fe2af7c7d0525028,105478,95619522,131266,105413,95629386,131266
fe46134b3ded4da5,34180,24339543,136864,34122,24354531,136864
fe486a04d5ef4b19,93214,83359315,131326,93181,83369295,131326
fe4a5ec6d40dede3,104047,94179297,129727,103986,94190728,129727
fe63bd72fc627a31,103181,93339694,130763,103120,93349638,130763
fe66e7287aa3b54a,26388,16539790,138814,26328,16551084,138814
fe85d12d3061b251,66883,57003902,137683,66834,57015111,137683
fe9a2641fc19d059,47473,37603345,137919,47407,37613341,137919
feae87b0034dbcef,117747,107879427,130111,117688,107889463,130111
fed7e767b040eed7,66762,56878840,130413,66732,56891905,130413
fedbc0943ddcacef,109167,99303778,155714,109108,99320471,155714
fef43d9feb60c19a,88488,78624038,137765,88423,78634319,137765
fef85c0c4883de19,112417,102521567,130378,112389,102531108,130378
ff019855a33a85f0,33128,23259701,138395,33073,23272726,138395
ff106cf728415d87,118090,108199705,130703,118059,108208870,130703
ff2a99e48b22b444,105787,95940986,138853,105725,95950446,138853
ff2be3c6a4726461,44032,34142869,136754,43988,34153000,136754
ff3bade86a10afd1,56587,46779732,357550,56573,46807015,357590
ffa56c9cead2bb7e,82300,72424107,139626,82241,72435071,139626
ffa78ea1523c1e31,13900,4059865,139111,13840,4070740,139111
ffb1e60d74250451,63678,53820681,139880,63617,53835808,139880
ffb1ee697bbbae0f,86375,76503817,137665,86314,76514322,137665
ffd95d0718ff1fcb,106494,96599599,130340,106477,96613235,130340
ffdeaa56fc4f4f6b,87538,77641759,130963,87506,77650670,130963
fff8c4b11e578d46,98241,88380938,139991,98175,88391248,139991
fffbf5a9e39f2e03,31170,21299991,137469,31115,21311484,137469
