content_hash,rtsp-0_pts_ms,rtsp-0_arrival_us,rtsp-0_bytes,webrtc-0_pts_ms,webrtc-0_arrival_us,webrtc-0_bytes
0006a33845da1b82,104205,94290600,132979,104076,94300964,132979
0007ca2002501b4f,101793,91913053,142056,101623,91923018,142056
00193ba7c601d51e,21509,11651944,138162,21337,11662372,138162
00297d48f95ac49e,28162,18288746,139012,27971,18299210,139012
002dc2c9d6c74460,67570,57647717,129880,67402,57657908,129880
0030385f0f17287c,102642,92768363,131553,102456,92777668,131553
006835e80a62d27e,108781,98929740,138751,108612,98940210,138751
006b802774b6925f,114153,104281838,139267,113988,104292377,139267
007b371db0f409cb,31891,22008617,138470,31707,22018351,138470
008a0678ae3e176f,79544,69648856,136116,79394,69658755,136116
00982e774a535ab8,10330,449559,139538,10161,460314,139538
00a2aa8c9b6e184c,34144,24288478,137300,33972,24298984,137300
00b6cfb7573437fb,16794,6908295,137437,16624,6918883,137437
00c5c465e20ce7ed,88406,78549432,138297,88234,78559355,138297
00cb2cef3b590279,45386,35508507,136710,45219,35518558,136710
00dcee71f3549aa0,68646,58789043,137803,68480,58801887,137803
011518fd897617fc,33318,23432138,138717,33146,23442115,138717
011cdd813d527fbf,100624,90748530,131403,100449,90758176,131403
011d573d0f2776ab,43284,33387279,129630,43146,33396416,129630
011f5c2cfa1bebed,67681,57773206,138039,67486,57782915,138039
012391c47282b0c3,110762,100889725,137613,110595,100899388,137613
012e4f708faf3a37,29437,19594047,341168,29291,19621944,341208
01464ee50d80c6ec,26762,16887261,130842,26593,16896888,130842
01618bf3d69ae69d,30713,20831450,154682,30545,20842814,154682
0171b290e402e8a8,64769,54909231,138929,64596,54923025,138929
017524f7e6692f8c,60745,50868933,136893,60567,50885223,136893
018fea6d2f212981,105118,95248794,132399,104950,95259072,132399
0192543053448591,91809,81930105,130900,91631,81939835,130900
01a84749456c0e13,106817,96932018,131605,106650,96941834,131605
01b34f2ee4c325fd,86641,76788801,135581,86471,76798805,135581
01bb9333aafaa3f9,56110,46229222,139340,55951,46241729,139340
01e1cc0665a712b2,96176,86319537,108313,96059,86340530,108313
01e570601ea3da81,106761,96909809,140051,106591,96919597,140051
01eb8fe6d075b9d6,49591,39708879,138097,49420,39720499,138097
01f73261580414e0,45048,35172333,138167,44861,35182915,138167
01fc2dbec65d261f,58359,48447482,129321,58247,48481850,129321
01fdca213e26b390,69513,59590082,127441,69370,59601495,127441
022ee3b72e51ff7b,63870,53989392,137232,63709,54000358,137232
02300417b4b877a4,62750,52888951,138106,62572,52901828,138106
023f2e947702defe,24009,14085204,129346,23862,14094651,129346
02443704cc8ab56c,92933,83049483,138276,92731,83059615,138276
02547c2314c55d8a,54630,44729480,140690,54518,44742155,140690
0268fede5c6c5b68,16230,6396425,351000,16096,6427961,351040
02ab187edcc2ecc3,70457,60572361,137374,70287,60582544,137374
02bf6866e349cb17,13650,3771372,130891,13474,3780649,130891
02c4a2147565d84b,14741,4850189,132662,14587,4859845,132662
02cb2640f649c6bf,33665,23768658,138353,33527,23779055,138353
02cf7667a4979c3c,15161,5308564,138581,14994,5318302,138581
02ef953a01544c6c,78473,68609220,136799,78296,68619258,136799
033f3296237b1cab,13960,4108815,140337,13791,4118921,140337
034c7dadaa8d70cc,59808,49948832,136965,59639,49959725,136965
034d2339941a1331,51052,41171357,141476,50855,41183157,141476
034f35f9a5dada62,96544,86630572,132191,96404,86640463,132191
03526cba2aa993de,97544,87670783,132554,97361,87679759,132554
035b22df89e76e17,10298,412664,140851,10130,423096,140851
0373caa2d92e6552,77272,67367771,129148,77177,67381116,129148
037cc286c7fbbe1c,44628,34687248,128580,44503,34697999,128580
0389c3499b89b192,34650,24772257,139770,34477,24782428,139770
038ecbcf043db909,94163,84344890,397049,94045,84376885,397089
039fe2ddf4c2b97f,59466,49588683,136427,59300,49599618,136427
03bf254d5925dadb,96123,86301542,381675,96001,86332617,381715
03ced0539a042b7e,83780,73912286,137031,83602,73921675,137031
03d69abadb4c4fa5,14680,4788193,137013,14534,4798117,137013
03ee9336ff81c919,76482,66608964,136756,76306,66619978,136756
03fc6e23b12f31df,113836,103972755,137113,113663,103983238,137113
0403b7f2e5276e7b,91991,82130360,139083,91815,82140667,139083
04252969991dbac9,62993,53108828,135993,62795,53120927,135993
044d7a43a396506f,96949,87088565,132878,96770,87097982,132878
0464c77a77bd97d7,112479,102609779,139081,112292,102620436,139081
047d21a29b4a26c2,80081,70195378,155010,79914,70206413,155010
04c06fb5146796df,42509,32632102,138367,42327,32642307,138367
04c8a5e5ec1fad13,96721,86828453,132129,96545,86838455,132129
04cdad8d612b1689,90852,80928173,130751,90675,80937227,130751
04e239f2abaa0cb1,57509,47632490,138060,57339,47644040,138060
04e304eac853c6dd,40796,30935296,156623,40624,30946300,156623
04e3d93a281f5f27,85915,76032339,137763,85747,76042122,137763
04ecfef6f92807f8,11785,1909654,133048,11604,1919313,133048
05167d69ed063741,83995,74111938,153295,83826,74122735,153295
051a9cbea538b987,96451,86531001,132443,96323,86540846,132443
051c94bb027ee4e3,37886,28009133,140152,37708,28020139,140152
053f08155e58f0d7,118979,109093870,140301,118811,109104695,140301
057bd5e9c883f119,44081,34193147,137027,43913,34203535,137027
057f6ded116596d9,84934,75103411,391049,84804,75136157,391089
05834d17abfd7728,109784,99908140,129546,109616,99918170,129546
059056ef32f6a21f,118696,108833682,139493,118524,108843995,139493
0590a715c28ff6ee,74585,64728952,135807,74413,64742384,135807
0598e767e1de0ef8,30560,20708734,138785,30391,20718980,138785
059aba77a48042ab,54900,45028913,137834,54723,45043105,137834
05ab4f3ff60cdf05,87543,77669472,138772,87359,77678973,138772
05b2d8fe2643b24b,41424,31527189,128913,41285,31536155,128913
05bb0493219e7bb4,67390,57463322,115047,67251,57471801,115047
05bdfb9db5c45067,87336,77442498,137659,87190,77452002,137659
05deeab683630b9d,76420,66549006,136836,76248,66562889,136836
062ebf0dd546b44c,97979,88093128,139376,97810,88102731,139376
0646ac53a206613b,29775,19908949,129026,29629,19918135,129026
06a6fc4c7cf123a0,62446,52551977,137056,62327,52563737,137056
06b4e902d3c4ad59,89141,79228160,130258,89014,79237478,130258
06dfd5e0bc5ca20e,101394,91528754,133878,101214,91539077,133878
06e2cc2f8e408803,65863,55989324,138423,65690,55998856,138423
070577ad67560162,57100,47249380,139151,56934,47263738,139151
072fa3b47802a97d,101207,91329608,138545,101036,91339932,138545
073b665a7f0e6810,118296,108416391,156892,118124,108428839,156892
07513c383d7206b7,106470,96570878,132508,106300,96580127,132508
075de1b9a6b02ac8,85672,75809399,138785,85491,75819315,138785
07757092af7e0488,117570,107668342,130326,117422,107678655,130326
077f713cf5dff0e7,64345,54449270,138822,64223,54460734,138822
07835c9967b5270e,39093,29208892,138695,38925,29218511,138695
07afcd85812241e0,106228,96310866,132465,106097,96320382,132465
07b012b7315f1be1,95592,85712858,137481,95416,85722607,137481
080b63f8befabb69,13301,3412378,140675,13135,3422281,140675
0812846bb6a04427,45886,36028686,137106,45713,36038696,137106
083e7953a91522a2,36288,26408889,139131,36121,26419264,139131
084e0d4bf2134e58,111611,101729646,137589,111442,101739259,137589
085657cb874e7739,49008,39127328,129730,48831,39140983,129730
08ba2c46cea07773,50666,40752665,136921,50573,40765050,136921
08c7ad453fbc05a7,119111,109254115,102344,118976,109273073,102344
08cd7c0c694e78a5,97914,88033126,139696,97746,88042711,139696
08e4c259b4ab474c,42477,32608736,137615,42297,32618964,137615
092da988d37a8759,11535,1649536,131616,11366,1659222,131616
094d2f9d1d9b26a4,105465,95592989,139013,105284,95602695,139013
094eef1bcec3967c,115862,105969933,139345,115652,105979912,139345
09592b99624497f4,17928,8048358,137350,17760,8058372,137350
095bbcd52eb59c62,103130,93249606,138224,102960,93259267,138224
0962ed0f6ca9a87f,33390,23532662,100761,33260,23552278,100761
097039d0c6f7c8cf,46927,37007251,129248,46721,37017056,129248
09902e811377bbfc,77400,67489355,138910,77296,67501505,138910
099825de60cc8c18,74957,65075047,153495,74793,65089514,153495
099e138d8a04b317,69233,59329350,128639,69107,59340144,128639
09a1a2558f42a5be,108593,98728672,132422,108412,98738872,132422
09b7bdf060e8cecf,26088,16207451,130998,25921,16217281,130998
09c31477df3bfa19,116806,106950000,140019,116637,106961233,140019
09c471658acedd5e,13333,3452436,161611,13166,3464054,161611
09c6eca8b03533f5,20274,10377955,128000,20150,10387696,128000
09f235d699f6c729,49622,39748725,137249,49450,39762231,137249
09f66de236188126,49181,39309445,130181,49003,39320519,130181
0a0495649aab5142,90376,80485496,99961,90308,80510450,99961
0a04e93c02b14c41,41046,31168735,137832,40878,31179282,137832
0a0d979d71ff750d,53465,43587609,129870,53295,43598051,129870
0a1a43d6b7844b66,35081,25191740,137753,34913,25201534,137753
0a1c546f8db5e24e,58670,48772224,138174,58523,48783941,138174
0a297041381fd3dc,79720,69832132,137097,79536,69841337,137097
0a44ce3847a0ad4a,72189,62309006,137635,72025,62323742,137635
0a64a82552193c89,110060,100168235,129756,109918,100181974,129756
0a7da63b3d3ea596,29744,19887223,129989,29599,19896775,129989
0aaec043820601e7,98075,88240621,374197,97938,88270477,374237
0ab78229066537ee,86858,76989246,136575,86690,76999126,136575
0ac29b6d9a387cb2,113525,103589721,138663,113339,103600285,138663
0adc00dd4d3db34c,63123,53248869,137528,62959,53262949,137528
0ae97800e91650b6,98421,88528493,133111,98281,88538193,133111
0af6804b0aa0c477,119322,109428304,129761,119183,109437541,129761
0b0a90ee20dbf8ee,51824,41969119,138300,51654,41983717,138300
0b273dca25d6f207,40299,30412280,138709,40131,30422391,138709
0b2e402cb17d2c69,97452,87570675,131487,97275,87580103,131487
0b5b27d1d2b63441,89990,80111009,139548,89821,80120622,139548
0b60cd295e4e9270,21805,11902192,131231,21674,11911944,131231
0b62844f37f87253,64119,54234360,131318,64006,54252448,131318
0b7b5e358dec5cd3,83962,74072396,136877,83793,74082445,136877
0b988e41e06cbed8,50207,40327472,130307,50036,40340394,130307
0ba0d04f87edd30a,114024,104152400,154170,113860,104163865,154170
0bab00b3b94ef184,118231,108349610,137583,118061,108360699,137583
0bb0e6e57f840278,11754,1887180,131248,11575,1896840,131248
0bcf56a857d1f15b,83037,73178896,96993,82927,73202968,96993
0bd7d978851daf14,89741,79889106,136911,89571,79898989,136911
0bdc703c37396475,84026,74148845,135538,83858,74158717,135538
0bf8c4ceb26e1b7b,90928,81029205,136846,90720,81039158,136846
0c08ce75ded0676d,103945,94118927,361120,103816,94147601,361160
0c0da6496ea08d9d,83723,73848990,136190,83530,73858352,136190
0c2251a0bdb3c3b9,97135,87254423,166518,96968,87267010,166518
0c274e8ca9725134,110339,100452719,137774,110172,100463433,137774
0c35fdf44960cf4b,41793,31912388,138599,41613,31922568,138599
0c531d8ef8b35d2a,16580,6671470,137786,16441,6681373,137786
0c72fa524d0dc624,108564,98691157,133685,108383,98701750,133685
0c8a38c81d956f71,26889,17011941,136710,26715,17021846,136710
0c9f434c0d0bec28,86761,76888950,135897,86593,76898650,135897
0c9fdea6e070ef6a,86987,77101103,128207,86865,77111651,128207
0cd9994858edffff,10778,870046,133112,10636,879502,133112
0ce28a2202342500,30312,20431940,138764,30129,20442522,138764
0cede21155e1e30c,11724,1849927,132132,11547,1859684,132132
0d0267c5b569cf83,84978,75119468,96699,84853,75143435,96699
0d03bdd4962401bb,31340,21488685,139311,31179,21506944,139311
0d0b93e007a8257b,99441,89568293,131230,99263,89577856,131230
0d0c42fe75b97fd4,36075,26208715,137870,35891,26218718,137870
0d1131c8631e1785,65425,55552266,138432,65245,55563688,138432
0d1ddb4c70689b6e,116623,106751102,144957,116444,106761921,144957
0d22afd129fb6515,69670,59729409,139377,69488,59740449,139377
0d874241b235f3ec,47883,38009450,130385,47702,38020048,130385
0d99deec7701f2aa,67961,58109337,138242,67791,58119146,138242
0da78d0835f02656,92599,82650136,129968,92485,82659979,129968
0db64a465e9f2afe,84773,74892414,136085,84606,74902360,136085
0ddb5f48abfdfca8,34240,24388822,139493,34071,24399174,139493
0de711a5ce004132,19675,9808532,138474,19491,9818237,138474
0e1557d3bcbfdf03,31396,21555427,346946,31237,21585801,346986
0e1fd1b16e7f6ca7,81224,71307574,128487,81106,71316532,128487
0e242e828728c96f,103258,93390021,139715,103085,93399637,139715
0e2a18fc9e89471b,88099,78213110,140056,87926,78223194,140056
0e3602f0a6887f70,49904,40032119,137789,49727,40044823,137789
0e55435071de065a,118037,108153225,138687,117869,108163470,138687
0e6496be0acf74d5,77239,67343080,128814,77145,67378403,128814
0eac12d362b1a29f,109590,99709668,138440,109424,99719399,138440
0eb51f27945da9fb,73229,63370544,96640,73095,63398342,96640
0ec492f9156ca265,21643,11769201,131309,21516,11778493,131309
0ed8245613203819,84676,74792406,137052,84508,74802780,137052
0ee622c65b6069ef,84186,74309135,137531,84014,74319324,137531
0eee9bbf2fda7264,16068,6188590,138459,15900,6198471,138459
0ef660ba29b33707,106165,96248489,131215,106039,96258493,131215
0f0a737aa2f371f1,104331,94428287,130817,104191,94437678,130817
0f1071e60800fcaa,62540,52652147,138128,62405,52665640,138128
0f116fea1acbee95,55613,45748803,137474,55441,45764434,137474
0f1ddf906d16636c,51885,42028913,138582,51719,42042214,138582
0f240701d51c3016,73536,63648940,136880,73393,63663468,136880
0f56ebc1692743eb,110578,100712990,138909,110404,100722830,138909
0f58ab7f13cf5a76,31641,21747198,129902,31478,21756399,129902
0f5988b0a059feda,15514,5631816,138195,15341,5641177,138195
0f70f69af751a3e3,52792,42908944,138383,52640,42922520,138383
0fd730be15d3ce37,41209,31355315,121469,41074,31372981,121469
1012c07d87b0627e,116402,106528551,130837,116232,106537733,130837
10202bc36cbf75ce,69357,59508105,100933,69228,59555005,101022
10490c11cb6b7269,74400,64528925,136660,74227,64542695,136660
105e1aab64839c70,80369,70489220,137881,80195,70499707,137881
1068359c92b74297,94430,84510164,129922,94311,84519132,129922
10872559704cab12,112242,102350058,140349,112089,102359971,140349
10a66d8029779f9b,27834,17927104,128737,27699,17936688,128737
10cce130fb492cd7,118199,108313098,137918,118030,108323456,137918
10d51f3d2a6fafc4,86078,76192755,138400,85907,76202261,138400
10dd04a01ad0b272,61950,52069262,138971,61785,52081037,138971
10f429fe30cd665d,75374,65467556,127281,75251,65477947,127281
10f7f296122081f4,97390,87511255,132866,97217,87521415,132866
11208ea81d53eeb4,67654,57749897,140972,67466,57759971,140972
1125f2210e2ba522,56046,46168919,138261,55887,46183713,138261
11281dc2ffd41809,109438,99573200,138549,109265,99582849,138549
1145c9012e078c49,79066,69242206,380923,78942,69273925,380963
114e65bda9cb5d84,49494,39610028,138285,49325,39620899,138285
119d6da218389d39,26535,16652231,139317,26368,16662705,139317
11b82abbeac2508e,55018,45152114,137481,54845,45164556,137481
11c98bf1c38f22c2,40019,30152799,139854,39843,30163058,139854
11ceb2ebccc9b348,117319,107408155,128724,117195,107418723,128724
11e43cca715cbb3e,73034,63152081,137486,72871,63164524,137486
11ebfb3109cc8d5c,57541,47672236,157962,57369,47687563,157962
11fc8154deff49e1,69054,59212685,330789,68920,59255298,330829
11fd35832bed2df7,78283,68409073,137089,78114,68419272,137089
120b38c0ad06f20c,71655,61750026,130042,71505,61759216,130042
12202faf0d886537,36916,27052409,139201,36745,27063062,139201
1228528741e73da6,116306,106428883,133475,116137,106438874,133475
123b20cd3dc51479,37101,27229009,138860,36934,27239969,138860
124528cb4c499b55,37708,27808971,139521,37562,27818872,139521
1248765d396f732e,30746,20868333,136645,30578,20879014,136645
1267cd3dfc299e52,53207,43327483,129452,53041,43337901,129452
1281d83086596ccf,54505,44607647,129812,54409,44621891,129812
12aa284b2c61417c,13834,3969212,140068,13654,3978987,140068
12d26f6363c9e454,49526,39648696,137546,49357,39664187,137546
12e4f7b0fb9f486d,37616,27708895,139114,37480,27718307,139114
1325931a95585721,57036,47172276,136865,56866,47184392,136865
133839a5fd018f22,25812,15908743,139782,25681,15919544,139782
133c20a87ff76d30,53776,43911378,141498,53604,43923189,141498
135970dd28d52045,30681,20792224,137934,30514,20802362,137934
1361a586ca40f730,88501,78649331,138142,88331,78659727,138142
138a962fd0afb43c,80927,71049296,138516,80758,71059173,138516
13a5f60913be56ca,84742,74869405,137802,84574,74880067,137802
13a77ce0e31e6bff,77790,67912144,136501,77598,67922169,136501
13c414e5514219d5,30218,20348395,136373,30033,20360896,136373
13caaaba3d180fc4,46133,36252408,138847,45965,36262293,138847
13e80a5c1c729228,50026,40169416,140968,49857,40184910,140968
13e9182ac1e31ba5,30968,21088600,137638,30795,21099107,137638
13ed5820d100f982,104598,94710898,132076,104414,94720902,132076
1409836bc4d94527,65895,56012480,137422,65721,56021907,137422
1416196ac353c758,10869,968533,133186,10711,978097,133186
142ed82e02752db1,105954,96096499,103809,105833,96116546,103809
14406c7d41440ce7,65989,56155105,336680,65851,56182578,336720
145010fc37f12655,50057,40192797,138434,49888,40204835,138434
1457f32d060f72eb,48155,38269653,130377,47988,38280680,130377
1467abbd0c03313c,91688,81809271,136975,91520,81819050,136975
146a7c23cae45a5b,38374,28492498,137815,38205,28502776,137815
146b2a93332ca8c4,73810,63931967,136603,73634,63944176,136603
14921f855aec5839,76133,66249637,137240,75969,66261415,137240
14970623225b9bc5,99089,89209801,139188,98921,89219583,139188
149ec130c6d711d2,82728,72869205,136345,82557,72879301,136345
14c68725b7f08f9c,12531,2629334,131014,12391,2639151,131014
14dc3f91082c4619,24806,14928920,140043,24636,14939730,140043
14ed7a5e5e1682b3,55331,45448930,138258,55165,45461130,138258
1504830a6039121b,78873,68989094,137415,78705,68998513,137415
150803e34194d9e0,73278,63392384,128815,73144,63409546,128815
150ab9d7c007b91b,98043,88169444,138722,97873,88179276,138722
150bdfe7ea53b99b,34774,24908792,138921,34595,24919146,138921
151f6f7a276af33e,66725,56869222,138438,66552,56880171,138438
154665c86c7edd3c,53272,43389409,129003,53106,43400462,129003
15514545e96f0319,103444,93571609,130880,103262,93580739,130880
155a64b2ace97a0b,113336,103371496,127702,113230,103380896,127702
158316f0a4c601ad,68554,58687693,129837,68371,58696698,129837
15977b63e9d7d69e,74554,64689284,139082,74372,64701118,139082
15b64486afd354a1,37828,27932175,138724,37661,27942439,138724
15c725f46b51c7e7,91337,81451900,152666,91181,81462047,152666
15e987df0eed3888,25240,15389077,141289,25071,15399268,141289
15f53fe203094ed1,89560,79689407,138325,89371,79698928,138325
15f5c0ba1c29c8e9,70521,60649312,138547,70350,60660150,138547
15fb00475109f618,43569,33672019,136758,43413,33681606,136758
160102db91c14900,20467,10559204,138022,20334,10569905,138022
1640ed855e74f549,97359,87488774,132585,97187,87498942,132585
164b33696b417aa7,47149,37268809,138549,46951,37279089,138549
164e95e49baba4cb,52067,42189633,141841,51899,42202008,141841
1651c01e1a6d1301,82134,72251203,137478,81964,72261651,137478
167931188d1ea328,43690,33808750,137688,43518,33818260,137688
167a1f24f7743acb,116776,106914312,140324,116607,106926143,140324
168d6606188b5304,53560,43689581,142055,53386,43700938,142055
16ab2f3853ca574d,103568,93710179,141674,103394,93719595,141674
16b9a62ae6a33027,37134,27252392,138675,36967,27263077,138675
16de5e3617a447c6,38785,28912277,138796,38604,28922230,138796
1703074383bb58e6,37359,27475066,131809,37236,27484727,131809
1704f6f440cb04fc,59021,49168951,138536,58855,49183842,138536
1705f72d03e5162a,87601,77729292,137667,87411,77738706,137667
17140fedb6e9ef02,72156,62272783,138136,71992,62286372,138136
17237c9eada40855,24548,14668362,136775,24382,14678135,136775
1725a2b0d75d618a,112450,102572832,137426,112262,102583244,137426
174dba0671e31896,109469,99611702,149732,109296,99622835,149732
175b13e3212c89f3,61886,52008725,136792,61721,52022808,136792
17684b9ca967f41f,83608,73712451,137273,83428,73722080,137273
1769808348b87f42,46715,36767027,128015,46559,36776328,128015
178e5e7c45656cd8,18347,8439819,128251,18222,8448765,128251
1796f7c86ccd84c5,47232,37368686,137389,47051,37379129,137389
179a85d19184e656,111416,101541101,138492,111249,101550666,138492
179d30c2af6f6ad2,10590,669696,131594,10466,679602,131594
17a234610190422b,109407,99549826,139652,109232,99559953,139652
17caa7ff6661a172,59434,49552048,137443,59268,49562939,137443
17da4fb9739f2850,106528,96648615,132166,106346,96659033,132166
17e05a772c195054,22849,12968861,137743,22677,12978392,137743
17fb2b5d8bbd6d57,84587,74729267,137398,84416,74739301,137398
1815c68f6d3f2401,94366,84448182,130427,94250,84458273,130427
1847373a11129813,73780,63908896,136204,73608,63922032,136204
1853e96366a95e3e,117599,107690264,129859,117447,107699523,129859
1857bbf148afb870,118543,108672213,141798,118360,108682527,141798
18637fe632b0208b,22374,12511740,138535,22202,12521522,138535
1864c68024559438,56495,46587501,129396,56383,46599287,129396
187e23fbdb463390,66459,56569163,137936,66302,56578767,137936
189d771cc6bf8bee,36824,26968987,139290,36651,26979401,139290
18c8b4ec9a24613d,92906,83013165,139101,92702,83023044,139101
18d18381f54436b1,58757,48872545,138032,58593,48884472,138032
18d5ac34ac453922,42725,32871770,155342,42555,32883138,155342
18e4edd0e2e9a3bb,114589,104730172,140400,114415,104740825,140400
1911196a5868ca4a,52132,42251092,130057,51962,42262567,130057
191280f92b9d6bba,52732,42848977,137683,52588,42861671,137683
192286d60300d54a,90825,80889740,128464,90660,80899621,128464
19327076c0a3b042,99626,89770079,141680,99452,89780190,141680
19369e81f4e00c98,96981,87130506,143456,96813,87141323,143456
19456cc482c04875,67627,57708136,131602,67445,57717101,131602
19458bf8ecd3d222,113599,103689546,137614,113380,103699667,137614
1954e8d95dc8af6c,62660,52788741,136673,62501,52803769,136673
19a26f8293159604,89386,79489505,137637,89224,79498847,137637
19ecae39599830e7,43630,33748820,138228,43467,33758356,138228
19fb097e78da8f48,51854,41992340,137225,51688,42003486,137225
1a0608f6c5956224,43838,33968584,136267,43650,33978148,136267
1a2e086600a67678,55201,45312311,137962,55007,45323738,137962
1a5f32ca362493ac,80493,70629209,136779,80313,70639508,136779
1a60e6479aa24928,40201,30312302,138371,40035,30322812,138371
1a7278bd2db8bb8e,113549,103629883,138575,113352,103640411,138575
1a734c4a2a9bc7bd,12992,3127503,133535,12809,3137182,133535
1a7b9e09020b5d6a,47570,37688981,138933,47402,37700367,138933
1abb2908f363c455,86578,76712376,136984,86406,76722312,136984
1acc32a4a9e7ce4a,37974,28108926,139026,37791,28118758,139026
1ad4d0f88f20c5cf,86269,76392264,136139,86091,76401897,136139
1ad8835b656390c9,33633,23730180,140927,33497,23741159,140927
1aedf368e6c08f3c,18232,8374491,99247,18110,8396241,99247
1b4d708d9c77ff44,52639,42748916,138252,52506,42763174,138252
1b86479ea9c2d462,41141,31268702,138782,40972,31279284,138782
1b8927f54fd30360,12466,2567417,132535,12328,2576898,132535
1b90db225ae8a570,71498,61587804,130007,71362,61597357,130007
1ba296f7f15e8c7c,57849,47989443,138406,57680,48000581,138406
1bafaaa5484013d5,56800,46912225,138527,56639,46924932,138527
1bd3626313acb52b,115834,105933221,138151,115621,105943824,138151
1bde732372ea1301,97667,87808310,131597,97492,87817411,131597
1bff7a257b401f6a,77703,67812039,136326,77535,67821992,136326
1c08ab250139f569,113365,103393502,129140,113249,103402385,129140
1c1a4c1bcd7b2468,103505,93648371,131575,103330,93657580,131575
1c48ab8a3868dcf5,107263,97391013,131120,107085,97400840,131120
1c49ebfe98be58d5,35048,25168481,137678,34881,25179214,137678
1c4a4d8ddaa1dd86,40395,30512004,138441,40225,30521748,138441
1c4d6fc5eb0bbfe9,91060,81189216,137555,90871,81199437,137555
1c619308be19b565,54441,44527475,130262,54349,44538846,130262
1c80b0131cf9f589,29148,19268765,138922,28981,19279106,138922
1c84f611d367eb9e,46619,36698236,121041,46477,36707592,121041
1c86f4d0e4b8851b,70710,60832020,137262,70533,60841548,137262
1cb556a0d2e1adf3,13082,3227605,133851,12909,3237490,133851
1cb6ce5b630b1e79,77043,67168955,136996,76879,67183170,136996
1cbfe23d2d9b8d32,81504,71609488,137699,81353,71619460,137699
1cd08235f75cdd2f,16673,6771778,138608,16523,6781864,138608
1cdb54b65e9960a9,43749,33872276,137969,43568,33882429,137969
1ce0ccd93c1c8dd8,75341,65429130,128455,75220,65440024,128455
1d080769f753f826,53961,44072398,138575,53796,44083388,138575
1d12d694eaf59454,49686,39808865,138063,49511,39820461,138063
1d1744f4ccf85334,45322,35439555,181389,45155,35453327,181389
1d1ea9d6984fdb71,86696,76811901,136931,86528,76821753,136931
1d251888282961a8,113673,103789522,137863,113471,103799505,137863
1d402ca018cc8b6a,94820,84932006,130320,94634,84942304,130320
1d875b0948c96a2a,78658,68792494,137431,78484,68802532,137431
1db8af96bda31c52,97761,87909903,140932,97592,87919656,140932
1dd1298039dba74e,27168,17307105,129498,26993,17316739,129498
1ddc638323d2b4d7,28780,18908552,138211,28606,18919561,138211
1ddef58be9a7e61f,83897,74012644,137449,83729,74022020,137449
1de09b663a741506,68861,58989502,139079,68693,59003611,139079
1de2db0d08617924,119044,109169932,139210,118875,109181098,139210
1df67a315b84976e,15481,5608481,137964,15310,5618418,137964
1dfef9f0e91fccbb,92376,82494084,115672,92284,82502907,115672
1e1fcd4e2e99f004,86332,76452150,136914,86149,76462327,136914
1e2bd8236f0f5e03,65110,55229110,138673,64944,55240516,138673
1e2cd061a2ad5b18,17684,7828646,137693,17511,7839363,137693
1e3a98ab74e9ff93,47822,37948915,138584,47644,37959975,138584
1e65754855eef309,95403,85527924,129600,95234,85537472,129600
1e6fbd3795565cfd,36855,26992445,138526,36684,27003048,138526
1e82c3dfe8397c09,62158,52272471,129106,62056,52383088,129195
1e8fec8ed91b9e0e,63090,53211868,154291,62926,53225343,154291
1e91882f944faa0f,32040,22168904,140085,31852,22179986,140085
1eac32be49e73cc0,77494,67589120,137795,77376,67600216,137795
1eac75d136e55002,85496,75609211,137387,85328,75618572,137387
1eaf86c5dd68b402,104745,94889761,138152,104572,94899929,138152
1ec13c3fe69927d2,92343,82464745,113775,92252,82473005,113775
1ecb79783cf6de53,81851,71989109,137159,81672,71998464,137159
1ecf9e2b1dd0150a,58787,48909091,138438,58616,48923123,138438
1ed9246229e1626b,39787,29892062,137764,39618,29902457,137764
1ef187903048d2d2,67513,57567663,130514,67357,57577219,130514
1f4406e27c8bef52,110186,100290146,129596,110036,100302556,129596
1f441f31c0c9bc2c,106499,96608497,131830,106324,96618112,131830
1f546ea30a10395f,17776,7911808,136884,17605,7922258,136884
1f66bab8844f2881,23798,13873387,116170,23692,13881794,116170
1f72f860cec583b2,48484,38598806,128932,48376,38702597,129021
1f9d774e47bbe45f,111237,101369714,138009,111054,101379257,138009
1facaaf83b1a1983,118327,108448042,129030,118155,108457835,129030
1fb6056570e621bd,105054,95173407,140012,104886,95184080,140012
1fd21fc65d789119,10956,1067439,132585,10782,1076652,132585
1ffee4e012a1e34b,52448,42544972,115039,52325,42556832,115039
2005a69124ef6560,30842,20971854,156191,30673,20983513,156191
20238ca309f20d01,55490,45609155,136942,55322,45620417,136942
20329059008eb7fd,12433,2536685,134562,12295,2547073,134562
203ed874d171d1c6,65580,55729119,138095,65413,55742178,138095
203fd5b0531408bb,13526,3647559,133296,13355,3657742,133296
204fbe40c1ea535d,118389,108508504,130503,118215,108518517,130503
2061ed6ae2982206,100800,90932268,130674,100624,90941756,130674
206e5f8f8c34cb87,93633,83769376,137901,93454,83778925,137901
207e8c08587939a1,103289,93413330,138167,103114,93423154,138167
2083dbd3dff958a6,50175,40289405,130030,50005,40300898,130030
20879ccd65bd3be7,21064,11208528,137648,20895,11218939,137648
209d7e8c592936d8,13142,3287212,131207,12971,3296471,131207
20a6c3b33ef75e74,59241,49369181,137768,59079,49381516,137768
20cb6a3d1299ce2b,24932,15052163,139297,24757,15063271,139297
20ce09ceed0df7ee,103818,93933049,138780,103648,93942597,138780
20d5196365d7edde,35901,26011876,137492,35725,26021602,137492
20fd12695c6e71a2,85792,75932196,136909,85624,75941877,136909
210383f3ff33108a,109315,99450165,141102,109137,99461474,141102
211660c3d6fdee1f,49780,39908972,138659,49599,39924058,138659
211f80f30c741b48,17148,7268633,138847,16981,7279401,138847
2126594e1ff64489,16882,7008459,136674,16697,7019072,136674
213f37c2056391d1,117629,107728731,131579,117472,107738603,131579
2165181b6438abd5,27013,17147010,128843,26832,17156879,128843
21742f9261d196f1,29806,19948792,139172,29658,19958557,139172
2179d323f878d8bd,24228,14348786,137434,24031,14359003,137434
21914b637015b519,90086,80220455,138100,89915,80230152,138100
21a14b858ec2a765,89235,79328146,130325,89098,79337596,130325
21c11bd5e0f29dbe,95994,86109454,137901,95826,86119701,137901
21c35424da075546,82101,72212300,138185,81932,72222037,138185
21c6e096335b28dd,81351,71431310,139366,81224,71441227,139366
21c967fde3fa7d19,59899,50014888,135151,59739,50025689,135151
21cc90d9c56b3878,106614,96748739,131249,106430,96758255,131249
21d22ee4245bb20c,17840,7988302,137501,17671,7998661,137501
21d720cbaade7679,18955,9088141,136110,18771,9098430,136110
21e0e6d328f4879c,60315,50407435,128930,60196,50421038,128930
221d6d5dc5a767b1,47320,37469171,138122,47151,37479661,138122
223fad712498e7fd,12783,2889781,133101,12625,2899510,133101
224029d2b0f8c7f6,118635,108772366,140361,118462,108782656,140361
224eeef540b33c2e,98229,88328810,133145,98097,88338915,133145
2251f0df610eeca1,85584,75709392,138107,85399,75718799,138107
2265d905ba7ccb15,17342,7471311,153625,17173,7483298,153625
2269eae042022739,55362,45489081,137884,55196,45503363,137884
22845dcfc9a4a23a,30342,20468620,138436,30159,20479244,138436
22973952fe7f042d,89677,79812498,137076,89503,79821750,137076
22a5f566c546256d,59497,49628718,136533,59329,49642910,136533
22a7d1c9779ce734,107731,97849881,140637,107561,97859711,140637
22ac1cac6ea92e22,27448,17568795,139375,27278,17578187,139375
22c98b15316c9436,61134,51263066,153643,60970,51277491,153643
22d34caa8b1c4eae,44242,34436161,336109,44134,34464829,336149
22de1e2c4ae1629f,64377,54488797,136154,64252,54502845,136154
23135635ca58361e,35566,25649286,130648,35434,25658418,130648
232b18b51aa06aca,110488,100629994,138410,110313,100640779,138410
232bee9e6829b2c8,26204,16327620,131512,26015,16337736,131512
232d808bd86a8a56,85376,75489265,136886,85228,75498539,136886
233b494b4b7a9362,22315,12448893,138578,22131,12458823,138578
235ab61d85db1278,28749,18871039,141341,28576,18881398,141341
236d8508f80903f2,18838,8968506,137681,18655,8978790,137681
237055046127c93f,73343,63447874,130348,73208,63458307,130348
237adf41fedc506e,60860,50989760,136934,60676,51001710,136934
237ddc0bd4f0c0a1,19949,10071312,155166,19782,10082056,155166
239874e3522c2de7,52911,43032050,137490,52738,43043378,137490
23d78796d4fe8337,102936,93052826,143613,102767,93063258,143613
23f5e13d8dd18b0a,77966,68109360,138233,77791,68119588,138233
23f86cec936f2bc4,119011,109129894,138006,118843,109140367,138006
24057f369012f79e,87939,78055776,137977,87771,78065416,137977
240f2c65a8f96374,102312,92408442,132331,102181,92418452,132331
24153110e455148d,61483,51608882,137582,61308,51621155,137582
2417d82049e84f86,107858,98017540,356117,107714,98045018,356157
2463db1e2aa07615,108836,98953274,139262,108669,98963075,139262
248d14b71af5085f,38471,28589395,141247,38300,28599036,141247
249e05fec91f95b6,15917,6051674,138227,15745,6061466,138227
24b0458a07e9149b,48549,38642375,129232,48440,38704708,129232
24c10cafa7b0aa89,96483,86568502,132671,96351,86578599,132671
24d6148f4126b96c,80676,70812098,137056,80503,70822008,137056
24d9e71846736446,39874,29992596,138717,39687,30002217,138717
24e6877289f3cd71,27481,17654364,344385,27354,17685631,344425
24f6cd183b655a30,21869,11962842,130453,21733,11971971,130453
24f9bc8defb78dc7,64408,54511805,135958,64280,54524059,135958
2518d62f7ef24d4c,18057,8171720,138130,17889,8181646,138130
25197a51e78663a7,70617,60749301,137567,70443,60759216,137567
252702c1f970815f,41110,31229551,138737,40941,31239430,138737
252a5521a6e410d9,79003,69129089,136829,78832,69139199,136829
252d8850105370a6,86609,76749503,136100,86437,76759883,136100
25388edee12b064a,87777,77893367,139794,87610,77903363,139794
2546139b78b48de1,117446,107530403,130132,117314,107540206,130132
25484c2140d9d816,25393,15512197,140143,25226,15522152,140143
2562251c288a68dd,65733,55849201,138043,65564,55861124,138043
2569af03353dd495,78154,68280609,136336,77987,68291020,136336
2577b6eb050b00fc,17246,7371535,155494,17078,7384098,155494
25a509818f50742d,16612,6708561,138715,16469,6718396,138715
25c95a8dde1d2a0d,32437,22555028,137304,32270,22566191,137304
25ca6f34be63f208,31737,21847330,129421,31567,21857332,129421
25e26833c9713e4f,16271,6416711,121601,16143,6436817,121601
25ec9175aed597ff,30777,20891564,137594,30609,20901904,137594
2601617df29507ef,24367,14508563,138379,24190,14518222,138379
261404e05ad9c575,26480,16628723,139393,26311,16638944,139393
262368e6537f551e,59370,49489606,138909,59206,49500515,138909
2630bbc557fcad0b,102185,92270911,132426,102062,92280405,132426
2686f7f11d878a15,16704,6808318,137340,16549,6818286,137340
2693381565faa5a0,45917,36051887,137948,45744,36062090,137948
2693b6d197b0efeb,25086,15227061,128727,24909,15236882,128727
26af89b918147c0c,54662,44768668,136847,54544,44782622,136847
26b01cdb98cabd6b,70327,60451171,149677,70158,60461933,149677
26b9153ce88c4c32,108007,98108621,132039,107867,98118549,132039
271f8717d3a4fd44,60773,50892180,137807,60590,50904356,137807
272149f87f1eb53e,23341,13468685,138640,23175,13478781,138640
272cda4c88f08773,60412,50507220,127788,60287,50519521,127788
2732ce313d36a5a9,51024,41147481,130532,50836,41161401,130532
273fb24a1476cfa7,107569,97689854,139629,107401,97699550,139629
275ade5e773c307f,36640,26768840,139343,36465,26778580,139343
275c0c3791f9cb89,89796,79912351,137238,89629,79922473,137238
275c22b8441bb91b,95530,85653095,137902,95357,85662861,137902
2760c5c8b04c8d15,108168,98271136,132208,108023,98281007,132208
2785e7ce6ae7b279,45672,35789690,130851,45496,35799200,130851
278d9eecc137a49a,105903,96079124,360857,105778,96109322,360897
27a9ae8226104bcd,56174,46292232,137715,56015,46304436,137715
27b679631157be4c,70062,60191810,154024,69875,60204856,154024
27bd7607f23f93ff,42001,32148718,137805,41832,32159019,137805
27f7b16d11061b62,90441,80524328,115079,90371,80533179,115079
28210b6f0dab8e26,27802,17889389,130286,27670,17899694,130286
283f8f969d060ff0,118102,108213105,139146,117934,108222971,139146
286359ccd26d0dca,78565,68692470,137461,78384,68702362,137461
287c513db9220e7a,47853,37987437,128382,47674,38000884,128382
28a296e0ad4b797b,60283,50373826,128714,60164,50385226,128714
28c32c0daf2c6fc8,15825,5968888,138906,15651,5979072,138906
28d30242e6670f32,52882,43008895,138352,52713,43022638,138352
28d4e23be22df7a0,13366,3488399,138370,13199,3498778,138370
28dcc4efdde5759a,71863,61989483,137695,71680,62004540,137695
28f3b4f962aa7600,20338,10426998,128759,20213,10435969,128759
293212df1eeb0719,40980,31109023,137798,40813,31119243,137798
29471355f984afdf,99971,90089859,139797,99802,90099674,139797
2958c4c9a99abc06,72414,62532455,138143,72247,62544342,138143
295f18dfaab77684,34394,24512188,140305,34227,24521894,140305
29633a452c5c7a3b,66367,56468992,137039,66221,56478443,137039
296b7f4650e7af6c,81793,71929283,138535,81612,71939954,138535
2979394cb7f6f691,49340,39489497,141447,49173,39502520,141447
297995ff7bc942f4,113623,103712648,136850,113395,103721980,136850
298b7199f5193105,20498,10588584,138188,20362,10598639,138188
29a146da592029df,40827,30968501,136136,40655,30978509,136136
29c28e79eb6e3ecf,85761,75909087,136916,85591,75919288,136916
29cf33f2cbd5cbd7,61036,51152294,137895,60873,51164822,137895
29cfa2d7f78d7cde,64069,54212118,102635,63956,54251449,102635
29f4e559dd672d15,78906,69029082,137327,78737,69039060,137327
29f7ed86acc6d3b5,12874,2990001,132481,12704,2999446,132481
2a24cf26e2b4d75f,97264,87388565,132691,97096,87398375,132691
2a29004085973dd2,57005,47149203,139379,56832,47162523,139379
2a2ee0df02f90f3a,22285,12411530,138197,22100,12421842,138197
2a4471e0964213dd,17406,7528447,138793,17234,7538993,138793
2a5b0fbcea7b13b5,64948,55068942,137225,64784,55080515,137225
2a8a8b6adf819811,100256,90348258,130788,100124,90357699,130788
2aa01e98f7a3456e,44659,34727288,128070,44528,34736483,128070
2aa031bc99428184,108474,98591057,132847,108296,98601741,132847
2aa9c11825b80c02,114218,104333307,138817,114051,104343276,138817
2ab0b2a5704084e2,89894,80024371,153702,89726,80034829,153702
2ab4309069ed39c2,63997,54128838,137691,63836,54140766,137691
2ad9b144f404a0bf,82326,72449323,137833,82150,72459840,137833
2aeb99b0eb74deb7,111959,102049936,128916,111829,102059028,128916
2afa7b977e204056,115697,105773149,138631,115473,105783018,138631
2b151c26af99042b,99777,89893455,139778,99609,89903446,139778
2b17042c5fa3fafc,18282,8396305,129400,18159,8406476,129400
2b1a7e37e6a55386,70742,60869468,137554,70563,60879016,137554
2b23f1bca09e56a6,10136,252301,140766,9969,263162,140766
2b2c8d1296536af2,12157,2272035,138322,11990,2282616,138322
2b446e634295c603,47473,37591619,153703,47306,37604541,153703
2b52fae741d4be18,109190,99310967,132738,109017,99320895,132738
2b66cad3251ab798,56252,46394594,100203,,,
2b69f2d1fdcef9c4,64470,54571929,137102,64334,54584316,137102
2b7745c011d83866,10686,769716,132254,10555,779552,132254
2b8f098a688db16f,76696,66832040,137288,76529,66843478,137288
2b9cb1f9f1d7d211,104804,94949499,138142,104633,94960108,138142
2bbb9731066e09e7,39352,29457380,131626,39228,29467242,131626
2bbd92401b4fde47,47539,37655148,139030,47371,37667403,139030
2bd4859d75750051,19232,9354500,135085,19065,9365070,135085
2be85734638cc0bc,77732,67849297,138222,77556,67859448,138222
2be8cf8f815d86a1,43134,33295225,340263,42992,33324007,340303
2c0acf21b712e135,34426,24548610,138138,34258,24558689,138138
2c0fca0694e65809,85283,75388948,136364,85146,75398411,136364
2c10852da5ca2bc7,33820,23928537,137633,33664,23937817,137633
2c2061d4694669eb,77644,67749826,137936,77493,67760947,137936
2c2c4a4a96e836ae,70205,60348074,130487,70033,60357598,130487
2c39b18552c4a3e8,39757,29868849,138887,39594,29879243,138887
2c452ae050b106ab,67326,57413809,112517,67192,57422412,112517
2c67282527128f39,35661,25752581,136913,35521,25761944,136913
2c7adf7000bb66b1,117745,107852911,137530,117564,107862912,137530
2c7b66fae871364a,65799,55912151,137684,65628,55921759,137684
2c8c6fff8758734c,113752,103889836,137538,113572,103900496,137538
2ca7c209480447b6,79574,69672035,137142,79419,69681552,137142
2cd036c5cec75244,45077,35208850,138018,44891,35218632,138018
2cd5da7ed6c0ecbe,74049,64169040,137400,73884,64183615,137400
2ce0fef5f53d6536,23766,13853757,119965,23663,13862272,119965
2cef2a37ac052c47,93101,83249629,138729,92933,83260817,138729
2cf504b7b36c16cd,24175,14268904,129915,23978,14278487,129915
2cfb55d8109d9cf1,91305,81422854,150470,91149,81433181,150470
2cfcf5a80ef38c5a,104237,94328455,131352,104105,94338585,131352
2d09bfa30988792f,117383,107468150,128702,117256,107478340,128702
2d233f6a8f782948,62631,52752107,135878,62478,52763210,135878
2d2c37b30e01e101,107536,97653178,138983,107368,97663023,138983
2d354b172adf829e,76760,66909066,137520,76595,66925311,137520
2d64385ec043e7c0,103098,93213041,138360,102929,93223407,138360
2d6608422ae81dec,30937,21052607,139469,30764,21063376,139469
2d702046fbe78daa,88315,78449657,138721,88131,78459200,138721
2d7284cfbb014ecb,69872,59952358,137372,69646,59963250,137372
2d77e17cb29cbef2,119957,110073355,137872,119795,110087802,137872
2d8673516acc8e98,99186,89309912,139741,99017,89325119,139741
2dbaa0378a37c765,106412,96508526,131070,106254,96517623,131070
2e1020299cddb97b,68146,58271248,150621,67978,58282583,150621
2e12b3e1e76d4501,36577,26694223,135760,36404,26708771,135760
2e608beeea9c3b47,95962,86072567,138441,95794,86082365,138441
2e8f454aa8b1ddfd,90744,80789941,130740,90611,80799284,130740
2ea6a905a76e19d0,104108,94198704,133529,103983,94208348,133529
2eb1ded77a56faa1,107448,97589695,138620,107275,97599296,138620
2eb794852ebcd3a7,79749,69869494,138028,79560,69879272,138028
2ee31b97c1a7ac5a,108384,98508771,132146,108218,98518355,132146
2ee4c807f0953931,46985,37067506,130180,46765,37077369,130180
2f06915dc360f8e9,66428,56532432,139143,66276,56542942,139143
2f085a7be9f91767,95715,85849626,138987,95531,85859131,138987
2f1ad77364acaf92,58390,48487586,129374,58277,48499297,129374
2f22a3ff13ae430d,70927,61069169,137408,70755,61078715,137408
2f35b5bb9da8a46f,111643,101769991,138699,111473,101779664,138699
2f401d78cac47c8c,24963,15088800,138655,24786,15100309,138655
2f46cc3ce776f5b0,44016,34132397,137537,43848,34142147,137537
2f474a7375f4e56b,37392,27497312,131385,37268,27507531,131385
2f5cf9a47e2dcfe2,106198,96288485,131841,106069,96297867,131841
2f6708ea2888d4e0,25024,15149454,131299,24844,15159055,131299
2f9f573f340728a3,86891,77063701,387093,86764,77096101,387133
2fae777ca7f3f018,58640,48748915,137979,58499,48763254,137979
2fc77a85d1ed2fef,52702,42808832,137443,52562,42821645,137443
2fc81eb60b6efe3a,117286,107375463,131810,117163,107384970,131810
2fe3381597c73957,75563,65669041,136954,75423,65684200,136954
2fecd141551c51a0,51353,41469402,140354,51182,41480928,140354
301000ef42c69d8b,93071,83209670,139005,92891,83219406,139005
301d2bb46fe268b4,26568,16688616,138529,26401,16698963,138529
3025440463a268b8,23308,13428625,138477,23142,13439273,138477
3062c90818a8b98b,49094,39227389,128742,48913,39242697,128742
309e97994b5f692c,22082,12188579,138685,21918,12198606,138685
30a98c2d8fab72a1,35113,25229081,137486,34945,25239237,137486
30c89088a1831a5b,10080,228521,139346,9910,238816,139346
30d0f051ecbc0954,71434,61527608,129321,71300,61537446,129321
30d9d17d6db0f8a1,58326,48417110,130305,58215,48480770,130305
30ee33437535bf84,83184,73267579,128381,83071,73277111,128381
31492845eafb4f86,91719,81831181,129761,91549,81839928,129761
314e8e9ba0c80869,38276,28392416,139056,38108,28403209,139056
31500a2b12093345,119511,109628866,131841,119357,109638311,131841
317d0c59a2b57bef,53808,43949060,136750,53635,43960181,136750
318a82a00ad770c2,38940,29088843,137944,38771,29099122,137944
31a76c8de20e575b,29246,19368600,138156,29078,19378977,138156
31acae69b9b46445,35783,25888761,138282,35628,25898671,138282
31b44ebbfd9a64e3,24093,14169159,130688,23921,14178271,130688
31e59667674e5e57,30280,20408531,138488,30097,20419114,138488
31eebde929c49b30,78688,68829340,138082,78514,68839549,138082
3222405f5e1f9ddc,110923,101049945,139654,110754,101064731,139654
32238d73b593e3a4,86455,76589384,137442,86275,76598771,137442
32331cdedd851f76,50539,40627239,128372,50460,40727107,128372
323a0d60188a14a5,51139,41269445,131443,50964,41280385,131443
3251acd9415ac018,25055,15187419,130410,24873,15196870,130410
3261313187cf1bb1,39222,29395543,344199,39093,29425455,344239
32726b3427cbde79,79422,69511700,139902,79289,69521151,139902
327f9d1ef8780f10,75594,65692153,136653,75450,65703695,136653
3288e7303825742c,36732,26869415,141527,36552,26880052,141527
329ed790a4a435ce,14048,4168466,138352,13881,4178349,138352
32a605708923ed73,59082,49228952,137831,58916,49240794,137831
32aa772686f24cff,92052,82192847,138321,91884,82203360,138321
32aab54eb484a4b4,115669,105749767,136896,115452,105759686,136896
32ccb8374aadb59b,116370,106488914,132893,116201,106498749,132893
32dcfe9689caf8e7,88003,78130069,140523,87834,78140284,140523
32efd625708a529a,26601,16728777,137960,26434,16738549,137960
33049e61c3af858e,50790,40888751,137684,50672,40903220,137684
33178a78cca111a9,48188,38307555,130305,48021,38319328,130305
3320ba2731dd8305,79230,69323796,128973,79110,69333147,128973
332891c45d5175f0,79778,69909119,137809,79591,69919441,137809
3336b43ba98b7a64,97103,87210856,132333,96937,87220699,132333
336bf2f6c03bb621,50304,40427632,131129,50132,40440148,131129
336edba8aa0d1c9e,28654,18768765,130391,28485,18778678,130391
3371db98fd67eb67,53120,43267427,129327,52951,43281138,129327
33843fcdc0e9dc86,105621,95769886,140693,105451,95779658,140693
3390b1c91175dad9,20014,10131259,137422,19847,10141109,137422
33934ce3b0865912,55080,45228850,136756,54914,45243167,136756
3397ea3ccc45949d,50120,40267466,130753,49950,40279999,130753
33b119af3a2a7b1d,82636,72780593,137480,82465,72790771,137480
33d031d9fbd33ecd,112180,102289676,138873,112035,102299910,138873
33db8b0b7a42c766,55169,45288954,138347,54977,45303582,138347
33fdd73001ac315f,94035,84152990,137857,93866,84163499,137857
3407314df340f026,80462,70589095,137376,80284,70598973,137376
340fc1ce45e46c2b,83493,73589112,136875,83340,73598966,136875
3439d7d3beb3a297,80959,71072789,138583,80790,71083168,138583
3444399eed15b576,81563,71669361,137731,81400,71679307,137731
34680e988b2e6fab,32158,22292287,138758,31982,22302636,138758
34a270f92067bd52,20307,10399873,129947,20182,10409769,129947
34af49d8f0ee600d,96324,86408835,134092,96205,86418520,134092
34ba431b92d85d08,57818,47952367,138719,57649,47963459,138719
34cf61e4db157d1e,44940,35048847,138769,44733,35059083,138769
34d1e15395692406,81941,72089464,137991,81773,72099007,137991
34ef11920dd3c700,13773,3908611,139389,13591,3919256,139389
34f599ac78491c53,112087,102189787,138987,111951,102200375,138987
3522df3c51df731d,111175,101309366,137221,110996,101319392,137221
352c98431396f77a,75023,65149078,137900,74857,65165799,137900
353c7aa5ef6eb321,25876,15968598,138177,25739,15978089,138177
353efbf0f189dfb0,89204,79289945,130098,89071,79299512,130098
3545d87b9c665da7,77615,67712461,138499,77471,67723630,138499
3547db3208093ba4,111813,101954872,98509,111685,101974525,98509
3558db27cf33c2f7,92853,82949607,139182,92665,82959297,139182
355ffc76002e9459,105742,95869863,138286,105575,95879727,138286
356e28458df3e402,14360,4474149,118750,14230,4485659,118750
3595614c3950f6ae,61166,51288619,136145,61002,51304081,136145
35b58cf75f04e564,98871,89009173,132866,98691,89018781,132866
35bebbad9ca45a67,92568,82628171,129872,92459,82637611,129872
35ccee33a4d74a06,35502,25587490,130744,35373,25596640,130744
35d1960634a11864,77761,67889030,136489,77577,67900228,136489
35d8d3eb7c2fa8ce,72603,62728950,136673,72427,62749009,136673
35e46c59b9298323,21317,11432324,137868,21150,11442477,137868
35e772855343a10f,58486,48571587,142807,58366,48583828,142807
35fd512ec6a7eec3,70240,60387727,130193,70069,60397195,130193
3615ed8c7bf6be4e,24339,14469145,138990,24151,14479121,138990
3620a5436225920a,28190,18311827,136761,28001,18321884,136761
362f10abcf3c82bc,99657,89793389,137885,99485,89802788,137885
364f3008a00a7079,110310,100429451,136922,110147,100439943,136922
3658275367df78e4,73310,63413937,127910,73176,63424216,127910
3667f1294c30f86d,50850,40948876,137431,50716,40961309,137431
367c9d5c49fb82a1,66335,56432108,137692,66192,56442043,137692
368e8206829d9ecc,103785,93909655,138919,103615,93919764,138919
36bb73c54f8404d5,43538,33648939,138472,43386,33659221,138472
36e2e42d00604484,117120,107296669,351471,116993,107324629,351511
3700c3e94acc97f8,115611,105670080,136593,115408,105679974,136593
3718823d1303a4ca,30434,20571921,157382,30255,20583428,157382
3722c228f1037f68,51255,41370043,130116,51065,41381421,130116
373796991b6d1d4e,113807,103949537,137518,113632,103959701,137518
3741a0d06208e4ec,33254,23372185,138503,33084,23381822,138503
376c1109e78d11fc,94268,84381002,113770,94155,84392224,113770
37b31ad05cca700e,14802,4909335,130390,14639,4918377,130390
37da5e89a4af3d25,41328,31427430,130400,41191,31437507,130400
37e1eb8ae311ab0b,103688,93809755,139129,103518,93819499,139129
381b8f6802b3f820,116745,106890562,141569,116574,106901939,141569
38388cfe0885d13c,100445,90548417,132204,100298,90557885,132204
3838ef22c9c52f0d,23636,13788694,353339,23538,13819496,353379
384061209bc49083,56078,46192465,139533,55920,46204151,139533
384a4d049ffe14dd,18780,8891800,138367,18608,8901280,138367
385dcf4a4ac0ffa6,64184,54287391,128581,64070,54301060,128581
386d1e28b60d8808,65393,55528900,137925,65216,55544618,137925
386d76c186d4c414,83342,73428994,136599,83216,73439314,136599
3870a714627104c8,23125,13268588,139033,22954,13278924,139033
3887c700e413e8a5,68740,58889013,137897,68574,58902424,137897
38a9d4ed48852baa,23034,13168635,138785,22851,13179177,138785
38c4f91b04265bc5,69087,59229379,99975,68962,59265128,99975
38cc4d2824847763,85314,75411924,136162,85175,75421242,136162
38e8979714a37b85,15577,5708345,137000,15401,5717781,137000
38f12466fcae5255,55266,45389369,140335,55077,45405025,140335
393f7d86c534a094,94219,84361730,100750,94107,84384317,100750
39410a11d4e4bd90,34960,25108832,137551,34791,25118987,137551
3945c3536c545346,32340,22468843,138708,32173,22479107,138708
3977217f7db7f202,87052,77147589,128180,86929,77157625,128180
39889b7c47644463,24743,14868681,139256,24574,14879149,139256
399dd9f83b21b98d,15671,5791728,137582,15490,5801342,137582
39a3eb4bf02b4ad7,67709,57808834,136453,67507,57818830,136453
39a85ed8a937b046,113866,104012757,155236,113695,104023354,155236
39d686ad57b9405a,12595,2707538,132827,12452,2717497,132827
39e549abbde462ba,22529,12648528,138200,22363,12659601,138200
39f3cbf5cca222df,53088,43228899,138164,52915,43240936,138164
39f7a0e9806421e1,10717,807307,131694,10582,816764,131694
3a07efda84fd29d7,71775,61889614,140793,71608,61899936,140793
3a24c9c9f103ee50,115237,105387307,100048,115104,105399882,100048
3a2e6b76abbf7c49,53653,43788814,137382,53475,43801464,137382
3a321f01724caf9d,10168,288704,139968,10001,299357,139968
3a34763d2233cc53,11071,1207448,131893,10889,1217454,131893
3a370f245c02640f,86143,76269203,137813,85970,76279462,137813
3a564fbb1c4fe901,25717,15807371,130490,25590,15816431,130490
3a7eff4a72828524,42317,32431741,137279,42144,32441527,137279
3a89c72365c1ac59,20680,10788551,138469,20518,10798468,138469
3ad3459cdabcd8b1,30154,20271834,138010,29975,20286696,138010
3ae8bdc2de727d9d,44178,34295274,136315,44009,34305706,136315
3aeebe363f882bf6,112539,102673269,138806,112364,102683659,138806
3b21c41c823ce732,117254,107353130,116132,117132,107362396,116132
3b239648fbc4fbdf,53929,44048961,138443,53764,44063489,138443
3b2f92fe606a812d,26697,16810221,128509,26529,16819576,128509
3b3903a8adc99549,43038,33154754,136626,42867,33165361,136626
3b642f7c22c46797,73841,63969008,137035,73660,63980120,137035
3b6ce5b303f98cbb,102437,92539827,131862,102290,92548917,131862
3b77b5dee676c64d,72038,62172436,138656,71868,62184026,138656
3b8b8873dac04876,73961,64109309,136513,73793,64122466,136513
3b9835ad87e53824,113901,104052116,153025,113735,104063079,153025
3b9ed4adbad2075e,72694,62829030,137138,72525,62839989,137138
3bbc598dca909c35,83434,73528911,135549,83293,73538897,135549
3bd42eec3368cf8c,92505,82582340,130266,92405,82591885,130266
3c2afdfe7f2459e5,70648,60772394,136864,70473,60782026,136864
3c35b53d0b6d0f3c,60251,50352096,129616,60133,50366026,129616
3c55226f80270098,25906,16008498,138122,25767,16018826,138122
3c8bc66be749164a,17745,7888702,139284,17574,7899292,139284
3c9328c09cfc96de,46747,36807177,127981,46584,36816774,127981
3caa2a5eb422d890,107762,97889951,139717,107592,97900020,139717
3cb4971ba8a064b5,82605,72749380,137869,82432,72759900,137869
3cba73d114bc1f13,111051,101173120,138552,110878,101183654,138552
3cbdd8b6be15dfdb,90212,80368599,139514,90050,80378322,139514
3ccab9bc11142acf,57222,47352124,155668,57058,47368142,155668
3cdf923c9da6a46a,110956,101073197,137864,110786,101087049,137864
3cf48574e365dda9,101986,92160584,369248,101860,92191090,369288
3cf92610d7140324,110827,100952879,156994,110660,100965009,156994
3d00faaa65e24a8f,22199,12312287,139615,22014,12322661,139615
3d28525236517659,69609,59664965,130326,69444,59678208,130326
3d444f1776d0d756,82166,72289510,138961,81996,72299690,138961
3d4470a80d2120a5,60062,50173187,128417,59900,50183505,128417
3d549975308b8872,119418,109528496,130959,119273,109537642,130959
3d59131b4513b9b9,72221,62332333,137723,72057,62344063,137723
3d5dea72e766812e,42633,32768593,137364,42451,32779070,137364
3d7e6f6a42614619,54186,44307468,129644,54016,44319219,129644
3d826fadea325b1b,65830,55949119,137928,65659,55958705,137928
3d8673aa675b4fca,47698,37812295,137767,47526,37823442,137767
3d8865b9394416e4,21220,11348655,137941,21054,11359198,137941
3d8c8c433974cfe3,11693,1827641,132814,11517,1837625,132814
3d8e36d85863cd81,67736,57832085,137774,67527,57841712,137774
3d946bb6d51ee2a9,48646,38727883,131061,48532,38739030,131061
3d9ed3aebc9b7547,78970,69092164,155256,78801,69103213,155256
3db8fd56689a2b71,100829,90969980,140540,100654,90980167,140540
3dcf1415db314eee,86301,76429037,136468,86121,76439067,136468
3de7ce08a9a91f9e,113181,103270219,113987,113110,103278422,113987
3dfa0dead4fe86ba,81320,71407765,129464,81196,71416740,129464
3e0efeef66b707c9,60170,50311443,97450,60052,50343054,97450
3e3a0babc5508a79,86394,76529048,136377,86211,76539635,136377
3e42c5d2959ae884,79295,69387681,129107,79173,69397757,129107
3e6f8bdad6dfac0e,13180,3329037,141320,13011,3339424,141320
3e746e9b6d69866e,25458,15588754,138124,25290,15598921,138124
3e7d4417ac3109b6,95654,85789585,138879,95474,85799221,138879
3e89ef732ecf9988,10558,647469,133274,10435,658196,133274
3e9a261ed0649208,108262,98368854,133191,108110,98379002,133191
3eb01313ac29f62f,59684,49812011,138080,59506,49823002,138080
3ee47ace86fc7a23,108504,98628509,131359,108321,98638995,131359
3ee9a8166d30f77d,48005,38149344,140854,47835,38165405,140854
3efe99f950bb7273,24311,14431849,138413,24120,14441435,138413
3f00dc6001f7c64b,89707,79849421,138333,89533,79858666,138333
3f1e66914a2bf4f9,24838,14968762,138075,24667,14981906,138075
3f29b548f3a6e8e1,21773,11879918,131183,21643,11889729,131183
3f36e69ba783f1b2,84404,74532281,137283,84221,74542247,137283
3f3dd532258ee180,101922,92050144,141049,101751,92060247,141049
3f615312811b5255,66176,56269328,129107,66042,56280424,129107
3f63c44200eedb73,43599,33709032,138795,43440,33718443,138795
3faaff1203ba5107,50995,41108420,130578,50815,41119838,130578
3fb3d9ec7cb300ce,15130,5271809,138263,14963,5282094,138263
3fb8a912e6808ea6,102496,92590695,132576,102339,92600587,132576
3fb96f3588a507e1,34296,24412160,138306,34129,24422569,138306
3fbf85dbf09f7ab2,31768,21871107,140548,31597,21883887,140548
3fcaaddcfa3ba751,116868,107010174,140024,116698,107020136,140024
3fe1df60a48d0cf8,18691,8791234,137109,18535,8800651,137109
3fe2b025eaa382be,94849,84970024,140848,94656,84980328,140848
40034adb6901f85f,70680,60808866,137176,70503,60818539,137176
401d8b848c8e5081,36200,26348759,137447,36031,26359065,137447
403320623c21f313,36165,26308708,138364,35992,26318092,138364
403b7e7d87463b04,69169,59279166,128618,69044,59292905,128618
403f9510504eee1d,62351,52450662,137164,62242,52463708,137164
40516b2fcd591f3d,53433,43550760,129003,53264,43561468,129003
40725a0a79a68966,106731,96870047,139755,106553,96880357,139755
4089456e39349a7d,80017,70132578,138241,79849,70142221,138241
408ba053ba02ed2d,85092,75187674,128541,84966,75197084,128541
40d8d76c53174351,98695,88810714,132223,98517,88821478,132223
40f136e54ba7a4fd,44718,34787175,128939,44575,34796525,128939
410a8a4b69be1055,32907,23046885,127462,32733,23055802,127462
41133c8c7ed924f7,66144,56247475,128398,66011,56257016,128398
4132322c4cab56ee,117949,108089949,139051,117774,108100820,139051
41581e6eb479597f,91087,81212518,138132,90901,81222304,138132
4180925918d77a7d,59208,49328669,136068,59046,49340155,136068
41a63a105971a920,98197,88297883,118519,98066,88306820,118519
41a7022e504c5ea1,68493,58627771,130618,68313,58638124,130618
41b4f9f188f47f52,118761,108910047,139569,118593,108920923,139569
41cdf17f90a2c873,49873,40008895,138747,49693,40022386,138747
41d02a5c6c47f29b,46809,36867389,129295,46632,36876962,129295
4200219f3d7ea4b6,13895,4032347,139775,13723,4041917,139775
4200cd38d06ac3cd,51169,41304755,113879,50993,41314312,113879
421e458b6b8759ca,108967,99088628,131784,108799,99098563,131784
422d8d94d294b55f,109063,99188843,133485,108894,99203320,133485
42420474a6cf7171,89531,79653213,139989,89340,79662903,139989
425ea3b26af7486b,110697,100812745,137206,110530,100822921,137206
42669704367ae31f,78347,68469255,137610,78177,68479143,137610
426bb47f898e6675,101270,91393313,139251,101097,91402860,139251
429732e8f4d82f98,65766,55888894,137861,65596,55899090,137861
429ed668cc0655bc,101825,91948150,130684,101655,91957370,130684
42a99dd0708d3de4,116175,106299047,177963,116007,106313677,177963
42b2e0b9c3690394,83404,73489134,137700,83268,73498820,137700
42cdf113548d9204,12286,2408332,137634,12115,2418452,137634
4310da0bfc18c385,14772,4887331,131589,14614,4897240,131589
43251fbd7fec8d29,91174,81312844,138264,91003,81322850,138264
4346a7a303667e4b,66815,56952495,139181,66643,56963563,139181
435feab863026f3a,25651,15752999,131440,25526,15761919,131440
4361cc2030fccf8e,114122,104249755,138259,113957,104260389,138259
436e3fa2cd037cb2,23220,13368775,139557,23052,13379913,139557
437631e1a9462063,118452,108570120,129432,118274,108579878,129432
43a348d3305f2745,34491,24612535,138638,34323,24622268,138638
43ad6d553a1acbf4,83929,74049290,138087,83761,74059044,138087
43adea678f39a3bc,81078,71219724,99258,80962,71240961,99258
43aff366c1523862,23470,13583740,137673,23302,13593735,137673
43bc6d9b86c205ab,16198,6328753,139071,16030,6339071,139071
43e7c2072971add7,105871,95989608,137889,105702,95999853,137889
440935303c5dfe60,56527,46627305,128668,56412,46639607,128668
4410d475f66e0a9e,40520,30648615,137491,40345,30659309,137491
4418d0553422818a,100683,90808401,131666,100497,90817559,131666
442332cadf743a9a,25844,15932100,138333,25710,15942275,138333
4434572a20a59e69,29654,19787285,130048,29511,19797385,130048
4435ee70a3967892,24256,14371916,137046,24061,14381653,137046
4439e93a6de380a9,97232,87349524,138326,97064,87359389,138326
44531971f33ed052,58162,48336669,349878,,,
445b4ea722931ea1,83311,73391472,139630,83188,73402528,139630
445e66975c41a375,115424,105518095,128296,115267,105527648,128296
44780f6c1c5d1fec,46068,36189107,138119,45900,36199128,138119
4478a9d7c9bf431f,67066,57237243,334673,66932,57262917,334713
44792c4efa6bb8d5,115944,106069671,138536,115759,106079913,138536
447934f4da6a4aff,33349,23515832,342720,33214,23545301,342760
4485630dce57c933,26857,16988868,140295,26685,16999147,140295
44861e0e961ac6a1,41359,31467385,130095,41222,31478596,130095
44a7b596017193cc,18722,8828399,137582,18560,8838854,137582
44be2a8dc9984f21,42446,32568833,138324,42267,32578695,138324
44eeb268f35470e3,93446,83569365,137580,93276,83579743,137580
44f9554357bc8a4f,63556,53692237,137775,63387,53703160,137775
44fe5ab63f067541,56399,46487874,128692,56292,46526257,128692
4507890d6d775808,45764,35891269,129387,45582,35900403,129387
450c2f9c529e9ee0,52196,42309391,130512,52025,42321021,130512
450d0eeaab1c3128,100770,90910228,142620,100592,90920452,142620
45141a65408eccd3,56142,46269000,137589,55984,46284416,137589
45282559ca03eebe,54155,44270654,128370,53986,44281772,128370
453147a2a1fb3300,114186,104309866,139703,114020,104320570,139703
4532e54125f3fcd1,57695,47829317,139609,57514,47840902,139609
4539eda06c8ae120,19860,10008556,138846,19691,10019300,138846
4547aa82c21895d7,107201,97328756,132838,107026,97338628,132838
455869414264455c,90877,80951945,140792,90690,80961991,140792
45735deb1f252dba,101332,91450978,133569,101156,91460353,133569
457b2e18adac7062,40735,30872144,138677,40563,30884471,138677
45981b3795223d2c,33909,24028820,139340,33739,24039170,139340
45c622762b672693,87305,77419291,137475,87164,77429083,137475
45d67ccdcaa14abd,36417,26531986,138111,36249,26542135,138111
45f6e116193b90cc,68616,58753094,138379,68450,58764253,138379
45f82b2328fd46b2,113726,103849715,137278,113531,103859298,137278
461caa9d9490096a,43507,33609155,137387,43358,33618745,137387
4623300581bd4c41,11043,1167446,132660,10851,1177403,132660
4634658fd064d3ce,85948,76072408,156371,85780,76089482,156371
463d9b811dd66f3b,45825,35968876,137131,45650,35978269,137131
4644cefb08d906fc,11661,1787546,132945,11487,1796538,132945
4653b99fa594e671,75277,65380529,128502,75156,65393411,128502
4666e40d43d04122,115519,105583886,129910,115342,105593624,129910
46764dc4ed91dc71,63342,53468984,137060,63180,53480102,137060
46839f3f76f69087,19045,9188658,139079,18872,9198851,139079
468710e04e95b6c7,92987,83109507,137559,92791,83119411,137559
468b4d1d1a40b65b,49036,39151254,141433,48852,39164050,141433
46ba950d4462a1e0,11101,1229912,133044,10921,1240302,133044
46bba835ac23f237,104865,95010045,137536,104694,95020099,137536
46bd8bfba2e0062d,13112,3251405,141093,12942,3261597,141093
46e86e8cf25386b7,60506,50606264,136665,60372,50620184,136665
470c1baad43a2921,108136,98248793,131655,107992,98258917,131655
47189503716f9ddf,99809,89929512,138605,99641,89939246,138605
472f6189643bc9f0,14649,4749963,132693,14506,4759877,132693
4738ba8341c7e77e,54871,44989448,138458,54701,45000645,138458
474a601f4a8e5f15,117350,107429849,128492,117225,107439284,128492
475626c4643f929c,101047,91169789,139390,100880,91179865,139390
47812fc8d320f751,85555,75672863,138034,85376,75682537,138034
47abcd102a533ab0,42876,32992035,137737,42708,33002128,137737
47e656b76f8e5fe7,53497,43627308,129088,53326,43641452,129088
482ac4c5b01c485d,55705,45848960,137184,55535,45865247,137184
48416eb222894d6e,91870,82009484,137360,91693,82020974,137360
4845f2c20ab4fd04,19736,9871552,137143,19564,9882129,137143
485951eec2fd9c1a,10654,747390,132567,10525,757704,132567
486c0d9e85638e53,111361,101509930,139356,111192,101519519,139356
488befa74c338c3d,87659,77792872,138488,87482,77802419,138488
48921ec4278383c8,83086,73200691,129180,82976,73211423,129180
489934c27ab00d4d,106442,96548535,132063,106278,96558262,132063
489da9bdcb0899c1,65363,55489125,137582,65188,55500072,137582
48a9ef53b2a79d1b,62571,52689011,138043,62430,52700487,138043
48aa26745652437d,88068,78189459,138943,87896,78199545,138943
48be9b06524b0501,87908,78032495,156811,87740,78045031,156811
48db74e5e0f445b6,69639,59687535,129531,69466,59697667,129531
48e58d584276a218,55948,46068815,137286,55758,46080737,137286
48ead86438386626,43868,34008646,137751,43690,34018445,137751
49002e064f7e6eef,35629,25729444,141113,35492,25739235,141113
493613d42e81b993,27986,18087054,129301,27829,18096406,129301
4949f92591e631f8,31062,21188913,139787,30883,21198859,139787
4963b34cef678149,45452,35569112,138737,45284,35578522,138737
499b70f0ca78bc55,76513,66648865,136689,76335,66664486,136689
49aef06968a16e6d,75891,66028920,136287,75714,66043913,136287
49bd01779aede514,73751,63869395,135914,73583,63881918,135914
49caffb0a4d08be8,94462,84548044,130022,94341,84557360,130022
49cd9a5d77272f6a,21100,11248673,139427,20931,11259750,139427
49d11e85a387561a,48035,38172750,139095,47869,38185155,139095
4a17ed6b5c2587e5,44994,35109461,138951,44792,35119566,138951
4a1b67c69a73e1b9,99533,89668345,132179,99350,89678025,132179
4a41a5e72659f09c,89926,80049323,137829,89758,80058810,137829
4a6a370e2699a3d5,73376,63487648,128125,73240,63500582,128125
4a9a464857789c4f,60715,50829012,138083,60544,50841169,138083
4a9eaec026d78bf8,84249,74371122,137694,84074,74380918,137694
4aab857b82ac7301,32940,23089025,139076,32771,23099599,139076
4ab1c6dcb2ea23ad,74677,64812029,136805,74508,64823507,136805
4aed76edf1d7d396,117802,107929660,138149,117612,107939591,138149
4b14916c5e0dcf0e,100003,90129911,139530,99833,90140269,139530
4b34c2175f37ef76,84903,75029134,137135,84733,75038713,137135
4b361b79330aac43,119989,110109830,138211,119827,110121287,138211
4b441e46b386f61e,35146,25268810,138500,34978,25278920,138500
4b5525db666edfcd,10460,573978,118865,10339,583132,118865
4b5644d0680d7a66,37678,27772032,138746,37535,27781298,138746
4b6a534c5ca6a373,21414,11539120,137342,21245,11549218,137342
4b8f0fead7eaf57b,65078,55194962,136357,64912,55207156,136357
4b944452b1beb181,87019,77123028,128941,86897,77133087,128941
4ba666315af60728,88686,78809652,140244,88519,78819913,140244
4bc52f52578c07a8,104299,94390923,130937,104163,94400822,130937
4bd80ab3c21a5b19,99472,89592064,140681,99291,89601957,140681
4bd8a5d730ef68fa,54722,44828950,137850,54592,44840789,137850
4c17731ffaf0bdba,73440,63547265,127460,73303,63560050,127460
4c218d7316b76120,60596,50692033,137992,60448,50703198,137992
4c2dd4b42b232292,43808,33931977,137685,43618,33941496,137685
4c31b38f2ae18014,95053,85192452,137158,94883,85202319,137158
4c342ccc381a8e57,65926,56051895,155075,65750,56062751,155075
4c50c4b4fb67ff1a,52293,42458742,367136,52162,42498032,367176
4c5120b21aeab7b8,49301,39447519,129989,49134,39459532,129989
4c601143fed3f375,18412,8506651,127490,18286,8516382,127490
4c66ab753ddbf0b3,20590,10688494,137318,20443,10698264,137318
4c96f9214136ce1e,30495,20631525,138486,30322,20641815,138486
4ca51231a35f2811,90903,80989158,136128,90705,80999382,136128
4cb6b515f7f9bfdd,76816,66932275,137558,76655,66944848,137558
4cd30f93a81297cd,66937,57052900,138521,66768,57063012,138521
4cdca857e3c7f3b7,28494,18614779,155223,28326,18631482,155223
4d0e074b9d03ec44,28934,19068777,138351,28751,19078507,138351
4d1a699d087d5e44,15386,5508685,139790,15217,5518981,139790
4d2ba86a54b3280b,75981,66129084,136291,75814,66143401,136291
4d8f1ce792cc3fad,100654,90779852,132364,100473,90789058,132364
4d946e79b3c4937f,33472,23576326,128888,33342,23585481,128888
4da8b302b234b3fe,105021,95149757,139131,104853,95160157,139131
4dabec9c11721f22,36482,26608892,138386,36313,26619766,138386
4db258ba4bdf88d6,14146,4268742,140617,13978,4279064,140617
4db48129205182ea,58579,48672067,137458,58448,48683224,137458
4db50e4276a3b28e,70553,60672805,139189,70381,60683069,139189
4db8875a34209d1f,33126,23248531,138304,32958,23258926,138304
4dca607b600de7f0,82513,72649268,137663,82332,72660343,137663
4dd0d77fdbbffa5c,83151,73244147,128422,83040,73253834,128422
4dd65998ceae2807,45578,35690734,130142,45407,35699523,130142
4dd9a31eb9a800e6,74926,65049140,138412,74761,65062876,138412
4de806088c000ff5,38438,28552351,139062,38268,28562405,139062
4dedd6a9f8c95312,35989,26112369,138959,35796,26122309,138959
4e0548558e5f1f12,45856,36000024,137926,45683,36010016,137926
4e075a28adf4bfc7,35959,26088865,137515,35772,26098836,137515
4e07677ea72c1fcd,20045,10168693,138881,19878,10178435,138881
4e1f51ad99445b0f,16389,6487208,129873,16260,6496697,129873
4e23344724857532,89045,79128519,130343,88923,79138065,130343
4e426b728afdcd93,43317,33408937,128337,43178,33417651,128337
4e4894f6c0e82d88,49749,39872271,138097,49570,39883564,138097
4e4ce12c21ab721d,55136,45252288,138851,54947,45263568,138851
4e4fcad3fceee4ff,105807,95929611,138773,105639,95939818,138773
4e52781df664ab5b,84091,74209304,137950,83921,74219321,137950
4e5e3f5cad07df9f,49843,39969200,139190,49658,39980470,139190
4e6b230d65a86dfd,38406,28528844,138927,38236,28539112,138927
4e811fd6c8f0f2ab,41852,31989099,139541,41671,31998767,139541
4e843ac300f60ce5,94877,85009181,135556,94691,85018717,135556
4eaaadb6c9f1d681,48802,38892084,137529,48669,38903113,137529
4ee8257e93826d03,34523,24648829,138658,34354,24658750,138658
4f16d6f3d6cbc6a8,98665,88788406,132783,98492,88798435,132783
4f19cb7ecf59e4a6,115131,105210070,129534,115005,105220108,129534
4f2bc1dc40bcc751,91900,82032979,136944,91724,82042760,136944
4f370e57c4bd9c01,39902,30028778,138170,39710,30038543,138170
4f3acfa28329ec3f,115725,105809534,137409,115496,105824652,137409
4f3e9922fa048653,76357,66489111,136544,76188,66502097,136544
4f4820c0434f9163,50728,40812266,137694,50624,40825656,137694
4f6a4d878f9c3d99,113648,103749491,137793,113431,103758838,137793
4f6aa86b1809c687,108103,98208730,132809,107961,98218200,132809
4f6c9224133d2166,117478,107568321,129609,117343,107577567,129609
4f701575a38c6bb3,49065,39188759,137403,48874,39200221,137403
4f702be26aaaa1b7,70773,60909045,137192,70592,60919517,137192
4f87e9a3b293dcc8,38907,29048782,138002,38734,29058533,138002
4fa447bf3eebf0cd,40613,30748617,136976,40433,30758513,136976
4fa4f323e5320423,94002,84129640,137725,93834,84140242,137725
4fc7befd4da554bc,52165,42287333,129180,51994,42300717,129180
4ff96f7e94658004,44503,34590651,112559,44394,34599808,112559
4ffafda081d99383,100949,91069450,138054,100783,91079278,138054
5033605abeedbd65,90023,80149485,139067,89853,80160039,139067
5044222463d8f2b6,96863,86988564,132119,96670,86997638,132119
504b9bce5509692a,30249,20371634,137747,30067,20382271,137747
5051fe353b97dedc,97575,87710460,143380,97392,87720231,143380
5052f20e1af74e70,15010,5148333,137661,14832,5159137,137661
5054d6fe49f3ced6,39061,29172303,139398,38894,29183224,139398
506a636657350fb0,43960,34108842,136845,43790,34118352,136845
507fc8aca9993dff,67900,58032706,138690,67721,58042907,138690
5083319e290f19dc,73066,63189128,137784,72902,63201027,137784
508f90dccc403ad8,9863,0,140309,9682,9734,140309
50b91155b278721c,91563,81672664,138910,91402,81682387,138910
50bf091a73ec4ff0,116591,106710872,131294,116414,106720633,131294
50f078af6c1d9c1d,57066,47209117,138483,56897,47222215,138483
50f69af31b774fd7,58874,49008630,136305,58693,49022876,136305
510a8822ad9de793,10526,619307,133278,10404,629116,133278
511438a13859c28c,20885,11011484,137147,20702,11021213,137147
511e4112922cfafc,54693,44791907,137778,54569,44804199,137778
512c0f3fb2d7c398,33569,23667171,129907,33437,23677075,129907
5155134662382c92,13399,3512003,139470,13231,3522332,139470
5164cb76e7e94509,18315,8418153,129149,18191,8427512,129149
5168dc9b0cc1056c,68370,58489459,138679,68196,58498871,138679
516bab12c392906c,39638,29729109,138152,39495,29743118,138152
517d6c7751d5fb40,108199,98308591,132190,108052,98319038,132190
51831f2f99300a40,68050,58169042,137935,67882,58179153,137935
519a04f2b7c0836f,32661,22788640,138089,32487,22798820,138089
51bbc7f475154e56,14892,5008831,129716,14714,5018565,129716
51be5eabeb143ab1,72351,62469298,138866,72185,62481777,138866
51eec3b9a40d78c4,74795,64911844,136420,74631,64924310,136420
51f2de72d07d46b4,84871,74989055,136418,84702,74999112,136418
51f62ccdd42f2484,17654,7788488,137988,17470,7798644,137988
521750180bfe15f1,27956,18049076,130405,27804,18058294,130405
5218171f1dca6a18,51482,41608992,138243,51310,41621564,138243
52433068d5183379,41456,31549048,129359,41315,31557869,129359
524eea336e6d0efb,96574,86668544,132380,96428,86678876,132380
526512370d1be3c2,99596,89728682,131687,99414,89738287,131687
527108867ed1527f,36794,26928954,139449,36616,26939365,139449
5278efac27016eda,39669,29769033,139934,39521,29783478,139934
5293f13b91819673,109346,99473799,140038,109165,99484710,140038
52cf6928e1a072ff,114406,104530236,129903,114230,104539325,129903
52e85dce83151f4b,97295,87411254,134487,97126,87420565,134487
52f4f0e0e1e83ac3,71745,61847884,130163,71583,61857178,130163
531201fa6d536bca,66880,57029294,138788,66712,57039631,138788
5327213abcdf2fff,108324,98430960,132974,108165,98441289,132974
5329a6995aad21a9,43170,33311563,98045,43033,33331798,98045
5336e597e61c2c4e,27075,17207370,130342,26891,17217206,130342
534999be2b85749b,99001,89149555,138844,98834,89159720,138844
53566572d23f5d56,101143,91269684,138976,100975,91279744,138976
5397d073fea28a06,118421,108548275,130387,118245,108558460,130387
53a451414f9c2f54,47914,38047434,130652,47733,38062846,130652
53d791066f131745,28250,18388395,137194,28071,18398677,137194
53e721342f572826,109687,99809699,138521,109521,99819406,138521
53ee26beffd4687d,92799,82889148,137100,92629,82898747,137100
540070b251621632,19981,10108065,136350,19814,10117798,136350
54034eb7d53e907e,34027,24151836,137713,33836,24163212,137713
5415ff686d9edc79,77303,67389772,130002,77207,67400078,130002
5420276e269c1aa0,28996,19131676,138428,28823,19141736,138428
5429683bc3b072be,77368,67449187,128946,77268,67460480,128946
543d0bf4ce87f2a8,50636,40729497,141098,50547,40744193,141098
544e8107128abfff,88589,78709320,138015,88421,78719813,138015
5450a25997de1803,106322,96411058,131721,106179,96420092,131721
5468c84144a51517,81822,71952665,138541,81643,71962856,138541
54779f57ff3c3d15,72725,62869223,137253,72556,62883140,137253
547bd308c38295ea,52415,42513616,113741,52293,42531922,113741
5488687f573a45ae,95623,85749560,138366,95445,85758973,138366
54ea016d3b23879c,76881,67008824,135571,76720,67022311,135571
54f2e812de23f811,96891,87028236,131820,96710,87038202,131820
54fce908cc38fb6a,16999,7131742,138387,16823,7142148,138387
54fff2369297ad9a,46166,36288760,138435,45997,36298610,138435
550e2860edbf1731,67421,57487884,130405,67279,57497646,130405
55149b3b5c52730d,16324,6438555,128896,16196,6448686,128896
551a641e7ce9d1d9,87810,77929254,137517,87643,77939387,137517
5531aea1cd2933dc,27895,17989320,129875,27753,17998501,129875
55339967ec43970b,110155,100268270,129300,110008,100281278,129300
5535ca6d1dcbd8ac,36353,26468631,137515,36185,26478716,137515
557ec998d5497a8a,63966,54088876,136892,63805,54100436,136892
5581fe111ee6fceb,115067,105156054,131690,114943,105166426,131690
558e88e374216de3,36886,27028913,139309,36715,27039015,139309
55a18e2efe391d31,50442,40553587,113485,,,
55c070729f99a584,70035,60152298,138755,69843,60164729,138755
55dab0092e734130,33537,23629019,129766,33405,23638161,129766
55dac538b3123a8b,74861,64989115,136836,74697,65002940,136836
55e8ed108cfecb6e,64314,54412503,137911,64194,54424295,137911
55ecd6d73f8a2947,33061,23171983,138189,32894,23182068,138189
5616c1dc6bfbe5e5,116273,106389422,134166,116105,106399706,134166
5629697dca7a6c57,90688,80728100,130807,90574,80737456,130807
562af3d70a2102a4,104834,94972664,136904,104663,94982986,136904
562eee07ed37dbf1,22344,12488299,137194,22171,12498621,137194
5642123aa2c6c765,94556,84648091,130637,94423,84658725,130637
565f15eb7dbf0163,98358,88451049,132194,98222,88461003,132194
56778691a3db3a8b,25360,15488550,137351,25193,15498657,137351
56852cf7ab305da3,69926,60029072,138220,69713,60042144,138220
56874e36bc179fe6,37198,27312321,138252,37031,27322356,138252
5695a2caccd1ddd2,21033,11171867,138681,20864,11182254,138681
56a8a4e43c53d9be,64980,55109414,139168,64815,55124201,139168
56ab052f83f37984,115034,105133742,115789,114911,105142987,115789
56c098623589b83d,108072,98170846,131559,107930,98181129,131559
56cb1fd243920e24,75625,65728978,136210,75476,65739858,136210
56cef281f1e2fc21,88036,78153430,137975,87865,78163638,137975
56d3b6858485b24e,20242,10356270,129118,20118,10365886,129118
56e73b8ddfb54a1f,112568,102709594,137024,112393,102718979,137024
56e9230fbf194a72,117055,107173593,139870,116889,107184585,139870
5746f085dd7fed06,74146,64269081,136971,73981,64283429,136971
574f611791a4b120,46956,37029136,128985,46743,37038200,128985
57a4221648a72acf,27044,17169096,130280,26862,17179257,130280
57ac71460bb22a5d,62190,52294052,128018,62088,52384278,128018
57cbe103411914c0,45947,36088830,137739,45774,36098882,137739
57f2e6aadbbcf8e5,13865,4008785,140390,13691,4019488,140390
580653ded163012f,64798,54932295,136835,64625,54943362,136835
5808f7c69996b370,107481,97629709,137940,107311,97639368,137940
581939684abd1216,56917,47049052,138815,56732,47062116,138815
582f7f1df03c6650,112118,102213347,139467,111979,102223743,139467
584f3e8ffa9ddeba,18985,9128410,137643,18810,9138682,137643
58513e38b5e6f8c9,77463,67552104,137733,77351,67563909,137733
588dc9ddf9099af0,97167,87292789,157504,97001,87304471,157504
58aa5140b6f74351,54568,44667473,129298,54465,44681354,129298
58ac74dffea568f4,93189,83309270,137689,93023,83319569,137689
58b37bc616b2b614,79117,69258550,98226,78998,69281434,98226
58d642f6f96ee2dc,82483,72610321,137890,82297,72620984,137890
58e68227b2fd14af,87274,77369255,137859,87136,77378705,137859
58e9d0e3fbdae03e,71716,61809443,129417,71558,61818800,129417
590c5b3e311ba9d2,53528,43649161,129462,53356,43660539,129462
591c63f98a7b0bc8,11568,1687551,133271,11397,1697823,133271
595e7eb2360ade48,20404,10488830,128299,20275,10497875,128299
596d1a9445a4f123,71834,61948984,136626,71656,61958782,136626
5984a3a8738fd11c,99565,89692349,142248,99383,89702934,142248
59d3ad905bfaa44e,112212,102312844,137151,112062,102322366,137151
59e60211cc594bf4,14274,4436568,356856,14139,4470392,356896
59e8ef5fd649a487,60093,50209113,139088,59931,50220806,139088
59e9edf00e8ae798,41488,31589037,139553,41345,31598562,139553
59efb68b562efe88,29896,20011614,137377,29743,20021408,137377
59f28fa81ae99223,27136,17270926,140684,26962,17280663,140684
5a024d708f46c48c,51980,42127700,131106,51813,42142669,131106
5a034844e23a36b4,22880,13008569,138751,22706,13019202,138751
5a0ed2703f929256,31031,21152162,138716,30853,21163213,138716
5a2a039c09051b2e,26794,16910897,140009,26624,16921106,140009
5a563b0adc90190f,111329,101469724,138381,111155,101480310,138381
5a6e627b3d1632e8,66755,56892688,138945,66584,56903481,138945
5a6fed546a53d33b,30091,20208645,138398,29918,20218992,138398
5a723c8755fea54f,61667,51811751,153957,61496,51823965,153957
5a7b7aad3cc4306f,92745,82809863,130044,92592,82819949,130044
5a845d5f4745cc58,43897,34031859,137173,43721,34041162,137173
5ac1b454eb1c3e99,86548,76689247,137711,86376,76699728,137711
5af00d7aff7356b4,47603,37729071,139137,47434,37741274,139137
5afe651562879f88,91594,81709396,138400,91432,81718610,138400
5b0c4218866b893d,61821,51935355,155416,61657,51947982,155416
5b19cb11d9c80e45,40363,30488594,137458,40194,30498715,137458
5b1a29b679a3a5a4,74646,64788949,137128,74477,64802488,137128
5b1bb6991dd3ad91,77936,68072253,137208,77761,68081957,137208
5b2e16b07edd9960,76635,66772267,137005,76468,66783476,137005
5b4c6ece3490a000,22787,12908679,138865,22616,12919541,138865
5b551c4df51cf09c,110795,100912954,137684,110628,100922807,137684
5b70cdf91d368680,70425,60549092,138357,70255,60559381,138357
5ba543817db36324,110123,100228180,129067,109978,100239313,129067
5ba7605a388c40a0,16517,6610990,141039,16383,6621239,141039
5bb40aaa0f4f74c0,65456,55588969,137686,65275,55600033,137686
5bb76ffa0ca473c2,14241,4368409,138506,14072,4378735,138506
5bbb88014553482d,18631,8731715,137631,18485,8741995,137631
5bced1ba20825754,41733,31848805,138762,41562,31858857,138762
5bd0e3bece99e13f,74114,64229207,137505,73949,64241132,137505
5bd25a55c65d32c6,11995,2112554,140055,11829,2122529,140055
5bf69c3c9996c49c,26234,16367265,131124,26049,16377216,131124
5bf7c70790ede92b,114871,104991605,141222,114703,105004796,141222
5c096aedcb771a2d,62840,52989129,137749,62672,53002333,137749
5c1f417543154c9b,92827,82920123,137980,92648,82930220,137980
5c229127ba6f72f9,89589,79712775,138531,89402,79722061,138531
5c2bf8f73f0a0bf0,112332,102449794,138637,112164,102460279,138637
5c3f69d06d42f1a6,82262,72389218,137126,82089,72399982,137126
5c4dbe086aad15ed,20710,10828561,137425,20542,10839297,137425
5c61e6d0f0cd9bba,16910,7031763,137690,16720,7042294,137690
5c64506f6dc9b9e9,23860,13914852,129848,23746,13924746,129848
5c6c44400c941f31,33789,23891791,136940,33638,23902219,136940
5c6d8dfdc0ed8de9,32629,22752501,139563,32457,22763453,139563
5c70586cf7bd94fb,25147,15287041,129282,24972,15296745,129282
5c81d618a64beba1,78219,68332710,137840,78051,68342927,137840
5cc44fc8a361be73,94616,84707993,130029,94474,84716967,130029
5ccf2c46dff73512,114741,104853285,138511,114575,104863376,138511
5ce693c42c033258,51608,41729084,138614,51433,41740340,138614
5cf1d8a9abc56019,60627,50728913,137757,60473,50740407,137757
5d426b7cc060a235,92658,82710051,130097,92531,82719916,130097
5d4b345d3d81d174,45200,35349571,140201,45032,35360311,140201
5d92c9311701c1fa,33028,23148563,138121,32862,23159442,138121
5d9f5de0ac990747,96091,86210177,142305,95921,86224614,142305
5da0f9c699b43cf1,92961,83072693,137695,92761,83082770,137695
5da25f48c7fdec76,60218,50330208,110386,60100,50353405,110386
5da40f8cdd0da7a3,89013,79101002,116903,88893,79109731,116903
5db4e28b4104f4fa,50938,41048753,137384,50776,41062814,137384
5db5593e4eb05b5d,83551,73652389,136731,83385,73662368,136731
5dd573a409a9f1c3,13713,3848700,139504,13532,3859250,139504
5df59a7f3aa7afb7,107601,97713447,139607,107433,97722993,139607
5e0b082b653438bd,77106,67282936,377997,,,
5e17801f8e482480,101641,91788463,132112,101470,91797586,132112
5e27d532ac1c3bd1,33159,23271924,138729,32991,23282847,138729
5e2b007ef67289d2,89861,79992984,158491,89693,80003619,158491
5e4409124b6704e5,76728,66869678,137304,76560,66881767,137304
5e5f8af28a56ac2c,100475,90570866,132972,100324,90580225,132972
5e60b8744c46d0b2,101695,91810903,132556,101525,91819850,132556
5e96d55f323045be,90149,80273392,138615,89975,80283474,138615
5e9d09f315045e94,38630,28760164,137919,38451,28770030,137919
5ea04fef75599a95,28220,18349247,137698,28031,18359031,137698
5eaa4a2463dec8d5,38566,28688654,137846,38391,28698699,137846
5eb58bc349f9a2ed,102584,92690649,131320,102410,92704513,131320
5ec884adfcaf0b09,12814,2927248,131566,12652,2936442,131566
5eef17308a66c088,104140,94228681,131630,104014,94238148,131630
5efb96349277b420,92688,82742600,130109,92552,82752299,130109
5f5d7866a743603a,104540,94651061,131908,104367,94661022,131908
5f6015f91c450949,39817,29929112,139313,39641,29939218,139313
5f927f7af8bef783,43412,33511157,139414,43270,33520936,139414
5f98b00807874f35,54472,44567418,129427,54379,44578362,129427
5fc07c4ab9a4b3fd,108934,99058774,155572,108767,99070171,155572
5fc9b96398c56554,43348,33447261,129095,43209,33456159,129095
5fd47679fed72985,47204,37328911,138748,47011,37338808,138748
5fe82c6879bdd086,65143,55268943,137261,64976,55283480,137261
5ff3ee2ee92f0a72,65636,55760402,138074,65469,55773914,138074
6009a5393cea8963,17438,7550206,128734,17265,7560324,128734
6016179a985a087b,92175,82290832,137461,92007,82300874,137461
6037a9aefaa3c329,80707,70849123,137258,80534,70859300,137258
60433eb770943a01,27675,17766851,128269,27551,17776180,128269
604ee816153c48f7,42664,32792060,138942,42484,32802514,138942
6051b91fb217a748,58097,48228864,136661,57933,48241783,136661
60645170a4bf96e9,63773,53892329,136639,63612,53903972,136639
60741e1a6422a30d,119075,109237037,350854,118935,109265894,350894
607de4dae0143d6d,38692,28812382,139117,38510,28822714,139117
608a295b266ade28,57935,48055165,156954,57772,48070667,156954
60b18ccac649c9b0,85861,76009110,137178,85693,76018478,137178
60c12d817ba51c3b,22561,12675407,159091,22395,12687447,159091
60e4c404c8bae828,15069,5208600,139186,14892,5218457,139186
60e4fde0a61757c7,25938,16032030,139330,25794,16042622,139330
60e5a37bc46ca046,47094,37191594,136772,46880,37201432,136772
612596331b5e0b5e,97421,87548418,131905,97246,87557607,131905
614f3974245d2baf,12690,2789302,130959,12541,2798907,130959
615a4f2226a7af4a,46554,36662007,89623,46417,36669938,89623
6165334b1bd86d80,70146,60289342,139351,69975,60304373,139351
616d3226dc39805a,15320,5437258,154066,15152,5448703,154066
61880b4e46b594ad,53994,44109000,137800,53828,44120786,137800
61aff4e594cf0549,27865,17967315,130300,27727,17976849,130300
61bf38fa00626899,115099,105188131,129172,114974,105197972,129172
61dffb0ac48a29b0,105215,95330784,131303,105045,95340500,131303
61e9d83875985df3,33759,23868665,138303,33612,23878530,138303
61ea76c298180272,19828,9968906,137391,19656,9978448,137391
61f1df07fd7e787f,106382,96470835,132108,106229,96480027,132108
6210b2bc36d6cd61,96259,86360249,121015,96141,86369322,121015
6244bbc2f3e8beca,80146,70269295,138601,79978,70279566,138601
625b2ac6d99bb51f,21155,11274875,155078,20989,11286744,155078
626cf157b1ddc78b,102526,92629031,133015,102363,92642611,133015
62d1f8e43adba30c,87631,77769497,139037,87451,77779134,139037
62dda2a82003da15,46230,36349254,139909,46061,36359318,139909
631bb006a5ce87ac,81159,71261109,131569,81043,71270204,131569
631da8c9fa0a940a,106701,96833018,138414,106523,96842833,138414
632c3ce9252171d6,49270,39409401,129101,49103,39420436,129101
63569125bad38da3,14862,4986945,129712,14689,4996325,129712
6357349543ba2a4d,28686,18807206,130255,28515,18817421,130255
637b0c347f01e9ac,15733,5868074,136281,15551,5879299,136281
63a7cd6f7b51a574,95084,85229752,139902,94913,85240544,139902
63c091c445f4c2cd,93664,83792907,138884,93483,83803143,138884
63c0d86a28a07ce9,114839,104953356,138458,114671,104964400,138458
63cb7e40e10ff331,38002,28132398,138914,37821,28142780,138914
63cb81135a65566c,15640,5768441,138194,15460,5778147,138194
63d44fdf5a5c1210,26263,16389048,129070,26081,16398725,129070
63e78748b24501df,59591,49728885,136921,59419,49741478,136921
63e92e9dad4ddac6,76574,66708974,136595,76392,66720299,136595
63edbe3eca861bcc,28873,19008658,138250,28694,19019968,138250
63f4e6baf823eb66,12752,2867317,132156,12597,2876801,132156
640678b0aef7bfcd,109095,99211351,133284,108925,99223745,133284
6418654bd6c67e41,70392,60512494,137203,70222,60522236,137203
6436288d9d689741,23701,13817619,93158,23601,13830550,93158
645719bc09f0c29d,95210,85332148,153792,95043,85343402,153792
647c06f3f791d60e,32406,22531878,157025,32239,22543002,157025
6481897e614d7476,80894,71012536,138872,80726,71022708,138872
64870b02e7267d2d,94494,84569852,129313,94370,84579341,129313
648be0f86c5c9dd2,37231,27349016,139793,37063,27359096,139793
648c23f2313fc1ab,42350,32471986,156938,42176,32483805,156938
64be3cf6e6bc8881,55520,45648615,136936,55352,45663693,136936
64beee1f945298b1,106037,96138918,134237,105916,96149215,134237
64c38e9682a30c32,44831,34912153,138109,44657,34921612,138109
64c6113c0e5d34d9,64281,54389226,139279,64164,54402544,139279
64ccc3ded99a5b8e,51946,42087453,129222,51780,42098689,129222
64de0cf3f2e92c87,12903,3027412,132519,12729,3037144,132519
64e6aca29c807876,113780,103913173,138197,113602,103923968,138197
64ee1f7006b27108,91840,81970014,141139,91659,81980541,141139
64fd4be6ebb611c4,61421,51549092,138620,61249,51565981,138620
64ff3afe3fb06116,71562,61649953,131176,71422,61659738,131176
6501b3c3b961afda,80049,70169232,137908,79881,70179822,137908
6508d6f579c9d629,98295,88390926,130751,98161,88400785,130751
6512b4eeeace3691,72009,62148995,137367,71835,62164903,137367
6520ea8f5db1df4e,104685,94813049,138272,104503,94823096,138272
6559656249dfdc37,17562,7688344,137107,17383,7699868,137107
655968f17f37ac3d,95121,85269379,138148,94952,85280144,138148
65599178d9e42530,93603,83729313,137578,93425,83739596,137578
65825b13d0091cfe,37915,28032538,138755,37731,28042731,138755
65c5c978b6132897,27771,17867349,131370,27642,17877496,131370
65cb060baca99c49,44747,34810133,130690,44596,34819913,130690
65d4b9c1de3733dc,58609,48709380,139384,58473,48721457,139384
65dce0b0cc3ba76b,107827,97949728,139475,107655,97959747,139475
65de207d54a4d6fc,103537,93670783,132650,103363,93679617,132650
65f25540c5f47c33,18570,8668656,138384,18431,8678586,138384
65f8a646439a4687,49934,40067253,129209,49757,40078545,129209
6600154ddec73f4e,113499,103552555,137274,113325,103561868,137274
6602b4f61e0db72b,17181,7291894,137804,17014,7302273,137804
6606bb26d22f7d5a,74275,64392277,138460,74107,64404310,138460
66215e3b063ce143,11630,1749575,132907,11458,1758926,132907
66499d579320f0d6,24121,14207319,130141,23941,14216605,130141
667820b37c741b24,106290,96388817,132894,106152,96398383,132894
66876613115837b9,43381,33487574,129501,43240,33496750,129501
66a5d0af2a4a0953,56463,46549185,129562,56353,46560305,129562
66d8f050be634603,48771,38868907,138800,48643,38881464,138800
66dd67b6de658ef3,107417,97553561,137585,107244,97563006,137585
66e16006edd3c5a6,97606,87748373,130640,97430,87757535,130640
66e40e591654cf57,111547,101669718,138682,111378,101679471,138682
675e99addcab279b,81289,71367947,128605,81167,71376570,128605
6769e91bfb363b33,103656,93772279,140878,103486,93782400,140878
67810ec3bf1b2fd8,78121,68252299,155530,77955,68263898,155530
6786ca69300342fe,39028,29148805,138668,38861,29159845,138668
678860d0534c1c05,65547,55689169,138753,65379,55700434,138753
6788837bb66b64d4,18539,8631210,136582,18403,8641265,136582
678bfab0ed5e4fcb,106260,96348546,132087,106126,96357613,132087
679e9e8c9fbd4f1e,15702,5828663,139053,15519,5838283,139053
67a66ae2d4fe5d5b,47122,37229277,138013,46911,37239343,138013
67bc1a6565e454a0,19582,9708408,136897,19404,9718132,136897
67cb2a8655676a5a,46652,36717703,114469,46505,36726361,114469
67cd64939e661e37,62928,53048771,137090,62735,53063103,137090
67dce95a9acb6fa5,54989,45128903,138410,54813,45142760,138410
67e725afab370c2a,30526,20668687,138478,30353,20679093,138478
67f2310eeb9cb902,71950,62072369,137962,71767,62084035,137962
68186d7216323651,93477,83592795,138812,93306,83602722,138812
68214ed5390a645b,61358,51488971,136998,61189,51503871,136998
6822aab3dc92fae6,67359,57442503,113045,67223,57451278,113045
682897fc5040f149,23096,13232190,138090,22924,13242050,138090
683a64d6c90b1c43,22658,12772004,138590,22491,12782389,138590
687ddf6b996c3fa1,12843,2967638,132690,12678,2977021,132690
68879db7ae89a453,66785,56928989,138046,66614,56939354,138046
68999e041946be42,34867,25008629,138354,34691,25019314,138354
689a8c4d9ae8b020,35306,25476353,348953,35174,25504949,348993
68bd31ebc8b61269,98724,88848781,133781,98541,88858777,133781
68d2167cb450bfdc,15546,5668405,137755,15372,5677901,137755
68f338eff1ebb6f6,95746,85889421,138131,95571,85899228,138131
68f805b73601b4ca,111449,101569667,138227,111282,101579309,138227
6957089a93b72339,86517,76652386,137373,86345,76662467,137373
6958bb35a9228220,27707,17788454,128026,27582,17797400,128026
697115aa94b30897,51916,42052394,138847,51750,42063923,138847
697fa298f6c99cd4,60474,50568873,137679,60344,50580666,137679
69a774079ea0f5a2,118947,109070050,139729,118780,109080923,139729
69b9925eefe12d2f,15288,5411262,155250,15121,5423402,155250
69c02081abaed262,26951,17088870,138172,26774,17099698,138172
69c39c5d8f3a5ddd,29213,19328735,138573,29045,19339274,138573
69dffa67391d3fb5,61101,51228873,136994,60938,51241159,136994
69e7f25ff93ac235,79895,70032223,137709,79722,70042326,137709
69efe18e8fd23a07,51514,41632507,138858,51341,41644192,138858
6a0466da121f4d91,32815,22948732,138332,32633,22959009,138332
6a07ffc0652696b9,37944,28068926,139005,37755,28079466,139005
6a31ec6d108886d0,116529,106651296,133556,116355,106661146,133556
6a4ecf5c227e013a,32534,22652017,138623,32365,22662635,138623
6a569db75542fbec,40168,30288955,139581,40002,30299134,139581
6a5b886935add61d,95896,86012924,137956,95728,86022228,137956
6a7e1ec7bae9b79e,48516,38620578,129268,48407,38703612,129268
6aa279d5e411d547,109127,99248652,131470,108956,99258518,131470
6aafcfc378092587,79662,69772588,137473,79490,69781880,137473
6abf3ebd9592ae0e,17961,8088594,138228,17793,8099132,138228
6ad5be1ffe996763,95372,85488460,131142,95203,85497955,131142
6ad838e6985e20b8,74338,64452218,137539,74168,64464083,137539
6ae29aafd44e26fd,22170,12288705,138950,21990,12299611,138950
6b07fe098ecde781,35404,25518212,128218,35277,25528106,128218
6b539e896b9cf53a,108653,98799714,131299,108483,98809696,131299
6b55918dd456f267,118816,108933386,138323,118650,108944004,138323
6b58994c49e49fab,23156,13292055,138888,22985,13302638,138888
6bb77b04ba234e47,12254,2372855,139877,12084,2382621,139877
6bbfb98ac4dcf8b0,20797,10911681,138345,20612,10922497,138345
6bc73b1583d24fea,48100,38247643,131204,47934,38261593,131204
6bdb3611d609fe4e,109558,99674423,141732,109392,99685072,141732
6beae5001b3d30f9,81444,71532401,137496,81305,71542680,137496
6bfc1a188a0375f3,71179,61292362,137838,71010,61302663,137838
6c022eca30f65993,56830,46949169,139041,56662,46960723,139041
6c0bf0c86cafd6ef,73195,63354408,339580,73052,63387776,339620
6c111dd5310b4dee,116029,106168486,130920,115850,106178358,130920
6c1d2e83df6094ab,11815,1947529,132888,11632,1956646,132888
6c1d960ab1c4d948,53240,43367551,130592,53074,43382111,130592
6c330db66b7a9101,104392,94488899,134072,104244,94498756,134072
6c33312a8b7d5c0e,77819,67949071,136915,77631,67959387,136915
6c4aab43f2bff5ec,76166,66292058,154779,76002,66307554,154779
6c5c8827a0680147,46387,36490522,130083,46254,36500452,130083
6c8204edf38c0b31,67541,57607764,130267,67380,57617020,130267
6c84c182f32db7c8,34205,24349057,139612,34033,24359994,139612
6c8c5be71ea6466e,90181,80321508,138701,90005,80331911,138701
6c93461a7d573150,75149,65317457,339141,75020,65355499,339181
6c9b9cc225a7df5d,16486,6587156,129539,16353,6596988,129539
6cc31225877a6c12,39385,29479544,130556,39261,29489030,130556
6ccbbbf68435ee7c,73504,63609184,137979,73363,63620205,137979
6d013cb806281ebe,80861,70989098,137255,80693,70999642,137255
6d17fecdf33acd8f,41612,31729027,138846,41458,31738669,138846
6d2a5e18b384ba9f,86046,76169402,138340,85876,76180546,138340
6d4328b4ba27db82,36702,26829253,141331,36523,26839222,141331
6d451f6cf89acd7d,42908,33028603,137418,42739,33038925,137418
6d7848b7555a680a,95275,85394574,130549,95107,85403852,130549
6d9701a4c91308c0,102121,92226110,132933,101999,92236111,132933
6da2b9984ce58bb3,101608,91748599,132391,101433,91757610,132391
6daf25cde45ed8d9,117861,107989643,137272,117672,107999199,137272
6db3ad880c61c2bd,73720,63831801,136185,73557,63843797,136185
6db4bdf7a82a1c99,12933,3049763,132485,12755,3059470,132485
6db72cce1265932d,99907,90029839,140206,99738,90040615,140206
6dbeb72cf5d628a4,27739,17827272,129859,27612,17837198,129859
6dc5c74eb3fdda0d,44566,34629224,112858,44451,34637969,112858
6dcff8933de555d8,16822,6931833,139358,16648,6942406,139358
6e07d8c008d46c72,93383,83509709,138963,93215,83519734,138963
6e16ce82425ff31e,61575,51708843,136559,61394,51720267,136559
6e1ba9220ed1e176,39845,29969110,139188,39664,29978872,139188
6e4b904dc21ebc78,56681,46788798,136727,56545,46803948,136727
6e4ccd3f8e375413,78315,68432425,138410,78145,68442408,138410
6e4df61d3e336cf8,85123,75209385,128521,84997,75218617,128521
6e4f045f7b6ef08a,113473,103529390,136764,113311,103538927,136764
6e59beed5e68332e,14491,4587876,132966,14358,4597167,132966
6e8c0c801fb2897b,98962,89109613,138220,98795,89119488,138220
6ea54be554da08f2,79924,70069224,138046,79751,70079370,138046
6edd209bcd34182e,114344,104468420,130633,114172,104478006,130633
6ee032b0be001424,22227,12349142,139042,22037,12359723,139042
6ef504c585f55009,92286,82435981,97618,92195,82450528,97618
6f00a324f7979535,62223,52327600,129239,62120,52385320,129239
6f01b2b9c8b764bf,93817,83952974,138623,93650,83962593,138623
6f17d6b72fb77d89,105372,95509977,139546,105196,95520035,139546
6f1b3b30dbe3a33d,102758,92891188,131823,102581,92900536,131823
6f29616b76039c61,101112,91229738,139381,100944,91239550,139381
6f307fe134e26e20,74615,64752364,138359,74446,64763862,138359
6f82a834676867ce,58423,48519075,128789,58308,48532053,128789
6f98da821cb4d621,53622,43751500,140623,53445,43762690,140623
6fa099c7a244d7a1,13022,3149966,132758,12841,3159550,132758
6fa0b8352fca15b4,55827,45968891,137716,55662,45980566,137716
6facb85ce614a583,87455,77569356,137874,87289,77578883,137874
6fc9f1a08e18ab61,26351,16491943,138611,26182,16502097,138611
6ffe67e9e5a497fe,94964,85092764,138634,94782,85103885,138634
7009d428e5dba2ea,88783,78909253,137671,88614,78920311,137671
701c685b58e16656,82946,73069179,137807,82778,73079123,137807
70224802b89958cb,114903,105077384,351957,114775,105106441,351997
702c887364750981,50088,40227606,130352,49919,40239099,130352
7033fa65414b6613,112754,102869550,137457,112586,102879591,137457
70493991c0203b74,113213,103289425,113459,113138,103297465,113459
706b2853ad83e06d,58699,48808919,137139,58547,48820033,137139
7080ae391f7d97a5,89828,79949333,137960,89661,79960004,137960
709f79da2f315a8c,114676,104793683,139428,114510,104804315,139428
70ab42efbd2b013b,16101,6228475,138485,15933,6238644,138485
70b0a1cb32f82745,111482,101592941,137846,111314,101602861,137846
70b15b2000bb3e8d,119692,109811774,139111,119512,109821342,139111
70b3ec84ed2e72fa,119662,109788312,130006,119487,109797417,130006
70b866754d52dc4a,78841,68952449,139110,78673,68963047,139110
70ddd7df202cca5a,77674,67789056,137117,77514,67804185,137117
70e1a73fe4a3da38,31921,22031731,136949,31733,22041318,136949
70e372e438e5fce8,11940,2088864,139953,11771,2099443,139953
71015059c8bc0be0,27417,17531770,137738,27247,17541092,137738
710f3d6ef5672c36,22973,13108536,138187,22793,13119249,138187
7127823839c84fa0,17895,8011535,137555,17727,8021384,137555
7175c37bf370d7c8,37166,27288994,139555,36998,27299788,139555
717c09a9c3bf98d5,28461,18588573,137085,28294,18603547,137085
717c340a7ad8819f,44049,34169914,137674,43881,34179751,137674
717d1d5a2bf8cda0,45355,35475088,174483,45188,35487272,174483
71973c14f0751c54,31245,21388905,140649,31071,21399544,140649
71bd798730e3dc3f,53746,43887481,129831,53571,43900111,129831
71df3480aa994d69,51545,41669053,139143,51372,41682311,139143
71f06be394a6f515,42062,32208718,137399,41893,32218567,137399
71fe97caf94f0a0e,82979,73162787,388490,82863,73195341,388530
7220f4d26a37b0a0,110400,100529624,138339,110224,100540249,138339
72274fbaf6d597c5,24646,14771795,156659,24479,14783049,156659
7245f039434e456a,76101,66212243,137103,75938,66223958,137103
72511e817dc11352,78721,68869284,137459,78551,68878839,137459
7253d8f4a4fd4de2,106557,96670879,131410,106369,96680503,131410
7257735e151f8c1a,47261,37395357,157540,47082,37406935,157540
72cb8a42c50a256f,88130,78249536,138384,87956,78260276,138384
72d1b697b46109b5,57157,47272756,138041,56994,47285346,138041
72d34b929db7d393,66667,56792458,137478,66483,56803055,137478
7330c1b182e0a39c,85436,75549308,137409,85279,75558928,137409
734bd9846a4f61aa,113420,103448005,128281,113282,103457097,128281
735a6a12adccbdc0,34743,24872419,137822,34566,24882593,137822
7378dcfc83381541,85643,75772502,136688,85462,75782401,136688
7379590d3b418896,111861,101976643,129035,111733,101985957,129035
73809cbbb14de2fd,38502,28628995,139774,38330,28638891,139774
73874757b2bb6328,43070,33188875,138142,42898,33199488,138142
738be69bf54ecadc,112509,102649860,138991,112332,102660520,138991
738d17a93941c388,111770,101938532,354194,111636,101967725,354234
73916559441f18a9,22257,12388204,137017,22070,12398025,137017
73927b4b01434857,46451,36627727,356675,46317,36657711,356715
7394d4c9263f5489,100506,90608306,131020,100350,90617889,131020
73dfe9d970cadfac,38815,28948809,138123,38634,28960204,138123
73e7d008e09099ec,77011,67132506,137981,76848,67144339,137981
73ebf9d67fd0f1f0,96058,86174040,144309,95889,86189951,144309
73f6a43b62c48e7d,74082,64192142,136914,73917,64203929,136914
73faaa98bd6980b8,79807,69932485,138382,79623,69941959,138382
7444465f1ccc4a5e,43006,33131641,155199,42835,33143392,155199
7450c201b7b25ce4,64531,54649025,138513,64385,54665503,138513
7465a91aee098987,114468,104592611,142567,114289,104603343,142567
7477062bdc92030a,54537,44629422,129087,54438,44640027,129087
7492531f741a4910,88980,79081273,121295,88860,79090298,121295
74b231756085eb89,22626,12748611,139343,22459,12759207,139343
74bc88d5a84c7adc,108902,99032521,155078,108735,99044664,155078
74c90ed71e77c279,28016,18127045,128995,27854,18137266,128995
74cb613a44a4af58,34555,24675276,156918,34385,24687316,156918
74d9b3266cb8b737,110249,100352001,140578,110093,100365326,140578
74e096559fc2648f,20560,10651594,138190,20417,10662578,138190
750d8c4d83b96941,16734,6848581,137388,16575,6859454,137388
75198aeb8568f719,74210,64331836,153064,74044,64344692,153064
751c90c78689d69a,58518,48609247,138043,58395,48620848,138043
754eaedde8895735,61982,52108912,136829,61816,52123414,136829
7551d025abb9abb7,22404,12548630,138643,22232,12558616,138643
756429eebc8aeb33,64915,55032001,136937,64751,55043653,136937
7587e5a17c23d2b5,84059,74172074,137636,83890,74181660,137636
75a64baeca584629,20914,11048784,139568,20731,11059118,139568
75d729bf1d93f266,25426,15548708,139147,25259,15558671,139147
75d83f27a0ba82ca,22496,12612241,138650,22330,12622304,138650
75dba5e6bcaacb8c,35598,25687458,130325,35464,25696857,130325
75f8b12353650227,46839,36907584,130286,46656,36917881,130286
760c857f1dcc9a1c,29406,19528677,138947,29234,19538690,138947
763959d5e9950f03,53684,43812084,138055,53503,43823006,138055
7647973292e046cd,29715,19847121,128580,29570,19856799,128580
764f1a8587f6e0ed,93937,84052595,137196,93770,84062793,137196
76512f47214c8e6a,58211,48353659,102342,,,
7658ed86e4ae25c0,50273,40389575,130274,50101,40401348,130274
766926f511c1d9c6,42221,32349130,138972,42051,32360102,138972
76af14d293908fe7,47177,37292181,138533,46981,37302327,138533
76b1116ae515befc,24581,14712474,159501,24414,14723524,159501
76e7a472fdb732eb,22722,12848784,138557,22554,12859598,138557
77134f70fdfd9f08,80431,70552568,138447,80254,70562565,138447
7714231d8e16bf40,96292,86380715,120986,96174,86389205,120986
7757cbd60d33aaa1,65013,55132712,138138,64848,55144802,138138
7764c6204b29ae41,99503,89629938,140715,99321,89639972,140715
776d62941a060ee2,55674,45809117,138752,55500,45820343,138752
778870a53d6472e1,66845,56992571,139331,66675,57003171,139331
778c6dead29968ad,19265,9388538,137964,19097,9399423,137964
7798b0a615ee83e3,28525,18648398,137502,28358,18659240,137502
779a11b7b558e7b6,89327,79428126,130724,89176,79438024,130724
779ce8283e2fec7c,45546,35668821,138024,45376,35678188,138024
77cab391f12eaff4,108683,98828633,132539,108514,98839162,132539
77cad3cab6ba691b,54959,45088804,136988,54771,45100508,136988
77cbffa5da9a17ff,79691,69808988,137414,79513,69818550,137414
77e7f1a2691252da,75654,65768832,136882,75501,65781336,136882
77ec5a71ad81ff79,25968,16068555,138078,25820,16078480,138078
7847aabc426ee86e,80796,70911938,135582,80628,70921864,135582
784ed9e9dec04762,11877,2009965,133316,11702,2019565,133316
785b2e18ada8968e,50820,40912196,138486,50694,40924312,138486
78879f06a8cee9af,13589,3707395,132271,13415,3717061,132271
788f5b9caecff3e0,103475,93608579,131821,103291,93617473,131821
78949954dfce3ed8,30058,20172207,138906,29889,20181847,138906
789710bb2cdcd64d,38182,28329361,140154,38014,28339212,140154
789a1ece2373d551,68959,59072880,137932,68788,59084689,137932
78e23e42de52955c,31307,21448625,137951,31135,21459385,137951
78ec873506421ec1,66519,56632608,137914,66353,56643338,137914
78eee88e444007e5,52853,42968899,137800,52690,42980970,137800
78ef15f16cfc649b,112272,102390042,138853,112114,102400718,138853
78fa0d418b03b982,117919,108052593,137167,117744,108062900,137167
78fad621c99ae067,80523,70652568,138452,80341,70662498,138452
78fcbe487ccb9fa6,67598,57669711,130247,67424,57678709,130247
79005909a850eaf3,33849,23968787,137794,33689,23979116,137794
79038b65999a503a,114709,104829939,139485,114543,104840477,139485
79279e0ed24d4dec,90599,80629324,129480,90508,80638471,129480
79384fc64b706312,97327,87448483,132615,97157,87458176,132615
79515c5ed29c0a17,102700,92828537,132403,102510,92837503,132403
7952052ce52c45e6,40330,30448649,137108,40162,30458766,137108
79652a9dc741600c,58130,48252179,138251,57965,48263260,138251
797849906aa6cb5b,69023,59148957,137354,68849,59172398,137354
79a0669bd4a3f9b9,88557,78672952,139913,88390,78682808,139913
79a92266d4a80d9b,41822,31948897,138147,41638,31959325,138147
79bd8af30add38c3,61853,51968787,136138,61689,51979961,136138
79d786dea3aa0967,15980,6128408,137459,15810,6138562,137459
79dc95747d2d8dd2,76263,66388887,136475,76097,66402047,136475
79ea403c3425e86d,55916,46032255,138787,55728,46044544,138787
7a2c0cb8e9519c55,42941,33051932,137856,42772,33062432,137856
7a457954c1d5362d,23891,13947460,128769,23772,13956984,128769
7a9ebe95b0d4f8d8,30874,20993677,128807,30703,21004371,128807
7ab374818b574b1d,116208,106333461,160412,116040,106346823,160412
7ac034849ea9a5bd,24614,14743227,158673,24447,14754393,158673
7acd1ea6f0d40879,34806,24932245,138640,34625,24942715,138640
7acd612cc3276f93,75714,65829033,137866,75549,65840026,137866
7aee280ee6ad98ff,92208,82411397,395335,92111,82443382,395375
7af5a9ce4cb28e49,49122,39249481,130911,48944,39261475,130911
7afedc4efc365f24,51200,41348074,131818,51032,41361691,131818
7b22913f7a930bdf,51287,41407423,129984,51095,41419937,129984
7b2f5ee09e61f6fc,52229,42347344,129140,52056,42358989,129140
7b3270bef033f21e,110027,100128283,129164,109886,100139053,129164
7b4a2dd156167092,112392,102509885,137902,112213,102520376,137902
7b5cd3db28dd0c57,39729,29828819,139117,39570,29838502,139117
7b8cf6adea9e0b4e,88846,79024022,391161,88722,79053392,391201
7baf59e991149341,101953,92072298,131396,101781,92081278,131396
7bb23258473501b5,80615,70750241,137992,80434,70760588,137992
7be6615d25f9ad25,97200,87319375,157443,97033,87330884,157443
7bf8a5a7bfbb539d,21350,11469032,137815,21182,11478937,137815
7c4d7cc68d7c3eb9,63186,53308835,137148,63023,53321011,137148
7ca48c14dfc092c1,53029,43169004,138895,52856,43183492,138895
7cbf0d6b4a443111,54059,44172070,137749,53892,44183793,137749
7cbfc937a6569fe8,17116,7239678,137174,16949,7250457,137174
7cc004c931de5b0e,118482,108610266,141206,118303,108620579,141206
7ce4af2f321efb75,58729,48849199,138467,58570,48863281,138467
7ce63d8844c58deb,14951,5089088,141110,14771,5099532,141110
7ce67967fa70b965,12190,2309023,141625,12022,2318911,141625
7cfb2905f00be305,104076,94176160,119292,103951,94184965,119292
7d29ebbef38a27d6,12659,2767194,131643,12513,2777083,131643
7d3435ee4762f5ad,100352,90448514,132095,100214,90458232,132095
7d376eac3132cec5,109898,100010105,117018,109759,100020397,117018
7d3838b40ada3332,25781,15869141,129148,25652,15878551,129148
7d41ef9363f05fcc,70489,60608876,136868,70318,60619263,136868
7d43d1ea809d1a01,74017,64132488,137154,73852,64143741,137154
7da80d5521995c35,48381,38556818,353685,,,
7db50f53bee57f1a,15948,6088710,139093,15776,6098260,139093
7dcc3d1a588d0e60,104482,94588624,132616,104319,94597705,132616
7dfd8e0e5f6c8ad1,84806,74929120,137235,84638,74939274,137235
7e22e66e2e9e5d7a,23065,13208823,138281,22891,13219652,138281
7e29b843ed05a5fa,91434,81549566,139475,91278,81559038,139475
7e29fdaa3a468d09,89296,79390354,131135,89151,79400420,131135
7e51e0c4cefaa990,103993,94136260,103757,103869,94154979,103757
7e5ccb002ec8ad2c,101516,91651182,133429,101341,91660477,133429
7e63f9aa43acab01,103320,93449544,138062,103145,93459685,138062
7e92d297852176e0,82357,72489465,137493,82180,72499798,137493
7eadd3d2412c1620,27200,17347324,130403,27029,17356958,130403
7eb07c6811697b62,29592,19727375,129914,29450,19736852,129914
7eb386dc06508629,10411,553841,105528,10289,575500,105528
7edb535a87cad874,82231,72349143,136664,82059,72359324,136664
7ee092837a5c29e1,14393,4499059,133165,14263,4508852,133165
7eebe7077bff1e07,117221,107333532,116071,117099,107342257,116071
7ef53c0dc9999084,38754,28888850,138267,38571,28898656,138267
7eff17c25a651bc4,68432,58550815,129265,68255,58560580,129265
7f22822170293f45,109377,99509753,139074,109195,99519460,139074
7f587ed268a606ee,96662,86768395,131754,96500,86778514,131754
7f802187ee021e33,11159,1289966,132506,10979,1299702,132506
7f817d5f77ef3692,23186,13328754,138880,23015,13340102,138880
7f8ce77dc7860c12,51671,41792553,138585,51494,41803473,138585
7f914c8d37277327,88898,79041154,102899,88779,79060177,102899
7fb4195643cebd5a,58066,48189087,137841,57902,48201043,137841
7fb9d89d709bba73,118726,108869946,138728,118554,108880259,138728
7fbc6cf91b3db981,19393,9511667,137553,19223,9521784,137553
7fd62cfac7a32117,12061,2172876,141888,11894,2182952,141888
7ff2ac4fecc0a1f7,98115,88257845,103097,97984,88278409,103097
7ff3b9d8e3c3412b,90473,80543952,115548,90401,80552699,115548
7ff57210e88681a5,49996,40129886,130365,49827,40140960,130365
8005a3e3ecb6917f,30465,20608165,135833,30290,20618527,135833
800bb477483217e0,35351,25496547,120618,35224,25513058,120618
80188d45fe8b8ed8,34458,24589166,139895,34291,24598978,139895
801b603839e852c7,81023,71203197,387893,80902,71233590,387933
801e5549be76eae3,91498,81609920,139190,91340,81619523,139190
801e9e869bdd64d2,48832,38928814,137930,48693,38940510,137930
80526573fb94f908,25490,15612188,139031,25322,15622326,139031
805a4919797103f3,45610,35727757,130965,45437,35736607,130965
807ccaf3954f417d,50908,41012445,137848,50756,41024595,137848
80a351ba21a99f88,71114,61229361,138719,70946,61239453,138719
80d878c0514d66c9,117832,107952999,138018,117643,107963606,138018
80dcd0af6570aaf8,11342,1468845,139599,11175,1479269,139599
80e1eccec341d644,101578,91710893,132266,101403,91719738,132266
80ff9189c6f3c7e8,14080,4208919,139716,13913,4219388,139716
8117a0de0c8f98ac,115549,105608170,128971,115363,105617228,128971
811cd11d5c23aad0,99282,89409322,137260,99110,89419695,137260
8158fe9e2aafdbf3,109501,99650495,142743,109333,99661167,142743
815c944df7521d30,68677,58810963,129438,68511,58822132,129438
81a5762dbc560625,74740,64888828,136426,74573,64902801,136426
81b40f63453e2c11,75501,65609376,137479,75369,65622422,137479
81bad358293cd183,49965,40107914,130947,49792,40121876,130947
81d3c8606d16482e,19797,9934642,154729,19625,9945661,154729
81d582ea8e14d931,74369,64489189,137699,74197,64501138,137699
81d884f1d0ca6198,32784,22912085,138592,32604,22922953,138592
81f0a352762701a3,70007,60128810,136525,69812,60141924,136525
81f4e97421429461,60919,51052001,137010,60747,51063536,137010
82014ead7221a30a,110459,100589800,139279,110274,100600232,139279
82191d7aead05095,114281,104408181,129266,114112,104417496,129266
821a6fa4c3910405,61788,51909042,138483,61624,51924046,138483
8261eef938bacfeb,56947,47072171,137055,56766,47084122,137055
827cdd8d86773151,87689,77829528,139000,87512,77838937,139000
827e7df3840296c3,91033,81153057,138574,90840,81163199,138574
829c5592456f0e56,70090,60229147,136177,69915,60244496,136177
82b3b7246026b921,37425,27519516,131333,37301,27528878,131333
82c9f9f6f5f3eac3,12499,2607241,131378,12360,2617427,131378
82d5057f0a5f30b3,19916,10031806,137398,19749,10041899,137398
82dd27eaf2f363f8,62014,52132365,139034,61847,52143928,139034
82df577ca63c721c,69577,59633904,128904,69420,59644575,128904
82e5d92fd60678e8,92537,82604238,128815,92433,82617303,128815
82e7455887bda3d1,100077,90219566,104246,99947,90238601,104246
82f5d517a5b1b722,116087,106228688,132174,115910,106238251,132174
82fbc9c328db6c8a,54343,44454744,112864,54254,44516703,112864
8311a99ee55009d3,66549,56669187,138422,66378,56680559,138422
831d2b1d6ffd97eb,51732,41868937,138339,51554,41883535,138339
83229eb0610b171f,15795,5928404,137913,15615,5938292,137913
83262cdc974e2242,70117,60252779,138204,69946,60264690,138204
836cad1e9ddf5cc7,21585,11736054,101397,21458,11745325,101397
837cf0ac54bc9ad6,47067,37168522,136437,46851,37178691,136437
83aa74334cb7ff17,63312,53432261,138343,63149,53443302,138343
83b230e9c0b5ef9a,51449,41568962,138324,51278,41580216,138324
83b2f445b8078989,64739,54872567,137180,64566,54884590,137180
83ba869d764d9959,14425,4527521,132836,14295,4537771,132836
83d27a970e28c2a1,33696,23792102,138861,33555,23801670,138861
83d9d56b0d93cdca,44114,34229288,138856,43945,34239528,138856
83dd47b048566d49,46587,36677783,93196,46448,36685065,93196
83ff566accd87557,23438,13552008,138543,23271,13562991,138543
8402c379865b0cf1,117539,107628444,130927,117396,107637488,130927
844d6d9c75502ed2,29840,19988415,137637,29690,19998308,137637
846b1d9b4f6d3aea,89266,79368177,130232,89125,79377916,130232
8479f784d5fa1fbd,41013,31131969,136134,40845,31141588,136134
849b8b382c5a2263,91531,81649198,136870,91372,81659575,136870
84b18a1ff8ee4ae8,49811,39932157,137773,49629,39944450,137773
84b51d3169bfbad9,62721,52849044,137875,62548,52861399,137875
84c39ceca40fdd4b,105588,95729876,139134,105415,95739333,139134
84c6aae74ee59fbb,115889,106010033,139274,115693,106021019,139274
84f4f0e9ff69bdbf,118914,109033880,139561,118747,109044888,139561
84f53624b8e55562,11599,1727142,131975,11427,1736729,131975
8506c0e70ab3b7a9,66305,56408901,137645,66164,56419396,137645
8513aec631f18dce,25570,15711777,99216,25445,15731710,99216
851c5109d43dc0d5,52034,42149751,130379,51866,42161280,130379
853648d7d4f5ee9e,22594,12708403,136972,22427,12718768,136972
854bd30aed3c2213,37521,27609781,131199,37393,27619475,131199
85682f0ea00d0a48,81382,71469300,137713,81251,71478890,137713
8574fe546a0fbbea,118666,108810154,140269,118493,108820287,140269
858e743e86ec1dd4,32723,22848796,138961,32546,22858767,138961
85954a75d2ca2dd9,40048,30189032,139503,39872,30199031,139503
85b2bd4e2f7733fd,24901,15028606,139060,24727,15043010,139060
85b861d07f0be6a1,116000,106128713,131766,115815,106139366,131766
85b8f342f2e7d357,55234,45347439,129711,55038,45358650,129711
85c1656adb5a3528,71243,61413021,334203,71106,61437270,334243
85ca695e94fb2b70,67844,57969215,138195,67651,57978979,138195
85cd445bc36827ef,94586,84670244,131153,94449,84680117,131153
85ef1529e30cac25,12126,2248692,140187,11958,2259403,140187
860afd1c086005ce,28965,19108291,136709,28790,19118476,136709
862b7fa44005cb38,31951,22068659,138277,31759,22078540,138277
8667ff63eb508764,105558,95693134,137677,105384,95702463,137677
8671b922d571305b,109159,99288556,131615,108988,99298570,131615
867673b14edfa38c,112421,102549652,138394,112237,102561061,138394
8678dd4aa0425dee,38091,28229745,138447,37912,28239538,138447
867a00bdbb906b52,48317,38432504,137215,48148,38444323,137215
868ee99d6c152c2a,69700,59769170,138489,69508,59781434,138489
869386472d732cfe,90658,80690200,129245,90553,80699396,129245
86956caf1779b4a3,111019,101149745,138300,110847,101160216,138300
869d8410bffcd2f3,36450,26568884,138943,36281,26579040,138943
86a6d9f4b5f39c13,49461,39572430,138988,49293,39583325,138988
86bfbfc1411460a7,32308,22428833,138839,32141,22439298,138839
86c236446422be36,28718,18847190,128924,28546,18857207,128924
86c72e9a0ef5ea56,51577,41692364,138109,51403,41703755,138109
86d9b265d659cc7d,29500,19633107,130247,29359,19643001,130247
86dda873eb3d4db7,117508,107590299,130194,117369,107600004,130194
86e1666b3c438ca1,12318,2476766,356680,12175,2506555,356720
86e527e7a2ee6753,51701,41828951,138343,51523,41839912,138343
86eef940cc61e6c9,38598,28729117,139632,38421,28739417,139632
8701c2ef53debcc9,76914,67032107,137957,76752,67043747,137957
874bbd04e6782f8a,17714,7851675,136498,17543,7861975,136498
87592d666b894222,47729,37848806,137758,47556,37861122,137758
8764968699630d5c,112851,102966451,139075,112681,102976665,139075
8765a75f66bc0cd0,25748,15847342,129474,25621,15857367,129474
8770599c68dffd81,94733,84830243,131549,94567,84839470,131549
8789eeee991e360f,99721,89869884,138447,99551,89879486,138447
87c87ba99fb8c299,94524,84608372,129465,94396,84618535,129465
87cc8e397a59a6ba,116240,106355698,131673,116072,106366157,131673
87d4ff34bb84677d,107139,97268386,131417,106967,97278062,131417
87dc60e8100d3ad3,20621,10728241,137264,20469,10738359,137264
87dca579d85b53db,116466,106588896,132685,116294,106598841,132685
881886975552eb1b,103851,93969761,138890,103680,93979164,138890
8846a1db199e88fe,19457,9588837,139055,19285,9599775,139055
884857c4b9ddb554,50475,40575631,130084,50398,40724989,130173
884be964f1e0d437,105182,95308655,132535,105013,95318621,132535
884fd6f4dd1132ba,22911,13032033,139028,22736,13041574,139028
887b8db663342758,109852,99990289,76423,109713,100009572,76423
889e733bb3d7e787,14113,4232481,139300,13946,4242237,139300
88c7eb3e9868847f,100192,90288700,133375,100061,90298567,133375
88d3111e77896159,56013,46132406,137392,55854,46144292,137392
88eb51642b7e7a6d,61263,51388785,137295,61097,51405754,137295
88f0345eff4b0ef9,36671,26791977,137109,36493,26801916,137109
88fd5dabb8c9472b,89959,80072967,139777,89790,80082775,139777
891acb985570d4ad,59529,49654576,153215,59360,49668012,153215
8922b3f81ba4be90,15764,5891298,137558,15584,5901269,137558
8950ca553bc84c9a,77075,67192205,137788,76911,67204029,137788
895d5979410eeb18,10201,328952,140203,10034,339696,140203
899507818f40fddf,19767,9908505,137757,19595,9919085,137757
89bde508e6860d67,53840,43989115,138113,53671,44001214,138113
89c7b23c711d1b84,86729,76848992,136050,86561,76859194,136050
89d580374fe68984,104511,94628819,132707,104343,94638062,132707
89f608fef6eeffc9,86938,77079466,94093,86817,77102935,94093
8a134ecfbbc0d5e1,26176,16290275,134600,25992,16300771,134600
8a214af5067c896d,68524,58649528,129198,68343,58658999,129198
8a251cbbe2964eee,60029,50151531,153460,59868,50169377,153460
8a3fbc4e1dd058ca,31705,21807003,128811,31538,21815776,128811
8aaf48f1e6fa87a0,74523,64651998,137560,74342,64664266,137560
8ad725fc73dc3655,85821,75969349,137793,85653,75979817,137793
8aed3df442f96c42,14177,4291980,137712,14010,4301783,137712
8b03cb6c995005ad,11472,1589732,143530,11304,1599572,143530
8b125dc9f70401d6,83463,73552238,137883,83316,73562584,137883
8b498fc8ad18c6c7,70360,60489277,138230,70191,60499775,138230
8b5fc222cef8b6ab,61295,51412011,137655,61128,51424240,137655
8b632fbfa938f752,27926,18027064,129550,27779,18037506,129550
8b96680e7365a786,87514,77629814,136757,87335,77639045,136757
8bd79bdc370ebc68,68338,58452853,138966,68166,58463071,138966
8bdeee982839b210,23734,13833493,93400,23633,13841330,93400
8bdf052e2002bd68,102466,92568312,131237,102314,92577444,131237
8be2d17bc113fe5c,29684,19809316,130617,29541,19818823,130617
8be8a970c8ce6fc9,40458,30588768,137221,40286,30599262,137221
8bf11f7c6ffacccf,60890,51028917,137455,60714,51044350,137455
8c053e81eb7d76e7,117889,108029429,136978,117713,108040955,136978
8c0a221359363633,44775,34849227,140071,44617,34859241,140071
8c1451b68fba8445,116989,107109810,138338,116823,107119920,138338
8c341cee9f88742e,107326,97451039,132476,107144,97460879,132476
8c592c7eafcc67a9,55981,46109229,138764,55795,46125232,138764
8c6257d90603d662,48921,39027546,129709,48764,39042017,129709
8c63b71c27966afd,43927,34068740,137869,43752,34078413,137869
8c722e6d5a7015d7,33093,23208848,138737,32926,23218746,138737
8ca83d6a07e6e78b,112819,102933415,138271,112650,102943936,138271
8cb6c2fe95ee3e16,118605,108748637,131338,118430,108758356,131338
8cd9eed82f80d764,119449,109550816,132242,119302,109559979,132242
8cdd187fb6e55069,115753,105832680,137126,115526,105847030,137126
8ce4f89dbe61677c,65046,55171958,155438,64881,55187617,155438
8d0610917f9c8fef,100741,90868729,133201,100551,90878387,133201
8d22a8ef71c4e36d,28308,18448400,136620,28131,18458899,136620
8d27361e3df35f40,101761,91889069,133740,101591,91899097,133740
8d2b66406b243f05,13558,3670019,133100,13386,3679400,133100
8d745867b70168b2,31000,21128764,138937,30825,21139421,138937
8d778b54a016e43f,98164,88277905,118723,98033,88287439,118723
8d7efc25730283d0,99056,89173173,139916,98889,89182640,139916
8d8fe9af98edb424,25328,15448642,137693,25162,15458418,137693
8dc59165fcab0686,34928,25068647,137591,34754,25079118,137591
8dceae67942f0212,93156,83273173,139180,92990,83283670,139180
8de5fccdd1abf1ee,24202,14309249,142191,23998,14319719,142191
8e14721a09706c05,57415,47532022,138605,57249,47543862,138605
8e3c69ba13389275,47408,37528654,137745,47241,37538858,137745
8e4f59be8ab4fd1c,74179,64292193,137084,74013,64304967,137084
8e5b17cd2ce01617,95841,85989681,137903,95671,85999387,137903
8e6fbafea7122bcc,26029,16130211,129005,25872,16139319,129005
8e94dd4257b192fd,78378,68509210,137749,78207,68519431,137749
8ed7c69dbf516448,109931,100029185,112629,109792,100038380,112629
8edb05373439355b,30186,20308497,137977,30003,20323743,137977
8ee24008a4d9dd08,52822,42932065,136513,52665,42943954,136513
8ef0afc1ec076802,11503,1627324,132735,11335,1636865,132735
8f0396d488b903e1,78504,68632594,138161,78326,68642475,138161
8f0ca4ee0384d417,41174,31335078,345771,41033,31364589,345811
8f162f27fee1e565,84123,74249102,136485,83953,74259675,136485
8f321d4596fc9e5d,38151,28292524,138252,37983,28302302,138252
8f40f6d0bdb6e2df,17500,7627059,129384,17325,7636667,129384
8f4c9e4c01046358,35437,25540220,130109,35309,25550007,130109
8f9d54ed2243b106,88376,78512982,138270,88204,78522739,138270
8fb251bfb0a33a76,96749,86868644,131777,96567,86878254,131777
8fbd1b3235dd5519,13803,3932325,140512,13623,3941885,140512
8febd359c7358aed,115916,106045253,161952,115729,106057168,161952
8fee7e072b9efad6,41551,31652134,139004,41403,31662171,139004
8ff4883a7fcd59f7,48220,38347830,131220,48053,38363191,131220
90074b7c5e8d1c2c,55860,46008790,137470,55693,46023036,137470
900c07ccec0d544f,93043,83172603,138051,92861,83183049,138051
904450af68531a0b,50760,40848986,138348,50649,40860587,138348
90479b9c3c582ac8,32129,22268867,139446,31951,22279348,139446
9057dff9a5922608,17060,7208766,138383,16891,7219082,138383
9064db8e5ffb17a9,44211,34340874,137893,44041,34351566,137893
907176b201c75050,56334,46438200,128643,56229,46524208,128643
9093a1fadf65071e,57446,47568867,137864,57279,47580806,137864
90ae8b6e36da7280,106643,96772852,142935,106461,96782673,142935
90b61c12eea7a6a6,83523,73629304,137017,83363,73638784,137017
90ca27b5febac1e8,72664,62792293,139383,72495,62812327,139383
90d5b076a8b12ef4,64217,54309152,128639,64102,54320279,128639
90dcd3bf1509e90b,63806,53928902,137932,63645,53943694,137932
90e1e15c41e736c0,35872,25988699,138536,35701,25998601,138536
90e7e57e5bb6b49c,10927,1029780,132722,10758,1039512,132722
90f25be8d789d0e2,98262,88368821,132870,98129,88379314,132870
90f52274947337ac,41763,31889013,139283,41588,31899122,139283
90fbab319301185c,76605,66749160,137104,76433,66762828,137104
9119890d2624e6bf,73099,63229105,136587,72934,63241702,136587
911bd09ab36bf902,29531,19655201,131104,29389,19664832,131104
9124bb38302dba03,15886,6028267,137592,15714,6038911,137592
913b7bcc05effc51,12222,2349237,140956,12053,2360176,140956
914d7433ee890b8d,10015,152405,140934,9844,162689,140934
9150e9802af96668,104989,95109533,137960,104821,95119886,137960
917362b4d2bee3ae,11277,1392868,139319,11111,1403516,139319
91949e1e61438db8,112150,102249773,138898,112008,102260061,138898
9195da93d0f1e66d,77157,67299343,98216,77049,67376160,98305
91e65c5ac198ac77,62287,52389431,128654,62182,52400838,128654
91e7c253d40c1153,89415,79529510,139243,89247,79539836,139243
91f5fb07fe283795,89109,79190249,130512,88984,79199698,130512
9206d0e5a6860699,36105,26248721,138562,35930,26259037,138562
920cce56811211a0,42571,32692254,137827,42385,32702428,137827
92270cc5b51ad95b,63587,53728991,138050,63416,53739948,138050
92419f5cb1aa0c50,91144,81289523,138671,90971,81300028,138671
9253f05efe8fb916,23004,13131932,138692,22823,13142106,138692
925d5be4c6d92f43,57383,47508671,136867,57218,47522749,136867
9275dd124981fb83,37739,27848724,137003,37588,27858430,137003
92b8bcfcfe28574c,81620,71729329,137674,81444,71738646,137674
92babd8d73c52c10,72756,62892350,137086,72587,62903327,137086
92cdbfceea4430e3,48979,39087647,130803,48808,39099064,130803
92ced5ce4ff079c5,33222,23348821,138133,33053,23359776,138133
92d147f7f0e9ad77,80584,70712311,137469,80403,70723817,137469
92dd2f5dacdb70c1,110429,100553025,138290,110249,100562917,138290
92e1e2bb644d2b99,26413,16551915,138143,26243,16562387,138143
92ff9ed7216aa6b7,46899,36969362,129640,46700,36979274,129640
93219dd23a7c6fe2,54842,44952378,138663,54680,44963744,138663
93550ace0632f837,16643,6748400,138256,16497,6758507,138256
93581b0b56f6c4c5,58548,48648839,137845,58421,48663791,137845
93a22b586ee6cf83,63218,53348972,136687,63055,53363957,136687
93a3fff989cae157,64860,55008899,137299,64692,55021925,137299
93af173054fc8c2c,76294,66412083,137404,76127,66423833,137404
93b18bf9a1b49d29,11374,1495994,160842,11208,1507204,160842
93b513ea752bbd3a,11439,1553604,131519,11272,1562598,131519
93ccdee58bd6f04f,71211,61329091,137796,71042,61338646,137796
93f77266cdd5b02f,94906,85032337,136984,94722,85042435,136984
940550b7f04d1312,119901,110050089,139826,119736,110064581,139826
9410ff82277d8c29,59746,49888901,137777,59573,49902500,137777
9432275363034c8d,64621,54748957,137527,64458,54763139,137527
9471bbcb3bdfb19d,119387,109488620,130499,119244,109497557,130499
947744300e4d4204,96692,86790900,132912,96522,86800368,132912
947fd5dcc41303c8,64680,54809101,138466,64506,54821364,138466
94900b87ee4c3459,55298,45412493,137125,55133,45424989,137125
949979adc87c9192,26117,16229506,130306,25944,16239043,130306
949efead9f82fbd4,66970,57093202,137327,66801,57103295,137327
94a9b9ef74a60379,98931,89073462,137461,98764,89083288,137461
94aa2b0b6b58fa0e,96805,86928542,132586,96611,86938442,132586
94b5dd34a697bd6a,106133,96210294,131298,106009,96219498,131298
94d394fe549a53e6,71593,61687613,129601,71450,61697173,129601
9505caaf4d99da41,10265,388809,140591,10098,398892,140591
951718f18882914a,111578,101693268,139584,111410,101702727,139584
951b7af90fc6951c,103601,93748479,130552,103430,93757853,130552
95296a2d62035638,86424,76552120,136785,86244,76562271,136785
955508fd64908762,29929,20048425,137251,29773,20058650,137251
9572fec6313eafb3,78057,68172554,138133,77890,68183057,138133
958291ab406b3f99,115391,105496450,130221,115240,105506070,130221
958d76bcbedd4953,34897,25032167,139547,34723,25042701,139547
95b52e582f9f4d16,105497,95629831,139407,105314,95639408,139407
95c6e006c384eb32,31123,21252211,138435,30944,21262094,138435
95cab93a55aa3f37,34361,24488531,137438,34194,24499054,137438
95e75dc325b9960a,110217,100328278,130453,110065,100342352,130453
95f0dc4d925f5d74,63434,53569040,138273,63270,53587303,138273
95f56eb222af6bcf,47012,37107277,128299,46789,37117195,128299
9638c8838d061cc2,73163,63288915,136928,72997,63300767,136928
9640a45635b52649,66398,56508941,137691,66249,56519376,137691
96454d5328158430,116684,106812419,142161,116502,106823562,142161
965d1ce6109e6900,90244,80469091,393378,90171,80502908,393418
966ccf54acd101d1,93541,83669524,138942,93367,83680343,138942
967f04d652ba51fe,81256,71329181,128218,81137,71338811,128218
96b479358f32d319,110892,101009421,136692,110724,101019193,136692
96bfc6d2d09c5d57,107295,97428690,133042,107115,97438648,133042
96c4a937681b9fc6,88947,79060731,116049,88828,79069094,116049
96cb406df5ad22e6,87572,77692983,139375,87382,77702328,139375
96cb9401414c5bef,16969,7108398,138292,16791,7119372,138292
96db4e0b302d17da,57634,47769051,138509,57457,47783357,138509
970a31f013ba44ad,82069,72188984,136181,81900,72198729,136181
97106057fab1e518,103914,94033542,140189,103742,94043247,140189
972dc161cee7d871,19298,9411677,136714,19130,9422477,136714
972fc5d94fef4fcf,59623,49755107,154817,59448,49767779,154817
9737a09f02bbed88,119542,109650818,130083,119384,109660575,130083
974b2a40b036463d,14522,4627546,132983,14389,4637172,132983
9767fc1877d8edad,97881,88009541,138373,97714,88019145,138373
976cc27756303f5e,42286,32408579,137297,42114,32418505,137297
97899f2a1d145815,90799,80868096,130041,90644,80877195,130041
979b537abfc936e1,21992,12089201,138220,21842,12099233,138220
97a412d2d2bd1af2,62896,53020235,138140,62706,53032745,138140
97a9acb7562ee9cc,116057,106190950,133071,115881,106200686,133071
97dd976f0b5aebfa,80554,70689086,136895,80371,70699192,136895
98087bb75f26164c,66209,56307456,128788,66074,56316989,128788
98095c15e710bd2c,102817,92950908,132105,102641,92960356,132105
9848cc3866420664,119572,109688172,129188,119410,109697296,129188
985200370e7722d3,107043,97169913,139866,106874,97180122,139866
986cb8c7171e74e4,61390,51512309,137793,61220,51524661,137793
9877f537029f63ca,73628,63749275,137777,73477,63761741,137777
987e7d9a5827a32a,100224,90310603,129834,100092,90319629,129834
98905284d4fbb480,117717,107829705,138465,117542,107839822,138465
989e77ff7b1d1d49,25295,15412204,137091,25129,15422541,137091
989f3f97de838ebb,48066,38204350,111718,47900,38214394,111718
98a00675d4f74986,75469,65568995,136993,75340,65579795,136993
98c43a9c447536d7,47506,37631694,154377,47338,37646247,154377
98c496d475212f46,43251,33355604,130583,43114,33365420,130583
98c50c3f8f30b13d,109253,99389819,138160,109077,99400343,138160
98d343db76b69077,95685,85812909,138209,95503,85822413,138209
98db463fb97879bf,18868,9000202,138101,18682,9010132,138101
98e0616ccf3042be,101015,91129923,139333,100848,91140063,139333
992e1e157ec46632,81910,72052328,136586,81742,72062751,136586
9950a3198034d9a1,71369,61473651,129949,71237,61483716,129949
9958f5749ce04e42,93414,83540874,138193,93245,83551201,138193
99680a7057afd80b,24283,14408457,137444,24091,14418675,137444
99873090bdab6cb5,21253,11372140,138940,21086,11382305,138940
9987d5e57e630408,78410,68532329,137304,78237,68542243,137304
999d50cbad948356,16764,6871762,136989,16600,6882340,136989
99cb2278055f76d6,37036,27152179,139452,36869,27162505,139452
99e0e0e5f01abf22,111268,101409630,138157,111092,101419851,138157
99f60ea60fe9acc3,47040,37131156,140646,46819,37140868,140646
9a352d755aba9eb0,100159,90259545,119125,100029,90267792,119125
9a42411b34dd4471,38121,28269185,140285,37952,28279738,140285
9a4606bd4ee84827,28396,18511677,137832,28229,18522209,137832
9a6c5127564627a8,76666,66808864,136677,76499,66822047,136677
9a7d2881561e9190,43660,33772079,137911,43492,33781554,137911
9a8d4c1246bd4c40,10748,847517,131918,10610,858093,131918
9a9bb5c1790e008e,80741,70889066,136993,80571,70898827,136993
9aa38bf0908f4f6f,63675,53792239,139363,63485,53803295,139363
9aa4de84436ec623,108231,98330920,131841,108081,98340901,131841
9aab5c27cd4e5bf7,41941,32088973,137961,41771,32098686,137961
9ac4798fecf61ca2,68926,59049201,139000,68756,59064666,139000
9acaf56e53b6d6b6,13053,3187556,133322,12871,3197101,133322
9acf1357b81c3e24,67452,57513921,129745,67305,57523299,129745
9adeb95600e647c0,12721,2827527,132914,12570,2837125,132914
9aeadc5a37bacdb7,95023,85169301,138163,94851,85179558,138163
9b0748055c530fa1,107667,97789861,139974,107498,97799673,139974
9b0df598244a39f0,75802,65929079,137763,75621,65943701,137763
9b190df6c834b435,64591,54709046,137888,64434,54721843,137888
9b2624470f275ede,99121,89250275,140717,98953,89260609,140717
9b278e1a4714294c,111675,101793364,138464,111504,101802903,138464
9b4833570fb4d159,15353,5468355,137923,15185,5478604,137923
9b863283dd3974c9,98754,88888819,132854,98571,88898719,132854
9b865ade3532e5f2,95339,85452009,141864,95171,85462312,141864
9b9c4353f632c544,57573,47695573,138261,57399,47707011,138261
9b9f060ba8778e21,70295,60414292,157011,70126,60425575,157011
9ba7523eb671c4fa,71530,61627783,130143,71392,61637172,130143
9bd7f252e4d8a6c8,84155,74272358,137675,83984,74282732,137675
9be97ae472fd07e9,16940,7068597,139191,16751,7078809,139191
9bea990b3e2d8842,93848,83989556,138380,93681,83999032,138380
9bfa201b6fa80dc9,50879,40989242,138744,50736,41003648,138744
9c04337f8b3b0512,18751,8868371,137736,18584,8878655,137736
9c2381b06934c6d2,79604,69709086,137033,79444,69718271,137033
9c24a6da48ae852c,9955,88635,139232,9775,98285,139232
9c69b77b1e686644,80646,70788975,136728,80471,70799175,136728
9c76f695e0cd8def,32503,22628620,138349,32334,22638685,138349
9c8d70f24ed45ed8,80243,70369597,138805,80073,70379119,138805
9c963addbf6dba78,76198,66315105,136115,76033,66327975,136115
9ccc11ba79e1ec5b,90772,80828137,130916,90628,80837930,130916
9cd079a74dbbd112,80179,70292298,136511,80010,70302293,136511
9ce211da117864be,106672,96809655,138865,106492,96819923,138865
9ce31edd28fea0d3,56367,46459940,128709,56261,46525245,128709
9cf29b9e3d293d2a,18025,8148341,137831,17857,8158872,137831
9d0908f8e3e8925e,63154,53272369,138799,62990,53284658,138799
9d0fa6ffe217f54a,94675,84770386,131186,94522,84779668,131186
9d1f1e80ecfeb921,31092,21228841,138142,30911,21239478,138142
9d247937802ba144,66079,56193986,129776,65947,56203394,129776
9d2e0fae2c570ab3,92880,82989707,138595,92684,82999850,138595
9d4439729cd9fd4a,29115,19232204,137712,28948,19242780,137712
9d522a581750ff1e,107011,97129807,139513,106842,97140464,139513
9d622fd22a42187c,25208,15347911,131917,25032,15357492,131917
9d63c6e5ac742ec8,99842,89953217,140608,99674,89963464,140608
9d6557fdef3b0535,36947,27089140,140058,36776,27098669,140058
9d67cd3451bdd464,98453,88550773,131958,98309,88560494,131958
9d6c24605248a47b,14980,5112416,137896,14802,5122160,137896
9d6c808dbab67aab,48891,38991167,128838,48740,39002308,128838
9d76f39c4a1386ed,102729,92868925,131990,102551,92878456,131990
9d78d4b136591f83,49654,39772181,138880,49481,39783797,138880
9d9756e6773290a3,11310,1428718,140204,11143,1438760,140204
9da47de43a7f3c06,92441,82538175,128563,92346,82547049,128563
9da5e19041ab0c42,92022,82169288,137454,91852,82180067,137454
9da93854e3851ccb,39931,30052129,138425,39741,30062018,138425
9dbbe889c9447eeb,104956,95076491,159872,104788,95088627,159872
9dda6eff394e46e4,15255,5372079,138566,15088,5381988,138566
9dedd159f3f714c0,61637,51772061,137676,61466,51783267,137676
9e003f7a47b0b3b6,102152,92248493,130622,102030,92258004,130622
9e06be2c96fea8ec,85702,75832732,138026,85521,75842233,138026
9e26977e0f80b77a,97849,87969867,139828,97682,87979312,139828
9e4ea2caea152ec1,57351,47469301,139138,57186,47480977,139138
9e55bc44d04c68c1,106069,96160943,130745,105947,96171287,130745
9e55e2e9dd4afddb,109031,99151387,133230,108863,99166964,133230
9e81da3bf18ab3ea,49429,39548977,138322,49261,39561712,138322
9e8f13db5685d90d,56770,46888782,137330,56615,46905963,137330
9e96403c8910c1b3,60685,50791930,136731,60520,50803250,136731
9eb1ce495915040c,87972,78089492,138697,87803,78100497,138697
9ebcc9c8fb4efb56,84373,74509109,137674,84192,74519666,137674
9ec0b9bbcf8bda5a,109656,99781129,137898,109489,99790806,137898
9edc4b5b34f08390,75921,66051945,136484,75748,66063730,136484
9ee5290752ec2900,102035,92181265,123668,101914,92199330,123668
9eece2ffe9f89514,85059,75162887,127942,84934,75172888,127942
9ef842700095c822,81764,71892626,138354,81581,71902286,138354
9f59b0554bd8e70d,56206,46377771,355054,,,
9fc1133017e29ea9,102406,92508809,133226,102263,92518009,133226
9fd1f8bccdc12cef,65174,55292111,137425,65007,55304521,137425
9fdce0c5d5339f0c,12563,2667234,131381,12422,2677014,131381
9ff5ee06ccbf99e2,45021,35149016,139172,44832,35160021,139172
a00f45d35d248063,56589,46687471,129217,56467,46699253,129217
a013a28f6e6d6edb,71921,62049088,137547,71735,62064458,137547
a025df487eccf5e7,53896,44020455,138513,53731,44034922,138513
a02bccb2d373bdc0,39989,30129178,140870,39811,30139079,140870
a0407dfc4149ef2d,101301,91428393,131466,101126,91437551,131466
a04ca580f62299af,57286,47408842,137423,57123,47421897,137423
a04f170a7a002814,68017,58140442,138401,67849,58150565,138401
a05f7d1c27fc2115,114089,104210040,139444,113924,104220239,139444
a06168399ed59308,50966,41070409,128265,50795,41081412,128265
a07d9a15da3b6daa,32845,22988611,137661,32670,22998571,137661
a08d7fa5fcd5f985,82697,72832182,136335,82526,72841847,136335
a0b4d4fb2113abd3,112787,102909662,137395,112618,102920181,137395
a0be651f79732971,72571,62691738,135861,72397,62703096,135861
a11b1f10a6a7ec74,105086,95208527,131752,104918,95218177,131752
a137db8862ce5291,11907,2049029,141542,11732,2059350,141542
a14c910f2594ac4b,51385,41508547,136409,51214,41523749,136409
a1739bf2a7861842,38309,28428640,137695,38141,28438184,137695
a19ccd8618aa0f17,17375,7494537,137648,17204,7504968,137648
a1a142f04a8a2966,75192,65337393,119631,75072,65367637,119631
a1aed8b9f7dbdbc6,72847,62989058,137674,72677,63000797,137674
a1ba9fb7e1bd74df,82544,72672489,137144,82365,72682528,137144
a1e16b4ef4b90531,75950,66088940,136484,75777,66100171,136484
a1ee7ca78efa8b30,40136,30252387,137663,39970,30262515,137663
a1f29a4cc54b6263,84557,74692330,136795,84386,74702947,136795
a219cf45a90cc28f,16036,6151628,137869,15868,6162114,137869
a21ebeb4d9a6965e,48613,38689198,128770,48501,38706738,128770
a222683a721084f7,70585,60709072,137432,70412,60718433,137432
a228164751a8238b,107634,97749743,138803,107466,97759452,138803
a2281e7c62aad6b4,44534,34610038,113813,44423,34619439,113813
a2605c58faee2c8c,69447,59546618,113570,69314,59557686,113570
a26079a13e387510,23276,13392243,138947,23110,13403169,138947
a264640cdc5e1bb0,119193,109293365,116168,119057,109302331,116168
a26d702fa7313d2c,83119,73222354,128304,83008,73232496,128304
a28edd066e5a4fad,100384,90470646,131098,100243,90480146,131098
a29d666dc143ad1f,115002,105114132,115437,114879,105123039,115437
a2a0fa05bca40654,112883,103116699,353445,112814,103145644,353485
a2b10deebd46f61b,9894,28515,139108,9714,38888,139108
a2cdb17d9d5308af,68275,58393005,138538,68105,58403036,138538
a2ce4cbc35bc1016,68828,58949190,138162,68661,58960553,138162
a2ea1e8ac7c609a0,67112,57289946,311126,66982,57316842,311166
a2f03a63920c5a3a,41295,31399018,129798,41159,31409026,129798
a2fd9d80c876bf3d,89078,79168233,131178,88955,79177877,131178
a32ba73b9bbec724,119355,109450340,130696,119214,109460253,130696
a32ce279602c69fb,67002,57142195,157426,66833,57154377,157426
a32effcb2c221237,36321,26432356,138947,36154,26442088,138947
a336773f44110569,77525,67629171,136515,77402,67642027,136515
a343c41ddb88b749,60125,50295194,345080,59999,50334419,345120
a361decc4d513c56,79263,69347539,127707,79142,69356492,127707
a3a69e9ee21313b4,95498,85629822,139462,95327,85639471,139462
a3b297e167956280,74493,64628781,136099,74314,64643336,136099
a3d97c9fc86e989f,93969,84089370,137895,93801,84099560,137895
a3df251019821260,80400,70529151,137761,80225,70539272,137761
a3e022304f3f65e7,108714,98852627,142256,108544,98863351,142256
a3e96d791e8e8b42,51109,41247162,128670,50931,41261314,128670
a41b830802352916,119751,109890024,138585,119572,109900473,138585
a41c0fb8703c2d17,47666,37789066,139598,47495,37803519,139598
a4273608b615d597,49396,39520408,138289,49229,39534000,138289
a4284adb46901ed5,28558,18675067,158126,28390,18687230,158126
a47c6e5bc707863a,58932,49069034,138108,58755,49081456,138108
a47e484674e3f88c,71892,62012572,136739,71703,62023499,136739
a48166e4f5522ecf,94334,84422683,130167,94220,84432481,130167
a48bd51d4fb632e6,34681,24808879,138995,34507,24819000,138995
a4adda8633519771,102555,92668493,132096,102386,92682501,132096
a4cd354c1a1da461,58816,48932364,137515,58639,48945361,137515
a50388633793967c,94935,85069311,137821,94751,85079711,137821
a51db6cd9b533682,9984,128600,140155,9811,138911,140155
a53ca5a0d2a18cde,32470,22588821,138696,32302,22599225,138696
a5551d2b5d9483db,20111,10231867,137497,19943,10241692,137497
a5702a2d36728d39,22691,12808723,139488,22523,12818939,139488
a5716fc009cfa028,18600,8708510,137171,18458,8718777,137171
a57e13f54721f69f,84526,74669188,137300,84355,74679473,137300
a596bc11b1ecc06c,52333,42475290,99446,52212,42509305,99446
a5a08f24c47719f9,36386,26508690,138151,36218,26518749,138151
a5cd16b5b533591b,101857,91971910,140732,101687,91981316,140732
a5f1ca9d9ededf92,118135,108249989,139312,117967,108259903,139312
a603e8cdb15a12e2,95776,85912634,137287,95603,85922968,137287
a625ff0ff67b772b,22023,12128592,138109,21868,12139153,138109
a62a3dcc08c05ebb,17029,7168500,137962,16853,7178907,137962
a64400cd3b42e88a,37262,27435536,346044,37134,27465442,346084
a6462555d444025d,17214,7328636,138585,17046,7338169,138585
a64c523947c8097e,17992,8111942,137943,17825,8122635,137943
a661b8fb23cace63,110859,100978876,153951,110691,100990936,153951
a66653e5f6300617,67816,57932661,139268,67620,57942698,139268
a6669d039d25faf2,101547,91688572,132798,101372,91697622,132798
a66837057e232cb2,65958,56074763,135639,65781,56084148,135639
a689d64cea102fb4,44470,34571663,117267,44364,34580922,117267
a6c8e51da503bc92,58454,48547481,129582,58337,48561135,129582
a6da3c6cfed8118b,99347,89468416,131886,99172,89478503,131886
a6f0c572c21bf0c9,83751,73889151,137755,83571,73899033,137755
a6f5be5e3ef62c43,101890,92010534,138513,101719,92019898,138513
a6fc1fa1fbaf25fe,85466,75572697,138606,85304,75582076,138606
a736036409e42385,79165,69280107,127477,79046,69290429,127477
a7387c767a02cf02,68990,59109111,138261,68818,59122053,138261
a758c73984351866,23578,13728620,100932,23480,13738147,100932
a7633911b9e9112f,51418,41531817,137751,51246,41542864,137751
a76aa45c5411dbae,108039,98148694,133210,107899,98159077,133210
a780a02a002f2382,104774,94913056,137726,104603,94923280,137726
a7a9fc7540cf7362,37457,27547375,130810,37332,27556821,130810
a7d70aed1fb09f88,71287,61429713,99908,71156,61444038,99908
a7e2b80f4c58feb8,85346,75449135,136129,85202,75458581,136129
a8227fc64798e7b0,27287,17407011,129170,27117,17416919,129170
a8296f716d41a93d,95435,85551818,141563,95266,85561389,141563
a82da50518b56170,72382,62509155,137503,72216,62525456,137503
a8496ad6e528a780,52512,42607740,129361,52388,42619350,129361
a84a8f0a4797d5bf,35753,25850218,138598,35602,25859892,138598
a853f6b27f7a3a68,24066,14147036,129950,23903,14156564,129950
a85441e2693d7d11,59716,49849172,139084,59535,49860885,139084
a856a8469a930518,119810,109949654,137805,119633,109960488,137805
a86b172137a704aa,33190,23308344,136652,33022,23318282,136652
a879812b821e5ae7,50507,40597504,129363,50429,40726074,129363
a884c704a4eecf42,81981,72129479,138563,81812,72139119,138563
a88dadda329fc6e6,41643,31752392,137971,41485,31761937,137971
a89054bd0f013169,111739,101852880,137801,111566,101862370,137801
a8a9293eecbfc6c9,72633,62768767,136577,72458,62789674,136577
a8abe23617401753,68306,58429400,140077,68135,58439861,140077
a8deec039d319e85,36135,26272183,138721,35963,26282277,138721
a8e068b50e6baae8,115327,105445049,114713,115185,105453776,114713
a9130b03245eaa27,18476,8568369,137464,18346,8577897,137464
a91e0479ac5a0eaa,27105,17247159,130183,26929,17256897,130183
a921eff66ead7c47,100566,90670581,131532,100400,90680038,131532
a927f37737262619,103383,93510306,139122,103204,93520002,139122
a93400a190f5cffd,40489,30612038,137698,40315,30622168,137698
a93ac22fbedcae8e,76230,66348907,135739,76065,66360659,135739
a9811e84e4dff83f,70834,60969213,137985,70651,60979520,137985
a98c5bd919f0de39,94763,84867991,129618,94590,84877203,129618
a98ec6a39f0a37a0,49558,39672124,138700,49388,39683659,138700
a98f634ae8d11af6,75832,65952194,136789,75645,65964002,136789
a991000a3ee602b4,34115,24260171,138884,33943,24270116,138884
a99605342fe8d70c,79633,69749352,137631,79467,69758937,137631
a99aedb4158dfdfe,75532,65632266,135359,75397,65644410,135359
a9a1e1082ffff3b9,53591,43727720,129864,53416,43739786,129864
a9b792d16f676aff,84465,74609527,137486,84292,74620141,137486
a9bfb5b44f52d468,41881,32012688,139661,41702,32021975,139661
a9d97617c24f7730,41911,32048958,139175,41732,32059941,139175
a9ee2722d8b4a129,15100,5248459,138536,14931,5259245,138536
a9f5a747181d2c49,73566,63672237,137756,73421,63684184,137756
aa07e74c34a072f3,103162,93289887,139731,102992,93300213,139731
aa082ec98579b555,59120,49268848,137825,58955,49284281,137825
aa0a37f8f142435e,14458,4549956,132930,14327,4559405,132930
aa12af0e20160413,40552,30671746,137174,40375,30682797,137174
aa29e3209c6be3ae,45134,35272172,137843,44962,35283219,137843
aa2bf8e7f959e497,90537,80585385,129431,90458,80594491,129431
aa3a5be5dc589945,29342,19468972,138458,29173,19479645,138458
aa41e8e617337bc7,45419,35532029,139339,45252,35542263,139339
aa4b99f1d710d447,115295,105415922,112824,115158,105424930,112824
aa60f5def640215a,73130,63252457,138398,72966,63264103,138398
aa6fe04679437716,78001,68149262,138144,77831,68159988,138144
aa88343e0889f128,25619,15730793,112094,25494,15739869,112094
aa8a758691299ffd,93254,83372168,153723,93087,83383293,153723
aa8b66d0c19ad375,32753,22888690,139067,32574,22898968,139067
aa8fb766c1c07187,76849,66972062,154500,76688,66985070,154500
aa99c73272783d33,12627,2738632,132416,12483,2748729,132416
aa9ca63ac498a9b3,94066,84189202,137262,93896,84199351,137262
aaa8e6651cb1f399,43444,33548605,137144,43300,33558165,137144
aace2e7a66890ca7,106004,96116081,116017,105883,96125131,116017
ab1b74aa0671d7c7,37647,27748626,138493,37508,27758548,138493
ab22a7d9a9da7247,48739,38828660,137015,48616,38840189,137015
ab54664b42020a8c,18153,8271735,137986,17983,8282528,137986
ab5943f8d5cd7a4b,81881,72029323,138148,81711,72039048,138148
ab5a0af1133e73a4,39320,29435247,131691,39197,29444494,131691
ab71be10a7312893,35533,25627235,130082,35403,25636797,130082
ab851f852fcd00f2,35274,25391546,136904,35103,25401644,136904
abb4753a3b0dfc0e,55797,45932459,138803,55632,45945551,138803
ac16f030b18bde89,63526,53668993,138382,63359,53682799,138382
ac1954b64c7e3bf6,29181,19292132,138601,29014,19302308,138601
ac1acd55c87ee142,109720,99831710,130242,109553,99840754,130242
ac2a08bcbde61f46,44146,34271997,154659,43977,34283843,154659
ac34b973de2c77c8,103066,93189621,138828,102896,93200054,138828
ac519225fc19b0f1,17593,7728386,138079,17412,7739503,138079
ac5361e5ad202a4b,56859,46989047,136771,56684,47002004,136771
ac7363ed6a8ffdc8,75117,65249203,137164,74948,65261001,137164
ac77dd9ac764cca5,75309,65407453,128502,75188,65420894,128502
ac8c13dff4d8bde3,96513,86590810,132186,96377,86600262,132186
aca144cc3105f5b4,21962,12051805,138146,21816,12061644,138146
acb53007628e71fe,94132,84249784,139294,93959,84260875,139294
acb80a608c5cc4df,14618,4727570,133054,14477,4737247,133054
acc1a51c295eec86,38723,28848820,137560,38539,28858928,137560
acd732d894943c03,104173,94268219,130611,104045,94278262,130611
acdcb6ac728a152c,114249,104368178,128936,114081,104377896,128936
acf1b647c7b6b959,43476,33572185,139529,43330,33582439,139529
acf35079677f4aea,117087,107209935,139391,116920,107220815,139391
acf831362d11a7e6,31512,21613586,130838,31353,21623241,130838
acfbdd4e6717cf00,84342,74469409,138235,84163,74479690,138235
ad05ee8e3fb06b03,84709,74829131,136935,84541,74839434,136935
ad18c2cacef5a1de,56301,46416440,129290,56196,46523165,129379
ad1b2b6d4f6b6fcf,24460,14609012,141222,24291,14619276,141222
ad1e6dac6984c8f3,28104,18228739,137884,27924,18239283,137884
ad400774fd54b4a5,101455,91588441,132015,101270,91597554,132015
ad426462c6cd5b9b,23373,13500126,138708,23206,13510503,138708
ad4516e849c6e6f6,61069,51188929,136758,60906,51201310,136758
ad7dfabe6b695061,66241,56329288,129100,66105,56339238,129100
ada385981450023c,91241,81397449,185530,91083,81411356,185530
adc1c59cf440f7ca,77207,67321231,129590,77114,67377196,129590
adf9d0e07aa47ed1,71016,61132661,138985,70849,61142541,138985
ae19956743d75e7b,46262,36429680,337719,46126,36456234,337759
ae46fa6feef4dfde,49717,39848919,137067,49541,39864163,137067
ae4bda82b64774c9,118849,108970184,140009,118683,108980785,140009
ae5b6796f2454012,118069,108189608,137873,117901,108199496,137873
ae6ec20de830bf19,71081,61192949,138342,70913,61202702,138342
ae74f3ba71e7ab34,65332,55452221,137142,65158,55463017,137142
ae7875898854200f,27577,17690381,114962,27455,17700172,114962
ae7f3835d63571b6,27352,17468918,138539,27183,17478170,138539
ae87a43d9217a8de,93571,83692795,137992,93396,83702418,137992
ae91b21a4338cb5a,40705,30848706,137242,40531,30858803,137242
ae9fddc3158fd915,100414,90509069,131610,100271,90518323,131610
aea4e698033d3244,87212,77309015,136552,87081,77319545,136552
aebb9c2e940f304d,80274,70392725,137137,80103,70402074,137137
aee0b0c4c661d544,16133,6251514,136709,15966,6261687,136709
aee511a22c7ae6fc,67229,57326312,91396,67098,57333647,91396
aeecb9f997c7a3aa,109963,100068147,129819,109823,100080972,129819
aeed889d3063be7a,77431,67528850,135983,77324,67541213,135983
aef4c778072a6afc,24710,14828882,139674,24542,14838640,139674
af09ccb7fa589fe7,61755,51872142,137533,61591,51884510,137533
af13f6573f37702d,104657,94789699,139185,104472,94800809,139185
af2e07d2ba9bce57,40860,31008875,138643,40690,31019076,138643
af42f0af1486d8c4,85026,75141273,128651,84901,75151801,128651
af4400f49e58b798,42540,32669006,139432,42356,32679767,139432
af5291c632f2fddc,69266,59368078,129875,69139,59379468,129875
af8a7a90e994d8e8,90630,80668202,131262,90532,80677128,131262
af9ba97f24b04859,67034,57176872,136561,66865,57187054,136561
afa6ca22438cabe2,60980,51128963,137820,60814,51143195,137820
afc2d5efdd7a0ac5,78251,68369538,137640,78083,68379942,137640
afe0a1561dcecef2,103226,93349782,139418,103054,93359671,139418
afea2d1b2f26cf8b,73598,63709015,137170,73450,63721473,137170
afea36e92a70fad1,28591,18708419,136605,28422,18719092,136605
aff77f5592a89e17,34713,24849123,138840,34537,24859732,138840
b00dc7047678bb97,97070,87188521,133313,96904,87198148,133313
b0142af8effec934,12093,2208536,139048,11926,2218671,139048
b03bf50f68edb74e,115580,105646844,142061,115386,105657962,142061
b05557d7871a0ffc,17806,7948177,136669,17635,7958135,136669
b055a1bbd666cb4e,87084,77169213,128134,86961,77179197,128134
b0742a91aa4253e7,50698,40789020,138807,50600,40805258,138807
b07fd83bc1a0d80c,105278,95409509,137774,105106,95420076,137774
b0853abb795d6d7b,11189,1327390,132631,11009,1337457,132631
b089e12b46895f45,16165,6288160,136667,15997,6298060,136667
b0ab827db9355f0f,106915,97041601,138403,106747,97051975,138403
b0af3ba2372666e3,72540,62668754,136077,72368,62684995,136077
b0b3b1ee82903587,61917,52031890,137261,61753,52043343,137261
b0c052bfa65c3202,107974,98079836,133470,107835,98089507,133470
b138f4d570ef9420,58903,49031884,137835,58726,49043806,137835
b15543936e8c4d22,20974,11112245,137958,20804,11122758,137958
b1558dc37c936abb,25116,15258493,130008,24941,15267948,130008
b157260ad09087ea,76543,66671929,136648,76363,66684670,136648
b1577d4ce27e7bb8,98842,88970978,133232,98661,88981433,133232
b180eba819c5069b,79327,69409409,128753,79203,69419253,128753
b183c90aacafc5a8,101363,91488899,133520,101184,91498722,133520
b19d288ba19cfa43,105247,95370068,140306,105076,95380531,140306
b1a4a7102fc6e45a,57968,48087415,128733,57805,48098833,128733
b1ac1a55ea1edffa,18379,8467827,129710,18254,8477250,129710
b1b5030f06313433,101486,91628681,132463,101310,91637710,132463
b1f2e7164b96a4ff,61545,51672191,137162,61366,51684527,137162
b20ac95988756630,19613,9748232,137106,19433,9757922,137106
b22bad865b7f39d5,68796,58912496,139224,68629,58924639,139224
b2391f63215b0f8f,100595,90708567,132482,100425,90717578,132482
b24d5a21ce94a745,64710,54849362,138535,64533,54863100,138535
b260af3ff95e7f14,44688,34749222,129926,44551,34758555,129926
b261144940cf51e3,116434,106550626,131157,116263,106560237,131157
b2637339b2168a8d,102847,92988543,131998,102670,92998242,131998
b2897da4bb903ed8,63495,53632220,135704,63329,53643729,135704
b294dc66f533ac52,44373,34524022,339170,44268,34552205,339210
b29f77af5884412f,107698,97813402,139607,107529,97823288,139607
b2ce568f4a7ae3d4,24147,14246990,129752,23959,14256621,129752
b2efa33285dfb5d9,111707,101829554,138028,111535,101839447,138028
b303e47d64e52797,66030,56172048,101417,65897,56189307,101417
b321c97eff036766,42695,32828844,138148,42515,32839175,138148
b325cf0f403b6259,42188,32308795,138194,42018,32318647,138194
b33fc6ed07e425d8,69953,60052359,137948,69743,60064715,137948
b34255c6c1d54f5f,27320,17431068,142440,27150,17441268,142440
b356b4745f8011af,89474,79589546,138194,89294,79598796,138194
b359b9d485751b29,87149,77249041,135855,87022,77259483,135855
b3620fef4bf5d296,59402,49528844,137550,59238,49541618,137550
b38d76365d99b88f,12028,2148865,141087,11861,2159904,141087
b39f050bed564e28,54123,44249010,138714,53955,44262848,138714
b3a0566176fdb9c8,112601,102749849,137581,112432,102759466,137581
b3b07e5fcdf7249b,38061,28192342,139186,37880,28202531,139186
b3b6b74791b37f2a,76326,66449074,137131,76158,66460005,137131
b3b7055f606cf2c0,111514,101629644,137649,111346,101638918,137649
b3c8c0e67e41fdbb,71979,62109195,138259,71796,62120625,138259
b3cb85eb4ba354be,52479,42567395,130522,52356,42580083,130522
b3e54737cb14adde,21540,11710470,343627,21408,11738837,343667
b4126a8b9e8c934b,113448,103490305,140795,113298,103499950,140795
b41439d41d96e258,81192,71283013,129693,81075,71292678,129693
b41f5133b761ab46,19329,9448592,138014,19161,9459466,138014
b428d0af8d0ea3ef,13236,3352584,139306,13070,3362506,139306
b43df28351d4e491,105434,95569513,137836,105255,95579361,137836
b44284ddbb7ae8c4,31215,21346961,128107,31036,21356313,128107
b44a14cbf6b2b580,105839,95953063,139080,105671,95963524,139080
b4592f53febc1d86,33286,23408722,139065,33115,23419831,139065
b484192d3b86b89c,70961,61109181,137180,70791,61119165,137180
b49f75857758c9c2,65269,55392596,137600,65099,55403764,137600
b4a9ecc7b89720f9,72286,62411612,152695,72122,62427606,152695
b4ac510424b67756,52763,42872158,136914,52615,42883602,136914
b512362e4b3377ee,52576,42670949,139803,52448,42682490,139803
b52a64b08cfb098c,48950,39049482,129181,48787,39059869,129181
b53bb4160dcc755f,67197,57303154,79359,67067,57322764,79359
b53e35a75baa2a5b,54293,44435667,99987,54189,44515287,100076
b58434c797816919,101176,91293175,139333,101006,91303514,139333
b58505de92ef2570,56711,46811946,137041,56568,46825224,137041
b59ef5ed8f3fe35a,86826,76949180,137425,86657,76959485,137425
b5c57c24f8e72d1e,30906,21029048,140183,30734,21039203,140183
b5cb85389fc80496,89356,79452270,142804,89200,79463134,142804
b5d827760b13d6a8,37553,27647642,132385,37423,27657499,132385
b5e6457246115c63,16549,6648250,136888,16413,6659445,136888
b600e8c637d3754c,114952,105094681,103458,114829,105113408,103458
b60865b8755fc6b8,111299,101433147,139460,111125,101444654,139460
b613818161d76b2e,13926,4069319,141760,13754,4079219,141760
b61c49192974c1bb,76035,66152112,136367,75872,66164192,136367
b61ffe01860177cd,32010,22132111,138080,31822,22141584,138080
b625aa6b51daea09,87425,77532906,138770,87265,77542694,138770
b6738f71191b0a09,102968,93088395,131298,102799,93097914,131298
b675e1784fd0b50e,47760,37888822,137468,47586,37903139,137468
b67fead1ca808e56,19362,9488372,137581,19192,9498900,137581
b68914d15e12a48b,116653,106788423,130624,116472,106798086,130624
b69e65a6c0d325c4,104044,94155964,116895,103919,94165008,116895
b6b102ae7cb2f4a9,95807,85949448,137560,95634,85960277,137560
b6cb7350f4a89e93,63901,54029145,137456,63741,54045007,137456
b6ddcb5f6c79dee9,39545,29631454,140107,39412,29641440,140107
b6eeb18d461c69ec,114437,104568509,131721,114260,104578843,131721
b703e2494f99cb21,64029,54194991,343149,63897,54248417,343189
b76e9fe3b64ca0f1,63026,53148820,136904,62834,53164153,136904
b78d65d5bdfb659c,48862,38969346,139424,48717,38984205,139424
b7b9a0eeef891a64,46198,36312080,138187,46030,36323062,138187
b7d23f8e5094ad09,104422,94528498,132066,104270,94538424,132066
b7d314ca6eb462ab,74828,64949517,138502,74664,64962261,138502
b7f96925f8fdcc34,33505,23607120,128903,33374,23616303,128903
b8974c35e95b578f,58962,49109246,138498,58792,49121870,138498
b8a20eed1f4d0f4b,23669,13801831,79236,23570,13824521,79236
b8a9a1fd805dd5cc,60443,50530878,140178,60316,50542882,140178
b8ac8204b1ba835f,75744,65869190,137234,75574,65884493,137234
b8c1587e9f1b87f4,20189,10334487,120634,20065,10353939,120634
b8cdb7f1d0da1683,81474,71569105,137790,81329,71578845,137790
b8cdfe6ff5cc458d,65206,55328904,137018,65038,55340904,137018
b8cf9898621cfdf6,34618,24748696,138386,34447,24758509,138386
b8e313f8c1cf0a9c,106586,96708700,132667,106392,96718293,132667
b8f9dba2ef1efb1a,100289,90388613,131956,100155,90398195,131956
b8fc53e81494009c,100320,90410979,132434,100184,90421254,132434
b8fd23c93fee0c44,67790,57909184,138419,67591,57919278,138419
b901b31bef153b9e,37768,27872123,138165,37612,27882574,138165
b9108b50d903bdda,22140,12252214,137784,21966,12262929,137784
b910c3576752436e,109995,100089846,128737,109855,100101146,128737
b932e3cdc3ae751e,112303,102413552,139377,112140,102423625,139377
b960c1b3c5a2f61d,75861,65988965,136981,75671,66000607,136981
b9624e5836ede306,81735,71869303,137221,81551,71879295,137221
b9b806265674e019,104452,94550896,132311,104294,94561014,132311
b9c10f2c6ed529c2,65517,55652174,136314,65349,55664119,136314
b9ce0b0f192ea3a1,39270,29412934,104434,39147,29433119,104434
b9ce165c5cd75345,18185,8357905,350967,18057,8388847,351007
b9d3bd22f1a2f740,50571,40649305,130400,50489,40728152,130400
ba104bfa47f174da,79034,69152531,138847,78863,69163507,138847
ba28bf30e5ddd178,116338,106451042,131356,116169,106460646,131356
ba38497c3de67e92,83666,73789077,136609,83472,73798485,136609
ba3ea359577724ee,97514,87648400,132002,97333,87657854,132002
ba4810644037a7a2,99154,89273538,137367,98985,89283732,137367
ba5b77b101345602,69980,60089192,138724,69771,60100409,138724
ba5d2f2eab4252df,92772,82850250,141832,92611,82860412,141832
ba616b764047bc80,86238,76369215,136395,86061,76378894,136395
ba6c501fb78ee7bc,72101,62249406,138220,71934,62263323,138220
ba739f4a836f8fee,29623,19749149,128499,29481,19759011,128499
ba76fd599d3657e9,37489,27587615,130390,37363,27596801,130390
ba7eb2a1baa8c473,38032,28168877,138883,37851,28178716,138883
ba881105deb70e24,58845,48968980,137516,58661,48980807,137516
ba9da007886362fd,36514,26632188,137483,36343,26643881,137483
bac334661206bd37,55736,45872269,137775,55570,45884610,137775
bac70896814f750e,46354,36468432,130571,46221,36477651,130571
bac89f345b8a1af4,86486,76629193,137064,86311,76639806,137064
bace8ccacd8ae948,96388,86468458,132318,96266,86477527,132318
badab50529aace9d,85188,75289612,140585,85058,75300837,140585
bb338bcb230b5e3f,82198,72312820,137540,82027,72322820,137540
bb6cb3dee2b66567,14210,4328862,140463,14042,4338961,140463
bb7a516eb5298c25,52670,42772090,137290,52534,42783791,137290
bb7e669aa3acf19c,46778,36843532,128972,46608,36853732,128972
bb895c426acd7e71,14555,4649758,131949,14419,4659587,131949
bb8eb3f58c54c191,19080,9228284,137355,18910,9238583,137355
bbacc360537ec3a3,34175,24311884,138744,34002,24322165,138744
bbbf2d5a1c3ad7fe,57603,47729432,140710,57427,47741555,140710
bbccf43533e36ef0,49152,39287473,130418,48974,39301232,130418
bbcf6e256a7c1515,17624,7751481,136914,17441,7761170,136914
bbeae91d226159b2,59653,49788706,136690,59477,49801356,136690
bc1806891383eb73,113991,104112177,152625,113827,104122818,152625
bc1f1bbe8ef114bb,82666,72809183,137579,82495,72819520,137579
bc2de83f8c3a1eff,73001,63128857,137169,72838,63142877,137169
bc48c65c9fb1d5be,92408,82516420,131548,92315,82525485,131548
bc60d017c1dca78f,45164,35308920,138872,44992,35319554,138872
bc7288d2242a00c3,39577,29668756,138645,39441,29679048,138645
bca1fc63e167f344,113307,103349931,129323,113210,103359282,129323
bca600a637b9f373,23406,13528386,137350,23239,13540535,137350
bcaec1ca0d5273cc,35177,25292058,137990,35009,25301568,137990
bcc71ef06f326638,61514,51649052,138517,61337,51664771,138517
bcd0f51836c010fd,16356,6460379,129111,16228,6470468,129111
bce2d4ec1dd67bb8,41581,31688974,139585,41430,31698635,139585
bd1ffcb48e975680,76979,67109233,136972,76816,67125194,136972
bd2c610c8ba5f68a,56741,46848767,136866,56593,46861571,136866
bd33f8d167a4737b,98546,88650937,132732,98391,88661769,132732
bd3673e61f5e0b01,40643,30771951,138210,40461,30782020,138210
bd3c714032c8cc2b,39418,29507631,132005,39293,29517707,132005
bd556648b9a397e5,45794,35929047,139346,45611,35939175,139346
bd757de5b5633811,36047,26171975,137471,35863,26181876,137471
bda414d737b874a2,119841,109973179,139050,119664,109983160,139050
bdc534a5802ee443,90717,80767880,129411,90594,80777017,129411
bdf1caa69c155337,37798,27908725,138270,37637,27919459,138270
be14ee1c7c091ec4,112722,102833488,138340,112554,102843920,138340
be2230ad98ca2665,21188,11308223,136524,21022,11317736,136524
be26ed845c16de3d,87181,77280972,137116,87052,77290921,137116
be4b2ce9fdef6921,119870,110009987,138272,119693,110021788,138272
be5eec8294b0f1d2,91402,81513165,138918,91245,81522541,138918
be689042a2523140,82451,72572437,138643,82268,72582541,138643
be69d1b42c78e1fd,27384,17508512,137962,27214,17518301,137962
be8412674720bab0,107795,97913653,140048,107624,97924268,140048
be87940c4d4f478c,96604,86690997,133244,96453,86701421,133244
be8dc299d3ea2bd9,52261,42387585,130918,52087,42398857,130918
be8ed349fdd0f4f1,110518,100653220,137720,110345,100663620,137720
bea59f309d1536d2,42100,32248659,138265,41931,32258963,138265
bec9da001bf7460e,46036,36152449,138440,45868,36163903,138440
bef1fe11890e4d4c,119160,109273766,116382,119025,109282941,116382
bef8e49ad03f03e0,104570,94688615,132605,104391,94698199,132605
befa602299f49cbd,15040,5171755,138419,14863,5182359,138419
bf03f90f085879ed,88653,78772781,139093,88486,78783288,139093
bf1e21432619091e,44967,35072339,139290,44754,35082090,139290
bf348e30eacce074,115808,105909873,139153,115592,105920830,139153
bf7a7db3e90ec549,28045,18148884,128885,27876,18159062,128885
bf7c7148c1687acd,71146,61269085,137957,70978,61278910,137957
bf9ae5b875c2691b,64500,54608952,137711,64359,54619938,137711
bfb0599cc775d58a,36546,26671321,153646,36374,26689065,153646
bfb345c9d4c8151e,61231,51349323,139016,61066,51362412,139016
bfb6050f5768d0d3,63280,53408934,137566,63118,53423240,137566
bfc52eee57451c8e,10839,929864,132708,10687,939213,132708
bfe2b0de56256020,93509,83630309,138884,93337,83640179,138884
bfeb41c64d9be4a2,57319,47431865,136397,57155,47443326,136397
c0079b56dba7a49c,40266,30388867,139599,40099,30399130,139599
c029783bd05ce988,107233,97368814,132369,107057,97378659,132369
c04cf152785e6697,39449,29529793,131178,39323,29539970,131178
c04ea4ac67d416cd,83637,73749802,138041,83450,73759630,138041
c04f11b11b3d55fa,28340,18488428,137182,28171,18499295,137182
c050b232b214841c,87366,77469598,138866,87215,77479017,138866
c087882171d53956,68114,58236626,178865,67946,58249285,178865
c0aa6a87bd5ce17f,82881,73009195,137935,82714,73019843,137935
c0b3dcf10814c845,37857,27968940,138893,37684,27979209,138893
c0b83d47b9499afd,113574,103653256,138555,113365,103663626,138555
c0c47eb85a98ec0d,34586,24708574,137033,34416,24717925,137033
c0c983ef2420bcfa,11014,1129776,132638,10827,1139301,132638
c0f34c45cf299c71,115457,105539917,127468,115293,105549758,127468
c0f7e4c665ddf6f8,58261,48372874,113582,58152,48478445,113671
c1252fd3a9e19cbd,111927,102028176,129093,111798,102037757,129093
c15c878339969393,66608,56729118,137904,66427,56739350,137904
c166b8a271287ddb,24869,14992285,139022,24697,15004442,139022
c16ceb04e08621de,110988,101109645,137846,110817,101124244,137846
c16eef0e7f9a1efe,88254,78389449,138721,88072,78399928,138721
c178736790dadd57,26443,16588637,138565,26273,16598660,138565
c18ec25a23588667,97947,88069615,139033,97779,88080261,139033
c192928af1ccae80,44439,34551837,88897,44333,34564099,88897
c19dd84607bc9d5e,40426,30549028,139600,40255,30559158,139600
c1b35b2c36698e9c,11220,1369372,144276,11052,1379658,144276
c1b4069890cd5d61,68179,58297160,153437,68010,58308598,153437
c1f2b076d21e3e4f,38877,29012354,137117,38704,29022106,137117
c1f44de36f09b759,88224,78349452,138322,88044,78359774,138322
c22219fdb0571bca,75054,65172115,136537,74887,65184229,136537
c22669e0d28bf570,42820,32968730,136655,42652,32978863,136655
c23358685f148223,118359,108470093,130568,118185,108479856,130568
c24c10adbc51e7fb,55427,45549303,139499,55260,45562854,139499
c26a8e15e3ccf01d,63249,53372253,138046,63086,53383241,138046
c280b8bac57fcc8f,83373,73451943,136135,83242,73462910,136135
c28cd368cf480c27,69730,59792200,136444,69530,59802917,136444
c2a16ecf52d74646,99251,89369912,140140,99080,89385016,140140
c2abc0f14987e010,44803,34888714,137722,44637,34898798,137722
c2af7f7afbb33887,66696,56829019,138013,66513,56839387,138013
c2c515c1167d7d35,113959,104078368,155501,113795,104089998,155501
c2da40dbb12550aa,61199,51311660,136332,61034,51324843,136332
c2db892383f2505f,47975,38108665,130487,47797,38120196,130487
c2f45aa37193a45d,31430,21572192,100699,31271,21593190,100699
c2f7df18cf91a41a,57726,47869355,139747,57554,47883915,139747
c31d58e057d38cc9,91203,81349236,137728,91033,81358925,137728
c32b16752b5d4277,35242,25368379,137166,35072,25378632,137166
c372f2c05f4121e5,38995,29112420,139480,38828,29123937,139480
c37e2abe7488f85e,105677,95793665,140564,105510,95803187,140564
c3922fdd3842c3db,63934,54052625,139346,63773,54064000,139346
c3b8df8c200e4274,12401,2513874,117974,12264,2523343,117974
c3c29fbfac926b5b,28622,18746827,128039,28453,18756753,128039
c3ce7cfcf2bcf99f,85525,75649556,138868,85352,75659707,138868
c3d3de54bdff7e00,69137,59251431,130072,69012,59276964,130072
c3dd6362ca0f89d5,52543,42647343,129069,52418,42659512,129069
c3e0663170ac8896,59306,49428886,137369,59143,49441184,137369
c3e19259bde030ef,16852,6970269,137181,16672,6980694,137181
c3fb6feface9ea9b,79836,69969238,137413,79651,69978804,137413
c41180405ff26648,60657,50768847,137717,60498,50782421,137717
c413ebc6d4a9cc0e,67262,57356555,119575,67131,57365456,119575
c414eabe9ef18b98,100982,91092986,139145,100816,91102703,139145
c4227e0a9833d977,90981,81089251,137411,90771,81098957,137411
c4317b5b2ee32d6e,80113,70229099,136163,79945,70238629,136163
c442ea29411fb114,79359,69447705,128859,79233,69457482,128859
c44da24abe8589af,62478,52588836,136851,62354,52599850,136851
c466db562ce76c09,90568,80607256,129532,90483,80616746,129532
c48502d56014e0c5,69415,59527398,113583,69285,59556067,113583
c4a1a24359826c7f,21708,11835188,129975,21580,11844937,129975
c4b58c16398d8aa7,68211,58328897,136649,68042,58338936,136649
c4b67436ae2387e7,82294,72412471,137861,82120,72422890,137861
c4d8692679a1867b,44912,35019908,136696,44713,35029907,136696
c4dc2d62359deb42,78441,68569146,137632,78266,68578819,137632
c4edaf45d5066b31,110641,100789589,138307,110472,100800265,138307
c4ef818393f2311d,40766,30908857,137611,40594,30919663,137611
c5086e62ae3cc3f6,30025,20148761,138368,29860,20159659,138368
c50a8ef4dbf6bbee,33997,24128602,138328,33812,24139083,138328
c53fa25f6618648d,71466,61549813,131118,71332,61559742,131118
c54c9e7bf25eff65,105527,95669849,139413,105351,95679491,139413
c55b15e0258b0be3,40674,30808642,136988,40491,30818779,136988
c578707a17d05921,48286,38409297,141030,48117,38424819,141030
c57e2f5a330ed779,71402,61495598,129669,71269,61505457,129669
c5893069f00cddd8,59561,49688725,136353,59390,49699911,136353
c593507a353146b8,14831,4947102,130206,14664,4956364,130206
c5b3f02a1988cae5,13268,3388543,138799,13102,3399049,138799
c5bfa4e16810d5ed,15856,5992166,138095,15684,6002091,138095
c5dbf5d1aeb1dfa7,48581,38667442,129966,48470,38705728,129966
c5df015711b1c7dc,82817,72932427,137323,82649,72942397,137323
c5e81b595c27a35a,58991,49132322,136757,58825,49144912,136757
c5edc40c5122702f,69760,59829265,138584,69551,59840550,138584
c5f32de7bb799f81,100917,91033318,139220,100751,91043224,139220
c5f585ab73e14789,108534,98668521,131846,108351,98679077,131846
c61c5030e2b31832,73930,64068923,136587,73757,64080250,136587
c61f17251d1c3f64,72254,62372158,153794,72090,62384826,153794
c624386dd0919ef1,39190,29308856,139221,39021,29319462,139221
c633d62fc3f792e7,41519,31628671,137960,41374,31638194,137960
c63d2fec488450ff,88719,78833064,138871,88551,78843680,138871
c641926959cac9f4,87244,77332206,137321,87110,77342115,137321
c64bb3cdf6090044,37585,27671499,141281,37453,27681304,141281
c658cab5ebeb7e7d,91931,82069275,137794,91755,82079574,137794
c668e9c1c2674909,56976,47109645,137341,56796,47121804,137341
c69ceeabc3a57f0b,72968,63088931,136401,72805,63100147,136401
c6a70245222efaac,55644,45772339,139362,55471,45784476,139362
c6a82e5b7c5b1b48,66637,56769225,139411,66452,56779899,139411
c6c72508d93f86e9,62320,52427428,128761,62213,52442742,128761
c6c7bb96294b7439,54218,44347462,128958,54047,44358731,128958
c6ed13b76d124134,36255,26372058,138229,36088,26381632,138229
c6fdb50c33ae07f0,52382,42494374,112670,52260,42520400,112670
c732a2b3b2da0828,110548,100689446,137423,110375,100700195,137423
c735aa09cc937ea8,45257,35372846,138364,45090,35383218,138364
c750067784a9abb4,98389,88488944,134375,98251,88498828,134375
c76301cd994f5855,39514,29607721,130770,39384,29617247,130770
c763d1a915d76cbd,23922,13983927,129641,23797,13993561,129641
c77911b941942208,80210,70329100,136955,80041,70338663,136955
c78272cb671d1d20,43779,33908735,137210,43593,33918450,137210
c792cbf54736fe37,102671,92790665,132290,102479,92800257,132290
c7b07f362cefd029,114807,104929564,137714,114640,104940962,137714
c7b188610f1b8b39,75244,65358776,126762,75124,65379910,126762
c7bb275e8912356c,19488,9612318,139087,19315,9622109,139087
c7cfc7a9672b6aaf,46869,36929581,129220,46678,36939163,129220
c7d94aa86a1ebf68,55048,45188728,137073,54874,45199738,137073
c7df902820f16666,73690,63808831,136329,73531,63821297,136329
c7f7cd00369951d4,47634,37760738,138126,47464,37772705,138126
c81c31b5546ad0d0,58033,48151384,140818,57869,48163895,140818
c81c784bc29eb4d0,111145,101273510,138474,110968,101284420,138474
c83c127e0fc25dda,62255,52367769,129693,62151,52386355,129693
c83c62159816bef4,87875,77989374,137649,87707,77998821,137649
c85db227dd27650e,92119,82267590,139793,91951,82278213,139793
c87dcc899e7da936,85220,75312884,137293,85089,75323327,137293
c8862de87926671f,53715,43849405,140626,53532,43861401,140626
c89818f3f901f271,49240,39387623,130957,49070,39399723,130957
c8b3d0ecfd86e1fa,100712,90830555,131392,100521,90839571,131392
c8c9de64168e81b9,22440,12588840,139660,22272,12599928,139660
c8d91db8a690e8d2,78534,68669177,137956,78355,68679132,137956
c8dfc0ce66cd5d3f,69544,59612008,129455,69395,59626864,129455
c8f88e0449e975dd,39961,30090303,146788,39772,30100441,146788
c8fe44004e4a17c1,26322,16468568,136899,26151,16479225,136899
c9308f784694e81c,22112,12229020,140226,21942,12239535,140226
c93d356add0869a0,52608,42708723,136930,52478,42719787,136930
c93fa957c472ebb6,18444,8530381,140573,18316,8540578,140573
c94f6c2440827d8b,93725,83869625,137832,93556,83884581,137832
c951c965d0a474bf,57787,47928948,138132,57619,47942865,138132
c9634b2f5e8d1328,66489,56609284,138471,66327,56620241,138471
c98c8c13f3e485d8,31577,21668833,128512,31416,21677848,128512
c9aac59586877b40,74990,65108910,135935,74825,65120581,135935
c9d3efb1d772e466,88285,78412666,137579,88101,78422541,137579
c9eae13bf9863859,81413,71509175,136771,81278,71519028,136771
c9f687ffe96d3a70,17469,7589206,141287,17295,7599415,141287
ca01a52bd262c6d9,84434,74569068,136716,84250,74578412,136716
ca0b2b500687f17b,11407,1531436,156346,11240,1542496,156346
ca5542a9b24a66df,29961,20088640,137038,29802,20098819,137038
ca628ef707076416,111992,102088430,130794,111861,102097885,130794
ca76d132149f9c3f,26382,16528608,138355,26213,16539442,138355
caa011667e5d3d94,98515,88628546,131696,98364,88638520,131696
caac22114716c773,21446,11569297,157341,21276,11580355,157341
cab65698d07539e5,62780,52912289,138224,62605,52924457,138224
cab8bbf383d90ca6,106352,96448524,132168,106205,96458171,132168
cae792a361bd0468,74306,64429018,137135,74137,64442300,137135
cb141667a57b1547,85981,76109146,135983,85812,76123500,135983
cb17977584ba1263,71048,61169529,138282,70881,61179707,138282
cb2bb0fffc7c88b2,20371,10467117,128527,20245,10476897,128527
cb31dcbe1b5d1d0b,80829,70949035,136731,80661,70958513,136731
cb4af0a3df7ad9f6,20078,10208566,137688,19911,10219227,137688
cb4b30910354ef94,57664,47793100,142171,57485,47804551,142171
cb4e9db830863667,113699,103812810,138014,113499,103822408,138014
cb5988bf08f97b60,78186,68309453,138122,78019,68319353,138122
cba5dd405cb6bee4,83280,73367907,129018,83161,73377332,129018
cbb33143a758200b,94099,84212698,138820,93928,84222577,138820
cbc208a371db49a8,39482,29567672,131614,39354,29577490,131614
cbdb5969eb66a45b,48253,38369576,128902,48085,38380382,128902
cbf7cf65f62d099d,83694,73812219,137161,83494,73821943,137161
cbfee0e388cbba57,75685,65792047,137655,75526,65803031,137655
cc0152936e08c286,30648,20768859,139380,30481,20779086,139380
cc53ffc4a163f84b,54408,44504655,113357,54318,44518686,113357
cc7b68e74711651d,31544,21647165,129710,31384,21657084,129710
cc873dc95448439d,18926,9051397,137002,18742,9061463,137002
cc9e705172382d09,44886,34988989,138299,44695,34999508,138299
cca86f5c241f74ad,79453,69549209,138037,79317,69559224,138037
cccd822a2f80c40b,15450,5568383,137725,15280,5577702,137725
cccfbcd86067f042,97483,87608591,132955,97304,87617624,132955
cd1020b2249fbe92,91006,81129650,139086,90812,81139647,139086
cd46ac697ef1f8f0,45515,35632517,137458,45346,35642390,137458
cd49c68b540828cc,62416,52528837,137590,62300,52543093,137590
cd4e8f5e4f971dd7,85731,75869016,137170,85551,75878561,137170
cd5a628d48229b39,103754,93869797,138264,103584,93879536,138264
cd5db9ce4e140de4,40948,31068782,137878,40781,31078578,137878
cd9442fb8898eb38,24994,15127249,130218,24815,15136471,130218
cdaec57b5d855238,29469,19611005,101544,29327,19628757,101544
cdbaf154d022b02a,24775,14892106,138778,24606,14902258,138778
cdc87141c4f059bb,48677,38769312,140457,48560,38782294,140457
cdcb8b8947e59482,22943,13068504,138382,22765,13077905,138382
cdd76fca98cc2a48,55552,45671905,138082,55382,45683619,138082
cde67be5cf754849,28075,18188994,140611,27900,18199273,140611
cde8a3a26810b2a6,108744,98890523,139212,108574,98901293,139212
cdf71fa0947d1367,106849,96970389,142845,106682,96981022,142845
cdf73e67809a5c4e,70176,60311112,129050,70004,60320215,129050
ce1db5ec5c026e2a,52940,43068925,138056,52761,43081170,138056
ce31c25f370213cf,15417,5532188,138822,15248,5541810,138822
ce64101d69c6ed08,17310,7431137,152315,17141,7442077,152315
ceba2f3ce4286a10,110608,100749663,138127,110434,100760518,138127
ced56ad8d234716e,77907,68049103,137667,77733,68059659,137667
cef1f81b517044c4,63059,53172219,138667,62894,53184757,138667
cef7e489cdb09398,46684,36743458,130552,46533,36753163,130552
cef9b4e34c63b0c7,107356,97488878,132351,107172,97498781,132351
cf1ac44cb3cd0804,29310,19428427,137081,29141,19438680,137081
cf5524329308d55e,28842,18968714,138273,28664,18979420,138273
cfc48145b046bf30,26983,17112290,138406,26804,17122660,138406
cfd65f2d72844f40,32220,22368782,139036,32051,22379596,139036
cff4175ff43f2900,10622,707464,131532,10496,716831,131532
cffe2ba456f14ff9,50392,40534383,99445,,,
d011ab3aca298c44,40582,30708611,136968,40404,30718038,136968
d022578ae3b7a2f1,73870,64008811,136505,73693,64022821,136505
d0244545f44945b6,28904,19032067,138791,28723,19042964,138791
d027a4b0f00ffcbb,67482,57544842,130181,67332,57554291,130181
d02cf38544d96415,89444,79553147,139949,89271,79562730,139949
d048a9a44d9b2ded,110092,100190121,129725,109949,100200912,129725
d06e0730de1d64a0,62077,52234347,338957,,,
d0781ec19e885a88,62046,52171856,154844,61878,52188049,154844
d0a646c762423905,10046,188863,140144,9875,198879,140144
d0a73689f4f452ae,91467,81573165,139151,91310,81582483,139151
d0cf59fa68e4dfbc,72817,62951949,136816,72648,62963893,136816
d10a471bf4c5478d,14015,4132505,140354,13848,4142215,140354
d11c72953bdf8991,64561,54672301,138003,64410,54685774,138003
d17d4c806949b14f,77336,67427435,127946,77238,67440891,127946
d18fcd2fdd9aeaeb,21837,11927253,129390,21704,11936354,129390
d1b190ff6519111a,48350,38468878,136955,48180,38480787,136955
d1c3d3d14d323023,72880,63029098,137492,72713,63043527,137492
d1c716c569344ed9,29026,19168618,138195,28853,19178501,138195
d1cae6678ea1c1bb,67872,58009317,138933,67692,58019881,138933
d1cc083dbcc4bb56,44406,34536798,75857,44301,34558135,75857
d1df64449d8ff63e,54782,44892264,138165,54636,44903245,138165
d1fe56e9d2dd58b5,100536,90648412,131659,100376,90658219,131659
d214b1cef7c01d96,70865,61009302,139223,70691,61019027,139223
d216745374246080,31981,22108816,138416,31791,22119129,138416
d247524124f5af8b,113394,103425484,129841,113267,103434421,129841
d2490145d2c374a3,13494,3611195,131993,13324,3620223,131993
d262a5478aa45b2f,93222,83335821,156909,93055,83349167,156909
d27619eefbc91d10,66273,56370352,141488,66134,56381089,141488
d279c1ade634efe5,27642,17732026,131242,27519,17741105,131242
d296bbbf5b52697b,114313,104430197,130468,114143,104440090,130468
d2a49d59e393f279,35842,25948872,139056,35677,25958947,139056
d2a9a173fc4371a9,119633,109750426,141785,119462,109760390,141785
d2bdce14dba6c136,26292,16429217,141563,26111,16439552,141563
d2cc1403091189a3,60831,50952477,139898,60646,50963948,139898
d2e54a8920a3303e,65668,55788985,137937,65501,55801775,137937
d2f43be7b063bd76,21477,11616933,137136,21306,11626866,137136
d325d080eeb80023,46101,36228995,138115,45933,36242513,138115
d33518aa7b4b2d04,90055,80173094,139784,89884,80182891,139784
d335dbb4ee7f37dd,84281,74409381,138526,84104,74419783,138526
d358f78081136eb6,103721,93833232,139071,103551,93842592,139071
d36cabe3d988d7df,94993,85129948,138038,94812,85140276,138038
d372f194117ea5b8,89502,79629614,138443,89316,79639019,138443
d375e4fdd08bd19f,19551,9671791,137751,19374,9681531,137751
d37f8c679cc94bd4,84495,74632865,138100,84324,74642687,138100
d4051cc788cc7ac5,79483,69572449,137384,79343,69581722,137384
d45090dcdccbcf22,13682,3808853,140495,13503,3818595,140495
d45453ff9d8c5761,118882,109010234,139271,118716,109021221,139271
d45858fdce535cc9,24516,14636194,161124,24350,14647780,161124
d45cfacde870082e,84621,74769271,137057,84451,74779529,137057
d460021b969b3c37,106947,97069726,138836,106779,97080182,138836
d461e884b26bc158,31860,21968784,138826,31679,21981853,138826
d4636d89774bf35d,114375,104508310,129127,114202,104518303,129127
d463708b49013e6a,32099,22229185,138073,31912,22239600,138073
d465a863563dedea,14586,4687477,132762,14448,4697264,132762
d471b2d89ef84a15,72786,62928858,136708,72617,62941899,136708
d47d7b69cd04d509,105151,95270979,131083,104982,95281701,131083
d47e1cf0ca980275,82420,72549040,136653,82238,72559298,136653
d4a29372034149a6,59175,49294946,154648,59013,49309298,154648
d4a9635447ae47a6,43719,33848920,137398,43543,33859033,137398
d4bda2a113233a44,113116,103242545,114414,113051,103252315,114374
d4bfb49420cf7514,115360,105474233,115587,115214,105482765,115587
d4de97dbf90bfda6,53337,43469124,138349,53171,43481589,138349
d4de9d75f2f7d556,115164,105248501,130001,115036,105258434,130001
d4ecefb6bbe16b0a,93015,83149309,138027,92832,83159861,138027
d4ed70381eeb8c81,82761,72909193,137927,82591,72919389,137927
d4efdbd3115826cf,14921,5047247,130964,14738,5056435,130964
d4f13abdeea384e5,29374,19492414,139074,29203,19502758,139074
d53946ff7c9ef25b,95177,85303720,159459,95010,85315381,159459
d549330c1f66ffcf,52970,43109095,136648,52794,43123477,136648
d55c0be4642c99c6,87485,77592699,138289,87313,77602468,138289
d5662f39f026a3bf,63403,53532249,138009,63240,53550962,138009
d57484c0ccfbb6bd,97038,87152807,132236,96872,87163264,132236
d5920d4a19bdce5b,21901,11989659,141248,21762,11999270,141248
d5b3cf66606dd5f7,73900,64031993,137257,73727,64043525,137257
d5bd3165e591a6ed,83248,73327508,127853,83131,73337333,127853
d5bd954a8885bfc0,31276,21412133,137474,31104,21422180,137474
d5bebd8e58588cbd,39698,29792414,138639,39545,29802240,138639
d5d2925fec946c9d,84312,74432459,136771,84134,74442289,136771
d5d77b4cc5560ec1,103194,93313316,138766,103022,93323417,138766
d5e3617582234553,116121,106268926,132814,115951,106279431,132814
d5f553613fbc8296,118263,108389919,138121,118093,108400312,138121
d5f9b7135d43d45b,32996,23112275,137699,32830,23122004,137699
d62af8f5349ff99c,108998,99128866,133452,108830,99143496,133452
d64e16423701d0d6,69900,59989383,138750,69674,60000156,138750
d6518ea2bcaab4eb,19520,9648471,138305,19345,9659652,138305
d662397c6053060b,72068,62209140,137736,71898,62220505,137736
d6678597ec4df834,50240,40367551,130670,50069,40382254,130670
d67512dd39bc333c,71336,61451712,130017,71204,61461612,130017
d68222cf9998e540,100035,90202142,370254,99900,90231509,370294
d6890a7a8c8e96b4,42155,32272134,139138,41986,32282703,139138
d6996482e274c4c9,84218,74332526,138415,84045,74342502,138415
d6b917d422ee1522,19015,9151596,137316,18843,9161922,137316
d6ddae0abac310b5,19135,9251814,139555,18967,9261844,139555
d6e8704148566977,95929,86049222,136948,95761,86059894,136948
d6ecd5458c90f236,88467,78609809,139633,88295,78619434,139633
d6fb008037465e3e,63837,53954827,153629,63677,53967410,153629
d740d31fbdc2f49e,54753,44868983,137166,54615,44882151,137166
d769b72e9a156e67,102282,92368569,132289,102153,92377831,132289
d77a75cb0d64fb7b,112657,102783935,139426,112489,102793773,139426
d7e176b097b9a147,87396,77509477,137771,87241,77519112,137771
d7f319a5701b6023,25177,15309044,130026,25002,15318398,130026
d7fe53045024b5a8,11846,1987480,132894,11669,1997077,132894
d84dea9ee5617da4,23502,13703178,341286,23400,13731098,341326
d85fae7db10fde84,45290,35408894,138853,45123,35419275,138853
d8717409db97e9a9,42382,32508516,137222,42207,32519675,137222
d879d8b0ad7115f6,21381,11508496,138647,21213,11518995,138647
d87da3c4964511a1,56651,46752460,136619,56519,46763708,136619
d87ddb80a4f31168,77555,67652546,138323,77425,67664363,138323
d8887201e3cc5014,107076,97193229,138169,106905,97203300,138169
d88c3a714c77f289,34085,24228797,138010,33911,24238920,138010
d8acd4321066681d,56620,46729324,139866,56493,46744175,139866
d8b0636201912816,88622,78749325,137157,88454,78760641,137157
d8fa9fcaa4b076a3,102088,92203602,132276,101966,92213186,132276
d942afb2dd44ab50,38846,28989216,141299,38671,28999593,141299
d95a1c5553fe058a,95242,85372492,154369,95075,85384124,154369
d969b9850116433a,79961,70109260,136461,79791,70119439,136461
d9771eeb41e49f57,33968,24088752,138469,33788,24099037,138469
d987eb33bcba1340,55395,45510613,127481,55228,45521520,127481
d98db5461713359f,102344,92430791,132100,102210,92440277,132100
d9b0fc93997e6f50,24038,14107216,129846,23883,14116731,129846
d9c61e6520267937,36017,26148644,137969,35831,26159292,137969
d9fec72825544282,33727,23828872,138515,33584,23838752,138515
da00ad1d0bc1c7af,35930,26048679,137863,35748,26058250,137863
da2a4834b09a83d0,94792,84909992,141652,94612,84920881,141652
da3dce06b00a61d4,55766,45908968,138247,55601,45923259,138247
da46491760f2a995,10809,907466,132799,10662,918277,132799
da50a19fae9a4cc4,69202,59307427,128641,69076,59321534,128641
da514948ee0c3a2c,93756,83892850,137920,93589,83907597,137920
da6b258e6c20639d,10986,1107398,132948,10805,1117149,132948
da7cb6fc132528f8,89173,79268002,130255,89043,79277705,130255
da7d270c7dede358,13620,3749266,142803,13445,3759629,142803
da93b23932739508,114774,104891403,139000,114607,104901231,139000
daa95f96fcce70fd,81592,71692407,136299,81423,71701717,136299
daba161ff520510e,106882,97009849,138447,106714,97021487,138447
dacee64f2c3e9602,65301,55429090,138653,65129,55441996,138653
dae18e665a9b95b5,30810,20928557,138063,30641,20939594,138063
daf72e56e5fa9475,80991,71109273,137340,80822,71119750,137340
dafe4ff1220c3137,66578,56692416,137274,66402,56702454,137274
db1607fab42b9db4,79865,70008939,136857,79690,70018412,136857
db313661f1048112,57189,47309092,138225,57026,47320964,138225
db3c86f35252e6cf,114498,104629568,137917,114317,104640007,137917
db4eb2b6fb3b3f53,102376,92468638,132422,102238,92478780,132422
db51448a5285055a,118167,108289831,138707,117998,108300265,138707
db6199995fc9032d,59273,49392307,136663,59111,49403300,136663
db7acb0bb67f9198,96227,86339862,119879,96110,86350030,119879
db8bf4a691fc1d69,32566,22688538,137551,32396,22699285,137551
db8eac51ff02debb,99218,89333472,139391,99048,89349008,139391
dbca70a67e445690,54375,44474328,115374,54286,44517700,115374
dbd085c9b8991cca,60803,50928869,137490,60615,50944185,137490
dbdab32aab48ef1f,59931,50048927,137855,59771,50061759,137855
dc5da7bc021bbc86,20856,10988351,136683,20671,10999259,136683
dc5db87f0da7b076,81127,71238786,113015,81011,71248474,113015
dc6f01e277062373,57756,47892613,137835,57588,47904483,137835
dc860320c05a7d3a,119480,109588533,131248,119329,109597549,131248
dc93e4606f0dec77,68243,58369562,139580,68073,58380137,139580
dca36a7b79ad1633,119602,109709938,128946,119436,109719155,128946
dcaef751f179883a,19425,9548441,137115,19254,9558793,137115
dce6d1a14ff27b74,74243,64368906,135784,74076,64381268,135784
dd0c3414e5dd4615,119226,109328692,131764,119090,109338470,131764
dd18254e3ec19cff,80338,70452713,138941,80166,70463076,138941
dd1b487599db674d,101728,91848628,132743,101558,91857513,132743
dd30956ed8fb6b26,108444,98568642,132778,108270,98578597,132778
dd79646f55c66a2e,104362,94450780,132867,104218,94460385,132867
dd7e0777f73414ca,117658,107770446,140739,117495,107780846,140739
dd9701888bd1d02a,68707,58849230,138698,68541,58861002,138698
ddd2faa22afaca0b,69480,59568473,129429,69343,59580300,129429
ddddf2d4a4589079,10234,352581,139740,10066,362648,139740
ddddfeb1427a138b,110279,100389908,136847,110119,100403331,136847
ddec4e27654994bf,60379,50467582,129098,60257,50480051,129098
de24ffe0ec4d8109,54091,44209084,138549,53924,44221324,138549
de651a9a4434d6b7,99687,89829780,139444,99515,89839240,139444
de6de2cc65ba44b2,112689,102810080,138950,112521,102820886,138950
de6e065fe960e15e,115780,105869780,138123,115557,105885770,138123
de73dd2a56857cdc,99874,89989766,139049,99706,89999331,139049
de8026adae50bd9b,96634,86729322,131772,96477,86739140,131772
de8b3ceb72825e97,68400,58528996,137829,68225,58539178,137829
de945f70931e4e31,96921,87050871,133750,96741,87060629,133750
decffd90289b0d95,98783,88911230,132796,98601,88921019,132796
ded382ba2dd26062,119258,109350293,128144,119121,109359825,128144
deef45c8dbedd28e,109284,99413557,140683,109107,99423998,140683
def0b8e79c8e894c,12963,3087777,133558,12781,3097502,133558
df0e0bb8d0e8aa04,32597,22728966,138853,32426,22739390,138853
df30a3f5f49f211b,63465,53609315,137413,63300,53622583,137413
df3208dc856b7f51,102218,92308655,133381,102093,92318300,133381
df3e7ccdfcc7537d,98813,88948407,132075,98631,88958386,132075
df3f5271c62382e1,73471,63569009,128460,73333,63579267,128460
df6e6ff1cfab0143,75773,65892256,136649,75598,65904599,136649
df710f5e816767d4,109816,99977574,357149,109673,100004296,357189
df7baf6855c5d90e,72318,62434839,137477,72153,62447075,137477
df9bc9acd41f3391,21740,11857681,131395,21611,11867744,131395
dff14e1e6ae2dcea,98011,88130041,138835,97842,88140412,138835
e00a1846e5a317fb,39607,29691939,137387,39467,29706133,137387
e015f066669fdd30,54026,44148804,137893,53860,44162359,137893
e01c33619c8c7311,34329,24448775,138870,34162,24458495,138870
e01e2f8664c3364f,114559,104693276,139268,114384,104704250,139268
e027b88df64defce,91656,81781010,138397,91491,81790371,138397
e04199895f2eca10,63620,53768728,137164,63452,53781117,137164
e0460c36f8d8c280,42253,32372264,137184,42082,32381657,137184
e0512a7b4439fc7d,23830,13892865,114850,23720,13901614,114850
e0610e8f2caf6b7c,101239,91369836,138915,101067,91379856,138915
e09d2f6f53f7c06a,72477,62609110,136350,72308,62625124,136350
e0b513cfe7eef12e,18090,8208373,137480,17921,8218706,137480
e0e0792a3f557a11,99378,89508924,133767,99202,89518606,133767
e0ed28fbb279c09e,43219,33333421,129561,43082,33343412,129561
e0f29e1d1172d5a9,46304,36446445,100060,46172,36463134,100060
e11bec7c9d9eab62,16453,6546796,128256,16322,6556365,128256
e121ff2557d36e1a,45733,35869449,142190,45553,35879776,142190
e1625a04d554264a,68462,58587563,129272,68284,58597006,129272
e1635ae2667eed85,82914,73032389,137377,82747,73042227,137377
e19850e457a2d550,118574,108710496,141174,118392,108720646,141174
e19a2dc8af5c2677,81678,71792200,138272,81488,71801520,138272
e19e6e6f1bc1784f,25998,16108494,137663,25846,16118349,137663
e1af54d8e888e76b,53175,43289249,129278,53009,43300353,129278
e1c4bfa7cfcad1bf,62384,52488722,135819,62271,52501271,135819
e1e73369ca85cc18,31830,21932051,138605,31653,21946254,138605
e231b1e529d488db,34836,24968762,138768,34653,24978649,138768
e23335ee0dcf4c16,13430,3548773,140249,13262,3558302,140249
e25b2efaf97bb262,32373,22500389,140489,32206,22510425,140489
e25c0efe9aa95336,42756,32894772,136308,42588,32904784,136308
e264f57697b54001,95306,85428060,130027,95139,85437135,130027
e26d8d483cba8fb0,72509,62632126,135924,72338,62644087,135924
e26f59e203ea4b75,73407,63509378,128480,73271,63520484,128480
e29048416c6afeef,103414,93549534,137827,103233,93559266,137827
e2a60aa0348929cb,69844,59929089,137564,69615,59944306,137564
e2b360e61c4e1e8a,51793,41929060,138773,51619,41940144,138773
e2d8f3ee5af691a0,29562,19686908,128006,29420,19697040,128006
e2f40ccc6cddea20,117688,107799935,128441,117518,107809172,128441
e3123214a986d3cf,26730,16848155,131056,26561,16858040,131056
e3148f3b847f5fea,71804,61912750,137005,71631,61922857,137005
e337ec2126c9be9a,51320,41429346,129905,51149,41439930,129905
e348d97a0fcb3ce1,86110,76229188,137241,85939,76239211,137241
e3516129c1752e43,33440,23554511,129536,33310,23564015,129536
e35ad84be47e4a14,29060,19208899,138451,28891,19219171,138451
e36a6b4e76c122f8,98575,88688550,132811,98417,88698351,132811
e3729c657567dc39,11130,1267532,133301,10950,1277754,133301
e3993ec5c3070992,88815,78932664,138756,88645,78943317,138756
e3a224cb1c16dcc1,10898,1007384,132783,10736,1016972,132783
e3bf33322fb1ff48,26146,16267534,132458,25968,16277750,132458
e3ecb8c944e84d16,117774,107889828,137604,117587,107899649,137604
e40aa013ea0407ba,53304,43429289,140548,53138,43440905,140548
e40c67329cc4b9a4,83810,73949261,137408,83632,73959211,137408
e414d518fe5b18bb,53000,43132364,137956,52827,43144252,137956
e42947ea62f8cfbc,113245,103308603,113102,113164,103316560,113102
e451e0334c22e71c,74893,65012202,136829,74729,65024608,136829
e4574229cbce2623,75438,65530969,138444,75311,65541909,138444
e464ce72c0c0855b,92473,82560316,130653,92375,82569717,130653
e4723d9e95b72f31,107107,97229910,139909,106936,97240210,139909
e47259037a6083ab,101079,91193196,138549,100912,91202505,138549
e47c001d9610a1a3,41077,31192146,138641,40909,31202025,138641
e4a3619ceafc6b13,109752,99868553,131406,109584,99877938,131406
e4b3a24ece4caacf,19644,9771467,137541,19462,9780800,137541
e4dd2af23fc8a6c3,33602,23689230,130287,33468,23698523,130287
e4e29fd1edf676ef,111894,101998600,129279,111766,102007482,129279
e4e4681a3e09520c,42973,33088788,137278,42803,33098932,137278
e4fa3fe4fa8e4e3a,79198,69302069,129842,79079,69311937,129842
e4fb5b84ca68e4a5,22755,12872520,140327,22585,12882750,140327
e50567f32212a199,68893,59012812,138063,68724,59025064,138063
e5132db318078822,36608,26729227,138517,36434,26743567,138517
e53f6aacd6f4b11d,76389,66521038,137849,76218,66533180,137849
e55d7d7e9dad3056,35015,25132303,139066,34848,25142524,139066
e56e04cd58810216,111113,101250068,139287,110938,101260641,139287
e56f3a5966448d99,82574,72709105,136823,82395,72719551,136823
e5745f6913bc13b8,63373,53508957,137749,63211,53531110,137749
e587f890802c1a09,114529,104669768,137784,114352,104680614,137784
e592b7dcf79c0006,76946,67069041,137015,76784,67081142,137015
e5942a19113aa8cd,108354,98468543,132272,108191,98477965,132272
e59e1c06460bc449,20650,10751583,138084,20493,10761613,138084
e5aca9216a8b10e4,62961,53072044,137931,62766,53084157,137931
e5e0382485a4bb7a,14711,4827798,133553,14561,4838159,133553
e5e87eb358286814,44858,34949047,137280,44675,34958556,137280
e5f38d3ff2013871,36763,26893144,140693,36585,26903699,140693
e630f00984789bba,116957,107073662,139562,116791,107083613,139562
e63103f9659a6ed3,36980,27128652,138103,36811,27139573,138103
e6385121da8d3f1c,108415,98531181,132827,108245,98540927,132827
e6702492216147b8,59997,50108997,137207,59836,50119993,137207
e676fdea93df027b,10362,536237,357856,10236,567370,357896
e6781dbf4c5c3f10,88192,78313100,139049,88015,78323427,139049
e695221d07c6fd69,64829,54969119,138529,64656,54981119,138529
e6a94994989c7ab4,27610,17709806,115165,27488,17718006,115165
e6c9cd2bf1b39c09,14311,4454031,104603,14181,4477832,104603
e6d3efe0a947ac09,48709,38792443,136565,48589,38803950,136565
e6d4349fd9e50924,96777,86890992,132455,96589,86900966,132455
e6d7baef874ca5a5,38661,28788910,139103,38480,28799538,139103
e6f241d9aa192d0a,26826,16946966,128724,26655,16956200,128724
e72136991eb830d5,91370,81489646,138315,91214,81499123,138315
e7363fef94356f81,75086,65208961,136639,74918,65219928,136639
e742a2608a558056,79390,69488019,129443,79261,69497816,129443
e752d9a783cb1d18,112055,102153600,137260,111921,102163484,137260
e76387d019eb7a12,46419,36512617,130393,46285,36522281,130393
e764c91dad049171,115195,105362114,364273,115065,105392580,364313
e775c4509512b2f6,42414,32532005,139046,42237,32542582,139046
e79be5a176dbf8ef,75406,65507597,129051,75281,65519711,129051
e79f967660464862,91960,82092776,139349,91785,82102855,139349
e7eef0ab87754f8f,51639,41769095,139272,51464,41782084,139272
e80144eb5a6fbef7,49210,39347442,129948,49032,39359128,129948
e80452efcbcd6b61,105709,95829809,139498,105542,95839192,139498
e80e20fa81c28e00,95466,85588186,130602,95296,85597200,130602
e8601115e7817eb8,110369,100489717,138304,110198,100500196,138304
e871d9d8ca25ba57,116497,106628767,131654,116324,106638624,131654
e878de17eea27512,23951,14006989,129253,23819,14017655,129253
e87f282376a3f84a,111206,101332733,138531,111026,101342463,138531
e884c2c2dd4fc44b,21675,11802248,130131,21548,11811340,130131
e8abe3e2f8638da9,116838,106973576,139743,116668,106984144,139743
e8b129cf45adf828,46502,36646800,76041,46367,36663756,76041
e8b2653266e40624,85156,75247900,128752,85028,75256931,128752
e8dd4f45d79fdb26,50337,40517873,361843,,,
e8ee6ae34cc05df3,113276,103327931,114498,113188,103336318,114498
e8f14a5c6f017386,85406,75520617,137441,85254,75529941,137441
e910046b8a4cc0c3,112023,102130418,140999,111891,102140686,140999
e9135eb4f08763c5,112362,102473316,139778,112189,102483636,139778
e924687009b3da42,93695,83829342,137435,93515,83843896,137435
e92a9ed76e5da819,88751,78869740,139719,88582,78879946,139719
e93fe1c118bb75bd,71624,61728026,129969,71478,61737983,129969
e9450aa4c2c04cf4,45980,36128738,137042,45810,36138457,137042
e95110f12940b3ff,30404,20532296,138911,30224,20542519,138911
e954ca498bac0768,50603,40687469,129812,50519,40729203,129812
e976ecb1706d1376,34056,24188840,139246,33871,24199140,139246
e98bd9dbb3ee9ec8,13743,3872118,139103,13560,3882089,139103
e99ad42314c67bbb,32070,22192235,138235,31882,22201774,138235
e9a4e512f444b817,100861,91009762,138309,100693,91021017,138309
e9c52c050eb5db9f,22053,12152221,139978,21894,12162460,139978
e9dda7042cedb1a2,47441,37555147,156340,47274,37569856,156340
e9de76f1a9a76303,88437,78572840,139028,88265,78582795,139028
e9e699ed4d5f131e,38220,28368874,138237,38052,28379079,138237
e9eeeae265f74666,15200,5348690,138186,15033,5359219,138186
e9f01b754977ee56,88161,78289637,139908,87985,78300183,139908
e9fd2b97f2ca2852,32692,22812147,139046,32516,22822246,139046
ea00d5cec22bc4da,82036,72164037,155706,81867,72176145,155706
ea2380f707c2357b,115971,106093478,141063,115786,106103519,141063
ea2c5ca3f1e200b3,15609,5731571,137507,15431,5741120,137507
ea481a3ea74cf532,98606,88710919,132601,98442,88720648,132601
ea54bc9aeb33285f,104269,94368747,131874,104135,94378686,131874
ea7ec68f8bf02e74,24396,14531818,137836,24221,14541465,137836
ea89903e7b4422d4,85613,75749423,137019,85431,75758889,137019
ea9115cd851d76c1,119721,109849926,138604,119537,109859465,138604
eaaa99def7a66334,57254,47375282,137302,57091,47387638,137302
eab3358255c050bf,97636,87772513,142710,97461,87782069,142710
eab82c34e6041f4d,57880,48028734,136739,57713,48043148,136739
eafa2b4d9036424e,59337,49452142,137865,59174,49463197,137865
eafd281edd84d016,77585,67689103,137439,77448,67703667,137439
eb09671b58abb229,101425,91550926,131453,101243,91560430,131453
eb0bd4552bbe4367,96026,86149660,139363,95858,86164756,139363
eb1a48dae0449dc0,31154,21288617,138399,30975,21298596,138399
eb1adc836ddb5df5,96834,86950852,132249,96633,86960967,132249
eb26afe783fd83d7,35469,25562162,130016,35341,25571788,130016
eb4a5eafccd79e72,97816,87933400,138929,97649,87944428,138929
eb4b30af9eb5da70,105774,95893184,138230,105606,95903294,138230
eb545e9da95cc35b,107170,97290763,132771,106996,97300454,132771
eb66e8c633c8c77d,28812,18931817,137908,28636,18942112,137908
ebb03b2990bef6a3,79514,69609047,136841,79370,69618272,136841
ebf8c1ac21b6d75f,116714,106848660,131312,116530,106858375,131312
ec18529bae494e01,104628,94748421,131180,104437,94758446,131180
ec1ca00062a5f150,27529,17670913,99568,27407,17692816,99568
ec3ad7f696a30a87,78776,68892472,137676,78608,68902437,137676
ec4f9303a807f44f,29277,19391954,138021,29109,19402188,138021
ec62051f7e5947ab,102249,92330973,132380,102123,92340781,132380
ec70256f5c1a45d0,83841,73989431,137392,83671,73999005,137392
ecbfc4e0ee560c27,85252,75349140,136969,85118,75358951,136969
ece9852a4147bf47,26921,17048744,139093,26745,17059382,139093
ecfe6f0b45204f1b,19705,9848434,137125,19530,9858630,137125
ed244e5b7bfe2fca,67762,57869303,137174,67551,57879369,137174
ed328090372e2fb9,41673,31788759,138096,41511,31798853,138096
ed50e78d07d50d52,31184,21312046,138779,31005,21322531,138779
ed598790eede230c,73659,63780301,136913,73504,63792524,136913
ed79034061e3e24a,69788,59869225,137914,69571,59883908,137914
ed7ea8ed06679462,65486,55629168,137894,65314,55644343,137894
edea23d41a563a26,60949,51088760,136200,60777,51100666,136200
edeac7f40416c8e6,67928,58069278,138768,67752,58079989,138768
edf15bd889013efd,54250,44418981,362057,,,
edf428f95a56e377,97697,87832123,140428,97522,87841997,140428
edfca7b4399c76fd,97728,87868322,131140,97553,87877466,131140
ee13ffb46e685002,92083,82229639,138542,91915,82239904,138542
ee83ae8b2bda4136,115488,105561875,129685,115318,105571670,129685
ee89ce9184428420,86013,76132481,138107,85844,76146643,138107
ee9ad0d3da65c650,31674,21769246,130273,31509,21778356,130273
eea9e00024519e27,111082,101209649,137731,110907,101220592,137731
eec96fad89fb0f16,87721,77869773,139053,87552,77879833,139053
eecbf677fa42456e,68585,58729693,140200,68415,58744971,140200
eecdce5e225f8037,106101,96188139,130010,105979,96197423,130010
eece93d371fe52cf,108869,98993302,159574,108702,99004810,159574
eed0f57a38509608,20943,11088899,139390,20772,11099877,139390
eee108c80960acd5,61606,51748822,137648,61432,51761497,137648
eee41c1b69f86c09,44311,34466342,119956,44207,34475371,119956
eee6e7f7170c71eb,20529,10628263,137434,20390,10639088,137434
eef39b512ef3a5b5,41971,32112379,137567,41802,32121881,137567
eef3ed5aa3764f2b,43102,33228661,137102,42929,33238316,137102
ef19d5956be4b7c0,54812,44928986,138531,54659,44942356,138531
ef2542e2ac023e3a,82848,72969344,137559,82681,72979638,137559
ef67b68566fc4028,94646,84748287,129787,94499,84757434,129787
efadf14487f645b7,94398,84488163,130561,94282,84497504,130561
efb0e676d424ccef,19168,9288355,137556,19000,9298873,137556
efb1ba8cd9080017,45483,35609226,139028,45314,35619988,139028
efc1c92f5e87c0ff,61452,51572316,138044,61279,51584233,138044
efce0520cfcd07d1,9924,52307,140904,9744,63343,140904
efda86e69c243229,70803,60932539,139348,70621,60943064,139348
efe49633e86ab785,26633,16752064,137665,26465,16761964,137665
f0078484ff472f26,38341,28469265,139877,38172,28479583,139877
f009f9d9183a1a81,47791,37912329,139420,47615,37925208,139420
f00f93b267ac00d5,59777,49911986,136710,59607,49923123,136710
f01e136d125ae6bf,27255,17369219,129700,27086,17378605,129700
f026f748aa69b487,63740,53869285,138559,63552,53882136,138559
f074089698bca78c,103033,93153905,139258,102864,93164328,139258
f0938cd22e38333b,35691,25788647,137974,35548,25798019,137974
f0c144b38f9c4c30,104901,95049498,138080,104731,95059443,138080
f0cab45db16b54ba,107387,97530363,142351,107212,97540329,142351
f110197f1bfce13b,32188,22328726,138205,32013,22338565,138205
f11f39b079b2cc47,58293,48395107,131299,58183,48479712,131299
f126cd29672ce846,61326,51448926,137055,61158,51460997,137055
f13482c8d2a616e9,28278,18411734,138314,28101,18421475,138314
f13bf1e332cceda5,31799,21908621,137545,31624,21924225,137545
f13dd27014272072,44598,34652456,130057,44478,34662612,130057
f148a258ee4be18d,93351,83469431,138056,93183,83479592,138056
f15e692bb60691b6,29994,20112049,138218,29832,20121985,138218
f169f8b99ca1cdaf,59052,49192250,138113,58886,49204709,138113
f17d9544fb23f0ec,110730,100849762,138158,110563,100859788,138158
f1943145a31f3975,116901,107050178,139842,116733,107061221,139842
f1a6e3bc5ed953c9,84838,74952027,135705,84669,74962186,135705
f1b26b336ae21d9b,67294,57385221,112411,67161,57393931,112411
f1c1765e219708ee,37310,27452782,103502,37187,27473344,103502
f1cb0e4ad2b90523,90408,80504840,114177,90339,80518063,114177
f1d2ffd752eb1169,81706,71829292,137985,81511,71838695,137985
f1ddb7574900e71c,61701,51848851,135993,61533,51862846,135993
f1efccdb52ff05b4,119291,109389438,130178,119153,109399174,130178
f1f04d4d47944421,18897,9028285,137190,18712,9038216,137190
f1f77d88b3b23abf,89647,79789332,138697,89471,79798836,138697
f1f86250e3cd8abd,39126,29248913,139073,38958,29259627,139073
f219a5fc7e917963,93881,84029445,138151,93714,84039781,138151
f22be42bd4255608,53369,43492481,138434,53202,43503937,138434
f22fc47ee99986b8,24679,14795389,139955,24511,14805323,139955
f23d09d6fd1f500e,78938,69052306,137323,78769,69062380,137323
f243f03d3ba38921,60567,50668772,135923,60424,50684002,135923
f256bed49d765f49,103351,93472694,137205,103174,93482461,137205
f26818b7e5fc8ee6,83580,73689308,138678,83407,73699283,138678
f2730df90aeb26c7,28133,18252205,138992,27946,18262375,138992
f27bea38a759b5af,109222,99350363,141876,109048,99361656,141876
f28287ece26ec60c,91780,81907999,130103,91604,81917053,130103
f2830f40bf0fdc8f,90954,81052379,137359,90736,81062293,137359
f2adb80a49e89aa9,18809,8928559,138541,18631,8938614,138541
f2bffbcbb87448bc,18122,8248454,138569,17953,8258705,138569
f2c11724e4c6eae0,78809,68928924,136999,78641,68938986,136999
f2c7c6ddc698338d,51081,41209049,138794,50891,41220819,138794
f2ca0e1474088f7f,24425,14568647,138760,24250,14578412,138760
f2cda0091765f1d3,47375,37492525,138380,47208,37502745,138380
f303c15e207bf412,107892,98034955,104816,107753,98052464,104816
f3215f35fbc63a8b,117171,107313872,103306,117049,107331885,103306
f33b4400f25598a2,95561,85689615,139086,95386,85699262,139086
f3879705d525acbe,99939,90053267,138730,99771,90062856,138730
f3986f2a07a37a7f,59964,50072268,138364,59804,50083942,138364
f3b98875b3dc3c08,65237,55369516,138910,65068,55382092,138910
f3c2c6cb134084c5,20435,10528650,139654,20304,10538701,139654
f3c45668ce276597,52100,42229134,137646,51931,42242159,137646
f3d8589b3ce90c66,78596,68729362,136669,78412,68739375,136669
f3e461c5fcbb3b92,78090,68209113,137166,77923,68218930,137166
f40ce8cc57cf55bc,31610,21707311,129510,31448,21716346,129510
f4149bd82f2a23ee,89619,79749846,139107,89432,79759226,139107
f41809c197724b82,116560,106688719,131307,116384,106698644,131307
f439428d5e9b8eea,74432,64552235,137514,74257,64563882,137514
f457482a62cfc32b,28429,18548851,139229,28262,18563502,139229
f45f795c51166ddb,115639,105709721,137974,115430,105719286,137974
f473e67cde69c6fa,78627,68769326,138916,78451,68779409,138916
f47b4ff669bd1a72,35813,25913501,138867,35653,25922458,138867
f4822d66de7cd970,104715,94849585,138085,104533,94860089,138085
f492e5370be0035a,47944,38069317,129624,47767,38080634,129624
f494390c11a6ca17,21931,12028523,138211,21789,12038360,138211
f4b3e6d7125dc4bf,55458,45572536,137837,55291,45583728,137837
f4bfb7342a3e748b,81533,71632802,137533,81377,71642160,137533
f4c53e270cd44fb2,96356,86430982,131550,96235,86440416,131550
f4ce45ccc4fea9da,16421,6508934,128923,16291,6517807,128923
f4d46f0480983658,100127,90239375,117457,99997,90248290,117457
f4d703dbd1c5d2ea,103001,93130354,141500,102832,93140234,141500
f5330787c87ed082,94301,84400690,116262,94188,84409646,116262
f53788964e38831f,20768,10888258,137220,20589,10898479,137220
f53fcf1bf22c1a92,17531,7650423,138480,17354,7660824,138480
f5578ceb0e9296a7,45703,35827432,129983,45525,35836487,129983
f55c70b735d8d022,108623,98768864,131991,108451,98779608,131991
f56d319206a097d1,12351,2493934,103397,12213,2513466,103397
f576bccd4204acd4,80306,70429243,137926,80135,70439087,137926
f58755aa44b54596,86363,76489250,136761,86179,76499474,136761
f58c0c60e77e4b25,77848,67989435,138581,77673,68001191,138581
f5a69290832136d3,65701,55812279,138104,65533,55823371,138104
f5bb73cfc2613b1d,102613,92728635,132350,102432,92739048,132350
f5c674f7c5b29d1a,72936,63052348,137848,72773,63063377,137848
f5d126b4f956af02,30373,20508856,138761,30191,20519421,138761
f5f074c636b6cc2c,72446,62569066,137718,72278,62581719,137718
f613a1cf1abe8760,42603,32728907,137589,42415,32739468,137589
f6558871a71a17a4,39157,29272402,138813,38989,29282945,138813
f65ec857a301a48c,88345,78489584,138380,88172,78499813,138380
f687f76de49ec0ad,117415,107508403,129198,117286,107517970,129198
f6b120337c45c285,98902,89050233,142279,98733,89060982,142279
f6d90d668565d504,62109,52250582,97370,,,
f6e6acf519fb0790,64650,54772158,137801,64482,54784307,137801
f713afe511bac89a,117022,107149982,139990,116856,107160715,139990
f71c7ae3667de804,102881,93028580,132919,102710,93038386,132919
f722d620d59e9e16,42786,32928956,138638,42618,32939747,138638
f73367fc81f9877a,51762,41892202,137877,51588,41904451,137877
f753e8608dd196db,45106,35248871,138707,44932,35259752,138707
f762577ec4f0a442,98484,88588717,133644,98337,88598920,133644
f77019eb1ea5c6e0,60536,50629703,138513,60398,50642216,138513
f7765b935a45e793,13462,3588927,139276,13294,3598663,139276
f796690cc1148bd4,33879,23992429,139715,33715,24002709,139715
f796e0a66459ae26,92628,82688081,130256,92508,82697590,130256
f7b0257252200ea5,76068,66189100,137982,75905,66201893,137982
f7cb58310b1c1269,102787,92928623,132266,102610,92937788,132266
f7cb646ebb63c5ad,92716,82787948,129735,92572,82797542,129735
f7cce1af2e4a7bbc,54929,45052313,138419,54743,45063601,138419
f7de87093e94ca6b,91116,81249521,138492,90931,81259365,138492
f7ee0ff9f2eb29dc,83215,73289175,128077,83101,73298896,128077
f7f2b84db8b59561,62810,52949262,139450,62634,52961519,139450
f806236d2681f7dc,59841,49992098,154323,59676,50006603,154323
f811f8b2479d6440,70896,61032574,137419,70724,61041941,137419
f817bbbaf02694e3,42031,32172104,138580,41862,32182092,138580
f835978b7e3ca203,82389,72512800,137991,82210,72523684,137991
f83f5aca3667e4fc,62690,52811945,137131,62524,52824081,137131
f85ea1d289f1a784,56431,46527361,128852,56323,46541632,128852
f865dcbc6d2e2057,33938,24052287,138664,33763,24062364,138664
f88860369215fe06,117981,108129752,137360,117812,108139534,137360
f88fc90ab52de4da,64152,54256103,128880,64039,54267050,128880
f89b670e33157e9f,99410,89532830,141655,99232,89542557,141655
f8a0d950c0fc551d,32876,23015090,156768,32703,23026687,156768
f8a264a63957276b,63708,53828807,136847,63516,53839580,136847
f8ab0810bc950c45,99315,89432900,139276,99142,89443320,139276
f8adb2c910ee3e8a,30122,20248491,137782,29946,20262177,137782
f8bcad10e9ba588a,20142,10314300,345854,20014,10345410,345894
f8d06a0ba1718c4c,87842,77952559,138161,87675,77962624,138161
f8dddd2d419c4f1e,41704,31812075,137981,41537,31821537,137981
f8edfbc2fe7caa95,30615,20732061,138249,30448,20742755,138249
f8f6eb2db35cf5a7,113149,103251001,115195,113081,103260544,115195
f8fc168c18889d82,68082,58195319,155628,67914,58206985,155628
f9088d9a9e3a97bf,17278,7397227,151850,17110,7407924,151850
f9091e2b31aef5b9,22818,12932249,139541,22646,12942499,139541
f90bd5056e582d48,56558,46649185,129647,56440,46660390,129647
f928daa9dc4955df,98635,88748387,131711,98467,88758179,131711
f933b63650c578b2,26666,16788538,138543,26498,16798355,138543
f934f782580fc246,53401,43528997,138082,53234,43541653,138082
f93c0f00f4366c33,108293,98408480,131886,108137,98418467,131886
f93da8f8f529340e,35722,25812016,138201,35576,25821474,138201
f9417e642332cd33,25684,15774920,129840,25558,15783784,129840
f941ddc0390a4441,81649,71768863,136118,81467,71778280,136118
f95a09945adb8930,48431,38576915,119982,,,
f965421a2de73687,86206,76329035,136352,86031,76338676,136352
f98ae43536cf2e37,31480,21591514,114136,31320,21600906,114136
f993c113d533a597,86794,76911837,135594,86626,76922147,135594
f9b896552c0ebde8,114057,104175655,137796,113893,104185665,137796
f9dd66d433c306b2,64439,54548743,136914,64307,54562400,136914
fa219e2741634b20,94705,84808042,130169,94545,84817203,130169
fa299859f001333c,21004,11148394,137959,20834,11158821,137959
fa3b6e01d6ab8111,35210,25328613,138219,35041,25338683,138219
fa8af67a7328cb4e,25523,15695186,346206,25393,15724705,346246
fa92c95264c932ea,107941,98057319,131925,107802,98067534,131925
fab3ebd18f5645e6,40233,30348791,137746,40066,30359073,137746
faba6022062e9827,62508,52628851,137059,62380,52644250,137059
fac4586f35ba3011,93786,83929585,138933,93619,83940985,138933
faeb58b764241517,47289,37431514,153631,47114,37442555,153631
fb37efc694f652ff,69299,59482834,339173,,,
fb532ebe286398d3,38535,28652709,140786,38361,28663642,140786
fb533209e86a1f47,23981,14047177,129446,23842,14056667,129446
fb5ac0a1a7c4f1cf,118513,108648245,129492,118332,108658233,129492
fba15336b35e51dc,90118,80249633,138031,89946,80259409,138031
fbc2d357ed2647f3,19201,9331671,154902,19033,9344045,154902
fbf2381bfa920e68,105404,95533669,140314,105226,95543198,140314
fc483df9cf4db906,18661,8768095,136767,18510,8778572,136767
fc6a267b376fdd54,41262,31377107,128914,41126,31386926,128914
fc73d3cad654f55a,105310,95432793,138092,105137,95442886,138092
fc7ceec3c5606e2e,74462,64589017,136565,74285,64600752,136565
fc87bd5b47dd9c76,105341,95469542,137716,105166,95479728,137716
fc97e907aa848c01,87116,77209711,140166,86991,77219662,140166
fc999f49442a4871,45641,35767613,131001,45466,35776623,131001
fca020cbac959ea0,91749,81868031,129917,91576,81877012,129917
fcc60f7e72995c87,60348,50429209,129270,60227,50440208,129270
fcd912d9001a2c90,18507,8608186,136979,18374,8618430,136979
fd16ffaad7bdcb15,74707,64849072,137218,74538,64860386,137218
fd27fb53e113e2c7,86174,76292441,137604,86000,76303436,137604
fd29c99670f83c0f,98326,88428670,133354,98192,88439289,133354
fd4dd22d7f6f8696,93318,83432502,138293,93151,83443043,138293
fd5d00e7a27537fb,37069,27189003,139480,36902,27198969,139480
fd7663bc8ee072fc,55583,45709136,138436,55412,45719996,138436
fd776a40a2bef223,90505,80563399,115250,90429,80572242,115250
fd88e0ed1dffa882,91626,81749551,138249,91462,81759089,138249
fd8e66210e3945e8,69817,59892480,137844,69592,59904246,137844
fda7378c53fccd4b,32275,22392149,138543,32109,22401873,138543
fdc4e13d5fec77ce,26058,16167216,129628,25896,16176886,129628
fdc625a2892bc1a5,62600,52729113,137619,62454,52744914,137619
fdc7e1b87cca6f78,56888,47012376,138602,56708,47023901,138602
fde51e0b8c8a915c,96420,86508669,132648,96294,86517981,132648
fdf127e8acf42bb4,40915,31032150,138213,40748,31044449,138213
fdf2fe6e0ae62cf4,53059,43192162,137369,52886,43203638,137369
fe195d5f02b6a619,64250,54347740,128928,64134,54359605,128928
fe3ad99b77c73ac2,114621,104770099,138891,114453,104780881,138891
fe671f42b80099f6,71685,61787540,129148,71532,61797800,129148
fe867c769298a68a,21286,11408720,138224,21119,11418651,138224
fe8aee25f1c4cdc7,58001,48127585,130434,57838,48141316,130434
fe8bf6c580cfdee3,57478,47609123,138500,57310,47624479,138500
fead4680ab07ef8d,93286,83409161,136753,93120,83419317,136753
fec3a02ee1bbeb29,54600,44689226,129016,54493,44700510,129016
ff03716f5d5d1c4f,41392,31498311,129101,41254,31507118,129101
ff4a960ca9b9ae50,40080,30229164,139865,39911,30239814,139865
ff5318b028442ecb,109623,99749946,139688,109457,99759787,139688
ff5911f05360e422,66111,56215840,129361,65978,56225078,129361
ff7207996650e5ab,106979,97093171,138911,106811,97104128,138911
ff750b1c40475ac2,103882,94009896,138938,103711,94019782,138938
ff976ed55204b33d,20739,10851734,137288,20565,10861673,137288
ff97b15a5be1c945,76451,66572268,137875,76277,66583881,137875
ff983a7119bae0bb,20827,10948536,138594,20636,10958643,138594
ffbc8c55296d31c6,119781,109913295,137817,119604,109923855,137817
ffe3917516f79f90,10493,596791,134911,10371,607221,134911
fff640d3eaff9772,77877,68012627,137616,77704,68022345,137616
