content_hash,rtsp-0_pts_ms,rtsp-0_arrival_us,rtsp-0_bytes,webrtc-0_pts_ms,webrtc-0_arrival_us,webrtc-0_bytes
00165ed372aca5e8,33907,24176931,138372,32800,24186711,138372
001e1fc554fe7b40,20927,11196689,138770,19821,11207173,138770
00228bd581fa6ac0,55090,45337012,138122,53989,45346986,138122
0022bf9d8efdfc46,49840,40080403,138067,48736,40090355,138067
0059ce47dc22f29a,33145,23378131,113325,32085,23386213,113325
006458940ddb7599,46155,36418955,101129,45080,36435276,101129
007e62adcaed19fd,38567,28837144,139062,37465,28853721,139062
008a440b05389e81,75861,66104107,136844,74755,66113353,136844
008af31e4037b3e8,18193,8456349,136766,17080,8465986,136766
00b0a82b3ee22d33,84803,75009127,116222,83783,75017600,116222
00b11179cc419702,10079,295616,129297,9002,305191,129297
00b6710ace2eac44,87893,78183421,342522,86820,78209857,342562
00bdac9933bdc1d0,57484,47743072,136576,56379,47753069,136576
00c6e7c8135322d8,102665,92904245,147720,101562,92914642,147720
00df6cae60a11d42,38473,28736934,138208,37367,28751522,138208
00fa549e73d6e89d,74375,64637206,137510,73265,64647138,137510
0145973de5b2e81e,10969,1216385,137956,9863,1226688,137956
014f5ab63510e67b,77217,67437797,140193,76130,67448833,140193
015c65b052b4f482,30744,20999259,141624,29635,21010054,141624
015fc6937ea956d6,92329,82577863,138367,91231,82587567,138367
0161b49f1ff4f27f,33338,23555351,129095,32271,23565330,129095
01735b275f62b1d1,44719,34960633,139137,43612,34970974,139137
018900bc8bb90573,118641,108880426,142307,117535,108892355,142307
018df8f09db671c2,62246,52437296,137915,61127,52447314,137915
01b480b20fdee917,83168,73401160,140424,82063,73411032,140424
01c0bb99d429d88b,31860,22116896,138737,30742,22126817,138737
01d2746515d4bf8f,53756,43997096,138013,52650,44007219,138013
01da12c77d20fb36,103296,93557307,135926,102184,93567518,135926
01fce040a33ebdc7,21695,11915295,129726,20616,11924658,129726
0205b00a401a0d15,99989,90197380,136243,98921,90207623,136243
021e5123341d7917,16652,6816853,129069,15550,6826020,129069
022aceb90bbef915,31253,21468133,129398,30189,21477876,129398
0238bcd4724ff52f,115655,105917858,137481,114547,105929709,137481
02471dc6dc6f727c,93990,84236236,129786,92910,84246585,129786
024a17296550a7a9,92490,82737066,135102,91376,82746564,135102
024acc490b9f9e5f,56180,46399166,139644,55101,46408862,139644
025da3b5bb1d58b1,90138,80355920,128822,89069,80365436,128822
027d4a93523dddd7,91582,81817610,138052,90476,81826978,138052
028331f2d38884ba,14949,5196288,136682,13839,5206696,136682
029a43ea97dcd3de,112574,102817775,137287,111466,102827715,137287
02a68ce4233e5a8c,13965,4177124,129298,12894,4186121,129298
02abb640dbd37e9d,50506,40737089,138685,49413,40746958,138685
02bcc216ea6b83c3,44960,35219300,140978,43851,35229922,140978
02be2d31c6eab6dd,56212,46437146,138360,55131,46446855,138360
02c4dff9eb7574ba,20832,11096636,138461,19724,11106582,138461
02cb7694841ac221,107108,97377755,137618,106002,97388697,137618
02d1db607073d3e5,92554,82797576,138059,91432,82807237,138059
02dbd01c13d0ec8b,28693,18956659,138084,27580,18966737,138084
031ad47efd8cca04,25530,15755375,130177,24450,15764413,130177
0320ecaf6afbcff6,65478,55696718,132437,64387,55706580,132437
034ff4e6c39785e5,112165,102420204,141481,111052,102429795,141481
035e5827df67d5d5,38133,28376909,138444,37025,28390058,138444
03b99043927cfe32,21633,11837065,128368,20561,11845900,128368
03cad97cd47782b7,58477,48720751,139048,57358,48732781,139048
03caeb27b44cb3cb,47572,37837338,139898,46461,37847447,139898
03e8aad05912b5ad,29900,20157085,138921,28782,20166696,138921
04010e8fe2b17e4d,13241,3496671,138352,12120,3506223,138352
04235fc9d0542bf6,76302,66557538,138668,75182,66568050,138668
04265f16984eac35,112316,102557480,136117,111212,102567295,136117
04416f81b258e3e1,36996,27258974,99343,35927,27287888,99343
0448732e1fb62056,15572,5816388,137619,14467,5826525,137619
045c4741ab185090,93492,83740796,137488,92371,83751338,137488
046e158e558cb8aa,100933,91177489,135186,99816,91187248,135186
0475e640f89cda78,29324,19535345,129679,28254,19545231,129679
047a9c21bbb3bf18,36081,26320100,138330,34980,26331039,138330
048263cfa7249305,13516,3756520,137899,12411,3766549,137899
048f45068d16e6a7,17811,8035218,128130,16724,8045197,128130
048fecb612225890,93306,83541002,138379,92195,83551274,138379
04a02b5630af8118,64257,54496376,133446,63157,54506065,133446
04b3c46fbd262274,48727,38977041,138358,47604,38987371,138358
04bf79bd1185673e,114010,104257732,137505,112906,104272852,137505
04c43acc70ce7ddd,94333,84597368,137181,93227,84607167,137181
04ccead60df9fbbd,82920,73138869,132243,81839,73148824,132243
04d15f0c74a1212e,30027,20297001,138204,28920,20306484,138204
04d6f7053f76df3e,17623,7853813,129853,16550,7863752,129853
04e6ace6ffe8470f,41491,31735348,129100,40381,31744815,129100
0512591ac16db40e,107423,97660913,136840,106316,97671117,136840
051c06e61872dc92,80948,71156663,133623,79884,71165883,133623
051dace6365f4d74,76021,66260863,138860,74913,66270719,138860
052397812922e98d,14567,4836554,138157,13460,4846618,138157
0537de8f3c83cbcc,9951,175719,132377,8879,185933,132377
053e7fb389b3dd2d,59941,50195872,130039,58859,50205577,130039
05559def0b68ba0b,65891,56157787,140761,64782,56168593,140761
057038279dbd343e,42113,32356878,138231,41008,32367013,138231
05800de7d99d87d5,89945,80180912,128448,88883,80190009,128448
0583f0519a4652d5,85773,76017506,137971,84665,76027316,137971
05affce8e5445337,61253,51496976,137719,60140,51507794,137719
05baa862b2bd161c,54716,44981605,139380,53607,44995271,139380
05bffbf58701a120,116405,106661540,139203,115301,106674302,139203
05ddeb22d474973c,106546,96785384,149805,105441,96796220,149805
05e2c503d0b22e46,115011,105236415,129919,113946,105250053,129919
05e38e8e410104ae,16960,7216486,138109,15841,7227144,138109
05e443fed5290721,23996,14256816,138873,22882,14266712,138873
05e48c9232fe7818,109575,99778277,129841,108467,99787948,129841
05fb37f8bd307258,63150,53423414,106425,62121,53434209,106425
066b7b5ddbd2d618,26362,16600073,137489,25254,16609819,137489
06794afd183a6806,95679,85920841,138073,94566,85930610,138073
0679d865c37222ae,15013,5256568,138187,13901,5266396,138187
06c33723bd3a36ef,109911,100176244,129288,108800,100185446,129288
06c895fe689387bc,23035,13277084,140054,21932,13286822,140054
06e2a8ab3ad5ce25,83524,73761072,139106,82420,73771203,139106
06e82b27981728df,90472,80717498,137745,89353,80727436,137745
06f8b9d7691d27f5,114105,104357846,138680,112998,104370289,138680
06f947a5413bf11e,85397,75657474,137840,84281,75667512,137840
0726cabf7299f06f,111448,101718083,139231,110350,101728410,139231
07364f6658fe9970,109603,99818135,139957,108487,99828277,139957
074cb599905f4557,23695,13935072,129455,22602,13944829,129455
0756cbe7443acb25,55587,45857160,139090,54481,45867476,139090
076e07b2597d83e3,27765,17999728,137597,26653,18009589,137597
0774b87d0c1c68e7,104401,94660084,135875,103294,94669702,135875
0778449a8d76472c,28380,18620375,138633,27271,18630101,138633
0786805d4ba208cd,106003,96237377,135977,104907,96247758,135977
0789201f030fa635,107506,97772755,117406,106452,97794565,117406
07918f7d344c5bd2,115108,105336524,129676,114040,105347282,129676
07964b39189ef669,68543,58796394,132426,67424,58805573,132426
0799abe7b56761cd,34654,24916708,137097,33545,24926472,137097
079e9d15ff2cc6c7,86493,76697725,138009,85397,76708586,138009
079f36da0f88c43e,100050,90260254,136434,98975,90270369,136434
07a9d54b7786e9e5,59252,49500496,137781,58136,49511385,137781
07af654b2b2f9639,11065,1316452,137887,9956,1326787,137887
07b479b17243b587,64289,54518920,133707,63188,54528377,133707
07b47f78c2b564f3,10532,796994,139121,9421,808439,139121
07b741f76003bb02,75069,65278108,129906,74000,65287846,129906
07b8b307486fe6dc,38688,28937118,138847,37590,28950682,138847
07d84a9ac060e7ec,64633,54880911,138568,63515,54890899,138568
081c312ce19b4d6d,117318,107538093,129237,116228,107549772,129237
0825db303cb1e6b9,51583,41840494,137552,50473,41850141,137552
084a88c8c34a8d6f,73359,63597023,136467,72260,63607231,136467
084d5e5f3bfcec8f,101364,91600776,136508,100262,91611867,136508
085aee8c768fd802,29419,19635275,128861,28345,19644673,128861
0866379ce5545c47,76516,66757387,138426,75413,66767268,138426
08743bc7d53a98c2,51707,41980226,156933,50605,41991270,156933
089654821714e663,106862,97117172,135464,105745,97128160,135464
08b304115a781782,86604,76837523,137131,85475,76848521,137131
08ca913a35a931cd,38006,28242966,136657,36901,28255360,136657
08efda3a80d0c99f,62320,52537628,140037,61168,52547920,140037
08f2c4d0543eda9b,57978,48198528,113807,56901,48206513,113807
090374c8910ac685,62422,52676453,132917,61300,52685978,132917
09134127b37d97ff,74620,64860887,139322,73513,64870830,139322
091f8b1a29c41fc1,25153,15396527,137145,24044,15406441,137145
0920dc0a06869045,62196,52372377,130584,61101,52381846,130584
0938f0da10affadd,88115,78336027,128895,87044,78345357,128895
0939a629700e2660,90043,80256355,130297,88979,80265689,130297
09470a268b042e55,58327,48557241,138689,57228,48569302,138689
097149d6d17a5f15,114293,104541175,138288,113176,104553614,138288
097665354ea524b6,43841,34077776,129501,42735,34086764,129501
097693e625702988,78231,68481305,139527,77113,68490730,139527
09935170fc6ca629,59816,50093719,340130,58730,50120006,340170
09a5daec6ddc4005,33757,24000384,138306,32632,24009831,138306
09ab45a948ff3d7e,21875,12097061,129312,20765,12106445,129312
09c9251fb4540374,37456,27697073,139209,36361,27711161,139209
09cab0e7d8ddad28,66049,56281126,140541,64945,56291551,140541
09ed29a4547d2bd1,39458,29637264,129698,38321,29646242,129698
0a1218691d97f4c4,99684,89946056,94504,98630,89967566,94504
0a3583663880363b,80152,70400965,139493,79033,70411378,139493
0a535d2c888f222f,80462,70697516,139117,79357,70707083,139117
0a6b5619f896c6b9,42015,32256736,136856,40911,32267026,136856
0a6f9f87e161d20b,48170,38405071,127843,47100,38414079,127843
0a9d17d3df48efd2,98689,88923954,155447,97585,88935772,155447
0aa0d6bee4ec7e77,93399,83640702,137880,92284,83650184,137880
0aad5a14684a2579,43874,34115361,129350,42768,34124482,129350
0aad600d2392f240,72899,63162737,103496,71830,63181098,103496
0aae40a1b9038d88,39512,29717229,140595,38360,29727519,140595
0abba216d72d7115,95022,85277661,137429,93901,85287620,137429
0addd9404590ef72,12993,3236370,137713,11884,3246264,137713
0b20584a86458804,54928,45177260,138387,53829,45188122,138387
0b2621107444c6d8,62689,52946613,192497,61586,52961118,192497
0b2c466770bd165a,51645,41900304,137931,50534,41909618,137931
0b3a59666a9f06fb,117708,107977845,138148,116605,107993952,138148
0b5acb92deed7a58,45560,35817029,137792,44441,35827456,137792
0b5d04e2dc97a033,89589,79837629,137510,88484,79847388,137510
0b639e722fe5a46d,90926,81160816,137925,89821,81170559,137925
0b7150289e7e896c,79382,69621229,140016,78257,69631441,140016
0ba6e2e712a82dcd,81397,71641545,140469,80272,71652060,140469
0bd10da2b6e5570e,92833,83097144,135771,91720,83106693,135771
0be682178f88d67b,92053,82317809,137934,90969,82327933,137934
0bed112e1d1436aa,42977,33236916,137815,41862,33247026,137815
0bf8cf5faf124beb,70371,60620687,138046,69252,60630903,138046
0c06233322631823,36492,26740286,139354,35375,26752683,139354
0c1bf6e723a5d108,17297,7536742,137739,16192,7547255,137739
0c3ce221c5f96d3f,38720,28968152,138914,37622,28981206,138914
0c4a368e0d4c7e52,16625,6794994,127718,15532,6804789,127718
0c4bf3d6df342ac7,91899,82142713,129327,90818,82152068,129327
0c6097cd79db330a,15261,5517009,138308,14142,5526405,138308
0c69a4ef5de9070d,48045,38297412,138785,46934,38306860,138785
0c75c7fb1cf8d253,89343,79601268,138022,88234,79610842,138022
0c77431b0791a7cc,54776,45037174,138511,53671,45050181,138511
0c9efe8c6f141137,52247,42457791,129959,51173,42467169,129959
0ca5a1b5e24b3f19,71460,61698301,138975,70353,61708465,138975
0cb99da18310a9f4,16933,7180608,140338,15808,7191376,140338
0ccac95de9d4f524,110511,100761104,137432,109395,100771503,137432
0cee3bf9c75af761,55463,45720524,138590,54353,45730095,138590
0d22d1e836fdf405,97673,87970896,380048,96610,88000471,380088
0d3be1ffaefdd126,94302,84557692,138045,93201,84568210,138045
0d3fbc0a207d0101,113148,103376074,128116,112084,103386156,128116
0d69410b26866d1c,62656,52897378,139375,61553,52906993,139375
0d9aae42328be2ce,44566,34797013,137284,43475,34806654,137284
0dae0151a46ec58f,36865,27100127,137336,35763,27111930,137336
0ddded7330fd8418,11796,2063092,120408,10731,2077266,120408
0e012cc0744b159f,114897,105160209,100736,113832,105187288,100736
0e05f4714a22751e,82142,72397463,138322,81021,72407332,138322
0e2e6af6f32bd6fd,84188,74458340,140504,83082,74468800,140504
0e46edb0ee65b4a9,113606,103861413,137287,112495,103872169,137287
0e7c2a9c55171f83,115907,106146638,152434,114804,106160237,152434
0e7d16c2e20313bc,41801,32058005,140520,40685,32067760,140520
0e8e171042202714,88274,78497332,136655,87191,78508141,136655
0e9a7b952f8b49fe,28630,18880024,138194,27511,18889900,138194
0ed717d07e1d960c,45742,36000101,138058,44632,36009658,138058
0edb73a4f7277225,93958,84196233,129956,92878,84205773,129956
0f054548e2f8ba9d,92586,82837795,138159,91461,82847258,138159
0f122f72151513f7,54454,44677743,141174,53356,44688456,141174
0f1dfaf25f246473,36114,26356960,138847,35012,26370264,138847
0f23cd47f9e1c9a7,68668,58936548,133036,67560,58946231,133036
0f36dbc038198645,90894,81137487,137389,89788,81147776,137389
0f3bc03ce1c8b0cc,55494,45757184,138737,54384,45766793,138737
0f41d8330324c6b7,83317,73577742,138391,82202,73588286,138391
0f4293a134acb0de,49937,40177355,139604,48832,40187878,139604
0f54578b50d144fd,114978,105204009,129150,113914,105214803,129150
0f65af7fe9f4fbbf,14885,5120054,138169,13777,5130200,138169
0f70b214199bf100,60963,51200884,138337,59857,51211001,138337
0f8bbf290138c9f3,72013,62257456,139036,70905,62267576,139036
0f8e81c140812ba5,28219,18465375,152237,27112,18476771,152237
0f93ab11d406fed1,50802,41056877,137335,49682,41066738,137335
0fa24cedd8187782,82233,72497665,140008,81124,72508151,140008
0fbe42b363ade767,54687,44937550,137083,53567,44949877,137083
1024db3fca962c01,43284,33525508,154264,42179,33536821,154264
1029a924d8e4b4eb,108794,99048788,151751,107696,99060456,151751
103198f497a030a5,64159,54400396,157225,63060,54412199,157225
103c3aa607b9af17,45373,35615503,129994,44264,35625294,129994
105d8a33f4bf10d8,77366,67609177,140266,76255,67619569,140266
1077da467a13712b,83909,74157644,139404,82797,74167113,139404
10db8476f12c746f,73142,63359801,142150,72064,63369725,142150
10e302d4db55b0ca,15107,5356581,138772,13989,5366203,138772
10ef7822a512e412,78892,69107065,130545,77828,69116365,130545
10f486d72b3544cb,33013,23255324,129843,31908,23264624,129843
10f92f2172023681,107359,97601944,136445,106254,97612201,136445
10fa449bb14f156d,103513,93757162,135309,102407,93766532,135309
112a91406ee833d6,103266,93519960,135223,102154,93529649,135223
11328f3b341d1483,105188,95460145,151117,104085,95471388,151117
11906e77f736dd2d,37843,28088112,138094,36740,28099970,138094
1196fe267b427284,59690,49937487,138412,58586,49947341,138412
119b1d9b9750d5e6,27113,17356588,137640,26000,17367273,137640
11b1a110490dceef,20429,10677262,140484,19322,10687691,140484
11b1bfa64e01b981,101182,91437174,135326,100065,91447364,135326
120206b2aaec0694,72453,62717055,136739,71340,62727122,136739
121b5971dc61dc4d,78859,69084982,131468,77796,69094224,131468
1233b4e224f77e45,65508,55736165,132469,64413,55746811,132469
12386763146c684b,69238,59456059,130917,68173,59466289,130917
123b9ccdb655a349,77542,67797487,138881,76423,67807487,138881
1252011b4dedd2ef,75347,65577703,136699,74246,65587623,136699
125d5769d8a60adc,82726,72962271,131387,81651,72972710,131387
126e67752485b03b,112103,102358092,129072,110991,102367228,129072
1293319ce256c521,42860,33100089,138076,41734,33109712,138076
129b51f538de8c6a,52729,42980507,138495,51612,42989912,138495
12bd70b66e5ab1b7,89159,79401143,137860,88045,79411177,137860
12c3e8026ee93d73,39283,29450802,126478,38188,29459550,126478
12c634b0297ae948,86991,77231158,148195,85896,77242283,148195
12d4ad3cbc9fc236,112073,102336334,128571,110959,102345280,128571
12d52c944721b32a,19503,9717288,129041,18430,9726852,129041
12dcde34d2ede4cb,109631,99857509,136727,108506,99867443,136727
12fdf2db675f809d,108697,98965301,233145,107596,98983911,233145
132538b63d0d7d3c,25402,15616907,129268,24328,15626366,129268
132e61526d8966a9,28002,18256964,129721,26892,18265921,129721
136d03b85f42b0f4,39592,29816956,138125,38440,29826859,138125
13713f9e5157602e,40448,30664103,115204,39399,30673147,115204
1388e04c003caa12,42744,32975317,128988,41640,32985255,128988
13ca70c04f979d83,26233,16479790,156437,25127,16491084,156437
13cec33ac71fe3ef,77029,67238449,130366,75959,67247966,130366
13ff1d81f669e66b,18973,9236403,136942,17863,9247008,136942
141da56df24691a1,12768,3002941,156907,11663,3014521,156907
141e8d585bf08b9b,109247,99434161,112895,108209,99443189,112895
1426a422221e670a,100111,90337695,135714,99025,90347141,135714
143e3f169cf31578,28506,18757050,139820,27393,18767569,139820
1442be56455c35b4,72603,62844381,157988,71499,62855335,157988
144f1a3f83839370,39485,29675496,129274,38340,29684898,129274
147bf323bd34551c,108007,98151031,93962,106967,98157568,93962
147e93c69950f11e,42623,32837701,130712,41539,32847261,130712
14966b22486ef661,23937,14196787,138919,22821,14207059,138919
14ac90bf64b40a3e,108890,99134644,139486,107792,99144794,139486
14f511a8d3aa917c,22417,12656772,137838,21311,12666792,137838
15083326a42f15f2,80981,71196594,132186,79914,71206117,132186
15276461cb2c98a9,80308,70577937,138721,79201,70587621,138721
152a9c1eecc961be,50077,40339884,99167,49009,40357172,99167
152b0e0a9e904fa2,106831,97077463,136410,105716,97087760,136410
15312f73719c20d0,69077,59299721,117650,68019,59308744,117650
1536385b4db49aa7,60031,50277379,129457,58949,50287484,129457
153a8224aa4dd0ef,112986,103222585,129933,111927,103232477,129933
154a975c82845c2a,101857,92057648,137791,100814,92067481,137791
15a95bc69f8d118b,103698,93915602,125789,102629,93924611,125789
15b95db2aca7a388,13869,4081144,127833,12802,4090360,127833
15bf35f336be2647,105545,95807574,95358,104479,95829765,95358
15da401e33acaf2c,95425,85660904,137846,94320,85670795,137846
15dc14003e380b86,108986,99312655,342069,107949,99338996,342109
15e80e1f6fca78d4,23601,13837272,142261,22517,13847425,142261
15f99f90ccbb97cf,47131,37377167,139558,46025,37387839,139558
162056db9aa3c8be,12137,2356329,137197,11054,2366057,137197
162fa74791cb8f24,41862,32120220,137766,40753,32129689,137766
163f62642651797d,24651,14917074,138990,23540,14926894,138990
164b150ac3191a65,20494,10735144,129282,19385,10745016,129282
16846fa32492d8ca,16907,7156845,138552,15780,7166471,138552
168ec02b45dccb6c,111794,102037760,138000,110662,102047756,138000
16ad374d8f5cd93b,40869,31080210,137958,39749,31089871,137958
16c848e87d6e3bec,31537,21756912,138497,30451,21766988,138497
16ed7b2fc45fe34e,73776,64017545,139085,72671,64027037,139085
1715fe1567ed495c,32103,22340246,138117,30997,22350548,138117
1716360458611ee4,45620,35877125,138652,44500,35886959,138652
171acb52373dedde,90384,80617633,138441,89282,80627237,138441
172699b3ea6321a9,30245,20480143,138032,29138,20489641,138032
1729a9a3f43e3932,13055,3296836,136898,11944,3306738,136898
172d3ec60ef4ec6d,12043,2254852,128638,10969,2263554,128638
17484a9c5037ac2b,87708,77977499,138533,86601,77987457,138533
174ea6f227813cb4,75642,65900732,137949,74533,65910076,137949
175affb3cb9da794,38817,29071221,157699,37718,29086097,157699
176d46d9526c7a40,39619,29847732,139004,38472,29858420,139004
1772da675e2cf4d3,81455,71717668,139656,80341,71727609,139656
1784ee35aff6c915,108391,98617685,138084,107241,98628031,138084
17947d541ebc9733,70247,60497586,139612,69135,60507816,139612
17ad44f31e6ab34d,77336,67577900,139879,76230,67588052,139879
17b9487edbe5ae96,111293,101538253,129731,110205,101548095,129731
17dd52f584c8179c,28908,19139732,136688,27803,19149490,136688
17f9a3db5adcd666,30436,20677281,138000,29324,20687672,138000
182c09ad7f0ebd85,37486,27720420,138602,36387,27732300,138602
184a9b4c7fa3cc5a,98977,89220928,137991,97867,89230721,137991
18575f2e71d71ff6,35857,26119997,137271,34754,26130726,137271
185ac857f0d5451e,94806,85043612,136816,93695,85054429,136816
186218bf7dddf4e4,14092,4316369,136845,13010,4325977,136845
189302f3776ac73f,82758,72984645,131876,81682,72994550,131876
189ca1fe6567deca,26201,16440231,138639,25095,16450738,138639
18c2077f432f6a7c,87312,77540572,136906,86209,77550777,136906
18cc76f0a14b9a4e,104134,94377180,135488,103024,94387613,135488
18dc6dc607aca846,18851,9096970,130191,17730,9106475,130191
18e8395ca4baaa43,75377,65617401,138716,74271,65627098,138716
18ea8e89ca62405f,63885,54137475,140005,62761,54147022,140005
18edd25597092978,82856,73076890,132136,81778,73086647,132136
1903f32050885e32,102043,92257279,135569,100973,92267034,135569
19121f3eb65e9067,88483,78720847,137884,87369,78732854,137884
19125126d3104fe3,67699,57956135,131674,66579,57965742,131674
1959aef656630d7b,87374,77617283,136980,86266,77627090,136980
195a6df6d2645b68,28121,18358674,139999,27014,18368523,139999
195ddbbe7e2724bc,100996,91240326,136214,99876,91250497,136214
198af42c6186fb57,72173,62417356,138340,71058,62427171,138340
19aa66f467c4de3d,116523,106761174,138236,115424,106773577,138236
19c3803c615e79f0,102012,92220383,135046,100948,92229687,135046
19de7593c2229a2d,101590,91890941,388850,100536,91939339,388890
19e95613208e342d,11560,1796905,137800,10455,1806673,137800
19f37f220675a590,66645,56898318,131690,65534,56907632,131690
1a20190edbb14074,33523,23739940,137778,32433,23750080,137778
1a221b47c2ce467b,80429,70661629,141699,79324,70671829,141699
1a2a930fd5235dbb,36897,27136965,138729,35795,27148218,138729
1a72498f745ae9c8,11344,1599985,139443,10232,1609653,139443
1a76dc6285c5140d,103731,93955753,126011,102661,93964608,126011
1a89f2df704ed59d,114731,104978042,139457,113627,104991877,139457
1a8faceb90056356,79052,69258025,130543,77979,69267484,130543
1a9b238b9c6f59cd,46585,36820620,138815,45488,36830615,138815
1aa96ad01ad52392,76364,66620952,139350,75254,66631398,139350
1ab86d48b3221383,110541,100797762,137534,109425,100807529,137534
1ac0fc8707a20d6e,78536,68777330,137638,77432,68787603,137638
1ac34ece32e9e1bd,104653,94897339,136089,103543,94911979,136089
1ace171f70b8bec9,35528,25760022,137367,34435,25771569,137367
1ad6b18c759e3372,18164,8416871,138815,17041,8427002,138815
1ae7c928c21594c7,47292,37536892,137610,46182,37546959,137610
1af4f73839089834,102189,92417474,136013,101083,92427147,136013
1b0277339b32a8fa,117894,108139942,150265,116794,108155294,150265
1b1378bd2be366c5,44534,34760291,138115,43446,34770531,138115
1b568aa1129e57bd,94582,84817659,137990,93476,84827741,137990
1b5915f5dc7658a2,100286,90520252,136384,99165,90530458,136384
1b719aeb62d0942a,49253,39497496,141053,48144,39508672,141053
1b73eeb307f3a968,67310,57518547,132312,66240,57528587,132312
1b77117eb84297c0,64067,54341077,160823,62966,54352514,160823
1b8eb74a9fea1018,92617,82869134,136931,91493,82878932,136931
1b9a2447f21bf643,53356,43603597,157279,52237,43615007,157279
1b9bb3b5d119ee33,24896,15136399,136572,23791,15146452,136572
1bb0648074bf1869,40512,30707814,127872,39461,30717286,127872
1bb26ff3be778ca7,80276,70537671,138987,79166,70547781,138987
1bca89fd9fd1565e,67583,57816597,132753,66473,57826779,132753
1be29edbec2fce0c,73841,64080775,138982,72736,64090212,138982
1bef38358882cb9c,83686,73937857,138945,82582,73948248,138945
1c0272badbda825d,10776,1016462,138173,9672,1026022,138173
1c03f40463fc0036,23506,13735136,129390,22426,13744959,129390
1c4ead2828f733c8,80820,71044804,130991,79760,71055276,130991
1c54b0c5dd81e0c2,16052,6266812,138390,14970,6276910,138390
1c5d67248422632e,49776,40016973,137349,48671,40026390,137349
1c6776cb195f54c8,82823,73038610,132537,81746,73048582,132537
1c6e419c04aca899,95263,85500746,137717,94159,85511672,137717
1c9e2d8a88b1d8ac,28661,18917084,139171,27541,18927267,139171
1cad5f3a2af6e19e,28443,18696750,138617,27332,18706684,138617
1cdae2d0f96ee97e,38289,28536882,137720,37174,28549337,137720
1cdba94630c96995,75989,66237419,138742,74882,66247320,138742
1ceb5ad7483117f9,51241,41477446,130448,50134,41486394,130448
1cef8a83d6c5ba04,58044,48257517,128268,56965,48266305,128268
1d127b18effc3e2b,89750,79997691,139387,88644,80007347,139387
1d14ad048eea976d,36461,26716766,137976,35346,26728709,137976
1d1cb4feee14ddea,74344,64601276,139888,73234,64610889,139888
1d335515d3d65b80,20085,10340049,139266,18971,10349886,139266
1d35ac2d9bf93b58,62851,53097723,140949,61746,53108076,140949
1d4162ea1c50984c,38534,28799275,138055,37428,28811134,138055
1d54593547794a6f,98241,88487761,138153,97136,88497624,138153
1d9bd26babb9a568,106449,96697625,136356,105344,96707644,136356
1dbafb5e4763542e,21845,12075243,129958,20742,12085466,129958
1dc63b2b91c02137,113428,103659978,140506,112332,103671552,140506
1dc8bbbbd9d3e2c0,108579,98838181,138583,107462,98848566,138583
1dddfa1936d7f215,71308,61536049,130345,70220,61545839,130345
1ddf2ca350874e62,88688,78957595,137049,87582,78968279,137049
1df001554c9ebfa5,58075,48295628,129254,56996,48304480,129254
1dfd7ecadcafe966,115776,106017572,136965,114675,106032111,136965
1e09200a489b29d3,101243,91500041,135704,100132,91509740,135704
1e0b598cb206764d,81165,71381198,140620,80075,71391399,140620
1e5cb094ae373802,103953,94177438,136017,102868,94186763,136017
1e60e4a970922e12,113849,104098000,137350,112746,104111962,137350
1e6710c1c25fbbc2,111698,101938099,139626,110575,101948102,139626
1e9599ce80ea60c0,23787,14037518,141600,22683,14048121,141600
1e9ed7ae71b99f76,84407,74641107,139044,83302,74650973,139044
1eac505f0d6a9494,61316,51557486,139035,60199,51567305,139035
1eae26dc055812b9,60721,50977268,139304,59602,50988516,139304
1eb854742d11976f,88335,78557525,137220,87245,78567546,137220
1ee0b036f84c0555,87677,77937748,139578,86564,77947573,139578
1eed1037ad14920c,118673,108918103,138918,117566,108931053,138918
1efa00fb1037ed4a,62818,53057595,139778,61714,53067856,139778
1efd687ef0ff7968,86770,77020526,137684,85650,77031094,137684
1efeeab06f11e65e,114504,104741460,137769,113403,104752981,137769
1f126bf8d1b41bfc,18077,8327827,138440,16952,8338039,138440
1f2e82481a5436e1,24863,15100224,140027,23758,15109969,140027
1f908a9e5973ef06,56518,46760275,138552,55403,46770148,138552
1f98f6a986e4dc59,99254,89517629,137954,98145,89528300,137954
1fcbcf409f3a1568,106416,96657387,135949,105311,96668030,135949
1fcdc33b1d3fbb85,39313,29474995,127840,38212,29484414,127840
1fd9d4481bb4f89e,30591,20842987,137970,29478,20852527,137970
2001168601d4c63a,119393,109636196,128039,118286,109645728,128039
2009b8e189ce3a13,115266,105496303,129621,114185,105508027,129621
20137e416bb73ded,86377,76576160,129879,85312,76586167,129879
201eee5a3183afa5,52150,42364209,129185,51079,42373093,129185
2030f028fc338f49,66553,56816317,132597,65440,56826770,132597
203cb2ec2ad0329d,47917,38156914,137468,46810,38166487,137468
203d7d5a2c857158,14448,4700053,137660,13331,4710221,137660
2057585c30658752,98182,88400651,136907,97088,88410332,136907
205d095a9845e64f,100806,91040131,136064,99695,91050577,136064
20777a149a0f8ea9,107045,97300777,137567,105936,97310898,137567
20a2dcee63348d23,51676,41937103,138383,50565,41946412,138383
20a5d6c73c3956ce,13548,3796744,137975,12442,3806418,137975
20acc91473a2ffc2,93582,83840945,138632,92473,83850438,138632
20b22337f4adeaf9,109712,99957747,137138,108581,99967662,137138
20c1f6da1e41fa51,66614,56876076,131446,65503,56885554,131446
20d0a269f3c286c6,106269,96520408,136621,105153,96529937,136621
20d469057d20c4f0,59529,49760371,137534,58427,49772196,137534
20e1ac6249a0a5a6,116654,106897763,138131,115553,106910878,138131
20f1a2ceaa1f51b1,113637,103897878,138749,112526,103910571,138749
210c6a1045b618b4,113398,103636219,128375,112306,103649343,128375
2117c345bc06849c,103665,93890275,127298,102596,93899059,127298
21320b2d56432bd4,86888,77157418,138033,85783,77167523,138033
213f51eaac7f1051,97173,87421015,137959,96054,87430938,137959
2147f0e8ce3fccea,58266,48496792,136677,57174,48510808,136677
214d60071b8b8af2,89405,79660997,139249,88296,79671158,139249
217256d675e8214a,38442,28700122,137843,37336,28711939,137843
217fa6e6a0b95e1f,59878,50132355,130181,58797,50141675,130181
2195516576516e92,28348,18596925,139305,27239,18607102,139305
2195762d1db90f75,15764,6000051,129205,14698,6009271,129205
21a671fba363e712,37045,27280735,128985,35977,27300133,128985
21a7efc8c6305f08,75524,65777176,137044,74401,65787460,137044
21cce91e63827281,75613,65877470,138945,74504,65887439,138945
21f4a7970b8d5b2f,19909,10137163,130453,18801,10146070,130453
2212fcab070480fa,18375,8616657,137590,17269,8626652,137590
222cc19de6e720ad,12228,2456523,138099,11133,2466382,138099
2235816e35fc84f4,112885,103183474,340831,111821,103211063,340871
224f41268cc78555,48116,38383481,121677,47046,38398541,121677
22669b5da9267923,103859,94077209,134547,102783,94086299,134547
226dff2eed417147,82480,72721446,139444,81376,72732037,139444
228b1ef14441a808,66461,56716488,133432,65343,56726712,133432
229b1325f27e2607,15715,5978169,99741,14649,5994327,99741
22a5d195ecf08b85,32488,22737206,139839,31369,22747783,139839
22a9ba2a60a274d0,86799,77057382,136944,85681,77067642,136944
22ba9237bcb9b970,96426,86677759,138765,95301,86687283,138765
22dd68bfeb4ceb28,31919,22177034,138747,30800,22187022,138747
22e77ed6df7c8b06,105973,96197575,136778,104881,96207548,136778
23275c73c5ce5b41,63667,53876055,131698,62559,53886107,131698
232a180a2d7b25f2,54207,44415427,128361,53137,44424561,128361
232a34decbfdd546,79205,69437574,137874,78114,69447335,137874
2345316f343b947f,44245,34478428,114503,43167,34487197,114503
2364a53d23a5edae,67495,57718699,132019,66400,57728293,132019
236aa6bee5f65220,17525,7763562,114554,16455,7772511,114554
237511298d3a978d,32519,22760447,137794,31399,22770657,137794
237f75257bc44002,91054,81297463,137379,89945,81306834,137379
2399de66caa869d9,27615,17837259,130897,26527,17846707,130897
23a33c75605ec49c,43444,33696718,137005,42335,33706630,137005
23aae9123fc3762b,114231,104481195,137718,113118,104492249,137718
23b2635f66b2bfaf,118022,108260914,137103,116920,108272104,137103
23bdfb3086590b7d,45773,36035701,129780,44663,36045100,129780
23c0581728c58082,45590,35840474,138843,44469,35850655,138843
23d4af40e6a1293a,66859,57100416,131255,65753,57109353,131255
23da63aec59f49d4,77092,67318269,141866,76018,67329710,141866
23df75cada20381a,73508,63757368,138784,72386,63767610,138784
23e039e97a386441,26519,16760025,138184,25405,16769530,138184
23e92f54fe351c7a,113243,103476440,130247,112173,103485626,130247
23f5447d83a429f2,52848,43117001,138151,51743,43127138,138151
23f7903566ab33a7,30466,20716919,138986,29354,20726808,138986
242f7ffeb0aff5ad,31188,21424278,127509,30125,21433623,127509
243bcfd15e54b441,97017,87263745,136128,95906,87273542,136128
24437825307e486b,114169,104417549,136344,113059,104429555,136344
244fa1653664c368,14820,5060267,138946,13714,5070673,138946
245a1a1ad0c1e0fe,45277,35517137,138751,44171,35527389,138751
245d55046bc5d357,74685,64937738,138838,73576,64947710,138838
248d4da602cda5d4,57453,47720018,155491,56346,47732498,155491
24a5ee8361d0b9c4,30498,20740562,139760,29384,20750827,139760
24baa1644daa58ff,108068,98213738,111318,107015,98221707,111318
24e76d93a6fde40e,59128,49377116,138232,58019,49390114,138232
24f1248e3d797d19,64725,54981564,142138,63614,54992185,142138
24f2c155ccb1877c,57361,47617201,139087,56246,47627061,139087
2500c7b2edc73f68,27265,17499252,113458,26197,17508535,113458
25135356f51695af,18633,8876956,139139,17522,8886863,139139
253aae7dd34a3a8c,53886,44119347,140031,52780,44129000,140031
2540f8e96affde25,24341,14588813,139631,23233,14599094,139631
25515f5821810285,62396,52636425,133037,61259,52645480,133037
255e32ba2d40445b,34593,24856794,138444,33484,24866848,138444
2581007349728113,37725,27980237,139238,36615,27991122,139238
25b5bc56e46df467,31506,21719715,138202,30424,21729334,138202
25b6806db5fea19a,46302,36517280,129011,45225,36526192,129011
25e568dd1a164788,109183,99394991,93243,108149,99402698,93243
25ea8a695e901cec,38227,28477057,139287,37115,28493831,139287
25f1f666de7c394a,36048,26296744,136931,34947,26308061,136931
2629df255ba8dff4,45341,35577532,129940,44233,35586788,129940
26323bd821774713,94549,84780870,136823,93444,84791317,136823
26441d72b4bf5d3a,59463,49700650,137696,58362,49712186,137696
265091970d57a60b,44036,34277015,138201,42928,34287272,138201
26625f8a89fff9dd,116252,106501384,138475,115140,106513242,138475
267ad25a9d8b284e,44929,35195532,130257,43819,35205386,130257
26be6e1cc4773566,74405,64671270,157240,73296,64683122,157240
26d2aea083f12976,72205,62457054,137641,71088,62466897,137641
26d3a4a84c86b60f,62754,53000723,158269,61650,53012434,158269
271d0dccb7baa766,84125,74381108,138957,83014,74391171,138957
27335743100386e1,30683,20940331,137742,29574,20950652,137742
273a88a5bb730117,118488,108757208,134151,117380,108766816,134151
273f2235c0318967,32980,23220396,138720,31876,23230696,138720
273fccadc3ffb7d2,100229,90457385,135984,99120,90467117,135984
274fbba02d4dfdcf,73205,63437617,138181,72123,63447519,138181
2750f136643759a6,43122,33360265,138380,42018,33369888,138380
2755452e4d0a7280,99403,89640664,136923,98298,89650610,136923
2775a0f4018a2dd9,27081,17328222,138762,25969,17338666,138762
27843fa272482000,71759,62020391,137210,70654,62029623,137210
2786005effc66e18,118995,109216986,130932,117949,109229167,130932
27a171ca018e9524,13117,3359777,137836,12004,3369720,137836
27bf8b1d256d114a,75005,65218148,130097,73939,65227087,130097
27d72c4088501e96,117926,108162919,136193,116827,108174839,136193
2828dab8463fa240,109462,99656432,129675,108387,99666856,129675
283473d73a5ece97,118396,108656679,131196,117286,108670538,131196
28451f40adf60435,22947,13217279,141618,21842,13228479,141618
28490514aefcba11,44659,34897007,138400,43558,34906907,138400
285486df1a50942d,25304,15540072,130109,24231,15549861,130109
2859b18de48d4721,87829,78077626,137728,86724,78087461,137728
285e78b765b8c127,113275,103498452,130046,112201,103507834,130046
287be482a5729a11,73938,64177682,139735,72832,64187861,139735
2887e95ef0a75a48,97806,88031349,130104,96747,88040478,130104
2889cfd3336ebf47,111354,101616329,129858,110263,101625402,129858
288e34a877a758af,28973,19216332,136681,27867,19226487,136681
28925d2acdd65541,108262,98456165,127485,107146,98465436,127485
289903b7431fd6c0,71981,62221214,138710,70874,62231634,138710
28990756b9f57fa4,87985,78221818,129973,86917,78231246,129973
2899d0a92a550404,30961,21200243,137861,29855,21209971,137861
28f6050213cfbf2b,116468,106737856,138320,115365,106753086,138320
29002065936894f4,74129,64377279,138188,73017,64387839,138188
29034ad861e0ef13,114569,104800924,138318,113468,104813282,138318
2913b4d843a01002,21355,11621867,122885,20293,11636641,122885
29213470445bdaf9,16597,6754778,127472,15514,6764016,127472
29278ba0c50da7e3,105755,95977893,138417,104684,95987699,138417
292a75ae8c99b9f9,79440,69697820,138996,78321,69707767,138996
29507ded4ac530c7,102477,92740581,136204,101372,92750528,136204
2985a0a2d34760f7,98445,88697533,137065,97322,88707434,137065
2989c540de243e55,12647,2916804,138390,11540,2926785,138390
298e17dbe2c8df51,119422,109659936,140437,118308,109669978,140437
299119b3a679c417,32233,22476928,138650,31125,22487044,138650
29bfb1b955732bcb,55310,45557268,138475,54199,45567023,138475
29c1181d22ff883e,65772,56020588,132092,64653,56030209,132092
29e4fd6b80216dc8,40544,30729617,128673,39490,30739261,128673
29e993d7d8d29a28,99285,89540916,137885,98176,89551821,137885
29f3c88828a706d8,58108,48335566,129042,57027,48344895,129042
2a01b931a8e6b6fe,87556,77817601,137319,86441,77827858,137319
2a30a057b6c74547,89097,79340969,137651,87986,79350981,137651
2a3506c9d4bd5fe8,64479,54718747,131902,63372,54727920,131902
2a38c4892d1c897a,95296,85537728,138574,94192,85548197,138574
2a55850f825ba435,105062,95317703,137549,103946,95327882,137549
2a5b714a24697685,116282,106537828,138049,115170,106550313,138049
2a6f39b956485073,86126,76364693,128579,85092,76374774,128579
2a757f589c190c0d,67150,57356254,119222,66088,57364651,119222
2a818258857bdbfb,22731,12979943,137836,21612,12989981,137836
2a8370cd5c84eb12,11097,1342992,157088,9987,1354148,157088
2a889065a749e630,109311,99496418,128065,108265,99506370,128065
2a9f9d8e47ed6b85,102508,92777005,134233,101403,92786717,134233
2aa407f96b468877,110003,100244264,162004,108897,100255568,162004
2ac639ecb782df7a,94054,84297390,136696,92971,84307424,136696
2ad0d722ee1ebe1c,107559,97794387,127436,106505,97803807,127436
2aeae63977fea7fd,35215,25437180,129496,34161,25449218,129496
2af381ab1379c396,69270,59480140,142776,68202,59490476,142776
2b220ad221361d9f,79114,69337711,139900,78035,69347430,139900
2b2889950e69addf,37941,28177051,138914,36838,28189331,138914
2b30b292629d8400,71609,61860784,139074,70493,61871508,139074
2b35577fff2b4ed6,119850,110097851,136416,118743,110107989,136416
2bab65b831bbb420,60276,50517359,138550,59184,50527209,138550
2bab6acdb8660074,76210,66460978,139153,75094,66470608,139153
2bdec010db860095,12833,3076594,138131,11727,3086765,138131
2bf1da538d4c808b,57830,48077187,138460,56720,48086573,138460
2c28301c609135bd,26488,16736700,138213,25375,16746645,138213
2c2b3624756d76ee,48395,38615660,130839,47317,38625826,130839
2c2e3264f2527bab,115842,106077997,138244,114740,106089179,138244
2c2fbb01a254d444,12106,2319979,135982,11026,2329290,135982
2c35016ca9058eed,95971,86196546,131236,94899,86206369,131236
2c3ebd6c527ea706,111385,101638040,128184,110292,101647386,128184
2c423afd89f3c874,41554,31796926,137298,40441,31807098,137298
2c52fdd19034d304,78503,68741123,139943,77399,68751511,139943
2c6c1fdec57d0c85,26612,16860362,139789,25493,16870210,139789
2c8df0a5d5895012,52434,42656948,137838,51343,42666648,137838
2c9654132d07e5d0,61158,51397232,137892,60048,51407014,137892
2cb1b7cd157fe9bc,16988,7239991,138799,15871,7249879,138799
2cbcbe85c60b5c47,66146,56380790,139097,65041,56390995,139097
2cbe052d8b60da46,54600,44840352,137984,53475,44852553,137984
2cc099a908972ade,115477,105718554,137417,114364,105729812,137417
2cc6e5127a64fece,25121,15360161,138975,24014,15370682,138975
2ccbb921722e9c53,108289,98477944,129094,107161,98486985,129094
2cce9109b8f049c6,44688,34937175,138415,43585,34946919,138415
2cdd738d69d46d4a,94837,85077649,137951,93725,85087785,137951
2cf8dbdaa0a712bc,22670,12916551,137353,21555,12926237,137353
2cfbd68517a1be99,11624,1859746,138435,10518,1869491,138435
2d12f612d70afe4c,56306,46537130,137594,55218,46549632,137594
2d20e593931a8547,91428,81697589,137215,90321,81707528,137215
2d23505d292ee60b,114448,104718156,139077,113343,104731448,139077
2d33755c55e69188,11495,1739861,157160,10390,1751228,157160
2d355d7031fa7904,78729,69023470,341966,77662,69051346,342006
2d3886f7346d8024,66761,57000135,141768,65656,57010107,141768
2d4e9e3e7a9735ae,42714,32937834,129848,41615,32947179,129848
2d4ffd8330be8f9e,102275,92517093,135114,101146,92527511,135114
2d79818b3a3de86f,117796,108037995,138487,116697,108050883,138487
2d87e9eb3092b118,114324,104577983,138563,113206,104589162,138563
2d8a56ac55bee324,46087,36336954,138279,44978,36346548,138279
2d9dd8874515104b,13363,3619941,138935,12259,3630143,138935
2dbf9a15e1d78164,74781,65020738,139804,73670,65031256,139804
2dc0474b8f0ab7e8,36209,26456685,137729,35106,26470991,137729
2dc4783de4885856,111169,101416348,129345,110086,101425831,129345
2dc6f30d19b47dfd,49593,39857257,139211,48484,39867822,139211
2df4cc0b93ecafa1,52464,42696975,138085,51370,42707347,138085
2df5cc86a5d9ce2a,117829,108080889,154910,116730,108096935,154910
2dfaf682f3bae3e9,105626,95850694,127630,104559,95860033,127630
2e11d39eb81b9bbd,116313,106578399,139764,115205,106593500,139764
2e24cfe6599374c6,26642,16896666,138055,25521,16906714,138055
2e2612bd0494819c,39566,29776882,138121,38400,29786973,138121
2e376f26bc07bed4,24529,14776936,138609,23412,14786459,138609
2e7383e7b6cf9409,79145,69361225,139363,78062,69371098,139363
2e7c625c5fe1083f,20983,11220010,137871,19879,11229869,137871
2e8dec2bdc0c5c71,118272,108522644,142461,117157,108534793,142461
2e9889980e8b3649,96220,86457741,137480,95122,86467990,137480
2ea17dbf57b9cc3f,101090,91338008,136989,99964,91347255,136989
2edb4a9bbaa8a0d4,69863,60101078,137235,68760,60110279,137235
2ee1c7f7dd709844,80122,70377433,138162,79005,70387481,138162
2f0037dbe1dd784d,33463,23676813,137384,32383,23686351,137384
2f16000e03aa890a,117377,107617427,135673,116276,107631863,135673
2f20a8f8814c0e24,80736,71000345,103754,79677,71018318,103754
2f27b35bc0b8a2b1,118456,108717408,133765,117347,108726819,133765
2f27bba350e17f5b,53450,43700653,137450,52334,43710676,137450
2f29173ca7fcdd04,11462,1699766,137829,10357,1709875,137829
2f2b6138f7891c14,81225,71457627,138587,80125,71468160,138587
2f51cfc51c1624c9,14332,4576501,137906,13212,4586483,137906
2f549c46ae924ac0,114262,104517782,137891,113147,104531550,137891
2f5d1b90cb3c3421,101695,91931356,124694,100659,91949300,124694
2f779d904799d525,47098,37337855,130236,45992,37346855,130236
2f79f49298c0dc64,29355,19574873,127593,28285,19584933,127593
2f917ca5606cb638,79557,69817455,138235,78442,69827544,138235
2f91b78a65370bf4,95710,86002531,333206,94639,86028286,333246
2fa9c3d9b89deb40,35342,25576592,137376,34279,25590506,137376
2fb22e02a7865bca,76147,66397406,138365,75035,66407230,138365
2fc9997bf89291bd,13581,3827928,137637,12474,3837483,137637
2fd8459061e1ff28,116685,106921221,138982,115585,106932879,138982
2fdad0434c551e19,43725,33978694,129133,42614,33987660,129133
2fddaf9edfe91300,86714,76957780,136937,85581,76967624,136937
3010c7b8ad7206e0,89190,79437627,138211,88074,79447554,138211
303ab02f8f536651,95809,86044614,128904,94742,86054619,128904
304502041ada25e3,59784,50020644,138739,58677,50030083,138739
305101e2f0fbeda7,47163,37400406,137756,46056,37410495,137756
30521576978314ea,82610,72857700,140260,81504,72868448,140260
30665e3aae9ddb71,52310,42519580,141777,51232,42530162,141777
30713d2e8b27bd03,46524,36756985,137611,45434,36767495,137611
30c002db798659b5,70708,60957250,137905,69603,60967156,137905
30dcf74af7960fea,38259,28500332,137506,37145,28512587,137506
30ebf61b72a85d9d,39726,29976691,136345,38600,29986525,136345
30ec1e8a95caa31a,34093,24336674,137738,32987,24346934,137738
310947cb27c6fc97,47755,37997226,139429,46650,38007036,139429
3119ec15c8d4c1b1,88776,79017629,138083,87671,79027665,138083
312b54c92f9441cb,47480,37736923,138083,46362,37747157,138083
313e6fa8aea0442c,27017,17255107,128745,25908,17264945,128745
3169db265d415b15,102331,92577274,135429,101200,92586624,135429
31847eb591f6f90a,21991,12237032,139995,20861,12247145,139995
3190aaef13590d39,85238,75460968,138299,84087,75471376,138299
319d48c7b1c72144,85114,75297395,136411,83989,75307444,136411
31a9f45e6b89fb6b,107326,97577689,136669,106221,97587974,136669
31c44580eeab86f8,44990,35257088,138572,43881,35266863,138572
31d101cd19756414,15323,5580040,137899,14214,5589791,137899
31e56543774c08b8,21757,11975233,129756,20669,11984997,129756
31e9fd29a78240bd,52670,42917273,138540,51543,42927073,138540
31f19a91f2bc6c0d,93674,83937425,136693,92565,83947362,136693
3213f0cf8fd946b8,99830,90036060,128688,98774,90045383,128688
3275ce118830dcc9,88842,79077611,137965,87737,79088064,137965
329b7a1e21bb7ef1,81604,71841674,140671,80499,71851251,140671
32a8f79793268c91,10048,257197,131033,8973,266228,131033
32b6c26f6d5b2014,95521,85763643,155453,94415,85774298,155453
32be96ff5baaaade,79294,69521561,140256,78187,69532082,140256
32cf7ced64d71033,69363,59588684,138429,68284,59598561,138429
32d5d3a5d1c74b8b,77186,67400982,139492,76103,67411597,139492
32e39f3d7e625866,78956,69158498,131352,77890,69167673,131352
32e732838438df37,115565,105817720,137403,114442,105830261,137403
32eaa714581e8c4e,119028,109238908,129852,117980,109249709,129852
32eeccdc940172a7,35247,25475251,129215,34191,25487429,129215
32f210bc5fecd3c8,98850,89097454,137266,97744,89107473,137266
32fee942af95c6a6,78383,68641228,139242,77274,68650725,139242
331628bcf1630c38,99501,89741000,137487,98396,89750573,137487
331a4c4c7a56cc59,20802,11068277,139019,19694,11078046,139019
3333546f94f06062,88018,78243689,129053,86949,78252781,129053
333e136f02cad7af,101494,91737055,134733,100391,91750791,134733
335244d09690885e,18505,8742821,139943,17398,8752981,139943
335463945b757ea3,67342,57556212,131339,66269,57565674,131339
3358e050872dca81,91679,81917720,139146,90572,81927132,139146
3369508e5c119898,77631,67897676,139949,76527,67907334,139949
3385b594daf610d1,40165,30397131,138386,39069,30406617,138386
339937e24502a0d1,96794,87037633,138016,95688,87047991,138016
33d3a32262da329c,53573,43837271,139398,52461,43847474,139398
33d5478c156877f1,68198,58437640,139692,67088,58447201,139692
3424a6dc4e672b07,18569,8816833,138990,17461,8827077,138990
3464ecc962bc9715,37365,27596866,138512,36281,27612892,138512
347f378a00594624,15637,5876781,138806,14530,5886501,138806
34997283e3174e51,30213,20456890,138775,29107,20466597,138775
349e60afd8e71fca,66583,56847638,132537,65472,56856723,132537
34a34e25df1898f3,34873,25117046,139793,33768,25129632,139793
34a6e466f0cbbadb,108859,99101968,138169,107761,99111913,138169
34b9b827987a5223,46915,37177294,139973,45802,37187230,139973
3505a3cafec097c1,46796,37055364,128180,45678,37064400,128180
35351790481da648,28723,18979879,137638,27612,18990319,137638
353562f9536eef53,42403,32615655,130707,41336,32625278,130707
353d3fed423a006d,96696,86937683,137652,95591,86947597,137652
353f38fc52a72f84,48266,38477287,128867,47195,38486356,128867
3557dbe9dc2bab25,72733,62977563,139622,71629,62988036,139622
356f63f6c86ac2f9,109372,99556146,127997,108317,99565738,127997
35729e346736f910,100401,90657257,135602,99281,90666991,135602
3581989e72b44fb7,60597,50840382,138534,59473,50850234,138534
359bd15e2b7b5732,75132,65356048,130491,74060,65366034,130491
35c0917abf1915b1,110325,100578258,139697,109213,100588327,139697
361ba0559e52b2e6,25895,16140216,139533,24769,16149635,139533
362764d3518437e3,106578,96817339,135417,105472,96827246,135417
364245f000571b9d,57268,47517177,137470,56147,47526940,137470
364a7fa263c54c0e,52035,42298533,98660,50966,42314552,98660
3669efe31d797bef,91930,82176047,129023,90848,82185299,129023
36768a6dd3bcf222,53542,43796808,136254,52426,43806174,136254
367711aad0523af6,44809,35057513,130968,43690,35067004,130968
367ece9aebee43d9,38503,28760261,138295,37397,28772517,138295
36a50f77c0e9fc32,13024,3262511,154486,11914,3273504,154486
36dbd129ad6b4da2,35466,25700019,137017,34385,25711897,137017
36e6053b5c5335ee,47323,37577179,139475,46212,37587431,139475
37051cbbfb120f9b,29513,19735349,130071,28432,19745092,130071
370863cebee69e82,37395,27620295,138276,36308,27633075,138276
37455c321dcbd413,66114,56357343,139223,65009,56367822,139223
37470e135e2b64ae,28787,19056837,137955,27680,19066758,137955
376cb1cecb0de174,87647,77900839,137888,86534,77910253,137888
3774a9ee0bfb87cb,64909,55140813,137867,63807,55150843,137867
3777e9b81e9ca94a,48332,38555750,129326,47257,38565645,129326
378a9647584b3e64,50982,41220073,137246,49878,41230037,137246
378b5fa16809aa2d,64541,54778474,132104,63430,54787987,132104
378ee130335f0980,35797,26057429,138214,34682,26068185,138214
37e6d26d216c35d3,38888,29159060,98799,37815,29169584,98799
37f8265af85242c2,109881,100139784,139697,108770,100149097,139697
3809787530dd1838,25089,15336702,138718,23982,15346660,138718
380f8fcd324f99be,103050,93297266,135691,101938,93307107,135691
381daaf6d9e675fe,81011,71218790,131604,79942,71228894,131604
3835260135e83bd3,54895,45136877,137061,53797,45147003,137061
383caeb3a11f59a9,34687,24956971,139269,33581,24967034,139269
38775ca77256eac9,34028,24260096,137769,32923,24269693,137769
3879d826fd86cd83,18882,9135320,130248,17759,9144577,130248
38951d12e61247bd,55186,45437280,137796,54081,45447698,137796
389db649d78fe197,58687,48956887,137024,57583,48971562,137024
38b1df0476840db4,34124,24360206,139231,33018,24370210,139231
38b9c67de2223aa9,49562,39820537,138192,48453,39830771,138192
38cff0073e7516eb,31685,21916807,137348,30573,21926034,137348
38e576a04766533f,75436,65677353,137760,74319,65687154,137760
390a2d998eef0164,92772,83020438,137096,91653,83030302,137096
390f5b51241f0efe,41265,31501914,158112,40158,31513677,158112
39280fe05a5a6616,42684,32915709,129717,41591,32925384,129717
3929d460620b9836,113783,104021300,139776,112680,104032529,139776
392cb93de3bf183d,34501,24756854,137425,33380,24766695,137425
39436d3d3ce16170,31057,21296726,138032,29950,21306240,138032
396b1b824dd0d6c9,36929,27177090,138164,35826,27190652,138164
396fa25241dae7a7,12864,3099700,136911,11759,3109624,136911
3978cc92bd85f903,26394,16636839,139157,25285,16647398,139157
398134ae4abddbb0,98914,89157671,137822,97806,89167281,137822
399b7e6a83c279e5,64974,55217457,139408,63871,55227886,139408
39a1f9f5311fd79c,98534,88797571,137537,97423,88808045,137537
39af8ff3b7e1d517,22385,12625751,155366,21280,12637157,155366
39ba7517551f05a2,79175,69397665,138947,78088,69407606,138947
3a2402bff6b87737,47724,37960598,138238,46618,37969918,138238
3a5f45a9c2ce9a76,78138,68380591,137800,77019,68390178,137800
3a6fbb2924479127,55248,45496938,137376,54141,45507271,137376
3a7db98e207a1d9e,83750,73997705,139926,82644,74008785,139926
3a9fa240f2f0896f,57330,47580712,137586,56215,47590447,137586
3ab21403f742a15e,48580,38815639,129914,47481,38825459,129914
3acc4a83979c254a,118898,109119257,115408,117855,109209342,115408
3ace3f90a2d35ec2,33401,23615304,129558,32328,23624385,129558
3ae3f8495e5a1bbd,57391,47640670,139118,56276,47650601,139118
3aeb7fbc626ef821,12551,2816406,137536,11440,2826318,137536
3af91da4cbde64b2,109279,99456560,129683,108237,99466365,129683
3b0bd736bd0e9f76,62567,52838093,143249,61462,52849109,143249
3b14a103ebc1b8c7,83137,73377458,138250,82037,73387352,138250
3b23d126c799e941,65626,55858945,133197,64513,55868964,133197
3b59f6079c499495,54658,44900503,138536,53538,44911920,138536
3b5f8c289c39bcfb,73449,63697235,137163,72336,63707117,137163
3b6c44f63f4745d4,112511,102758032,139560,111404,102768896,139560
3b6cdf0aece12620,87121,77357611,137957,86025,77368178,137957
3b6f1841eddecfb6,61348,51597564,139343,60229,51607241,139343
3b71f2ef87b5fc0f,86742,76997335,136978,85620,77006820,136978
3b8d51010bb0339b,87153,77380890,137997,86056,77391347,137997
3b9832ffe456f120,94774,85020529,155495,93664,85031814,155495
3ba7cb5692c0c574,16481,6633093,118431,15430,6642266,118431
3bac0b7cecd5dc7a,22793,13056918,138357,21681,13067293,138357
3bafb1489e001a68,74034,64277478,138495,72926,64287072,138495
3bb7e1f4cdf920d6,23197,13440322,138262,22093,13449983,138262
3bba44098ac0dc9f,87465,77717274,137047,86351,77727250,137047
3bc019f82babecfa,10592,856495,138741,9484,867341,138741
3bd392998c0941aa,75763,66000981,138997,74658,66010358,138997
3c088409e92291f8,52494,42720261,138289,51395,42730201,138289
3c08df137867d2e7,41831,32096983,138428,40720,32106827,138428
3c1f6bf194947016,59065,49317459,139116,57960,49331529,139116
3c332617d87e4fc7,97966,88176173,129361,96901,88185270,129361
3c39b3b350870325,30147,20383052,155554,29042,20394839,155554
3c77b40220e11f59,24148,14379952,138574,23043,14389611,138574
3c851b4a74373d2a,47449,37700885,136681,46333,37711430,136681
3c8ed290083ad30b,71550,61797441,139274,70429,61808889,139274
3c91237306d6a7e6,11689,1936507,138129,10582,1946053,138129
3cdeae0c1d7d2c27,60470,50717056,137668,59359,50727739,137668
3d162a75e0151ad3,74002,64240957,139020,72894,64250965,139020
3d23ce8ecda75be3,55371,45620476,138138,54256,45630536,138138
3d4cc5636baac251,102956,93197411,136052,101848,93207589,136052
3d66198fca38388a,43972,34217315,140556,42864,34227811,140556
3d71d68f978ea3cd,19187,9436567,137675,18082,9446627,137675
3d7b4c56620a0d8d,95145,85400867,137995,94035,85411075,137995
3d84ddf595363355,100965,91217345,135591,99847,91226999,135591
3d89130a903b76bd,58808,49057233,137749,57708,49073624,137749
3d905d6313f010b2,119539,109797909,137680,118421,109807098,137680
3db1884b3fa47938,64321,54556513,133220,63220,54566864,133220
3db6eaa5d8a03191,57701,47937098,138293,56595,47946405,138293
3db91daa054ef4f4,82202,72461468,139158,81093,72471304,139158
3dea8db194e634ff,103235,93497118,134981,102121,93507362,134981
3e07ff7406a5890b,12702,2940074,137519,11597,2950127,137519
3e5a87b4215a4259,56728,46998660,137716,55623,47009066,137716
3e6e6e155f3df372,50256,40475573,129553,49186,40485298,129553
3e7abbe89d68ea94,117037,107256478,130088,115977,107268503,130088
3e89f202bd82cf0b,39373,29557612,140688,38258,29569022,140688
3eaf1a96ec8518ab,108442,98677738,138176,107301,98687886,138176
3ebaddaf8aac73dc,70310,60557420,138122,69194,60567656,138122
3ee525f6d0bbbc74,114074,104318369,140188,112968,104329399,140188
3f05047ef3915c6d,104813,95057583,137036,103697,95068068,137036
3f3b5fd8958e89b4,19600,9817285,130756,18524,9826650,130756
3f3b6744b0bcee82,54483,44715263,127745,53380,44725175,127745
3f4430ac838a4b13,84439,74677446,140598,83334,74687411,140598
3f535e9c1300120e,72392,62641122,140349,71276,62650815,140349
3f5e3901565dd693,96485,86741485,139465,95372,86751049,139465
3f8fa7f75e0e58f2,78698,68937648,139403,77593,68947988,139403
3f91576a75019229,110165,100398128,130551,109058,100408238,130551
3fb1ea0c37ff298a,118149,108398238,140619,117041,108412095,140619
405a1283ea107fea,96515,86777624,137677,95403,86788278,137677
405f4109fdf7a319,60308,50557376,138864,59213,50567994,138864
406a2bb7e1d716b5,108608,98877785,138831,107502,98888147,138831
406c4ee297beb2e8,45115,35357238,139506,44011,35367075,139506
4072352ba3689317,50476,40700577,138711,49387,40710694,138711
407480907670efa4,44100,34348806,139063,42990,34358655,139063
407ca38a8e063d15,12611,2876660,138622,11501,2887025,138622
40981f742fa32a95,76394,66657516,138804,75284,66667552,138804
40aadd60398561fc,48363,38577729,129828,47287,38587408,129828
40bb57c856f6d2a0,49093,39340198,156350,47988,39351822,156350
40c019ce7b01ec84,53133,43377065,138243,52025,43386960,138243
40cfd1f558136100,101921,92120023,135434,100871,92130346,135434
40d38ca61d4959b6,82264,72521083,138728,81155,72530870,138728
40d51dfb21e1c6df,23002,13239174,129944,21899,13248262,129944
40fa30a9d72a2c56,14153,4376408,137628,13064,4386615,137628
41206a4e51331580,52341,42557191,138195,51261,42567264,138195
412cd0248ea82b6c,26265,16502963,137265,25159,16513065,137265
4178c51ac389c021,101793,91995639,126250,100754,92004915,126250
418335b1f794fd95,16704,6878652,140819,15581,6889900,140819
41a8aedd705858ea,20710,10959772,137174,19590,10969834,137174
41b69865000bcf46,67641,57878203,131582,66519,57887040,131582
41bd0bddcd54d09e,112195,102456306,129286,111082,102465187,129286
41dee5eef62e3fb6,110914,101157553,137495,109809,101168126,137495
41e50998dd882648,43253,33499482,153410,42148,33511277,153410
41e568ad7599c305,105310,95540668,136731,104209,95551790,136731
41f3095d2bd9769d,32673,22936920,137608,31561,22947522,137608
420160ed2f0c8400,98568,88837900,138437,97462,88848886,138437
4210fe8388c889b3,14243,4476655,138310,13140,4486427,138310
421522c94e0ae213,111667,101900956,137512,110547,101911360,137512
422bc0f931eafa87,76241,66497407,138781,75123,66507841,138781
423361b53d0eea6c,118365,108622348,142186,117255,108634433,142186
4233ab369f4685c5,14722,4962588,156670,13617,4973286,156670
42430594d8443a8e,113019,103244663,130860,111960,103253716,130860
425c25f1df3eefd2,93829,84079747,128088,92751,84109854,128088
42662ba92992283c,26767,17037141,139538,25662,17047304,139538
426832836fa9db31,58776,49017131,138226,57676,49029716,138226
42868e0f0d126125,61190,51437247,137225,60080,51447411,137225
429fd0f4f2416562,90294,80517346,136929,89207,80527132,136929
42aaeb61cc6f35e8,90796,81037523,138071,89691,81048184,138071
42b0a0f69c4662d6,26822,17060481,138053,25717,17071115,138053
42bca89186750e1f,70279,60520915,138154,69165,60530926,138154
42c87a97fe8240fd,98357,88601124,137449,97229,88610896,137449
42e1dd8392a133ec,111263,101516379,130230,110176,101525621,130230
42eec83ad0a203fe,108550,98801118,139760,107429,98811334,139760
42fbd5c1b0e603ae,95458,85697601,138147,94352,85707972,138147
4316386e313c6260,23633,13858995,128735,22546,13867939,128735
432472f1cf168464,86190,76407742,126517,85153,76417415,126517
4337ba0f96cf4606,52117,42342360,129759,51047,42352345,129759
433d92ddf615f2aa,95053,85317863,138559,93941,85327531,138559
4353f81ca5b14078,118303,108558799,143034,117186,108568852,143034
4354d87d9e2c7c1b,115327,105556372,128995,114238,105567842,128995
43621e4adcdde252,98152,88377549,137133,97064,88387390,137133
436c1427de725784,43187,33437289,138715,42082,33447584,138715
4373c2e078f983d5,50001,40240190,136935,48894,40249680,136935
4390aea258e081b7,103328,93596937,134355,102220,93607007,134355
43ac218aa6b254ea,53324,43577042,138148,52207,43587681,138148
43bbcaefb2fba3ef,94614,84857274,136782,93508,84867560,136782
441c13a110ee6cf2,64417,54656412,133328,63312,54665744,133328
4423c9a370cc0940,91742,81980756,136953,90634,81989845,136953
442fd3b6830e7853,90764,81000900,137684,89659,81010982,137684
444a4bf9fb17d6ec,37426,27656725,137710,36335,27669995,137710
447907c5d85da6e6,65194,55405380,132970,64123,55414467,132970
4490966b28797abd,48845,39098830,139929,47730,39108950,139929
4498bae35d136743,29753,19996680,138126,28636,20006037,138126
449be7c72d05a753,10326,560239,139349,9222,570692,139349
44aade7ef3d1c86f,93925,84157505,129378,92846,84166976,129378
44b85a92bde712a1,95554,85797269,135918,94446,85807065,135918
44b9d89ae782ca5a,27217,17480055,100129,26148,17499372,100129
44c353ded4f31a4b,43755,34015858,131471,42644,34024863,131471
44d8e9bbe1f4ee30,98722,88957543,137026,97618,88967353,137026
44d9906b0858d770,117763,108001085,137687,116664,108013559,137687
44e00570af716d2c,99926,90137394,136863,98865,90147244,136863
450f79fbe48c0cc2,84245,74483113,139453,83141,74492916,139453
4548a6b6218b3974,75287,65517622,139670,74196,65528199,139670
4579234b1a1c8ca2,78923,69136264,131413,77859,69145632,131413
45a641b19d813cce,31318,21535627,129592,30252,21545761,129592
45cb007e8d05009e,94395,84657753,138710,93282,84667249,138710
45d573a95b5204ca,37908,28140308,138790,36805,28151565,138790
45e59e610b4b1a20,82545,72781235,138866,81440,72791587,138866
46160cf28053d3cf,71639,61897322,137913,70524,61907142,137913
463bf43e692aeca2,97204,87458371,138661,96084,87468661,138661
466c5d89a88cc514,114385,104641253,137932,113277,104653134,137932
466ca507d81a5220,82050,72297620,138845,80933,72306959,138845
46819f1f23f466db,51864,42100917,138594,50763,42110212,138594
468c1dccd95e5d44,53418,43677421,138541,52301,43687341,138541
469a93c36f312522,119722,109957905,137779,118617,109967823,137779
46a3a1e8fc4a96b7,44900,35155453,129938,43781,35164451,129938
46c9b34a525e8e6c,86465,76659150,126930,85378,76668900,126930
46d63abeaf906cc1,22288,12536839,138010,21183,12547174,138010
46d758499dda733f,72142,62380988,138750,71028,62390591,138750
46d90f0bf8ead7e7,36735,26976650,137368,35635,26990183,137368
46dc1b5ef2ed1755,107881,98087948,71410,106853,98093183,71410
46e1465f90920508,119819,110057953,137503,118713,110067319,137503
46f836c61b910e92,92710,82957830,137250,91588,82967293,137250
46fc8348ca6243a1,76549,66781006,140126,75445,66791130,140126
4709d4310a879269,99162,89417503,137120,98041,89427540,137120
4712b016a5cb5627,89718,79957560,138264,88612,79967546,138264
4715bacd55347075,40383,30625283,113714,39336,30633864,113714
47171c9e06d8d203,60844,51103127,136750,59739,51113077,136750
471dcb6dec4cc336,106298,96557568,136439,105182,96567002,136439
4734f0cca893e626,33493,23716688,138130,32408,23726801,138130
473b284e7bad1fba,13302,3562604,136569,12198,3572956,136569
473bb5f2b9632c5f,100643,90882722,152035,99536,90893477,152035
4747f79e615c2071,89523,79761104,138314,88419,79770934,138314
4756a2f9f7d977fb,76742,66981110,138438,75635,66990433,138438
476b0a900fe4fcb9,16730,6919820,156011,15596,6930986,156011
477033c48e1b69b9,77918,68157759,140583,76810,68167321,140583
47737408233d3bd5,79020,69236013,131146,77950,69246494,131146
477de609f06969bb,67464,57696412,132383,66375,57706486,132383
478306440f37cb07,16856,7076883,130040,15706,7086410,130040
478c703171606414,47034,37275427,128732,45928,37284828,128732
4794a6e4a7083276,80654,70897524,138513,79545,70907244,138513
47963dd9a891c95d,105787,96000768,135745,104715,96010975,135745
4798c2a5a2caae2b,92679,82920506,137649,91557,82930481,137649
479abc77a95e481c,71520,61760622,138484,70404,61772188,138484
47a3ae878b812463,103921,94140158,135744,102840,94149386,135744
47bc0223e99f0b5c,53229,43477263,139159,52117,43487804,139159
47c0951b94501e33,74813,65103932,342770,73743,65133769,342810
47c7ed6d5bda8cdb,22513,12756816,138728,21405,12766915,138728
47ee73db824875ce,51430,41677011,137976,50315,41686996,137976
48234dc9ff78ac47,110728,100998058,139872,109622,101008596,139872
48239314345cb0a7,62914,53157533,139242,61808,53167290,139242
4828a96914a2b3aa,75708,65977511,138614,74601,65987125,138614
485b31ea3ce83f4c,20740,10996948,140047,19620,11006752,140047
48607354fe4b680c,117407,107640465,136696,116300,107652188,136696
486511c764a8749d,78827,69062743,131479,77764,69072482,131479
486fa87670449cf0,59374,49637200,138317,58269,49649752,138317
487132e5dca8af30,57896,48159815,101486,56819,48176608,101486
489c1b1b2b3d1113,63612,53816501,132613,62521,53826281,132613
48b816e42dd8dc0e,70340,60597359,139045,69222,60608253,139045
48cf1ee18be3b552,41005,31239871,137277,39870,31249978,137277
48e66df6ccf6d9a9,24807,15076575,137292,23700,15086642,137292
4924d1e50f0cc406,59034,49277244,138270,57930,49288957,138270
493ff75405c3e5ad,96826,87077833,138431,95720,87088009,138431
49563598c07c3dfd,54863,45100555,137961,53765,45110741,137961
49659c5152ab3882,95208,85477489,137648,94102,85488356,137648
497907bfb6df3694,39430,29615398,129274,38300,29625570,129274
4986e4e44f1e731a,102161,92380105,135686,101062,92389701,135686
4993238ca5d918f4,109150,99379154,94839,108117,99386686,94839
49a1aabceee3aa2b,51368,41616912,137469,50256,41627123,137469
49b831c851555e99,101559,91797389,136173,100455,91808946,136173
49d0354a48e9cc05,61093,51337060,138016,59986,51347387,138016
49d7c32b4fba521a,93522,83777621,138470,92401,83787075,138470
49f71f5ff2b37a0f,22576,12828358,138027,21465,12838554,138027
49fab1216bd0165b,60341,50580533,136963,59243,50590965,136963
49fb7e3f6d92b1cf,106674,96917437,136561,105565,96927480,136561
49fb92dbc8d446f5,86829,77097402,137792,85721,77107636,137792
4a267871af084c98,45894,36135643,130419,44787,36144648,130419
4a380c7797a62a96,68949,59245833,360664,67886,59275346,360704
4a4437bd25c337b7,40068,30297642,140325,38974,30307754,140325
4a489445313e6279,23877,14120222,138569,22761,14129668,138569
4a7b771418de11c1,15796,6021807,128749,14730,6030910,128749
4a8cbc5e1cf34c2b,29258,19483252,128352,28190,19492328,128352
4a92446525a3fede,113084,103298017,128985,112023,103307612,128985
4a957870585b9b79,68788,59020357,143576,67681,59030526,143576
4aa787154a2300cd,24180,14416571,137913,23075,14426038,137913
4b16e5646824db18,79082,69298334,142802,78007,69308416,142802
4b207df016428062,58234,48460956,137297,57145,48472401,137297
4b259044ebc0430b,84342,74580501,140612,83238,74590425,140612
4b280453f6d3db4b,22885,13137622,131703,21774,13146936,131703
4b2b4f95feee5adb,53950,44242079,340798,52880,44269518,340838
4b387ba17696b721,29695,19936570,136880,28587,19946676,136880
4b578404db39daef,47634,37897143,138304,46525,37906363,138304
4b7c275b616e9804,66017,56257431,139581,64913,56268498,139581
4badf6965943b62e,91517,81757403,137519,90412,81767125,137519
4bb11eabbe026da2,106092,96337553,136624,104981,96347559,136624
4bc52be5db8ebf26,35766,26019954,137019,34652,26031068,137019
4bd530b8dbe9fd80,91148,81397654,138001,90036,81407653,138001
4bedbf69d25e815f,49061,39297046,137536,47956,39307375,137536
4bf6049327c1d498,96986,87240798,156927,95877,87252271,156927
4c0ea30996a11c9a,18696,8940659,139235,17583,8950674,139235
4c1b7d05a42d5b12,54629,44877164,138731,53506,44893873,138731
4c396a62ed220c6a,63803,54037799,140451,62661,54047846,140451
4c51b5cf903e946a,58203,48437745,140382,57117,48450795,140382
4c6e6dd24da0c502,71214,61436069,130134,70134,61445972,130134
4c73f226c6d48974,67247,57458493,132089,66181,57468792,132089
4c76c7b2f962c830,85548,75783410,154784,84443,75794903,154784
4c93ecdd0a7416b0,58448,48697257,138164,57333,48711080,138164
4ccb4cd842f12632,119883,110121044,137412,,,
4cce664791d31a0e,21904,12137197,141139,20789,12147494,141139
4cd6eae5b770ad83,22914,13175631,129914,21804,13184527,129914
4ce2b72dc7338cbd,11159,1416979,139729,10046,1427281,139729
4cec2ec451310ae4,94085,84337532,137176,93001,84347093,137176
4d32b76ed72f1e09,16289,6535951,58928,15258,6542535,58888
4d42993059c4ad07,27706,17940077,137810,26604,17950704,137810
4d50e552b269439b,48427,38637712,130431,47346,38647103,130431
4d56cf7f7eadc196,36584,26840022,136861,35478,26851988,136861
4d5adecc94900455,41117,31379864,155192,40004,31391093,155192
4d7391962cb9c51d,109658,99880919,138675,108525,99890231,138675
4d74006556e879bc,42081,32320482,138576,40977,32329942,138576
4d9db932401a8793,41983,32220328,137778,40879,32230628,137778
4dcc31abe4c58c12,83814,74057698,139829,82706,74067573,139829
4dea6f7f6f5a74bc,65038,55325219,351231,63964,55353412,351271
4dfac2728b7b32c8,72110,62357483,139028,70997,62368155,139028
4e086d1b5af29b0f,12493,2739824,137947,11372,2749499,137947
4e175636277ef597,68852,59096246,132254,67746,59106001,132254
4e29064952b2329e,76614,66857553,139488,75509,66868787,139488
4e30fb52832a7a39,90233,80457718,137366,89154,80467423,137366
4e53bcd3eb94253e,113458,103697852,138314,112356,103709186,138314
4e927b61c77dfdfa,17932,8156840,138703,16827,8166680,138703
4e9f1208f6cf968b,116435,106697898,136763,115331,106710700,136763
4eb8e4d25ee089df,24115,14356552,137383,23011,14366387,137383
4ee3d6e676f0946e,34377,24620007,137853,33262,24630208,137853
4f24d4fc14bbe3e3,69572,59816323,131389,68455,59826573,131389
4f6736f3e0be98b7,52909,43177211,138549,51803,43186772,138549
4f7b791e8a5daecb,88211,78417603,128431,87135,78426764,128431
4f8ee180946e6fc5,82173,72437931,139404,81061,72447850,139404
4fa8b67e21022c87,62345,52576218,132598,61199,52585578,132598
4fc0b8f8e1da9409,100870,91117252,135657,99756,91127074,135657
4fd1d098dd73b9a0,15231,5479364,136846,14112,5488954,136846
4fddc3f12f7261e7,107624,97838005,128397,106569,97848277,128397
4ff1431444a4a210,68481,58737513,139911,67361,58747321,139911
5003c9320f66d5f8,29812,20068254,137543,28692,20078004,137543
50042d2a1307358a,41585,31836885,137848,40471,31846965,137848
5068c88748526e3c,39970,30214267,171666,38877,30226939,171666
507ab67bd0da9955,65078,55342699,105062,64008,55360728,105062
50aa8506a063a82e,110695,100957989,138628,109586,100968365,138628
50b985f127303275,95907,86117955,128251,94838,86126698,128251
50d99daa964b1172,60691,50937085,137721,59566,50947281,137721
51224ae3ecd36615,70837,61080842,139245,69731,61090812,139245
51232945ced0bf04,56759,47022228,139033,55654,47032463,139033
51256d85eb319fb3,93796,84058002,99693,92718,84076711,99693
51321d46c7e92630,109215,99415077,118579,108179,99424092,118579
513a4cb2ab05c2b1,47355,37599038,129570,46243,37608350,129570
51566a0d998c48a7,79528,69781247,138924,78413,69791642,138924
5178b7df11be9301,91961,82216146,130596,90879,82225953,130596
51896b7275b5a46c,47510,37760452,138942,46391,37770768,138942
5196d0d38dce466c,84095,74357669,138983,82982,74368299,138983
519efb40f77f0927,74252,64503505,155444,73134,64514644,155444
51a74cff8f27a91a,114794,105037832,137994,113688,105049889,137994
51af535015f46f0a,114634,104877785,137679,113532,104892124,137679
51bf38d898e94b8c,56337,46576938,138071,55245,46587044,138071
51dd56c1d7b7387c,115595,105858025,138248,114482,105870817,138248
5204a97a07f29735,10142,360508,137637,9060,370899,137637
521648a52a531714,69110,59322310,133135,68051,59331519,133135
5216c328f2a6dd0d,93178,83417844,138614,92071,83427274,138614
522b3bcdc895ee2c,87436,77677125,136003,86324,77687079,136003
523086c5853d0e96,96729,86980489,154144,95624,86991630,154144
523af5d5ea17f558,113306,103536385,130010,112228,103546067,130010
52525857d17f80d8,106892,97140232,136486,105774,97150329,136486
525cd64283df4b72,60187,50457257,137810,59100,50467457,137810
526ab6a85e93f2d2,37142,27356920,129086,36072,27367343,129086
526fae2af173fcc8,78014,68262436,138719,76902,68272713,138719
5275d179aa3fa22b,31773,22017049,139853,30644,22026456,139853
5280de3988b63498,29134,19423161,340700,28061,19450934,340740
52886f04d8427103,111888,102137830,138467,110766,102147454,138467
5296d391da52bf4c,119657,109897652,136817,118553,109907105,136817
52aa95b86d54f4a0,25562,15795408,129501,24479,15805640,129501
52eef141e90a1a2d,73299,63520663,137149,72207,63530140,137149
52f540475e96a7cf,20026,10276939,138669,18901,10286487,138669
52f7c49cd888547c,61502,51757130,138047,60385,51767520,138047
52fd5d2cf7db99e6,100373,90620379,136233,99252,90630543,136233
5320936570fa78c4,94961,85217479,137801,93842,85227551,137801
532a8b9a4705bf37,71579,61837260,138270,70461,61847786,138270
532e6ba6e9f64ee0,52641,42880174,136216,51518,42890124,136216
534c430960e19a52,59344,49600267,137935,58239,49611178,137935
53606e8cefbbbf31,99566,89800851,137025,98461,89811229,137025
537427fac6e4cb51,32795,23057310,138464,31685,23067679,138464
5378ae0db79ef3d3,43507,33757149,139147,42396,33767085,139147
53b91c706a03037d,23817,14060954,138366,22710,14070249,138366
53c126bf828e4757,69688,59936078,131358,68559,59945574,131358
53cd8c6a09d670de,48457,38675547,128952,47374,38685223,128952
53dc3f4e3ebe1623,30082,20320030,136407,28977,20329520,136407
53ed19aa5194c563,110602,100869598,138788,109494,100879785,138788
53f860138f605360,55708,45956917,137267,54604,45966852,137267
54192c3f49680c07,109520,99716932,129124,108429,99725834,129124
54249cb516954793,101213,91477113,134982,100100,91486789,134982
542661e69f620f3e,119215,109439362,145994,118144,109449312,145994
5428a4187eb9dc29,67214,57436155,131126,66150,57445998,131126
543b3c2b4adb9689,36399,26640101,137524,35288,26651957,137524
54749aeece50892c,51210,41455433,128748,50103,41465151,128748
548360b2131b7113,52524,42757199,139083,51421,42767327,139083
54889177f2a46b1c,78323,68578289,140280,77205,68588556,140280
549e52b8c6836ef8,18472,8719202,152834,17366,8730907,152834
549e5c82bb18fb54,71369,61601003,136866,70275,61611611,136866
54bd806026fb8d32,68999,59259188,80904,67941,59282415,80904
54e082269e116324,108762,99023139,175724,107664,99036540,175724
54fdba55fdf011e7,27883,18136737,138381,26760,18146027,138381
550eb2e07966e46d,52947,43216935,137490,51842,43227508,137490
550eb339bba27b0c,102891,93137273,135986,101785,93147317,135986
5511f8089f51778f,112731,102980942,136687,111615,102990795,136687
551862d23b7514e0,46947,37215413,129659,45839,37225634,129659
551c97e62d725b61,90107,80316060,129283,89040,80325132,129283
552923352e7cc855,56459,46700929,139038,55352,46711010,139038
554f73c21d6c4b6b,14060,4277236,140756,12982,4286725,140756
5569e71586707627,57733,47980026,156438,56626,47991277,156438
55aa8d4d74ea1b98,91613,81857181,136323,90508,81867438,136323
55b0a83666c1b485,105032,95280472,136361,103916,95291580,136361
55bddf86763b9cf3,11313,1576479,137972,10200,1586560,137972
55de67f745a8c373,118576,108818928,144313,117470,108828806,144313
55ea6c571524c20a,110633,100897741,137687,109525,100907970,137687
55f64384b6021719,73656,63917416,138729,72542,63927449,138729
55f97c6477a64f59,22137,12396516,137502,21022,12406809,137502
56096989f4f2a20a,34970,25216660,137449,33863,25229284,137449
560a33f9c9dffbf7,19067,9336309,136751,17960,9346523,136751
5610e0443b14ef9c,89846,80142540,336211,88779,80168513,336251
56343d1117f3a75c,107591,97816227,128126,106536,97825866,128126
563a9e647098f622,53002,43242933,154131,51896,43254714,154131
56499ae1bfe6db15,30308,20557399,140114,29201,20567744,140114
564ed428de51ce6b,108210,98377680,128188,107114,98387040,128188
5663c482bb7f37a7,29388,19596664,129066,28316,19605925,129066
5678f3a779109150,89468,79737743,139351,88361,79747990,139351
5685c197c532bdf4,67848,58117650,140200,66743,58127362,140200
5685d1fabcfa04a8,30895,21136668,137335,29789,21146231,137335
56b62ecd0add20b2,32882,23120513,139241,31778,23131221,139241
56d44bc0e091feec,25369,15595111,128475,24296,15604348,128475
56d703548c52176a,101274,91537232,135205,100163,91549977,135205
56e4d3fbdce57965,51177,41417028,137648,50072,41427038,137648
56ff472f6c9786a8,78353,68617715,139204,77242,68628792,139204
5702244c6dd14293,97610,87857691,138797,96503,87867324,138797
5709f3892aee0de4,15292,5556765,139173,14181,5567181,139173
571f69f80e895ca7,15508,5740012,138388,14403,5749654,138388
573da0b62380ebf2,99348,89617517,137471,98242,89627994,137471
57513c4ee3a228b7,23906,14156452,136742,22786,14166173,136742
5759fa279b6fe299,104193,94437244,135329,103073,94447022,135329
578aff5472529c2b,28315,18560665,137889,27207,18571105,137889
579619c3198c67e3,19123,9359543,137788,18018,9369064,137788
57a40e09824f084b,97482,87721223,138200,96377,87731790,138200
57a7901689a52e22,31350,21557690,130748,30282,21567431,130748
57a9500759a828bb,99193,89457689,137694,98082,89468478,137694
57b561e4d79aebcd,114946,105182151,129668,113882,105200243,129668
57c01d76bee342e8,81669,71901440,140429,80564,71911063,140429
57c1a1771dead049,89221,79477587,138547,88103,79487657,138547
57c5b7f796801c2d,75226,65457252,136444,74144,65467816,136444
57c933f058f8d584,89654,79897639,138911,88549,79908734,138911
57d61256a57aff44,55433,45697139,137221,54321,45707439,137221
57d9bc0b7dbc7715,24310,14556994,138673,23202,14566940,138673
57f9913cd06ef7f8,94117,84360986,139064,93031,84370707,139064
57fe8e675cf733f8,105155,95417429,136181,104045,95428077,136181
580567f2be1719f6,82383,72620913,139201,81279,72631073,139201
5813a6d4eaf4559e,47228,37477041,138103,46120,37487020,138103
58333284a0f01b29,87217,77457479,137007,86118,77472672,137007
58348fb517c6cde8,59002,49240526,138566,57898,49252310,138566
583fcc696b1e16f0,118211,108458400,141287,117100,108468154,141287
5841a92efeca8227,99101,89357620,138365,97984,89368657,138365
584fb3476b05dc49,63009,53256142,132074,61899,53266416,132074
587b595b7604f01e,76483,66721234,138575,75380,66730899,138575
588b1dd46248be37,35310,25537006,139285,34250,25548933,139285
58a5a736e40b987c,13803,4037369,113255,12737,4046079,113255
58a60a191ea522f0,96546,86800871,137214,95433,86811220,137214
58aabbcf347a7d6a,33370,23577176,129279,32300,23586665,129279
58ac82fd36495bf7,112381,102630926,136928,111276,102641215,136928
58b6f91b1f433118,102218,92457519,135527,101104,92467669,135527
58bf83edd1519b3c,32135,22376816,138654,31029,22387277,138654
58da47e5e09f2760,69896,60137370,138584,68792,60146982,138584
58f73b9d9d252e53,113488,103737771,137423,112381,103747350,137423
591917ccd34e3113,119059,109276132,127736,118009,109285362,127736
591e2f18c023e1bc,113051,103276264,129259,111991,103286074,129259
5936f713a9973ebd,30373,20620010,157239,29264,20631014,157239
59565f4706428cd3,10808,1056206,136843,9703,1066009,136843
597a882e1c077ccc,67085,57314880,96145,66025,57325746,96145
597bf0816c31f176,71400,61637186,137337,70302,61647642,137337
599a8b9d34785235,68723,58959017,133113,67617,58968409,133113
59acdab652c5e373,106923,97177518,136896,105803,97187591,136896
59ce4ee09a411985,113577,103838198,138742,112463,103850800,138742
59f5e712a9eb735a,35374,25599725,137067,34306,25610952,137067
5a0ebf724b6e1cac,92114,82377443,137502,91028,82387315,137502
5a0f6572ba65a121,58418,48657430,140187,57307,48669456,140187
5a2175b7c89fef4c,84896,75070579,121462,83857,75079543,121462
5a775fc8c3692b75,85428,75697538,137084,84321,75708149,137084
5a7d2ebfb30fc97c,15475,5716590,138477,14370,5726554,138477
5a90c92ed903797f,35889,26156951,138360,34785,26168340,138360
5a94d11aead44098,37576,27820203,136544,36462,27831429,136544
5a9c286a63523b16,51799,42035705,129689,50699,42045136,129689
5aa24fa1f77c1af4,71276,61498057,130904,70192,61508521,130904
5ab214ecdff87df3,13271,3539566,155122,12165,3551457,155122
5ab737cc7ee1d01f,31889,22140346,139091,30770,22149825,139091
5ab801cbc9566413,42593,32815654,129904,41512,32825216,129904
5abd16b456837075,53788,44023544,156486,52683,44034001,156486
5acccf1d0ec39b13,90990,81237498,137940,89883,81247302,137940
5aef1224e0427c3f,34776,25016735,137800,33672,25026074,137800
5af27c00ba3e64bd,27050,17297194,140282,25939,17308083,140282
5afefc00dd953ca9,86254,76451039,127423,85211,76460290,127423
5b019c4e5898e4f7,12960,3199986,138092,11853,3210130,138092
5b22cd8c3142e104,92208,82477674,138431,91118,82487354,138431
5b5eefb58208bc44,97080,87337866,139100,95966,87348191,139100
5b7ad71a6579ab35,116718,106958180,138859,115617,106970243,138859
5b9c79c4d4ddf987,42146,32380292,138509,41041,32389854,138509
5bb39c6c33a11b31,51015,41257027,138093,49911,41267496,138093
5bc5969303127da2,93894,84135662,127439,92815,84145112,127439
5be1f74e9a6b323c,67908,58177631,139914,66803,58187570,139914
5beca77a0c7705ec,62296,52500704,137990,61155,52510602,137990
5c12a4977376836e,17232,7479149,153938,16129,7491031,153938
5c342c20ef791773,98819,89057595,137674,97714,89067818,137674
5c45d960598b4774,98415,88660978,138735,97292,88670840,138735
5c4c93196cac055f,22255,12496762,138609,21150,12506711,138609
5c6b19ef614cc2e7,82578,72817665,138856,81472,72828383,138856
5c8e899ee0cdf922,50445,40677128,137776,49360,40687002,137776
5c9812f46f760812,109403,99596455,128120,108342,99606889,128120
5caea123dfdcbbe2,46237,36459905,129127,45161,36468809,129127
5cb168880046d15c,38655,28896810,137253,37557,28908532,137253
5cd3cc92a31680d3,34841,25080496,136720,33736,25091252,136720
5ce133ed11fc8950,81427,71677656,139577,80301,71687496,139577
5d0ab5b8dc8ff8af,106737,96980849,137481,105626,96990428,137481
5d1345d97a4c534b,94678,84917332,136805,93571,84927041,136805
5d153578793a2045,92361,82601161,137924,91260,82611047,137924
5d16b032cb57b9c0,99533,89777656,138054,98428,89788050,138054
5d1a60fd25a959f2,36522,26776985,136764,35403,26789054,136764
5d21e8a0fe75ef7d,86093,76332099,112097,85060,76339984,112097
5d2e1cba18b2fc19,63071,53396639,357735,62037,53426982,357775
5d3867e16c256ced,79588,69857558,139233,78481,69867726,139233
5d399be819de14f5,103984,94217284,135579,102896,94227042,135579
5d476bd202399e73,35497,25736882,138408,34410,25749544,138408
5d5063769742a9d2,50033,40323298,339972,48961,40350500,340012
5d6a45a3c850a9be,32010,22277049,139626,30904,22286417,139626
5d6aa630d532df08,50684,40937296,139065,49562,40947393,139065
5d847f835f8ea3e4,40923,31139850,138004,39788,31149783,138004
5d8ef5d2bbabd253,75406,65640735,138257,74295,65651438,138257
5d9932ac976e8a61,105278,95517566,137691,104177,95528736,137691
5dc982842b559b13,89782,80021178,139161,88674,80030839,139161
5de487cd4475cf74,58841,49080532,138101,57740,49092691,138101
5e143de248a63005,61061,51297720,138639,59954,51307937,138639
5e1564dd069419e3,91210,81458004,136542,90094,81468080,136542
5e1cb923e2833602,70217,60461141,137438,69106,60471005,137438
5e209ad952fecc5e,110229,100476179,128709,109121,100486134,128709
5e3c44305c8a67a3,42918,33176947,137464,41801,33187119,137464
5e5243955d9d5478,87056,77282713,136811,85960,77292838,136811
5e57d1c5ad3baf69,104163,94400166,135815,103048,94409895,135815
5e60db8c66596607,55773,46017005,137549,54668,46027024,137549
5ea80e5ffda18d53,50714,40960750,139092,49587,40971550,139092
5ebc071977effc3b,99469,89717768,137759,98364,89727676,137759
5ec68b238d4f31e0,96338,86577408,137075,95221,86587557,137075
5ee4e3e23c6a48d7,44277,34500342,129740,43199,34510579,129740
5ee7a478c2b7f374,63695,53898258,131725,62578,53907311,131725
5ef8e2b33e9b2ca0,106062,96297352,135678,104956,96306488,135678
5efe5ecdd969d4e4,49624,39880593,138572,48515,39890711,138572
5f172fd3cb19fdee,39402,29580954,138156,38280,29591195,138156
5f3d4c44af48b7bd,92296,82537803,139207,91201,82548868,139207
5f430e7fc9d4f604,97513,87757445,137255,96408,87767600,137255
5f4e189aa3953ddf,59282,49537151,138228,58164,49549101,138228
5f5ab7fb0c6e39bd,46616,36857009,139059,45515,36867079,139059
5f602b021f566f9b,62623,52861335,137961,61520,52871581,137961
5f71b0bb0f910ce1,67729,57978495,132456,66611,57987332,132456
5f8474d309e0a4c3,20863,11120386,140752,19754,11130493,140752
5f8cc93e99eb00e9,10173,396393,136487,9089,405854,136487
5fa4e2ee255f6194,106513,96760107,152274,105408,96771543,152274
5fa63645735e5c83,104970,95220691,136979,103853,95231540,136979
5fa7ec82a803e56d,42890,33136722,137293,41760,33146683,137293
5fa89e4306106723,47950,38196865,137551,46842,38207164,137551
5fb6a5c8a27fb7cf,86317,76498421,129062,85264,76508066,129062
5fd748df8bd95903,117990,108237775,137686,116889,108252279,137686
5fdc4ac0ef7d08d0,107688,98017454,389747,106657,98047486,389787
5fde7cc79fc3ab34,69928,60160687,137884,68824,60169965,137884
6012d83d45176e43,75673,65937656,139759,74564,65947120,139759
6046b2a0668327a9,66082,56318066,140749,64978,56329044,140749
607c996710f1af46,54332,44555936,130210,53251,44566393,130210
609a63b6e1121f2f,81548,71817980,140002,80441,71827682,140002
60a1ce4931739f63,19470,9695497,131698,18397,9705445,131698
60c262571a43a285,34440,24696822,138283,33321,24706927,138283
60c29e209b85a325,97296,87557929,139514,96185,87568224,139514
60cfa15fe887b6b7,91395,81657341,136141,90285,81667181,136141
60d1c2187ab216fa,26298,16537322,140463,25191,16547571,140463
60eec43bc47aed47,33045,23342063,340987,31980,23369418,341027
60fbf840dc916ecb,52214,42435790,129305,51142,42445322,129305
6106e1351d9eb4a6,63403,53590515,130982,62361,53600289,130982
61280c4161dcd4d2,68756,58996164,131669,67650,59005554,131669
6138d027fcc1b688,73597,63857173,137217,72480,63866917,137217
61412cabea72e702,71827,62097165,138173,70722,62107298,138173
61557977ddaaf097,118426,108679226,133291,117316,108689603,133291
616fcf7d894baf4e,86347,76535937,128614,85288,76545989,128614
6172169fad752ad3,70058,60297164,137350,68953,60307044,137350
617b70378dd4af12,61409,51657648,138592,60287,51667445,138592
619e1b0cf87404b8,32642,22896740,137767,31524,22907172,137767
61bbf2ba4b738e27,55936,46200214,102646,54862,46218637,102646
61d4a6c9a985f6c3,91086,81337499,136356,89976,81347488,136356
61f6b5708392911a,13210,3459864,137317,12091,3469743,137317
61fcf44b5f5ac3a2,23068,13316492,136771,21965,13326400,136771
620db55592e0773d,26457,16708217,138788,25346,16717746,138788
622de16555c8925c,39698,29940735,138534,38570,29950864,138534
62305e8d58c5917f,16021,6243175,137786,14943,6253639,137786
6232516632666776,104939,95197503,135491,103821,95207603,135491
6235bd1fcde4005a,13394,3656807,139798,12290,3666525,139798
623ed0c0d346e075,76333,66597433,139143,75221,66607819,139143
6243dde79c6dedb1,82328,72597369,137777,81221,72608357,137777
62513a5f0e677bef,116908,107141632,120395,115851,107162439,120395
625b06810f5d19d4,11407,1676525,137496,10300,1686823,137496
626abdc6e6a8015f,95617,85861085,137817,94506,85871124,137817
62926a3b17cbc978,77424,67660950,139264,76303,67670997,139264
62997f48ecfacffd,72361,62617396,137886,71245,62627250,137886
629f4f4a789e5930,26136,16376699,138089,25031,16386509,138089
62a2d4ad827ffd1f,31567,21796690,137405,30476,21806131,137405
62a92004529883f4,116814,107103193,337871,115748,107142229,337911
62bdcb587c7ea7b2,14537,4797022,138661,13420,4806638,138661
62c0e7c4ef4e74df,102569,92840511,152015,101465,92851464,152015
62cac75475c5b10a,74190,64437399,138380,73076,64446694,138380
62d1624351575e7d,100019,90237217,136212,98948,90246974,136212
62de58a26671a3a3,63040,53278695,133398,61928,53288946,133398
62e5eb1516d4147a,40261,30571619,341249,39209,30598998,341289
62e84f1856ee1219,42467,32675534,129441,41397,32684606,129441
6300044003bcda72,36702,26940676,139421,35602,26952290,139421
630396e0de4e4e31,15894,6097480,130520,14825,6106527,130520
6310f3ed23b9a3e1,67554,57778390,131391,66449,57788385,131391
631d858e704c5bbd,24277,14516746,137726,23171,14526710,137726
63324336fcb5b11f,74749,64997159,137096,73639,65006903,137096
63482702bfc3cfce,80396,70637718,139959,79291,70647646,139959
635c7ff56b8344d0,94868,85117684,138363,93755,85128404,138363
635ddb15cbb5b6e9,37754,28016999,138352,36644,28027833,138352
636f23a59762755d,108468,98720932,155915,107345,98732000,155915
63880ee5bfe1ab6f,10295,536737,138288,9196,547323,138288
639cc63ccbf0d8f2,26985,17220785,138636,25876,17231209,138636
63b1dfc6f912f855,88147,78357591,127839,87075,78366919,127839
63ba365c8682adcf,98883,89120683,137761,97776,89130860,137761
63d9b00d266a9880,14123,4339570,137526,13038,4349035,137526
63dd4de7d2241954,81283,71517759,140124,80171,71527785,140124
63e634a470d29583,99598,89837895,136545,98492,89847915,136545
63e9cbbb3ed77a7e,23230,13476569,138093,22125,13486382,138093
63f523f79408475f,64941,55177940,140472,63839,55188401,140472
63fea141182ae329,104074,94300228,135050,102973,94309399,135050
641507fcbc1376b1,72948,63182374,116416,71876,63191591,116416
64327f3a19a36ce1,39645,29876856,137049,38500,29886612,137049
643a0be67b4c765a,113696,103958022,138936,112585,103969094,138936
6443e3a815f0231d,12199,2417306,138981,11108,2426889,138981
645a1d2db9d4f1b4,104877,95120530,136680,103758,95130567,136680
6460aad443645408,77277,67500891,138465,76181,67511781,138465
64743b2e05400f39,97774,88009355,130079,96715,88018457,130079
647e3c3ce35e5ccd,69175,59378306,130752,68113,59387721,130752
6495e3ad309464a1,66675,56936218,131872,65564,56945955,131872
64a03fa732a24d29,25746,15980165,139068,24643,15989736,139068
64a97afd05ec02ef,106984,97240663,136764,105875,97250317,136764
64de775f3b7d2b0a,24774,15036823,138422,23665,15047000,138422
64dfa7029ed0bf0e,19004,9259674,137916,17893,9269842,137916
6503c05130cd3504,45246,35480334,138896,44140,35490551,138896
65040f2886ec5a03,97416,87657330,136265,96311,87667142,136265
650df1fd3c27e6de,118179,108421881,140066,117070,108432198,140066
65176f193c115712,64126,54367765,158426,63027,54379372,158426
6534ba0f0aec11f8,23409,13635551,130296,22332,13645479,130296
653a24f4848b773b,91868,82120884,128589,90787,82130418,128589
656173b7c2e5feb7,65568,55796279,131891,64464,55806207,131891
6561dd6f5de9c356,39540,29740392,137383,38380,29750879,137383
656590156a50eadc,50743,40997172,139104,49621,41007347,139104
65726d4bf9964e87,78989,69196293,131572,77921,69205262,131572
6573d39088ffad09,29545,19759143,141012,28460,19769551,141012
657dc54edf3fe4eb,40896,31116588,136620,39769,31127149,136620
65889b6a1cbde0cc,23133,13376745,138438,22029,13386866,138438
65b995521c75442d,75958,66197647,137440,74851,66207867,137440
65cbbb22b962dde4,17781,7995365,129559,16697,8005396,129559
65d7e9ee6e7f5f9e,119245,109476520,129973,118170,109486493,129973
65e5fa2a46935e0c,92984,83220989,137654,91879,83231122,137654
65ee1aaefa0c9a5d,23726,13957009,129981,22630,13965747,129981
660088bba7807673,33095,23358962,101297,32035,23376423,101297
6609d6e9f4f783bf,62945,53194197,139672,61838,53204673,139672
660c767711ef8322,106383,96620711,136734,105278,96630703,136734
661088c7bccf4df8,19285,9536708,137906,18179,9547552,137906
6619a5d7c36c27b0,42435,32637473,129091,41367,32646772,129091
66468ba01dd7ab72,63776,54000107,141480,62633,54009721,141480
66523e910037627f,83347,73601211,138894,82234,73611499,138894
66569274191ca057,33307,23515260,128647,32242,23525336,128647
665bb1f66d49fad4,88454,78697549,137425,87344,78707863,137425
669cc22270e90c97,81798,72037624,139211,80691,72047610,139211
66d63c1edcb4d07e,25655,15880366,137216,24564,15889642,137216
67006fd0c7184ec1,116066,106301437,137918,114958,106314009,137918
671f10e13fc72920,34470,24720253,138696,33349,24730567,138696
6725bb8812f12af1,19220,9460027,138678,18115,9469901,138678
672e6fa4b27b7426,62222,52397831,142075,61114,52408636,142075
6731ef4318edcab2,96368,86617770,138884,95245,86628566,138884
674836f3f0f1da67,116160,106400933,137839,115047,106413617,137839
674f0244f31a7304,50224,40435722,128214,49154,40444674,128214
6759f5429488980a,49028,39260048,137464,47924,39269836,137464
677754934e265dda,39001,29272770,101413,37928,29282481,101413
677d64dd1982db3d,48963,39200224,136749,47859,39209934,136749
677f64b912db0a0f,33583,23816585,137163,32482,23827044,137163
6797a148e69a99d4,89033,79277762,139386,87925,79288225,139386
67deecbf750849ca,35617,25859971,136375,34506,25871156,136375
67ebd800fa1df2c4,115076,105296241,128423,114009,105307050,128423
67f6a3986f73f311,14917,5156464,137554,13809,5166546,137554
67fa6b13edce59b4,77571,67837571,139271,76464,67852361,139271
67fe215dab6089ee,54363,44577766,129265,53279,44587805,129265
681ae0bdfb309738,94710,84957680,137824,93603,84967804,137824
683595cf944ba44e,79498,69757771,139378,78382,69768149,139378
6842ac355c6deebc,34938,25177317,137049,33832,25189063,137049
68561500f19ad027,16419,6597380,92901,15378,6604762,92901
6861472d37260787,38785,29020688,138159,37686,29033502,138159
68729074002edc21,25984,16239591,136461,24871,16249471,136461
6878290f2b8e6094,39220,29398987,114971,38136,29407187,114971
68b1edf5c7ddb31a,31089,21382361,339946,30021,21410842,339986
68f48ec7f425feff,93114,83357503,136810,92008,83367442,136810
6980f370c33dcaf4,63914,54177596,139763,62802,54188068,139763
698592428957b792,83407,73661111,140320,82293,73671462,140320
69932ca47bf1b62d,101761,91974318,126646,100724,91983142,126646
6995b9357aec1889,30115,20356787,138982,29010,20366827,138982
699a1d7e1034b64b,112762,103017819,137923,111645,103028783,137923
69ab7c9004372e29,45310,35555527,127926,44202,35565657,127926
69c1142936a7d42b,117227,107456391,128716,116151,107468980,128716
69d9d6051610b116,73078,63295984,130156,72004,63305259,130156
6a461de07e166a66,29990,20256625,137178,28882,20267365,137178
6a6089ae5ac97292,92145,82400502,136659,91058,82410377,136659
6a9871dc209b6dfb,65354,55576493,132761,64276,55585939,132761
6a9b23ba1aa50fd9,80090,70349413,139950,78975,70359067,139950
6a9bfc1036a4020d,119755,109997831,138292,118649,110007873,138292
6ad4fb1a3aa389ae,44196,34459052,100608,43117,34476987,100608
6ae3274d65ce845d,78201,68457765,139540,77081,68467782,139540
6af9414458b6fd73,104750,94997242,135399,103637,95007749,135399
6b01a00e5bc26fcb,60565,50816971,136243,59444,50827127,136243
6b054e291864eda9,69600,59838438,131099,68478,59847240,131099
6b14f5577838a83b,72798,63037665,139285,71692,63049159,139285
6b161479660ef67a,83014,73238742,132197,81927,73249035,132197
6b1f59b41a7713de,88809,79040899,138082,87704,79051114,138082
6b34968e537a032a,95490,85737422,137198,94384,85747518,137198
6b563cdb1a4349eb,72829,63077244,137316,71723,63087202,137316
6b75eb51bd539cc8,84865,75050035,126542,83834,75059537,126542
6b78427aa1fc7417,36274,26516698,137759,35169,26528911,137759
6b8441c8a747ff32,77821,68057808,140328,76716,68067448,140328
6b91c0967674fb3d,35183,25415310,128872,34130,25430542,128872
6ba18bb4ac326f93,72861,63145456,350001,71784,63173869,350041
6bad393901da279c,45807,36075541,130267,44698,36084649,130267
6badfcb45f391950,53165,43400296,137372,52055,43410075,137372
6bc31f63b15e9b29,95939,86156290,129854,94870,86165097,129854
6bc7a10f745de940,41428,31675455,128526,40319,31685038,128526
6bce65f5ad9340ca,45926,36175925,129644,44819,36185603,129644
6bd1283d90b2c079,65322,55536095,131342,64246,55545814,131342
6bee39f7d338f502,74587,64837364,138573,73480,64847568,138573
6bf8b5d2d778b31b,79236,69461007,138852,78139,69471047,138852
6c26e0f5cde79916,62882,53121333,139932,61776,53131112,139932
6c5aa8138d34dc3a,28843,19087978,138759,27738,19098252,138759
6c669dfc2b65bc7a,20892,11157046,140327,19784,11166862,140327
6c9f1a26f077b940,43155,33396859,137645,42051,33406940,137645
6caa03cc1d605caa,90617,80877651,139243,89502,80887987,139243
6cbcf367d8a1f284,14184,4416598,137319,13090,4426256,137319
6cc9a8037319b411,113914,104161062,157501,112810,104175136,157501
6cd1ecd336c9e2fe,91484,81720715,137155,90379,81730050,137155
6ce8e4c7874e68c4,64603,54857535,140961,63487,54868105,140961
6cfc5f250c9dae61,69044,59279872,122228,67986,59289232,122228
6d33be2402b34a4f,59909,50155833,130278,58828,50165038,130278
6d360573eb9a208c,48907,39177120,137803,47801,39187454,137803
6d3f6b2999dd029e,76428,66697843,139239,75322,66708925,139239
6d44d6cc8b62d6f3,63210,53453194,117849,62181,53462455,117849
6d461aba1e295d40,34562,24820573,138997,33453,24830155,138997
6d46d3f199cac71e,70025,60260477,137960,68921,60270446,137960
6d491869de6d6ed2,94148,84397572,137792,93060,84407481,137792
6d53b58948993026,89814,80057752,138732,88706,80067086,138732
6d5d155a9fc027e9,17016,7276819,138299,15901,7287304,138299
6d5f36a52071f801,18600,8840243,138734,17491,8850524,138734
6daa120844b1f3c3,24992,15236844,138810,23887,15246971,138810
6dad2f97054cfd57,35405,25636783,137697,34333,25649427,137697
6dbb697b9b76e0c5,97449,87697888,138176,96344,87708788,138176
6dd29f4b8084e545,67038,57298591,82070,65978,57319392,82070
6e0453159ac746f8,86858,77120528,137039,85752,77130426,137039
6e0723a081651d61,11979,2195012,129855,10908,2204350,129855
6e17cab2e9f48e91,45148,35380588,138274,44043,35390405,138274
6e48ba7c6a03f6d4,31656,21880069,138109,30549,21889490,138109
6e4e97b57d95c2e6,92458,82697339,136625,91347,82707333,136625
6e7470002c9cb4b7,89128,79377867,138640,88015,79387494,138640
6e83349b2f555ffb,80884,71096192,131422,79823,71105505,131422
6e903d81d06e7bf2,53917,44155575,129267,52811,44164412,129267
6e948da09cd73aa5,85342,75597440,138024,84221,75607918,138024
6eaed4e53929438b,24027,14297113,139025,22921,14307040,139025
6eb21641d70d5ab5,105376,95617720,137871,104274,95629640,137871
6ec55ce18c3ad493,30775,21036882,138194,29666,21047099,138194
6ec61bac9bb4e2e7,35827,26096818,138233,34722,26109583,138233
6ecd98de47c0edfb,77756,67997633,139825,76652,68008027,139825
6ed5721727b7ce9a,52181,42395591,129698,51110,42405748,129698
6f0ac67ec00daae7,86159,76386341,126937,85124,76395374,126937
6f1f82a06e0b25cd,70902,61185072,352431,69824,61213816,352471
6f4a18eecf71f782,98061,88277699,138030,96986,88287494,138030
6f53c068bc46e3f0,77124,67341562,137919,76048,67351322,137919
6f5444e8a3cebc29,100773,91017135,135263,99663,91027638,135263
6f5a204fed38ca64,54301,44515813,130126,53224,44524763,130126
6f71264be8254fd3,67435,57656345,132752,66350,57665904,132752
6f727ce56aad2bec,61125,51360366,138225,60017,51370495,138225
6f7c34070c098dd3,21177,11416698,138403,20071,11426281,138403
6f7eb46443e88c66,20649,10896355,136801,19533,10906586,136801
6f84e5fbf564b594,23377,13599734,131651,22300,13609311,131651
6f8ef84529c514f0,39124,29340186,112885,38048,29348955,112885
6fae1e33ed51ce8b,105343,95578012,137415,104241,95588738,137415
6fbc8dd3bb4ddfed,86009,76274807,76871,84977,76288723,76871
6fd67054e50d5877,115507,105757734,137430,114389,105772504,137430
6fe66615cd0158c9,105440,95680245,153005,104337,95691597,153005
6ffb97690e481dcf,25866,16116697,137464,24745,16126447,137464
7013235766bd752e,75553,65817754,139409,74441,65828220,139409
701738a9525b910e,19968,10217051,140449,18851,10227141,140449
702ae5cea2dd71f6,29102,19340153,139313,27993,19350593,139313
7048be96a097037c,118086,108337862,137659,116982,108351702,137659
7084df8e90f60123,108729,98993512,166987,107631,99006555,166987
70885607377d206a,80213,70477894,140643,79102,70488583,140643
7090b4c792d9dedc,64191,54436202,130867,63092,54445873,130867
709517e0a0ef5a6c,28474,18719903,137080,27362,18729731,137080
70a64224af25922d,85645,75886476,153774,84540,75898254,153774
70dcc89ae64630db,61378,51622664,138844,60257,51632301,138844
70fcbaf7dc03b29a,43787,34055900,131011,42679,34065367,131011
710a1b4f7f021637,101028,91277385,136768,99906,91287162,136768
710eec84458c825c,101526,91760029,136002,100423,91771031,136002
711d4bfa252d1c33,102418,92677415,135830,101301,92687375,135830
711f9b9945cd9d46,41522,31758884,138640,40410,31768809,138640
7136d3fe03a2380f,35085,25320318,128190,34034,25356298,128190
7150582b0a70ff9b,116343,106601568,137344,115239,106613838,137344
715780faaa34e4fc,64511,54756219,131960,63401,54766583,131960
717cece0efaa62ef,94930,85177772,138204,93813,85188494,138204
71a61d14de47be97,40607,30797425,140605,39545,30808905,140605
71aa2e85fc089727,77886,68121039,138810,76780,68130519,138810
71af8400a5d23b75,74555,64797498,138236,73448,64806828,138236
71b6abcdffd145eb,73013,63236297,131661,71940,63246146,131661
71b8a918964fbde6,47001,37237329,129855,45895,37246670,129855
71d641c42e55f9a1,119689,109920844,137382,118584,109930138,137382
71e8aeb0ea940992,31801,22056943,138341,30681,22067036,138341
71f12bc92259dcd8,73873,64120268,155678,72768,64131002,155678
722c13cae9a0dc91,59313,49576997,138055,58204,49592178,138055
7233f5b4f828df31,31743,21979807,136378,30620,21989112,136378
723c0116cca77346,88513,78757357,137200,87394,78767179,137200
7252aadfae519145,107015,97277471,136740,105906,97287669,136740
72dcba7e7ab6762f,10266,496765,138673,9170,506428,138673
72f339af0144cb06,45027,35297074,137994,43921,35307202,137994
733ff4eb76b896c5,102762,93000422,135888,101659,93010345,135888
734f5402b344b05d,20147,10416952,139083,19040,10426747,139083
73557b4427b89345,108923,99156569,129666,107824,99166072,129666
737100aada830a66,12897,3136648,138716,11791,3146144,138716
73716a8f27ff0012,59625,49860340,138354,58523,49872173,138354
73a657eaf18da3e3,61940,52141455,119637,60933,52151999,119637
73b677a8b0de4c1f,97265,87520865,137312,96154,87530915,137312
73b86918e5e66874,115688,105958196,139075,114582,105971157,139075
73bb5663f6efb143,68069,58320872,157908,66962,58332226,157908
73c27471ac6dfbee,104104,94337844,136549,102999,94347277,136549
73c7a1c7aee4ac08,97111,87369033,137841,95996,87379033,137841
73d69b695a2d9775,102827,93077432,135680,101723,93087363,135680
73e2f674df2e0298,112699,102957814,136898,111586,102968030,136898
741369436fb5ad4b,73390,63620481,139010,72286,63630307,139010
74176d8350b1149f,72484,62740411,138314,71373,62749991,138314
7427206a3bb7bdb6,50288,40499165,139844,49216,40508838,139844
744383d5ab935aef,51831,42077553,140396,50731,42087576,140396
744baa7307b1e6a3,100081,90297292,135695,99001,90306478,135695
746c78505d60ed2d,66274,56516174,131711,65165,56525222,131711
746c91f53e87c05c,53511,43763414,156217,52396,43774428,156217
747aa941b61abf60,58656,48917431,139557,57546,48928472,139557
74a245fc88817dfc,113337,103576344,129003,112255,103586215,129003
74c529bcb8eb3379,37635,27880333,138300,36512,27891443,138300
74d9a441fbbb02c0,107197,97437542,137030,106093,97447522,137030
74ff89143303e857,23261,13541212,335458,22180,13569629,335498
75150e0ae344c085,94900,85140999,138255,93785,85151191,138255
751732e2c39bda5d,78777,69040524,101872,77714,69058496,101872
7527656745c9a42b,21537,11737042,130120,20472,11746509,130120
752eba8cfb57f882,88051,78265573,129635,86982,78274636,129635
7532b8f9ed7d9f20,24928,15177148,139287,23823,15187215,139287
753369f031d750be,42531,32737374,130234,41456,32746812,130234
753c5feecc975cd8,77981,68221137,139088,76871,68231452,139088
754e91a6f902f630,71668,61937583,138508,70561,61947737,138508
754fb72edcbdfe05,115043,105258154,128950,113977,105269362,128950
7551ec797d22a63a,71182,61397832,130272,70104,61407568,130272
755a035f88cef54b,49379,39620412,138381,48264,39630971,138381
758939cba6771eb8,77454,67698020,139644,76327,67708251,139644
75a6c5c5db39ad05,70870,61117362,139047,69763,61127738,139047
75bb65a3bb6e74b3,104370,94637135,134999,103264,94647126,134999
75d2993ef0b750db,27396,17615045,128639,26325,17625247,128639
75dd7742755855cf,76997,67216449,132558,75929,67226265,132558
75f1a57952fcd7f7,76774,67064071,346736,75704,67093343,346776
7635c4c29ee800bd,76581,66817778,139595,75477,66827572,139595
763b3e4fd639ac6e,106033,96260301,135748,104932,96269863,135748
7640e0bb2587e780,32734,22996559,137035,31624,23007031,137035
765604a59c0fc3bc,34906,25140222,137291,33800,25151153,137291
766fe127983060b0,55057,45297207,137845,53957,45306974,137845
76993735ffeb9679,80494,70737473,138752,79388,70747694,138752
76a16ec7578719be,70773,61017136,137975,69668,61026909,137975
76c5fe275ea1df91,111416,101676487,130621,110321,101685985,130621
76ee0dc22c43524d,88179,78395923,128996,87105,78405460,128996
76fbe4cf92711184,94484,84721131,137518,93379,84731050,137518
7700bb54b44861b9,61877,52123651,120637,60878,52134413,120597
770beca614a0cd3c,11849,2084949,128386,10781,2094086,128386
770dda9d40fa5262,56243,46477005,137500,55160,46487285,137500
773f75e9089083b1,100490,90757603,137198,99383,90767372,137198
7772182ed546c0ec,82112,72361032,139478,80991,72370490,139478
7777026721c3fb65,72237,62480396,138177,71118,62490661,138177
778716b36790fa31,75796,66037376,138093,74691,66047087,138093
778ca5ecee9b472c,75828,66081048,158450,74722,66092116,158450
7790348c5f160331,110849,101097838,137378,109745,101108227,137378
7796af8679a81b6f,17590,7820794,112702,16519,7829183,112702
779a070327c0db15,15669,5961553,340038,14599,5987713,340078
779b81cd90fb8b21,93016,83257482,137767,91911,83267612,137767
77b741d833d9a605,61440,51697372,138650,60321,51707297,138650
77cec39981d43722,112283,102521291,137446,111179,102530902,137446
77dad695b3130e51,86928,77204774,179488,85830,77217357,179488
77e2ba450a845a0b,46493,36719976,137580,45406,36729553,137580
77eb5dd2c4ff896e,104523,94759920,135379,103416,94769974,135379
7808974a9cf7abbd,16830,7054937,128544,15679,7064861,128544
782182f2d91675c9,22545,12796833,138344,21436,12806839,138344
7889256e6fd8624e,32915,23157275,139370,31811,23167615,139370
792b0e29d00c4d28,53035,43276815,135737,51929,43286239,135737
793964ab344db2e6,70402,60657295,137707,69280,60666964,137707
7944a116fa6f9651,21933,12176774,137858,20811,12187637,137858
796ad6f1d1333b31,117196,107416322,129433,116124,107427297,129433
796c3059a29f3686,94516,84757697,138131,93411,84767463,138131
796d36ae8bf58066,16083,6293504,138433,14998,6303243,138433
796d388b1c707d5a,108495,98746978,154324,107375,98758252,154324
79a1c3a6a2e966ce,32201,22443424,136861,31094,22452894,136861
79a7dd39ae677eb1,44132,34377153,140054,43021,34387051,140054
79b0ffc25b904155,64573,54816552,132100,63459,54826463,132100
79bc9927f09e1111,91773,82017464,137752,90664,82027047,137752
79bf1a7468ef2cff,14302,4536579,137751,13188,4546545,137751
79e47e8f11ebd0fb,37207,27437279,139587,36135,27451346,139587
79ec05c837d604ca,39908,30185208,184662,38812,30198859,184662
79eeace1cc815d33,83589,73837250,137622,82485,73847152,137622
79f33276f6ce3369,40415,30644663,114181,39367,30653070,114181
7a274b595a0bb796,97903,88116316,130827,96841,88125498,130827
7a2b44e3bc1f06cd,102246,92480443,135782,101125,92490205,135782
7a2e9533b68eb003,109740,99984660,159017,108611,99996426,159017
7a4bee6013f628ed,22449,12696852,139211,21343,12706977,139211
7a5452bd3163ede2,29959,20220019,138107,28852,20229682,138107
7a550412cff06f47,70938,61201982,101879,69865,61220881,101879
7a59b8f51fa2d0b0,25776,16016829,138022,24669,16026173,138022
7a77c11f6a817527,25255,15518064,100251,24182,15535599,100251
7a7f7b51f24ccb67,37665,27917012,138073,36540,27928071,138073
7a8941117b0b9dd5,13901,4114745,127594,12833,4124248,127594
7ad48b811bab3ce9,68036,58280768,158144,66930,58291323,158144
7ad583108206b7b3,71118,61347055,129434,70042,61356696,129434
7ad5bcf166223531,43381,33620737,139206,42274,33630868,139206
7ae85b72c7afdf31,108954,99196386,128892,107854,99205755,128892
7af9e3b514125578,14213,4439700,137031,13115,4449269,137031
7b06f2c500c43fa5,103633,93868800,128177,102565,93878110,128177
7b08c45a6b76ea68,49126,39365995,152733,48020,39377351,152733
7b26912fe5464a59,106799,97040383,136206,105686,97050794,136206
7b33786e5282115e,71948,62197722,137922,70842,62208843,137922
7b46f6208f498d1b,41331,31575259,128647,40224,31584701,128647
7b53902aa109f516,110816,101057751,137781,109712,101068495,137781
7b5fb0b7a529b22e,24404,14638664,130102,23294,14647726,130102
7b63b4e23af3a187,115744,105981418,137087,114643,105992661,137087
7b7dc0fbac0e0198,30341,20580764,138449,29233,20591076,138449
7b9ef940c5b7be9a,30652,20917023,138649,29541,20927433,138649
7bcef2a0d5df499b,11033,1276639,138098,9925,1287261,138098
7c07011c71389312,19631,9855198,130001,18554,9865449,130001
7c1e183f0774e57b,90324,80540793,138883,89233,80551166,138883
7c4129d3854a8191,58507,48757012,138009,57383,48770957,138009
7c45588dab26f7c1,12259,2479767,137180,11159,2489287,137180
7cd17bd33993f15c,66430,56676512,132714,65314,56686472,132714
7cd7c8c26ebb37e9,73567,63817388,138802,72441,63827616,138802
7cd9b5911df7926f,69961,60197774,138091,68857,60207550,138091
7cebf94799c70bbe,55280,45520389,139096,54171,45530188,139096
7cf48d8ed54e8c1a,104908,95157449,136716,103787,95168027,136716
7d16685ac27c104c,110133,100376118,127803,109026,100385287,127803
7d229500331d51c8,41927,32197110,139106,40821,32207661,139106
7d30e52048fb0842,22762,13016763,138123,21642,13026445,138123
7d43b0b114f6292d,32297,22537146,138887,31187,22547720,138887
7d71bd7daa741c6c,17047,7316656,138461,15941,7328013,138461
7d782088d447c90c,25716,15956734,138473,24617,15966165,138473
7d993c5efcf12c81,25058,15297162,139201,23951,15307821,139201
7dd178a88f5efd83,112854,103117927,138860,111741,103127421,138860
7e01d0f194b73621,63640,53838636,131165,62541,53848008,131165
7e0a9d424ffc9b62,66522,56776456,133544,65400,56785784,133544
7e26a268f7cee1f0,95842,86066817,130772,94775,86075829,130772
7e2df400aa7af850,40638,30828373,137192,39572,30837870,137192
7e5fc3bae7372d99,41616,31860269,138241,40500,31870441,138241
7e67390e2edf5937,36016,26259733,154647,34915,26271722,154647
7ebe855ea51b8a2b,47196,37437247,137176,46088,37447017,137176
7eec4445b532d103,24713,14976806,138757,23604,14986938,138757
7f0425adcfb602f7,51273,41517536,140837,50165,41528111,140837
7f0f67c67a72d2c5,44439,34675957,130870,43356,34686023,130870
7f136fbb7a6bd262,56578,46837052,138551,55461,46847007,138551
7f3b93a031bc7ec4,108664,98904700,157338,107560,98916846,157338
7f48960efbdc75d4,88365,78597579,138346,87271,78613876,138346
7f4b2a6bb8ed33d2,115938,106177689,136971,114835,106189498,136971
7f9d0758f886c776,15170,5416647,137438,14048,5426519,137438
7f9ea5579ff6e2e9,107455,97752963,390828,106395,97785842,390868
7fb4c8327b0fc2e4,17872,8096491,137742,16776,8106416,137742
7fb719d1e2b92870,100431,90697634,135839,99322,90708030,135839
7fc45f2144b625f5,62977,53216630,131196,61868,53226857,131196
7fd3d2aae497a35d,20203,10440241,137987,19098,10449788,137987
7fe657da1873cd6a,37239,27460637,137956,36165,27472154,137956
7feb414e7b58bcae,75318,65541032,138743,74222,65550858,138743
802626dcd0927a54,54045,44277939,114197,52980,44286308,114197
803503afffaf77f6,119624,109861075,137484,118520,109870425,137484
8036dd1549f4b6e4,71728,61997170,137628,70623,62007340,137628
8045130f0881723a,9918,143829,130534,8846,152870,130534
80470d77566217a9,78568,68817555,137748,77464,68828356,137748
805b6af445c18c8f,29005,19239749,138739,27899,19249869,138739
807ea655b040ce39,43693,33956902,138192,42581,33967251,138192
80944a31948c455e,114857,105143527,337877,113784,105177166,337917
809a3248fa2ee834,62117,52271502,130673,61057,52281153,130673
80b94414bfa3ae69,55402,45657265,139278,54285,45667493,139278
80ed97a587e1738f,33242,23455358,130012,32180,23464956,130012
80eeca6102b5b515,90677,80937824,139058,89561,80947403,139058
80f7e8e553a98614,104281,94537527,136520,103163,94547835,136520
80f98f9373f591a8,53067,43317241,138215,51960,43327205,138215
810621c1e1a2259a,100461,90720623,136315,99353,90730309,136315
811286867160754d,69206,59416129,131679,68143,59426082,131679
812105eab78f1c93,101728,91952836,127341,100691,91964409,127341
812ecfe7ce097df8,75195,65417216,137109,74116,65427185,137109
814f63c21ca1e53d,98504,88760508,137003,97393,88770553,137003
816d2bbec0608e14,51146,41385652,153563,50040,41396915,153563
819a8e3f418f3997,69333,59557563,139339,68257,59568426,139339
81c558e3b9d9bd6d,54078,44300260,131720,53012,44309310,131720
81c8aa7af72fe9ea,103018,93260214,136571,101908,93270191,136571
81e2fc5eef100d9c,20679,10936611,138136,19561,10947192,138136
81e50ff28de665ff,68166,58401431,140329,67057,58411426,140329
820abd5059917278,105471,95717306,135045,104367,95726909,135045
820e1c1c23412d32,96189,86417504,137416,95096,86427318,137416
8222ef5c0ba6ca1c,84834,75028617,114950,83809,75037496,114950
822508752d28e2a8,80244,70501517,140048,79135,70511780,140048
8236ca0a88284745,87587,77840971,138539,86474,77850837,138539
82386e98f3d392c0,27459,17676251,131264,26385,17685993,131264
823b9a08c39402dc,32425,22677304,138937,31310,22687523,138937
82792b4b5cd3e3d9,36242,26480226,139443,35138,26493596,139443
82808a1c2a6e1de7,107229,97477468,137276,106125,97488073,137276
829e92962fe86589,30992,21236741,138139,29886,21246642,138139
82bc4a862f8503be,87764,78000707,137444,86659,78010286,137444
82cfca5c4b744d87,96922,87160676,136594,95814,87170197,136594
82d74ec422a23ede,49808,40057159,137420,48704,40067680,137420
82dd18f850cc844f,118706,108958644,141380,117599,108972646,141380
82e269110b4f1c1e,104341,94600532,136288,103234,94610622,136288
82f23dc53cfd111a,83718,73961116,137921,82613,73971392,137921
82fd97011eb53329,71430,61660475,138103,70327,61670439,138103
82fdbe07fc21ba7a,115203,105418113,128243,114128,105428179,128243
832e1cb9b1874f7d,38412,28676791,136310,37303,28691090,136310
833bc4740599ca87,83198,73437464,137311,82090,73447216,137311
834e796b14b4666e,46886,37137509,130062,45773,37146966,130062
835f6cc4a5b4ffb6,92022,82278079,141076,90939,82287554,141076
8364b0396d6bf2cb,75494,65740719,138559,74367,65750389,138559
836bdae8e8832906,52758,43017218,138928,51642,43027244,138928
836ff971ebef79e2,85315,75557598,138206,84181,75567739,138206
83a511a2c5285c55,21113,11356504,137545,20008,11366655,137545
83bf40951e96faf0,79965,70217497,138647,78855,70227877,138647
83e14214863e85f9,38945,29247271,346581,37873,29275143,346621
83f01716130a19d1,9836,99579,102632,8764,115701,102632
8403a95370588979,46056,36297001,137821,44947,36306296,137821
8404531b21613013,107390,97637656,137750,106284,97647558,137750
841ad242d05e8cd7,107294,97537608,136620,106189,97548515,136620
842b375522cfe43d,85063,75235936,129378,83961,75245333,129378
842ebf1cefe3e2e4,65860,56118715,132272,64752,56128338,132272
8439d4ea4849a994,39157,29359119,112240,38079,29367322,112240
845c856b4c8093f8,74857,65120994,102014,73793,65140878,102014
845cb015ccb2744d,94991,85240511,136547,93871,85250506,136547
847026a4dd5b6daf,53634,43897006,137648,52524,43906294,137648
84744c13ac137908,33612,23840144,139613,32506,23850403,139613
847f892d4c4e8f0d,103585,93847098,93979,102516,93868299,93979
8498cc45fb941716,78170,68417487,138977,77048,68427138,138977
84b37d185aaa595c,104310,94577529,136286,103202,94588418,136286
84bc54b38d887b9c,100170,90397401,136806,99073,90407061,136806
84cb719662545439,15138,5379897,138222,14019,5389365,138222
84dd4cf87e2e6990,101462,91697116,134978,100359,91709319,134978
84e1f46c64aadbd1,64353,54596445,133700,63251,54606523,133700
8511bf47872ae856,76867,67103754,132220,75801,67114026,132220
8516f0cc6ea29b01,85867,76117242,136984,84755,76127462,136984
851f900e3d594c65,15829,6044066,128663,14762,6053647,128663
8538304ed33a88a8,74717,64960879,137153,73608,64971138,137153
854699fffaea5694,56789,47057278,138217,55684,47067490,138217
854e811c653c102e,28032,18297530,141582,26921,18307093,141582
8551c8099b8070f3,30529,20776771,138312,29413,20787137,138312
857339c420bbef0c,56948,47197413,138187,55841,47207261,138187
857b9bffac9be0a4,86659,76897491,138312,85521,76908286,138312
859b0f6d768f12b0,43220,33463757,156402,42115,33475231,156402
85ce05055e54cad7,77307,67537519,138974,76206,67548171,138974
85d32efd8759a43e,57636,47877089,138137,56530,47886758,138137
860f5a87fa45fe57,38320,28576730,137755,37203,28591838,137755
8621508ba4bf4de4,50862,41120579,138463,49754,41130669,138463
8637825feb4bd1f8,80558,70797641,138861,79451,70807813,138861
8641659acf1f0d59,52554,42797339,139227,51445,42807562,139227
865829eaa1f23e5c,53995,44258601,99391,52930,44276135,99391
867e3e06d7ca18de,54143,44355472,128024,53076,44364643,128024
8684acd8f1ccea3f,25466,15695156,129408,24390,15704843,129408
868a25aec3bab162,87796,78037472,137945,86691,78048026,137945
868b4c31cfa24c8e,45681,35937879,138897,44563,35948676,138897
868d5c724847e43f,40196,30437188,138808,39099,30446932,138808
86914e58527b9a59,51398,41640161,137840,50285,41650723,137840
86c5b63f0d2d213d,10205,436732,139248,9117,446819,139248
86da5f773b9ce09e,76179,66437433,137969,75065,66447500,137969
872ec13d3d981bab,64385,54619097,133379,63281,54628428,133379
873acf0240674d32,76817,67081430,103574,75752,67100763,103574
875a7c191e0eaf81,61221,51460674,138456,60109,51470311,138456
876119351c7718c9,96003,86218385,129518,94930,86228259,129518
877d934d6b8e5545,47788,38020485,137941,46683,38029869,137941
8788ed1f1af14e76,76646,66880661,136983,75542,66890585,136983
8794118e808022a5,77854,68097603,139324,76748,68107514,139324
87946a599b2ce414,11882,2106684,129514,10814,2115572,129514
879d81c4b5deb977,49157,39399649,153255,48051,39411051,153255
87ba8cdfadb6f49e,82952,73176281,131237,81869,73186228,131237
87d814633e294bf2,53480,43736988,137628,52364,43747385,137628
87de85e97f6b0d97,84032,74280958,138426,82915,74290974,138426
87f4e595950160ed,26168,16416823,137547,25062,16426826,137547
88070226b3798bea,93242,83480526,135969,92134,83490250,135969
880a1793d7716b62,101058,91300241,135397,99934,91309655,135397
880b7c560de80628,15200,5456274,137033,14079,5465757,137033
8837fee829a89b53,93861,84101446,128253,92783,84118265,128253
8840ce28e2c3f259,35706,25960131,137501,34593,25971340,137501
884e1616a2e486b8,59560,49797160,137798,58459,49809742,137798
885d1a9c693f6b2a,103205,93456965,134017,102083,93466458,134017
887c53c2a4293d9e,13998,4214937,128937,12925,4224818,128937
887ea0d31fa40679,119363,109600788,143087,118263,109611057,143087
88887526a1d6f0a1,21570,11775209,129334,20503,11784400,129334
8889660063828b23,79805,70040939,139270,78700,70051037,139270
88aca30a3cc99389,89374,79637520,138506,88264,79647858,138506
88bbe0dac50afbbc,40035,30263224,138198,38942,30272810,138198
88cef0c17a582b62,29226,19461495,129832,28158,19471698,129832
88d83372278e6f82,110665,100920966,137650,109556,100931442,137650
88db6e9e6763a446,34743,24980241,137968,33639,24990603,137968
88f55928fe92c20b,27824,18076838,139132,26702,18087293,139132
894f32e906aa5eeb,103081,93337336,135330,101967,93346832,135330
89543f7a3a6109a8,109768,100020735,155287,108645,100031460,155287
8956fa5620531de7,75100,65316038,130029,74030,65325713,130029
896c1c53a6ea54eb,119481,109737819,137184,118361,109747448,137184
89746e0172e48833,118117,108361395,139407,117011,108372861,139407
89a0db5a1e830e20,84770,74989385,116725,83755,74998200,116725
89c386993fc13602,62504,52758412,131786,61390,52767837,131786
89f3c2d3f8334dd7,103763,93978976,136997,102692,93988500,136997
89f73c6ec49ce9a0,13678,3915524,130356,12568,3924434,130356
8a091f0dd5c352ad,102538,92799740,134367,101433,92809610,134367
8a16758efd255b1f,44839,35095328,129666,43719,35104906,129666
8a1a77b5ae947fc1,99436,89677596,137796,98331,89687633,137796
8a49d85152d33f33,85089,75259943,141677,83976,75270297,141677
8a4f220360d4d36b,93763,84041401,332801,92680,84069575,332841
8ab2f18d3a24b349,85188,75397522,138301,84032,75406842,138301
8ab5d570210378a2,72701,62937837,140594,71597,62948492,140594
8ae9b7ddc87e1314,98624,88861108,137230,97520,88870836,137230
8af5ff95f257f507,15076,5320043,137477,13960,5329826,137477
8afa4fa0d357ff9b,14597,4859722,137154,13492,4869502,137154
8b0cd66fac063ba6,112605,102857990,139457,111496,102868607,139457
8b1e640c053f03bb,71246,61475920,129819,70164,61486026,129819
8b39638bf718f21a,105245,95482890,134844,104144,95493244,134844
8b7837f0c5d57a60,65258,55476050,131284,64185,55486715,131284
8b78cb4a77555da0,33432,23638949,140125,32355,23648611,140125
8b98f08131a8c0a2,106953,97217578,136102,105841,97228099,136102
8bb41c6897b5f608,60002,50255492,128613,58920,50265481,128613
8bd29b0c0fd06aed,43570,33820370,138061,42456,33830036,138061
8c312a5140b44cb9,29451,19675152,128363,28375,19684609,128363
8c45daf873e05ca1,47821,38055370,127547,46716,38064732,127547
8c48f9198030854c,20618,10859047,140515,19504,10869850,140515
8c4f95c8542a9d1b,59408,49677436,138471,58303,49691288,138471
8c68c30f8d82dfca,85898,76135690,109261,84785,76143948,109261
8c6dbb0fc2e6a991,44503,34736988,138419,43417,34746951,138419
8c71d6160ba51bb8,60438,50677605,140017,59331,50688467,140017
8c7435b42faff33b,9886,121757,130983,8814,131009,130983
8c74d885114605e3,54270,44477349,128592,53195,44486587,128592
8c8abaa9f8bcc4ef,98122,88349815,139219,97038,88359434,139219
8cb504efcc814619,27646,17877366,141625,26553,17887966,141625
8cc9538bd0c2954f,70185,60437874,140192,69076,60448092,140192
8cefce70639ef43f,10905,1156686,138500,9800,1167141,138500
8cf5a91766cd6033,115234,105456048,127376,114157,105466683,127376
8cf5c2aa9adfeac1,74522,64759640,139058,73416,64769793,139058
8d063b708d2d4601,44407,34635405,128868,43326,34645178,128868
8d1e310d76119481,41298,31536693,135747,40191,31546663,135747
8d28fc87552b354c,118963,109176678,131169,117918,109210939,131169
8d33f4bee7ec70bb,26888,17121832,129365,25782,17131692,129365
8d49cfd44828ce56,83228,73477785,140020,82115,73487746,140020
8d5b91083409ff3d,14787,5036714,137801,13681,5047119,137801
8d71c6806a6e01e3,58873,49120436,157243,57772,49136422,157243
8d8183229f8e79b7,108038,98194519,118255,106993,98203859,118255
8d9c4b60829ad161,82019,72261110,138378,80905,72271298,138378
8db4ad92a3606b61,97234,87497696,138506,96121,87507769,138506
8dbfddcc6783a7dd,22482,12720324,139153,21374,12729990,139153
8dc2f3eb15e1995e,96608,86877659,138454,95501,86887549,138454
8dce4df96c685406,52817,43080086,136281,51712,43089651,136281
8dd277e9aa9ddd53,41088,31340195,138463,39970,31350004,138463
8df9fae2afb4bfd7,11657,1896561,138666,10551,1906269,138666
8e21e2dacfdfb754,117133,107356063,127647,116067,107368460,127647
8e4d76b4348fa78c,84983,75137035,130642,83916,75147160,130642
8e59b3d61e3a428e,118866,109099780,116954,117823,109208595,117043
8e6f3bcf0caf7726,84278,74517697,139341,83174,74527472,139341
8e7e4697c1e9fafa,66989,57284949,357333,65924,57313510,357373
8e91ff9b1ac15e18,59848,50110370,99542,58767,50126063,99542
8e96ff30eb5f22b9,77512,67761014,139966,76394,67771395,139966
8e98aed192793451,74066,64317260,137342,72957,64326835,137342
8e98b94e2f2b0439,88242,78458523,140003,87163,78469213,140003
8eb9e56a96e2846f,20236,10476894,139372,19131,10486694,139372
8ecb5810ee5e719c,102073,92280135,135463,100996,92290407,135463
8ed0ddd080cb70f2,80183,70437591,138854,79062,70447343,138854
8ee200210945a576,114354,104617989,138904,113243,104630642,138904
8ee40cacbdb33bdd,77246,67477528,139727,76155,67488872,139727
8f0ff230b6f51069,111981,102237514,136582,110862,102248242,136582
8f14e4bd4a0d26ad,68512,58759359,129774,67393,58768592,129774
8f24c70159440456,81515,71777816,139914,80403,71787796,139914
8f31b68074558511,117582,107837687,136630,116466,107849727,136630
8f4bca0b85c6c10d,40841,31056958,137524,39729,31067302,137524
8f64e21d5f750673,100837,91077335,135965,99725,91087581,135965
8f7003ea1da896ff,116941,107164035,132419,115883,107177269,132419
8f7521b8dfaebd78,16804,7016659,138228,15640,7026871,138228
8f78843479ef558c,38196,28440602,139412,37085,28452930,139412
8f9f7b69e32a68db,94364,84620686,137917,93255,84630270,137917
8faf2868e34ea0f0,30180,20416534,136893,29074,20426433,136893
8fbebf1315c3e0dc,27554,17775309,129730,26472,17785156,129730
8fc742c8796a6f3f,21408,11643547,128304,20347,11653366,128304
8fe26e0136e4c4cb,85139,75337427,137342,84003,75347712,137342
900cf9e7d39aca21,24682,14940264,136954,23573,14950039,136954
90379e246036217e,29665,19896590,137097,28563,19906014,137097
904114601ed570a0,103795,94017209,134852,102723,94026584,134852
90981d8b6b715a8c,89252,79500864,137840,88132,79510573,137840
90acbd27ccfaf993,12521,2776417,137014,11400,2786274,137014
90b1ee26649ada15,56368,46600320,138499,55273,46610543,138499
90c6e03f995139c8,67670,57916351,132454,66542,57925188,132454
90cad74232394d64,17102,7343279,155693,15998,7354242,155693
90cca0075ccab86c,82888,73116508,131387,81809,73126235,131387
9107c8b4619a2603,108416,98640798,136924,107269,98650305,136924
910bd9f31f0a08dc,43067,33336843,138389,41961,33347180,138389
911e14fd21e38a3c,95585,85837846,138398,94476,85847704,138398
912d0ceeec6a9a87,51461,41717252,138913,50344,41727947,138913
913a54bb01a7d945,79838,70077952,138974,78732,70087428,138974
914a2e64ddeaf066,21726,11937248,129702,20643,11946481,129702
9153ef0d024187de,90559,80817777,137789,89442,80828108,137789
9155313e924c9f9d,85516,75757292,137122,84411,75767186,137122
9166006358bd366e,48786,39037019,137962,47661,39047104,137962
9167ff5bb1e4d900,18135,8379489,137269,17011,8389698,137269
916c3cf3f407d227,42654,32875358,129133,41565,32884719,129133
91703077675c8380,111138,101378074,129333,110055,101387085,129333
9176a66061df57ad,27176,17463433,341484,26103,17492184,341524
917f31631ed80888,116750,106998002,138629,115648,107010875,138629
919799b66f48b052,116374,106638076,138915,115270,106653939,138915
919b2b21c5dce7ee,19317,9560312,139762,18211,9571189,139762
91ae7539b197e7f1,113728,103997703,137289,112622,104010257,137289
91b8ec199c360f49,115809,106040824,137813,114707,106052816,137813
91be2a538c866a35,88906,79143850,156548,87801,79154921,156548
91c9f541b9d9d4b1,60996,51237094,137822,59890,51247403,137822
9222c4f4e660acc0,109492,99678301,129544,108409,99688353,129544
9224bcf566434f88,70644,60880628,138492,69539,60890091,138492
922a8fb1a589ae26,97546,87780843,138752,96441,87791481,138752
926519bc4b5349f5,108183,98356046,128314,107097,98365777,128314
926d7db2424e7ba3,91837,82099117,101130,90756,82116180,101130
9292015f1cef9fa6,106151,96397406,136107,105028,96407588,136107
92ad123f5f70c759,83287,73538105,140578,82165,73548458,140578
92b63d707e64af59,32827,23096997,139309,31721,23107679,139309
92c6cbe49fa3a839,61284,51520386,138283,60169,51530303,138283
92de2186f04ea32f,67118,57336079,125579,66057,57345609,125579
92e5a7e8cb02db9c,61532,51780835,138528,60415,51790729,138528
92e949e7c53e4cad,91117,81360674,137102,90006,81370114,137102
92f0e5414b6eed1b,101889,92097172,135676,100843,92106793,135676
9308f903524e5593,80851,71067240,132231,79791,71076500,132231
930c41316d43c4b2,40576,30755564,129063,39519,30765406,129063
93441e6b0d2b03fc,27942,18203155,156186,26832,18214533,156186
9346459a6c1c8a20,33727,23977036,139404,32601,23986924,139404
93515b198b407821,13709,4001449,340857,12638,4027464,340897
935713f6bd9db71a,33554,23777185,139994,32458,23786968,139994
935dbeca80ba0c01,28754,19016716,137776,27644,19026908,137776
935e5d6c56865b3a,56398,46637256,138918,55299,46647272,138918
937409f3fbbfcacc,92175,82437573,137206,91087,82447236,137206
9385e7bafa6e1625,62271,52477425,139063,61141,52487393,139063
93a1396c9b03fe85,53667,43937318,138293,52560,43946872,138293
93dc80cd94830a6d,28538,18796956,137887,27423,18807262,137887
93e67770a43e6b40,103827,94039870,134469,102753,94049482,134469
93eabb0e2fe085a1,79902,70140792,137773,78794,70150201,137773
93eb260d3d6a44b5,105850,96077633,136497,104773,96088186,136497
941966a471d36335,52878,43140250,137964,51772,43149722,137964
94245c4feeb1039f,60874,51137288,138231,59769,51146865,138231
942945e1b537dde4,73110,63335790,128776,72034,63345029,128776
942c01ed86a93472,45991,36237371,140252,44884,36247176,140252
943c479182887a12,15958,6176608,137153,14886,6186412,137153
94714ff760b516fd,24590,14839848,137602,23469,14849392,137602
9475e711c33bbf42,18758,8997283,130445,17642,9006416,130445
948f772eafb52b79,113180,103397884,129272,112115,103407305,129272
94caa60ab807a8d5,80787,71022677,131956,79727,71032504,131956
94d6b88857cca791,11282,1536623,138000,10162,1547023,138000
94e9be16faa575b2,72548,62817722,138693,71442,62828710,138693
94f2f06a379b223e,81311,71541202,138881,80193,71551106,138881
950b1277cbd322e8,75465,65717333,138303,74344,65727839,138303
950cfbe824e087b2,60628,50877263,138031,59501,50888020,138031
9551cd1cc420523d,49440,39696751,136678,48322,39706940,136678
9583f2f5cbd6ae97,49409,39657053,138269,48292,39667068,138269
958f95794d1d2072,73743,63980731,137421,72638,63989923,137421
959df5100170fb97,78076,68317323,137821,76961,68326900,137821
95c060682e1898a1,19438,9671390,116541,18366,9680291,116541
95c2c20782622e57,76054,66297538,139016,74945,66307258,139016
95e4eb56098031e8,73046,63258238,129830,71972,63267625,129830
95e521ae27c643df,103143,93397395,136648,102025,93407225,136648
960fb942374b0baa,18106,8356316,136403,16982,8366594,136403
9610bab43c860524,21506,11715079,129178,20442,11724699,129178
96283f979c4b62f5,25806,16057004,138888,24695,16066716,138888
96288c36010ede72,30713,20975305,129769,29604,20985333,129769
962b478e258a3b51,58938,49177124,137324,57836,49189100,137324
96370c8651be74c9,81988,72237770,140123,80875,72247541,140123
965fceb215bad47f,117436,107677824,137225,116323,107688921,137225
9663b5864721fd51,24559,14816549,137402,23440,14826559,137402
966dda85f01d4160,16569,6714584,126734,15496,6723937,126734
96925146cb810fd1,105659,95876014,127988,104592,95885126,127988
969504a3bf25cedb,96761,87003486,136424,95655,87013170,136424
96a856a8ff79ac05,113211,103436084,128586,112143,103445330,128586
96b601e758ce5338,21665,11875038,128260,20590,11884076,128260
96b9a8415f04af31,116221,106477982,138727,115106,106493998,138727
96c65d98af395dfc,108826,99078342,139164,107729,99088377,139164
96e4e62300d3943d,116556,106798038,137582,115456,106809259,137582
96f985bd37abeef4,98786,89020608,137163,97682,89030436,137163
9712d2cb1ab891ea,87249,77480646,137273,86149,77492586,137273
972b9809003e837c,83877,74121079,139532,82767,74130549,139532
97314988ed2f1d5f,56915,47157347,138812,55809,47167628,138812
974561f4b267ef32,48235,38455563,129949,47164,38464725,129949
974b1f4bb54e2ac8,44343,34575446,129761,43264,34585058,129761
974cf11cdeb89a1b,44749,34997060,138981,43637,35006711,138981
974eb85fa363625c,106209,96457610,137067,105081,96467312,137067
976e4234f925e606,110262,100500139,142016,109152,100510541,142016
976f1b2355ab7555,85163,75360772,138365,84016,75370708,138365
97c1a8992ac474e8,71915,62160721,157683,70809,62171809,157683
97e88fe5c2f4790c,33785,24036984,138410,32660,24046681,138410
97f9037b4019af8a,91179,81421015,138501,90065,81430885,138501
9809bd6aba6c4cc9,34285,24520418,139001,33174,24531059,139001
9837f4185cca29f2,35002,25282156,340378,,,
9852f50a09852abd,108314,98516306,129034,107177,98526019,129034
98675cf292d24fff,10443,696811,139617,9320,706756,139617
988cce67ff4fd787,92928,83197802,137374,91821,83207936,137374
989a22fdc679141d,100901,91140238,136102,99786,91150069,136102
98a2e7e5e392e706,63434,53616390,133131,62387,53626474,133131
98de0581b0286200,50655,40896985,137778,49538,40907076,137778
9911213865873d8c,19663,9879222,142066,18584,9889676,142066
99305076422e61cf,104251,94500030,135003,103133,94510020,135003
99704f467e7fa764,72515,62777525,139091,71404,62787654,139091
997dc138cc0c43d1,51961,42200275,137247,50859,42210506,137247
997f0d197f7d1061,93708,83977696,139547,92601,83987806,139547
9982870e715c69e3,117069,107278319,129435,116008,107289689,129435
999ac18a0c7a41fe,12405,2656870,138866,11280,2666903,138866
99abf809e2cb5c94,29483,19697482,130720,28404,19706689,130720
99ae837db664292d,30863,21099612,136803,29757,21109061,136803
99b4d420c62bfceb,30559,20819745,156143,29445,20831860,156143
99e64bfe16ed6bab,65743,55998326,144059,64622,56009203,144059
99e8019ad15f3ee4,43349,33597260,140153,42242,33607078,140153
9a2a42430e8dfd77,81863,72109422,139785,80755,72118895,139785
9a2be6f28e07826d,61598,51960521,340442,60597,51986588,340482
9a463e16c5b5b84c,20587,10835323,130502,19474,10845750,130502
9a74c415a3987360,79643,69881051,139190,78538,69890453,139190
9a79f8df25b6d997,91022,81260818,137976,89914,81270657,137976
9a8a8916efe74c87,48698,38937320,137835,47579,38946852,137835
9a8f957a8cca27a6,96309,86540891,138023,95197,86551094,138023
9aaa3b2f3f49cec0,66707,56976193,132097,65600,56986215,132097
9ac43d8bc717331e,64755,55015909,130035,63643,55025192,130035
9ad40e999fe65c58,26103,16340311,139330,24998,16349761,139330
9ade69c8b9f99f2f,119305,109538818,143582,118217,109549426,143582
9afe5d41f710c674,118054,108297795,137956,116951,108308954,137956
9b08f8815c2b50d0,29038,19276782,138242,27931,19286440,138242
9b18bfa6bee9b78d,41363,31597177,130163,40255,31606562,130163
9b3c96cb4294597a,88571,78817471,137876,87442,78828039,137876
9b42adc30611fdbc,13180,3436713,138706,12063,3447620,138706
9b44a7e52dcc4fba,81485,71741085,138706,80373,71750709,138706
9b48f03d726402e6,99223,89480962,137928,98114,89491396,137928
9b4c6e45c211e33a,101644,91910249,115754,100608,91948162,115754
9b4e2bff6c53e48d,78601,68841026,139076,77497,68851134,139076
9b5818cb9615cbf4,57668,47900424,138258,56563,47909650,138258
9b5ba4588312deda,85930,76255480,350750,84893,76282755,350790
9b71d580191923b0,91710,81957597,137712,90602,81967205,137712
9b7a6885921dc57b,20056,10316560,137858,18940,10326794,137858
9b7f37c6f051462a,29783,20036772,137474,28660,20046451,137474
9b87cc78bbff7c79,46737,36980363,137635,45619,36990201,137635
9b9a668e22d322ae,88873,79117424,137929,87768,79127327,137929
9bb431c74a32c42a,117672,107937634,136589,116566,107949256,136589
9bc2d4b615df7d60,55675,45917227,138734,54571,45927516,138734
9bccb86b1db3075f,57766,48001568,127662,56658,48010217,127662
9bcd4c60d4ea26a6,17557,7792215,113280,16486,7801093,113280
9bd75fe016b370e5,81926,72161084,138993,80815,72171212,138993
9bf789763865033c,78293,68541487,140886,77175,68552263,140886
9c0277cf629da724,86576,76797653,137944,85455,76808201,137944
9c0396c304556bee,20462,10700403,137008,19354,10710814,137008
9c0cbeec7e8e2e96,67182,57396177,131578,66120,57406195,131578
9c3033d4fa7e2633,83556,73797873,140204,82452,73807793,140204
9c582f9e1b45657b,13087,3336510,138235,11975,3346700,138235
9c5f0860707fc88a,103174,93420306,135262,102054,93430332,135262
9c6087b7c4336be3,92394,82637483,138017,91290,82647561,138017
9c711cdce77276f9,83376,73637420,138572,82263,73647490,138572
9c7be4028534c92a,96890,87137537,138059,95783,87147270,138059
9c7d2c981a5a9b09,62002,52181447,119125,60982,52190473,119125
9c84d59999ee7afb,33815,24076755,137771,32700,24086744,137771
9c8c189a8bdbb3a0,104782,95019787,133765,103668,95030344,133765
9c96b0af4a3fa69d,40756,30957007,139333,39667,30966819,139333
9cad44c8ce80cf8e,111107,101356253,129305,110024,101366511,129305
9cb8ffd8b3771013,51615,41877040,138147,50504,41886651,138147
9cc47719bc8ed9da,39672,29917310,139213,38542,29928526,139213
9cc5b6d7ba89f13b,28067,18335041,127922,26958,18344715,127922
9cc838fc53667ba8,10938,1180067,138222,9832,1190041,138222
9cc87e798e506dc5,110101,100338053,137415,108994,100347362,137415
9cc88472b7a731ea,99040,89280968,138540,97926,89291532,138540
9cd3011720efed47,54542,44777170,138374,53428,44790193,138374
9cecb68ddac595c7,52085,42320439,129295,51015,42329718,129295
9d053fccc7c981af,27584,17815144,129060,26499,17824687,129060
9d17c7d59b91ddad,28600,18856710,138280,27482,18867748,138280
9d24b39b7942d67b,45497,35740761,137928,44383,35751015,137928
9d2fa06e09b8bc85,111536,101777598,137124,110432,101787504,137124
9d3e60855feecfff,65291,55498510,133167,64217,55508382,133167
9d4888a90b2bb773,110357,100601343,136838,109244,100611266,136838
9d4b9857cb1355a5,17361,7606962,140536,16255,7617624,140536
9d66aebf6ea2d785,77483,67737404,138609,76362,67748352,138609
9d6fa71afbf577fe,54571,44817078,137150,53451,44833753,137150
9d83e096bb7873e4,113367,103598362,130332,112280,103607429,130332
9d908b7744e811cb,60153,50417174,137929,59068,50427557,137929
9dcb522c6c9166dd,22854,13115422,131143,21744,13124748,131143
9ddccb1b3645b1cf,19156,9396576,138059,18051,9406812,138059
9de37c5f5489e6b5,91805,82082293,336934,90720,82109080,336974
9de5b7a26e9f2458,54394,44615468,128962,53305,44625700,128962
9de7c556d96c3160,41647,31896961,138254,40530,31906427,138254
9dfaa2410c079946,116003,106241308,137441,114898,106254332,137441
9e17087997cf0ed3,90588,80841061,138004,89472,80851034,138004
9e2e81c85404613f,41233,31475267,128237,40127,31484952,128237
9e364f7449265722,68419,58661047,137880,67296,58671069,137880
9e3c90cbceda112d,102795,93037387,135982,101692,93047713,135982
9e50b647596a775c,103891,94117262,135628,102812,94126947,135628
9e5c4fd643645477,92263,82500931,137800,91171,82510819,137800
9e6611b8cc56811d,92083,82341186,137982,90999,82350743,137982
9e6c18efea19bedb,56608,46860390,138377,55493,46870316,138377
9e88c8c2f1e8141a,48076,38363153,340452,47001,38390547,340492
9e8f221810e9a58a,74313,64577705,138772,73201,64587968,138772
9ed908c083792176,38850,29134244,334064,37773,29162462,334104
9edbec9645bd52ec,118242,108498614,142298,117129,108509162,142298
9f037a0ad721158d,116589,106838213,138775,115489,106850968,138775
9f3f759f72c9f98a,115536,105781023,137988,114413,105793393,137988
9f5dff18c0bdff7a,24373,14616716,138762,23264,14627258,138762
9f5e5dcb1a4c9636,97142,87397755,139023,96026,87408565,139023
9f881f11fa42cbfe,31948,22216961,139258,30840,22226697,139258
9f9c9c7ce6775b8e,113518,103761114,138275,112406,103772667,138275
9fa18eb97d943935,47667,37937275,138478,46560,37946732,138478
9fa763a52849a6fd,11720,1959662,137115,10613,1969252,137115
9fd426f3d2922f52,32703,22960314,138858,31593,22970854,138858
9fda989b06dbcf20,11753,2043031,340965,10680,2069280,341005
9ffc83ba70dfb644,37077,27302726,129319,36009,27313480,129319
a0173ae6add0d530,64694,54957536,139708,63581,54967478,139708
a01ba8e94ac390eb,102860,93100302,135259,101755,93110190,135259
a032c9eb3eed8b9f,67947,58217619,140393,66842,58227663,140393
a0416a3d8a8dfe9c,74222,64477215,137891,73105,64487264,137891
a057f97de6f03443,21081,11320178,138585,19976,11329951,138585
a0b4cf1b1ae0e791,46204,36438026,112683,45128,36446306,112683
a0cfa891d7b96904,89002,79241094,139373,87895,79251503,139373
a0da5ff545771155,63942,54201214,139926,62831,54211299,139926
a0df1cccc634114c,57077,47318027,140237,55967,47327891,140237
a0f08cb79c2d50bf,89282,79537706,139242,88162,79547961,139242
a0fda76e953baf38,49532,39797163,138498,48421,39807360,138498
a12c14c8184575f9,111011,101262907,129460,109929,101272691,129460
a166987a66c2ee39,33962,24200310,138576,32857,24210922,138576
a1921afcb0f0b4e3,117258,107478160,128797,116177,107488639,128797
a195885e5a1f6cfc,76117,66360587,137953,75005,66370377,137953
a1daf99cda83dd58,79410,69657873,140218,78281,69667488,140218
a1ea802fd3c2fc28,31715,21956799,138659,30597,21966373,138659
a1f8018fcc337fd9,78108,68357349,138336,76990,68367480,138336
a21b244dcdf83e0d,102698,92937153,135163,101595,92947661,135163
a21b8b5cacc22d43,13645,3881239,128216,12537,3889936,128216
a244b0b8f518485b,108098,98253531,113300,107038,98262399,113300
a263975821a39e35,111826,102078097,138878,110701,102087784,138878
a2784d8bca240d9a,112478,102719086,139246,111372,102729279,139246
a27a42812237006a,19726,9956639,138268,18641,9966516,138268
a27ac56fa5285438,98270,88510998,137789,97159,88521287,137789
a292d91adfd67fac,16449,6613097,92438,15405,6620478,92438
a2b46aaa3c593e9a,18048,8296790,138284,16923,8306556,138284
a2c1a99db3bd5628,104718,94957827,136026,103606,94972395,136026
a2c2c9ecbc061843,61562,51813161,139276,60445,51823567,139276
a2d6adce3145abe7,118608,108856430,129982,117502,108869489,129982
a2edc649b142cad1,109824,100080629,154811,108704,100090992,154811
a304b6c40b5c1409,19997,10240135,136862,18875,10250353,136862
a30b87f8dc215e63,96663,86900694,136218,95558,86910394,136218
a31eb4ec20868f74,55216,45460762,139239,54111,45471724,139239
a3295042fbe03ff1,33641,23876837,138626,32529,23886381,138626
a33fafb3b9878a25,70089,60337087,137986,68983,60346741,137986
a3415d673aac0a02,47886,38119245,140776,46779,38128818,140776
a341eaa7d5c5886c,55555,45817722,139090,54445,45827530,139090
a35fe1cd145a37e3,42256,32519580,100367,41191,32536583,100367
a361d19a90956806,35737,25996868,138047,34623,26009561,138047
a3826582192ec60b,48202,38427031,129459,47131,38436393,129459
a3891754a5a11786,31830,22080300,138469,30712,22090079,138469
a38a5c151710ac38,97049,87297751,138160,95937,87307308,138160
a38bb4a98974cc7a,78633,68877711,139751,77529,68888357,139751
a3942c0b3d059a5d,13755,4018174,100364,12688,4034252,100364
a3a5199040b8f76e,112669,102917942,138694,111556,102927295,138694
a3abfb3c022bd16b,73809,64057314,137947,72704,64067322,137947
a3b1e34c5cd8e133,19035,9297481,139547,17924,9307458,139547
a3b77dfe72c6513d,75925,66160797,139409,74819,66170287,139409
a3bc1909586fefdd,79676,69917404,138089,78571,69927055,138089
a3c288b97b262db4,119568,109837798,137232,118461,109847949,137232
a3ccdeda93491df8,53293,43537165,138855,52178,43547637,138855
a41bb5c0939c2a91,51080,41326065,152565,49975,41337285,152565
a4246be47d3f3345,29841,20096719,138217,28723,20106515,138217
a425157eeb875957,17687,7897586,129388,16611,7906764,129388
a4324cad921949f2,96575,86838241,138845,95462,86848056,138845
a432af1b4e3e719d,21602,11815401,131321,20533,11825328,131321
a43cfbcb90980413,55901,46183025,343064,54822,46211387,343104
a43fb8e38ffb0005,17434,7706116,99672,16365,7715083,99672
a4608461619a374b,44779,35018631,127868,43664,35027738,127868
a46236ca200f5ef6,95648,85897536,138352,94537,85907340,138352
a470d33ae5883304,56148,46375597,129636,55070,46385201,129636
a474748751c6b098,35150,25375167,128709,34098,25385355,128709
a47d4c32d80a6fbd,58387,48620296,137647,57281,48631560,137647
a486ab927583ea1e,85369,75620651,137542,84250,75630773,137542
a4a2666b533ea0a5,41677,31937037,138010,40561,31946977,138010
a4d9a54196ef3665,117612,107877822,138124,116503,107891019,138124
a4e69009ba30d173,33844,24100099,138241,32732,24109720,138241
a505c7b23b02ce44,42773,32999238,141390,41663,33009192,141390
a532c4aa01947ce0,62532,52796335,132381,61419,52805884,132381
a535f254e26b51fe,96398,86641047,137766,95270,86650972,137766
a56b1a4ec85cf302,55870,46117121,138398,54764,46126989,138398
a57fe7452ebf8361,111232,101478418,129123,110146,101487704,129123
a58d8dad27ca9f83,81894,72137599,139595,80785,72148438,139595
a58eeceb4e64dd1a,45180,35416854,137658,44075,35426679,137658
a5a1adef0e693648,20115,10376485,137226,19001,10385999,137226
a5d15b860e7127ad,73237,63460847,137426,72152,63471027,137426
a5fb272a2b13aabf,105819,96037387,135793,104744,96047578,135793
a60ef7887e7ca684,56083,46315960,130235,55007,46325051,130235
a60f308852d1c412,93644,83903776,154631,92535,83914638,154631
a63d70106f11b3b1,14478,4736509,137417,13361,4746428,137417
a6418cda91d2f28e,34157,24396784,137242,33050,24406112,137242
a656b71c0b8cbb94,72046,62280872,138693,70936,62290356,138693
a6621fd97c7741eb,80623,70860932,139192,79514,70871060,139192
a6644e00e9356f5c,49873,40117013,138396,48768,40127325,138396
a6a54d164d59c880,17264,7505374,154794,16160,7517898,154794
a6b24789309a8404,90442,80677739,138858,89330,80687243,138858
a6ba0cd0831f125b,112414,102657674,137407,111309,102668166,137407
a6f282656f8b389d,35647,25896904,138305,34529,25908812,138305
a6f52d2d319d9a0f,47417,37677787,141485,46303,37688045,141485
a6f7cdb05541c29c,13483,3719982,138597,12378,3729869,138597
a70b41f64287c43a,35436,25676859,137209,34360,25690960,137209
a70d3eb97bfdf034,26425,16676995,139228,25315,16687470,139228
a723346b2bf930ba,24082,14320584,139020,22978,14330195,139020
a72db7fad85e2071,113667,103921250,137901,112556,103932090,137901
a72fce46f0ee3eba,68604,58858880,133322,67493,58868667,133322
a742b75a3bc3e058,68821,59056426,132349,67714,59066184,132349
a751fd8d5d132740,45529,35776926,137532,44412,35786499,137532
a7595abac5d0b15e,65537,55758427,131971,64438,55768891,131971
a7719460e1d1bedf,82449,72697927,138412,81345,72708278,138412
a790d287b734d93b,70463,60721027,138080,69355,60731372,138080
a7960f7b26c722c7,38753,28997063,139149,37654,29013385,139149
a79c42c816af5083,11252,1500020,139273,10134,1510210,139273
a7c5fe68f691f547,65714,55958964,133072,64592,55969080,133072
a7ccf4e5a0517667,27427,17637073,130284,26355,17647045,130284
a7cf1ab040e560d7,73906,64143602,138361,72801,64153595,138361
a7da0e96dc1a5a11,79934,70177616,138875,78825,70187333,138875
a7e2e9c47fb98df6,34531,24797032,138279,33420,24806851,138279
a819fa0c901a6210,39252,29421108,129577,38163,29430497,129577
a8361f562706cb96,11002,1239723,138185,9895,1249918,138185
a842e5fc8a4c9348,31286,21495266,128531,30221,21504953,128531
a862c6ba7985062f,26855,17099955,157155,25749,17111638,157155
a876dec218f0e245,77668,67937720,139279,76564,67948369,139279
a8adc3048f758cc4,37787,28057104,138857,36681,28068549,138857
a8b3d36e4bb12234,53724,43963479,139045,52618,43972812,139045
a8cb8bee8b1fcbb7,117553,107800759,135734,116437,107812939,135734
a8e59614ddd587f6,85804,76041355,138987,84695,76051070,138987
a8fc8a6953891b47,18537,8777021,139445,17429,8787395,139445
a8fd92f717deb2df,42802,33036908,136906,41688,33047392,136906
a90bf1981c37053e,90264,80480854,137245,89182,80490210,137245
a924daea88b468f5,70525,60780848,138412,69416,60791042,138412
a92b54675ffbe114,22608,12856727,138853,21496,12867110,138853
a92bc9afbb4a2bf6,73479,63720703,138962,72362,63731212,138962
a941eb4321f5be02,114042,104280974,137543,112936,104291902,137543
a942dc94afd73532,46825,37087002,129789,45711,37096899,129789
a96cb4f56dcc354c,52372,42596963,137277,51289,42606807,137277
a97ca47a6953c3ee,56637,46897013,137720,55522,46906860,137720
a9c72ea7b3931d63,31597,21828663,138389,30501,21838071,138389
a9d8b9d6b92470b7,42499,32715354,129065,41427,32724945,129065
a9ddd758a78ebefe,83653,73897445,138152,82549,73907646,138152
a9e16320f81e9bad,71339,61577932,140888,70248,61588700,140888
a9e7ad4be9e84d8b,109342,99518782,128024,108292,99528503,128024
a9f2ce4ed99a1e7e,56697,46960645,138654,55592,46970705,138654
aa116ac6821e7567,92741,82997238,136369,91621,83007336,136369
aa11ae13b5a76079,65597,55836513,133477,64489,55846342,133477
aa15cab57107a3fc,88304,78520597,137821,87218,78530430,137821
aa32ac8afa3cfa77,98092,88317767,138114,97013,88327592,138114
aa5b3e01b2974db6,44869,35117254,129913,43751,35126581,129913
aa6c9fc18effb4c5,117465,107718142,137559,116347,107731665,137559
aa7afdb10d8fbff5,78448,68717504,139114,77342,68728493,139114
aa7d120060b5b3f6,77789,68021118,139209,76685,68030973,139209
aab9d8da2747e657,66794,57036265,131594,65689,57045660,131594
aac56877efb0831d,10235,460472,140015,9144,470797,140015
aaeb14d033b8c494,114417,104677861,138043,113308,104689829,138043
aaf70d6792fc918f,96159,86381090,138900,95071,86390720,138900
aafd34744637505a,98754,88997386,137154,97649,89007360,137154
ab0436a0dee55f01,84738,74969696,116950,83725,74978594,116950
ab1393f08392b22e,31221,21446250,129679,30157,21455436,129679
ab3ffffc8e6cab45,103415,93657216,135564,102310,93666864,135564
ab4a4ef2b3f30c21,91646,81880494,138078,90540,81890245,138078
ab5ae1c96a374d71,87405,77640255,136205,86295,77650054,136205
ab7de75b8b9ad0c1,22167,12436699,138335,21061,12447122,138335
ab80a30160d27677,80059,70317682,139031,78945,70327243,139031
ab8a8384a495fdc2,109117,99355037,90955,108085,99362120,90955
aba258da277eac34,81702,71937666,139549,80597,71947115,139549
abacd28cebcdf8d8,106769,97017405,135948,105657,97028019,135948
abb025102438cf1c,86687,76920640,137191,85552,76930390,137191
abc341637ce29f20,87937,78199884,98147,86869,78216361,98147
abe1fc06720ed0c0,72422,62680354,155099,71306,62691027,155099
ac04f0ef95c6b883,17393,7681120,326813,16319,7707922,326853
ac202dab262b48c2,76900,67125830,130265,75834,67135844,130265
ac38497cfd142740,60123,50380518,138786,59038,50390571,138786
ac553a433a71c6f3,112349,102597990,138453,111244,102608215,138453
ac74adfc9b84fefa,54110,44327032,130191,53044,44335957,130191
ac774df8f64a0092,18789,9035471,130605,17672,9045056,130605
acb8f3aeb1dcf922,110036,100277448,136367,108930,100287777,136367
acc3e7883cb200ce,50537,40760571,139213,49439,40770572,139213
acc74a0c6381de36,115296,105517928,128193,114212,105529836,128193
acd00062f3b80daf,106610,96857598,137159,105504,96868051,137159
ace8aa63b831a4ed,36337,26580401,137471,35229,26592521,137471
acf07014d6b6789e,17902,8119693,137301,16802,8128957,137301
acf2596704c0ff19,42048,32297106,138052,40944,32306631,138052
acf5a9348725dde9,116972,107186031,130347,115915,107197272,130347
ad09e237cf2cd472,59657,49897028,137357,58555,49909662,137357
ad114329a7e91782,9983,197720,130493,8910,207014,130493
ad1a79933e7e2bf4,44164,34442305,340176,43081,34469992,340216
ad1bc6cccf7d0fa1,36430,26676755,137292,35318,26688163,137292
ad8a66c11e385746,38102,28340470,139077,36995,28352487,139077
ad96ea49b3b9154b,66179,56417347,138564,65073,56427282,138564
ad96fb9e7cdd5c2e,34623,24880120,138224,33514,24890184,138224
ada44a42158884d3,47259,37500225,137381,46151,37510345,137381
adb2e5ed719d11c3,45083,35320492,138761,43979,35330611,138761
adc549fe7e64d0bc,100343,90597357,136307,99221,90607646,136307
add0c7b559f74191,19252,9496592,138000,18147,9506578,138000
addaf0d60fe68d2c,37333,27557739,138885,36253,27569865,138885
addd90334ba33f12,71053,61276147,130820,69979,61285547,130820
ae0070cf9dfddff5,100520,90780443,135376,99413,90790423,135376
ae06bac629e5ccd7,84064,74317696,138380,82944,74327206,138380
ae3d2d381a3cbf48,46269,36495534,129769,45193,36505070,129769
ae426fc8ac489926,35927,26196854,137891,34823,26210901,137891
ae67288803f28379,40977,31216738,137157,39840,31226399,137157
ae7d7ed770734c8b,78046,68285918,138489,76932,68295226,138489
aeb43470bfae5bb4,111602,101838196,138526,110490,101848177,138526
aeb4e40592dd7c7a,94179,84420837,137754,93089,84430995,137754
aeb675e73c63f38f,33210,23421925,128112,32149,23431281,128112
aebebeaa41a1d33b,44596,34836854,137291,43503,34846673,137291
aec56ac827637ab1,10743,979828,137443,9639,990056,137443
aef3a7454ff74e24,60502,50740357,138003,59387,50750600,138003
aefcffe6d8249966,11128,1376290,136539,10016,1386005,136539
aefe6044196de641,26920,17155371,129983,25813,17165250,129983
af020f977c84e02e,34189,24436777,136025,33082,24446931,136025
af09d2ade8407a8c,72668,62897957,130781,71564,62907167,130781
af1e4f5eab5f51af,98029,88241477,138147,96958,88251518,138147
af1f8fe446a1494d,35118,25342277,129687,34066,25357144,129687
af368656b8d2b1ce,23344,13577476,112999,22267,13586258,112999
af56800b2a1a7da9,55341,45597198,139012,54228,45607490,139012
af69d6880b46d685,35035,25298604,98960,33971,25355605,99049
af834408d4d2f4bf,57013,47256562,135043,55905,47266479,135043
af945e77acdeafce,27912,18176769,137481,26800,18186846,137481
afa0f961709664c7,59753,49997298,138724,58648,50007546,138724
afb7d4b5dc247490,119122,109336775,129334,118065,109345994,129334
afb9223087c77a5a,83622,73860933,139873,82518,73871106,139873
b0188891357edd45,108523,98777462,136478,107402,98787926,136478
b0240ce6bb7dbd2a,15926,6138324,140453,14856,6147773,140453
b03ca224a178c85b,12735,2976455,138150,11630,2986606,138150
b06e1022cdb14a1e,65129,55362619,117656,64059,55371775,117656
b070f2558a4f57a9,113547,103797790,137566,112430,103809250,137566
b078193a8d33a4c5,93146,83380656,137179,92040,83391225,137179
b07dcff5fb39a700,36647,26917089,138410,35543,26931580,138410
b0843e64af84fdcf,78414,68677573,139023,77305,68687478,139023
b0976581e115b6cb,114763,105001402,138365,113658,105012350,138365
b0b259cfcff4cb5b,57797,48037380,138923,56689,48047060,138923
b0be4e73fdfd037e,118738,108980562,129547,117631,108991527,129547
b0c5bc72d485deb1,57547,47817327,138460,56443,47826739,138460
b0e35b2943bdea3f,74652,64897440,138394,73544,64906956,138394
b0e46aa3aee6a584,14981,5219595,138238,13870,5229942,138238
b0f90c391f8496b5,119509,109760956,137211,118392,109770861,137211
b1093bc1b9ddc64e,21441,11665832,131686,20379,11675570,131686
b114eb8e79ceea5b,36833,27076954,139181,35732,27091947,139181
b118b3fe5ccf7f56,43632,33880394,139314,42514,33890123,139314
b14799165872569e,49190,39437002,136552,48083,39447475,136552
b14c75f2bfcd5ba0,46399,36617651,129983,45318,36627129,129983
b159e6b0e4e29f4d,41147,31415205,127139,40039,31425049,127139
b178a2b4d3f37e12,15387,5656511,137203,14280,5666555,137203
b1ac8f3a9210d57a,112937,103200589,102730,111878,103218315,102730
b1ca61aeadc0b94c,55153,45397166,138323,54050,45407581,138323
b1db5ac5baf0a164,96250,86480940,137496,95148,86491115,137496
b1e08432b0ae1fc0,15604,5839902,139276,14498,5849286,139276
b1eb295742760373,97935,88138379,130287,96872,88147428,130287
b218feb1877f92da,33995,24236793,138312,32890,24246443,138312
b2266e0b6e06d300,100257,90497225,135648,99142,90507062,135648
b24023bf71c982c0,46120,36402135,339068,45039,36428619,339108
b241bb54e658ecc2,85288,75521029,139127,84149,75531420,139127
b268674a83e7e369,82791,73016228,131187,81715,73026543,131187
b27cd0af9753d3ef,99957,90160212,135151,98893,90169399,135151
b28bee612bb79033,29871,20119705,136016,28753,20128872,136016
b291bd8f2c00a08d,54746,45004890,137654,53640,45016909,137654
b2d1cf0d48e00a62,47542,37797074,137812,46420,37806329,137812
b313e60211fc7d64,24467,14716742,138182,23354,14726393,138182
b327892cb097de5b,62090,52245062,133215,61041,52255104,133215
b33c51c4b3b3ebae,23570,13795260,129847,22488,13804807,129847
b34d77b7f30a1d4b,89556,79798012,140684,88452,79808344,140684
b35a3988d8341c16,103448,93697646,136281,102342,93708581,136281
b35ee20025e6e0de,113116,103336589,129156,112055,103346106,129156
b38a1280a8a598cf,19878,10115147,129544,18776,10124135,129544
b39513f12329ea9f,14030,4236558,128086,12954,4245383,128086
b399826740e35fa3,97838,88053015,128426,96779,88061921,128426
b3a5944959ce12d1,94743,84980909,137246,93634,84990658,137246
b3a7a7d2c9adf6fc,31445,21656696,137693,30369,21667298,137693
b3ae546fc6c7dcc8,85483,75723650,154659,84378,75735128,154659
b3bdc44e584721bf,63243,53483314,118441,62213,53492458,118441
b3ec90b03ec8dd9b,109432,99618618,130743,108364,99629343,130743
b3f1aea079127015,84471,74820762,342833,83457,74846521,342873
b3f878f69d56aac7,32765,23022978,156182,31655,23034267,156182
b42f4e9250d303cc,18665,8917148,139348,17553,8927786,139348
b43fa1b1ba7310ce,47853,38095485,129543,46747,38104470,129543
b47bb8b29cf20fbf,12800,3036227,135748,11695,3046297,135748
b47ed003045d119a,56051,46275605,128842,54976,46285370,128842
b4804c34a81c37a1,19938,10175826,129600,18826,10185467,129600
b48eb2385323442a,12168,2379605,138011,11081,2389662,138011
b4b152a0516ce0ea,61029,51260242,137132,59923,51270271,137132
b4c77a7929cae4f2,69746,59997788,130418,68629,60006882,130418
b4df25dbfdb92421,21209,11456828,138165,20103,11467202,138165
b4e56bd40bf84887,98657,88897643,138419,97553,88908316,138419
b557c68ec4290367,32612,22860327,139017,31494,22870537,139017
b55a0b5fb39f0260,64000,54261296,139783,62893,54271132,139783
b583fd8380ebe1c1,30277,20516718,137907,29170,20526695,137907
b5ae8df5b8b19363,56488,46736842,137081,55377,46746844,137081
b5b325be761c7ae2,40950,31177004,137980,39808,31187834,137980
b5c518ab0942a318,86436,76637725,139484,85356,76648614,139484
b5dd87849ce0829c,65006,55241099,140047,63904,55251349,140047
b64872266ffee58d,98946,89197583,136734,97837,89207688,136734
b6638a100ab7ca75,42371,32587216,129569,41305,32596670,129569
b67480c02f1d8f85,22823,13078862,130098,21713,13088310,130098
b686ab4086d96625,65448,55658458,131735,64361,55668574,131735
b68aec307943a3ac,99315,89577446,137070,98206,89587843,137070
b693dc037956914b,80686,70983098,342445,79621,71011243,342485
b69ec75a6958ad71,45959,36197669,128852,44851,36207234,128852
b6b32b1192b99091,84706,74952783,115924,83695,74962277,115884
b6c6d0fe7e001a8e,95083,85341165,137851,93973,85350612,137851
b6cb2aed5492e734,22321,12563594,158523,21216,12575496,158523
b6d329071c1f22f6,119185,109398944,130962,118120,109408298,130962
b6e906a42cf6c780,99894,90109419,138381,98835,90119101,138381
b6fd5797353f7165,91241,81497608,138006,90124,81507497,138006
b706f91c71bed710,70122,60360563,139123,69015,60370170,139123
b7072d8cc0527abe,12463,2716537,138344,11340,2726793,138344
b70766a0613db9c1,52612,42857125,138873,51494,42867033,138873
b724db3d29b3d935,62171,52347577,132397,61088,52357828,132397
b72726beb658e435,57515,47777155,138267,56410,47786853,138267
b72de6e7604e9aa6,57045,47279855,137838,55935,47289714,137838
b72fd6c52932225c,33873,24136897,138581,32761,24146132,138581
b737156caee5ffdf,55122,45360388,138119,54020,45370639,138119
b754404da956206d,109066,99331939,77206,108034,99344652,77206
b768362f705e2075,97998,88218117,141159,96930,88228661,141159
b77c0a43e8baa13d,18287,8556458,137429,17181,8567231,137429
b7871fe1f5d26b85,34409,24656910,138714,33292,24666533,138714
b78ae7b86812a4cb,115447,105681384,138499,114339,105692599,138499
b79126c4a5504a0e,16780,6979899,139138,15626,6989731,139138
b79c18b9e50393a4,68885,59118689,132930,67778,59128254,132930
b7a88f00dc1c36f0,85709,75957805,139192,84602,75967584,139192
b840a9b741bde519,48639,38876922,137416,47531,38887290,137416
b85b43e1ad52782a,40101,30337213,139846,39006,30346694,139846
b88bbd3fc9042f95,39188,29379440,114121,38108,29387872,114121
b8a5d07681665318,85678,75917837,136863,84572,75927471,136863
b8a7df74fcf7ee5d,33670,23916931,137198,32552,23926595,137198
b905328459994b19,60752,51000513,137657,59635,51011426,137657
b91a4ad63337da96,73267,63497457,138716,72179,63507954,138716
b926472ff225d97c,117958,108197931,137525,116858,108209417,137525
b979a2fb19816784,57110,47357370,139572,55997,47367775,139572
b97dca45bfc9b202,46647,36880198,136983,45542,36890094,136983
b97dd56d14d40843,116128,106377683,136743,115018,106392151,136743
b98b85441ee81170,90414,80641084,139109,89306,80651189,139109
b9a552f565800c5b,57173,47417053,138180,56058,47427422,138180
b9ad5cb61e750675,39092,29321008,114858,38018,29329492,114858
b9ce13801eaa3675,67758,58017964,142130,66641,58027637,142130
b9e1dc67f81e3ccb,90010,80224615,129404,88947,80234112,129404
ba017a2237021120,29930,20196728,138064,28821,20207036,138064
ba10a0fb0b558c43,20365,10600059,137604,19259,10610230,137604
ba15d2625c54755f,108126,98276398,130378,107059,98285934,130378
ba2452c54b835dae,27144,17379722,137034,26029,17390052,137034
ba43b61f280ebb82,37302,27520241,138731,36224,27532504,138731
ba504266f112c302,93461,83717558,138253,92342,83728471,138253
ba78e5ff95aeadf5,71490,61737244,137997,70379,61748965,137997
ba9fba0fbeabc8ce,10621,879749,137422,9513,889565,137422
baa898b5298e125c,32393,22636871,138075,31280,22646629,138075
bab003d9172faa60,25836,16080503,139352,24719,16089890,139352
bb0de802a0e02956,62033,52202239,121591,61004,52211563,121591
bb30eddeae675f5f,52278,42495574,129522,51203,42505644,129522
bb3a584a3d608779,58297,48519910,136962,57202,48531547,136962
bb3fa180f13e5c71,51522,41776991,138088,50402,41786911,138088
bb44f85646fa4486,49905,40140664,139810,48800,40151009,139810
bb4c8b62df2f3463,111858,102101786,139898,110735,102111355,139898
bb4d1ca997a62039,105881,96100672,136289,104801,96110191,136289
bb734d509709e559,51336,41580805,139328,50226,41590587,139328
bb7fc8fcb7bf7e47,64844,55081465,139151,63743,55092020,139151
bb85242a3b1745ca,69808,60077925,141463,68702,60088427,141463
bba48a8d7b032ab3,22107,12360065,137994,20992,12369487,137994
bbc8104d53368e84,24621,14876849,138497,23501,14887373,138497
bbca5e34df082082,74159,64400508,137828,73046,64411138,137828
bbd1eb27dd99fce1,42210,32502702,342020,41140,32529669,342060
bbd76d49c5c84e24,48549,38775469,129153,47455,38784410,129153
bc1319eca32909e7,116857,107121297,107923,115800,107161372,107923
bc1a39e03512d2bf,41200,31438572,138271,40094,31448690,138271
bc1ab06d2947a7a7,106328,96597573,136692,105221,96608015,136692
bc21c916b9125dc2,47067,37315898,129828,45960,37325869,129828
bc2b3001469e410b,81135,71357475,138815,80051,71367283,138815
bc35cddd0e0a5fd6,63555,53738179,130738,62481,53748303,130738
bc3f5388857aa7a4,105593,95829139,127438,104527,95838883,127438
bc3f9cadd2d86e66,114667,104901048,137831,113564,104912767,137831
bc409fa674c0eaea,68357,58609428,140897,67238,58619882,140897
bc42f3e06c2bb216,18912,9175505,130406,17799,9185265,130406
bc4e35786648b62c,92426,82660891,138605,91319,82670816,138605
bc667427be9c26e3,20268,10500318,139062,19163,10510346,139062
bc6e1e263175212d,37694,27956728,137293,36581,27969063,137293
bcae23a3a6837dd1,73174,63397429,138601,72095,63407118,138601
bcaeaf7ef6473dbc,119786,110020995,137268,118681,110030273,137268
bcc71a86524425bc,112824,103077798,137541,111703,103087608,137541
bcd11426e6ffd55b,73687,63957454,139505,72581,63967629,139505
bd1ee20de115a5e3,36178,26417155,139552,35076,26428348,139552
bd27685841c70d33,21015,11256592,138300,19911,11266594,138300
bd5153dc1b55349c,84309,74541344,140121,83206,74551452,140121
bd53e6d52d034d4e,17135,7379394,154237,16031,7390562,154237
bd91cbaa351848c9,31382,21595166,129059,30312,21604939,129059
bd9434864f350b79,26047,16316737,138249,24940,16326229,138249
bdaab434daddac71,104845,95097459,136651,103728,95108499,136651
bdcc14a54e5c7cd9,17842,8058974,140462,16751,8069395,140462
bdd5c85d9d247d16,83971,74221396,139516,82856,74231628,139516
bde669df11730b28,102729,92977498,137222,101627,92987914,137222
be1273cf841e6194,74972,65196232,130696,73907,65206385,130696
be1a8b6a6f933624,54239,44455594,130109,53167,44464862,130109
be6854e6b3f1ba71,76710,66957643,139190,75604,66968134,139190
be735cd908d3b929,36553,26816936,138657,35443,26831061,138657
be835165256f564a,23295,13558329,102104,22218,13576814,102104
beac7e9009f99a5f,21473,11687817,129884,20410,11697373,129884
beb862df84dac87a,114536,104777583,136913,113435,104790908,136913
becdc5e9b05d1d20,71150,61375818,129540,70074,61385351,129540
beeed23257a59e50,32549,22797071,139484,31427,22807255,139484
bf0e6e41d07d88a2,10015,235097,130085,8941,245152,130085
bf15289ed76beabc,102360,92617141,135207,101241,92627928,135207
bf249abb2d28a2b6,46855,37115576,129669,45743,37125542,129669
bf4a654efbeca13b,90708,80977680,139393,89601,80987743,139393
bf4b1c685e074eef,63307,53523800,119703,62275,53532946,119703
bf5c95cb84c594ea,19848,10086671,130096,18750,10095522,130096
bf6c2a4ed7a18856,97642,87881116,138808,96535,87890666,138808
bf749bfb3480085f,108155,98316105,128315,107078,98325542,128315
bf8304ef58659e8a,49471,39720135,138366,48351,39730602,138366
bf93091739ef1821,94428,84697902,138003,93321,84707604,138003
bfbd56984d062a30,69717,59975727,129422,68599,59984872,129422
bfd8d2f5de8368dc,97328,87597482,137100,96221,87607967,137100
bfe7fdf3a6266006,73538,63780603,137738,72411,63790700,137738
bff4706a287d7660,31476,21696392,135850,30397,21706756,135850
bffc1c67d8865184,53100,43349162,138133,51993,43359196,138133
c0263f3c9eb4259c,43476,33719943,137640,42366,33730401,137640
c0287cbfc44855c4,115140,105367843,130252,114070,105379341,130252
c030cb9926a2f101,116782,107021573,139740,115679,107032814,139740
c03a99a0591cb64b,101397,91639975,152120,100295,91655243,152120
c03ef7f724c78e7b,106239,96497365,135614,105121,96507501,135614
c064adc996bd74fc,95393,85637633,138540,94289,85647208,138540
c065fd8168778746,15862,6075082,129234,14794,6084241,129234
c06f2c4900c49c1a,68230,58477591,140269,67119,58487991,140269
c08a7064e847d046,48875,39136831,137305,47760,39146841,137305
c09efb2a98f61731,101983,92197531,136326,100924,92207770,136326
c0a4954a4f720761,117287,107516291,128971,116202,107528741,128971
c0c16e41f5a6d00e,39343,29515237,128036,38235,29524982,128036
c0cb3e4734e84b35,15989,6212503,137688,14914,6222102,137688
c0cc3cd9655321b0,104044,94277371,136304,102948,94288165,136304
c0eedaaa0640624a,63496,53671785,131579,62436,53681458,131579
c0fd1f7df1b8997a,75893,66137323,138220,74788,66147371,138220
c11aa2d6ee21f56d,107976,98135070,92792,106940,98142384,92792
c13cdbb63e9a9d9a,112228,102498069,139618,111121,102507958,139618
c140deb3d7e0cf70,104686,94920273,135959,103575,94934403,135959
c1486a44d4664371,62144,52313797,132125,61073,52323599,132125
c1552c6d76e5f419,20771,11036894,138898,19661,11047582,138898
c1821a015d2c053a,16355,6566271,92963,15321,6573676,92963
c199d29f9862bffd,91364,81620819,138526,90254,81630244,138526
c199e7c7d88b8086,60093,50357064,138093,59009,50368028,138093
c1c1bad09fceb2a1,77155,67377445,139046,76076,67387820,139046
c1dd770ae9db4262,11190,1440352,138473,10075,1450433,138473
c1e2cc25b88a37ac,19349,9634449,337383,18272,9661736,337423
c20dd7deb58038c5,37605,27856984,138872,36486,27872034,138872
c20eb905ae5a47bf,26734,16996868,138725,25628,17007099,138725
c211a87dfc0b6613,56018,46244512,131292,54943,46254081,131292
c22b6b027758111b,23847,14096769,138346,22735,14106463,138346
c230b7cbdc3f14d2,90861,81111764,155017,89756,81122583,155017
c23715b9dd2f02ab,93430,83677576,137874,92313,83687838,137874
c23c1af8061f581a,52582,42820923,139322,51469,42831451,139322
c262afc01f6fd9cd,119091,109298060,129555,118038,109307575,129555
c27317024b323031,32581,22836878,138418,31461,22847357,138418
c281787ab6f0425d,75583,65848868,139363,74474,65859498,139363
c2a7dc692cebb1f7,50191,40405436,129189,49122,40415471,129189
c2b7b73925f0932e,75256,65480402,137189,74170,65490401,137189
c2c6217d075fe3ae,113881,104121119,137097,112778,104132049,137097
c2ca1bddc03840f2,107164,97400498,134917,106060,97410462,134917
c2d9f71e72081398,12318,2556462,137251,11208,2567045,137251
c2daef92ec8cfc79,116621,106861729,139033,115521,106873146,139033
c313da81c34ca271,115418,105658014,138223,114315,105672481,138223
c345e88a471c3134,23664,13895217,129795,22574,13903979,129795
c36979f5ecff28d2,70988,61224005,129933,69915,61233703,129933
c36f353fc1527a3b,55642,45880516,138100,54538,45890805,138100
c37278d2dae398df,42948,33200157,137695,41832,33210560,137695
c38c46c487498530,101121,91377493,136835,100002,91387916,136835
c39930726afd88e4,41770,32020306,138079,40655,32030191,138079
c39be44b45653d6f,72765,63000737,137289,71660,63010424,137289
c3bb293a58771553,71699,61960524,135980,70594,61970207,135980
c3e16a645669bd39,56275,46500511,138951,55189,46510679,138951
c3ed5a2266051c00,81636,71877750,140337,80531,71887600,140337
c3ee72d9d3ffad01,66399,56638617,131835,65285,56648638,131835
c407bfea0e3b0934,79709,69957851,139371,78604,69967640,139371
c40a10c2f2391c99,69630,59877843,141267,68501,59887841,141267
c42a49723fe6f20c,20525,10757171,130476,19414,10766851,130476
c4346b97dfa6e1b3,29176,19439591,98516,28109,19457952,98516
c4832aa2555d3481,101826,92016994,126601,100785,92025765,126601
c4835ae5e1791913,48519,38737153,129952,47428,38746676,129952
c49610f78f8f52de,65385,55598840,132514,64304,55608876,132514
c49ac2f3bfb54289,77950,68197626,138513,76841,68207920,138513
c49dfa44ac3de51c,38165,28417038,138246,37056,28432702,138246
c4acbb513ecbba11,21048,11296786,138533,19943,11306695,138533
c4af729ff5331da4,26953,17197323,142085,25845,17208572,142085
c4c79b7d535a7f80,55837,46088305,137493,54732,46098569,137493
c4c84cae30df79f3,30404,20642914,135710,29294,20652919,135710
c4f814da70592c00,85836,76078726,138014,84726,76088673,138014
c50b0656a891765a,18728,8975086,129666,17613,8985021,129666
c5420b96c5503131,27298,17521478,131392,26229,17531187,131392
c543016c47ffe169,63583,53776318,132768,62501,53785922,132768
c55aa30e0e44ab0e,27492,17715140,128680,26415,17724836,128680
c5c8154c509b6970,50626,40859956,137001,49514,40869723,137001
c5e6ba531147381a,12435,2680232,138453,11312,2689845,138453
c5ec3a26a41213ac,40003,30239929,152088,38910,30251701,152088
c5f4742e8d54ea79,14755,4996235,135330,13650,5006124,135330
c5ff26da5b43f5a4,110881,101121256,138812,109777,101131655,138812
c62035405486294e,95756,86022860,121373,94689,86036141,121373
c6777ff82c80aa0e,69394,59617423,138925,68310,59627607,138925
c68198a3b703186a,62786,53027389,157907,61682,53039789,157907
c6beb0381fc3c980,11221,1476578,138398,10105,1487278,138398
c6e1ef67bc3f7e4e,90075,80278163,129360,89009,80287759,129360
c6e9ed03de0f7630,54807,45077239,138715,53705,45093305,138715
c6ec28755e566b52,37875,28116880,138069,36772,28129347,138069
c6f20a78c8605c9e,112792,103041227,139017,111673,103051174,139017
c72ee693af1c49df,105723,95935754,126765,104654,95945582,126765
c741ef2905fb4dc7,102303,92539764,134221,101168,92549347,134221
c7796ab496aea65b,56548,46797190,138468,55428,46807211,138468
c7a5f5c477c28eaa,32265,22500178,137714,31157,22510144,137714
c7bf3c9e8d94448e,90829,81078036,139567,89724,81087794,139567
c7e04003d3e5bfec,51305,41557264,136801,50196,41567955,136801
c7e0c89b047086e3,61908,52124839,119515,60906,52142461,119515
c7e26a2ef7006228,99732,89967587,127183,98678,89976820,127183
c7f93f7f318c9305,112542,102781430,138651,111434,102791803,138651
c804ac9e4c7656fc,96858,87101241,138409,95752,87111011,138409
c8067ec9c5ea5464,49687,39957322,138935,48581,39967711,138935
c8092132eb2c82f6,109548,99756360,130179,108449,99766181,130179
c821cb175b25347b,42305,32541423,129524,41240,32551850,129524
c824cd2d3c768e2f,53197,43437361,138638,52087,43447170,138638
c83293f13353d161,53261,43500418,137216,52147,43510569,137216
c83b90e92f6e82bc,63722,53936200,132551,62595,53945241,132551
c83fa4ed808d2547,16678,6854898,128693,15565,6864521,128693
c85e3ad0570e2d48,88970,79217581,138459,87863,79227772,138459
c86ec0bbdbb2ce28,53853,44095655,130603,52747,44104874,130603
c87a08ecb9e617df,30928,21176993,138692,29822,21186912,138692
c87d37220037f2f7,74283,64537233,137308,73163,64547110,137308
c88b8e016f32ae37,106706,96957598,136475,105597,96968141,136475
c897c6b97146d084,50773,41020549,138493,49653,41030845,138493
c8c25506c6cb2386,111042,101284675,129009,109960,101293523,129009
c8f9f48abbb624ba,87186,77417350,136870,86088,77427185,136870
c8fc9ca4bb4be005,54993,45239917,154144,53894,45251263,154144
c90d232994b8d057,104432,94697297,135602,103325,94707035,135602
c90f0bb83c88724f,83436,73697745,139551,82323,73708048,139551
c921f3f0148ea1e7,92895,83157737,139070,91784,83167323,139070
c93411f4ca918ef3,13427,3696693,138530,12323,3706490,138530
c93f92b4e2887c1a,51897,42137197,138965,50796,42146933,138965
c9440d2bc7c8ceda,41032,31277059,138084,39901,31287508,138084
c95722bd86f96ae9,48609,38848902,140325,47505,38859636,140325
c95b5ee89f4a2b58,36768,27000080,138488,35668,27011617,138488
c982834e70b6aa2f,78665,68901396,140065,77560,68911854,140065
c99ece9a49ce6e43,17329,7583219,141165,16224,7593780,141165
c9d627e8b3c68f30,58566,48817595,138630,57443,48830558,138630
c9d9b00d0ee3276b,107815,98061654,58451,106789,98067313,58411
c9f6ce234617b59a,81830,72077649,139523,80723,72087111,139523
ca071384845989d0,22701,12956715,138614,21584,12966799,138614
ca14c62783b36892,44310,34535106,127394,43231,34544847,127394
ca43ed03fc8da47e,82081,72337447,138826,80962,72347987,138826
ca61b3d480dc5365,42177,32416949,138198,41072,32426726,138198
ca783081126058d3,81369,71617834,140023,80242,71628124,140023
ca8edd637452e8f4,22353,12599526,155045,21248,12610368,155045
ca9edbbc28aa3f23,21305,11601377,337842,20239,11628293,337882
caab92da8ea3dd04,58743,48980047,137239,57643,48991021,137239
cabc68f475baca33,88425,78657481,138016,87321,78667651,138016
caccc55bb93f29b9,85037,75190944,128704,83947,75200303,128704
caf6ccfe8159d2d4,99630,89930415,381741,98571,89961207,381781
cb0404a525104ca4,105408,95640887,137241,104305,95651882,137241
cb124bac67fb8282,116034,106278087,139191,114928,106292904,139191
cb363874e6a06e5d,103546,93831423,389042,102472,93861768,389082
cb5094c78d7fda3a,69142,59356258,132285,68082,59366266,132285
cb5675fe96f0d820,108365,98577710,137845,107208,98587262,137845
cb5b270e22d250cf,18820,9074985,129292,17702,9084685,129292
cb67712879d6cf45,92803,83060692,156424,91685,83071697,156424
cb6e41986cd898d5,60782,51037376,138689,59665,51047846,138689
cb7d58d77c329ad1,18253,8519851,156546,17145,8531646,156546
cb7e1f4d602d3470,69513,59740810,139406,68409,59751332,139406
cb8dee458d0b0b56,19787,10015693,130426,18697,10025416,130426
cb9847c7ba96d92c,66956,57196432,130633,65849,57205952,130633
cbbdbee76f38a0ff,71883,62120316,137098,70778,62129811,137098
cbc20acb6939022b,65684,55936514,132805,64561,55947207,132805
cbd2305b4ea39ca9,11528,1762983,137086,10423,1772500,137086
cbd43b489efed563,40728,30916832,137229,39645,30926887,137229
cbe0bc24603a183b,118334,108598381,140118,117222,108608558,140118
cbe62111d079bafa,31979,22240224,137840,30873,22250235,137840
cc13a1f17ce6241f,102132,92357229,135557,101040,92367005,135557
cc3a885245e66ce5,104588,94839926,149203,103480,94851774,149203
cc40c19a2a4db620,15540,5776478,137680,14434,5786205,137680
cc4586eb4dc62467,116097,106337805,137552,114988,106349277,137552
cc4c43a007ef83a2,62721,52972265,152284,61618,52983569,152284
cc591ca381399bb5,105504,95791730,384444,104432,95822448,384484
cc61cd184e96e350,25592,15817317,129399,24508,15826899,129399
cc6baea3ade3e968,65928,56197771,138927,64822,56208736,138927
cc921f281850c9c8,31025,21260181,138782,29919,21270278,138782
cce2b5d84be57813,71086,61316244,131117,70011,61325845,131117
cd463322d06301ad,16881,7116897,139695,15740,7126491,139695
cd5aa3d0f75c2ea1,36800,27036940,137848,35699,27049210,137848
cd5f82a49c7a8dd5,110449,100698074,139417,109331,100707930,139417
cd83e5dbfec2f175,34347,24596793,137803,33234,24606564,137803
cd918ee99cb39bc8,64876,55117558,139045,63775,55128106,139045
cd94b0732de21c34,100675,90919462,148680,99567,90930008,148680
cddda6d697d3a8b2,72077,62317551,139127,70966,62327021,139127
ce1fed6b671b23e5,94271,84521160,137883,93173,84530998,137883
ce2f7f4716cf5f1d,93337,83577668,137806,92226,83587268,137806
ce3357d07bdc14e8,79353,69597597,139240,78233,69607747,139240
ce45a92d5c441c05,50832,41097133,139148,49721,41107999,139148
ce64facc2cd83572,49501,39757032,138041,48380,39766658,138041
ce6cfda83ad1411e,86061,76303591,113992,85029,76312330,113992
ce954c56c51aad35,28153,18396844,138328,27046,18406619,138328
ceb3e7cbd80f5a55,104221,94477256,135864,103101,94487460,135864
ced42ff5fb47ff0d,86549,76761077,137115,85437,76770917,137115
ced4807e349f2e4b,31413,21619123,141828,30340,21629292,141828
cef48340c7b5c425,50927,41196929,137350,49821,41207761,137350
cefc4257703011f9,112042,102298035,137822,110925,102307309,137822
cefdcd7137ef96c4,79265,69497824,140581,78163,69507843,140581
cf0e7d9207924b03,63275,53503587,119079,62244,53513493,119079
cf1b602dc8d0d19b,99070,89317637,137575,97955,89327602,137575
cf1eed263f0d9dec,23756,13994998,128483,22657,14004290,128483
cf6a2b7dc6871452,39781,30036628,136203,38660,30046624,136203
cf6b1b86f86f2510,84956,75114856,130075,83899,75124568,130075
cf7bd2893f28c735,104468,94737059,134545,103361,94747540,134545
cf843339e2eb64fb,18943,9199528,142170,17832,9210187,142170
cf9fc1355a05fe7f,87089,77317449,137565,85993,77327535,137565
cfa0c1127266f770,98212,88437506,136949,97112,88447119,136949
cfd0734f93cc7f60,44471,34699600,139777,43387,34709963,139777
cfd988041bbf29a5,34808,25057443,139956,33703,25071304,139956
d02d572cf0717d57,98387,88637560,137457,97261,88647943,137457
d06671c7e66b3988,50159,40383676,129480,49091,40393261,129480
d072ce3c36dc5b38,16114,6438916,338898,15078,6467702,338938
d0766a6696bfa3a8,26581,16836745,138423,25464,16846955,138423
d07c37ad736373e0,33177,23400147,130489,32117,23409691,130489
d082764783b33f6b,32047,22316920,138109,30941,22326525,138109
d08f92c0d078199e,86521,76737402,137208,85417,76748032,137208
d096312eedcb40ca,93613,83877607,138296,92504,83887988,138296
d098d6f081064019,113945,104187217,154863,112842,104201433,154863
d0b6da6d12a72c75,111731,101977747,138407,110604,101987832,138407
d0d3e1fe46b17343,10473,720060,137807,9352,730267,137807
d127434b0dd1951d,15353,5616443,137805,14244,5626336,137805
d12c45fe3bdf09da,43907,34137512,130886,42800,34146831,130886
d13a8172527f5cdd,61471,51728342,137293,60354,51738131,137293
d141b768a4de140c,118931,109141630,132246,117887,109210102,132246
d1525f53c1a03588,59971,50217491,127978,58889,50226812,127978
d1539a722fc8a099,27795,18036751,137910,26678,18046898,137910
d194c2c8ac3831a0,20334,10576832,139412,19228,10587308,139412
d1bdc3437c5eaf72,25185,15436645,138157,24075,15446950,138157
d1cfc97f6943d79d,57298,47557443,138792,56181,47567828,138792
d1d6795fd243f82c,64788,55057988,141983,63683,55069735,141983
d1d878360306d7ac,25925,16177883,139636,24801,16187905,139636
d21e363edc912738,18223,8479766,138529,17111,8489944,138529
d21fae64b48d75f3,27972,18235079,128387,26861,18244212,128387
d2270107a9ca3600,110480,100737919,138439,109362,100748581,138439
d236ea623a5fb796,70741,60980420,137004,69636,60990409,137004
d24d83b425746923,115971,106218073,138391,114866,106233736,138391
d262089bc47f73fb,110293,100536239,129057,109182,100546634,129057
d28037be3920ddbd,36367,26616898,138365,35258,26630560,138365
d2807509316b7a58,100588,90857053,134892,99480,90866703,134892
d2960f07e493422b,101951,92157103,134481,100897,92166509,134481
d2b74631d95c8754,117861,108106349,150618,116762,108120027,150618
d2ce244b87f23bf2,25025,15260027,137552,23919,15270454,137552
d2e6ab98d411bd1f,85581,75820087,152549,84476,75831286,152549
d2fb2cef7703b001,112134,102396270,129674,111022,102406344,129674
d350e508ad084180,103383,93619986,136292,102278,93629921,136292
d37e4c196bf50c1e,18439,8685820,152944,17333,8696700,152944
d39949ef478bc0ae,48489,38715243,127899,47402,38724316,127899
d3b3a3042cacfbdd,30621,20876685,137496,29508,20887010,137496
d3f8f027f51efb5d,71790,62057695,139279,70685,62067872,139279
d3f9f020b13bcfc5,43662,33917182,138724,42543,33926832,138724
d3fda32647c4f31b,79997,70240799,138172,78886,70250973,138172
d40bcb8c2c82b19d,88542,78780590,137905,87417,78791259,137905
d44a69b9d100d4d6,102389,92640266,137100,101271,92650004,137100
d44ed08979329483,59721,49960751,137888,58617,49970755,137888
d46e12c688161f8c,115387,105621773,137494,114289,105633075,137494
d48b452e280e84e2,96128,86357606,138350,95043,86368125,138350
d49aee9fdf4ae181,11947,2155555,130358,10877,2165127,130358
d4a31bf58b2b4442,102608,92879315,148180,101505,92890180,148180
d4aadf6dfb5ee78a,49970,40217089,138690,48864,40226845,138690
d4bc6edcf2747101,25499,15717198,130190,24421,15726004,130190
d4c03a647d8896db,46430,36657490,140972,45347,36667547,140972
d4c3e009d463df54,105912,96137147,135017,104828,96146903,135017
d4cdebc367374439,20556,10795335,129578,19445,10804950,129578
d4cdebf8f9a71532,26329,16576830,139319,25222,16586908,139319
d4d967fdfc880b03,29575,19796575,136782,28486,19806457,136782
d4f394a0137f4299,10872,1116537,138035,9768,1126932,138035
d4fa7102282be591,10841,1079609,138736,9736,1089915,138736
d53e6f233195c74d,19388,9651594,103197,18316,9668692,103197
d542ee314c622acd,73419,63657276,137910,72311,63667079,137910
d56dc3fd47ccd871,110572,100838110,138748,109462,100848866,138748
d57c51292436ef74,41459,31699337,141152,40349,31709550,141152
d57d9a348bdee925,70493,60757495,138910,69385,60768548,138910
d57e38b100374c23,51491,41740497,137963,50373,41750666,137963
d586dc152f3adb20,85213,75437549,138271,84061,75447351,138271
d59d1e9ea7bd0831,10652,916807,139324,9544,927587,139324
d5b3097495d0592d,46462,36696752,137074,45377,36706343,137074
d5b9961fd8816bd2,69659,59896916,113008,68525,59904652,113008
d5cd3b759c69dc95,46676,36917577,140410,45567,36927865,140410
d5d3eb6981f431d6,109948,100216895,131845,108840,100226213,131845
d5dbbcbc72e303c8,64224,54458914,134377,63124,54468378,134377
d5e718ee0e337a45,14390,4636422,136987,13260,4646379,136987
d5f8210931949961,80526,70761035,139716,79420,70771284,139716
d60224010f3c4c6a,43413,33657230,139445,42305,33667742,139445
d6062460b88f79e5,70432,60697751,139849,69322,60708423,139849
d60a9dd66c7b9aa7,47603,37860866,139454,46494,37870447,139454
d62e2c59a9c8903d,96456,86717895,138829,95342,86728112,138829
d630f6a1c05847cf,92522,82760180,136853,91404,82770107,136853
d63e159d75ea2b7d,110783,101021327,138028,109679,101032060,138028
d66949a1eeb32ad8,51766,42001985,128863,50666,42010780,128863
d679e07ce655d5e6,118543,108779577,132705,117438,108789370,132705
d68208c0d150b287,109852,100116200,129120,108739,100125574,129120
d6b4b03540a89834,88600,78857550,138309,87481,78867834,138309
d6b713f34740f56c,57423,47677113,137599,56307,47687441,137599
d6cd3e9288e51f8b,64030,54297550,139010,62923,54307448,139010
d6ef0705a151c4fb,83046,73278393,142861,81956,73289229,142861
d708fda0f27fac61,81734,71977483,138775,80628,71987043,138775
d71d7737a96a75fe,104555,94799780,150354,103448,94811090,150354
d7229600ea61cd27,84002,74257588,139356,82886,74267304,139356
d731b791d074acf7,80916,71118560,132161,79853,71128233,132161
d76cc02b5b57941c,88083,78295937,128742,87013,78305770,128742
d78775b4b461c238,14852,5096711,138695,13745,5106842,138695
d78d7f4c83a96f23,49285,39520796,138008,48175,39530907,138008
d7d39a77ce78c88f,117165,107377948,129684,116096,107389196,129684
d7e05a0f74b99a1b,52700,42957141,138104,51581,42967795,138104
d819e1ac8ddf39ef,67279,57496162,131735,66212,57506535,131735
d847799df5af6137,86223,76429417,128214,85183,76438884,128214
d86a3348d6c0243c,99765,89989321,128360,98711,89998449,128360
d88e3eb60be16fe7,31627,21856775,137784,30526,21866717,137784
d8abdc56d974d029,88659,78917555,138676,87543,78927811,138676
d8b754abed5ddf6b,100740,90980273,135621,99631,90989877,135621
d8cbf83926008be0,12582,2839907,139307,11472,2850446,139307
d8d9c2c5952698d2,110978,101241004,102434,109896,101256316,102434
d8f77eb84cfd3171,107912,98103801,92531,106883,98110434,92531
d8f870cb44062474,117495,107741303,136721,116371,107753288,136721
d941ff0514f6f426,23474,13697104,129176,22396,13706442,129176
d94a807cb26ed172,49222,39460469,138749,48114,39470678,138749
d958c875f95e1b82,28251,18495058,128268,27143,18504378,128268
d9774ae959580c32,77601,67861048,138671,76498,67871091,138671
d97b9164039616ab,16386,6581704,90997,15350,6588853,90997
d9a9ada83026a6fb,99862,90075639,126214,98804,90084815,126214
d9c949c40cbf4d60,105123,95380658,137204,104014,95391036,137204
d9cb47ffd5f6c51d,53820,44055337,127767,52715,44064231,127767
d9fc192925d12979,79773,70017422,138429,78668,70026825,138429
da05f7b31ca95c97,94646,84880593,137775,93540,84891139,137775
da1bac3dd328ef6c,17990,8219569,137341,16876,8228954,137341
da1f984b4f004b2a,53604,43860642,138588,52494,43869956,138588
da2ca099ae8477a9,97870,88076324,129853,96810,88085186,129853
da2fcd6032e79331,98328,88577900,138088,97205,88588403,138088
da38c65f3d1fcda5,25336,15561846,129174,24263,15571749,129174
da53299ee546436d,29724,19959728,137237,28611,19969027,137237
da6a9eb156938923,25685,15916853,138700,24590,15926597,138700
da70b0c1d751d0bc,96279,86517607,138163,95172,86527480,138163
da7ed29bbd8f8ca8,43601,33856873,137724,42485,33866961,137724
da898916ff525396,112446,102680958,137852,111340,102691241,137852
da903a509da5ea5b,69484,59717305,138679,68385,59727494,138679
daaa5f61d0689b50,106122,96368727,136114,105005,96378688,136114
daae776d30a1d16f,94210,84458281,137529,93117,84468524,137529
daafff131566c87a,48299,38515509,129622,47226,38524471,129622
dac12b52a59f0438,56980,47231792,157772,55873,47243175,157772
db38ea324e46787c,69994,60237114,137761,68889,60247116,137761
db4758f162f1ea22,55026,45267797,137785,53926,45277577,137785
db655058fc661d37,58626,48880520,137814,57516,48892172,137814
db69afe66408c05f,29291,19505244,129986,28222,19514737,129986
db8085ffc0cd270f,82513,72757794,140146,81409,72769128,140146
db80e3880c2918b4,82416,72657680,138494,81312,72667742,138494
db83a4d87bdf048a,16511,6652311,112641,15454,6660482,112641
db85424d91656fb4,114698,104937761,137615,113595,104949618,137615
dbadec220c7fcb2f,83076,73317951,138991,81983,73329084,138991
dbbcd8d9d9bea9ae,50126,40361719,129322,49058,40370969,129322
dbcea85c05a96f92,19694,9916731,138674,18612,9926369,138674
dbe89206a0d8b523,22639,12880198,139077,21526,12890407,139077
dc00ee1b6719a903,58536,48780413,138704,57408,48792963,138704
dc03b36267060571,43317,33557105,138482,42211,33567263,138482
dc191d6062b8941e,103112,93360424,136788,101997,93370336,136788
dc1d0513064c4db5,48013,38257116,138548,46903,38266477,138548
dc2860263b64ffa4,25217,15501278,335867,24139,15528446,335907
dc4d1c371a80531c,93274,83517636,138808,92164,83527736,138808
dc59583dd486f44e,26551,16797026,138798,25435,16806793,138798
dc5ac3f85dc6af19,82294,72557946,140497,81185,72568209,140497
dc5be031612af4aa,86631,76861049,139081,85494,76871540,139081
dc6c004a2ab8d24f,66337,56578965,132876,65227,56589122,132876
dc8bf294e644e34b,21273,11516820,138951,20164,11526980,138951
dc9462f82d829e84,114602,104838101,138944,113500,104850131,138944
dcade8f86f1f5e48,63857,54100966,141155,62729,54110536,141155
dcbafc5a4e438e58,93049,83280699,137475,91944,83290144,137475
dcc7a78373cf00ff,41709,31960356,138145,40594,31970388,138145
dcd3257f6d785d30,17168,7423632,178125,16064,7438090,178125
dce98a8df0abf4db,74907,65143237,132074,73843,65153613,132074
dcecf799a8c87bdc,115874,106120869,155997,114772,106137526,155997
dced30ac022f01f3,59191,49437318,138532,58079,49448958,138532
dcf850f8c4eac579,46023,36260654,138196,44915,36270238,138196
dd0581aacf2778d4,32362,22600522,138076,31250,22610056,138076
dd084cd29a69bd16,64664,54917335,138268,63544,54927354,138268
dd0f5db8bb379848,105093,95357482,137093,103982,95368500,137093
dd14777b2c5356eb,39059,29301461,113031,37986,29309849,113031
dd32121b50b90849,72981,63202050,116237,71908,63210918,116237
dd3d85a1f396916b,92864,83120386,137470,91753,83130044,137470
dd403780d169a002,114826,105077881,138025,113719,105089472,138025
dd6933fbdecb3808,57946,48179330,115323,56869,48188032,115323
dd7373b5bb6e0ae6,16540,6690936,129296,15475,6700198,129296
dd8d3e0d1057dc50,94022,84259829,139586,92940,84270087,139586
dd8f57fa40e2722c,46707,36957154,139303,45593,36967248,139303
dd9d968e338bdd32,68635,58896470,132593,67524,58905917,132593
dd9f892bd4a4ed06,81105,71317524,138538,80025,71327313,138538
ddc336772168b1bd,72636,62875918,130249,71532,62885498,130249
dde26585a0b26910,36961,27242601,338749,35884,27277493,338789
ddf711f9401b3aad,88744,78980855,137866,87640,78990985,137866
ddffe955de856632,65830,56096390,133551,64720,56106497,133551
de145a5e8c6c375d,67788,58057461,138415,66681,58067446,138415
de243718447e52c3,111634,101877730,137874,110518,101887369,137874
de2a8ff04878399b,80364,70601586,140152,79259,70611678,140152
de2faa0322961e56,93082,83317473,137068,91977,83327322,137068
de59a7d620bd89b6,97724,87987285,98614,96666,88006968,98614
de682472b6c2cea6,83468,73737615,139265,82362,73748512,139265
de77dc4024dab9c2,110387,100637830,138636,109273,100647798,138636
de9ce87162a86842,38037,28277233,139435,36932,28289594,139435
deaa6a5cc26df103,22019,12260133,136952,20891,12269833,136952
dec3bd6fd40e23b5,77061,67276274,131163,75989,67286443,131163
dede8bbdbc970343,25955,16216575,137099,24840,16226411,137099
dee93efa3c07c2a9,28568,18820511,139202,27452,18831051,139202
deea711454a88c00,29636,19860145,138910,28538,19869610,138910
df24a42b7a232db0,66210,56457371,139263,65104,56467934,139263
df4e171dd88cde5f,56827,47097186,138579,55722,47106781,138579
df627419b217a532,40698,30880544,139179,39622,30891218,139179
df7a4a895b90777b,43006,33260365,139008,41891,33271109,139008
df7a6a69cdb61594,106180,96420327,135807,105053,96430072,135807
df85a47bfcea76dd,79323,69557797,139853,78210,69567923,139853
df93a0de015756e8,90170,80379841,141533,89098,80390468,141533
dfaf608cff0620ff,37175,27395353,128752,36104,27406345,128752
dfb571706ed46b0a,70556,60817380,137715,69447,60827345,137715
dfc32a79cb1aa1d8,81195,71417860,140282,80100,71428271,140282
dfe163918eaf2c20,48815,39075222,127914,47698,39084606,127914
dfe3ae3b8f362670,27735,17976461,136470,26628,17986615,136470
dfe4a9b7b05aff57,28411,18657161,139861,27301,18667235,139861
dfe8b9ac0d3e67aa,51552,41817276,138239,50440,41826943,138239
dff13720e24a68b4,67372,57596192,132068,66296,57606364,132068
e0120a38cbef77b3,26015,16276788,137541,24902,16286156,137541
e027d924cd1ead7a,29069,19316651,137913,27962,19326874,137913
e02e90dd7b352d12,89896,80159216,99826,88834,80175110,99826
e03411bc86e1d77c,18019,8256553,137606,16899,8265912,137606
e03e2f4669d08512,15442,5679936,138813,14337,5689926,138813
e04bbcfb1ad751fc,100141,90360545,135463,99049,90371085,135463
e054d76ed34cef09,52404,42620316,138141,51317,42630634,138141
e05962cb7e4b4414,87496,77740483,137645,86379,77750826,137645
e0973c34f3dc1be7,23967,14220331,139243,22853,14229987,139243
e0adde8a8a9c96c2,63371,53568318,130399,62333,53578283,130399
e0b1ca7a45d25860,46766,37017068,137650,45644,37026850,137650
e0bd9a92724dae9d,49347,39597079,138983,48234,39607723,138983
e0c4ef1ebcf96627,69301,59517538,139501,68230,59526948,139501
e0ed8eff1d163622,101429,91662718,134665,100327,91674288,134665
e0ff9afaddbbc0e6,81957,72197821,139881,80846,72207882,139881
e10feb3bb09ca461,24743,15000026,137684,23634,15010100,137684
e110bb2c23dddab8,97384,87623986,157112,96279,87635333,157112
e1219e5cd8921227,95361,85608753,138232,94256,85619173,138232
e124ac3ced052dc3,49743,39980391,136812,48638,39990820,136812
e12f628ac0b65fe0,99132,89380845,137677,98013,89391255,137677
e1354e0b481e85f3,102102,92317265,135339,101018,92326456,135339
e14460877918b770,119335,109576589,128927,118241,109585695,128927
e15341b2b6e77d48,78262,68517649,140057,77144,68527707,140057
e15ad942e6ef83d5,69454,59677740,138895,68360,59687276,138895
e16d6539385f3cd8,62476,52736154,132374,61360,52746128,132374
e17e6f13e597969a,69424,59641053,140058,68336,59651136,140058
e1826efcceddf371,73970,64217488,138942,72864,64228140,138942
e18e8e410f984c82,27522,17737225,130968,26444,17746905,130968
e1977963e8f018cc,100708,90957338,135230,99600,90967091,135230
e1995d831b82d338,54513,44738977,140161,53404,44749290,140161
e1c5e1d3311f8e44,99797,90010997,128568,98742,90019751,128568
e1c87738b4d06805,117348,107578070,139265,116253,107590078,139265
e1ca72cc2c9884fe,16322,6550344,70548,15290,6556212,70548
e1cbd4025cd711f6,100315,90557354,135448,99188,90567457,135448
e1dc6d2fab348b3e,39754,29999916,137515,38630,30009810,137515
e1fd94457b515a02,10356,596692,139071,9247,606802,139071
e2043ec1e0f3d23b,54961,45203465,155373,53862,45215014,155373
e20f04c173ae1fb5,19757,9978577,129610,18670,9987795,129610
e21561ebc6d671a2,84926,75092791,130768,83879,75102496,130768
e22004b3a0ca7af8,111569,101800781,137377,110461,101810837,137377
e2226986c1e15e0c,40325,30596431,98271,39279,30605852,98271
e22f8193acc14476,12376,2616340,137163,11255,2625809,137163
e23b1d83e3ee9ba8,79468,69721315,138795,78352,69731641,138795
e24d361682ebec2d,37271,27496757,137853,36195,27510867,137853
e25a469ad91b6626,98474,88737398,136819,97361,88747615,136819
e25c561c4eb95ca0,37110,27335149,128627,36041,27346949,128627
e25d293853e05011,92648,82897238,136933,91526,82907289,136933
e261c1153fe2de61,107262,97500720,137639,106158,97511137,137639
e27ef5b44230c713,96066,86280973,137215,94988,86290379,137215
e2a60f778897e8d1,10385,620193,139294,9271,630733,139294
e2a9f19e9ff77e68,65416,55636248,132450,64333,55645603,132450
e2b04930d3e78f40,34315,24557403,138442,33204,24567689,138442
e2b39b691ec271ac,115625,105881116,136920,114516,105892694,136920
e2ceb700901e3f1d,67878,58141330,140035,66773,58150898,140035
e2e172f194002702,35279,25496915,128373,34221,25507401,128373
e2f10b984e783235,98299,88537725,138027,97182,88548244,138027
e30d0d0da0d63487,72330,62580659,137696,71214,62590693,137696
e316e139c713a843,115172,105396483,129851,114100,105409341,129851
e3337bff814ef078,89313,79577981,139810,88202,79588202,139810
e3397891aebe542e,27676,17916768,136717,26578,17926722,136717
e343042cb339d6b3,48995,39236814,137141,47891,39247230,137141
e36a89027ab329ae,43036,33297045,138345,41921,33307427,138345
e38f208d77827f7b,76932,67147822,130421,75866,67157999,130421
e3ae434e666ad649,41060,31316832,137772,39941,31327143,137772
e3b7e77d5650419e,65984,56221147,138645,64880,56231428,138645
e3f3137689ac7039,107657,97860048,129532,106600,97868914,129532
e3f7bdea44514590,47387,37635780,130286,46273,37644696,130286
e404872ee1e213d0,37973,28219953,156214,36869,28236217,156214
e405b2d96af19871,45712,35976819,137290,44600,35986265,137290
e418a9802a574e9f,53387,43636857,136303,52266,43646776,136303
e41a581301870a83,89065,79317704,138680,87956,79327620,138680
e41d9963abfe9ec5,119154,109376790,131410,118093,109386232,131410
e45040b40da2fe79,85741,75981151,138448,84634,75990542,138448
e454b45b829c9448,35983,26220401,139619,34882,26232483,139619
e46a1d1435339237,111504,101741360,137797,110403,101751407,137797
e48e8624807de48c,80028,70281522,139194,78916,70291076,139194
e495017ad89b3756,65801,56056687,134938,64683,56066836,134938
e499eaa13d591787,45213,35456877,137986,44107,35466440,137986
e49d49a9298cdba1,87343,77577720,136314,86238,77587530,136314
e49ec2e91d6d1f91,50596,40836831,136934,49489,40847390,136934
e4bdece291b3592d,117005,107217241,129368,115947,107228435,129368
e4c3117f8bd6ed0f,63830,54077103,137929,62700,54086969,137929
e4e3177c9a43237a,89977,80202724,128739,88915,80212160,128739
e4e3b6c09f52cac2,59159,49400334,137460,58049,49411527,137460
e4ee805f94f2d75d,106481,96720803,137246,105376,96730831,137246
e50c28aa2df7510e,88939,79177268,136461,87833,79187215,136461
e50d0f000baa6694,62370,52598499,132068,61225,52607577,132068
e512360da17f1444,90202,80417767,138377,89127,80427409,138377
e5688acee3c85d7d,21962,12200084,138154,20835,12210501,138154
e568c3085564a9c2,40229,30458964,129141,39130,30468034,129141
e603ea5a9acbe253,60406,50640674,138829,59302,50651362,138829
e617329ba6f1845d,44068,34317107,138688,42959,34326740,138688
e62b9b3437c23e95,64448,54696510,133153,63342,54706643,133153
e63dc295830fd988,110947,101223839,343475,109860,101249395,343515
e661a82ad6a7099e,59221,49477243,139370,58107,49491458,139370
e66d38400dc36674,81766,72000853,138504,80660,72010297,138504
e68d455d3be021f2,108237,98416169,128714,107131,98425155,128714
e68f6ec730bf3c21,19567,9795164,128248,18493,9804707,128248
e696c1aba3405d85,79870,70117520,139586,78764,70127153,139586
e69cb1492f0a7636,50892,41156914,137199,49783,41167148,137199
e69ceb334ac49c20,27854,18099963,137059,26727,18110003,137059
e74f2095ba102a83,91303,81557651,138016,90181,81567542,138016
e7591f7e94bd3166,20398,10636851,138849,19291,10647168,138849
e75f017a3ddf9575,60659,50900570,138204,59535,50910290,138204
e77ecaf8359dfc46,74097,64340532,137674,72986,64350399,137674
e7935689d35eecac,55525,45780628,139126,54415,45790844,139126
e79d59d407a0ac0b,100550,90817624,135742,99443,90827024,135742
e7b1af4f0f66eaf6,17750,7956104,129343,16669,7966147,129343
e7bb92a4945656b9,89685,79921149,139402,88580,79931673,139402
e7bd781e371abf47,76085,66337295,138351,74975,66347606,138351
e7c7186911b9462b,90647,80901137,138617,89532,80911152,138617
e7dd2b300e9d144d,73627,63880537,138632,72512,63891218,138632
e7f5aeec76c974db,17961,8196439,137196,16851,8206303,137196
e7fd63707a8dc89c,107945,98119292,91451,106913,98125931,91451
e80a5e34fc2f3a0e,70806,61057348,137626,69700,61068956,137626
e8116fc67e2f750e,70675,60917475,138895,69571,60927001,138895
e8171ece1ce09f31,39839,30100130,136519,38731,30109653,136519
e85ce921d2942e01,82983,73216433,132136,81898,73226636,132136
e85fe7dfa87e4b99,66925,57160514,142551,65818,57171121,142551
e8a879922243e247,13836,4059574,130998,12769,4069442,130998
e8bb4a14fccb2dd1,88629,78880782,137261,87513,78891003,137261
e8c1d2c4e3ed26a1,63465,53638678,132010,62413,53648727,132010
e8d5c09741ebba08,86286,76476615,129122,85238,76486674,129122
e8e98417a12ac228,49317,39557228,138188,48205,39567751,138188
e8ea9ae27bbf3b82,110198,100436478,130766,109090,100445599,130766
e929bb46863939a9,70587,60857279,138344,69481,60867189,138344
e92f97427ae898f5,26673,16939932,156727,25565,16951922,156727
e9688e728a67475a,57604,47848495,137452,56499,47857811,137452
e9762cbc5ee3e045,104621,94862567,134219,103512,94871988,134219
e97a03a4d5268fc5,55805,46057477,139428,54700,46067738,139428
e9811d0996804b4c,59496,49737149,138249,58395,49750269,138249
e98c992316eac677,57236,47480257,137615,56117,47490284,137615
e9bef99a4db1f06d,21242,11479992,137096,20134,11489365,137096
e9c9de271f853190,66892,57136435,133340,65786,57146751,133340
e9e1cf6d9983e50d,88395,78620931,138314,87296,78631087,138314
e9e65d2a454134d4,93210,83457613,136959,92103,83467578,136959
e9f9156e98288438,22077,12336806,138952,20960,12346717,138952
ea09174606245546,58905,49143344,135995,57804,49154953,135995
ea0a6c9bd80b7f30,54424,44637566,130305,53330,44647717,130305
ea0c7b9e7e1851f3,37517,27757106,138774,36412,27769546,138774
ea213937294d58f6,40480,30686181,129872,39431,30695843,129872
ea294b3ede7ecfc9,18408,8660029,157089,17302,8671919,157089
ea46d807412cab0c,12011,2216771,128890,10939,2225802,128890
ea58cd1b35a23136,107076,97338021,135908,105967,97347339,135908
ea686e999a23fedb,50415,40637265,139353,49333,40647397,139353
ea73605c2732c1b6,10503,756738,138788,9382,767789,138788
ea75f3604ec8fe55,91992,82237926,128804,90910,82246729,128804
ea7aea129997c6c1,10562,820427,138504,9454,831473,138504
ea896770143c9404,30807,21076459,136438,29700,21086341,136438
ea93a207e2657ac1,118770,109062045,335989,,,
eaa00e1594e08e25,93368,83617433,137390,92255,83627338,137390
eaa293e86429c565,114200,104457954,136733,113088,104471718,136733
eae789ac43ac580d,31136,21402760,122106,30073,21419182,122106
eae7eb544236b4c9,111324,101576569,130640,110235,101585952,130640
eb028b556e53bd19,68004,58244681,160265,66898,58256694,160265
eb068c1bdd62f4dd,68450,58697716,138728,67326,58707651,138728
eb0f64414290883c,32948,23196975,139091,31844,23207577,139091
eb12ecb159a9e32d,46555,36797180,137838,45462,36807824,137838
eb25f818f0dc113e,21786,11997049,129032,20694,12006723,129032
eb2a30954e1444de,14273,4499843,137529,13165,4510189,137529
eb308b2328fc095e,84156,74417810,139609,83045,74427520,139609
eb458a1d109400d8,62062,52222448,118949,61023,52231742,118949
eb4aed5be3307c5b,43939,34175442,129494,42832,34185288,129494
eb98d2bc671fbfdd,71020,61245906,129807,69947,61255813,129807
eba2d27945d0d3b1,58171,48395668,129208,57088,48405469,129208
ebb66484d3b7bf58,82641,72922912,342125,81561,72950419,342165
ebdd31b9e7b2a2a3,77395,67637478,138740,76278,67648686,138740
ebe52d63b6e96b18,24245,14480209,139316,23139,14490037,139316
ec16acda192e9283,63339,53546255,132470,62304,53556409,132470
ec18277d7e607ac1,36614,26876911,138225,35507,26888824,138225
ec2422d65b4fe770,32168,22420354,157620,31061,22432146,157620
ec2f92ec7c208a5a,81253,71480976,138343,80147,71490899,138343
ec398dd1c75a6126,56882,47120646,138975,55777,47130895,138975
ec4a5902e36c130a,28284,18537422,139413,27176,18548180,139413
ec5bfe721c0a20ae,90530,80777577,138031,89401,80787617,138031
ec667bac460fd041,75164,65379828,140749,74089,65390026,140749
ec97b306b1caadc6,95874,86096319,130256,94806,86105541,130256
eca98a8481cda2eb,72299,62557378,137561,71181,62567746,137561
ecad10be3ddc1595,42561,32775540,129147,41484,32784579,129147
ecc6209d2c8a2b65,25434,15655767,129528,24359,15665220,129528
ecca32b0c0fea09f,12289,2517358,138320,11184,2527647,138320
ed048c119052087f,61971,52161334,117419,60958,52170099,117419
ed063b5dd45c4b8c,49654,39916804,135628,48545,39927116,135628
ed12ed4fed7b6ea9,57862,48142865,342126,56780,48169574,342166
ed2004ab0cb6a7ab,79741,69981290,138400,78636,69990797,138400
ed3cee4ec52b0bab,24436,14677798,141123,23324,14688443,141123
ed51dcecc106ac9d,38350,28600041,137805,37237,28612560,137805
ed8759f94656f6da,21816,12035367,129936,20718,12045168,129936
eda0afad8a595a0f,115358,105598485,140725,114265,105611558,140725
edb6c9248cba3aab,63971,54237679,140603,62862,54248821,140603
edd9f24b93f71585,28186,18439688,155173,27079,18450700,155173
edeb284de161432b,109795,100047054,155779,108674,100058124,155779
edf8a13b14d6c45b,17492,7734469,111391,16422,7743751,111391
ee1451a1790223e5,66827,57078244,142603,65721,57088772,142603
ee2b1cbc8fd08118,105943,96160098,135979,104855,96169616,135979
ee3a8774d1c3d8d0,60373,50617302,138183,59272,50627353,138183
ee6da82629b1fd7d,66492,56738761,131808,65372,56748922,131808
ee72138bc8329b78,68101,58344319,138591,66994,58353856,138591
ee770866e8dc8bcd,59593,49837025,137126,58491,49850791,137126
ee8b309a966367a3,14628,4896470,137872,13523,4906285,137872
eea07f048a2db744,29605,19836647,137584,28512,19846287,137584
eea996114f88f0ce,40668,30857060,138448,39597,30867078,138448
eeb471ab51c9decb,84374,74617655,138706,83270,74627781,138706
eee961d2166c304e,74436,64696754,130132,73330,64706228,130132
eef3006f08cf43aa,101151,91400533,136122,100034,91410480,136122
ef00a25543221d2b,27363,17577219,129514,26293,17586424,129514
ef0dd33cb58619a4,63749,53976225,132200,62614,53985597,132200
ef11039c91a6a15c,91333,81597428,137656,90221,81607750,137656
ef127f069230a0f1,87526,77777421,137348,86406,77787131,137348
ef222a902c9d9fe0,44004,34240353,136443,42897,34250223,136443
ef24c163cd4421c2,68133,58377682,140958,67026,58387994,140958
ef2edc20cea45974,14419,4676828,137124,13300,4686662,137124
ef403e9d0f829f05,19818,10055574,131308,18724,10066123,131308
ef71d214a2c669d1,117102,107316322,129234,116038,107326830,129234
ef7f1f4ea1d45fd3,60908,51177529,139005,59802,51187853,139005
ef88b2b1201d618a,80590,70837434,138013,79483,70847333,138013
ef920492b890609e,21145,11379860,138400,20040,11390084,138400
efacee5bda6c90c8,45650,35900346,137681,44532,35910279,137681
efcc9af48f446e7e,117524,107777858,138184,116404,107791903,138184
efce9fa686670332,111950,102201530,159235,110827,102212906,159235
f0051c135f1ab739,67612,57855997,131212,66496,57865686,131212
f032e714f7b9e26d,11914,2128612,129515,10845,2137583,129515
f032f994f6e7a7d2,87024,77259636,150989,85929,77270545,150989
f038b972cca67723,60813,51080074,154472,59706,51092531,154472
f05b95e6e749068f,91272,81520781,137372,90152,81530917,137372
f0855ea96985c05a,44375,34597444,130477,43294,34606901,130477
f08ae83693287c6e,24213,14456705,138593,23107,14466424,138593
f08f59d6c58179ab,23165,13416982,139474,22061,13427097,139474
f09609cb791a1f5f,34253,24496902,139101,33143,24507534,139101
f09bace884e110a0,39869,30136705,137362,38761,30146342,137362
f0a932ef822c7e0c,50383,40600144,136970,49305,40609895,136970
f0b66119bdfb8800,81074,71280396,142440,79998,71290594,142440
f0ba7a166e71b51e,103480,93720550,135587,102374,93730583,135587
f0ed7326da8a0223,46335,36556180,129665,45257,36565761,129665
f13e7e185b51f707,47982,38220322,138964,46873,38230031,138964
f15b664af111ed18,35677,25936920,137633,34562,25949575,137633
f18a44bb1a759aad,28876,19116660,137786,27771,19127064,137786
f1a5c0191918c9b1,55740,45981644,138214,54636,45992388,138214
f1a9d43c51f23e00,81340,71578247,140611,80217,71587977,140611
f1c1c3d82a4134b9,54174,44377300,129356,53106,44387190,129356
f22238cbed839ef4,19535,9755475,131178,18461,9765038,131178
f23192dad4738d14,46366,36595761,129561,45287,36605060,129561
f25bc0d2f7177b53,60062,50318171,141545,58979,50328234,141545
f26b6ea578f11811,34221,24460096,137833,33112,24469561,137833
f27771b024714a4a,69776,60036099,130617,68660,60046027,130617
f2909e37e8673d2e,87616,77877526,138300,86503,77887175,138300
f291f87d8dba892c,42832,33076714,137093,41711,33086494,137093
f291fc875256acca,33274,23477267,129822,32211,23486531,129822
f294e5c47ff84946,20301,10536936,139898,19196,10547286,139898
f2994211937db394,52788,43057096,137566,51681,43067384,137566
f2b3c880cb4f1c1f,63525,53716131,131803,62459,53726374,131803
f2b47964bf261f2a,66242,56481085,140496,65135,56491058,140496
f2d051f0715be93e,60243,50480453,137406,59154,50490859,137406
f2d5d4ba0621c783,109685,99917824,137999,108545,99927188,137999
f316d409a59f65a1,96098,86317629,137947,95016,86327141,137947
f319a4d1c70493b2,91549,81780560,137112,90443,81790373,137112
f33db7cad6c98762,14360,4599741,137853,13236,4609300,137853
f344b4049799083d,90501,80740837,138211,89377,80750967,138211
f36b7e63106ba374,68918,59156417,132741,67810,59166488,132741
f3788d465637ba57,36305,26557176,137708,35199,26569853,137708
f37b43ca369be10a,51113,41359733,153491,50008,41371063,153491
f37c85c69327634a,59097,49340958,139271,57990,49352866,139271
f3a28887f0c01807,12347,2579988,139504,11232,2590190,139504
f3bbb2ed7dd4c7b0,25624,15857225,141263,24536,15867794,141263
f3c3784d410ffc57,45405,35637157,128378,44295,35646550,128378
f3cb5c21501824a1,87281,77517403,137944,86180,77527995,137944
f3e03115cb5eb693,74939,65165581,131658,73874,65174884,131658
f3e8ba5ae3bac40a,111920,102159891,130813,110797,102168969,130813
f3ee2c2faec3d422,113816,104057796,137490,112713,104068666,137490
f43315b102f21612,11375,1636468,137475,10263,1646351,137475
f434784f426ac5f4,27331,17555371,129438,26262,17565290,129438
f46462dc6e09bd51,100199,90420628,137470,99096,90430120,137470
f46d0334d9413e13,42338,32563657,130851,41273,32573326,130851
f46eadbc9c90a338,105691,95897670,128017,104623,95907156,128017
f48588ebcd46f858,34060,24300259,158237,32954,24310991,158237
f499be3eb136b614,37546,27797113,137827,36437,27809897,137827
f4aec73394b3e6c6,17654,7875755,128792,16581,7885080,128792
f4b2046e4d607c47,119275,109498841,131939,118193,109508841,131939
f4b6458dda9daf9c,32456,22700684,138410,31339,22710349,138410
f4c0ea1ab8fff856,66306,56556497,132926,65196,56567341,132926
f4d3470a90aa3397,12929,3176697,138584,11822,3186840,138584
f4d629dced6b5345,32329,22577209,140604,31219,22587660,140604
f510f6149da84411,99008,89257535,137501,97896,89267699,137501
f514b51ea5d6676c,16755,6956445,136973,15610,6966546,136973
f518d12d2934ce96,24498,14740260,139088,23383,14750553,139088
f5542e034f2d3ad3,67524,57756226,131967,66424,57766403,131967
f56a72078ee42578,41893,32156828,137724,40784,32166792,137724
f56e596437546e05,51993,42282212,341744,50919,42308041,341784
f5779d8406925ddc,50320,40537337,139272,49246,40547292,139272
f598ea08a380b74c,112637,102881009,136415,111526,102890953,136415
f59a4af673f4cd47,40785,30980257,137513,39689,30990347,137513
f5c7262cd02eea13,89621,79861128,139323,88516,79870559,139323
f5cad4d39a07c41d,56428,46677425,137328,55326,46687584,137328
f5ce2e3fcf49d995,85011,75159835,129141,83932,75169177,129141
f5e5d57d5a0628b2,38381,28639950,155755,37268,28654394,155755
f5e816d3a1ea1c25,90355,80577796,137774,89258,80587466,137774
f5ec2b7d7f9f9531,83846,74097514,139086,82737,74107351,139086
f60114a1cad1d61d,93552,83817554,138308,92441,83827415,138308
f62bbf1cbfdbd870,105001,95257403,136693,103885,95267664,136693
f6307a386d41b957,68388,58637759,140856,67268,58648370,140856
f65b53a0f43ebb43,72268,62517359,138063,71147,62526777,138063
f6684da4475ac1ad,40133,30360731,139047,39037,30370560,139047
f682db4c563569ff,18342,8580071,139821,17236,8590652,139821
f68910d9a65c0c66,111763,102000977,137698,110633,102011444,137698
f689be0ff817e7df,43539,33796987,137416,42426,33807557,137416
f692a7878218d4f1,83783,74021346,140097,82676,74031231,140097
f696ad1e76a3c764,13612,3859607,156542,12505,3870495,156542
f699e531e12dea92,83107,73341681,140245,82011,73352436,140245
f6bfdc8a1df586c9,13149,3396324,136179,12033,3406305,136179
f6c40fb543df16b7,57141,47380618,137922,56027,47391074,137922
f6c959a344c04816,75037,65256171,131556,73969,65265908,131556
f6d5b0a2271f08d4,45436,35675566,129812,44324,35684728,129812
f70d7ffddfd2f698,39810,30076725,137811,38700,30086739,137811
f730608866d116d1,111074,101316162,128403,109992,101325215,128403
f78f63db0451184c,28941,19176851,136637,27836,19186850,136637
f7a2b9256abad32f,66368,56616292,133304,65256,56626495,133304
f7afc46eb1a89f1f,118815,109079925,106852,,,
f7b0999ed7cc0757,102448,92717621,136381,101341,92727889,136381
f7ca743e1d6721f2,58358,48597116,138347,57255,48611058,138347
f7cd170fa0c0aa20,60533,50777033,137741,59415,50786943,137741
f7d222b52beba782,13934,4155233,129359,12864,4164717,129359
f7fa02877f5319d5,36145,26380463,139255,35044,26391990,139255
f8198cd235c1f176,108339,98540435,142532,107192,98550570,142532
f82236de42736958,51048,41300323,155314,49944,41311827,155314
f823973e87916183,65226,55436148,131896,64154,55445267,131896
f838c014b7a3d6be,10414,656487,138331,9296,666548,138331
f8600f27f7d6f622,14507,4759770,137911,13389,4770128,137911
f8635d42e5bb0096,76964,67176445,132646,75898,67186310,132646
f87b72ae2f720261,23441,13675222,128741,22364,13685493,128741
f89dd4219c571803,69542,59775945,130647,68432,59784845,130647
f8e48db772215151,110419,100661346,139308,109303,100671367,139308
f90dfe9b66769296,85613,75860201,153890,84508,75871885,153890
f9290254b87cd2e4,41740,31997031,138495,40624,32006937,138495
f92ce5d9b49027a7,74468,64736171,131036,73361,64746683,131036
f9389455a8fe6f9e,23100,13340109,139877,21997,13349850,139877
f94b503169787c62,76678,66917448,138552,75573,66926807,138552
f987b46a6a28a81b,45467,35717496,140865,44354,35727583,140865
f98b8965f15370e0,26704,16962843,136054,25598,16972603,136054
f98c403a743d7f3f,81043,71256345,131926,79971,71265807,131926
f9c0bb2c5d100c7a,33699,23940634,140087,32575,23951022,140087
f9c2791991b455d2,57205,47457054,137762,56088,47467340,137762
f9dfcf60b4e8cb91,68261,58501365,140911,67148,58511416,140911
f9e2d7c923fc9e03,17718,7934257,127849,16640,7943766,127849
f9ee242089335a0e,70154,60396097,130853,69046,60405295,130853
fa0df7b5f626e86e,38070,28316965,138605,36964,28332175,138605
fa12b769709ffc02,68573,58836402,132486,67460,58846546,132486
fa38a6fb145a7a4a,44627,34860241,138785,43531,34870405,138785
fa47b1d31956c9f3,45861,36097553,130681,44754,36106393,130681
fa58a014cf03fadc,86407,76607210,128443,85335,76617143,128443
fa748778d2ec21bc,111200,101456618,129252,110116,101466107,129252
fa904dcfd45c6147,67404,57618798,134019,66323,57628496,134019
fa93dd86f539bcd4,15044,5296827,138322,13930,5306899,138322
fa99417b87b203e0,94241,84497872,139473,93146,84508176,139473
fa9ee2131102fc9c,83940,74197774,138763,82828,74208052,138763
fac2a266d0a63947,112012,102260907,138535,110895,102270855,138535
fadb7589f93028be,56668,46937230,138080,55561,46947022,138080
faf87df6c0259232,17200,7449149,151289,16096,7460507,151289
fafa10e32bf38447,9795,82457,339773,8720,109092,339813
fb0694fb796e8267,113978,104218305,137642,112874,104229294,137642
fb2854cbdbfd1046,58011,48235895,130623,56933,48245129,130623
fb2e962dd0718c5a,83258,73501585,140418,82140,73511462,140418
fb36269a07a81bd5,65656,55896409,133120,64537,55906500,133120
fb6c953bafa2897d,119451,109697975,136278,118331,109707730,136278
fb6d8e9f30b48a1c,110068,100300817,137880,108961,100310305,137880
fb9dbe3020c5a1d7,12074,2297034,140585,10997,2306682,140585
fba152ae11bdaa8e,23538,13757146,130348,22457,13766952,130348
fbd0b35cf9ef676e,107848,98069791,69269,106821,98075073,69269
fbda9044c0436154,11592,1836420,138129,10487,1846607,138129
fbf76be5985b2c5f,10687,956611,139308,9581,967016,139308
fc06690368b36c59,9765,0,138797,8655,9345,138797
fc29f12a55098389,89435,79697769,138986,88326,79707259,138986
fc3bfc2d71c29c82,22048,12296943,137918,20920,12306391,137918
fc60f93814123daf,35557,25797154,139373,34458,25808309,139373
fc6be33e496206a6,65161,55382901,119625,64090,55391655,119625
fc79b3a4515d0bfc,85263,75497487,138039,84122,75508241,138039
fc87cf34d3dbe883,58140,48357416,129467,57058,48366181,129467
fc93c7849b1e56bf,41395,31635672,130593,40287,31645539,130593
fcacf7f278c40de3,96954,87197588,137375,95845,87207542,137375
fcb8d85b670c8868,73330,63557544,138695,72234,63567993,138695
fcd8e89e1aef4071,90958,81197401,137094,89852,81206869,137094
fcdd3d4ecbcb319b,97578,87818012,137512,96472,87827661,137512
fce3b3af89ef5b0f,58596,48857277,139211,57483,48871431,139211
fcfbcbc4020a28f2,48668,38900085,137398,47555,38910067,137398
fd13cf972e7ba844,55985,46222347,130618,54911,46232512,130618
fd1b601ee0d2eb2e,101308,91577719,137602,100203,91590610,137602
fd271607e153f12a,24961,15200499,138255,23855,15210432,138255
fd33276b5dcdccfb,10111,337273,142622,9032,347874,142622
fd54cee139503bf5,68294,58537783,141069,67179,58548257,141069
fd5e12eb59b53fda,50567,40797156,137876,49465,40806871,137876
fd5fe55975216beb,40813,31016984,138343,39709,31026865,138343
fd78a5a5b43af06a,14667,4936141,136189,13561,4946704,136189
fd89703a56b99476,35588,25836988,138720,34483,25850349,138720
fd92a12a4da61977,58970,49217153,138666,57867,49231083,138666
fd97032d84584ace,95175,85438042,137451,94065,85448275,137451
fdbd5048f9081c82,51929,42177125,136600,50827,42187457,136600
fdc32b5f870c4896,62448,52698899,132770,61327,52708768,132770
fdce543e23c0b908,22223,12459952,137824,21119,12469673,137824
fdf0ab7d150454e6,95114,85377596,138717,94004,85387714,138717
fe09b3beff163d78,104014,94239929,134138,102922,94249410,134138
fe0f673342e6e90a,48756,39000493,139084,47628,39010300,139084
fe52d3a8e08d8b0f,68326,58577542,139401,67209,58588155,139401
fe5487bb28b1e849,56116,46337770,128832,55039,46347659,128832
fe829fe28a43244f,96034,86257817,139657,94959,86267521,139657
fe8613161e4ad3fc,77724,67961294,139651,76620,67971424,139651
fe8e2f41ccac01b9,95329,85577781,138230,94225,85588009,138230
fea26210ec81ddcd,106642,96880567,136185,105534,96890559,136185
febe4bf96166f9aa,114137,104380974,137102,113029,104392531,137102
fec5d0899a892726,102923,93160035,134931,101817,93170319,134931
fecb86c09145c9a1,116190,106438146,139223,115076,106451267,139223
fee76c2bd7e7666e,13333,3596462,137974,12229,3606571,137974
fefa530e01d09344,82676,72940035,103128,81600,72957440,103128
ff0884b478a2f1c0,117643,107900901,136756,116536,107912497,136756
ff2cac1c04b15512,102987,93237130,135590,101878,93247213,135590
ff3b2e54e40e485a,67818,58080801,138362,66713,58090084,138362
ff3da358e1b73844,87861,78100917,137643,86755,78111030,137643
ff5d18c6e035e97a,76272,66520867,138643,75152,66530506,138643
ffc478222711bc52,50351,40577046,138753,49275,40587092,138753
ffe3b795064787b6,38622,28862100,138400,37524,28874451,138400
