content_hash,rtsp-0_pts_ms,rtsp-0_arrival_us,rtsp-0_bytes,webrtc-0_pts_ms,webrtc-0_arrival_us,webrtc-0_bytes
001688804b1238a2,91294,81410986,139159,91176,81433007,139159
00177c64310a8497,29698,19814017,139433,29577,19833729,139433
001e2a19a96f649d,103715,93834155,138289,103595,93853656,138289
001eee4177300f13,20363,10490241,139647,20235,10500408,139647
0042b2bb9dc24d09,85207,75350945,139423,85085,75363799,139423
009b1d062b694331,72389,62491059,130461,72266,62523681,130461
00b3a9ce06b47f4f,12000,2150082,140451,11882,2167293,140451
00b690ee2e5ca910,66230,56370436,137914,66101,56384583,137914
00ba9ddea51eeecd,92467,82593985,157505,92353,82610413,157505
00bad85cf817dec6,18870,8990081,139480,18753,9008237,139480
00c09aeff1d721f2,118401,108554551,156423,118283,108566035,156423
00c81a2c2d7c71b2,82255,72374260,138485,82137,72393345,138485
00e28fb1beb67abc,119269,109390993,137596,119148,109405056,137596
00fb238b99056520,56790,46914384,140219,56669,46926481,140219
00fb4ff2b5d6813b,99169,89269337,129069,99082,89309140,129069
0102c42f56f0966e,78065,68171159,129062,77968,68200755,129062
0118842e2830f2b9,117680,107751635,129260,117579,107814518,129260
011f6e1a0351ef94,16512,6650627,142976,16387,6664344,142976
01448cb9405ed00d,61302,51410155,132493,61197,51437202,132493
0148b4c16e640d32,93567,83694592,140266,93451,83709348,140266
019a5b85ce0a8e07,17428,7529026,133127,17357,7566253,133127
019f14a55cfdc50c,19568,9671358,132382,19479,9702926,132382
01a729a84b474832,66385,56529335,130827,66269,56539434,130827
01a9ee9824343e8d,56596,46713975,139210,56476,46732879,139210
01ad5381eb0dc256,64588,54710513,138243,64468,54723852,138243
01b67d5cb9b1c1d8,69999,60086087,131027,69942,60135005,131027
01d1ee3ef6051874,53683,43814004,139722,53556,43824077,139722
01db6ca91fdfc550,91327,81450753,138010,91208,81465649,138010
01dde5ba1a112840,45643,35770536,138502,45521,35780178,138502
01df84e9305965cf,25412,15548813,131490,25278,15558425,131490
01e64a8a4ea9dd5b,85944,76030927,138760,85877,76085120,138760
0204f748eb37399c,60264,50410905,139787,60139,50421393,139787
0205dc4765a5c455,71347,61490709,138975,71222,61501478,138975
020e8e1b72bdc36c,95766,85921947,170773,95679,85938539,170773
0215f32bf258126f,54839,44954166,140159,54723,44974986,140159
0247a993404ca3a0,78833,68955134,129415,78710,68968320,129415
024e87bf713de28f,65697,55824766,156952,65585,55835949,156952
028671a31b2ee62b,73585,63709139,130040,73462,63720011,130040
028e8541d61c540f,115579,105711075,138547,115455,105727213,138547
028f2cf1c47fc4ee,94498,84634147,137206,94376,84646300,137206
02aca6d04c584219,33120,23234139,140748,33000,23256276,140748
02b187eff2e79623,11908,2050747,144098,11783,2064419,144098
02b881c6f739e11e,58158,48290558,139564,58028,48300344,139564
02c95e46d49490d8,68247,58390972,140623,68126,58401387,140623
02f1d6987a20c046,106642,96738413,129939,106557,96777596,129939
0321cbccb4b4ab69,88431,78574525,139380,88313,78586035,139380
0331af872029b0dd,70717,60837634,158851,70598,60854282,158851
03497e0fd514882b,12595,2730379,140887,12467,2742287,140887
03682a4c89e238e7,101503,91650724,136878,101382,91662655,136878
036b1938621945e0,63806,53930143,136847,63686,53942409,136847
037db5c9a907ecc8,21781,11929017,133465,21656,11939139,133465
037eae91b6017e5d,57901,48030245,136906,57779,48040785,136906
0392a51f7eaa3030,32271,22351316,132534,32191,22406515,132534
03a257548b45d272,53955,44076389,155599,53834,44091847,155599
03a7f3f3dfe2af1c,39118,29233640,138528,38994,29254155,138528
03cfef57906ce629,23677,13813925,139389,23546,13824267,139389
041970d68c11873a,28694,18833369,139037,28578,18843566,139037
041a25e0f480ab1c,83187,73330860,139127,83061,73344170,139127
04512b80599a60a0,87777,77850871,129454,87717,77914240,129454
046dc4879ce7842e,15084,5258141,353304,,,
048092d411358970,73745,63870419,137624,73620,63880731,137624
0496c470bc1b0e95,117950,108014587,138543,117831,108085965,138543
04997235361dc694,66965,57051551,131925,66884,57100951,131925
04b304f8df9938f8,39180,29310151,139019,39054,29320959,139019
04c90e703a87f782,77381,67529286,130101,77256,67538964,130101
04e0032ceb7f243b,25984,16126717,97437,25893,16143177,97437
04e9d2279810fc8b,68064,58194148,139024,67933,58208634,139024
051500d72a705d82,45674,35793929,138211,45551,35809214,138211
051596581764d96b,63199,53308973,130215,63100,53335214,130215
051d4ce4bf9de83e,87166,77310952,139648,87040,77323700,139648
05222bde5149968f,46501,36650640,139329,46379,36661623,139329
05239d34df108eb0,99521,89671090,137867,99399,89683673,137867
052708493989bf2e,48608,38730480,139279,48489,38745032,139279
052da4ebef899c46,79800,69912856,113255,79707,69934155,113255
053564c6cb72163b,114497,104591270,129035,114410,104632835,129035
054514c94368b2bf,33250,23370804,143042,33128,23386073,143042
054fcea12e6a79ea,112440,102555891,131572,112346,102575073,131572
0556165cb7b18b20,42780,32930880,141728,42663,32947652,141728
0564e1b5294f8534,49603,39671557,131200,49506,39738763,131200
056a1ff4805cc724,63108,53208962,129738,63016,53243536,129738
056a4d4370af5842,69606,59735644,160050,69486,59746575,160050
05999789b8252911,38444,28553645,137563,38336,28579660,137563
05a92445c76db76f,71863,61981568,116919,71810,61997541,116919
05bb2fb05a45f060,102856,92951585,130141,102778,92994129,130141
05bdca4b38f84a79,29010,19130250,138597,28892,19145159,138597
05c9a5d08321459f,98133,88252139,128040,98005,88269429,128040
05e7c7f3bacc7bc8,118875,108994376,138325,118751,109010680,138325
05f7cb7d70c61710,107372,97514713,138950,107252,97525709,138950
060f3e514ce8b682,19625,9749302,133674,19526,9760868,133674
062a5548cbabf0ef,87043,77171004,136639,86909,77184758,136639
06585e9b13673096,24300,14408915,132730,24205,14435981,132730
065abc14bf4d4c45,61360,51471587,131636,61249,51495989,131636
0661b9326364403a,92222,82354228,138771,92096,82365968,138771
0665caa6566ad81b,28133,18292332,356095,28033,18318720,356135
06742303a7624a22,46658,36808699,139173,46539,36819968,139173
0676e2e61b2cf92b,33186,23309236,133291,33065,23321755,133291
06788a8034baf1ca,90703,80830498,137139,90590,80845937,137139
067f6fb458a692e4,84707,74830640,138237,84587,74845995,138237
0681dcde77be0570,11518,1629115,133281,11434,1656021,133281
0699faecf4aae0b0,111115,101236322,138753,110988,101250727,138753
06a0132f01e15afc,92934,83057425,114914,92904,83115199,114914
06b1941b7f1f04e3,18214,8331222,132350,18093,8352739,132350
06b8ab836d30307f,104719,94811453,129309,104644,94862494,129309
06c1f66076e53a51,95033,85079203,119169,94998,85168947,119169
06dc60d8a5d6a9c5,47865,37973776,138189,47748,38000451,138189
06ddb26df0baa256,68156,58293368,142179,68034,58304242,142179
06dfdc125153e15e,60326,50470833,141229,60202,50481905,141229
06fcf3d68ad5b368,9951,88902,133290,9821,98121,133290
070536a401b6cc9d,45415,35533845,138912,45295,35551513,138912
0721797ecc1be267,86629,76750448,136626,86509,76766696,136626
072f2023ecefc141,55194,45289039,131023,55112,45329911,131023
076239078ab44d36,72869,62993852,157453,72751,63005094,157453
07906f8d93eac91a,83337,73457335,156922,83220,73476722,156922
07a2148692857697,13986,4130401,140077,13863,4142248,140077
07af5adff07307ae,70183,60249325,131148,70107,60318946,131148
07b92853b4d8ef8a,36691,26829280,133266,36561,26839569,133266
07bbd353798ef3c9,52536,42674536,139732,52411,42684928,139732
07f509bb6e2d3ac5,42329,32433398,138041,42228,32465319,138041
07fcbc663707d3ae,34053,24197717,104500,33983,24216566,104500
080283da0ad6c93f,90766,80889172,128631,90652,80902850,128631
0807dd6f72ec307a,110109,100231062,137930,109992,100245440,137930
087ae6f015eade34,94969,85041828,93494,94941,85103217,93494
087bae5144e1bfd9,69240,59370765,139139,69119,59380470,139139
088346ab606d28ef,56231,46354066,138343,56104,46366895,138343
08a07bccda88ff85,85238,75374382,138821,85116,75386561,138821
08c44e0ea47e665f,116677,106811873,138519,116544,106822853,138519
08cb7abfadbf7cf5,90923,81062041,137900,90801,81075279,137900
08d4f2c50ea85dcf,36483,26591664,133048,36375,26618968,133048
08eafc5e2da48146,86694,76814262,138786,86572,76832207,138786
09012b6ce13b2c31,106141,96291159,138576,106018,96300654,138576
090399e15d165367,113808,103951059,138197,113679,103961248,138197
0903eabb3bdf2a7b,114433,104537615,129432,114346,104567878,129432
0909b15a83fc0730,68280,58430696,139446,68159,58441688,139446
092218447959f3cb,42207,32310148,138751,42116,32342523,138751
094427cb79dd350e,86355,76490679,137999,86230,76502859,137999
0945c28d465c4119,33836,23952575,132067,33716,23971652,132067
096812372766bb2a,75395,65530904,140188,75263,65540616,140188
097647be3afe0ff6,116650,106774478,138459,116519,106785093,138459
097b9a5891d4a005,65762,55876626,137688,65649,55897545,137688
097f13a09fc6a03b,71224,61354433,139254,71094,61370240,139254
098e8ade0079242c,11175,1337178,352743,,,
0990daa03aec3f46,75177,65310855,139876,75045,65320539,139876
099f4fb6da78f9ba,13351,3448827,132604,13279,3488102,132604
09a5d184108c2bb6,28848,18970379,139937,28731,18983630,139937
09eb46b97e92d97a,28815,18932693,136734,28698,18952301,136734
0a02a5c6d977e869,34452,24548930,132330,34364,24587137,132330
0a5d89f83c23ceb9,58750,48870358,138551,58629,48886356,138551
0a5d8a30225b17e6,48058,38173881,138660,47939,38193752,138660
0a7e16d925c3a2bd,73777,63910450,137045,73651,63920653,137045
0a8969fbbe873c81,21602,11729035,132596,21481,11738996,132596
0a9400fc15ad6f82,51698,41830481,139354,51575,41840910,139354
0a9ce0d80507ba23,81850,71951113,129598,81754,71984832,129598
0aa43247493fc569,99961,90090905,138419,99837,90103405,138419
0aaac9864cfb790b,113869,104011062,138082,113742,104020831,138082
0aaf22d3d5da97e5,109647,99771007,137860,109524,99782283,137860
0ae69211bfdb726e,87543,77725429,389076,87476,77766821,389116
0aecc6a3ab555521,27700,17828433,129393,27577,17837978,129393
0afe78e40acf699f,70782,60910839,139166,70662,60922642,139166
0b3797a3943c46e3,28389,18508338,128222,28291,18524060,128222
0b50c018ea593061,46201,36314056,137616,46093,36337011,137616
0b7686061550c9f6,106262,96374272,137464,106141,96398103,137464
0ba9c887d592a23a,26162,16269600,92767,26070,16295814,92767
0bb9a63173db8b75,93836,83965844,158636,93718,83983809,158636
0bd4ab59bd13cb57,17010,7128878,132151,16894,7146719,132151
0bdb9ebe3b233de1,63523,53674329,137930,63402,53685179,137930
0c03a46fa55f36b7,86036,76131142,138899,85959,76177163,138899
0c0983ecbbcb0ad9,111273,101394263,136916,111134,101408357,136916
0c24a488bac245d6,60671,50792019,132281,60551,50806628,132281
0c372911a5338f64,38561,28689933,137706,38441,28700588,137706
0c4cf722b173ee26,60049,50173935,138934,59924,50184981,138934
0c75fcc1c248ff8a,17238,7328596,131377,17178,7377687,131377
0c8ee8ec5437bbfd,24268,14369178,133927,24174,14403752,133927
0cdadf6453f37153,66575,56694992,138554,66457,56710199,138554
0cdfa87daae6fb72,71895,62001286,116202,71841,62029450,116202
0d10e9a1315e695b,56661,46790607,139974,56541,46802052,139974
0d11713ee38dbefa,25566,15710073,138691,25439,15720121,138691
0d1828f40e9d8bc0,27160,17318024,185640,27048,17331030,185640
0d338e65cfa6f9ed,74615,64749005,129445,74485,64758265,129445
0d3d51a4cb18d794,92876,83028269,99666,92833,83114541,99755
0d3ecd66538761c8,67469,57610627,139388,67338,57620775,139388
0d46cea00f85d9c3,22721,12834105,140331,22601,12857763,140331
0d52eb6feae2e84c,73124,63249467,131755,72999,63259414,131755
0d5aa2f1a722233e,74527,64649353,130331,74407,64662751,130331
0d65cebcd398d81a,17955,8071729,133942,17836,8092583,133942
0d70feaf3a74c9cf,101726,91850735,137096,101604,91867247,137096
0d755a01a1b92af0,65890,56010828,139035,65775,56025533,139035
0da61ddaa1fa7add,47321,37390264,138007,47237,37457187,138007
0dad1e24f39dcf52,54340,44470302,138247,54210,44481248,138247
0daf5f630b122bda,109454,99578174,159359,109334,99592023,159359
0db5290037ab8bb3,38532,28650880,139213,38415,28668120,139213
0de340927eef0ca8,116540,106651230,137769,116426,106680757,137769
0e07d06fe964bb3d,38070,28168535,129540,37983,28204914,129540
0e0a471618494ce5,112759,102871544,141293,112657,102895406,141293
0e30166a13b23499,61448,51573279,131193,61326,51583987,131193
0e316c68e5647395,24546,14669098,133797,24433,14681914,133797
0e68b8641e684e5e,13254,3356325,121054,13184,3433120,121054
0e7097f303a85670,112084,102214236,138021,111953,102224168,138021
0e7458f1e2242618,20640,10788638,131454,20516,10798394,131454
0e79f3e4d3b2ac67,20238,10354236,141132,20114,10373515,141132
0e91e4d8e96f3e98,45481,35593590,138006,45361,35617194,138006
0eb712d096bed4bc,61845,51970602,139573,61722,51980513,139573
0ec2f19658d924a0,21203,11308955,132637,21111,11339053,132637
0ed318d80090b2cd,69935,60041717,130156,69882,60070839,130156
0edb5cff0baffc02,71437,61554238,138381,71316,61572582,138381
0eeb87bfd33d5473,47294,37352858,141689,47215,37429810,141689
0ef4ef5b3fb2f461,106610,96716410,129645,106525,96746308,129645
0f036e4232b48250,74230,64329108,129408,74144,64365361,129408
0f0b7127bd82a5cb,54708,44830273,138345,54593,44844726,138345
0f30c3f0ae815ea0,32238,22328943,131968,32159,22374061,131968
0f44351e08d61e22,87903,77989407,130038,87835,78040705,130038
0f5e9cce2984652e,53105,43197581,129755,53028,43245282,129755
0f640d716fcb8555,27125,17273152,139493,27002,17284239,139493
0f958f45517d50e5,90606,80730719,137554,90495,80746410,137554
0fa97a4d97e90e1d,109270,99411298,139303,109139,99421741,139303
0fad2369c6c86f0b,41324,31453385,137126,41193,31463464,137126
0fb517f74d3dca55,66870,56951262,129926,66793,57004870,129926
0fb6fa0c9c77dbb4,109988,100131024,138287,109862,100141990,138287
0fbe123ddb556883,111836,101954283,137128,111713,101971153,137128
1006046ef8d680ab,60735,50852012,133989,60614,50870532,133989
100ad1148c7e5ec8,62502,52614087,140081,62386,52637932,140081
1018f80faad47f62,104783,94871273,128512,104706,94920301,128512
10210519adfc60a0,48673,38803111,138607,48553,38814262,138607
1026893011178ddb,114278,104394564,139170,114154,104413689,139170
1041a9a2197bc24d,101322,91454324,137934,101201,91466066,137934
105c4d58d9c3bc41,94063,84189345,129804,93943,84202301,129804
105ebaf7b274b635,10453,572876,142820,10324,588954,142820
107ad57292c445a0,17334,7428967,133102,17271,7475373,133102
1091403c88f9907a,47118,37187516,128795,47067,37253197,128795
109343a198602d74,88170,78290739,137290,88066,78309894,137290
10cfd3e9f39404a5,50330,40451245,131290,50204,40464801,131290
10d0ac068e26d1b3,54870,44990484,138922,54754,45005804,138922
1106201fab11e143,20079,10196458,138218,19958,10214966,138218
111ce602c7b77f09,84218,74333968,138152,84110,74357450,138152
1140de4bcf93eb42,30183,20297151,118427,30115,20317877,118427
114642572d4b5024,107497,97617541,157109,107377,97634783,157109
1160f7fc43523459,23319,13428983,133175,23222,13454884,133175
1164b05cff5b9591,99992,90114345,138561,99866,90128652,138561
117f61a00644bc8b,19949,10070076,139427,19830,10084866,139427
118d101840c54af8,104367,94490704,137267,104244,94505852,137267
11905d54f3992f53,44465,34588443,128186,44344,34600083,128186
11cbdd3917fdeb3c,66077,56210665,139110,65953,56220878,139110
11df0bc2f5497750,83249,73390810,139060,83119,73402558,139060
11e02debcbdbd766,91261,81374212,139618,91143,81401458,139618
11e0ee7da431c60e,74703,64849149,129813,74578,64858386,129813
11e85708cbde9a7f,50985,41161011,364645,50903,41189156,364685
11ea466450a2f8dc,93251,83329961,128695,93196,83400382,128695
121b4a510467a695,101694,91817269,136258,101573,91832667,136258
122ff20cf3f39b9a,33282,23409113,131614,33158,23419069,131614
1274cfb0f5f51383,77662,67790712,137646,77538,67800895,137646
127567d90a4234ff,77533,67650920,138913,77410,67669230,138913
12a44a296f18ef08,76813,66937426,158471,76692,66950412,158471
12c157eab861cf36,90541,80673734,154600,90431,80688292,154600
130532ef06a65c0c,99674,89794096,156330,99555,89812937,156330
132a23a75e9d5f13,57743,47890628,138839,57622,47900079,138839
136db42af1aa6a9b,28482,18608880,131071,28381,18618638,131071
138e1818be27cf45,109615,99734195,138277,109493,99751501,138277
13ebeca91a91ffaa,35422,25551557,132540,35291,25561407,132540
13f58a4e78172f1b,24754,14890754,140023,24621,14900989,140023
13ffa4ba8d78ea75,112633,102731615,129874,112537,102768324,129874
1401441dacad2fa7,29920,20049185,133244,29794,20058842,133244
141d4ef9fa52f31f,119714,109811407,137532,119623,109850439,137532
143ec712f69067bb,50577,40711342,131240,50458,40721669,131240
144cbb1a816e41b9,33625,23770735,140906,33498,23780412,140906
144d570fc7b6d7d0,96967,87051359,135904,96905,87109316,135904
1453ccf76e58ef6e,56169,46294356,140083,56043,46304665,140083
146d05c2992f9c16,57037,47149192,130200,56944,47173308,130200
14834e1cda7e1306,29633,19750706,142709,29512,19768756,142709
14bbdae17cf5c05e,106834,96931997,141216,106742,96970287,141216
14c2e69b2ac5bb18,107341,97491181,139359,107221,97501631,139359
14d71c35748a4365,85085,75212567,129128,84964,75225876,129128
14e10abd2f08c65b,92783,82910945,138082,92660,82924036,138082
14e21efd3912651a,68003,58130891,140008,67875,58140398,140008
15000fcccc0a05b3,42683,32830614,141253,42561,32841712,141253
15008b850d635ac8,106708,96809871,130088,106621,96843264,130088
1508458b128a9d39,89717,79811061,128227,89649,79855105,128227
15132f5cc1e001d8,101173,91290957,137771,101070,91311300,137771
153fb21eb2f4cc05,72309,62409388,130193,72200,62444390,130193
1546599884afc60c,70458,60574014,138609,70336,60593972,138609
15506ce0bbebfbe8,61942,52070581,139498,61818,52080282,139498
1550b389c5294f6a,20953,11117785,355799,20859,11144824,355839
15b15f685ab21bd2,34684,24809149,132656,34566,24819743,132656
15b1cd38df414be6,33533,23670177,139807,33399,23681125,139807
15e0e1370c5dfc82,88084,78190525,136895,87993,78220986,136895
15f337eda6da3956,97416,87549316,128409,97299,87562562,128409
15fddee9735814fe,18433,8569947,139211,18305,8582889,139211
161644557e504fd4,114960,105091014,138030,114840,105101965,138030
161fa244328c7d15,47086,37165681,141115,47038,37222875,141115
1625d0f8f2609f05,35606,25749267,132318,35480,25758325,132318
16346783a773f2c5,14206,4330077,139739,14089,4342876,139739
163d92b57d12f9fe,106896,96994093,137233,106800,97036780,137233
1676210132348248,82843,72970653,138222,82734,72983738,138222
167b98416cc08014,101597,91713645,136239,101476,91736941,136239
16a49db9d375feb6,34598,24709194,133870,34492,24734880,133870
16abbd8391540f5d,15500,5591262,132109,15422,5638622,132109
16b9851cbabbc7de,81382,71497217,156511,81262,71518760,156511
16c3e0cb9df8347f,119490,109596514,129517,119405,109625575,129517
16c5f09aa2b0444b,81543,71670945,138993,81422,71681533,138993
16c8b9ac7e182b61,49755,39870182,137650,49629,39890123,137650
16dfc04f9977af82,67847,57970722,139420,67724,57982452,139420
16e188f893903b04,52258,42390643,138830,52134,42401718,138830
16e706228e149594,118220,108351048,137654,118079,108360979,137654
16f0f9b981dcdfec,66261,56410787,138746,66142,56425941,138746
1729cc31232a48d0,51640,41769253,131246,51523,41778887,131246
172bcd7706e14045,51119,41225332,130869,51042,41255102,130869
1732d5b22a115cbd,110367,100491235,139805,110246,100502785,139805
1732d885d074d438,101759,91873994,137859,101636,91897445,137859
17537782b8e2526c,59489,49613303,137853,59365,49625000,137853
1758e313624320cf,107441,97591044,138473,107321,97601492,138473
17761828762c7973,114719,104831178,138564,114623,104856455,138564
1778d2e253e4f3d8,110399,100556987,343188,110299,100585762,343228
178301a73f185b81,55000,45117520,131958,54923,45136018,131958
178d29d06ce8e300,31850,21970400,139623,31729,21985236,139623
179ddf38b6309c66,104686,94789627,129428,104611,94828281,129428
17dafdb09e126bf8,72642,62794399,157475,72523,62806067,157475
17f90cb316050ee6,57502,47630512,139245,57379,47640299,139245
17fcc87c03b64c25,29385,19529882,137923,29257,19539620,137923
1810bb68a4879f5d,79619,69734466,139888,79498,69755269,139888
181113c21992bf8f,75609,65730702,138621,75488,65749371,138621
181147a4414bf1d4,52878,42993652,138788,52757,43013868,138788
1830571d0694a85b,76187,66289401,129449,76098,66322383,129449
185a1bbef129668a,32930,23074112,139654,32810,23084508,139654
1861dfd65b9797e1,115611,105734479,138712,115486,105747299,138712
187d6108bdd5461f,71535,61651094,138421,71414,61670134,138421
18828667496430e1,109123,99251119,138172,109001,99261660,138172
18a1e663f51916b4,20792,10911452,132735,20670,10928921,132735
18a96fc46ae10354,49354,39388429,120667,49298,39489513,120667
18c47832a96c0fe6,27385,17508628,129122,27274,17520809,129122
18d2a22742a7116e,13778,3908823,133155,13666,3921073,133155
18df7ffbdc12b619,63870,53990555,138948,63749,54005920,138948
18e8ee4e7f98c78d,102981,93091091,139396,102895,93120137,139396
18e9ececb3c38aa1,101472,91613088,140045,101351,91625590,140045
1919b8ba2835a5b0,55880,45993951,138989,55759,46016290,138989
1921188253163796,74674,64813394,141241,74549,64823483,141241
1935f05f184b1ded,42713,32854279,140149,42591,32864711,140149
19382bf6b356a188,40312,30414420,139093,40214,30448688,139093
194e1059576c28d5,42447,32570822,142101,42332,32583063,142101
1957aad525e449af,33656,23794545,140805,33531,23804541,140805
195c6d7b512b65a9,56010,46130833,141091,55888,46146214,141091
196ecc104d1788a5,87598,77741972,99583,87541,77783678,99583
1973640f35209772,119808,109911079,137246,119709,109943313,137246
1998ce539552717b,108948,99051237,139099,108846,99088107,139099
19c95d6d3220465b,54182,44308989,130412,54058,44319357,130412
19d417355764207a,43718,33833504,137398,43592,33853114,137398
19e5d5f772f8e036,81075,71210726,138457,80945,71220903,138457
19e7a2248d035714,89157,79291028,138730,89029,79302627,138730
19f513af5d00684b,58850,48993597,99860,58759,49010915,99860
1a2391530154695f,89998,80109219,129642,89909,80136598,129642
1a24982b138cd8e7,26757,16849958,138083,26620,16893901,138083
1a3244fa2d094e24,12154,2274077,140869,12040,2291952,140869
1a4127655c9669fc,36268,26369261,133307,36175,26403384,133307
1a665aa608113778,22066,12189041,132392,21946,12201872,132392
1a6d6e07eff6defc,88401,78551029,138596,88281,78564875,138596
1a8ba9c41972f86e,58095,48213947,139437,57968,48230997,139437
1a985cae6a35f027,25130,15250700,140684,25005,15266136,140684
1ab830d28936dd43,110461,100596079,130469,110367,100606244,130469
1ae6b69e2a26b088,82345,72474336,139427,82219,72485695,139427
1aed06343c111327,95000,85057807,94255,94970,85133866,94255
1aef2323f73e801e,33440,23570456,140876,33310,23580630,140876
1afdb67d536a69ac,81415,71529195,129448,81295,71549905,129448
1aff4dd0e516f8fd,25505,15649698,137094,25377,15659256,137094
1b06f1c452244a37,87809,77889229,129460,87746,77948639,129460
1b0739394f4d0e3c,115673,105811381,137740,115546,105822618,137740
1b08ae92ddd5efad,28420,18548404,129282,28322,18558356,129282
1b323a79a2934772,17302,7389219,132300,17240,7444411,132300
1b4a7083dbaf7ddc,10981,1093509,139790,10862,1119560,139790
1b4cca746d4c0a4e,62820,52935698,129218,62737,52955278,129218
1b5b9bb1630e02d9,105001,95111034,138719,104908,95139512,138719
1b67c9a7c312c9d1,20424,10553907,139832,20293,10563509,139832
1b7606ab42270a77,26363,16452052,120231,26263,16497834,120231
1b95793e3fb0bb8d,14141,4273887,162543,14024,4289232,162543
1bda905c29d8c08a,38199,28290630,128701,38109,28334601,128701
1c01a885902ab5f5,12841,2953646,140374,12724,2981789,140374
1c3779abd1bbf2c5,12121,2250217,139928,12008,2262813,139928
1c3b0122bd10df6f,116206,106257950,139712,116150,106341467,139712
1c7fe830fb7c2834,82374,72510882,139073,82246,72522946,139073
1c8b0672eb055ee1,47740,37893664,157106,47622,37904573,157106
1c940299204278ff,19508,9609117,133885,19430,9643778,133885
1c9d9b906e7bc83a,13926,4070550,143050,13800,4084198,143050
1cb0b28e5ef7a9ff,60895,50996521,118274,60813,51029334,118274
1cc213540269fc2f,65730,55853362,155291,65618,55867878,155291
1cd18517086b98dd,28326,18448533,129595,28230,18461599,129595
1cf782731f8148b5,48367,38510545,139116,48238,38520913,139116
1cf9a6e5591a99dc,13171,3315623,106645,,,
1d08a579c6a7c79b,57934,48053541,138137,57811,48069528,138137
1d1512708554d7e9,100800,90909381,127866,100723,90938844,127866
1d276b94d69537e4,40696,30833772,138646,40570,30843378,138646
1d46a33cd49a9953,96334,86469219,129234,96205,86484013,129234
1d5b36fe61826213,50138,40270480,138386,50016,40280280,138386
1d5f0da90fe67325,35361,25489211,132630,35232,25499402,132630
1d641c50118a9b2a,55946,46070297,138269,55824,46081492,138269
1d7ae1130b1e6348,104621,94734186,112505,104547,94758114,112505
1d984514a211bb2d,35727,25850374,139856,35605,25862890,139856
1d9bc8c96089349c,23707,13850447,140108,23578,13860525,140108
1da22e8f1136654d,75209,65334063,137438,75076,65345322,137438
1dcc179d54d330f2,85550,75671642,138950,85432,75688338,138950
1ddfad7132d00577,64214,54350490,138576,64087,54360839,138576
1de7b5de630afca1,76278,66371101,129479,76182,66413221,129479
1df12d5c4292fafd,50760,40889182,130357,50638,40899213,130357
1e078142b1ccc5cb,108538,98654506,130563,108458,98673486,130563
1e0c10475522f2d8,72553,62693195,141166,72426,62702799,141166
1e19f63c36c8d303,19799,9933321,143956,19673,9943590,143956
1e1ebaad560bf4bb,88491,78633875,138109,88374,78645407,138109
1e5db8b2255e0dff,55318,45411529,131528,55228,45453664,131528
1e6ba7df79bf1844,31543,21674258,140107,31413,21684111,140107
1e7a219e50cdf682,29793,19914325,140432,29671,19929544,140432
1e9a7c5e3bfe79eb,117743,107795778,130647,117640,107877916,130647
1e9bf023b96176e8,105798,95931124,138432,105677,95952405,138432
1eab1da4ad585724,19101,9215456,118994,19054,9335812,119083
1eb1ec860e823dad,28634,18771188,141513,28523,18781612,141513
1eb6e3eda65268a8,91358,81474109,137673,91239,81496362,137673
1ebf5740d31c2613,101233,91354418,139564,101123,91370465,139564
1ed372d92eff82e4,44858,34973667,139103,44737,34994100,139103
1ed4290d4d459eaa,76093,66189214,130746,76010,66228395,130746
1eded1261577210a,100084,90214228,137853,99955,90226009,137853
1eefbbeb1fe75e08,118461,108577474,135801,118344,108596019,135801
1f05fd6f8222c14e,89781,79871087,129462,89711,79917669,129462
1f10e5c65a7acd55,81350,71470824,138985,81230,71485885,138985
1f1d3c0ce06dd3f0,105509,95631259,139695,105392,95646394,139695
1f2a277e5a00e4f5,44139,34228697,129778,44052,34273864,129778
1f38e5fe4fdf4f24,57133,47231298,131542,57037,47268712,131542
1f3f5e95571cf01d,115547,105671288,139148,115425,105687566,139148
1f546f4bc249a7b1,80088,70193436,141541,79988,70224161,141541
1f56167839685f9f,11967,2110563,142847,11839,2122371,142847
1f5a42db16522e36,111992,102114309,138170,111866,102127782,138170
1f62df55749a5637,20991,11135368,105166,20901,11152661,105166
1f7b2e405ddac667,118905,109031093,137529,118780,109042892,137529
1fa8df6e1b028a77,72997,63117076,139302,72876,63132526,139302
1fb200ccf626bac2,30074,20259440,361828,30001,20287080,361868
1fd00120029c3ea6,45018,35150010,136119,44894,35160478,136119
1fda0f6a3cd96573,109240,99374356,138049,109107,99384723,138049
20009f69b4b17227,85720,75825349,129131,85663,75913351,129131
2008492e297f7b68,60574,50689595,133826,60455,50709992,133826
200dada9ced74893,70093,60152475,131412,70028,60228782,131412
201a4455ca5d888c,51756,41890328,138267,51626,41900266,138267
201e48905f56ca41,93683,83830694,137775,93560,83843712,137775
20451d28a66f4eaa,30248,20340412,133661,30179,20383597,133661
20543b709765f90a,114400,104515675,129846,114314,104535364,129846
206d386649c28037,90954,81090663,137967,90831,81107350,137967
2078165cdfec3450,69871,59997476,129797,69819,60007089,129797
207f8088cb32d6fd,57681,47830313,138322,57560,47839989,138322
2086c85718b58e35,63139,53230880,129891,63044,53273644,129891
20af5538260bc382,91742,81831173,129349,91672,81878212,129349
20bebeabe2538a93,57197,47309135,131063,57099,47333384,131063
2114bf96bed17853,118525,108634595,138035,118409,108660980,138035
215e05dd37515895,105892,96014412,139007,105768,96028488,139007
2168d60bce718e32,117977,108051487,140281,117856,108113156,140281
216c5eb02c876d23,33503,23630240,139699,33370,23640270,139699
216d349b5cee93f4,53566,43690181,138161,53453,43702055,138161
217db48552be32d8,67622,57736710,139275,67502,57757693,139275
218943add33f1c04,84771,74890659,138353,84650,74908530,138353
219c7d27ef843315,79120,69250833,139426,78987,69260273,139426
219c9bf95eb6f6a1,111304,101431155,138022,111163,101441390,138022
21b27be439977620,99488,89630657,136746,99358,89641830,136746
21ca1fd982b46b72,14924,5049923,139036,14805,5064215,139036
21eee3feb720d4b6,78160,68271112,141158,78057,68296014,141158
2205255099c8127a,60173,50310374,138624,60044,50325959,138624
220c8616c8b5915e,70627,60771300,141226,70499,60781818,141226
2236c3cd9663c5f5,103934,94071064,139350,103807,94084685,139350
22460df814f0240d,40343,30450162,138404,40242,30478591,138404
225629a4876c81e3,69509,59630565,138671,69389,59644498,138671
22b474662052988f,29041,19170006,138195,28922,19180175,138195
22bc1ea9a22d67cc,81638,71752865,141050,81515,71774932,141050
22d92d8331fdbe0f,78898,69031440,141424,78773,69041603,141424
22dd0f01de7efad3,43190,33314867,141234,43070,33326211,141234
22e96aa516c3f1ff,32091,22235793,106160,32013,22253847,106160
22ecb91d8154d0e4,18997,9177782,355064,,,
22f0746167284f40,101143,91254263,136943,101044,91281726,136943
22fde1d72e163b13,26396,16470797,111369,26293,16530188,111369
2303800c0c381d3e,79832,69935077,131479,79739,69967338,131479
2325a32802e5e4f7,31666,21809181,133345,31536,21818899,133345
233ccd6f4ec819b8,102661,92775221,111494,102589,92800273,111494
23419954dd4f9c37,97473,87609085,127691,97349,87621925,127691
2348b7fa860790cb,44349,34452166,140162,44242,34485132,140162
235a2cee0237c75b,25600,15750478,140102,25478,15760555,140102
2378a816c32c1704,84803,74930791,138942,84681,74948756,138942
2383f8bc336cf33d,18085,8210244,139830,17966,8221699,139830
23a9ac183167aff9,82746,72870757,138189,82639,72885205,138189
23cc24865c2039ef,81044,71174722,139977,80915,71184930,139977
23d0a14865b4de83,100357,90473959,137259,100239,90495345,137259
23e07fd420624926,97943,88070777,138303,97824,88085987,138303
23e9bc77c04514a2,112911,103031294,137900,112797,103047276,137900
23fe94321215a5db,33780,23930235,139316,33658,23941084,139316
24192b1215cd3029,72738,62859146,154373,72621,62879583,154373
242dfd289083ab0f,64153,54290887,139303,64023,54306521,139303
2467e7958e82e83a,60142,50270573,139507,60014,50283529,139507
247e52b3b1328480,74887,65010476,137871,74762,65022905,137871
2487518df8accc4a,112472,102581164,129760,112378,102606859,129760
2498a70ac777fdcf,45884,35988747,129709,45789,36019323,129709
24a93b312a2a9a3d,49526,39571177,130820,49444,39662410,130820
24bbfe6d56b4d519,39520,29670186,138845,39397,29680116,138845
24bdc97be105fd26,87197,77334238,137994,87074,77346773,137994
24c11c31a88584df,113838,103974542,139162,113711,103984484,139162
24e01209f897416e,36423,26531803,132776,36320,26558833,132776
24e426ae3a893db8,30345,20431368,132433,30273,20480416,132433
24fc2ca69791ce42,15980,6129065,132817,15862,6146996,132817
2501c634114252c7,108249,98371224,139640,108130,98385659,139640
25025a9ae0598451,13478,3571219,132953,13400,3616258,132953
251dbdf19f32bcc3,32811,22949199,133390,32681,22958630,133390
2521787921aae40b,43653,33770380,138853,43529,33788750,138853
2543beb3b0ca5c16,56855,47017041,349315,56758,47043352,349355
254d24b40a800447,101662,91794297,157417,101540,91808472,157417
2557b085638e8d50,52991,43134423,101386,52914,43155364,101386
255b1100aedaac02,56628,46750218,137745,56508,46763669,137745
2570c8747ce38157,45204,35333402,138572,45073,35343700,138572
25927c7f95db7ebf,28760,18909606,136479,28640,18923930,136479
25b3c25fd171f882,117834,107891023,137842,117725,107969931,137842
25d1625a43509f38,45819,35935435,130334,45724,35954470,130334
25eecf1941d57dbc,113684,103814655,138512,113555,103823998,138512
25f6a5a8c1c491bc,92689,82822178,138115,92571,82837814,138115
25f9ed79adb76284,20301,10430423,141566,20176,10440855,141566
261433e20df9f2d2,54371,44493400,136955,54239,44506609,136955
261c370366c4fba5,39396,29533981,140057,39271,29543790,140057
261e9237f7178b86,84867,74990795,138429,84743,75005279,138429
265f3c26369a6642,31635,21769554,133284,31500,21779182,133284
2669370494059145,23440,13554338,139692,23333,13576666,139692
266b43f7afd25e4c,107312,97454574,138779,107192,97464756,138779
2677dba8f21ca37e,32043,22218132,352963,31960,22246137,353003
2678c121f97047f2,71599,61714025,137451,71478,61735533,137451
267cd584a5496cf8,82165,72290844,138304,82055,72301175,138304
26bcba95603c6fa2,32303,22389367,133350,32222,22439741,133350
26df91849e433ebb,36392,26509421,133571,36291,26528064,133571
26ebe9fe968f5344,26584,16650159,129216,26464,16719288,129216
26f4f5530c6e72a7,95156,85189441,129959,95099,85290812,129959
271b80ae62601f12,86597,76717681,158603,86477,76739734,158603
27220ad96a0633d8,56940,47053368,115960,56847,47074199,115960
27471ee36ec4cce6,32782,22912093,133410,32655,22921921,133410
27489ac88f56ce9a,34741,24869097,132582,34616,24878295,132582
274cfc033a4c3952,69420,59570704,139133,69299,59581754,139133
27513b347b12e62e,91108,81251014,138785,90984,81262881,138785
2783fabd7a2cf08a,96365,86491168,129989,96236,86502220,129989
2799f05226e6fc55,25535,15673162,138664,25408,15683477,138664
27ad803ac6fc1c36,30738,20851439,132113,30624,20873940,132113
27bba55bfbd9f7dc,25753,15870631,139105,25633,15888838,139105
27da6e10baf1f67a,85752,75847173,129365,85695,75914179,129365
27ecfe0e790364a7,72362,62469126,129864,72244,62496906,129864
28116d45ba31b4ae,110142,100254245,137363,110024,100277471,137363
281fb303e7e1f172,84642,74757491,158247,84523,74784057,158247
2822936a58039080,10227,350031,139361,10103,362444,139361
284fe3e45a65bcb4,86153,76254151,138317,86059,76293660,138317
286c1e4186c814ce,67784,57910724,138938,67662,57920646,138938
286f4e643840f40c,85054,75190759,138171,84928,75213610,138171
28a47f2ba1b3c502,93742,83890813,137683,93622,83903234,137683
28a4cf19c305d443,43468,33609178,132306,43346,33618777,132306
28c5896f41dc1b2b,113089,103232012,138090,112960,103242256,138090
2916b9f49c0a478d,27223,17343480,150887,27113,17359759,150887
2920bc1ea5f1e2d1,77791,67934544,101705,77697,67952155,101705
293542973dcdc0e0,86949,77074243,138033,86820,77087197,138033
29640d515776ee29,53450,43551405,130580,53351,43585675,130580
296443badea30aa9,119457,109574664,131510,119372,109592672,131510
296b2b2a75cf751c,70240,60323008,143316,70155,60377062,143316
299ff4a98e10a8ff,33564,23693950,140729,33429,23703793,140729
29a791511e5daa30,39212,29333691,139606,39085,29347846,139606
29ceae7347a076a6,80981,71110561,137952,80855,71119963,137952
29d0da6ad1ebb3a1,39150,29270547,139057,39025,29286016,139057
29eabf94da59727e,12472,2593727,138736,12351,2609665,138736
29ed325052074b48,62069,52191655,131696,61943,52204322,131696
29f1d94aa09d70d9,78097,68209026,128657,77998,68232957,128657
29f6a9691d50595b,48457,38593692,138498,48330,38604206,138498
2a022ba75206bf20,23161,13269126,132770,23072,13296678,132770
2a79ca609a0c78d5,114465,104569489,129032,114378,104599799,129032
2a84f12e1a71f915,35889,26012269,139773,35766,26025018,139773
2ad299b51b91c5ba,37878,28010400,139901,37757,28021157,139901
2b200b1327994cd0,27513,17628446,129173,27399,17649150,129173
2b2fa53cfb839352,78221,68333965,138645,78114,68357521,138645
2b340bcff1486848,29826,19950281,140204,29702,19961544,140204
2b34f76db1b80a00,59341,49452730,140273,59230,49481193,140273
2b39f40067bc69a1,77500,67614038,137354,77378,67635751,137354
2b494f1a7a3bc430,37846,27970090,138164,37725,27981418,138164
2b7c321a3ad867d3,112268,102411192,138386,112143,102421468,138386
2b8c215a05149648,23990,14151404,358192,23894,14180142,358232
2ba5b00ba0928f14,89466,79590509,137047,89350,79604865,137047
2ba7267f79946e29,119409,109552392,99798,119324,109570072,99798
2bb22f5159e6f01d,12534,2669860,139368,12409,2682636,139368
2bc0a8ed03124559,62598,52714344,139917,62482,52733552,139917
2bf26b0b0c877204,12687,2829923,139641,12563,2842309,139641
2c28b85c18df08f2,20143,10270482,140992,20022,10281411,140992
2c304e55be98645c,113777,103911030,138036,113644,103920823,138036
2c435ed41c2fb215,18309,8431397,132690,18186,8445867,132690
2c7476069ab46345,115736,105872043,156364,115607,105884249,156364
2c7579154b29e838,82561,72710773,138958,82449,72734986,138958
2c78ab9e33c592f2,87415,77530850,138495,87300,77555004,138495
2c79f41e13e3e3ca,58718,48833353,138024,58597,48853659,138024
2c9c59747285e7ad,14585,4712713,132352,14456,4723450,132352
2ca1b645316e24ad,67501,57651282,140107,67379,57661574,140107
2ca3b9b2d5b332f5,27729,17852391,141859,27604,17865770,141859
2ca7be4ffb215dc3,34421,24509101,132977,34336,24556838,132977
2cc78b9caaaf1f00,17397,7488834,132025,17329,7536865,132025
2ccb743fcaafc303,105924,96050997,137939,105798,96061503,137939
2cf1d53f44cc393a,47209,37268911,129298,47145,37344399,129298
2d0336aad67f82f9,109865,99994198,137324,109734,100003748,137324
2d072b3c1da69755,102442,92570775,137890,102324,92584215,137890
2d0a145848fdea39,97661,87811012,138987,97546,87823481,138987
2d1bb63bebb44df8,96085,86209520,129999,95958,86223938,129999
2d28307c67264bf7,53712,43850381,139171,53581,43860655,139171
2d28a53fd67f22c8,42623,32770636,139401,42499,32781563,139401
2d4105ac35a7838f,113989,104111223,138958,113869,104124926,138958
2d51c1e3fa7452cc,34540,24649162,132028,34441,24675323,132028
2d596027d50ae5f9,47616,37750567,139617,47482,37760690,139617
2d708851db909147,102289,92431202,139070,102165,92443318,139070
2d7cc3d1d490e782,78681,68830549,138082,78559,68840216,138082
2d80118950cb0bab,46170,36290818,142132,46064,36305414,142132
2d82652d2f27824b,26978,17109915,137902,26838,17120820,137902
2d919b421b29851a,26895,17010020,138702,26750,17031282,138702
2d9b2031f40f744f,90027,80133379,142794,89935,80168674,142794
2db4e7a15ce50fa3,46470,36610364,138793,46339,36620958,138793
2dbfa084f7905bdb,114529,104629593,128317,114441,104664514,128317
2dc2177483748bb5,104236,94354352,138122,104115,94374158,138122
2dddec15021ff729,115201,105351398,139869,115080,105362301,139869
2de04d2485afa74d,75802,65976921,349731,75719,66004266,349771
2df41d1e4daf51e9,43406,33550128,138535,43284,33560508,138535
2dfab22ec821ce5a,68809,58909725,128601,68719,58946020,128601
2e0be3ed521dcb70,85518,75634274,139432,85400,75657887,139432
2e40f4ae3085b2b7,115354,105477384,156164,115234,105491430,156164
2e41fcdaf83fc94e,70815,60934345,139353,70695,60955820,139353
2e7b4e054a613e17,43980,34068361,128367,43900,34115138,128367
2e82ee8a9a4bec6f,116735,106874272,137720,116615,106890832,137720
2e88c6a7cb751bb1,64846,54938924,129887,64768,54981566,129887
2e98310e01d1ecfc,93281,83371517,141031,93221,83431118,141031
2ec48c591a81af7d,99771,89893739,155052,99651,89910196,155052
2ec679ba214bd2ad,109896,100030875,136917,109764,100040172,136917
2eca5bee7d1991e1,46531,36674278,139684,46411,36684825,139684
2edc9d43f72cfc6e,106772,96869317,128755,106683,96906800,128755
2ee16e6561309f9e,38324,28428538,129633,38227,28459268,129633
2ef77b194c9c043c,19479,9571673,134415,19405,9614763,134415
2f1617004d1af08d,38167,28268945,129962,38078,28301803,129962
2f27af80a98b4230,57780,47930390,138725,57659,47941251,138725
2f5b2a9920ffb821,24204,14308837,132287,24112,14339515,132287
2f6709bcb07b1c0c,29446,19589839,137459,29320,19599969,137459
2f76c73d7c434bca,64275,54411050,138646,64147,54420807,138646
2fba4058c7edf8f6,63709,53828581,128014,63589,53843937,128014
2fc7db7c7ac6ed99,89433,79554782,138734,89318,79570964,138734
2fc877dba8f36305,106077,96214372,138192,105951,96224632,138192
2ff1cff1e7bcaf1c,88284,78410907,138692,88163,78423236,138692
300791fabdc18848,53624,43750299,138493,53504,43760448,138493
301b198f75d855e1,14334,4453871,141507,14215,4472736,141507
3020fde31e7521f7,43031,33150173,132244,42916,33166696,132244
302e53316cd854d2,41106,31228859,130576,40983,31241674,130576
306d4821b90c6eec,23349,13451321,132379,23250,13485121,132379
30733716f16acd98,112505,102609568,129878,112411,102639804,129878
3080188191089984,70295,60374221,139309,70200,60431610,139309
3092364470851edf,75049,65174312,138871,74921,65184906,138871
30956c71593cc3c8,10916,1041926,140825,10797,1056438,140825
30a86d177775c354,93032,83135488,114920,92998,83182490,114920
30b5c3b9006827da,13571,3671362,133191,13484,3710895,133191
30bbb9dfda2e765e,20331,10454221,141246,20205,10467858,141246
30dcca2cbd0181e1,96486,86629221,127955,96386,86644594,127955
30ea2cc2ad3b32d5,103872,93994462,139105,103747,94009889,139105
30eda39dd0afb235,34511,24609411,134017,34416,24646975,134017
30ff3182f7959222,21691,11828975,133006,21561,11838246,133006
3112235e68c88994,118192,108311508,137392,118053,108327361,137392
311cd888f573a812,118164,108274978,138639,118027,108300136,138639
31390d20a961849b,44955,35073630,137530,44832,35090459,137530
313d3da1cd58d53e,97847,87971159,139905,97730,87993218,139905
314e9af371991427,57352,47470369,138674,57243,47487896,138674
314fa1eacb538f12,56324,46453870,139863,56192,46463991,139863
315ca1b272ef7d63,16635,6773916,140191,16515,6785736,140191
318a2a1cf290bc4d,45513,35630466,139509,45393,35648717,139509
31949c6a78c995ce,10672,810316,141421,10545,820677,141421
31b1c61ac918a0e5,87382,77493935,138728,87268,77523685,138728
31c85da782e8d71e,108489,98632403,99823,108408,98650676,99823
31ce13a5adf261d1,59793,49910812,138266,59673,49930109,138266
31fb392bc9f22cfb,29355,19490040,138394,29225,19499626,138394
322a9b50bef4cf49,85486,75610755,138541,85369,75624910,138541
32586549beb074fa,23193,13291522,132762,23103,13328843,132762
325d7d1e4ace9b2c,80025,70129174,129597,79928,70160686,129597
32686fdbb1714340,44922,35050357,139921,44800,35061476,139921
327961536025cb12,107659,97791089,137589,107536,97801742,137589
328bd2753aea6044,26672,16746583,141933,26543,16808231,141933
329539419de7a614,18053,8173344,144504,17934,8191523,144504
32a41b62b6fdca03,73553,63671566,130562,73430,63688094,130562
32a97496633d6cbd,74469,64589246,130816,74356,64604791,130816
32aea3e80299bf8e,16816,6933833,139556,16701,6957615,139556
32b2c67aa4ae38eb,65921,56050785,139903,65804,56060983,139903
32b33e5bc7699f86,109710,99842419,137270,109585,99852997,137270
32c11997feac81ef,83002,73130848,139025,82887,73142697,139025
32d95e22059686d9,13897,4033472,131815,13770,4044930,131815
32e6783e8fc4814b,32961,23110268,139932,32841,23120460,139932
32eff18024ff1c4e,92046,82171544,141630,91944,82186573,141630
32f32d684631fdd9,25688,15810097,139034,25568,15823960,139034
32f3cef56081d678,96180,86309425,130217,96047,86321508,130217
32f7f15d41dd7d2f,37716,27833202,137629,37596,27852097,137629
33202ea44bfd8f22,42388,32511074,143514,42280,32524772,143514
3322ceb87bfa456b,19166,9260512,132920,19118,9338285,132920
333ffeb587d3cda3,80301,70430687,138448,80184,70441274,138448
33545a74eafea6ab,60295,50434540,139693,60172,50444743,139693
335932b4501b6ac4,56972,47075704,131928,56879,47107294,131928
33afcddf2668a483,24074,14188898,119079,23983,14208692,119079
33b0e395d78664aa,78252,68370710,137912,78143,68388525,137912
33b363ee112e4793,17459,7551573,133381,17384,7597191,133381
33d2c310d4c83b38,33901,24028986,132146,33781,24042840,132146
3431a36c2471b291,85389,75510827,138199,85272,75526523,138199
3433ea9631815a8c,86726,76850798,139387,86604,76865207,139387
3435974d99d23bc4,10041,188685,132878,9918,198651,132878
344331c0f1b50738,48936,39027678,129608,48863,39071634,129608
344c7ca986e9a6cc,90057,80171118,138182,89961,80196000,138182
345813e782db7b32,38830,28950148,138923,38709,28965623,138923
34a7fd721978415e,78583,68728695,127250,78461,68738316,127250
34b347dc8d466258,77132,67254115,138626,77005,67267393,138626
34c929d72ada3c1c,111084,101212828,139853,110959,101222766,139853
34e033f308c68ddd,28166,18308967,99581,28070,18325525,99581
34ed70f9046de29c,80759,70876674,136806,80638,70894557,136806
34fb679d38df2891,80823,70950731,138302,80701,70960907,138302
351022cd4165ae59,72900,63033574,155418,72782,63044636,155418
353e168ecdfe2657,11210,1354627,105011,,,
3540c2697d94fa9c,11701,1811245,132664,11600,1841879,132664
355917a3188157c4,112054,102190936,137646,111924,102201145,137646
35621a29313ce881,36453,26569227,133112,36347,26588593,133112
35731c42fbacc8c0,78769,68894027,157707,78646,68904884,157707
357f35178e7dd1b7,22688,12810411,141258,22568,12824930,141258
358c6575f97815fc,15214,5315843,119281,15150,5401082,119281
359b8e72dfd6726b,25161,15288997,133387,25036,15298894,133387
359c49346b9c60e3,45851,35957520,130352,45756,35986427,130352
35bb5683d553df75,67941,58072142,137887,67815,58080300,137887
35f6edf4717571e9,99018,89109351,129272,98948,89157217,129272
35fc7667c1d86f38,64335,54472628,130059,64211,54481920,130059
3610743ed0d33c10,75900,66015846,129547,75821,66035302,129547
3617455c59f0c6db,36968,27094200,161923,36849,27105775,161923
36369a07b67aeea5,90829,80953148,141014,90712,80967612,141014
3644031999a65e90,82875,72994120,139095,82765,73013002,139095
366dba7b0de35e59,88371,78510733,137500,88240,78522710,137500
367e844e3967c2e3,35953,26118859,359181,35860,26145675,359221
36975859facdb219,47237,37291964,130244,47169,37372707,130244
369cef3afd07a4cb,39055,29174013,139410,38932,29191332,139410
36ed0f19c2bad60f,73248,63371119,130307,73117,63382707,130307
37078b10cf3cbd30,17174,7275677,119415,17115,7310997,119415
370ab8402d22cedf,103161,93291305,139291,103055,93307313,139291
3711c150d8f4a9fb,27544,17668475,129958,27429,17679271,129958
371ca716fdcfbdbd,41726,31850415,139035,41606,31861714,139035
37234dbc6573aee8,75456,65594188,138227,75331,65604894,138227
374adba6bbc8b1fb,92162,82290635,137038,92044,82301606,137038
37562e1765bba4e7,46411,36550527,140441,46285,36561284,140441
375ffa51eb0ea79f,45112,35231226,131425,44985,35247346,131425
37745cbdb549c196,64183,54314204,137802,64056,54328419,137802
3774b51070aadf41,21299,11408775,132179,21203,11434786,132179
37750ee3f6179d96,29073,19193568,139304,28954,19209756,139304
378944c3fc4ff049,65599,55718013,140038,65488,55739251,140038
37ab192a27469384,104117,94254551,138621,103997,94266219,138621
37b34e68d6012994,107193,97331150,138827,107067,97342330,138827
37dd7850c79929ac,17752,7890608,141895,17636,7903513,141895
37f81db446620eb7,69360,59494089,138449,69228,59504821,138449
37fff131850a22c7,19133,9238096,133696,19086,9337369,133696
380e86dbc7957987,70749,60870398,137526,70630,60884729,137526
3811e4525a6f4da0,58437,48573984,140083,58310,48583580,140083
38276beded8b121a,85849,75934725,129999,85789,75988548,129999
3858f62cb9fe6349,51086,41203185,128926,51010,41221526,128926
38632f60bf8fdde7,66838,56929271,130998,66762,56973770,130998
3898c4203710508f,11548,1651607,133167,11462,1687122,133167
38b8096882584647,84454,74594777,140577,84336,74606768,140577
38c19201aa3e54e4,28358,18472480,141645,28261,18494030,141645
391f33f7602bcb17,94617,84734550,138388,94499,84756613,138388
39271e997bb9c969,80695,70814828,139917,80574,70830359,139917
3935369fcd5574d4,69152,59270799,139602,69040,59287578,139602
396391ed3bce1e33,81670,71829014,347234,81570,71856560,347274
3963ccb7aefd507a,102759,92851201,130766,102685,92896830,130766
39643cdda008234f,22537,12674231,142352,22410,12684275,142352
39657585b48af63a,73942,64059271,129631,73867,64077449,129631
39780964f263b8da,117368,107541380,138955,117269,107552401,138955
39afd9630a027485,85115,75251056,140501,84994,75263161,140501
39e39115379d314d,87479,77594181,138541,87364,77621469,138541
39ea376f96184593,75521,65670676,137595,75398,65681331,137595
39f78a956f6b7bb5,114842,104954733,138048,114734,104977410,138048
39fd62322ed0b9a0,111899,102014815,140116,111775,102034339,140116
3a0f36b620c9f968,21267,11369012,132483,21172,11402427,132483
3a1b13727bb6bda2,29536,19653474,138906,29415,19671898,138906
3a2bb47e23eb1f76,97592,87734172,136287,97477,87746547,136287
3a30a6aafdad6740,55288,45389328,131165,55200,45423646,131165
3a5998ce2d7260f7,82315,72450818,139096,82192,72464241,139096
3a5acf5769f4974c,116048,106146910,128294,116004,106183458,128294
3a7709add6bbe9f4,27942,18089980,138447,27819,18099772,138447
3a77684dacf89fbd,58283,48414293,140075,58147,48424138,140075
3a80b2e6b2025785,55439,45548992,130526,55336,45573565,130526
3a88eb41e1811b84,116175,106234314,128920,116122,106309763,128920
3a8b3f4b2caf5715,77435,67551416,130765,77313,67570985,130765
3a92cf55d80b13f3,27321,17433613,139158,27211,17456786,139158
3aae2bb33aa2615b,39334,29470042,137963,39202,29481101,137963
3ac64ed967b1f9fb,38384,28490631,140725,38282,28520212,140725
3ad39dc4515d1a2b,22786,12910255,140788,22666,12922344,140788
3af34026314bfa68,116406,106491255,138953,116318,106542231,138953
3b1264d9a17c5617,69703,59905856,344139,69647,59933480,344179
3b3a4fe272aebd80,33966,24089341,133849,33846,24104955,133849
3b4390e770806f50,82714,72836924,137750,82607,72853647,137750
3b46649d56a64549,67351,57474150,140146,67228,57487122,140146
3b52a4fef763417d,77195,67330600,138887,77065,67340519,138887
3b5c2745ac3102b1,39738,29856555,157014,39617,29875675,157014
3b897ebb243de9fa,23471,13590186,139621,23360,13606110,139621
3b8aaa1910b8377a,44407,34528722,128853,44294,34542679,128853
3bf70fee905c9fd9,106107,96250849,137082,105981,96260272,137082
3bf99d5c91ffd4d7,62381,52530706,138677,62262,52545943,138677
3bfc719d0c94d1b6,71566,61690739,139652,71446,61702026,139652
3c0359a63683af85,49704,39810361,138588,49587,39839276,138588
3c3193a7614dc139,99707,89833346,153136,99588,89848765,153136
3c31b1f74f0e9399,104087,94231128,139007,103967,94243735,139007
3c593e3c05aceb44,49890,40031192,139066,49759,40041297,139066
3c61deb204e8a6f3,52382,42510770,140205,52254,42521366,140205
3c6d73d165a179c8,36721,26851556,132307,36589,26861611,132307
3c6f05fd15a15d1d,40881,31013401,155891,40761,31025399,155891
3c9a33b5dad231fc,116921,107051206,138134,116806,107062995,138134
3cdd7f72f3f6188b,96212,86331200,129189,96076,86342566,129189
3cf3ee7516f9f5d4,95404,85490517,136586,95284,85529374,136586
3cfa759cb521b4bb,49323,39363987,92938,49270,39456594,92938
3d022ff23213c0cc,108857,98951798,130085,108764,98992027,130085
3d0b24eb696bde3f,64974,55068893,129668,64893,55109150,129668
3d1a63493d329786,58963,49068690,128596,58872,49098793,128596
3d202aae0d39c60d,87136,77271086,138539,87005,77282959,138539
3d20d514e49c219e,88112,78213984,138979,88017,78250581,138979
3d2188b058ef0b3e,30854,20990395,140232,30725,21000612,140232
3d26501409ff6f30,96640,86753567,137017,96514,86778619,137017
3d29a23aeb2165d5,45080,35209053,131571,44954,35218861,131571
3d349c8d94f2e70d,61390,51509534,132783,61275,51525039,132783
3d5a08234d5decfa,35142,25270539,140070,35019,25280771,140070
3d67efdc8f5315af,90735,80853846,138345,90622,80873836,138345
3d71432eab3efdff,52628,42770584,139262,52503,42781091,139262
3d759a393dbe2e72,27851,17989649,136810,27718,17999132,136810
3d7d18c62e843c73,91391,81510742,137734,91272,81527717,137734
3d87b92b2ebeb0c2,84069,74171151,138280,83977,74209769,138280
3d902b6a2a356ad1,35640,25789432,135077,35516,25798803,135077
3d9fc243516af2dc,61088,51189313,132815,61001,51223357,132815
3da20c60d31c4356,10948,1069906,139306,10829,1087044,139306
3da65cee685b1484,116434,106514843,138583,116340,106569524,138583
3dad9d0e740e92d2,78002,68108948,128453,77906,68137031,128453
3dc827ba41e98540,38103,28190406,129194,38015,28237635,129194
3dd239b8a1452f82,94682,84896116,401938,,,
3e128a86e05e6df1,113060,103194569,138438,112932,103204977,138438
3e3b07a6aa1a9b98,57472,47594106,139457,57352,47607638,139457
3e3d85d80faed731,41870,32013556,99208,41789,32029845,99208
3e3f4a231fbdc6e4,111242,101371139,139190,111105,101381365,139190
3e9c8f900b8ef31a,109741,99870947,138052,109616,99881701,138052
3e9cee8813fd5998,63839,53953782,139734,63718,53974604,139734
3ea9a668739a331a,10735,870306,140844,10607,882111,140844
3ec464e2634e34c1,99110,89209238,128833,99031,89247078,128833
3ec6f3c161df3cb5,77256,67390678,138671,77123,67400344,138671
3ed2b6fd6683a9fd,119302,109431340,138232,119181,109442096,138232
3eeb3d98ca74f4e1,89588,79700726,112424,89522,79724334,112424
3efc6cfb54a2ba49,54741,44853568,138058,54626,44878147,138058
3efed5a2ed7e0b9d,32460,22551602,133560,32369,22595531,133560
3f016b3620bceb5d,58344,48473941,138398,58215,48488948,138398
3f058780b0a5e9a4,23797,13914467,141173,23677,13932856,141173
3f06016ee66bd565,58221,48350605,139735,58088,48360497,139735
3f12458c30d1b819,53741,43889041,129923,53616,43899090,129923
3f2034c47738c652,51435,41529739,130875,51343,41570774,130875
3f23370c523be188,68095,58229015,129524,67962,58241987,129524
3f2e61a01d50a650,88683,78810725,137802,88571,78825114,137802
3f326bf8722aa3a3,13837,3968837,132296,13717,3979576,132296
3f32dfaac5063fd7,12626,2770099,140919,12498,2783237,140919
3f3dac81ed71ca18,16035,6151617,133371,15921,6175548,133371
3f3e31465da367bf,63377,53493382,137506,63258,53512170,137506
3f57e79adca11d98,114990,105114242,137774,114867,105125045,137774
3f6c77c56e1bdeb2,70269,60350693,139183,70178,60404681,139183
3f949626db1ee082,76156,66249418,130905,76070,66291858,130905
3f9527265069828b,50695,40810939,130576,50574,40830977,130576
3fa187dc0ee9491d,103457,93582245,137630,103340,93595719,137630
3fad39eba50a9f21,35299,25429300,133469,35173,25439081,133469
3fb71417a262d826,71830,61961658,78833,71778,61980596,78833
3fba4d43a49b666d,118333,108474414,137799,118209,108483904,137799
3fbae2d7a24fa224,49578,39649354,131362,49486,39713799,131362
3fc15a9bf52741c1,40281,30390859,139195,40186,30416908,139195
3feb92e9f9dd1a69,43437,33572749,134066,43315,33582521,134066
3fec5990640c5a00,70430,60550645,138892,70312,60566701,138892
4003bd996cb2213c,39866,30037156,346872,39777,30062999,346912
4025e8fb501ead67,16760,6910286,141294,16640,6925518,141294
403884641e5f0abf,89369,79491112,138389,89253,79506388,138389
404434df03df86c7,86541,76690831,138857,86421,76704684,138857
404894211e16c936,93624,83753910,137223,93500,83766177,137223
407b3f86f1c6c913,67323,57450438,138223,67203,57461413,138223
407c81baebcc062c,101441,91589441,129733,101318,91601445,129733
4083e7407c5bd8aa,112941,103070838,136934,112824,103081107,136934
408ff3937dca72d7,33934,24051382,132954,33814,24073182,132954
40b5aae7b1a4e6ec,75738,65854060,138405,75617,65873768,138405
40bb1a3cf81593b2,44696,34813114,137147,44576,34831698,137147
40bd90b61df20bd5,41416,31561513,137824,41290,31571731,137824
40c08653c8ca65e4,75487,65630624,138131,75362,65640982,138131
40e735cd66f624df,33089,23210406,140092,32968,23224165,140092
410f646f8a2480d0,46108,36210953,130043,46006,36242755,130043
412b39881d07f3d6,47832,37950469,140096,47715,37967322,140096
412c5be60b3dc937,42476,32594758,141331,42358,32612420,141331
412ef032dd41d85c,79058,69190704,138559,78927,69200634,138559
415c76b3ef3a62eb,69477,59594319,139488,69357,59612853,139488
4161e63e23bcffe0,47023,37119704,130622,46979,37158688,130622
417d022f53018b36,80791,70910828,139092,80669,70926543,139092
417def53971cbb4a,32870,23009192,132402,32736,23018847,132402
418e3cdcb51f2501,98377,88514081,137175,98258,88527377,137175
419c061a23eb116f,112881,102994345,137693,112769,103017551,137693
42072517973fafbc,30216,20317762,121586,30148,20351262,121586
4207b0921d1187fb,77970,68070980,128976,77875,68105626,128976
4215fcc7f9ff9d79,37098,27213606,144076,36976,27233647,144076
4251984e88ef63c1,41043,31168587,129259,40921,31178307,129259
42738ff27af09960,10642,773983,140669,10514,783862,140669
429228cdc8badfad,17043,7218316,361691,16966,7265425,361731
42bad7b13fea0f35,55526,45650394,137916,55413,45662166,137916
42e278334b0a5867,12186,2313458,160006,12072,2328195,160006
430ab2b3bd292b5e,89401,79531295,139902,89286,79546470,139902
43171ce9b9413eff,59986,50110705,139622,59863,50121781,139622
4324fe1280e996ce,108161,98311491,140023,108040,98322463,140023
43314fe7402eb545,13066,3189957,140011,12945,3205640,140011
433d8f4f1979076d,86413,76554434,138431,86293,76566375,138431
434d8d7f703a5e9b,14398,4530272,141409,14278,4544303,141409
435c85fbc0d00a9e,17206,7300214,133331,17146,7343607,133331
43629119a0c67f13,117178,107311604,138979,117059,107327705,138979
4369bc875859d9d8,105421,95571087,138687,105300,95584979,138687
436d9c52f0c00689,118247,108374521,139106,118105,108384045,139106
437011c5a5f15260,86065,76171171,138991,85984,76203347,138991
43729eb81a8ff8ed,51669,41793256,141797,51549,41804635,141797
438dfc001d954318,112176,102314872,139544,112051,102324977,139544
4390eebb566791e3,87074,77210657,138121,86940,77224607,138121
439f15519a1488de,18806,8930209,140275,18689,8948984,140275
43bf5ae0ae7f6f12,109583,99710845,137535,109462,99721715,137535
43ce3623bd479270,72836,62959799,155134,72718,62972588,155134
43db727ac52a47e2,44200,34300321,130530,44109,34335941,130530
440649a1592f0dc0,101263,91390910,137945,101149,91402551,137945
441f61b70d21a9f1,44170,34268851,130009,44081,34305033,130009
4421964ee2c39763,98658,88840362,366136,98590,88880016,366176
4421f46491737bf7,59370,49490380,137867,59257,49510038,137867
442d64b3585bcdb6,52566,42710263,137823,52442,42721325,137823
444d4ccf42fee216,42113,32210693,141127,42027,32248397,141127
4471577744630255,93902,84019818,155561,93784,84041366,155561
4484727b4a7e4d75,118687,108811173,137678,118568,108822117,137678
448c1bddf14ad3a8,51814,41953682,137683,51690,41963714,137683
44d13f0d6c369a55,114182,104311251,138699,114060,104320872,138699
44d4181d6c5932d5,106866,96970859,137861,106772,97002320,137861
44e334e4ee9bd08c,55671,45810412,139406,55541,45821258,139406
44f4f8bbe0878ca6,54806,44930426,139213,54690,44942811,139213
44f5761dda478b15,21139,11249111,132617,21048,11274690,132617
44fee3c5a7f23534,93998,84114488,138974,93879,84136817,138974
4506701e22989ff6,118558,108671688,138970,118442,108693869,138970
450ec5b1df4b5a44,90146,80271053,139365,90036,80283251,139365
453abc55c7ba92a5,94529,84672584,138628,94407,84684425,138628
455cfaa2ce4b263f,43915,34021734,132907,43837,34050750,132907
456e1d8ac151513f,20516,10654419,140509,20391,10665134,140509
4570c8b6003bf89f,104056,94194586,138785,103936,94206364,138785
4575d49f3fc10b0f,55467,45571208,131857,55361,45603054,131857
4577c95c6d2af5ae,95482,85590826,138054,95347,85610815,138054
4595d75cca603c83,71194,61330957,140938,71065,61347177,140938
45969c47707c19fa,22099,12213242,143331,21978,12235147,143331
45bf8a580dae30ed,56726,46850686,140268,56605,46861922,140268
45db9035ceed6643,76629,66770484,136760,76498,66780825,136760
45e0b810682eb000,108037,98172437,139350,107904,98182522,139350
45e472e841a17be8,116323,106391087,138058,116250,106458423,138058
45e6c6e076625705,70350,60450782,140191,70245,60486175,140191
4605ed3fd96aebb1,40978,31095926,137379,40857,31115172,137379
460b9aff62a3d504,41386,31530485,139300,41258,31540647,139300
461b5631a54decdb,55978,46093872,139362,55856,46113571,139362
463a46861bce4766,50727,40849083,131074,50606,40862591,131074
465e018959e5caca,47897,38010547,139482,47780,38032887,139482
46793eb1d36d4199,82072,72189054,129316,81969,72207963,129316
468860beabe821ca,60356,50494704,141525,60233,50504755,141525
46a3f19afaaf8980,83466,73590648,138455,83349,73605576,138455
46be60764846916a,50516,40649589,131877,50397,40659818,131877
46c72a0741452da3,19051,9195311,105473,,,
46c92116f11f83e9,74498,64611245,130358,74381,64633379,130358
46d9897d1401ef99,29568,19690009,138550,29447,19704177,138550
46e5e633c0a1c952,52002,42117281,158823,51881,42138619,158823
472412872d9615d4,43127,33249505,133123,43010,33262573,133123
472b85413f554343,73278,63409218,129921,73146,63418806,129921
475bba87464f28e9,55226,45311291,131356,55143,45360913,131356
47740fcd4be41b2c,78372,68492176,128194,78252,68508037,128194
47852bb3ff6d6af9,50298,40429055,131145,50173,40438926,131145
47932790d84b73ed,46139,36248858,129093,46036,36274447,129093
47aeed46e797ece5,97358,87470713,128181,97250,87497096,128181
47b6feb5a1664104,42743,32890594,140586,42621,32900756,140586
47b70b4708f03b5a,68563,58690566,139166,68442,58700900,139166
47da7554f3bb3a35,68968,59071339,130178,68871,59103625,130178
47e7945cd0148edb,20393,10530233,140561,20264,10540940,140561
47e84df26936021c,104878,94973762,142514,104796,95018558,142514
47fd04d3dd3b4e89,91987,82091112,129269,91894,82126515,129269
4805a804e83e54f5,20014,10133972,161725,19894,10151373,161725
481706adf2634fce,107529,97650867,137353,107408,97665168,137353
483a1df3a0dcaeca,116379,106455050,139647,116296,106514385,139647
48462288191cbd8c,113590,103714364,139641,113464,103725493,139641
48490a776da0fbe9,21937,12054237,139434,21817,12072525,139434
4857b272e8062d67,100268,90411006,138281,100146,90422834,138281
485b58a5e360e712,44640,34789969,137192,44518,34800760,137192
48bc4c8abd9fdc87,57412,47531118,139002,57298,47548570,139002
48cf0cb2c4e3a820,79683,69810807,138837,79561,69820604,138837
48d13bcf452e608e,23893,14005317,132568,23773,14028477,132568
48e4cf982502fad9,26131,16253660,92112,26039,16264009,92112
491520fde0caa959,114087,104211080,138597,113966,104222668,138597
493c9fe70cb12dd9,107018,97130945,137632,106911,97153570,137632
494349a12d2a53c3,30651,20769221,132924,30550,20787407,132924
495d29f362e8f4d4,98923,89009434,129458,98860,89060344,129458
497958988c115ee1,46592,36734029,139493,46472,36743982,139493
497ce9ed2cdcf837,18277,8408926,133321,18155,8423831,133321
498e4029f812fd85,85176,75314375,138758,85055,75327518,138758
49c2e5554f9d4d2f,16726,6870063,139620,16606,6882005,139620
49d1af91a7d592d4,85638,75781547,99903,,,
4a0a6bb7101e25ab,18020,8148951,133342,17901,8163149,133342
4a15b40a38a79c2a,103964,94094389,138239,103835,94106391,138239
4a1f147f580072c6,75240,65370573,138061,75105,65380171,138061
4a3391e5423d27a5,72415,62529547,132101,72288,62550083,132101
4a3c76dd1ad4ad02,27820,17953255,136666,27689,17963379,136666
4a40397f844f4614,94561,84710859,137732,94439,84723587,137732
4a412422322a755c,18371,8510928,143761,18246,8525877,143761
4a4eaf7f3b4cc2d0,65794,55911025,139527,65681,55930921,139527
4a7adff14d678700,100422,90549742,129907,100303,90562899,129907
4a83b9f6827b1878,57290,47411002,141632,57186,47426309,141632
4a8af1bf171f8523,14366,4490021,138740,14246,4503840,138740
4a8b247715e81fde,37814,27933602,139413,37693,27949960,139413
4a9811f2e2ac4d0d,109035,99151225,139405,108924,99171579,139405
4aa275e0be5688d0,92595,82714096,138156,92479,82734510,138156
4aa6388066d3c664,55349,45449220,131665,55256,45484298,131665
4aa671e3fb8368bc,73975,64081240,129778,73899,64110768,129778
4acb4b52c92ef89d,113622,103750893,136983,113495,103760163,136983
4aead9f933bf43cc,79489,69610812,139307,79369,69624880,139307
4b153ad492dc94bd,11014,1130253,140309,10894,1152012,140309
4b2cf0cd050a8891,52163,42290237,138169,52041,42300276,138169
4b2eddabfb7e57fc,103522,93634359,138203,103405,93662118,138203
4b36106b84a4508a,24880,15028761,132133,24757,15038973,132133
4b5bb34855c9fd49,34799,24934440,139982,34667,24944885,139982
4b76ab2b477cba6e,15679,5789017,118245,15577,5816839,118245
4b884ffa87dcf73f,69091,59210672,139139,68985,59226862,139139
4bb5563a399942c1,59826,49953395,156403,59706,49965529,156403
4bd3dacf1bebd0ae,34481,24571357,132897,34389,24616878,132897
4bf9131c6e9eb67e,27638,17768853,130117,27518,17778433,130117
4bf92a801c9a1bc8,114811,104931388,138558,114707,104947414,138558
4bfa65977f236d20,45578,35693401,137842,45457,35713006,137842
4c06402826b9f118,24664,14791692,132679,24540,14801207,132679
4c15d58ecaccc53a,41661,31790125,138374,41541,31800771,138374
4c204ecb31948cfe,32489,22589024,132740,32396,22625740,132740
4c27c94a11ecf86a,75365,65491175,131345,75233,65500308,131345
4c2a4e172504d4c1,71039,61171049,139709,70916,61181690,139709
4c33ada491d0cf38,77348,67488975,128166,77222,67498195,128166
4c34675cf568b152,111147,101271253,139668,111017,101282679,139668
4c37078ebdb9374a,103810,93934262,137915,103688,93948449,137915
4c4983b24693bcee,100301,90450789,137881,100179,90463410,137881
4c4f90c80009e8c7,54402,44530841,138829,54269,44541420,138829
4c525715d58be708,48151,38270321,139023,48029,38287375,139023
4c6bea03f74f1716,39243,29370222,138989,39115,29380874,138989
4c7dce9410a576a0,95065,85098427,112803,95025,85198729,112803
4ca80b3aacd5f087,62100,52229092,131011,61973,52239053,131011
4cb619a5a2e44b55,34916,25031906,132302,34794,25051252,132302
4cbb1ffc2ff025e1,21041,11155550,119351,20952,11176233,119351
4cd455ee8c9c77e7,44231,34328846,130293,44137,34365743,130293
4d0b698d2e8502c4,67027,57111120,129002,66942,57162054,129002
4d10414cabbe07c9,109834,99970966,138608,109705,99980630,138608
4d21e3261f928750,117018,107134605,137975,116902,107154833,137975
4d2751976a85e88e,95672,85817599,155494,95581,85836868,155494
4d4b959a7240b9e4,18340,8468718,131787,18215,8479921,131787
4d54f05d85d22e8e,47401,37490312,138171,47301,37536942,138171
4d5af7e15d18b85c,101022,91129712,130190,100934,91159081,130190
4d708c98d2601d6b,57165,47269026,130855,57068,47300688,130855
4d785c62a45374ce,36573,26691347,132159,36455,26708807,132159
4d817ac8052ecaf4,39426,29570149,138637,39300,29580642,138637
4d9ae97e8841f3be,118005,108091089,138120,117881,108140714,138120
4da9bb0b99f9640a,87105,77234096,138289,86974,77246477,138289
4db798fde829d762,30768,20890903,141976,30650,20903379,141976
4dbe8d95b110342b,81105,71234156,138365,80974,71244172,138365
4dc00a3e622ca740,32840,22973359,143171,32707,22983319,143171
4dc5638ecbc567ee,88877,78993873,137214,88762,79016476,137214
4e0887e311612621,115419,105551891,137911,115298,105562826,137911
4e2c72eccdb9146f,72023,62108712,93090,71960,62159197,93090
4e3806f02fadfb32,63230,53330807,128864,63127,53365360,128864
4e6e8877516f7f04,82496,72633960,138030,82374,72645847,138030
4e972e3701279645,14076,4193874,139668,13960,4215487,139668
4e9edcb4ba017968,68498,58614276,140173,68378,58634222,140173
4ea9974c6a1637da,62726,52897007,346863,62638,52924285,346903
4ebf38dcd41991cb,116594,106714666,138541,116471,106733666,138541
4ecbacf190f705c9,77467,67590861,140281,77345,67603482,140281
4f03ad226b259c5e,112971,103094345,139241,112851,103106776,139241
4f03eb2fe37ccfa0,13286,3388843,132328,13215,3433911,132328
4f16901c7ce906b6,74136,64230466,137914,74056,64272350,137914
4f18fc35b6263fc6,102613,92756371,99941,102540,92789261,99941
4f1c7609dbf3cd9e,49835,39970551,140650,49698,39981203,140650
4f3bb08576c26b90,65364,55489103,130074,65244,55498927,130074
4f50ae8d2b9a9b72,11878,2010315,135181,11757,2021061,135181
4f5f98fde5ae2b3d,22567,12710415,140940,22440,12720712,140940
4f652d010b45fa5e,78644,68791840,139227,78522,68801410,139227
4f66e406a72f030b,96395,86529675,130312,96266,86541485,130312
4f66fd7a2b0b80c5,104495,94612876,139844,104368,94632659,139844
4f7435f0e5c8259a,78129,68230863,129410,78029,68264217,129410
4f80599569716dc5,54620,44770456,138239,54502,44786136,138239
4f8ff94420983b45,113527,103651098,138101,113403,103666838,138101
4f99f7dd4adfb4c1,111426,101570792,137113,111299,101581511,137113
4f9bac0b294a4e80,111675,101791080,138447,111555,101810395,138447
4fb72816a0a6e671,66200,56333971,138600,66068,56343470,138600
4fbf1ac40015ec1b,77070,67194282,137577,76945,67205487,137577
4feadfc642223c7a,89538,79681722,99301,89473,79723084,99301
4fff55d8a0b29241,16197,6320031,160184,16083,6338422,160184
5008f32af893ff6c,26491,16545864,114927,26381,16626353,114927
501745cdf0c38960,61566,51710607,140229,61441,51720516,140229
5030c9f1efd3107b,93159,83229230,129648,93116,83312486,129648
5047536d26c21093,72469,62591690,131891,72334,62603844,131891
5057f01156f22559,34569,24671661,132853,34466,24704779,132853
50601b09cc1ef752,32366,22451686,133168,32282,22502034,133168
506274a2048a3659,119119,109254366,137660,118993,109263929,137660
506cb09dd0dd86c6,45610,35730109,137264,45489,35745488,137264
5070e5edfc08c300,72771,62893323,154174,72654,62911895,154174
507a6d3734af6ff9,71286,61430581,138188,71159,61441682,138188
50a2f53e8a4c7f87,60420,50570501,139346,60299,50581968,139346
50a81ec7afbde309,37952,28098945,119048,37866,28113779,119048
50b3232fdbbd030d,38708,28850260,138819,38578,28860428,138819
50ceaef8bb6ad87c,100615,90779577,360623,,,
50d3e800b400a23c,100551,90671109,139040,100431,90688939,139040
50d6be525623de81,22002,12130055,138023,21882,12140140,138023
50df0243ffdd74d9,106197,96322809,137762,106076,96332828,137762
50e03bbce4b72b14,46892,37019939,129243,46854,37029631,129243
5110b65d7774fd12,106803,96891082,128890,106712,96937969,128890
51118626913041f4,12089,2210158,140738,11976,2226490,140738
511bfef50f4b55cb,99738,89859524,155237,99619,89878918,155237
512b26890c0ab883,107281,97431149,137725,107159,97442214,137725
513e442e0fcc00d1,109094,99218004,137499,108976,99229818,137499
5153305489f02514,18495,8630605,139777,18363,8642712,139777
51847bda8c791de9,42934,33054450,139982,42820,33069857,139982
51a30018eaffdb85,48121,38233552,137546,48000,38256352,137546
51ac6ae8d872c39e,58501,48650688,138769,58379,48661375,138769
51ac9abb48af21c9,55098,45188896,130182,55019,45233258,130182
51ad066c80bf41d0,102258,92394304,137888,102135,92405745,137888
51b68acc8c6f5213,26701,16789798,137954,26569,16837435,137954
51cb7994419f6591,48640,38767350,139019,48521,38777970,139019
51ecda48397a5e1a,26840,16949937,138290,26698,16976725,138290
520747e143608437,85912,75993246,141216,85848,76049674,141216
522a0d38837349e3,54021,44153626,156366,53899,44165640,156366
52475c39bc8919c3,26066,16207152,75185,25975,16220974,75185
524987d09307ac60,54118,44231143,131036,53995,44253894,131036
5261e4ef119c2a4f,34980,25091378,131903,34859,25115963,131903
5278aab48ac5dc04,104301,94431383,139731,104179,94447797,139731
5279475bb6391c50,94769,84920621,97610,94750,85030892,97699
528960e26b80958a,73370,63509289,130818,73240,63519001,130818
52a09a9ce71d5921,54525,44670526,139373,54398,44680922,139373
52ce2097f87ce40b,14108,4230060,139466,13992,4245213,139466
52cf6d395e326226,61242,51351499,144463,61143,51377863,144463
5307c2459056b82b,25097,15213888,139627,24973,15233285,139627
5350b9f6c48a878b,42593,32730806,141787,42462,32741199,141787
5359463e6f3f9b86,61910,52031009,139938,61787,52045702,139938
5361b239e79f8c44,101411,91550023,130125,101281,91561326,130125
537a90c7e2a2c461,44729,34850319,138749,44609,34864656,138749
5381afadc0836d5e,108281,98394691,138592,108162,98417282,138592
53867607e4dd1a99,14708,4848981,133198,14576,4859936,133198
53900389dcfd4235,49920,40070368,139089,49797,40080126,139089
53b3135266fa2567,119868,109974610,138527,119764,110003927,138527
53c9e56b6ac069e4,37351,27471588,132410,37221,27486952,132410
53d00ad617550c6b,45360,35510408,138672,45238,35520827,138672
53e43ce274819ed7,29858,19973791,139507,29733,19993144,139507
53ec5ef7da95b4be,66108,56234200,139097,65982,56245057,139097
540717290f102746,115018,105151252,138800,114893,105161200,138800
540796e65df03d09,103368,93511104,138488,103239,93522623,138488
54147acc9098edd7,37383,27509325,133072,37251,27519264,133072
543112f7488ee580,85356,75474103,138897,85239,75493569,138897
543dcb3402380741,21720,11851547,133791,21588,11860624,133791
5467802fa2fe2124,42145,32233921,137475,42058,32280139,137475
5496341e5a3fa750,68336,58454294,139861,68216,58471603,139861
549bf5636bb1ff6d,19860,10011318,145750,19738,10021247,145750
54c73fb276431541,37911,28079075,357994,37820,28105934,358034
54ce118f75dd9926,18465,8593547,139836,18335,8605310,139836
54d19dfe743eaa5e,56477,46612823,141270,56352,46623382,141270
54de59c555538955,111396,101534755,158965,111263,101546312,158965
54fd41586cc470f8,117082,107211157,138363,116965,107221772,138363
5520fab62580be49,15021,5150156,140550,14901,5166992,140550
552d2effb9be9d78,98762,88876162,114366,98702,88901563,114366
553f7074bdf699b2,89937,80049272,129158,89855,80075114,129158
55466d163d9b12fa,94826,84988089,396386,94817,85036734,396426
555b6688047e90e4,70062,60130100,130601,70000,60198234,130601
556fd64beb1fb6d4,110801,100951457,140911,110698,100962004,140911
55a141d4cf4b301d,53988,44110359,138318,53867,44123931,138318
55acab24bdc68920,30914,21054150,141086,30789,21065123,141086
55c268a320590b61,36780,26930802,142439,36659,26941788,142439
55c8e367f35b6dbd,58814,48976971,344036,58718,49004001,344076
55d1b78f2c94e87e,59310,49429032,130746,59203,49446348,130746
55e1fcf8a433cbca,110585,100711487,129490,110490,100721000,129490
55fa5655a5eca78a,60203,50334110,140695,60073,50349106,140695
5600f4e542e3c4a7,36632,26769401,132515,36508,26780184,132515
5609647bf63cb106,38797,28913950,137914,38676,28933020,137914
561020cb887beb81,83499,73614032,138582,83382,73637627,138582
561452dee7c942db,74733,64872962,140650,74609,64882734,140650
561528463c30b733,38678,28813587,138725,38546,28823482,138725
5629a4edecba80fd,81946,72060488,129468,81849,72082281,129468
564bc262033c5140,46747,36957226,387330,46703,36990293,387370
567cdd772597332f,90384,80530583,136797,90268,80542824,136797
568da4930cfed170,68186,58330805,139884,68065,58340574,139884
5696801559615f4a,105638,95754627,139211,105521,95779078,139211
569aef6fde342326,103250,93374189,137466,103132,93386940,137466
56a1ed8dcd9ba26e,59029,49129249,131353,58936,49164744,131353
56a7f7627c5231a6,106739,96831597,129062,106651,96875021,129062
56c266ae79f6136e,64813,54916987,131941,64736,54949357,131941
56c5610c0abc2747,32695,22811536,133160,32578,22835475,133160
56e21d7b4b22dd67,15311,5408710,132187,15245,5448752,132187
570b6a7c719fcd19,29480,19630019,137933,29358,19640236,137933
57409ad814c35927,116352,106431322,138266,116274,106487132,138266
5745d58141edfcb8,57531,47670138,137711,57406,47680417,137711
576cef0b44e7fcb5,52099,42214140,140023,51977,42234737,140023
579ae96df375c034,31451,21573975,140457,31324,21587173,140457
57c22d50dc79b3bc,47375,37453803,138209,47279,37510915,138209
57cd823cf6247b11,112536,102631407,129131,112442,102672105,129131
57d131c105c8e758,40060,30149056,129586,39975,30195401,129586
57edd8ff1fa1fbf4,107756,97874502,139124,107629,97891334,139124
5804eec2aa9386b7,107562,97690741,137022,107441,97701258,137022
58160021e17a3ee8,15131,5275738,105720,,,
58544d05d22565c2,94861,84997651,58552,94849,85042723,58552
585578b3878bfcc5,29416,19553311,139111,29290,19563131,139111
5871f9039be3eb77,48807,38922833,129586,48736,38942858,129586
5875fe4afc773397,83817,73910736,128550,83739,73956768,128550
587f67be5b178747,117550,107663517,113257,117454,107684779,113257
589dbd8ded71e258,68126,58269395,130427,68001,58284866,130427
589e9c19d579d530,89620,79720416,116225,89554,79756174,116225
58ab981f35dff54e,114688,104791104,137995,114593,104823297,137995
58adf6f76e6226a4,53419,43529293,131620,53324,43554864,131620
58b66f5d7adabb0d,71255,61390708,138927,71124,61405217,138927
58be28614cd20609,58589,48710304,138467,58469,48724956,138467
58c89406390b056a,75706,65830681,138570,75586,65842018,138570
58cc31f672de0137,52660,42810286,138347,52538,42820705,138347
58d788c444c5b10c,63260,53369017,129764,63154,53394917,129764
58dc55c2b8a42ffe,119334,109454704,138485,119213,109469825,138485
58e045e9fd20780a,57005,47108998,130506,56911,47140223,130506
58e0d32b094afae2,98101,88230536,137122,97975,88244313,137122
58e99b40b07ada8b,71069,61194559,139048,70946,61205362,139048
591289bb4e1acec8,63620,53770691,138970,63502,53781375,138970
591495376c3a10ec,89750,79849243,129252,89681,79886689,129252
591e96a5f03a73cd,50170,40294114,139875,50048,40305921,139875
5936ed51f8e5342e,100831,90931168,129158,100754,90970430,129158
598d3666f4ee1dcc,51612,41731196,143310,51499,41747423,143310
598f9e102101074b,22883,13006505,117381,22761,13017219,117381
59aee883ab0acdf0,77694,67814015,138110,77569,67829514,138110
59b51e7f97cd7967,41920,32032711,113544,41839,32053731,113544
5a2531de4472f6e4,86823,76951006,139333,86698,76967622,139333
5a382b7592c0e3dd,82970,73093946,137930,82857,73108693,137930
5a56c6e7fd6b2434,119683,109775009,137853,119593,109818162,137853
5a60adaded4f8c6c,76218,66311327,129490,76127,66353421,129490
5a622ee3d5e4b9d7,45949,36050762,129865,45852,36083802,129865
5a6ee99b2606401f,84961,75094034,157635,84833,75108725,157635
5a754908af26e33b,25351,15471709,132831,25219,15486431,132831
5a90307b1d9f0ba4,96574,86702651,141134,96450,86717532,141134
5ab031e5b52329ed,21810,11951712,134146,21688,11961285,134146
5ab17fb42a0d3c4f,20047,10173159,157387,19927,10184415,157387
5ac25eeba6ef38c4,31199,21314353,142487,31079,21335542,142487
5aee883dfeeeaa97,95561,85690627,137176,95419,85703187,137176
5af3017b5d7504f0,34360,24449262,133924,34280,24495179,133924
5b02c61ed40e7607,106391,96511072,138834,106269,96526858,138834
5b12d97762d1cda6,98441,88590810,138099,98321,88605252,138099
5b141fa1aaf3c977,82405,72550890,138845,82280,72564150,138845
5b3b9b8d2b958ebe,88781,78910861,137065,88667,78924296,137065
5b4fff37fc81962c,10421,548770,132431,10294,559129,132431
5b73977eb79aa99e,80119,70230504,137756,80018,70256346,137756
5b7bbd6a0460f25d,15439,5540111,132475,15366,5579510,132475
5b7f5cc3ab0d310c,47533,37650382,139222,47409,37669594,139222
5b806a6311a3bf14,56385,46530700,138917,56258,46541027,138917
5b8dc45e2188cb97,59922,50050601,139430,59801,50061962,139430
5ba0ed0afa720011,17695,7813330,144177,17587,7833034,144177
5bcb2fd94c1bf4f1,74167,64252245,129066,74085,64302167,129066
5bdaca8a80a3cca6,50361,40489033,130894,50235,40498185,130894
5bf76ded1ffb85ff,98713,88856831,99017,98654,88890025,99017
5c167852349449e2,72144,62204590,120901,72065,62278884,120901
5c222ded624ca208,77725,67850770,138766,77600,67860595,138766
5c406e4f8ae22a74,89907,80009383,129879,89828,80044684,129879
5c4e2cfb6cccd3fb,102105,92234412,138545,101970,92245930,138545
5c657ae0e7e74493,119555,109649466,128259,119469,109691386,128259
5c69cbab22007f91,56759,46890631,138817,56637,46900627,138817
5c6e30d2f05b8cd3,112602,102709645,130117,112506,102736813,130117
5c7ddfa2f15e0566,115704,105834957,138243,115577,105845248,138243
5cc55ad25bfd525d,55760,45910488,138012,55638,45920170,138012
5ccb750dd7dd0ebb,95534,85650864,138062,95392,85661926,138062
5cf822bff09f87a5,50921,41050163,137579,50793,41060670,137579
5d1107255dbb7271,67236,57350624,139581,67128,57372539,139581
5d17190d833b763c,56446,46589006,130223,56321,46598391,130223
5d39969d38420552,92814,83003458,397649,,,
5d3bf3ce2537e3a3,110922,101051444,139495,110812,101062099,139495
5d44afebb601b0b1,118997,109131174,138130,118867,109141882,138130
5d569373ebc4de42,48905,38989181,128837,48832,39039783,128837
5d690e0e9810dfdf,62469,52590450,139015,62353,52608129,139015
5db08df17981db73,35857,25974004,141028,35734,25992376,141028
5dd714b7a7d867d7,74199,64291659,142307,74115,64335271,142307
5df5bfba25da74ba,111803,101931141,137983,111682,101941714,137983
5df8cfd502b4f295,19769,9909019,133574,19647,9918424,133574
5e0f7952bf0e9416,42299,32410017,137864,42200,32435201,137864
5e141133022af56f,114871,104991251,139068,114760,105006773,139068
5e2612552068d190,97387,87509106,127684,97275,87524488,127684
5e36ca507351fca8,38740,28890655,139210,38618,28900608,139210
5e48b96045f43cbf,107076,97191284,139077,106963,97212502,139077
5e79095eb5433c2b,106455,96578319,159303,106331,96591722,159303
5e8ceb493929e882,50073,40215992,171010,49952,40228764,171010
5e9fd52a57de26a0,10610,750256,139728,10479,763597,139728
5eaa3bb507913632,83157,73291503,140397,83032,73302802,140397
5ebc09cc430dd6c8,27065,17212339,152750,26943,17223348,152750
5ee6b0e772c782f5,53040,43153459,112569,52963,43174666,112569
5f11008ce1e97271,103747,93870923,138333,103627,93885479,138333
5f18497a9f4b3c53,60766,50939078,357252,60680,50966391,357292
5f1963eb8c7bba50,80629,70750796,139448,80508,70764453,139448
5f325eb8873b8b4e,57102,47209097,131216,57007,47237452,131216
5f7765624c9252b4,78402,68529562,131419,78279,68538590,131419
5f82222c5c41bf89,111577,101694941,140877,111457,101713322,140877
5f9cd7755b193d6b,44986,35113504,157323,44863,35124980,157323
5fca97cfb972f287,113901,104051220,137900,113779,104061606,137900
5fcf14628469b2ec,11142,1269917,140009,11020,1281803,140009
5fd443e1587e1a9c,72282,62369091,129194,72178,62417195,129194
5feeede7ee1e25a1,61331,51449311,131789,61223,51467340,131789
5ffa7435eb2a3542,82434,72574257,138371,82313,72587270,138371
6009d3f906d806e3,55554,45673836,138710,55438,45690354,138710
6010c8cf8d8ef8b9,119986,110111687,141602,,,
60540efe18d9107c,53538,43650649,139992,53429,43673743,139992
6054bb6d372d3c38,16695,6833860,140769,16576,6846027,140769
606c454612e84249,102135,92270983,138259,101999,92282737,138259
6071dfed9ebe4278,12378,2509112,133924,12260,2522241,133924
607aaa44a3c1f23f,75334,65469011,129356,75202,65478603,129356
608225e28aa29e0d,92498,82620168,153036,92384,82641333,153036
60aa2062896e7acd,103131,93251061,138319,103029,93268918,138319
60b2bbd5ca2e0bd9,15943,6089328,134808,15821,6101004,134808
60b5628ace3f29b5,14239,4370402,140524,14121,4383997,140524
60f1b70ec8fde9c7,112390,102533614,102568,112296,102551076,102568
6122acd1bac59ae8,10389,510937,142803,10262,524692,142803
61241570cdd35813,103401,93551524,139957,103280,93564848,139957
612c02d3c120aa7d,86854,76974479,139004,86729,76993229,139004
61316b221427f232,43620,33734252,138959,43497,33755845,138959
6168d77f121875ef,97301,87409645,129888,97202,87440978,129888
617085a5c3d7d8a2,20455,10590171,139429,20323,10599894,139429
61727038a8acbf17,74040,64131282,141851,73963,64175895,141851
61f77f545ffc210d,105031,95134514,138475,104936,95170509,138475
620505eaf1fdb850,45706,35830271,139255,45583,35841216,139255
620906b5ad1ea033,48244,38370700,140529,48118,38381054,140529
620fbcb7269e01bd,19388,9471767,133489,19326,9523311,133489
62135881a2546a44,46622,36770364,138580,46502,36780620,138580
623d899bc7ad289d,37257,27389320,132743,37131,27399241,132743
625583e474fd7894,16482,6608682,131509,16358,6619427,131509
625db8f5fc7e1a3a,119898,110011116,137497,119791,110034210,137497
62657cb6f95c1a8d,60017,50150459,137709,59893,50161064,137709
62985eefc6de3881,53297,43389079,130879,53212,43433043,130879
62a7d8030b563065,21750,11889964,132450,21617,11899515,132450
62d53b33950a678a,26643,16710568,130256,26517,16779002,130256
62f723db66124170,104527,94698707,349844,104443,94733995,349884
6310c10c4fcbf3b3,83719,73833213,113401,83642,73855833,113401
631a8596b1d02f81,61780,51911349,143141,61658,51921505,143141
633922e04a7e5428,101381,91513027,130098,101253,91524022,130098
6339fc2976d21a4f,66169,56310560,139109,66039,56321244,139109
634047f18eac8f00,69300,59434547,138747,69173,59445243,138747
6360d576d8091b65,47348,37430460,139687,47258,37484252,139687
637e85a2be3cc9e0,76062,66149081,129523,75980,66197108,129523
638098279aaa4ebf,27912,18053133,138243,27789,18062580,138243
639cf0208d04e7cb,35922,26050524,141292,35798,26060508,141292
639ecf913de5a3ef,15766,5889511,133632,15652,5902867,133632
63acd07d36057819,79993,70091017,129843,79898,70128363,129843
63ae355661d8cb77,112023,102151138,138653,111895,102161325,138653
63c51dcf0803df4e,119776,109874207,136659,119681,109912573,136659
63c63eaae0908d5e,17870,8008816,132028,17739,8019418,132028
63e68ade6080e6ad,81447,71571040,140259,81327,71583345,140259
640386839f59c031,57382,47493930,139671,57270,47517758,139671
640e2cbe2546b093,14740,4888965,132258,14618,4902121,132258
6415f6e7a2877209,31604,21731274,133219,31471,21740699,133219
6415fbecbff85e22,51034,41181436,122098,50957,41197898,122098
641779ab1d295979,30884,21030351,140100,30757,21040195,140100
64362fb8635762f0,107882,98011110,138716,107750,98021146,138716
643666528448a90b,53801,43950302,138039,53678,43960495,138039
643878de617ece30,20608,10749110,133504,20483,10759448,133504
64418df03f917e34,71632,61751142,139307,71510,61767712,139307
6476a2ef4ed6ce64,119367,109535698,338299,119277,109562776,338339
648b8ab067978fba,102950,93052198,142678,102867,93091012,142678
648c2ca1b3cd62b5,50793,40911270,130761,50670,40928488,130761
64d93f749117a8e6,75673,65791291,139185,75553,65809104,139185
64e7fee476217a36,78994,69114117,139330,78867,69129887,139330
64fa14dae7f3d395,79750,69893666,100070,79658,69910385,100070
65077ea00322e9d3,66902,56989111,129983,66824,57037844,129983
652719695b54e8c5,69639,59771281,137248,69519,59782026,137248
65359432c845e136,39802,29930272,138763,39680,29940802,138763
65415f0849c76540,67557,57674757,138719,67437,57692726,138719
65488bd33599dd59,65219,55330988,141397,65117,55359227,141397
65785b60849039c4,31231,21350438,140641,31110,21366212,140641
65839cafc77b100b,66477,56594355,137930,66361,56612960,137930
6590793f3ef65f12,55848,45970469,139411,55727,45983997,139411
659e2680dc7ea031,118590,108711161,138196,118473,108726145,138196
65d0de50e6308075,98626,88750903,137993,98510,88764555,137993
65d7c8ea478867bc,109389,99511108,138127,109269,99524733,138127
65e1d4364e9032df,20175,10294194,140535,20053,10310970,140535
65e84c53e89fe2cd,112696,102809709,129095,112597,102831514,129095
65f929387355c253,75302,65434115,138779,75170,65444565,138779
65fa371f837d6c3a,78312,68433942,137470,78198,68448341,137470
6606f5f5e4429e63,46045,36149904,130593,45946,36180529,130593
6611236a2398bab1,24107,14209259,120159,24015,14241713,120159
6661003dcaf250d3,95378,85453321,141129,95264,85504979,141129
66752617722413c3,74855,64972999,142011,74730,64990859,142011
667ad8f8ea7bbc46,110889,101010980,137718,110782,101025326,137718
66914fb3b806172a,104846,94949733,131291,104766,94984085,131291
66a32d961ee224ab,100735,90836749,130398,100660,90909011,130398
66ba141b7e700e52,35392,25529202,133045,35262,25539943,133045
66c2baa7e45b0f91,38991,29110357,138554,38870,29127557,138554
6700eb6981bb8ea3,27669,17790918,130356,27547,17804140,130356
67399751a0d84726,18966,9090360,140832,18847,9104485,140832
6769f67ba90445bc,95430,85513785,137354,95305,85557238,137354
676a72f2a1c57ef1,27036,17178628,151412,26913,17189557,151412
6780d5005865149f,37536,27670997,130696,37409,27680658,130696
678f0a2e969db1b0,52226,42350735,140946,52103,42361910,140946
67b63f43d6aff732,36204,26309150,133058,36113,26339121,133058
67b654224b5a67b8,80856,70974154,138623,80733,70991044,138623
67bab578c59dc998,18902,9030171,140580,18785,9046681,140580
67c1e3cd3cbc58a1,44579,34712751,142138,44447,34722814,142138
67c842780ba786a8,49163,39289726,57390,49118,39295730,57350
67d40ea1d92384d7,97503,87630699,128068,97374,87641170,128068
67e90268b2abd1bb,11610,1711207,132641,11519,1748009,132641
6803b149d761652a,47588,37713657,138975,47456,37723302,138975
680e1736a4bce084,67720,57836925,137560,67599,57854857,137560
6815c2e8f2d99116,74104,64193828,137733,74025,64240003,137733
6840dfde3284fedb,44794,34913591,137227,44673,34929606,137227
6862630aad43386b,62694,52814040,139411,62576,52830203,139411
6894068e8ebff390,53235,43329158,131267,53153,43370323,131267
68a522b77ae124c7,13097,3213548,139740,12975,3234515,139740
68d0f6329e3dd5d2,37033,27154155,140554,36913,27169629,140554
68d1d453288a7805,92434,82551599,138842,92320,82573159,138842
68d7c7fe3d52dca5,67089,57189437,132087,66998,57225300,132087
68f1fbd168706932,99372,89491382,129218,99255,89509480,129218
68f6a0ba378b9754,83913,74011360,142296,83832,74052450,142296
6901c90075a9d819,11110,1230335,141387,10989,1247702,141387
690582d3fa8a315b,65632,55750486,138782,65521,55768638,138782
6916a079cd40498e,100389,90509386,128869,100271,90526199,128869
691ab22e8183731c,50954,41073779,139930,50824,41089441,139930
691b51ff449e81b4,15708,5829142,134587,15602,5845186,134587
69200ffb5b937c5b,24140,14247121,120595,24048,14274177,120595
6922c1a3c139558c,31036,21154274,139230,30916,21171897,139230
69544407768ab792,16133,6252906,156062,16019,6271668,156062
6965a96f6532bd3c,56354,46490570,139541,56221,46501371,139541
697bb02686556b74,10704,834317,141991,10576,845788,141991
6981b870954ad787,70911,61030940,140352,70790,61046591,140352
698e5887b8cf0157,65306,55430549,139188,65193,55446545,139188
69d4b86d59923707,22163,12290575,142250,22041,12300397,142250
69ebd32becfd4587,80510,70650753,138640,80381,70660716,138640
6a21eac625374c71,119088,109231123,138074,118962,109245939,138074
6a2822c983238402,112665,102769748,129947,112567,102800685,129947
6a3799af63640544,88909,79031024,139227,88793,79046715,139227
6a57e77a72a7d5bb,20577,10711538,133056,20452,10721978,133056
6a5d459ae6ac625f,47993,38110269,138383,47875,38129114,138383
6a7073fcacd9ce6f,115451,105575199,138297,115331,105588062,138297
6a7fbdb9e4ca6c17,88227,78350747,138397,88114,78365958,138397
6aaa90d8f29dcf5b,33056,23178103,163244,32936,23193265,163244
6ad1206bf0868102,115322,105451012,138053,115203,105462307,138053
6b0145f61e568f0a,105179,95311230,139355,105065,95323767,139355
6b1f5e66053149e7,107046,97167711,137407,106937,97183071,137407
6b2af52f01c64423,13956,4094090,139884,13834,4106302,139884
6b4861eb687dd62f,54587,44730437,138826,54462,44745167,138826
6b92d47059c8249a,106487,96655877,339753,106397,96682662,339793
6b966c2998fe3400,119588,109689733,128735,119501,109722969,128735
6bc35431b55a3b20,57836,47953840,138626,57715,47971855,138626
6c10afcec96d7f62,17988,8108938,133428,17869,8124883,133428
6c2d6a3334a58072,113237,103354366,139387,113116,103372473,139387
6c5c57df0aabcfeb,91455,81626390,395915,91379,81671105,395955
6c6a68661fcdd0d3,22195,12314300,140073,22073,12331092,140073
6c7699165ecacba6,47644,37790252,139127,47518,37800777,139127
6c84bd2982bde668,16573,6710258,140331,16445,6722239,140331
6c8cc2b15ccf3d6d,10860,1010171,140187,10741,1022635,140187
6c94155f51596872,68433,58561834,138017,68314,58572091,138017
6c95d11cc42d42c1,68034,58170683,139379,67904,58180767,139379
6cb1331a6c652da8,96935,87013431,136640,96874,87073999,136640
6cd5556e1c869758,64490,54610524,138439,64371,54625477,138439
6ce55fdb614e164d,106987,97094244,138059,106883,97123673,138059
6d026cbd1408658a,105671,95791280,139776,105553,95808525,139776
6d0a9d5d47924ca4,81575,71694522,139798,81454,71711870,139798
6d0eb6ce4ad35506,69329,59470718,139544,69200,59481151,139544
6d4c62e9c45cadaf,66420,56571019,141409,66305,56582252,141409
6d5c12d7d1850b23,96871,86966908,138791,96812,87010110,138791
6d73e11fb804f4e7,11422,1528855,132950,11343,1560157,132950
6d7f5d0edc18299f,94314,84450927,138340,94186,84463584,138340
6d9eae7a6d85eb55,58686,48810074,136958,58566,48822125,136958
6dad3e84f237acc6,55699,45833889,139020,55567,45843361,139020
6dca60108d8c4180,86326,76454105,138675,86205,76466698,138675
6dcf383c367ce72e,109957,100094528,138463,109831,100104315,138463
6de8d8a795e46983,93713,83853732,136592,93592,83865769,136592
6de977fd81a1a25c,27881,18029791,138074,27757,18039381,138074
6dfcca4c24526da0,67687,57813636,156830,67566,57824791,156830
6e026ef943b3c835,50889,41011018,142273,50762,41024899,142273
6e07664fb364cdb0,74351,64451285,130178,74253,64486689,130178
6e4f90f70f75237c,64091,54213854,138780,63961,54226936,138780
6e68d1ed291e4280,13318,3411172,132379,13247,3458476,132379
6e801397e7f71e9b,66292,56434254,138572,66176,56449491,138572
6e86ce0dfb4475f0,58126,48250489,138789,57998,48261827,138789
6eb8ac585a0da492,10548,673963,139663,10416,683882,139663
6ebba44fd7e86d18,72583,62728884,128530,72456,62738580,128530
6ef1083f29aa1c57,106529,96672442,99219,106444,96689737,99219
6f0276f9e8ff55fd,23225,13328906,132461,23134,13360507,132461
6f184114cd1e42f8,51937,42054331,139851,51816,42072221,139851
6f1894094655b4c5,113335,103454366,137793,113213,103470697,137793
6f23137d77496f56,100959,91069583,130284,100877,91096920,130284
6f345b4e08cd256f,42534,32670520,140783,42409,32681243,140783
6f348f8c37a68f21,26613,16688509,129141,26490,16748967,129141
6f3ba20ff65a00d2,27095,17235719,138590,26973,17245446,138590
6f5d3d84f0b4a1db,35760,25890619,139782,35638,25900355,139782
6f64aa7c6936903d,99343,89469574,130384,99230,89482668,130384
6f6ad4eb08569e04,43882,33999214,128747,43804,34017448,128747
6f8a38f314601126,11761,1889105,132825,11654,1905081,132825
6f9f6ad5b7dd0376,36602,26729283,133153,36481,26739065,133153
6fbd72ea444dd96d,54053,44175789,131344,53931,44188984,131344
6fcd5f9b7f92d724,21543,11670234,140456,21428,11680477,140456
6ff19d0138730650,31134,21250173,138354,31014,21269052,138354
6ffeb58d69f27bf8,84189,74310658,137787,84084,74330783,137787
701108a77a1e3436,58556,48674226,139174,58436,48692088,139174
702b9777cb493aac,34769,24910809,142744,34641,24921621,142744
704701abe9b2833f,21513,11630162,139552,21400,11649388,139552
707ba9d8b940a63e,81317,71434523,139671,81197,71452986,139671
708b54476a24cee6,118844,108971039,138244,118721,108980895,138244
709b761c50322dd0,63077,53170936,130075,62987,53212433,130075
70a679f5121053c5,118719,108834372,137076,118600,108854211,137076
70be21cd5a0a959d,48214,38333524,138340,48090,38350989,138340
70edc1d058559887,11326,1426637,119933,11248,1467590,119933
70f0e9839a07d09f,48427,38570277,138476,48301,38580754,138476
71140532c5f55ba0,116513,106614424,137285,116404,106649951,137285
7115bcaca561832e,35992,26136654,106557,35903,26153540,106557
712c22fda3358128,63289,53409071,129401,63180,53424982,129401
7133302d2e13d88c,93539,83670898,137677,93428,83685657,137677
7136ef847b479c45,93127,83204639,127807,93087,83278320,127807
715cbafbbe56d59d,30943,21090361,140298,30819,21100612,140298
716adb59d469e399,15824,5951218,132682,15702,5962432,132682
718ce20f1f40b76c,112115,102251041,137941,111983,102260396,137941
71a60676cd26fc94,22034,12153481,138770,21914,12170447,138770
71a9c9a36fc9c37d,79276,69411016,139723,79144,69420821,139723
71adce2d51cf228e,76748,66870578,138154,76628,66884320,138154
71b66e8b8aee7d62,113463,103591134,138477,113341,103601638,138477
71bb83b2b70cfc42,59459,49590034,136702,59338,49600861,136702
71c287b30e989af4,16881,7008964,132198,16766,7022012,132198
71fd6dbb3117342f,14493,4630377,141007,14369,4646399,141007
72382403ef4b080b,107975,98110844,137824,107843,98120725,137824
723b6d232c910d97,88561,78713302,153179,88444,78729491,153179
72500c4c415ceeb0,114350,104493745,98639,114264,104511787,98639
7258fd6afa445bc2,69211,59333812,138939,69093,59347061,138939
725c36aaede14fc4,68712,58815696,131516,68623,58847637,131516
725fb0666dad5cb0,40431,30550099,138748,40322,30567145,138748
726ded4b83c2fd52,97329,87449027,127459,97226,87470015,127459
727079163a499395,70975,61093961,138723,70854,61111494,138723
727e54532154f04a,102506,92630899,137727,102388,92644409,137727
7282cf1dcdc41d2c,73217,63349111,130396,73087,63359598,130396
72902df86976a6da,107595,97714175,138858,107473,97731347,138858
7294eaaf1b31c45f,98594,88714135,137853,98477,88732901,137853
729e5d6586972d8d,96806,86921740,129759,96748,86949919,129759
72baeba090112629,68745,58849113,130175,68655,58879935,130175
72bf06b35cc10572,28036,18153576,138327,27914,18172504,138327
72d9a330eff8ed91,83531,73650962,138726,83413,73667921,138726
72eb8eacdeb66d9a,52910,43031112,139594,52789,43046314,139594
72fd97639f6c8934,49975,40096774,156321,49855,40111925,156321
733e8263e1e32b71,84992,75117088,136622,84863,75138237,136622
73534f0bc001a475,73649,63769203,129606,73526,63784866,129606
736120b87f245f23,31069,21190340,139734,30949,21204704,139734
7366e82e01d79c33,97030,87114016,138118,96965,87168743,138118
736a7fa52cf7a9f0,87012,77134035,137771,86879,77149696,137771
736db8961957b72a,107787,97911202,139233,107659,97922435,139233
73782011fdaa3f28,16068,6190456,142204,15954,6208974,142204
7379aeb5f988c201,97243,87351383,140938,97153,87382009,140938
7381dd0e8cee2e32,105767,95891050,138724,105647,95908231,138724
73a7ccb6fa8387d9,33868,23989193,133241,33748,24003501,133241
73b0db86c29b5044,65099,55191078,130290,65010,55234204,130290
73bb4d1e41c0b73b,27576,17690392,129961,27459,17711581,129961
73ddc82f868cdca7,42966,33089593,134555,42852,33102495,134555
73ed6f653a819e05,26428,16491119,112531,26323,16562619,112531
73fd8a3e25262e7f,13221,3335735,119249,13151,3432326,119338
740ad17cb4b730b2,49551,39608977,130985,49465,39688141,130985
7424298b884f41a8,104431,94549411,129304,104306,94568175,129304
7438017ec5450eaa,76974,67094589,138984,76852,67109973,138984
744941f96f69da87,59761,49873781,138880,59641,49897849,138880
744dfd1f7afcd9fc,28977,19093516,138892,28859,19112765,138892
746a44f9ffbac8aa,114310,104477348,338188,114219,104504746,338228
74870924f9c699b2,61506,51650905,139405,61378,51661122,139405
748d2e7a04664d59,86124,76230815,138966,86034,76261572,138966
748d6e0dd4d1f895,36075,26176940,119468,35986,26209571,119468
748dbb6e4a377b30,84899,75031160,139637,84773,75047110,139637
74b0979d6e0d675c,118085,108191404,137573,117954,108220540,137573
74bfab0f469a7a8a,109422,99551279,138670,109302,99562097,138670
74d9f5e5a41b887f,50546,40689118,131394,50427,40698966,131394
74f1d4af6d3b4b28,35545,25689051,132633,35419,25698351,132633
7527cc21248c8455,29601,19713943,141414,29480,19737015,141414
75351b8447952fbb,47702,37850340,139067,47578,37859739,139067
7547ad391ea4be8d,22914,13080471,363924,22822,13107956,363964
7550cd1682a5f985,31817,21934402,140411,31696,21952279,140411
756ef8738eaac2d3,96607,86730384,135204,96482,86746162,135204
7572644701e32e13,25946,16110231,351957,25850,16136084,351997
759cd8e5182d76ab,22290,12412856,141330,22166,12425997,141330
75c2f34d26cba577,88651,78771396,137743,88539,78789353,137743
75ca4e887bd0d66e,98795,88898206,130391,98735,88932848,130391
75ded7d16d61c970,74920,65050664,138901,74794,65060761,138901
75fc110d1d3c8bd8,79714,69876919,345999,79618,69903324,346039
760ff07be9e8ae5c,65451,55590260,138131,65322,55600670,138131
7629c68f4e7acd4a,110676,100811896,130554,110579,100820990,130554
762c9b90b8ee4991,73617,63731405,132007,73494,63753028,132007
76357bb3c1056391,98256,88390637,137068,98121,88402602,137068
7639503ab926ed73,46232,36350280,139236,46121,36367257,139236
765cd7972ce94f11,46441,36575148,138583,46312,36585029,138583
76a40a22e9802f21,93869,83993551,153732,93751,84008841,153732
76b1c6ce4e336f05,80541,70690797,139031,80418,70700608,139031
76bfc61d235ad68d,109926,100071167,138670,109798,100080889,138670
76c2c468f778ffb3,80480,70614114,138813,80351,70625408,138813
76d6c792da68c09d,108347,98470964,137812,108227,98482569,137812
76f3468af72d44e9,116460,106550786,136285,116361,106595376,136285
770549bb669a77b4,66139,56270885,140192,66011,56280363,140192
7705ad37cf039ea5,74440,64551656,129671,74330,64574905,129671
770f2b3f9055b753,82526,72671213,138581,82404,72683419,138581
77137ef208e0b920,83095,73230496,137727,82975,73243221,137727
7717a6f6c3b319c5,99080,89169752,129157,99005,89219676,129157
772d275b844977d0,13415,3509530,131718,13340,3554336,131718
7738519d235db4af,117051,107171341,139286,116935,107187542,139286
7744df0883e7374c,75272,65410674,137201,75138,65420644,137201
774a236c138e4322,102888,92989542,130004,102809,93024120,130004
77789e52d5c87f38,26923,17050372,140544,26778,17061179,140544
7779a8d34398276d,43500,33649407,132091,43378,33660203,132091
77851417afbb6558,55162,45249120,131463,55081,45297780,131463
778847413e472968,64910,54991395,131323,64831,55045959,131323
778c93a13bd5e8bd,52414,42550271,138401,52284,42559845,138401
778d3661e59c9d52,67409,57550278,138144,67279,57560543,138144
7794ca33661fe9e8,77757,67917564,348111,77659,67944683,348151
77ade2f6d361c5eb,99199,89309592,130524,99108,89342464,130524
77c7f099b709caf6,33999,24180400,370833,33923,24209295,370873
77e0a065fe4af2c5,47055,37141787,130668,47010,37190826,130668
77f5eca094f451db,59548,49690271,137860,59418,49700913,137860
780d780241239612,100206,90350909,138064,100084,90363834,138064
78157a78a55e46b7,69968,60063933,131332,69913,60103283,131332
781ebfe9d59060f1,33471,23594181,140225,33340,23607156,140225
78357f64fbf3e700,12346,2468932,133608,12229,2483249,133608
78393df7c849a512,28912,19041327,138567,28795,19051526,138567
783e7ef89732db3d,46561,36710249,138179,46441,36720553,138179
7858fc20b0f44ca8,12970,3090472,141157,12851,3107634,141157
787d144e04730dbe,105355,95494591,139322,105233,95505913,139322
788ff6a66c2f6954,68679,58793519,114484,68590,58813780,114484
789f3df670f18849,19982,10093671,140208,19862,10117928,140208
78b8c2b89a39a404,83627,73797428,342207,83541,73830845,342247
78c630138161d44f,71381,61530761,138998,71258,61541128,138998
7901c5ebce3d1755,50392,40539494,131526,50270,40553923,131526
7902131de3de022e,73029,63150705,139234,72908,63164746,139234
791147d5bc88b5ba,29105,19230228,139450,28985,19241839,139450
795fac74dce98e00,17141,7255448,116896,17082,7279232,116896
796d068e36d36d84,48520,38670373,139320,48399,38681453,139320
797d8c33931c7b32,95299,85351504,130509,95205,85427785,130509
797fda91ac3937c1,98859,88949282,129076,98798,88997256,129076
7999a899458a7238,93190,83269673,129382,93144,83340935,129382
799fe019240f3a62,94904,85010014,72368,94881,85049423,72368
79a75136066f17a6,48706,38884455,390263,48629,38915992,390303
79cf554a2bbdeffd,16604,6750279,140026,16480,6764843,140026
79d167b31dfc32c9,37194,27311844,133691,37070,27330248,133691
79fe0c6a2a936cc1,89249,79390903,138228,89124,79402870,138228
7a07c16abb49db7e,60541,50666888,116988,60422,50676088,116988
7a2feba61a08bf39,44107,34190992,131602,44022,34242492,131602
7a48e4f29c1d6722,105061,95171238,139291,104961,95200325,139291
7a66c8b8a8bee4f5,33409,23541466,140140,33281,23551907,140140
7a8a1cf1f480ac12,56823,46950357,138862,56701,46960602,138862
7a92eb817ca9685c,89968,80081378,130500,89882,80106171,130500
7a9c21ad79b252c3,115256,105374616,137392,115137,105392227,137392
7a9ec72f0e9a2188,105296,95431951,139448,105168,95444116,139448
7aa8272a35d4d2ec,31358,21474260,140410,31235,21493963,140410
7aad7c873c77b192,45737,35896804,348367,45637,35922676,348407
7ab8ad08dadddd2a,34265,24349185,132952,34191,24400530,132952
7ae076160b36cae5,80210,70330568,138319,80102,70346737,138319
7ae81d75e909dfd0,67294,57411078,138556,67178,57429935,138556
7aeb00f21bdff203,28880,19010123,138451,28763,19020829,138451
7af2159832e89921,49292,39348126,94274,49242,39425930,94274
7af9da4a29dac743,117864,107931378,138403,117753,108000994,138403
7b06b05d81ccb429,102227,92370972,138181,102104,92384426,138181
7b17cbd49b117350,113366,103493902,155317,113245,103504931,155317
7b299afb2529a06b,25289,15412773,140505,25159,15424290,140505
7b3feb8848eb6644,49628,39710510,140036,49526,39764876,140036
7b58cb5b517cb211,89653,79749647,131294,89586,79792690,131294
7b5e832d1cd8c9d9,91709,81809341,129550,91641,81846321,129550
7b6a1ad67ea7817d,79554,69674472,137695,79433,69690055,137695
7b82553a24b0ebf7,12251,2370345,141132,12136,2388826,141132
7bc6fe541cd0d716,44013,34090373,130465,43932,34148759,130465
7bcd3cb3d7e3833b,119619,109711725,130130,119532,109754552,130130
7bd4099d01ef4fe2,79152,69291086,139288,79019,69301594,139288
7bf04480829df3c1,102166,92311329,139342,102040,92324330,139342
7c03fd3fcea68e14,83281,73430830,139098,83160,73444693,139098
7c424925c5667990,92076,82193270,128366,91969,82213208,128366
7c5347935f110e77,53770,43912893,140976,53647,43923101,140976
7c574d043c9534cf,102074,92211020,138805,101940,92224635,138805
7c84df25f7e30f9d,26522,16584335,130908,26408,16657785,130908
7c8d4080d77d0ca6,16979,7091137,132275,16863,7119094,132275
7c9912f945078875,115387,105511428,138406,115267,105522742,138406
7cad25d334edd9cc,33594,23730650,142120,33458,23740820,142120
7cb19d15cc0010e5,110856,100974784,138228,110752,100992624,138228
7d069199c6adad1c,17840,7973710,140319,17712,7985313,140319
7d1941eaaee6a7bd,28664,18809890,138040,28551,18820484,138040
7d4a1f40111747c6,46013,36110586,128550,45915,36147924,128550
7d5e9f25f4cbc8fa,50106,40246330,178965,49985,40258923,178965
7d62efc1d5b1f30d,35792,25914545,141358,35670,25928297,141358
7d6455f8ccc06268,27481,17590617,130414,27368,17616712,130414
7d655a6dab1ccb25,60863,50976444,117061,60781,50997155,117061
7d74cb01c18d5a1b,43947,34043845,130756,43868,34082703,130756
7d774f4c0a74d326,110554,100689635,130004,110460,100699717,130004
7d842e151864efc8,114625,104731134,138304,114534,104760993,138304
7db9c613670129b2,39576,29693314,136622,39455,29712011,136622
7dc00cbb07376db1,84365,74494105,138156,84239,74506315,138156
7dd2f607b766c75c,44076,34168723,130021,43993,34211522,130021
7df20baa0dffe2e3,38503,28613145,138772,38389,28639499,138772
7e18468d74c4c96b,91422,81550890,137713,91302,81563074,137713
7e28618cdf1bf0af,91897,81991399,130330,91815,82034390,130330
7e3f4c58b7723045,31979,22094212,140625,31858,22114518,140625
7e3f7e2513af3b74,108917,99014956,138419,108819,99057825,138419
7e5cb3ccc2646937,94437,84584132,139238,94314,84598134,139238
7e7c56aeed8cfd4b,101855,91973228,141284,101730,91993530,141284
7e9a24428c00ade5,10580,709789,138700,10446,721628,138700
7e9a28a15176b3fe,94345,84474387,138688,94215,84486278,138688
7e9f2ca49c76c340,42176,32270336,137569,42088,32312177,137569
7ecc16e29d82a392,13034,3153970,140843,12914,3172892,140843
7ee03154f16315b9,66805,56898349,130092,66730,56940940,130092
7f050e826c580355,28263,18388737,130387,28167,18398141,130387
7f10a284580c3e91,98956,89049577,129941,98890,89093618,129941
7f1404251946d257,79401,69550783,139212,79279,69561348,139212
7f1eb33c66bfd232,98070,88194173,137276,97945,88206876,137276
7f34342638ea08ce,48396,38534272,140549,48270,38544915,140549
7f3ba5b66e736f6b,10765,910185,140789,10642,927347,140789
7f57cbe51a17d4e1,76029,66110735,128993,75948,66164817,128993
7f95ea72a59333f6,74381,64489194,129770,74279,64516890,129770
7fa60e89a0496072,95326,85389289,128894,95225,85452705,128894
7fb1ea90cd35d6f0,83752,73855288,130319,83675,73888535,130319
7fbe655e85e24f83,65068,55169074,130631,64981,55203132,130631
7fc2a4caa2097df3,98409,88551305,138264,98289,88564406,138264
7fdd7b30ed4fefd6,96022,86131257,130778,95899,86159454,130778
8011843c81cd9080,76570,66710505,137975,76440,66721022,137975
801fb72b04bd3df9,101541,91690657,137398,101420,91704711,137398
805e35eaad0ab118,72084,62151180,94290,72014,62221060,94290
80979907389ac11b,38230,28328362,128453,38139,28365271,128453
80ab8a7ba3e43d08,117615,107707882,129145,117517,107750694,129145
80cacdbdc30ebf42,22818,12932561,132175,22697,12953201,132175
80db5dbf2b8c6794,119837,109951208,138501,119736,109973266,138501
80f47be184e55aec,25193,15311561,133354,25067,15328625,133354
80fc525ab09be354,105208,95342528,139765,105090,95355749,139765
8100589767b5f95a,112569,102669483,128697,112474,102703790,128697
8105d6faddaccda3,88313,78450692,138023,88188,78463291,138023
811a56b154a90326,85688,75803488,129987,85631,75912420,129987
81282a3c2e2634e5,116567,106691287,138445,116449,106707167,138445
812fbcda3c80c7fc,70032,60108049,129918,69972,60167004,129918
813bb4476c35188a,96757,86899826,97025,96699,86936633,97025
8141b5fa2668241e,87647,77761121,113335,87589,77785107,113335
81495924bbb86fc2,13002,3130199,139538,12883,3144517,139538
815a8f25fb85c5ec,117893,107955018,139907,117779,108028501,139907
8173ea469dcfb54d,32207,22298923,132596,32128,22342216,132596
8179db8b8c504455,101352,91491027,138914,101227,91504060,138914
818064f85a8e4d5a,89685,79789454,129149,89618,79821765,129149
8194d8b3a0dd1d07,100486,90611105,139891,100368,90626517,139891
819692b5f5c8f3ea,61715,51831650,132214,61593,51850759,132214
81a998b4a45b853a,51525,41629380,132448,51422,41660698,132448
81c8ccba00819060,12503,2629905,138944,12379,2641665,138944
81e3b45370b328ad,92966,83086975,115790,92935,83117443,115790
81e7047252e10b2d,22475,12610092,138919,22343,12620027,138919
81f06896ce49aa81,60476,50592814,132294,60357,50612227,132294
81f4d2480b7cfa08,72966,63093544,155906,72846,63104770,155906
81f6e160d9d8f779,95587,85714084,138596,95450,85725155,138596
8221f5827cc79efe,78613,68752499,140702,78491,68762117,140702
8239eec9bf472d2e,115642,105770964,137184,115517,105781177,137184
8241a9a3d96eaba1,21422,11531444,132281,21318,11557949,132281
8246ef6e17b49eb2,71316,61454036,138921,71191,61463909,138921
8256b0544af76ae5,41477,31613672,139176,41351,31623932,139176
825a8cbd933cfe60,106958,97070897,138413,106857,97098610,138413
82779b2ff191a6d1,44435,34552991,143335,44318,34572049,143335
8290ba6c23c2c4f9,11820,1948892,133484,11705,1960942,133484
8292d58d20768d82,51784,41930394,139010,51658,41940962,139010
82a7ea279673310a,118138,108251518,139861,118002,108273785,139861
82b1956a269c09b6,94467,84610918,138811,94345,84625831,138811
82c21f9fa5576f91,10072,211185,133299,9949,220667,133299
82e1e0e38bdc39b7,65540,55694328,138783,65426,55709556,138783
82fce3eaf450e27c,54495,44630457,138583,54358,44640269,138583
83152f8799fec9db,13129,3297869,352703,,,
831682a51607beba,76715,66833926,138965,76595,66851638,138965
8320b9c5be25199e,70541,60674613,139373,70409,60685715,139373
83218bc046c6646f,94650,84782161,137833,94532,84794118,137833
832923aba92763a9,66639,56817270,350777,66560,56845628,350817
833152a724ebf1df,45050,35172017,130394,44925,35185150,130394
833f9885f7e215bb,51844,41990407,138854,51720,41999889,138854
8374dabf0c5e175c,117774,107825454,129727,117669,107908967,129727
838c921e645974ef,74800,64949035,129589,74676,64958115,129589
83b00b8ac7afd2bf,59954,50074005,138329,59832,50090007,138329
83ce667758712002,63493,53630328,138389,63362,53639907,138389
83d1d56c0f592518,111867,101991193,138935,111744,102002169,138935
83e83596753573dd,99049,89131135,129108,98977,89186203,129108
841e8d567881bff7,48969,39049740,130651,48894,39103838,130651
8420f7cf1289d976,103012,93114584,139388,102923,93151107,139388
844130a02075837a,73890,64037336,122695,73814,64053102,122695
845bccae26271aed,102539,92670841,136600,102421,92683679,136600
8478bc5b3f6ef330,62163,52291321,131054,62033,52300207,131054
84bcdc168c4f3b06,70153,60211115,130948,70081,60288412,130948
84cc42038e279866,74585,64711286,130337,74458,64721194,130337
84d276b090795627,71502,61614636,139320,71381,61637542,139320
84d34c5119803b34,68217,58354034,137302,68096,58363310,137302
84e6fe3eb5f7495a,49678,39770364,138497,49566,39813808,138497
84fd50e4231b95d4,63583,53730125,136371,63464,53740117,136371
84fe91e998ef7183,107851,97974502,138890,107720,97986479,138890
853735b3a20dc280,50608,40748988,129364,50489,40758467,129364
855cab8582a58fb0,114780,104891185,138184,114679,104916470,138184
85a5a8b435801ae8,41693,31813695,139323,41574,31829018,139323
85b6c8385dced7d7,50266,40389295,132782,50143,40401626,132782
85bf65b1bbc967ad,64522,54650706,138468,64403,54660952,138468
85ccbe131ac40da0,65036,55129066,129284,64952,55171632,129284
85da8bda04c44257,13446,3548724,132990,13370,3582929,132990
85f270515e8023e0,106229,96351060,138692,106108,96364802,138692
86067382b2571246,29762,19890533,140630,29640,19900362,140630
86075302d5786ede,24575,14691602,133420,24459,14711281,133420
8608b559c1b41188,80449,70590724,138892,80319,70601544,138892
860d8f7541d74ff6,72115,62175836,93720,72040,62248061,93720
8612065d6cd129af,81978,72089204,129828,81879,72113518,129828
8612e352e23d6a2e,86268,76390736,138237,86156,76405190,138237
8634fc9e809a6748,65159,55269083,129259,65064,55294706,129259
865f969eaa36a134,40914,31039622,155098,40793,31051436,155098
866fa15c72abc4f5,94406,84550853,137542,94280,84564222,137542
867e23300328cc22,24723,14853294,143153,24593,14863714,143153
86c4256aaf2fe24b,56106,46230407,138725,55982,46241680,138725
86c6ef686fe93406,76367,66472554,128535,76261,66504251,128535
8701e6bdc85d7bc8,106577,96694520,130515,106492,96713057,130515
871acffce54c6a41,64555,54674076,138158,64435,54690294,138158
873ab8612fdf9b81,83126,73254014,139377,83003,73265197,139377
87498f0c0876a845,44761,34890432,138754,44641,34900905,138754
87572abcd22b8bb5,31574,21708783,131757,31442,21718043,131757
875a814f11224cf0,61272,51373536,130709,61171,51408044,130709
877a777391384cc5,112850,102971142,138630,112741,102986634,138630
879b1c8a9840b45e,61813,51934811,139160,61691,51949076,139160
87a561596f329faf,81702,71845831,100938,81607,71863811,100938
87bcad52f0913751,88716,78834265,139224,88603,78855775,139224
880115bdffebef3b,95642,85791350,139697,95521,85805695,139697
880405b8c0b7812f,67058,57149333,131000,66970,57194084,131000
881c66f84bd539d2,89003,79130774,138110,88883,79141863,138110
88209127942b1bf5,78462,68593182,141448,78333,68603744,141448
8844dcbeda6df1e6,43376,33509302,133378,43254,33518736,133378
88636fef555992d7,14616,4750590,142532,14486,4762682,142532
88639e45de96731a,105735,95854397,137769,105615,95872500,137769
88762cf7cdc762c7,67380,57510622,138963,67254,57520698,138963
887e4b0a14426a75,67177,57290917,140604,67077,57313129,140604
8886e757c03d7397,23861,13973160,142858,23741,13997859,142858
88950834ea03e9c5,51343,41431388,131259,51258,41478599,131259
88ac82c797bac371,88198,78322313,136823,88090,78335840,136823
88b3555bfde5f766,87261,77411081,139162,87143,77427380,139162
88b7ff6eedb31140,103903,94031278,139561,103777,94042933,139561
88e043780cea211c,36139,26231716,132229,36050,26274817,132229
8905c9513afcf356,53328,43429094,131401,53240,43462845,131401
8937a6bce3d7dd9f,9892,29747,139255,9768,39882,139255
8955d15d07672d9f,103072,93190903,138017,102977,93211874,138017
89581c3072069feb,114151,104271225,138308,114030,104286431,138308
896687ea8aa8fde2,90234,80370411,136256,90112,80383064,136256
8982931a6d163de6,89499,79665397,394724,89416,79714674,394764
89b1378c180490d9,16388,6509253,132442,16269,6526091,132442
89f5647757734310,34233,24311320,132999,34160,24368788,132999
8a004b2b952c14dc,14303,4429996,140110,14184,4444334,140110
8a0c9d4bc0508628,77904,68009210,128976,77811,68040450,128976
8a193e76b2ebcb03,78283,68410658,137507,78171,68421549,137507
8a58cd54434159d9,74953,65074116,139089,74827,65088678,139089
8a630f52793f09f3,54214,44331005,130298,54088,44349679,130298
8aa529b1639b5ac9,54150,44268923,129859,54026,44285442,129859
8aa5b6d0a2c897ad,17489,7588976,133034,17412,7628999,133034
8ac4491798b5b4ec,39304,29433204,137670,39173,29444276,137670
8ac6d8864b931336,18675,8794034,140436,18559,8815056,140436
8b0e78a104de3727,62193,52331213,142645,62063,52341202,142645
8b35633e78dd2c6d,13867,4011161,144846,13743,4025285,144846
8b3d7fbe519b3bcc,110615,100749879,130216,110520,100759774,130216
8b47a3594bb29fb3,82040,72149369,129499,81939,72176158,129499
8b47f77af7065e3b,109772,99894307,138438,109645,99907871,138438
8b5166576b7753d9,105861,95990941,138089,105738,96008428,138089
8b5943f4b96bec90,39023,29150504,139331,38901,29161107,139331
8b62c721bfb8e669,77286,67430478,137943,77158,67440821,137943
8b8b3a43410724e9,103995,94134068,156069,103865,94146916,156069
8bb10ddfa7bdc32c,57260,47369171,130246,57158,47395153,130246
8bbcbfc8e0e370a4,98039,88170947,137527,97916,88185357,137527
8bbed5ebddc79a43,22384,12510346,140219,22255,12520501,140219
8bc802a201c32a4a,68466,58590590,139133,68346,58601757,139133
8be43b5be6087357,58932,49034866,130895,58840,49067805,130895
8becb2defe8b941b,32900,23050561,141000,32778,23061135,141000
8beec1216d55b145,43283,33413746,132768,43160,33423842,132768
8c0f8369052de5bb,42902,33030825,141063,42788,33042376,141063
8c3ca4c9a6fb5b8d,81198,71334149,139128,81070,71344090,139128
8c5573acf584c353,41263,31390132,138281,41134,31405020,138281
8c5918e1ba01bcd8,79522,69651176,139206,79402,69661575,139206
8c67bd5e0834e9fa,64122,54250430,137642,63990,54264263,137642
8c839cc2e85df464,94127,84249497,129864,94006,84263150,129864
8c925e6545f2907c,107819,97951003,138233,107690,97960987,138233
8c9f1226076152dc,107164,97291066,138559,107042,97300906,138559
8ca843b080f292b0,38894,29010081,137310,38774,29030043,137310
8ca9d92f6e3b392a,28198,18330947,129829,28103,18340783,129829
8ca9e154a5bb94a0,105267,95394431,138208,105142,95406063,138208
8cb6af70474494a2,102376,92494374,139073,102258,92514151,139073
8cc52618bfcc3d6f,61536,51682163,137501,61410,51692262,137501
8cef06f2275f8b47,116235,106291311,138743,116176,106370907,138743
8cf8061ed88cad68,67439,57573704,138883,67306,57583743,138883
8d022d5755884fd2,110646,100789856,130889,110550,100799909,130889
8d044e187c669491,60234,50370677,139638,60102,50382413,139638
8d10087e21252e08,81914,72029307,129483,81817,72049178,129483
8d1fb208b413c494,52321,42450161,137931,52194,42460739,137931
8d25f0660e764165,50824,40949055,130969,50700,40960037,130969
8d4f4b1ece786b70,29168,19296422,138513,29047,19306437,138513
8d50ef599280dcda,111961,102090980,138074,111835,102100985,138074
8d61c9fe341396f7,115108,105251306,139642,114981,105261830,139642
8dd28a3a4c09acd0,117147,107271584,138649,117028,107287591,138649
8de18dac7aeceeac,63464,53593710,138578,63336,53603515,138578
8dea2884f0ae1aaa,41138,31270678,140252,41014,31281008,140252
8e2028f50bea3cd4,30796,20930055,138524,30674,20940857,138524
8e22ed69851db92f,37505,27648944,129826,37376,27658504,129826
8e36b073a9ff92eb,97000,87090652,136362,96936,87138336,136362
8e46a1604a46fb21,40093,30188768,130301,40007,30227948,130301
8e5ec86168506d69,73400,63549154,130030,73276,63559088,130030
8e5fb8e52926f91b,50485,40611417,131671,50366,40625724,131671
8e70755007650e1c,54278,44410361,137768,54150,44421025,137768
8e7462abaef6b682,76396,66509432,130084,76286,66535448,130084
8e96ed2fc0edd296,40028,30123460,129830,39944,30163385,129830
8e9c04fe709edac0,79929,70029056,128560,79835,70064694,128560
8eb929a07957b863,29231,19353765,138738,29106,19366537,138738
8ebc8dfe51c001d5,41201,31330695,141759,41075,31346102,141759
8ec197b025434652,119027,109171216,137611,118899,109182164,137611
8ec46ff32337c8b1,112790,102894715,137189,112685,102925378,137189
8ecc731997ba446d,73339,63471268,130390,73210,63480793,130390
8ee81b44fc2a9df3,61419,51551132,142757,61301,51561983,142757
8ef604703f64da32,115049,105191620,139841,114920,105202815,139841
8f03fdfbb962055f,73520,63649473,130182,73398,63659184,130182
8f1687a7ec85a2fc,23559,13690202,139394,23439,13699954,139394
8f2ee32201818c4d,35453,25589360,134384,35320,25599278,134384
8f3beea9bdb7a27f,30471,20569200,133877,30391,20607242,133877
8f46af7f94df931b,108314,98431529,139240,108194,98450141,139240
8f4991444ee1ad85,37660,27809981,138117,37538,27820379,138117
8f6ce6a263a3b6fe,40372,30473603,138739,40269,30508488,138739
8f7e304cf1d0de1d,67655,57774186,159155,67535,57791657,159155
8f86eaa4a30bdab2,14429,4553942,140259,14308,4567012,140259
8f8b055698189dae,99835,89954192,138782,99714,89982383,138782
8fd58b8fc32e6191,46381,36512218,137850,46258,36522212,137850
8fd9a7048576ec24,87713,77802512,130283,87654,77850821,130283
8fdd44c49422f1cd,62037,52169355,132120,61912,52179668,132120
8fec383668a092c9,39457,29593631,138804,39331,29603491,138804
90183cefb55bb94b,29730,19850336,139718,29608,19865299,139718
901ae78b2a8bed50,108825,98929854,129739,108735,98960818,129739
901e00490e7d5074,105237,95371088,139071,105116,95385761,139071
902af48042260c12,80597,70714221,138844,80476,70732382,138844
902fec3819a79d2a,93425,83531204,139884,93338,83575293,139884
904a15ad001de573,17724,7848760,131985,17612,7860402,131985
904c0ab1c21e92f0,21453,11568773,131443,21346,11588902,131443
9077edabaf8cdf0d,35331,25451675,132525,35203,25466262,132525
907a9de3caf24c27,49470,39506401,114706,49399,39605118,114706
9081a18a237ada6a,64781,54894670,116056,64704,54915678,116056
90870a8e0cec5e24,66997,57089301,131254,66914,57132927,131254
90899b8ee633a83f,115984,106103102,130253,115941,106118653,130253
90aaa8412419839e,10102,248946,133338,9979,258083,133338
90be5787a6305435,101114,91231120,139498,101018,91253243,139498
90cd69d693c63bde,95701,85853474,153656,95614,85870003,153656
90d6c24eea378eef,109301,99451069,138468,109179,99462053,138468
90f3fcaafd675d44,10485,609899,138866,10355,621153,138866
90fde02741537c3d,12282,2408966,133239,12167,2422241,133239
9105c328d09ced2a,86474,76614044,137451,86354,76626423,137451
910acbbf7b024fbd,16326,6449010,133641,16208,6465449,133641
911f755ee0304d51,89066,79194557,138234,88943,79205941,138234
912544551b35d0ca,44320,34428519,128632,44217,34455614,128632
917b9e6f79851066,58996,49090442,128929,58904,49131403,128929
9187f570d70a5e2e,78522,68670728,138282,78398,68680866,138282
919210bbf65bf35e,64731,54875007,103303,64654,54895229,103303
91de7a80cfc4dde0,110271,100391068,137795,110152,100406497,137795
91decce9d9f43983,99229,89331709,130984,99133,89373300,130984
91f25a347744d064,16543,6674235,139946,16416,6686747,139946
91fe21b60d050904,64366,54509607,132289,64242,54519447,132289
921d65288c7fe64e,118304,108451180,138635,118178,108460934,138635
9225d1ce4bebfb7e,48757,38900883,98798,48686,38924447,98798
923e7545ba7ff09c,41232,31354205,139314,41105,31372524,139314
923f2609ad7e462b,41596,31713954,137828,41476,31731281,137828
925a495f2e70d3de,95353,85429484,129004,95245,85479780,129004
92a1d7dab2134c84,28451,18570545,131153,28351,18586663,131153
92b93aa1e9510a62,19419,9509149,134171,19353,9554913,134171
92cef1dda41dc897,90263,80410999,138564,90143,80428135,138564
92f3098cc3c725c0,24172,14269586,132874,24079,14306988,132874
92f9e127949d5117,65393,55529502,130639,65270,55539868,130639
930e2131bd49e980,59188,49291187,130079,59089,49322805,130079
931932a750e130cd,25474,15610678,142195,25339,15621590,142195
932a5e4d3909934a,36236,26331622,133238,36144,26371530,133238
935cd0dbb03cce3a,51217,41310762,141072,51138,41353363,141072
936cd98b392f5f05,59728,49850275,137900,59608,49864064,137900
937b589f5b79725e,31389,21510699,142138,31265,21525202,142138
937d53722b3d3a01,9981,129194,134176,9857,139283,134176
939fa9cd58d6d384,28574,18708404,129591,28467,18718355,129591
93ab7f7312928de9,77872,67975958,131963,77779,68009050,131963
93ada2632966932d,76483,66610605,138223,76362,66621367,138223
93b358ff25e1e7bc,28068,18190270,139637,27946,18204904,139637
93b4a4ee8c6878ba,87228,77370714,137330,87105,77382502,137330
93b6e9149926eea8,10324,450291,141718,10199,461327,141718
93bd4d116283a163,83945,74051084,138741,83863,74083171,138741
93c7844aa6b41881,10011,151650,132694,9888,161605,132694
93cbb1b7649601ba,57712,47853763,138939,57591,47863373,138939
93f5080a13c2947a,97092,87190649,137080,97021,87231779,137080
9408649663b639f2,14523,4654228,141493,14398,4667248,141493
940b2abccebaac87,30622,20729028,132238,30525,20758128,132238
940e6dd0e6bf719f,24634,14769292,132792,24513,14779432,132792
941500b76b6c4202,58252,48390652,138760,58118,48400465,138760
94189317dd638ebc,117582,107686028,132750,117485,107717626,132750
941f28734a71dfa2,20728,10849008,133336,20605,10863143,133336
9435c551b90e96af,66740,56854229,116683,66666,56874713,116683
944f38257683459a,40549,30673422,137610,40426,30685109,137610
9450aaa0c031a471,17549,7651713,133910,17464,7687460,133910
945e4f654053086d,96456,86591140,129267,96354,86613351,129267
949eb581e8a55a78,75145,65270591,138396,75014,65280551,138396
94cf1a1877a61d45,43221,33349147,132125,43101,33358562,132125
94de2f0cfeeec046,37321,27449243,132979,37192,27459393,132979
94fb655fabe3ec05,58621,48733759,139024,58500,48756649,139024
95037d51c9985b5a,71740,61892080,101955,71688,61899730,101955
950eb45c5dd119cc,41758,31890389,138473,41638,31900019,138473
9546e7d3ce344b81,46715,36832201,138704,46594,36850075,138704
954bb9073abc3458,93220,83307175,129046,93170,83372004,129046
955f360f04cd5926,72442,62569384,130959,72311,62578785,130959
957de06d1e82de49,104653,94756279,130226,104579,94800726,130226
957f03f86a66905b,90421,80570566,137108,90307,80590823,137108
9586ca220160a826,97911,88030960,137666,97793,88048186,137666
95a19f19efd9e709,83849,73949297,129849,83770,73986873,129849
95adddf3cea07093,25033,15154324,138918,24909,15168646,138918
95ba3bc7df5f9631,23500,13630481,140559,23386,13640605,140559
95c4871289311d5c,25655,15773788,138542,25535,15790982,138542
95c61c746ff82f6a,83032,73171156,139933,82916,73185025,139933
95c67f5d10590947,97445,87571073,129018,97324,87581566,129018
95d983cbce6a11c8,30709,20829158,133106,30599,20845538,133106
95e3218b0b567743,80181,70291231,138323,80075,70316795,138323
95ea54ed734481f8,47148,37209444,129975,47093,37283723,129975
96036554162c9b37,91928,82029486,129637,91842,82065486,129637
9613632eb24ac658,88255,78374151,138661,88138,78393523,138661
964e87c8a7b3b242,89127,79253871,137779,89001,79264856,137779
9655c8f797f0d01f,15053,5173903,140764,14933,5191993,140764
967c08c0a07174b0,23926,14050724,142526,23806,14062157,142526
9680821b505863a2,26730,16813276,139112,26595,16865798,139112
96990a87f4b9bab6,88523,78674452,157370,88405,78687331,157370
96b96e2dec3eb3a3,54086,44209024,130908,53963,44221365,130908
96ba61a889854d7a,19740,9868932,131947,19622,9878339,131947
96c2d6748d85dcd1,66773,56876327,130843,66698,56909248,130843
96dc400c495f39b5,52748,42870347,137960,52628,42884182,137960
96df069180837d1f,66542,56670367,137992,66425,56680760,137992
9727aaad1f08bb29,40219,30313058,137031,40128,30355443,137031
973a890a0b1aaecb,93934,84051293,138487,93815,84071206,138487
97593ee154f65dcb,92531,82654651,153471,92416,82669908,153471
976d4e59765d2fb1,70485,60610720,139745,70359,60621524,139745
976e5e47d33cbc0c,104181,94331044,139394,104060,94344428,139394
9797b7331261db0a,109519,99634117,139613,109399,99655120,139613
97a4da6b4711b682,60111,50234122,139467,59984,50247076,139467
97ab5cb524193433,37289,27411815,133176,37161,27424573,133176
97b2882ab7ade8df,25064,15190325,140687,24941,15201209,140687
97b6cc28b1447dc1,104970,95074838,139115,104881,95109403,139115
97cb1c27051e9d31,113956,104074756,139063,113836,104092038,139063
97e81db91f34d9ad,10826,970116,139521,10708,982091,139521
97f446ec56fb20a5,83595,73714124,138282,83476,73732494,138282
97f80c4198502e35,62286,52430497,139291,62159,52441601,139291
981cc7f2304840ca,19596,9708915,132313,19502,9731633,132313
98323867b013ad59,41355,31490330,138432,41223,31499843,138432
983d9ead3610600a,86887,77010684,137842,86759,77024245,137842
985833bae8d908de,34137,24237921,119546,34066,24271654,119546
988f650a357d11a0,77937,68049144,129670,77843,68073055,129670
98b20f4c4a921ea5,38037,28142662,129580,37950,28172335,129580
98d76a4381fec340,59400,49530257,136946,59284,49545832,136946
98d82db66697067a,100653,90795870,98056,,,
98dba437d53736c6,97062,87150864,138166,96994,87202713,138166
98dea29e33a1f3a6,112238,102374684,139343,112113,102384402,139343
98eac7d58a17064d,79651,69770622,137894,79530,69786507,137894
98f62756469939d9,65858,55974037,139035,65743,55993643,139035
99274165aa531b13,83976,74074568,138905,83892,74114997,138905
992c2b965e81515d,57591,47730522,139158,57461,47740339,139158
9987a76e0301b286,55641,45770369,138215,55515,45785794,138215
99892fad679e1d27,43555,33671676,131505,43433,33690670,131505
998e4655fb88dd0a,40188,30289948,137194,40099,30323966,137194
99af64845654f8d4,81168,71310682,138646,81038,71320932,138646
99b9cea8577f1c31,92251,82390619,137573,92122,82402502,137573
99bf0db8c40eee5b,99803,89930747,136985,99683,89955864,136985
99d3d6dc7f3055a8,26033,16188475,362127,25942,16215301,362167
99ee64ce2fab31fe,100767,90869268,128194,100691,90909835,128194
99f0543fdcfae113,115289,105411235,138424,115170,105425632,138424
9a2595e46f2bf751,59695,49813497,137323,59576,49831820,137323
9a270a14b2cc6422,67265,57373874,137712,67153,57400590,137712
9a2b1dd8c0fbd055,115797,105931514,138419,115666,105942002,138419
9a322a123c1cdaa7,38619,28750411,139272,38493,28761290,139272
9a45f9a92c50bd6a,105121,95234215,137050,105014,95260427,137050
9a68c8795514fd6a,19653,9771646,132609,19550,9788767,132609
9a737bb2c6971d21,78492,68630709,138853,78361,68640894,138853
9a750effb6ae2024,68402,58530722,138641,68282,58540281,138641
9a966aa30a35d736,101918,92050896,137404,101791,92065241,137404
9aa105302a17d930,69000,59111217,141908,68901,59136340,141908
9aad823710ada074,105954,96090996,138975,105827,96101245,138975
9ad2e7a7bd25cfb6,82103,72212986,141633,81998,72239669,141633
9ae3e56f434dd005,54952,45095245,100357,54874,45113654,100357
9ae479abc9c74aa5,27289,17410144,139453,27179,17425684,139453
9af71b4f4298b4f6,41984,32076841,130355,41903,32119505,130355
9af851b725cc15f3,110077,100195564,139973,109960,100215807,139973
9afb98133337074f,91866,81969389,129763,91787,82002675,129763
9b0c52d8c41172eb,110175,100291366,139122,110057,100314501,139122
9b276c790df7cd5a,26868,16973793,141647,26725,17004763,141647
9b3b7d6121f682bd,62533,52651915,139643,62418,52669422,139643
9b473964cc0f6e25,100023,90150810,138010,99896,90162480,138010
9b6d633989eff5d1,84336,74470803,138985,84213,74485019,138985
9b725b15c989a250,107944,98083033,137947,107810,98092599,137947
9bb2a05d119c5b2e,45234,35370378,139140,45102,35380646,139140
9bd29a48fd39beb0,64060,54190417,138460,63932,54200592,138460
9bda7d30a6e1b042,29950,20073104,141748,29823,20086131,141748
9bece698d2ace61b,45142,35270815,141319,45014,35280953,141319
9bf86233998425c7,22954,13094022,81578,22867,13113868,81578
9c2dab65b7b7627e,42564,32694235,140447,42436,32704006,140447
9c2e6c72b39f86cf,90509,80633924,156968,90398,80647997,156968
9c4401c00c782de2,44826,34950233,138702,44705,34961661,138702
9c599b79b1a6a22c,63742,53855810,160949,63622,53879318,160949
9c72deb2ef19196d,69270,59411091,139278,69146,59421747,139278
9c8fc1bc2290d552,64244,54373606,137046,64116,54383172,137046
9c91199fa690c8a3,93781,83930963,138659,93659,83943743,138659
9cab3c22d0ad6508,108570,98676527,130130,108489,98705464,130130
9cbe92fb6d0bd5ea,41447,31590199,138667,41321,31600371,138667
9cc06ae96c831efc,78433,68569375,130030,78307,68579105,130030
9cf58c21619a2d44,116015,106125228,130409,115972,106150843,130409
9cf68164a7c77616,105541,95674156,155847,105424,95689399,155847
9cf82169fd91b8f2,51312,41409269,131669,51229,41448010,131669
9d0f07049fff5cab,42268,32370010,137639,42172,32403698,137639
9d18da070203fddc,28230,18352884,129639,28135,18365510,129639
9d2a411fb7038d3a,47427,37530460,138267,47321,37563073,138267
9d2aa44fd6cd7dbc,31726,21869087,132251,31599,21878518,132251
9d36d5464c80eef3,111707,101831029,138142,111586,101842093,138142
9d3724b8000e2660,91047,81190663,137453,90918,81203701,137453
9d37b595beb7a595,84577,74694554,139088,84459,74716673,139088
9d6aa2ab94cabc19,52195,42313815,139307,52072,42330969,139307
9d8a42af2b241788,97561,87711179,140321,97443,87727500,140321
9dad945cff8069fa,64943,55029477,130573,64863,55078525,130573
9db7be2d216b1453,42652,32794484,140906,42530,32804787,140906
9dc3d9ef0424cba1,103684,93810770,137548,103565,93824074,137548
9dd39ad41112cd7f,113302,103431119,137742,113181,103442063,137742
9e22a624f615c91b,64878,54969177,130589,64800,55013404,130589
9e32a569570e1478,116954,107083054,139768,116838,107093386,139768
9e359e2ae4756539,18740,8854056,141137,18624,8880366,141137
9e3fe53410a485f4,107253,97390980,138358,107121,97401131,138358
9e7704147127b66f,38355,28450325,129134,38255,28490245,129134
9e7cb1e3bec269ad,102694,92797400,130837,102621,92835426,130837
9e7f9dcefdab0968,23959,14085924,139091,23838,14095648,139091
9e9e9b4f13fc1006,60812,50956639,105538,60731,50973893,105538
9eba4857ed40df89,47673,37813655,138613,47549,37823684,138613
9eba55d123a8bcf3,27256,17370063,138236,27146,17392251,138236
9f0b6102210ba854,118813,108931206,136870,118692,108949023,136870
9f0b893543eca9e1,37597,27732147,141375,37469,27743091,141375
9f0f4e2cbf3d2e81,82010,72111134,129631,81910,72144866,129631
9f62d7b521ec13b3,90985,81114099,138445,90860,81125906,138445
9f7b7f925d3eb776,91077,81213923,138032,90953,81225299,138032
9fa142a882b64cc4,26553,16628350,128432,26436,16688877,128432
9fa8c15e5e3e71d0,46958,37075398,131398,46918,37093574,131398
9fae684f5f0dbe35,24455,14569142,133547,24350,14591105,133547
9fb3902673aa4c4b,52445,42573737,139125,52313,42584141,139125
9fbd6f67f75baf00,85268,75410795,138346,85146,75422317,138346
9fd2dde9d41ad569,60639,50769618,133099,60519,50779341,133099
9ffa7c0e0a8a4d5f,49260,39332224,93072,49212,39393134,93072
a00db4a3fd20069b,69573,59694258,138713,69454,59709668,138713
a015081ffc18ec13,11671,1788861,133783,11574,1809962,133783
a02ce72351759c17,68841,58949091,129923,68750,58976757,129923
a031dc67230fb148,54676,44793717,137437,54561,44812134,137437
a03b966efebe7003,17365,7451465,133342,17299,7503091,133342
a03f998f80646829,69838,59964502,129754,69786,59973635,129754
a0437a6e8f0b39b8,55066,45161917,131214,54988,45201240,131214
a04c117d035b0de2,89219,79353983,137658,89094,79365493,137658
a066c5c7c6e22496,34169,24260337,132707,34097,24303761,132707
a08421f2c8575ae7,85301,75450574,137083,85180,75464665,137083
a09a1963cf1c1bb2,14555,4690336,141596,14428,4706988,141596
a0c35a5965745a52,12218,2336982,139427,12104,2357641,139427
a0cc723f197c57ea,73455,63571394,131826,73333,63591215,131826
a0e1738ea07fad32,111739,101854608,139333,111619,101874909,139333
a0e1853aa8483787,40848,30970344,139064,40728,30984357,139064
a10fa5d5c9b287f0,32012,22130482,140239,31890,22147437,140239
a11a91b1d71e78a8,66690,56834491,103564,66616,56853161,103564
a139ad83f8f78d29,102571,92739715,356804,102489,92779214,356844
a14dd2aeec3a90e2,82811,72934715,139041,82703,72948798,139041
a159b9e646ee1602,110738,100871696,130210,110638,100881169,130210
a183684ddf480257,78191,68310598,138496,78087,68327456,138496
a192f2eeb0f00d41,59061,49169274,131754,58967,49195997,131754
a19d2ecdc6e730e8,38926,29053265,157196,38805,29064883,157196
a1ac3530111c6e74,13601,3708885,131870,13512,3739542,131870
a1ada9f186f7f359,60388,50531201,140290,60264,50541916,140290
a1aeee50e1c2a4fb,27980,18130161,137892,27858,18140362,137892
a1b8574cbc36d9c5,59279,49389243,130683,59174,49415497,130683
a1cd529f69364f88,35484,25629392,132480,35356,25639086,132480
a1cde196d63d1e78,24605,14729234,133560,24486,14741173,133560
a1d470bc31895973,80726,70853515,155429,80605,70864988,155429
a1efae0fbd28ca0c,70846,60970766,139416,70727,60987395,139416
a22cb4548020c4c0,114750,104854535,138309,114651,104886536,138309
a243de11a31990cb,108795,98889595,129544,108707,98932141,129544
a24d110a3dc28bca,94252,84372787,128161,94127,84388561,128161
a25ead9d855de96c,31946,22070413,140522,31826,22082131,140522
a26578c16789529b,109152,99291334,138388,109028,99301617,138388
a268bdadf6e4670e,40760,30910193,138290,40638,30920622,138290
a28af2c6219673b2,119927,110051182,137845,119817,110063375,137845
a2b0e3ad098f70ae,42081,32170958,130644,41997,32217263,130644
a2b3193f6a36048f,35825,25950219,139413,35703,25960635,139413
a2c6ae0d1eaeecd0,70404,60510572,138825,70290,60540295,138825
a2cbc55724f49e86,26331,16431565,92806,26233,16464283,92806
a2daa393bad28b51,23380,13489128,133229,23278,13516252,133229
a304903a1d31676a,23129,13228944,132247,23041,13264754,132247
a3277b6dc914152b,53653,43790424,138807,53530,43800746,138807
a33590375298d6d6,53508,43611150,130648,53403,43643470,130648
a3428a863dd76db6,18117,8250362,141356,17998,8261991,141356
a35377820a25c11c,53170,43269157,130760,53091,43304778,130760
a382b342a1cb1e11,69671,59795021,140277,69550,59806461,140277
a391eeea48a83fcb,53861,44010469,139286,53740,44020009,139286
a399328b341fc343,41294,31430258,139208,41164,31440896,139208
a3a8c2a583f157db,59156,49269168,130380,59059,49291679,130380
a3c0b892155cd7c2,56890,47033729,100629,56797,47050766,100629
a3c0e64f74528635,32637,22749113,132418,32527,22772936,132418
a3c3b1c6dfc39c5b,77565,67690477,137041,77442,67701183,137041
a3d4ec6bb23a2c39,115766,105895234,137397,115636,105906446,137397
a3dcc973a8553566,69061,59174075,138414,68957,59196709,138414
a3dde2e4ce2bc9cd,46830,36987218,119521,46793,36997805,119521
a3e27914a4cc88ce,86183,76290776,138020,86084,76324241,138020
a3e5bcc5bbf8cf70,76781,66910655,137774,76661,66921266,137774
a3f5e0d7abc62109,48183,38310183,137845,48060,38321236,137845
a41f17dacc7cdd2e,88813,78934221,138446,88699,78951786,138446
a43d125d4db8545f,77006,67130678,138343,76883,67142656,138343
a472c33a1b44b5db,82938,73070624,138576,82826,73084922,138576
a47b16d902cb4c0f,24485,14591750,133967,24378,14621246,133967
a4ce1bb0e7dd8224,56293,46430256,138143,56163,46441259,138143
a4ebf2191e40172e,116487,106591194,138020,116383,106622164,138020
a4eee83a0f7765c8,113496,103614499,138658,113373,103635850,138658
a4f1136354aafbd6,31882,22010386,139208,31761,22020760,139208
a502187f845a2d5e,27790,17930202,140187,27661,17941200,140187
a521b000dcf514a7,58468,48610682,139341,58341,48620628,139341
a52b979fc7fd2c86,23618,13750269,139097,23493,13760420,139097
a52fba27ee9467e9,17665,7788984,133650,17562,7803828,133650
a532c9a9307c4e9c,61181,51289249,131642,61088,51316404,131642
a53ae0a8393768a5,52035,42150144,135901,51914,42170385,135901
a53be92081e9b442,79896,69990988,129041,79803,70031500,129041
a53e7e2e4f26dc02,71960,62082962,365972,71902,62111878,366012
a54148f83eb252fe,55130,45211067,131207,55051,45265423,131207
a581302a14ffe0ec,118363,108511305,138762,118239,108520775,138762
a599280644a4270f,17579,7689023,132736,17489,7716741,132736
a5a61b2f4fc79cdf,68905,59009418,130213,68812,59040849,130213
a5d2d337e80b782e,40402,30510136,138410,40296,30538061,138410
a5ed1c5c0d066153,73681,63810889,140271,73558,63821243,140271
a5ef111313e0754c,41823,31997013,347684,41738,32023196,347724
a5f7982df5e7a501,80360,70490867,138950,80238,70500943,138950
a60162a02416b73e,25818,15935177,139597,25697,15953205,139597
a61549c44c95a00f,95243,85289360,128777,95165,85373494,128777
a61636daea275b09,97532,87669169,127063,97401,87680134,127063
a623f9323f95b71b,51582,41691236,130457,51473,41718424,130457
a6242a19e20945b1,19538,9648931,132422,19454,9673562,132422
a63c5d466fbd100e,76125,66211050,129318,76040,66260352,129318
a66c3e7e614384d7,63170,53269099,130648,63073,53305136,130648
a67b3c1637bf2373,67751,57870508,138451,67630,57886321,138451
a69624510c875466,32549,22651581,133523,32450,22685016,133523
a69ea935729b3e10,46292,36413787,137471,46176,36427617,137471
a69f152be20ab314,93064,83157442,130062,93028,83214817,130062
a6c039c15996caf7,102409,92531174,139181,102291,92546422,139181
a6c48c8ff26bfa80,11078,1193734,139942,10958,1218363,139942
a6f9bb7c9b6ef407,17091,7235662,104534,17033,7267537,104534
a703f1a87d7e4518,119057,109194571,138000,118931,109204580,138000
a70e07eb124acf7c,22445,12573811,140678,22314,12584259,140678
a74a3d41e96d38ef,58063,48190416,138746,57937,48200271,138746
a74f5c518bd4b2cd,96273,86409553,128804,96141,86425251,128804
a763c2a099fdd892,39963,30079354,129311,39878,30097629,129311
a78f4f8358af758d,116765,106911296,138912,116645,106926872,138912
a799844f198c768d,36513,26629387,133991,36402,26649565,133991
a7a20182992fa8c3,16100,6217722,161506,15986,6242487,161506
a7c8f6e033b737ef,113745,103874287,137831,113614,103884414,137831
a7d7246c62240565,117648,107729735,129246,117549,107783221,129246
a7f42aa2ab957946,110239,100354511,138032,110121,100377731,138032
a7f7ef4ff53d85a4,40666,30810331,139201,40538,30820692,139201
a804aa7187dc987f,117805,107851447,140839,117698,107941258,140839
a81110002e8963d8,19326,9411760,133284,19270,9461606,133284
a83831fd9e6ae68f,103651,93771139,138945,103533,93788313,138945
a8852a09d5fdd520,68594,58757378,348212,68500,58786309,348252
a8a21f3449686404,103279,93411184,138335,103158,93422757,138335
a8a5d02909f27d0b,74643,64789536,130510,74517,64799658,130510
a8aa9cb9350c67f9,11390,1488899,132329,11311,1529070,132329
a8d53876d49e7915,116621,106751089,138361,116495,106762076,138361
a8d66b2fe4b805e6,18150,8281714,139748,18030,8294616,139748
a8f527f9d0fd9d8f,60959,51052159,132263,60877,51094553,132263
a91ed122c5d3bff4,41075,31190611,130734,40952,31210753,130734
a943817a9fed1ec1,77163,67291540,138380,77035,67300908,138380
a94d5121501f775d,97749,87873453,153195,97634,87887108,153195
a977731b0bf39d88,70513,60651021,139966,70383,60662389,139966
a998a285cb26c4a1,91016,81150850,138579,90889,81162228,138579
a99cb225c168b642,49443,39466304,116040,49376,39577621,116040
a9b0c9e1721934dd,82682,72813678,156468,82575,72828289,156468
a9ce1aff286cc6bf,103042,93151076,138362,102951,93184125,138362
aa048e5ec6035bc5,68630,58774115,100465,68541,58793760,100465
aa053cefe58d6807,103102,93214198,137771,103004,93243541,137771
aa119031a0a249a2,91804,81909335,128578,91731,81941381,128578
aa16a53fa3d301f1,19231,9311262,132020,19180,9366192,132020
aa3e911d720fc63b,25444,15571147,132415,25308,15580730,132415
aa7c96d21bdfe4db,61974,52092876,132270,61850,52109261,132270
aaa00def4156d1db,61878,51993988,138215,61755,52013166,138215
aab5c97edbe3d013,86503,76650901,138373,86384,76662633,138373
aabbb6a56f40129e,52506,42650885,140465,52379,42661790,140465
aabfcb8e17cbdf50,25225,15349261,134692,25097,15360155,134692
aac754349a4e003a,26785,16890249,138947,26647,16921757,138947
aac9906833a4ebf8,20695,10811145,133233,20572,10830780,133233
aad4b4de765ae152,91645,81731035,128738,91579,81782538,128738
aad62d7037e9a31e,106423,96551416,139429,106300,96561834,139429
aaf5f9e57f8b5558,74073,64170552,137194,73995,64208171,137194
ab2385c163cbda9e,71163,61289847,129690,71036,61299834,129690
ab7cc114ddd500e0,36361,26469137,132532,36262,26496118,132532
ab7e074776f047fb,87995,78091256,141534,87917,78132532,141534
ab8c1cf292636e20,13539,3648878,132979,13456,3677426,132979
ab9c1bb10953df3b,110493,100618149,130781,110399,100628241,130781
aba7f74460fff478,49807,39930546,138844,49674,39942564,138844
abb86d7ad84f1818,44290,34390796,142034,44191,34426337,142034
abc988ed5ead50b9,108603,98698616,130920,108522,98738994,130920
abd076d300cd542e,56074,46194167,140236,55951,46209578,140236
abd0e9e42a85e604,20269,10390536,140103,20145,10405935,140103
abe87fe4a4591169,103841,93970912,137974,103718,93987440,137974
abf6b41cd3b9ce42,110954,101074968,138464,110842,101089889,138464
abfed1806e08596f,65422,55553575,142315,65295,55564244,142315
ac0e15d0e9398e33,47800,37916719,136350,47683,37935451,136350
ac2292874592cfa1,118655,108771164,137841,118538,108790797,137841
ac2b2e5ecfc81713,75965,66059846,129322,75885,66100408,129322
ac3dd2d9e00088ff,84424,74570987,140720,84302,74586298,140720
ac4f7467849a60cd,77317,67453900,138825,77191,67463607,138825
ac63707be249f332,99867,89990969,138685,99745,90013539,138685
acb959e0f6cb9da1,62347,52490660,139388,62222,52500956,139388
acccfbf95fa7835b,109065,99194705,137363,108950,99204767,137363
acdbda8024a99f42,14957,5073483,139255,14838,5096831,139255
acde097c877b2362,84395,74530809,138361,84266,74542692,138361
acde8364430d5479,44378,34488492,128065,44268,34513024,128065
ad0b1f4d8edeb159,75997,66088910,128458,75917,66132139,128458
ad3585b5145964e6,105091,95211015,138782,104988,95231771,138782
ad37279a5e4f0a82,104269,94391288,139001,104148,94406706,139001
ad398b2d654f94ff,90322,80470744,138126,90207,80483994,138126
ad8acf3661b7b1ca,52352,42473657,139199,52225,42488584,139199
ad8eb2df549ab695,109803,99931578,139172,109675,99942044,139172
adaf637e200a7505,116112,106190490,128833,116065,106247349,128833
adb3d6affc9e9e1d,112207,102351160,138642,112082,102361956,138642
adbbfcad2a4b5dfd,84100,74210582,137456,84005,74239838,137456
adf0e114eec51af6,109210,99351084,138507,109080,99361466,138507
adf1b019033d0116,41169,31292517,129602,41044,31304680,129602
ae22ee6d34468bc5,86981,77110791,138695,86850,77125685,138695
ae2696c86d56d6be,66322,56470763,140246,66206,56481815,140246
ae326cc86901916f,83435,73555006,139665,83318,73572498,139665
ae3a5c2e8640ba08,90116,80241393,137447,90011,80254252,137447
ae45d96a1d801861,43830,33977478,121782,43752,33992365,121782
ae4e57ecf1293e9a,114054,104171171,138458,113933,104190470,138458
ae669ea506783881,80331,70454127,138985,80211,70466270,138985
ae71c21d18863f68,72804,62933558,155959,72687,62950591,155959
ae881b3d660d0624,108731,98829617,130592,108647,98867029,130592
ae8a17f3a767a750,42049,32148914,130006,41966,32184634,130006
ae8e6a216e3c9768,56694,46814095,139454,56573,46830186,139454
ae96b38d46dda56a,111335,101470971,137826,111199,101481572,137826
ae987c1e08f9b3bd,23256,13351253,132061,23163,13391947,132061
ae99894065c96b1a,49228,39316445,95657,49182,39362019,95657
aeafd68d66a91554,23647,13790432,140171,23519,13800463,140171
aeb652e5f96b515c,88461,78610557,137419,88344,78624822,137419
aec994dffd7a304d,24425,14540265,132755,24322,14560705,132755
aec9eb8135855379,92016,82129288,129722,91919,82154353,129722
af05a350a621f0ed,32753,22889500,133345,32630,22902922,133345
af1aefea29d3b8a9,52066,42190503,139879,51945,42201907,139879
af2f4d8c7257de6d,101981,92111101,138844,101851,92124453,138844
af38e0d16bb2e76b,88940,79070412,137014,88823,79085407,137014
af483c840d3aeaf7,66047,56174667,139238,65924,56185354,139238
af556d9d29ab9f42,46321,36450626,140470,46203,36461553,140470
af58bd92fb789ede,93967,84090946,139076,93848,84105115,139076
afc3820749b06be4,37749,27869974,138350,37629,27884873,138350
afd4c83d8939f094,112356,102516454,340472,112258,102543794,340512
afe0ec497f9a1b38,108763,98851612,130392,108677,98899149,130392
afe37772a2e584be,31102,21217774,162030,30982,21238785,162030
afe90e7accfb33ce,80919,71050799,139832,80794,71061173,139832
afedd1ba41d9c65a,113181,103330845,137648,113058,103340754,137648
b01632cebf58c44f,65510,55650720,139633,65382,55665844,139633
b0220458837e3732,105574,95697155,136306,105457,95711403,136306
b0385784cc5ed323,91678,81769174,128274,91611,81817512,128274
b03f49276bf1a51b,91196,81314272,137348,91078,81334399,137348
b0432bb2767de1e3,77598,67713699,137559,77474,67733584,137559
b0488c06c00154be,73155,63289572,131253,73028,63299691,131253
b06e58288755a559,35013,25131285,145173,34892,25149958,145173
b07ff4db6f781d50,78962,69090608,138714,78835,69102789,138714
b085f9870501190a,102474,92594072,137528,102356,92611925,137528
b08df15e14a837f7,19828,9968812,131964,19698,9978005,131964
b099241494a7f9b0,40157,30250726,141536,40068,30292549,141536
b09d2d595e265631,65335,55453975,138692,65218,55470683,138692
b0b94178eb62d579,11046,1170072,139964,10926,1186399,139964
b0d59bc14fa5d976,15407,5509080,133598,15336,5547064,133598
b0e11f306639d8b9,23410,13530752,143883,23305,13546316,143883
b10e5277ab2fd0be,96304,86431563,130513,96175,86443472,130513
b119c118fa593a59,86297,76430697,137602,86180,76448386,137602
b134555c2b592765,19357,9449166,133937,19298,9492009,133937
b13f6b77e0e22b43,104940,95051327,138918,104853,95080354,138918
b142e780dd7b8e80,56507,46650759,139756,56382,46661222,139756
b1435120ebd18430,31695,21831757,133444,31568,21841456,133444
b151be8a0f536d7b,49195,39300095,71516,49150,39327854,71516
b163a176fa260aff,34297,24389212,132693,34222,24432974,132693
b1a133fecf70c205,26460,16521201,115310,26352,16594201,115310
b1cd4cd8f8a5309d,54464,44593941,138008,54328,44604287,138008
b1e9bdbeaa36d593,99898,90014465,139225,99776,90035969,139225
b1fd6d6743ddc63f,58899,49012662,112928,58807,49033271,112928
b2041733add1d365,16913,7031752,134570,16798,7051358,134570
b20a8ded42d6a456,32174,22276577,120322,32096,22308765,120322
b21146758221821b,58653,48770403,138213,58533,48789643,138213
b22373722ea4a7ea,28945,19070069,138955,28828,19081318,138955
b2313a06b269dcbe,84039,74134098,138236,83950,74177794,138236
b25410d4d57767be,59608,49750370,137677,59478,49760911,137677
b2806573cc50e0a7,31326,21450533,141592,31204,21462589,141592
b2926cc61eacba37,118623,108734396,137578,118506,108758275,137578
b2a54bfb1c8cc95c,92752,82874960,139065,92630,82890679,139065
b2ba0eb788a0d465,23740,13890575,140674,23618,13900917,140674
b2c11c0c5c88befe,25381,15508860,131964,25248,15518304,131964
b2c3bd1c177965c9,70943,61070541,138344,70822,61082147,138344
b2dd7c692349ad20,55815,45934195,140382,55694,45951163,140382
b32225931aec070c,34712,24833501,143909,34590,24848271,143909
b3254bedae4cf957,72525,62669403,130703,72396,62678779,130703
b33c979fb7a92dfe,39706,29830090,138072,39585,29841223,138072
b347fe2ea7350126,113120,103255300,137873,112992,103264929,137873
b364ed4c0fbaeb9f,38415,28530354,138433,38310,28551304,138433
b3732b3fe528b6e5,65277,55390577,138854,65168,55416962,138854
b387a91d4ca709b7,88618,78736369,136757,88506,78757569,136757
b39d0769d3952e7a,116801,106951104,138338,116683,106966750,138338
b3a28e57e76911d9,95216,85251102,129506,95144,85347788,129506
b3d8aa9aa00b9ce8,12410,2531566,133059,12291,2546652,133059
b3d94153fecc47dc,77039,67171046,139276,76914,67181394,139276
b3fda05b4fe0277c,32520,22629076,131654,32424,22655265,131654
b40829a28030e2a8,108668,98751476,129197,108585,98802912,129197
b40c934291df0e7e,42505,32630544,139736,42383,32640784,139736
b41861329623ddeb,65129,55228924,129384,65037,55264345,129384
b44576bddbfdad9a,95860,85980751,137343,95743,85998017,137343
b4576368b2f83d66,18556,8693598,139988,18434,8705733,139988
b4595c4e7155e9f6,90086,80210411,136587,89985,80225617,136587
b465372700c783e2,11454,1551285,132617,11373,1593087,132617
b49bfbd75caf63dc,31760,21910694,142677,31638,21920572,142677
b4a57bd5d46a8fce,73308,63449211,130350,73177,63459671,130350
b4b87f7b36ef1ac5,96117,86231533,130503,95989,86249941,130503
b4ff2de78a622182,58030,48150824,139887,57905,48166336,139887
b533510d111f63bc,28543,18670411,128714,28438,18680465,128714
b535ea40d999a491,87745,77829023,128000,87685,77882664,128000
b557bd3e7d58690b,100145,90291095,138335,100020,90303617,138335
b599731b445b3ace,111365,101494380,138523,111231,101503824,138523
b5aa18c63304c0af,89813,79909568,129384,89741,79950911,129384
b5adc72427c10269,108977,99091073,138612,108872,99117553,138612
b5b02c2fc6905b76,46351,36474170,139325,46231,36487466,139325
b5b7d72fdc49c90c,108068,98210851,137104,107939,98221465,137104
b5c810b2ff78aefe,101886,92010857,138066,101760,92023426,138066
b5e629d0acd8565d,31166,21290317,140171,31046,21302741,140171
b60a3db45128d11f,38292,28388670,130011,38197,28427789,130011
b6100f00cac12726,81752,71864968,113439,81657,71886291,113439
b6554c74e1e302e8,97814,87936818,137110,97698,87959318,137110
b655b264a5cde618,63319,53442343,140253,63206,53454785,140253
b6684da6d55c8a89,108379,98494312,138394,108258,98514760,138394
b669bc4e4a08854e,96054,86170154,131718,95929,86188212,131718
b66fef9e45f06ecd,62885,52979989,130455,62801,53020064,130455
b67757bc237ad7ba,98316,88454235,138113,98197,88467200,138113
b6ab387cf51fda57,61024,51111423,131421,60940,51159790,131421
b6b0ec95b1876eb6,75426,65570796,139853,75299,65582027,139853
b6b2f8179c4ca565,111642,101754486,138258,111522,101778183,138258
b6bd55deb8580a83,103220,93350968,138345,103106,93366445,138345
b6e166a0798f38d9,36811,26953191,132328,36692,26963161,132328
b6e353a4dd62acce,99641,89753977,136883,99523,89779315,136883
b6e7388e2701c1f3,114118,104234352,137912,113997,104255075,137912
b6f8edb7442606a1,29262,19390352,138419,29136,19400889,138419
b70c79bf4daa6d74,13690,3809154,134005,13590,3831633,134005
b7294e464427b8b9,36841,26990578,140650,36722,27000416,140650
b7331884409909ec,60703,50829388,132397,60582,50839081,132397
b73d8ebf23f8e945,102321,92470912,138603,102200,92483942,138603
b7480a44d2522375,78736,68853936,138499,78614,68871190,138499
b76ad9177f84e2f9,100583,90710794,137638,100463,90723363,137638
b77573659886f97d,81607,71729026,128314,81485,71742933,128314
b79dd4dbe0a0053a,84675,74790434,136515,84556,74813715,136515
b7a398c883d02681,33000,23150579,140341,32880,23161285,140341
b7ad1ba8812ef43f,89188,79330807,137936,89059,79343919,137936
b7be36e400b46f1f,72497,62629401,131715,72359,62638529,131715
b7d39f77bbb8f22e,86240,76354116,137602,86132,76380106,137602
b830fc291c6d1c6b,91581,81681599,115830,91516,81717726,115830
b83d6bc311456a8b,34201,24288851,131939,34129,24336544,131939
b84457338d17ced2,104750,94849511,130051,104674,94889944,130051
b84fa4b3dff48c03,85421,75550818,137908,85304,75563274,137908
b854fd7c84822289,86919,77050839,137269,86790,77065135,137269
b85cc3f9ab91eb6a,101292,91431050,138156,101174,91447206,138156
b86826791cfca0d5,22655,12773903,139512,22536,12791734,139512
b87d7b9754407908,15913,6051247,132419,15791,6062859,132419
b87f5e88ee61dd42,14270,4394359,141497,14152,4407676,141497
b885e1b95031d920,19263,9348986,133380,19211,9398630,133380
b8bd9be8e05207c2,67879,57994237,138691,67755,58014770,138691
b8c5945cf34952a4,78343,68470546,138030,78225,68480739,138030
b8d3ecdecded9fc5,18708,8830241,141002,18592,8848284,141002
b8d8823c510b0da6,71798,61948543,332899,71746,61974486,332939
b8e96e3ec4c66ca4,95925,86051398,140123,95806,86064327,140123
b90b86d2aee3b186,55497,45610893,141452,55387,45632824,141452
b917c3b6896d8813,35237,25353206,142641,35112,25373575,142641
b92b924dfd64598b,62630,52750550,139184,62514,52766563,139184
b947c359fc781d9e,114930,105051175,138479,114813,105065475,138479
b948f6028730d17f,118031,108114480,138497,117905,108166988,138497
b9718e2146b51d45,39487,29630020,137653,39361,29639927,137653
b9735573d37dbf07,96705,86883628,379851,96633,86924888,379891
b9822b05f1df5fce,105830,95954327,137622,105708,95974284,137622
b983718ae5e7f630,79090,69214032,138313,78958,69225342,138313
b9aa70344deb5b83,27007,17153100,155470,26883,17165916,155470
b9abbaf35fc73c0e,116706,106850980,137547,116583,106867130,137547
b9bbaeb59cb30c8c,71006,61130837,138404,70884,61142238,138404
b9c246c22a04d776,85583,75764886,382775,85511,75807836,382815
b9eabd89df022fac,103191,93314592,137548,103081,93329396,137548
b9eb3725d4796f80,38959,29076465,137202,38837,29094293,137202
b9fdc9adaa849cae,93369,83470824,137973,93293,83517182,137973
ba04f36c63661afe,10796,933943,140767,10678,946032,140767
ba1896249288399b,35576,25711491,132597,35450,25720810,132597
ba1dc9fc1028de3f,98163,88289223,128339,98034,88299497,128339
ba2b9d48387637f3,63676,53797152,156476,63557,53813165,156476
ba31c20695172f6c,105326,95471083,138841,105200,95484266,138841
ba33c57cd710115d,13661,3779998,132475,13564,3800480,132475
ba446d3a11d06702,59249,49350850,130162,59147,49385425,130162
ba6fffb2128546b5,63435,53570276,136879,63310,53580159,136879
ba7048cbf5b0b078,18181,8308880,133100,18061,8321378,133100
ba746f7d6536b1c2,87349,77470539,137348,87235,77490187,137348
ba74ad06093e092b,69121,59234165,138748,69012,59258032,138748
ba96b7d2cefac35c,73186,63311729,130996,73058,63321830,130996
ba98f21fa8ec7f66,61211,51321263,131881,61116,51346879,131881
ba992fe77cd08124,35694,25813487,142497,35573,25830126,142497
ba9ea0ae34f91714,50857,40971060,130287,50732,40992197,130287
baaaded8a44183f6,22321,12450113,139765,22195,12460955,139765
bab10372e7454074,61150,51249479,133007,61059,51285502,133007
bab82ba73d11722a,38005,28120725,129011,37919,28140653,129011
bad7db2374231959,104909,95010937,138060,104825,95050157,138060
bae13fe10ab86712,101950,92074184,137593,101822,92087314,137593
bae40c71679c40ae,35205,25329086,131249,35081,25340215,131249
baf599285f16fb66,99576,89694360,137954,99458,89713801,137954
bb13fb288f73a7a9,82649,72771148,138590,82542,72789838,138590
bb2002c73ab2d715,63966,54090681,139748,63841,54101693,139748
bb258dd5fb2ed98e,62918,53008906,129104,62833,53052940,129104
bb3c9e8507662b8a,86095,76194344,137364,86010,76235764,137364
bb3deae85fe1d775,81013,71151034,137641,80886,71161677,137641
bb3f9200ab5d5a54,106675,96769730,130474,106589,96810187,130474
bb5fc2aef0fc443f,106046,96191065,138736,105918,96201098,138736
bb74779830f8a982,62770,52913843,100764,62687,52931536,100764
bb7586e08dba120f,75017,65150865,138669,74890,65161059,138669
bb7a20aecd05b1e2,90477,80593909,138050,90366,80617122,138050
bb9bea663ff58e25,62950,53049104,131182,62865,53085135,131182
bb9c65db46ed5722,115078,105215042,138807,114951,105225608,138807
bbd2e32055a93883,15591,5693288,144267,15502,5731309,144267
bbd4c0290d556d3e,21661,11800468,133935,21534,11809873,133935
bbe3143ce8e0f330,69389,59531003,139432,69259,59541796,139432
bc4504784b34c0ce,74292,64389404,131928,74200,64427424,131928
bc47db8f45b4ffd1,86005,76094299,140230,85932,76143624,140230
bc51fc5e40124a95,34390,24472090,134543,34308,24525849,134543
bc580ee05c05e3c4,73092,63214036,138354,72969,63228081,138354
bc5e661c4e525704,79307,69450746,138996,79179,69461415,138996
bc6772cf4906a329,72680,62833093,153612,72563,62844533,153612
bc9893c477e5358e,87680,77780391,114212,87622,77817438,114212
bcc9149657d3be01,88972,79093911,139212,88854,79110482,139212
bcccd257f08a9c2f,67118,57211630,131060,67024,57254143,131060
bcd743ad8c3697d7,34860,25009524,133295,34737,25019915,133295
bd0a8d847391193b,30532,20628978,132889,30446,20668022,132889
bd16b29c1587791b,29199,19330292,139919,29076,19340752,139919
bd5a5107a39e07e2,117241,107371061,138346,117119,107381632,138346
bd69627d5eae276f,64457,54574042,136752,64338,54592695,136752
bd897770424a80a7,115168,105311845,138490,115041,105321670,138490
bda8428c95a36c5b,17900,8049073,134215,17778,8061893,134215
bdad6126685fb52b,100176,90314565,138708,100054,90327041,138708
bdb2ea53e1500279,107913,98051235,138252,107780,98060913,138252
bdd76ba05c9aa3f9,58782,48910615,138504,58660,48920387,138504
bdde6f992f87b952,36108,26209412,134579,36018,26242905,134579
be0a0dd7b4cd99d9,59430,49562194,138498,59311,49572651,138498
be0f6f09a7c3a369,31513,21650586,140583,31384,21660407,140583
be1835ce7f237323,119149,109291158,137962,119022,109300984,137962
be35f52d341da54e,39608,29730266,138832,39487,29744403,138832
be8685fc049900c3,96242,86369314,128855,96104,86380496,128855
bea062a408f53d90,36172,26269779,132187,36082,26307228,132187
bec7005596f0a259,48089,38210340,138790,47969,38224970,138790
bed2bd1400789348,51466,41569170,131470,51370,41600675,131470
bed60539a9574d04,83671,73814078,99636,83594,73840294,99636
bedf2aee53391758,35268,25389180,133143,35142,25403672,133143
beed29b438758e19,14461,4590443,141026,14338,4602477,141026
bef1c35b6c9ed009,21361,11469060,132584,21261,11496539,132584
befce1ec07cdff74,31421,21550269,140039,31295,21561186,140039
befe2af0de5f40d0,33153,23269421,132416,33032,23289414,132416
bf2d09f4dda0399d,78931,69054733,138104,78805,69065863,138104
bf3073850b3d6554,26195,16374061,368378,26102,16402980,368418
bf5648771bcde437,88845,78970672,137484,88730,78985911,137484
bf5ea2eb80a3a5b6,71991,62092847,59527,71931,62122102,59527
bf7a61d0899a5065,108700,98789658,128989,108617,98836155,128989
bfc631f45b001829,34828,24969098,132210,34696,24978693,132210
bff0f35d5180b2a7,63014,53108916,129567,62927,53149003,129567
c00ff93fd5a7d233,18773,8890215,140168,18657,8911316,140168
c016b84bc2e126f0,109181,99314763,138532,109053,99324360,138532
c04374d8d4cb3658,46990,37097580,131129,46949,37125503,131129
c04ac60d4dc49c2b,103309,93451071,139138,103184,93464747,139138
c05e818d94419365,110768,100909947,130717,110667,100919514,130717
c08c3dcad329070f,37475,27609235,133181,37339,27619511,133181
c0d21a8d645a5104,104025,94171133,138159,103901,94185492,138159
c0d4ff645cd7dc18,51375,41468879,130853,51287,41509661,130853
c0e071ef32cd834b,82195,72314482,139626,82083,72331568,139626
c0fbb60880b21f14,19449,9548991,133362,19379,9584409,133362
c10165d673e52bc2,94376,84510686,137347,94245,84522579,137347
c107754f59e06b5e,41952,32054816,130594,41870,32086546,130594
c10b48becf6f0c52,18934,9053803,139970,18815,9072707,139970
c1375fab84b1064a,29982,20110088,138741,29853,20119784,138741
c181c75ab69dcde3,84930,75054248,136917,84804,75068538,136917
c18c496fe11fd535,90639,80754186,138914,90527,80778636,138914
c19f2cf354f644c5,12315,2431599,134099,12199,2452301,134099
c1a66bfb02b1e79e,114657,104754251,136796,114564,104793273,136796
c1b388cd3bf833d2,79368,69510969,138866,79242,69521271,138866
c1b4631ce1567ef6,64029,54150677,139492,63901,54164793,139492
c1c2c2f0573d15bf,95095,85121942,113997,95050,85229380,113997
c1d08482ae724704,101083,91193360,129373,100990,91220557,129373
c1d8b122fd32f8ac,103489,93610974,138507,103372,93628474,138507
c1fb7210cc315b38,51554,41669224,132188,51448,41690156,132188
c20ddbdbd7f6b898,74556,64689222,130510,74432,64699136,130510
c21687377d0e566c,16166,6292928,156717,16051,6308235,156717
c222c1cf7714f728,105386,95530881,137082,105263,95542779,137082
c232fa7c3d05ee6e,30133,20277110,105670,30065,20294855,105670
c26e749df0b93eaf,81817,71929216,128618,81722,71953064,128618
c27ce0206e1be199,39910,30057522,121835,39826,30071031,121835
c28237ecd23e6ff5,31294,21414539,140392,31172,21430390,140392
c288ae1e81d1a3fe,97154,87249184,128063,97076,87292666,128063
c2b047e4476f2582,87872,77951188,130523,87807,78008852,130523
c2b78821a32974e2,77840,67953683,112941,77746,67973776,112941
c2cf3c7ff281f619,79338,69474071,138191,79212,69484323,138191
c2d2304a04650edc,49413,39446194,114688,49351,39548260,114688
c2f0af94ef277448,40519,30650153,137485,40400,30660395,137485
c2f12c1f5610b1c1,87317,77434616,139052,87203,77458224,139052
c3477a0116adad45,72255,62330783,129087,72157,62390896,129087
c34ed94dd3914f26,108636,98729663,130493,108554,98771729,130493
c35d767c2b09acc2,63554,53697605,137511,63435,53708255,137511
c362efc83c43a87c,102013,92134193,136809,101882,92149783,136809
c3761052630ebbfe,79456,69574182,138625,79336,69591763,138625
c3816a16406c8284,45770,35913357,100059,45675,35930069,100059
c3907fdd970dddaa,32397,22489246,133482,32311,22532953,133482
c3a339b890cf1586,50424,40561799,132359,50305,40576861,132359
c3b54011114eb008,59890,50010062,135541,59769,50025925,135541
c3d8c2f12bc10073,37226,27349286,133152,37101,27361670,133152
c3dbef220a43199f,42017,32108647,129733,41935,32152465,129733
c3efd633d8c74a94,87447,77570819,138914,87332,77588843,138914
c3fe4cf58be15dc1,101204,91330905,137867,101097,91345822,137867
c4049dbdb94fcc23,96903,86990389,135806,96844,87044238,135806
c412d467bc4d1dd6,91613,81709321,129812,91547,81750524,129812
c41a14ae26ca1e12,24968,15089358,134290,24845,15103631,134290
c4430ee44a71d468,24844,14990680,142967,24722,15001524,142967
c44f13b1b427cc78,38473,28589734,136772,38363,28609279,136772
c46c5f79d3afa360,21074,11175851,120173,20984,11209152,120173
c4a3b7b9c06ee876,60928,51029832,133920,60846,51062718,133920
c4a7e6154739a6ae,28294,18410705,130204,28198,18429629,130204
c4a91d844cbb8213,114594,104693749,142069,114504,104730763,142069
c4ae9a99f1c0a258,19198,9288934,133713,19149,9339141,133713
c4d67ca72564117b,113399,103517007,136587,113278,103535118,136587
c4e4dd0e4ee24dee,62132,52269221,130268,62003,52278449,130268
c4f5de065cea9ece,19294,9389279,134207,19240,9430088,134207
c4fcf2c210c49f3d,71101,61230567,138755,70976,61241440,138755
c51f435aacb43e11,14795,4911594,133840,14676,4933984,133840
c5208ddb4a18ff6b,98892,88971143,129546,98830,89029924,129546
c52e21f71ac1c013,64305,54450605,139305,64179,54461461,139305
c55eadc268caccc5,80150,70253831,138165,80046,70285764,138165
c5777a4efd9aeebe,47454,37554006,139679,47343,37589847,139679
c58676f972712380,82616,72734362,139721,82509,72762489,139721
c59184264e642e7a,61596,51734163,139680,61471,51744501,139680
c5978dd2a821e0b7,91229,81350623,137276,91111,81368388,137276
c599949c3c7ec299,62225,52353226,130149,62093,52363590,130149
c5a71550f987b43b,67207,57314298,138522,67102,57343032,138522
c5ab3af59e0de974,63045,53148976,128748,62957,53180256,128748
c5b6fda77de4abd3,94936,85026001,94782,94911,85071528,94782
c5d70950e40b5da2,34655,24770246,133419,34541,24790777,133419
c5e87e9cf0547854,112821,102931537,137572,112714,102956648,137572
c5ebb9fce0b37552,35174,25301654,140468,35051,25311910,140468
c60d4c52d2ccb5e9,84306,74434146,138785,84187,74446656,138785
c610e1f99bed703b,13509,3609141,134322,13429,3649410,134322
c614f2aa88f6ad86,45296,35433715,139297,45171,35444159,139297
c66d62384d650bbb,117210,107335070,137708,117089,107349453,137708
c6a1951368a69fa7,104334,94454747,138504,104211,94471674,138504
c6afea0c8fb5e9ef,33748,23890529,140569,33623,23900497,140569
c6e617a8fa2ac575,111210,101334606,138603,111075,101345697,138603
c6fe828e16f14314,88342,78473869,136980,88213,78485108,136980
c71baa4fa4a1285f,80271,70390537,137850,80158,70407271,137850
c7367adbd610aaf9,21392,11509130,132940,21291,11527785,132940
c7590cc99c1eb59b,109356,99474395,137843,109236,99492513,137843
c770406f30cca95c,42358,32470477,139337,42254,32494462,139337
c7ad18a24b2d37b6,98561,88690882,138509,98444,88706842,138509
c7b98688f76dcfac,22226,12350337,140856,22103,12361962,140856
c7ba912915aa2378,114215,104342320,138273,114092,104352005,138273
c7bc8934b14ee7fa,16848,6969936,138737,16733,6986394,138737
c7d715cd34ab04eb,15620,5729173,133542,15527,5761450,133542
c7d7e30676f4cdf7,117304,107433129,139185,117179,107443366,139185
c7e589235d184187,53596,43713660,138760,53479,43731195,138760
c7f23de7a83f228c,105149,95270940,138142,105039,95287298,138142
c7f944b8408dd2ce,18587,8730427,141217,18465,8742825,141217
c7fabde9d4a86c5d,95958,86073425,130532,95837,86093416,130532
c7fd1fae54eddaf0,20824,10948704,131836,20702,10959872,131836
c803b70ae6da290b,78866,68989346,129541,78742,69001110,129541
c80b17463ff47b19,43685,33810255,138311,43560,33820383,138311
c84f91eb15e34454,116856,106977497,156411,116741,106998808,156411
c86d7f2d2ec298b2,79184,69322416,140162,79052,69332187,140162
c8ba0b10ed364ae6,97621,87770886,137113,97507,87782288,137113
c8cf62b0fa7ad9e7,52943,43117508,352411,52861,43146748,352451
c8fa47bb6779561c,53900,44050146,138024,53779,44060730,138024
c911fea2b594311e,72933,63065024,157236,72814,63075832,157236
c912d09152134411,25720,15833500,138423,25600,15856040,138423
c931c674ce7ce073,99314,89431580,130321,99205,89452111,130321
c96f612aeb4a9bc8,110430,100573998,101853,110337,100593356,101853
c9950030b27b9b0c,111771,101891005,138108,111650,101906364,138108
c995bb06d8d990ac,108411,98531267,138992,108291,98546624,138992
c995ddcc2c45dfa1,15650,5769059,133881,15553,5788991,133881
c9a8e86001b0917c,42998,33112158,133846,42884,33133877,133846
c9b88e45cecf064a,12441,2570311,142092,12320,2583478,142092
c9bcc1d512d883b3,84248,74370906,139447,84136,74385682,139447
c9bfb1873c9436b9,10194,312985,143543,10071,330361,143543
c9c70827bfe0bcac,93096,83179181,128162,93059,83246178,128162
c9c7c89c1f71b616,14828,4948642,132020,14709,4967640,132020
c9d478724cbdeecf,61748,51869225,131526,61626,51883521,131526
c9ed2e6c3e60dbf8,86759,76874041,137598,86636,76899902,137598
ca26a8789ab8f473,20921,11050254,140213,20797,11060963,140213
ca2a14759c35a3cc,102792,92889471,129497,102717,92932821,129497
ca2f68a00e733e26,44551,34688763,129905,44421,34698616,129905
ca3d44da27a78535,18526,8670006,139303,18400,8684206,139303
ca3e4e15c9711eae,95507,85614165,138229,95369,85632680,138229
ca52551d90fe1496,36935,27053985,139191,36816,27071919,139191
ca56ca514cf3e7c4,20485,10630726,140132,20358,10641024,140132
ca60e716066119bb,45916,36028812,129949,45820,36051233,129949
ca62870e4b505517,66934,57029312,131015,66855,57069884,131015
ca7e9753547e1285,100702,90814694,111073,100627,90908229,111162
caac9f4e0d287bc9,38134,28228783,130223,38046,28269241,130223
cacaa7399a03eff9,21236,11331476,133388,21143,11371715,133388
cacbadc24369d476,53072,43175704,131343,52995,43211737,131343
cad5afcc6240337d,79027,69150630,137826,78898,69162198,137826
cadcdd74a2ae1090,55729,45870447,139011,55597,45880061,139011
cb11960c99a9ab20,61660,51809322,132026,61536,51819123,132026
cb16d7fb05b8e771,81512,71630827,139308,81391,71647668,139308
cb18e5be892b3c5e,100519,90634392,138058,100400,90659178,138058
cb2519b2880081cb,82907,73030808,138009,82796,73044748,138009
cb2a30adb51badf8,38262,28350277,129885,38169,28397409,129885
cb2abd46c41c620c,72228,62309068,129859,72134,62362926,129859
cb3dfb85c0f9dc03,106927,97030869,137028,106829,97067447,137028
cb5126da32671755,62006,52129616,132967,61881,52141330,132967
cb5390a641c89962,82465,72610664,138872,82343,72623897,138872
cb5744d400c997d5,24813,14952733,132426,24691,14962287,132426
cb7c9a6708c1143a,41629,31750231,138665,41509,31763983,138665
cb9139f5a9beec55,93340,83433997,137298,93270,83490287,137298
cb9d90bfd0620ffc,22850,12969352,134890,22729,12986506,134890
cbb8ff20139b83ba,16357,6471595,133219,16239,6496360,133219
cbbe77fd2821a6de,82134,72250720,138581,82026,72269288,138581
cbbfe0a2953c9cb2,117115,107235995,137854,116997,107251252,137854
cbd4c451902d46c0,37781,27910094,138455,37660,27920768,138455
cbdb4e9068ea6092,70599,60734038,137518,70470,60743951,137518
cbdf12c40369d03d,21329,11431298,133105,21232,11465844,133105
cc364a20f2bbc403,88025,78114423,137422,87943,78162419,137422
cc55a48798c4b3e4,113559,103690785,137111,113434,103706183,137111
ccb3be9a3c0f4725,59858,49979223,153089,59737,49994847,153089
ccdfca73dcacc2bc,65006,55090653,129098,64923,55140775,129098
cce07e14694fe91a,95989,86109193,128923,95868,86125162,128923
cce6837c4a424d71,25883,16010216,139124,25761,16019890,139124
ccee00e3afe3d48b,105702,95831136,139301,105584,95846076,139301
cd02c921b6849482,56200,46330659,140159,56073,46340793,140159
cd09fb75f4063894,62663,52790506,138147,62545,52800634,138147
cd146fe5c0e57a5c,105476,95594491,138568,105359,95615641,138568
cd2201ff227e22fe,30825,20953835,140612,30700,20964340,140612
cd7995df6162d8f6,20890,11010381,140748,20766,11025507,140748
cd84dd44840dcc26,90861,80989137,127554,90743,81000105,127554
cd95bf1fb9ff25c3,63903,54030372,137111,63780,54039790,137111
cd9b1f460fc8a0a7,60080,50210538,139002,59955,50221407,139002
cd9e1b5f5ab33d77,118750,108871147,138384,118630,108885400,138384
cda3fa8fe71d7dca,113715,103851044,137668,113585,103860794,137668
cdadb00ee073273f,20547,10689017,133514,20422,10699339,133514
cdf00d6601bf6d5e,85817,75909447,129270,85758,75956738,129270
cdfc1b77508879fd,100896,90991440,129741,100817,91033666,129741
ce010d978b0f66b6,52846,42970221,138156,52725,42981818,138156
ce0394fd79d15dc5,118058,108151150,138462,117929,108194413,138462
ce2d977ea92b47a0,44493,34610450,130233,44369,34627917,130233
ce3a99514a4d6ff9,22506,12650144,139703,22377,12659855,139703
ce42c4f9dfc9e069,82225,72350907,138938,82110,72361904,138938
ce46626da4466a07,116080,106168650,128492,116034,106215809,128492
ce51f0d241f0e1e7,19916,10042006,139599,19797,10051873,139599
ce56035089bad873,84485,74630704,138177,84366,74642578,138177
ce7559cfd5e079c7,84739,74853798,137259,84619,74879249,137259
ce75d76d35dd9fca,15884,6028889,133052,15758,6042437,133052
cedfb5b6f1121603,40607,30733519,137965,40478,30743827,137965
cee89922712c468b,74007,64103187,130166,73931,64142354,130166
cefe80c0b6434323,103339,93474313,137375,103211,93485906,137375
cf04c2499b5f3565,92627,82750919,139032,92510,82764840,139032
cf0bfe15ac5c1f5c,51969,42090487,139947,51848,42104252,139947
cf1ce6b1c999adf7,99430,89569359,129486,99305,89582878,129486
cf25166c13c06c35,22414,12550136,139744,22284,12560409,139744
cf253c2e8542c3aa,110303,100431214,137619,110184,100441469,137619
cf272305824293a3,84129,74234105,139181,84031,74270147,139181
cf2ea77de50be451,12056,2173905,141203,11943,2194403,141203
cf59cfea2a36e933,33218,23331707,133085,33096,23353540,133085
cf6cb6ed33b4e8ea,52813,42933937,139389,52692,42949509,139389
cf708b95f1afbb88,12808,2929880,138582,12691,2948553,138582
cf98d68dcfab4f84,40637,30770543,138570,40506,30780244,138570
cfadeecb59c905d9,118111,108214856,139096,117978,108247098,139096
cfc3fe1e48023d9f,108887,98991619,141760,108791,99022631,141760
cfc433192530067d,11486,1588692,131664,11404,1623856,131664
cfc7cc4ff3ba1e19,39995,30101472,130830,39911,30130857,130830
cfd2cb20e81ed295,32579,22689302,133907,32476,22714916,133907
cfecf7382b31f931,84159,74270680,138065,84058,74298057,138065
cff8360f97df4b5e,79962,70069111,129543,79867,70096992,129543
d001c1ca476ba052,111521,101671158,137634,111399,101681991,137634
d0122042f888c931,108216,98334815,138337,108097,98352141,138337
d01ed41287427546,25000,15130798,142119,24877,15141062,142119
d02fd6ab558ee2ac,34947,25069115,132755,34826,25082924,132755
d06026520ec3fafb,111489,101631120,138671,111363,101641554,138671
d063ff3a5d887df3,104462,94589270,128742,104337,94603248,128742
d079c6ebf42e68a5,22258,12388971,131939,22135,12398676,131939
d09caed263e64cb5,47266,37328758,129973,47193,37401548,129973
d0a399f1ebf3427f,69030,59150713,137726,68929,59166018,137726
d0adf5d7bb2dc3a7,99401,89529563,129549,99279,89540835,129549
d0dbf44ed6bb4a53,42417,32535175,142684,42306,32553477,142684
d0dbf45fed054513,112146,102291255,138128,112019,102301989,138128
d0fff4eea779a08a,108098,98234205,138028,107971,98245218,138028
d11833048a7d7717,45265,35410205,137910,45138,35420472,137910
d12b1fa6b28194c1,114901,105014792,139453,114787,105037570,139453
d132d8f546578fff,31914,22034244,141030,31794,22050348,141030
d144061d3cd5c15b,15278,5368864,131753,15213,5419426,131753
d1441bf2d4bf6bd9,60509,50631051,142034,60390,50645725,142034
d16754d4fc4af01f,29888,20010531,141081,29763,20023894,141081
d16967a3977b491d,12873,2990087,140000,12755,3013314,140000
d180201da2e930b4,42869,32990244,138546,42755,33005257,138546
d1887656edeb4241,36750,26889280,132753,36617,26899209,132753
d1a06e9e40c36bc7,62255,52391128,141892,62121,52401265,141892
d1a180a4de4471dc,49001,39208355,383808,48951,39237967,383848
d1aad4476a4a9efc,28604,18730473,130794,28495,18739778,130794
d1b60de5cb4689c6,102823,92929596,129221,102747,92960736,129221
d1c8f310e74bf1b6,16261,6389494,135004,16146,6402702,135004
d1dfb5d3fb335813,100455,90571784,130747,100336,90592570,130747
d21d284a70a7c52a,86211,76330840,139003,86108,76350242,139003
d24e354f236f3119,19712,9831465,133292,19598,9846878,133292
d26026f9e73cadcf,15375,5468917,132894,15306,5515087,132894
d2775d443f2c6e32,69542,59670621,137521,69422,59680574,137521
d28030595f80e991,111458,101594202,138629,111332,101604810,138629
d282fc71adeb2944,26951,17076778,156283,26809,17089042,156283
d292dcefa3130ca6,74322,64429305,130832,74227,64457806,130832
d2ae446609df4bfb,45326,35470413,138847,45201,35480487,138847
d2b26239b691b514,65665,55790559,138219,65553,55801036,138219
d2d494cd127e994b,74410,64529723,131818,74305,64545783,131818
d2d4bf469d9f5f3f,89337,79453827,137904,89221,79476673,137904
d2e00d03ab24df1c,55379,45471466,131596,55284,45514633,131596
d301a4df250652ed,91836,81931069,128988,91760,81974360,128988
d30bb63a94c3243f,27760,17888236,128092,27633,17897310,128092
d312ff5112c20209,103587,93714053,157034,103469,93729877,157034
d32dbbbee08825b2,64652,54770542,138453,64532,54787923,138453
d36bc6a456355e60,116987,107111323,139481,116871,107122898,139481
d36e2c5628c051d9,25319,15449297,134432,25189,15459394,134432
d373edf08b5360ce,71663,61866377,343450,71607,61892648,343490
d3beb7733a98cab5,76846,66973408,154354,76725,66984595,154354
d3d320c38388b36e,115515,105634357,138025,115393,105657264,138025
d3e759237a4b9abd,14677,4808840,133421,14544,4820570,133421
d4189672cb178b65,48336,38470386,139205,48205,38480435,139205
d422cc594fe5304b,62982,53071008,129852,62896,53117197,129852
d43af87e05c3b792,23530,13654091,139983,23413,13665067,139983
d44caa2bfe809c2e,32724,22848956,132034,32604,22864002,132034
d452ccc83b20c3df,49498,39549114,131329,49422,39633782,131329
d4562bedede3e91e,24363,14468807,131394,24264,14498406,131394
d459292066519b02,107691,97814286,137393,107567,97826930,137393
d46850d12c6ea583,99458,89593292,141753,99330,89605763,141753
d473faccfccb51f0,91499,81642701,98118,91435,81680242,98118
d488c4af35906981,99286,89409508,129157,99181,89423681,129157
d48bf838b715714f,48872,38967086,130377,48800,39007577,130377
d4c30984d7954505,48840,38944785,129806,48768,38975249,129806
d4e123f70ecfcced,97183,87289299,128306,97101,87320627,128306
d4e380f656d7bdee,76943,67071101,140653,76821,67081877,140653
d4ed337cfb05570a,71133,61253930,138487,71007,61268285,138487
d50baf1d5914420d,113150,103291169,138490,113022,103300866,138490
d539bf058f80a4cf,86384,76531009,138751,86261,76545360,138751
d53f8cf6c61e7b41,70377,60474077,137539,70267,60513392,137539
d54e4e84f9b8d483,89875,79971404,129503,89799,80013152,129503
d556f949a0130e67,63406,53530708,138878,63284,53542035,138878
d5686c9ce122a527,47962,38074281,140459,47844,38097576,140459
d58a865cbc49626a,15561,5668930,133758,15475,5699906,133758
d58ba0052fe69b1e,13631,3749000,132960,13538,3771259,132960
d5a46f50282eda87,97717,87837223,155012,97602,87856466,155012
d5b3d2c72e7c5442,22753,12870003,138977,22633,12889424,138977
d5f3197dc958a7e0,92369,82490782,138512,92256,82509882,138512
d651d7eeaceeab26,94158,84291775,142366,94036,84305098,142366
d65cd412e3cb6ffe,95186,85229310,129254,95122,85318821,129254
d69970892d25018d,55612,45733831,138232,55488,45751925,138232
d69fd20188e8e3ab,17519,7629137,133146,17437,7657222,133146
d6a0d899d5333918,40816,30933406,137508,40696,30952305,137508
d6a980bc1a9585e2,29666,19790512,141788,29544,19801212,141788
d6ab9d17b8082459,14647,4786025,117008,14516,4797893,117008
d6d6d636e81cc17f,52290,42414130,139189,52165,42425867,139189
d6e16af58d6ed4f6,64619,54734160,140165,64499,54755587,140165
d7010606fe4fc9cb,57321,47434621,139993,57215,47457267,139993
d727ddfe1cc6b439,35109,25230326,139199,34987,25245036,139199
d73522f22378645b,107135,97254394,139012,107015,97271064,139012
d7505077369e417c,83881,73971271,130263,83801,74019301,130263
d75907c1ea73e8b0,91957,82069289,130034,91868,82095395,130034
d763d876b0dc205e,73060,63190694,139036,72938,63200771,139036
d795124c0a6b1460,67589,57713139,138184,67469,57724806,138184
d797e32f0bc3659f,93483,83593891,137794,93383,83629483,137794
d7a745ac9939f3f9,115833,106044858,336944,115785,106072150,336984
d7ab8d8864b26a8d,68777,58870999,129334,68687,58912188,129334
d7b4a93ae9a1bfa3,59218,49328910,130040,59118,49353958,130040
d7caaab37fec922a,50203,40330577,140393,50080,40340763,140393
d7f7ddec909eabce,59124,49229183,131894,59028,49259809,131894
d7f8bacc252f8028,80390,70531094,139678,80265,70541312,139678
d806a514104e67af,95893,86011122,139294,95775,86029583,139294
d83606d0e5517c22,51495,41591153,130350,51396,41630996,130350
d8464360e3161090,57868,47993966,158371,57747,48004688,158371
d86cfba2952eeb90,41010,31133216,155612,40889,31147292,155612
d8741477826c9f4e,73808,63933798,138368,73681,63944570,138368
d87f9f4257fff6e4,93398,83494068,137639,93316,83543237,137639
d8824403b4d44575,21106,11209070,132887,21016,11241609,132887
d8868ce34dff2aea,39770,29890094,137808,39648,29905535,137808
d88e85ac7ce3135c,76425,66550872,140569,76312,66566193,140569
d8a84da77d809eea,30592,20691607,133901,30499,20728145,133901
d8aa1a2a9c3cd31b,35045,25170319,139974,34923,25181122,139974
d8ae4a375d6ed325,81785,71889522,131454,81690,71920478,131454
d8b384c2e5aaaf7e,30408,20509350,133832,30333,20543678,133832
d8ca4ced74e51bda,59518,49650446,137763,59391,49660811,137763
d8e05bf37f7ece90,23829,13948804,131657,23708,13963723,131657
d90bf79eadc8bc23,87964,78051349,130291,87890,78102737,130291
d92b23ffffbec46b,90204,80334252,138153,90086,80346530,138153
d93224847e4d3e59,52131,42250258,138587,52009,42265867,138587
d952d3194626fab0,116266,106326873,138745,116202,106402276,138745
d97a637e0986c305,104572,94715171,99161,104498,94745382,99161
d97ce01bf37c8c4e,10292,413871,141598,10167,427677,141598
d99439c650e6774e,11293,1395200,120160,11216,1466798,120160
d9bcef0e1ca8e2d8,64400,54550989,141777,64279,54562000,141777
d9c8aa173e57d15a,56416,46554093,138255,56291,46564077,138255
d9cd509382e3dfc2,66015,56151150,140292,65894,56162855,140292
d9d41d95571aaa91,13382,3471308,132800,13310,3519676,132800
d9d9d0baa96c80dc,106327,96450754,137567,106205,96462649,137567
d9f949d8ef8140fe,49863,39994018,138967,49728,40003620,138967
d9fde8b09d94526e,70124,60188972,129859,70055,60259372,129859
da1cdb1519e686b1,70569,60710838,139893,70439,60721310,139893
da22e45c0e93c205,21483,11593003,143670,21374,11620166,143670
da737d43af3571d6,58375,48510265,137471,58246,48524159,137471
da987dafce9a014b,43782,33957110,345966,43699,33984340,346006
daff76d1a6d03310,113001,103131058,138273,112878,103141272,138273
db0c83d7d18fffb0,22352,12473722,139684,22225,12488541,139684
db1128f2d9e11939,68369,58490860,138887,68249,58504018,138887
db1cc0ee976523c9,113431,103551184,138714,113309,103566714,138714
db216e9ededa09b0,113269,103391242,139014,113148,103404589,139014
db418baa4beb2b20,75850,65993910,101707,75771,66011906,101707
db4a9f7799824baa,105607,95731119,139504,105489,95748421,139504
db4bdc9d383aa977,30377,20469226,133270,30304,20513313,133270
db5d756da59a27ce,53138,43228801,129495,53060,43277092,129495
db67dde093db5473,25914,16033927,138741,25791,16049592,138741
db7be35e055fae45,82285,72410618,138163,82164,72422581,138163
db89a2a3f5eb7d73,85974,76070640,137935,85904,76111597,137935
dbbbcbdb26aba76c,54556,44694098,139593,54431,44707952,139593
dbc0d93ae1bc2c9a,23097,13186657,118485,23009,13231456,118485
dbc515128615d92d,33346,23470416,140331,33221,23482523,140331
dbc58cb95d31eb4a,30502,20591749,133407,30418,20637570,133407
dbd5f39c2b908c29,113653,103791252,138118,113526,103801056,138118
dbd710fe02a68465,44609,34750056,136932,44477,34759996,136932
dbecb1d925531635,38590,28713265,137752,38467,28726150,137752
dc00cde819cfc38a,30980,21130779,141875,30858,21141326,141875
dc035ef9d41f442b,48275,38410304,138534,48148,38420511,138534
dc089c095ef39046,56042,46170437,139299,55919,46181059,139299
dc08ff9a7f07dd98,18245,8369112,134004,18123,8381926,134004
dc18d3a7641c6b41,116889,107011145,137757,116774,107029416,137757
dc1da67f5a15a0db,79214,69350424,137487,79083,69361064,137487
dc36c9e469025776,67973,58093726,137528,67846,58108207,137528
dc4b8831cfdf3c49,84521,74671109,139308,84403,74684145,139308
dc55c721da467d21,17781,7914217,140041,17661,7925910,140041
dc55c72ea19eb61b,108006,98134212,138370,107874,98143954,138370
dc7bea84b6b41e11,36543,26669035,132295,36428,26678868,132295
dc82998188516b50,90670,80790740,138363,90558,80807350,138363
dc8df2c36efeffc4,57441,47570570,138871,57324,47581280,138871
dc90f06ba57e5740,39641,29770298,138526,39520,29779930,138526
dc9bf7c0069c03c3,58406,48550343,138537,58278,48560654,138537
dc9e415bf49c159d,117712,107773575,129203,117610,107846847,129203
dcbc5c2ae62f21bd,44044,34128797,129750,43962,34179349,129750
dcc11d7fd4645836,17271,7350994,132404,17210,7408703,132404
dcc9d0637df735b4,50008,40132652,152391,49887,40144761,152391
dce7c1c2ecd81da2,24331,14431509,132710,24234,14466623,132710
dd243d69ff6afb61,51880,42030732,139594,51758,42040540,139594
dd3f5331d3113a95,46925,37053094,130410,46886,37062818,130410
dd45b1cc0d7e5eb2,34104,24217710,118043,34033,24238518,118043
ddae3814fb024515,54246,44371083,142553,54119,44382422,142553
ddb75831abd4bf66,36299,26409405,134358,36204,26434582,134358
ddefb6e39c4bec89,15530,5628870,132619,15448,5668813,132619
ddf59db5e726ae47,30440,20531827,133227,30362,20575631,133227
de089afe02d9e873,79245,69373735,138241,79114,69383489,138241
de0d6e03900ae3e7,9921,53486,140446,9794,63161,140446
de1ca05b862997a4,20760,10888992,132205,20637,10898817,132205
de3bea7fb758e263,111929,102051017,138017,111805,102065039,138017
de3dcdb3ba75016e,11790,1911586,132949,11679,1927255,132949
de75add4f8cd15e8,17810,7950044,139677,17686,7963082,139677
de7665d2a1e95b38,76661,66810419,137085,76538,66820884,137085
de93c7db93e76351,89096,79230625,137656,88972,79243908,137656
de97536cb34f6a92,92336,82454542,138451,92223,82475255,138451
dec28f6564216c85,55913,46033871,157210,55792,46050188,157210
ded892f7f35bdeb0,66509,56630923,140668,66392,56644496,140668
ded9af2d1035a2a4,43252,33391343,144141,43130,33402220,144141
dee69df55bcbaf8a,16294,6412206,134798,16177,6432902,134798
deeff735d2d5fd4d,24783,14930364,140379,24659,14941374,140379
def08e67d37383bd,81261,71410934,139263,81139,71422032,139263
defc378c6a1391f7,104814,94909470,129013,104736,94953480,129013
df17e7a113185f67,58189,48313969,138618,58058,48324276,138618
df1db6fb438eb2d4,81479,71594274,137335,81359,71614899,137335
df3aaba33fc20ac2,37066,27189276,133684,36945,27202031,133684
df4a2d68fcf101cc,92563,82690753,137766,92448,82711233,137766
df62641cb02fe607,31263,21390820,141146,31142,21401068,141146
dfa1297bebc3eb63,49384,39407797,114534,49326,39519172,114534
dfdd658ea4139779,53479,43589098,131264,53377,43614191,131264
e01e8aadba5e3f85,87512,77630839,138815,87396,77649969,138815
e03ef02d2e7f2a8c,98194,88331275,140592,98063,88346859,140592
e09d2da824d42127,39834,29953434,137360,39711,29969302,137360
e0c018e11657264b,110707,100849627,130093,110609,100859021,130093
e0c05358d4c8d690,106294,96414378,157652,106172,96431068,157652
e0c82b4f6dc41977,83402,73531377,139888,83285,73544251,139888
e0d61c834aaa8f5f,50454,40589205,131735,50335,40603482,131735
e0e27a6a4511874c,76910,67030700,138677,76789,67045922,138677
e0e66a1a3f603f4e,14020,4170243,140315,13900,4184846,140315
e142ce12f26d713b,26098,16230225,90634,26006,16237550,90634
e1482458acf582fb,57966,48090537,139580,57843,48101730,139580
e1515c9096fb469e,67816,57934287,139782,67693,57951496,139782
e15bcfe8b96430f6,112301,102451013,138040,112178,102461145,138040
e1603b59da73d61d,57999,48113985,138484,57874,48134223,138484
e184ba90cf5d7807,63773,53893474,155595,63654,53910116,155595
e1957ce5b3786037,11937,2073116,132193,11809,2083648,132193
e195cc5fbb980847,10356,472512,131330,10230,491590,131330
e19a867400252e91,72054,62124321,92176,71987,62189665,92176
e19d9f53507a1327,93454,83570649,137513,93361,83600709,137513
e1be6d163446ad0e,64683,54857742,349396,64601,54887644,349436
e1f10592e26f430b,27354,17470006,138341,27243,17489716,138341
e1fe224ee1a2f681,24694,14829132,133417,24567,14839028,133417
e20ff906ef3e3a68,51406,41491140,131907,51316,41540994,131907
e214448802e46864,21841,11989064,133192,21719,11998271,133192
e2335494a5aa20eb,94283,84411252,140252,94157,84423884,140252
e23b5c2accca9ae9,96148,86269438,128669,96017,86280478,128669
e2485b65d4a9668f,111019,101134436,137501,110900,101154428,137501
e248acc8ce23d896,114247,104371069,138213,114124,104382422,138213
e25a698b4bd129eb,10516,650351,141171,10385,661228,141171
e2697aa006edc700,15796,5928771,131737,15677,5943820,131737
e2807c84c313725f,119746,109851074,138018,119652,109882187,138018
e29ba2c020e3235c,11261,1374923,119482,11184,1465598,119571
e2ad9638e3691f4c,98286,88430931,138208,98163,88447442,138208
e2bbd5341cdd22f5,29137,19273010,154781,29016,19285149,154781
e2d08b29823a42f0,57621,47770800,140352,57498,47780758,140352
e2dadd0ecf3fbc3a,72335,62431417,130144,72221,62470920,130144
e2dda6aca69c0d81,111609,101731160,139325,111489,101746200,139325
e2e1da95d56af2c9,96672,86790473,135727,96544,86807776,135727
e2e888c7fbcc0e44,86662,76790825,137965,86541,76804001,137965
e2f2ae808b60d15d,15738,5866410,117120,15627,5880595,117120
e304a45dba15f515,33686,23830233,139905,33561,23840212,139905
e32156ce8104a87b,119652,109751742,141695,119563,109787733,141695
e3271b05fadc6f1d,40124,30210763,130025,40037,30259329,130025
e32ea42c6030eb47,114021,104134542,138185,113901,104156948,138185
e337b2b2e2962fbd,94190,84313544,128678,94067,84326504,128678
e3390b048b848de9,82778,72911252,139357,82671,72926193,139357
e34820575036009b,43063,33189302,133254,42948,33199701,133254
e359692f7e2c5062,69902,60019657,130443,69850,60037759,130443
e3672a631b155648,75114,65234633,139565,74984,65249727,139565
e39743a0ce8b45a4,62853,52957989,131588,62769,52988208,131588
e3cd9cecc31a14a2,21632,11769089,132505,21508,11778290,132505
e3eb3341b09b603d,35078,25193923,139480,34956,25214015,139480
e42d8c3fd1dea776,117334,107494367,138158,117222,107505219,138158
e430b0d7bd4a9fe6,98007,88130750,137019,97885,88143595,137019
e43fd0820e3041b8,90353,80493998,137798,90237,80505241,137798
e4592c65fe8675dc,117272,107394625,138008,117149,107407911,138008
e45bec610390a739,23065,13166669,118826,22977,13199881,118826
e468e4ed852b72e6,111051,101171136,138792,110930,101187329,138792
e47c99f585df8fd7,80887,71010963,139641,80763,71022102,139641
e4902938f8395c8f,62566,52690673,138965,62450,52702516,138965
e4b795a60c2c59d3,45448,35570242,138330,45328,35584345,138330
e4c4ff9ff33d4520,52715,42833804,138941,52595,42851790,138941
e4c65fde4c8458d2,57561,47693536,138668,57433,47703347,138668
e4c96956ba3d1a79,58314,48450513,139356,58182,48465943,139356
e4e3efb41e5bedec,106359,96473964,137643,106237,96495254,137643
e4ea32174ad06604,98347,88490869,137978,98228,88506418,137978
e4ebc058a4a100a0,50041,40187169,237375,49920,40203885,237375
e4f55f2237278428,68936,59049270,130602,68841,59071532,130602
e53be1b8e5232ec1,11731,1848743,132247,11627,1868648,132247
e5552cb5353a57c2,26813,16914153,141364,26673,16950027,141364
e56300b2777c10ee,50234,40352766,131084,50111,40369858,131084
e56855087bbee153,62317,52453968,139130,62192,52463858,139130
e56fdf95b5ba7f6d,97879,87994513,138039,97762,88018298,138039
e577a15b8a12af70,118782,108894320,137260,118661,108917234,137260
e5bab26495aa42a0,40578,30710224,139287,40452,30720414,139287
e5bd88f5ebb87a48,22600,12750364,140665,22478,12760833,140665
e5c687a23ea032ec,94221,84351172,140780,94097,84365966,140780
e5d211cbf158d8da,90798,80929363,129846,90683,80943267,129846
e5d9e2dde8e88f31,12565,2693482,139939,12438,2705617,139939
e5f8df3f73b6e73d,102727,92829125,127852,102654,92864205,127852
e60c7d07e2c574d4,96521,86669311,127844,96418,86680890,127844
e61bceec037888af,51248,41334268,139015,51168,41383761,139015
e61f67c4f2778f28,99140,89233115,141156,99057,89278968,141156
e62e5e1a401af796,65189,55291106,130861,65090,55324169,130861
e6442eae98d5dbcc,107627,97751061,138239,107504,97763019,138239
e65ce59ce619eb8b,43345,33481223,118395,43223,33490096,118395
e6a5c806b0cce06e,60606,50729445,132314,60486,50741485,132314
e6c208f54b001441,71927,62020802,115546,71872,62061910,115546
e6c5fa5f9a07027c,38862,28973575,138833,38741,28997314,138833
e6c89361354d25ec,37414,27549987,138068,37280,27560539,138068
e6e124c9e3f77846,81881,71989333,129955,81785,72016987,129955
e6e493588d89b067,49654,39733804,138077,49546,39789461,138077
e7174d2d9cd6e6d4,101823,91949398,129858,101699,91961256,129858
e71977673ec9e86b,40491,30609978,137411,40374,30626958,137411
e71f2e9f0022e3a9,70660,60810735,139496,70539,60822279,139496
e73b04831f3aa866,32609,22711706,132748,32502,22744747,132748
e752ab00ec830458,49781,39907119,140292,49651,39917077,140292
e77350f71be27a6b,75081,65211089,139634,74952,65222094,139634
e77560a9d13bb814,100927,91029869,129513,100847,91064975,129513
e7783256e6c479fc,61119,51211749,132976,61031,51254631,132976
e79d104baa79cbe5,45546,35670156,138202,45425,35682312,138202
e79d6ec0d04392ec,26298,16415772,88868,26202,16431397,88868
e7a5a576f655757f,110207,100331147,139094,110089,100342464,139094
e7ad008a4046c008,65953,56074071,137684,65835,56088332,137684
e7dd6e6374297f8f,53202,43291160,130558,53122,43338193,130558
e80c767673fc5eb1,59093,49191202,130044,58999,49228653,130044
e80f8d7e738aa7c9,73714,63834170,137654,73589,63850021,137654
e84db25752d15275,77101,67230751,138917,76975,67241058,138917
e85100a3e1fa46c9,97975,88094142,138457,97854,88112200,138457
e86b72e272116f24,23288,13389331,132727,23193,13423198,132727
e8788f318ad3343d,76600,66733991,139163,76467,66744443,139163
e8895a26f2c15470,16230,6348684,131983,16115,6368390,131983
e8c09847dca230b6,71470,61590777,139216,71349,61605597,139216
e912886a13db20c8,32335,22429192,133949,32252,22470610,133949
e913403401babf5c,98496,88614412,139555,98379,88634444,139555
e94efd7181e6196e,90174,80310933,139293,90061,80323519,139293
e9623f671e03b242,33717,23853821,139869,33592,23864054,139869
e9b6ec8ab6d3a26e,116144,106212452,129864,116095,106279895,129864
e9bfc0765f614996,16664,6810059,139776,16545,6824414,139776
e9c945e4dda53d7c,69181,59310345,138322,69066,59321298,138322
e9d9aaa07889dc70,94095,84211339,130366,93974,84232216,130366
e9f67a97d1dcd242,48026,38150502,138252,47907,38161760,138252
ea035fd87bd2947a,13720,3831635,133047,13616,3858533,133047
ea1b17fd1867342b,10260,389979,138899,10136,400445,138899
ea1f6d83b4b1688d,104148,94290921,137514,104028,94302806,137514
ea68a864c12af697,83785,73877093,129050,83707,73922064,129050
ea8c800220007391,54433,44570603,140095,54299,44581478,140095
eaa42ee383fcdfb0,119957,110074661,138700,119844,110092642,138700
eaa9884a203fb44a,92999,83115967,114555,92967,83151556,114555
eab800f7cad0df2f,91773,81869202,129577,91701,81910798,129577
ead825cc843f41d1,44260,34350960,130590,44164,34395412,130590
eaf48637dc364897,97123,87213657,136375,97049,87261030,136375
eaf9e2240dd242c8,11358,1449124,133312,11281,1496444,133312
eb0f7310520077e0,85146,75290901,138025,85025,75305999,138025
eb256e813794400a,66353,56492856,131077,66238,56502114,131077
eb2ec62694c4969b,57651,47794169,138287,57530,47803704,138287
eb8904f7aff59077,30313,20408939,132255,30243,20449343,132255
eb8ceb4d78a92111,15182,5295721,118109,15118,5399875,118198
eba1bad0a1c14eb7,86443,76590843,138922,86323,76605770,138922
ebab8718007d8529,57069,47171046,129277,56975,47204920,129277
ebbb1890702f73b2,104398,94517250,157359,104275,94540976,157359
ebe20e1105d884c0,17607,7711457,132576,17513,7745736,132576
ebf39400706e537b,84277,74410664,137247,84161,74424993,137247
ebff9b87ae470387,37628,27769854,136409,37500,27780127,136409
ec1732197903f532,94031,84151026,139565,93912,84168636,139565
ec2e19b19b2bfdc8,78800,68933235,153705,78678,68944258,153705
ec3cccfbf04e6c00,84008,74110746,138797,83921,74144940,138797
ec58ad20ac1b7533,28513,18648621,129637,28410,18657717,129637
ec5dc27ae3c45c7a,74261,64351180,130287,74172,64396140,130287
ec693a7b138a242f,57228,47331305,130823,57128,47363507,130823
ec77288cf29dc2ac,39087,29210183,138573,38964,29223330,138573
ec781b7e4b5d1a64,62436,52554654,141634,62320,52576391,141634
ec7c6bb7d7583f6e,29293,19429887,137500,29165,19440041,137500
ec85275eaa7f57fa,86791,76910802,138764,86667,76930026,138764
ec9382cbd2a4f5ce,47929,38050529,140128,47812,38064934,140128
ecb1394a88fc7cab,109487,99610556,135731,109366,99622720,135731
ecb79587d8c2dbc8,89281,79430556,136972,89162,79446075,136972
ecbdc8b294f4e7ae,74764,64910857,139657,74639,64920547,139657
ed03eedf61f9c5fa,92192,82330751,138049,92070,82344141,138049
ed0438ab5a446c07,118494,108611304,139460,118377,108629232,139460
ed05864155640419,78034,68149387,128558,77938,68169617,128558
ed07c7c909b17750,109679,99810914,136687,109555,99821190,136687
ed1a732477870d9b,76309,66409415,129947,76209,66444009,129947
ed1dfafc623be105,95272,85329441,129981,95185,85399485,129981
ed227d920a2cab02,54309,44433785,138871,54180,44444863,138871
ed3ee2ec1fa27edc,39673,29801944,138265,39552,29812415,138265
ed487c1d5d02b0b3,23589,13713874,140294,23466,13723945,140294
ed6ac260614b1dbf,30281,20368940,132090,30211,20416485,132090
ed6f13937a4e1c96,117501,107644378,100914,117404,107660596,100914
ed780b4fe3a4466d,72172,62226062,111847,72089,62306686,111847
ed8ba4839293be70,53831,43973910,139887,53710,43983684,139887
ed92d3c68f1796f5,37130,27249245,132531,37008,27266546,132531
ed9ae82e61593aa8,61478,51611357,143559,61353,51622033,143559
ed9eab6912ed79ad,45173,35310012,137326,45044,35320433,137326
edcfdb440b878a5a,30043,20172840,132318,29912,20183271,132318
edd775c75c52956a,12720,2870240,139719,12599,2883329,139719
ede57bb00ceb5791,101792,91909382,129486,101668,91929112,129486
edee1abb8ac111eb,97782,87913676,153245,97666,87939564,153245
edf760dbf1a43f2e,117922,107991214,138578,117805,108057832,138578
edfe682f480a24ba,54774,44890409,138388,54659,44910472,138388
ee1b76f386e0eb29,44891,35010368,139313,44770,35026976,139313
ee2068e7c931d377,119181,109331200,138487,119058,109341104,138487
ee27144d96825f3c,75576,65693938,137936,75455,65716317,137936
ee31bb6a2bdc007b,100990,91091587,130510,100905,91129890,130510
ee5170dc37a3538a,34626,24731740,133711,34516,24761627,133711
ee5eda9d1e151499,102919,93011553,130479,102838,93058235,130479
ee71225073d6d56e,14893,5010906,142432,14774,5030697,142432
ee74ff30fbe454a1,70879,60994343,139382,70759,61019376,139382
ee77634b5f9b3c15,40946,31072695,152792,40825,31084000,152792
ee7a5bc7e2baf41a,98225,88354585,137807,98092,88366571,137807
eeb6a48ccf305478,75641,65753870,137332,75520,65780367,137332
eeb9c7ec20eb3efa,76454,66574018,137047,76337,66594469,137047
eec2f0749ceadf9d,95126,85166952,113942,95075,85258561,113942
eeff9a68aea1e6e4,100864,90969500,130392,100786,91001081,130392
ef0a2a3eb24dd3d3,52475,42610384,139059,52342,42620208,139059
ef1a2fe57efe1d19,59579,49713573,137819,59446,49724930,137819
ef1b11844d53c432,56137,46270733,139175,56013,46280592,139175
ef1e9e45d4257d8e,52781,42910423,138077,52661,42921653,138077
ef288b9fae7243a2,18620,8770269,139721,18500,8785005,139721
ef3553ad2a7a695e,12937,3053705,139198,12819,3076070,139198
ef38b0a981df1978,51726,41854077,139762,51600,41863643,139762
ef3cdf4ef22416c1,25786,15910402,138089,25665,15921450,138089
ef72d6c2becf1fa9,76512,66650627,137284,76388,66661217,137284
ef7522dcb186413b,,,,9741,0,140763
ef7f1d0d67418f82,76878,66999646,155198,76756,67014210,155198
ef842f1a00f9c221,11848,1971530,134116,11730,1985400,134116
ef910d6c23ffa5ee,83563,73690791,139317,83444,73704436,139317
ef918c1f74d0b124,85881,75969349,130112,85819,76020410,130112
efb20e1dff626071,47506,37613805,139308,47386,37642529,139308
efbf5fb0d6a96325,108129,98270805,137194,108002,98280112,137194
efca74f7eb89dee2,63347,53470162,136990,63232,53482680,136990
f00604a65d28a2b8,12657,2793818,140158,12533,2804979,140158
f024bd84f5391004,35514,25651782,132611,35388,25661567,132611
f02eb38e90c34bd1,80420,70554499,138280,80292,70565115,138280
f031adb4fb035b7f,92402,82514355,139384,92289,82541531,139384
f03ef0a2b624fc1c,20111,10230389,140694,19990,10246648,140694
f03f1989c111784f,48488,38630305,138466,48361,38640616,138466
f073a0c4cb6e0188,93653,83790665,137315,93525,83802514,137315
f081d9aa3e433203,39273,29409977,137880,39143,29420363,137880
f096abdc2f01cc4e,14173,4300501,157644,14056,4315827,157644
f09cce3ad0bf7145,110021,100171115,137674,109900,100184586,137674
f0aa06c43088a15a,40251,30350286,139478,40158,30386597,139478
f0b0966a4d5381ff,36042,26156770,118798,35953,26176952,118798
f0bace1ddb3c2e0b,32142,22256158,120345,32064,22276765,120345
f0d2d353a594e5b9,99257,89371505,141527,99157,89402652,141527
f0e3024b82b67b6a,73839,64016901,349035,73759,64044962,349075
f0e5a4e45f472af2,106016,96150919,137978,105886,96161345,137978
f0f454d0f1f65f49,43158,33290973,142559,43040,33302491,142559
f0fa86d768ea5391,67149,57249326,131196,67051,57283738,131196
f0fb43d085bd60d6,43587,33710780,142200,43465,33723198,142200
f121afce1c28ffa5,50640,40788930,130225,50520,40798639,130225
f1468c57fc5ab2a8,70211,60285627,129873,70130,60346591,129873
f15e9eaffcf83168,32429,22529077,133218,32340,22563868,133218
f17ea8b86e74b5f1,84609,74730716,138717,84491,74749398,138717
f192c0e68e61f8a5,15854,5988982,132972,15728,5999930,132972
f1a5b502c04ed8a5,29324,19453470,139907,29195,19463919,139907
f1b1e0cd6e8bc0b8,33377,23510143,138912,33250,23520185,138912
f1bd2aecab85f220,27450,17568512,129807,27338,17586216,129807
f1cc45b5d4b2df55,28725,18869984,138350,28606,18884597,138350
f1d7185ec1680307,105985,96114336,137961,105856,96124110,137961
f1e7de38e1ccbbf3,119237,109354550,138146,119116,109373131,138146
f21558318534377d,65827,55950560,138879,65713,55962180,138879
f219fa1b6dd4c93b,23032,13135308,120604,22945,13167227,120604
f2349b80ac9d0a71,95731,85893107,234043,95646,85914770,234043
f24ce6e6069ed185,98987,89081287,129815,98920,89128227,129815
f276e5898a7d3591,18402,8534621,140235,18275,8547032,140235
f2ae96becf3d437d,74985,65110698,139236,74858,65120294,139236
f2b2afb7cfce242d,30013,20150525,140492,29883,20161237,140492
f2d8c7eaf3353071,16450,6573226,143299,16329,6589231,143299
f2d8f54b17a68307,63998,54114078,138722,63872,54133713,138722
f2f50028903921cd,90893,81031345,140295,90773,81043687,140295
f30699940cbeca96,81137,71270946,139521,81004,71280691,139521
f31651e3b9af7d77,37444,27572915,135861,37309,27583861,135861
f3199c283e22f31d,110336,100454768,139456,110216,100471839,139456
f32dcc6bc3ed3e1b,98828,88919883,128045,98767,88967022,128045
f3327ee5ff186c29,15469,5568980,133653,15393,5606896,133653
f348b573ef2a7e36,12775,2893899,140256,12658,2914248,140256
f34ccbbebd3d9ef7,51152,41247365,130538,51075,41287974,130538
f368866002e21c92,44522,34649417,129727,44395,34658701,129727
f384ca165f51d21d,75932,66038013,131043,75853,66067520,131043
f38cdcfb0a902c9f,88141,78250619,137846,88042,78281129,137846
f3da915aa06367a1,95615,85750891,137554,95479,85761968,137554
f3efb4ccca5fa5f9,30562,20669029,132843,30472,20698576,132843
f4035bac1ed8c95a,53265,43351203,130535,53182,43401091,130535
f42f0ebcf31d6a43,59640,49790323,137231,59519,49801493,137231
f43453956bd70673,38649,28790201,138869,38520,28800099,138869
f43e34e593e9df6c,89034,79171160,139447,88913,79185200,139447
f456c74168c23074,92721,82851248,138836,92601,82867413,138836
f457db831ffeee31,73487,63609276,130319,73365,63622757,130319
f4680f6e362cfce8,80241,70354142,139310,80130,70377095,139310
f478bdea0f89155f,107403,97551252,138694,107283,97561235,138694
f48a4ac9f9a33497,95827,85957556,178132,95710,85973676,178132
f49a6eb6d0b231a4,47560,37690138,137868,47432,37699897,137868
f4a682182d3898f5,24516,14629487,135359,24405,14651719,135359
f4add0435104c76f,54903,45078475,353253,54821,45106433,353293
f4bda2d9b8dcdb8c,87841,77929176,128843,87777,77978333,128843
f4c4a7ea2e6b44c1,55583,45710495,139277,55463,45725916,139277
f4d39fc30400b0d9,48305,38433759,138790,48176,38444559,138790
f4d4386c43a22c2d,21572,11692650,132817,21454,11707472,132817
f4da7083c06441c1,103620,93737023,136018,103502,93759549,136018
f4dc8719413838a0,16946,7068821,132934,16830,7084411,132934
f4ddb0ff47f5783d,42238,32333652,139227,42145,32373860,139227
f4f1402b52e02199,24394,14509201,133516,24294,14529513,133516
f4fc2545376e00d0,67910,58030625,138638,67785,58045091,138638
f5069ee2ee3cf597,55257,45349177,131325,55171,45392020,131325
f50a1b8617a1379c,56263,46390764,140241,56134,46400585,140241
f527a1b67e322794,13808,3931271,132985,13692,3944730,132985
f580eea6363b29cd,27607,17728529,129787,27489,17742285,129787
f58be8e45ad1d204,100115,90251062,139063,99984,90262931,139063
f5aceb7aac7ca701,97214,87310967,128071,97128,87353392,128071
f5ade16b6ab64aa7,17637,7748983,133330,17539,7774719,133330
f5b048780fb4a946,53390,43489219,131767,53297,43525386,131767
f5de8c3163eda893,21970,12093963,161973,21850,12106326,161973
f5e8506e9e8a040d,85453,75582065,138398,85336,75595342,138398
f5f76bd535d4267a,24024,14168803,104455,23933,14187156,104455
f5fbb0d79c3d4137,70323,60411025,138707,70223,60459630,138707
f602370ec86bcfc4,36880,27030510,141226,36760,27040689,141226
f61ffd5ee86a5cc0,22132,12248857,131643,22011,12266704,131643
f6396e7eaa05d097,110523,100649671,130187,110429,100659783,130187
f6763d03ca74d009,96426,86569259,129173,96300,86583098,129173
f680aae170dfa3d3,112728,102831278,127885,112627,102862928,127885
f695c6d08b55ce8c,103779,93910998,137584,103658,93928715,137584
f69743f864427631,101630,91750982,137942,101509,91767579,137942
f69757bcdd72aa0e,88054,78150454,136531,87968,78194688,136531
f6b38374471f5c1e,72613,62752681,141026,72488,62762717,141026
f6b7a45939e572f7,49730,39837114,158274,49608,39866302,158274
f6b9fee443c2d4d3,46076,36188995,131183,45976,36211339,131183
f6ba7684e5db7b18,81229,71370703,138336,81101,71380634,138336
f6bd502e3bc09cd9,21880,12030700,143446,21758,12040681,143446
f6d0fd5feb59243e,22999,13114884,123475,22912,13133880,123475
f6fbd4ffdfbd5f2c,41508,31651045,138908,41382,31661177,138908
f715f4cd03fa9c3b,27418,17530634,130401,27306,17553370,130401
f734e2ca2e0f2a69,118967,109094133,137434,118838,109111591,137434
f7457d2972e822cb,46261,36390538,138958,46149,36400957,138958
f75717981d42a310,48575,38693848,139046,48456,38711790,139046
f77033fcc6eb566c,115951,106069976,99706,115909,106084120,99706
f77e3aa7d847f59d,90574,80699909,155129,90463,80714637,155129
f786c5ca3936f7cb,51184,41269794,132140,51106,41319714,132140
f78f6de3a1de5c06,118936,109070928,137255,118809,109085416,137255
f7a2b1d564854046,93510,83630937,139069,93405,83655275,139069
f7c7801ffe03cf4d,10140,288760,132208,10017,298621,132208
f7e24da0aa68713a,113030,103171182,138013,112905,103181836,138013
f7e4e9b119e0f0ad,40726,30870041,137728,40599,30879622,137728
f7f56a2fdfabb2dc,116295,106351182,139118,116227,106431092,139118
f7f72e40552a2bee,34328,24411785,133677,34251,24463585,133677
f835555cac367b98,80056,70169487,129894,79958,70191563,129894
f838b27c093eee27,36661,26791868,132687,36535,26801024,132687
f84c2969b7167859,68873,58971174,130856,68781,59008758,130856
f8532f6985897105,65985,56110793,138777,65865,56120914,138777
f8584b68614949c1,92658,82790999,138712,92540,82804269,138712
f8777ab0e6797434,100237,90374330,138698,100115,90386052,138698
f88b77ab9d0a968e,30681,20800864,132194,30575,20816249,132194
f88cae76b79a273d,103554,93671376,139900,103437,93693230,139900
f891d3a3c06a1546,31482,21610429,139979,31354,21619852,139979
f8b98aacf1d7a6df,100053,90190973,138550,99925,90205317,138550
f8c0040e4a1786c2,99609,89730887,138090,99491,89749787,138090
f8c636f0e1dacf7c,89845,79949616,130650,89771,79981463,130650
f8ccd9aaa381b916,52598,42733568,138138,52473,42743710,138138
f90edb68f39118d7,111178,101311199,138320,111046,101321157,138320
f90f674384724d81,68531,58650593,138707,68410,58666223,138707
f917eeeba38e839e,15247,5338421,133149,15182,5401860,133149
f92a46ecb91cac10,75770,65890876,139565,75649,65906184,139565
f93bffa2eac30c37,97272,87373181,128393,97177,87410940,128393
f93ecbca4497dcd1,14860,4971043,132605,14741,4997950,132605
f9463394f10aed6a,108443,98615803,340597,108357,98643102,340637
f9706d007134eb48,32666,22789066,132719,32553,22804778,132719
f97bbdf7d6efea7e,91548,81661993,114068,91483,81689876,114068
f985dc0c09954177,80950,71074316,139041,80824,71085159,139041
f98656fe728178cb,93311,83410842,137451,93246,83460575,137451
f99663e98f5a3c5e,92281,82431167,137927,92164,82448566,137927
f9a48cb253f70128,90293,80434353,138141,90177,80446143,138141
f9c00142b43ee57f,45981,36088889,130600,45884,36116467,130600
fa126bb807644f30,85023,75150981,139797,84892,75169262,139797
fa31c9961a3733ca,65481,55613460,137434,65349,55623348,137434
fa387d6aada6c066,36330,26432032,133752,36234,26466114,133752
fa3c16e9eb32f344,119522,109618489,129469,119437,109657927,129469
fa50c6718f78ebe7,33314,23433043,141687,33190,23450737,141687
fa5f6d02cd77b21c,76338,66450800,139859,76235,66473740,139859
fa7f7636911f62b3,117447,107627418,338227,117351,107653850,338267
fab5af2cfb1211b7,69779,59931576,102513,69728,59939708,102513
fabf9bfcc85955b9,91141,81291005,138105,91020,81303785,138105
fb0bb592a8b3a20c,92134,82253781,135616,92020,82271491,135616
fb13fbd13bfc565a,43313,33461259,143124,43190,33472544,143124
fb346b53e44dce91,47179,37231549,129885,47119,37314128,129885
fb482f22ca794116,20857,10981222,142520,20734,10993184,142520
fb4a0522e88b6a43,102196,92334540,137529,102073,92345846,137529
fb51674b665abc98,40461,30573654,139689,40348,30597234,139689
fb57d3d8c1e3607e,110987,101111254,138455,110871,101122667,138455
fb6febc300570309,19682,9808904,132668,19574,9818154,132668
fb8af9b6cb819299,28101,18220489,138200,27978,18236674,138200
fb90951d7519ddb5,101053,91171460,140980,100963,91191604,140980
fbb1e370783e959e,107723,97850987,138611,107598,97860771,138611
fbb7b4f3cc4a3c05,37001,27130391,138859,36881,27140844,138859
fbd5d1ba0044f559,15344,5431193,133189,15276,5480701,133189
fbd70bc9a9b0532b,83218,73354145,137983,83090,73365182,137983
fbe12a88c7f3fb6d,77225,67353913,138306,77094,67364316,138306
fbef1c43fb2b3466,72200,62266574,114237,72112,62334272,114237
fbf74f917ef2fae7,65248,55354232,137251,65143,55388297,137251
fbf9a0f9c7bdf6fc,55409,45509112,130448,55310,45544170,130448
fbfcff021810e98d,76248,66349280,130532,76154,66383521,130532
fc003ee74ddd3ba1,55033,45139620,130913,54956,45168888,130913
fc0cae18e646412b,84836,74954234,139041,84713,74973886,139041
fc3de5d740865dfd,51280,41368954,130397,51199,41416261,130397
fc3e68c60427032e,25257,15389062,132507,25128,15398881,132507
fc6d7c6f4fe44f1b,21171,11271478,132207,21080,11306754,132207
fc788428e39107b2,37567,27708281,128026,37440,27717977,128026
fc7bac9c9c95e2cf,78552,68694077,138307,78431,68703945,138307
fc7eb4bc12341b8b,47480,37590281,139158,47364,37616816,139158
fc8d6c36dc0e5282,85785,75869433,130162,85727,75924414,130162
fc959c6d08cc0977,43749,33870167,138371,43623,33884626,138371
fc95b6484e00edde,80662,70791206,140762,80541,70801668,140762
fc9be045af28003c,11580,1688828,132584,11491,1717844,132584
fca21215d00fea9d,18838,8953850,139758,18721,8978771,139758
fcb91237137ecc9b,26247,16393151,76188,26153,16408522,76188
fcd40026fe1821fe,20207,10330426,141704,20084,10342695,141704
fcf871362a00d9c9,114562,104669710,128892,114473,104697148,128892
fcf9276d1e196443,115484,105611015,137605,115363,105622131,137605
fd06b02bbacf7750,87934,78029349,128174,87863,78071022,128174
fd0b22a4335ca112,77629,67750644,138377,77506,67765418,138377
fd2722b29ed65e52,42836,32958564,163472,42722,32973740,163472
fd29201cecb9f48b,39365,29510341,138538,39238,29520551,138538
fd2a7644d2f00d9a,83064,73194529,138093,82946,73205887,138093
fd384e522ba6bdfd,79865,69969144,129813,79772,70000160,129813
fd54e5c87c246437,24935,15051180,132878,24812,15070934,132878
fd5b8afabc38cc8e,41791,31913661,137456,41670,31926402,137456
fd739d560892b6ff,25850,15970418,138263,25729,15985817,138263
fdbb7f73ff2df2fc,107223,97354656,139453,107094,97364907,139453
fdd41410fbfbea11,115138,105274938,139676,115012,105285621,139676
fddf6fb214d0b2f7,13750,3869121,133911,13641,3886538,133911
fdf4c01dab974153,109006,99114671,138928,108899,99145938,138928
fdf597ef5c739cc7,61056,51149365,131583,60970,51191612,131583
fe202b514c2d87d0,102043,92170923,137821,101911,92182679,137821
fe269ffc8417cf65,88749,78870801,138012,88636,78885911,138012
fe273b4c22946d81,63934,54061538,136860,63810,54071008,136860
fe2dacb208c11245,12906,3030216,140783,12788,3045757,140783
fe403b325cb638f8,98529,88650825,138040,98412,88666282,138040
fe6a6eb2fc889e0a,56540,46690432,138812,56418,46700487,138812
fe6de28a294eb1c0,43094,33211731,132969,42978,33230323,132969
fe83c3ac7267c898,96839,86943475,128211,96781,86980105,128211
fe88b3dcf7e2e92a,93595,83730687,137383,93475,83745813,137383
fe92dc25ac886a20,99929,90051757,138459,99806,90066458,138459
fe94f1efa491d046,60992,51089149,130964,60909,51127275,130964
fe96f076f1513290,53359,43451058,130213,53269,43494291,130213
fea3263e87c96beb,37163,27289264,133352,37040,27299377,133352
fea4a6586a46faf2,92104,82230882,139131,91994,82246252,139131
feca42f6435060bf,14990,5110191,139821,14870,5127583,139821
fed9545a3755b8c2,107106,97230907,138271,106990,97242349,138271
fede108ba7b0591c,11641,1748813,132916,11547,1778605,132916
feed2ea5183899f7,76540,66674098,138787,76414,66685381,138787
fef9d4b2eb787b21,16419,6549024,133848,16298,6562191,133848
ff0ec2fb484d4a9c,109551,99671080,137891,109430,99687058,137891
ff172f586eb9ef36,118275,108411075,137546,118138,108420566,137546
ff1af9f5d766a126,79586,69710851,139196,79466,69722335,139196
ff649b134c2bbf21,83369,73489416,130179,83252,73505251,130179
ff6c2a2c46a6f894,66607,56730627,138330,66488,56743084,138330
ff7fe0d62cd316a5,41540,31690605,140963,41419,31701315,140963
ffb32d3ccca46f7e,61626,51769641,131052,61501,51779595,131052
fff38caaa10c9a67,95455,85551037,136889,95325,85582047,136889
fff42aa7ffc4154b,24237,14331394,132863,24143,14372123,132863
