content_hash,rtsp-0_pts_ms,rtsp-0_arrival_us,rtsp-0_bytes,webrtc-0_pts_ms,webrtc-0_arrival_us,webrtc-0_bytes
000d4daa739a6399,47104,37204186,130853,47003,37214039,130853
00195a9622cca406,19523,9608063,117274,,,
001a8abe12cb3b8f,22243,12361447,139738,22147,12373456,139738
004fccf406e505e3,64583,54682924,144178,64481,54693301,144178
00618e023d23a357,27720,17811281,130915,27640,17827077,130915
006fbd2b73f7ca6a,21193,11281396,138910,21101,11302331,138910
00969d70146c80c5,38844,28920618,131299,38776,28951765,131299
00a5edc4a16ee0bc,84846,74941260,132711,84757,74953384,132711
00b2b6a8d46fe2d2,110951,101028258,129769,110889,101057186,129769
00b59b1d7ef03ad9,81579,71682278,138804,81480,71692829,138804
00c6e93ddfad5b52,55778,45820484,131132,55733,45885389,131132
00daf8dfc9e62f23,59965,50062145,140744,59878,50072055,140744
00ddc40aa7dd6bc7,108182,98280477,128062,108085,98290889,128062
00df1c56187eee17,17248,7340289,133800,17157,7358628,133800
00ed384eaa3f4e73,101874,91985012,137687,101775,91995164,137687
00f9f25cc9bd1d5a,74586,64702396,141762,74485,64713049,141762
01090dcbfbbba993,79043,69125549,140276,78929,69151065,140276
01312735c9f6a709,27405,17480144,131839,27338,17511481,131839
013e8ce788cc4529,30543,20641343,138949,30441,20651598,138949
01466ca0b63af48c,67294,57369732,133840,67237,57401724,133840
015953e439df1e34,34849,24920245,130293,34842,24957274,130293
0159bc982f8e9dea,14797,4901630,140532,14702,4926216,140532
018afbefa0d8fa49,29620,19700187,132028,29548,19726499,132028
01a57c7cd8ae4d60,61792,51881945,139331,61707,51899711,139331
01a786cecfcabb6d,81452,71542040,138367,81356,71559514,138367
01cff08681c30415,61853,51945949,139026,61763,51959944,139026
01d093a05e8a39d7,76230,66325746,140179,76135,66337027,140179
01e13893224f3b38,119381,109502452,138381,119284,109512820,138381
01e6366f4c0241ce,115215,105285424,137866,115158,105332743,137866
01e6f2a23bed31e3,101470,91500242,126815,101417,91576536,126815
01ea4ceb2d2c11b5,62276,52364928,138546,62181,52383555,138546
01ebf3e49eaa40ea,39091,29185367,140250,39005,29198755,140250
01f18716e71900c7,47570,37660633,133049,47474,37682475,133049
01fd55bdb651badd,53746,43862007,140512,53647,43872718,140512
0205edf46b1cdc2e,86704,76783163,132332,86618,76810677,132332
020a7f5ca4a3d220,39422,29540593,132602,39333,29550513,132602
020d4370d2d37c48,77048,67121115,130951,77017,67155904,130951
02342721321951ec,16972,7079917,131496,16868,7092320,131496
023b7af1c2d9625d,12774,2864669,138228,12686,2890997,138228
024a452c9fed1ac5,33207,23321449,139147,33106,23335692,139147
026d0b32c2b7ac44,83536,73625593,139139,83439,73643384,139139
027641afbfcc5e58,75698,65802170,139894,75596,65812409,139894
0276f98fed2e3b8d,86424,76500940,131384,86355,76530238,131384
0297c97581b67db6,93595,83705590,137056,93497,83716005,137056
0297ff678276015f,109607,99722455,139016,109509,99737912,139016
029c7de2cd2f771c,80689,70760773,131258,80619,70796559,131258
02d5d34134b9e1dc,78182,68329818,341559,78122,68353534,341599
02e49e028b48658b,40334,30421727,139532,40239,30441584,139532
02f19c64f69405e9,30007,20121425,138770,29909,20135229,138770
02fcf74d0c2243eb,103949,94042481,139424,103854,94056395,139424
0304205950cfd187,104581,94700577,127680,104484,94713965,127680
030e2ff682f2be2b,73471,63560964,132439,73392,63577977,132439
0317189a152e2f6a,61912,52005499,139561,61817,52019769,139561
032522e144987ffc,99874,89969844,130882,99813,89985882,130882
0341364ea6bbd4fd,55980,46040410,130264,55904,46086787,130264
0350e5d1ce8b6bdb,53531,43624072,131740,53429,43638037,131740
035fab4431f17ae1,107065,97140566,128849,107004,97173229,128849
03609cbe8c0b5cf5,58300,48385340,139620,58205,48406935,139620
0375660b2b9dee23,69893,60001942,139446,69790,60012833,139446
03825e3927b1bf41,,,,9918,48162,115757
038a1ebb59937d0d,11536,1624132,142578,11442,1645811,142578
03ec66c507cd67c1,106415,96522537,138403,106311,96537385,138403
0404213971b22643,52517,42582828,131331,52450,42623459,131331
0410fd08e1c9b9ea,103770,93880678,129979,103664,93890181,129979
0417d2ae3da43552,36519,26604966,138949,36426,26630603,138949
041d84c79e4eecca,102567,92661860,126772,102461,92673560,126772
04353d04bee5dd86,75146,65220554,131047,75079,65252837,131047
043e348185f20ef3,29115,19205205,139742,29019,19222932,139742
044b5962c2a6aee5,48800,38865241,140888,48730,38908212,140888
0456cf1c2620798d,43494,33591616,156250,43399,33602753,156250
048b40817b82b194,28394,18485211,140203,28297,18500895,140203
0491012f0d0e8e97,104238,94341921,136874,104139,94354853,136874
04b355b43fc7e6de,85950,76042432,139954,85856,76056723,139954
0513dcd7a64a3976,33894,24001522,139274,33791,24012556,139274
0560c37fbd148882,117255,107346269,139414,117165,107362639,139414
056b66816dfcead6,22626,12721180,138620,22532,12737390,138620
056b8aea6f4f3709,11651,1766913,102624,11618,1844912,102713
05866c3da8e25ad2,57767,47840662,132605,57712,47873916,132605
058ec8c7274ae9a8,40838,30920577,131949,40765,30945003,131949
05a082b407b94a04,81704,71802606,139955,81601,71812209,139955
05ca8568423e6e77,40992,31080306,132239,40908,31098635,132239
05da20d7ac258d27,60170,50281946,138421,60064,50291989,138421
05e7f0ba81fed25d,97323,87421934,137239,97229,87431996,137239
05f955bd11f5dd2c,39361,29480065,130529,39272,29490670,130529
0605de4a5b24c298,46168,36260593,132160,46070,36277324,132160
062408c0fde19e40,64552,54643158,132844,64451,54658036,132844
062fe354942d5f28,32687,22731685,133242,32632,22794411,133242
0636c78e0d798e00,80900,70985436,138104,80811,71007758,138104
0639d623daa44605,35668,25761385,138206,35576,25777872,138206
063e7bedc8e255d6,96190,86242800,130133,96157,86312375,130133
064197709ff4848e,39805,29901579,139349,39706,29912368,139349
0649434937edd837,48040,38162088,140308,47944,38172673,140308
064b78a8be7bac70,48096,38185623,139117,48002,38203106,139117
0652241f922cac41,68374,58465740,140385,68278,58481891,140385
0683662723f5e97b,76198,66302086,138879,76104,66312102,138879
068de26d07c41ff8,86673,76760882,131928,86590,76780738,131928
06a174d162932339,38410,28500464,132962,38318,28517721,132962
06fbd6b9a9d21284,74963,65062248,140208,74867,65072670,140208
06fc493ffe214529,97292,87385131,138010,97199,87399656,138010
072e913408e3bfef,92727,82822947,139018,92630,82838626,139018
073fd35ccace64cd,58036,48125158,139034,57949,48147930,139034
0746064ea51a9581,19424,9570709,360602,,,
07462d2bb6d96a2b,19264,9359968,131969,19166,9372679,131969
074f12f4fd4e9c76,84699,74763396,132448,84627,74806376,132448
075b7d17a0e8c43e,55925,45980519,131751,55858,46032108,131751
075e696c6b7495a0,118163,108262457,138576,118067,108273545,138576
07666e04b3927f12,39644,29740418,131998,39552,29751578,131998
07683d43e68d8c44,22433,12521793,140015,22342,12543784,140015
0776b68fd4c8df02,41537,31628833,137654,41442,31644826,137654
0783936dfd2a90a3,102721,92842000,136481,102623,92851784,136481
07c25d79cfa730ea,59994,50093406,140865,59904,50103666,140865
07c55f1f3b69abbb,42597,32680516,132261,42529,32704715,132261
07cebe0e188dc0b1,65464,55524745,143094,65407,55571807,143094
07d132d787b84200,25139,15223881,132579,25044,15246254,132579
07ee25bb72ae5c76,72873,62966210,140860,72779,62980772,140860
080ebca0db1df53a,88752,78843326,131960,88662,78859075,131960
081a57b210e0d73d,71499,61561323,131855,71432,61606074,131855
081c0fe187bc4ba5,86581,76660944,131721,86505,76688357,131721
081d3573e4ef1438,41229,31341425,138211,41124,31351405,138211
0830836d60e75842,27093,17184097,141271,26998,17200109,141271
0837c4d157533a9f,81106,71221985,138696,81004,71232047,138696
0857e2b980143749,87473,77582087,138955,87370,77592288,138955
0861812b56cd9df0,62940,53061972,138611,62844,53072407,138611
0864e1157eb15db5,100914,91006341,139103,100817,91021889,139103
0876db4a98e25d61,31135,21225045,139872,31039,21242257,139872
0894f8c27fbc9906,101816,91922178,138351,101704,91932624,138351
08a14b7378c2e2b0,25594,15660157,130995,25540,15700207,130995
08b523442fed1fae,48771,38841412,137840,48704,38878448,137840
08c6ab237e5310e5,108429,98542340,138156,108328,98553603,138156
08d0bd2782bbbdbe,104517,94621945,127430,104419,94632459,127430
08eeec6f61db1938,107194,97265863,137523,107130,97310457,137523
08facef8f3f08828,12080,2160219,132408,12035,2202814,132408
09248dcea6665cfa,69630,59704560,141009,69561,59741959,141009
09498f5203c0dc4a,80352,70467169,103059,80290,70483503,103059
095bee0fecb4f77c,111596,101702516,137997,111490,101712349,137997
09765e86df4f8b60,33454,23541500,138674,33364,23564821,138674
09b664c7f2bf6ba9,22843,12945168,140570,22740,12956622,140570
09de73710edbee06,43874,33981586,139395,43770,33991876,139395
09f0f1257dbf9c10,109120,99201299,130794,109053,99227330,130794
0a02021896fa7620,69351,59420622,130588,69303,59457933,130588
0a3e8a1703a22e7e,41170,31272272,139391,41070,31282529,139391
0a48b574088463c6,84483,74541406,133992,84425,74589799,133992
0a6bb44ad7ad741a,24609,14706373,138749,24519,14716543,138749
0a72e93f6a149b06,55558,45647272,95926,55528,45662257,95926
0a917488a4d57eeb,112686,102785652,156830,112588,102797402,156830
0ab5b5695d1219d4,19685,9741723,130128,19661,9793641,130128
0abbcc7d820028f7,80563,70623023,131411,80500,70669918,131411
0ac1fc427c3dc1c1,51920,42041728,138587,51826,42052264,138587
0ac22e69c155a746,42160,32244756,132763,42064,32267157,132763
0ad54214b5daf2ea,50681,40760515,132069,50608,40788305,132069
0add664303af96c0,99023,89122129,138616,98926,89132074,138616
0ae61938a4832a1c,34881,24942458,131287,34872,24993771,131287
0b0968dbeba61e9d,66572,56682777,143096,66471,56694062,143096
0b1cc018ca4780d3,52549,42620232,131081,52481,42655926,131081
0b3405b7114f5930,100424,90520867,130769,100326,90532205,130769
0b37143a16627df5,68531,58625497,138982,68430,58638369,138982
0b3b2a098801d1c7,62691,52802162,139924,62584,52812411,139924
0b3c000fee60c38f,70427,60522360,141170,70329,60535354,141170
0b5e31d8ff2b5949,77736,67826311,140631,77642,67843987,140631
0b69041875120a2f,31693,21720104,131382,31644,21800521,131382
0b7ce9aa2eee047e,74866,64962062,139233,74771,64974927,139233
0b8239721616e260,51070,41181033,131973,50962,41191009,131973
0b84e549e930526a,47884,37983141,133492,47778,37993544,133492
0b894a908b09c637,75757,65865810,141875,75655,65876159,141875
0b97bacb9a9c12cf,108909,99023973,101342,108844,99039084,101342
0bcc65bd5f766d0e,53213,43301584,137937,53117,43319965,137937
0bde097f092529a1,102290,92382476,140150,102196,92397461,140150
0be247890d08b721,83693,73785488,138319,83592,73800577,138319
0bffddfb40bde8cc,95516,85625608,137201,95420,85636649,137201
0c074bfb8cb6193a,98679,88785385,138355,98576,88795270,138355
0c24840b06cf72fa,48709,38765584,139447,48647,38817846,139447
0c329d203dbdb393,47791,37882974,133670,47690,37898587,133670
0c41c1efad12d32e,104046,94142214,138426,103951,94157610,138426
0c667c60d2614616,65367,55440824,131853,65313,55477929,131853
0c7bb571d2faca7b,16403,6520210,132501,16314,6532589,132501
0cf2d30e3c3b1b4f,11373,1462456,132896,11280,1482946,132896
0cf965068a321ad2,62754,52861887,139690,62649,52872108,139690
0d1babc8c210daed,19555,9628183,118420,19536,9762757,118509
0d365e24590c6566,72596,62704587,131528,72496,62714168,131528
0d3cce0dcfee16f7,20853,10961347,139349,20751,10976212,139349
0d4e83314d152f77,34488,24584870,137884,34391,24596406,137884
0d69e3a991057c7f,70396,60485401,139549,70299,60503989,139549
0d7448240ef7d1cb,58745,48845564,140352,58641,48856469,140352
0d8293274f587d85,102194,92282590,140390,102103,92301750,140390
0da52d23deb7d108,24140,14245097,141203,24036,14258320,141203
0dc348145caaac82,83183,73302494,139235,83087,73312634,139235
0dd16b983ec1a094,65976,56085744,139964,65872,56096166,139964
0dd2335cb302191c,14922,5021319,139637,14823,5033143,139637
0dd8d36ed0b24e3b,21890,11962217,131218,21823,11999463,131218
0deafee74b87f228,28521,18621460,139269,28421,18631997,139269
0e0465c475eae0ab,89146,79245146,156526,89051,79256892,156526
0e3192cac3a3b3db,114966,105022512,129364,114930,105086855,129364
0e4eddde20cca5af,33550,23641709,140871,33459,23659545,140871
0e50fbc538c6a855,117881,108002433,138519,117784,108012765,138519
0e552b3e24f00f5e,88960,79082127,139232,88864,79092029,139232
0e5970a0bd515915,117541,107642470,138501,117429,107652942,138501
0e5fe9897a62a85b,97039,87124849,137445,96954,87157188,137445
0e7e98262d3685f0,79070,69162226,140217,78955,69177835,140217
0e8cbf71f0b3ebe4,78903,68962929,130724,78803,69010873,130724
0eb003852d6999f9,14099,4179773,130918,14033,4209560,130918
0ec56af10c037979,107381,97465723,136530,107306,97492235,136530
0ec6e9734b01553f,104893,94985494,137962,104797,95001876,137962
0ec8b969e6a6f136,77931,68022196,139958,77835,68037682,139958
0ed5591fa12dd11d,24288,14381622,140493,24205,14396925,140493
0edf4487e883ce09,28583,18685090,138672,28481,18695563,138672
0ee6a777a3f8b2a9,82134,72225741,138751,82039,72241233,138751
0eeb1a1543cc0838,77292,67340859,132382,77235,67398780,132382
0f11c6d0e449190f,23116,13204893,138872,23022,13225438,138872
0f1721e7fda24707,52851,42943041,132124,52759,42957927,132124
0f2f8f8a0ac781fb,116823,106920911,129595,116751,106930268,129595
0f44420cdfb0bbad,38005,28104947,140032,37902,28117128,140032
0f4d034be8b24413,77143,67187611,131397,77104,67250315,131397
0f4fb97a19f678a0,104765,94862666,140744,104671,94876336,140744
0f5216fd7f9a0b27,53777,43885468,138691,53678,43895993,138691
0f8d69dcaeb6c66a,12548,2641444,139715,12425,2653143,139715
0f8f3747f74e52bb,98128,88201271,130228,98059,88235077,130228
0fb7a5f8d081e595,105376,95443414,137830,105319,95490135,137830
0fb93e2ba512e18c,20376,10464838,140158,20284,10487038,140158
0fbb094e1fe06bd4,119884,109986279,138393,119782,109996874,138393
0fbb76b3f3b7ecaf,12994,3101110,139031,12903,3115707,139031
0fda354cc22d8d68,82710,72781920,138211,82640,72817548,138211
0fdb7d362aa55cdf,19961,10041955,140204,19907,10071998,140204
0fdda264dca01edb,22213,12324456,137806,22117,12335983,137806
0fe666dbc85730ce,44147,34240504,133150,44051,34254911,133150
102053acf321b458,70171,60261719,138087,70079,60282609,138087
102175527e98b68b,56761,46860584,132490,56661,46871000,132490
10332fde4ac85ac2,101413,91440419,127087,101371,91519980,127087
103a75016f6ba6c6,24546,14641393,139145,24459,14653336,139145
109127f0a0d56753,105155,95220690,129305,105111,95264921,129305
109c7978a293a4bd,79845,69942914,130362,79745,69953156,130362
10b6c1adb3d2413b,47945,38062117,141898,47845,38073228,141898
10c6d1d2cc8292cc,46135,36222514,131865,46037,36242773,131865
10f1029fd576d6dc,10416,521486,140346,10313,532724,140346
1111384ae3c96af1,80781,70862060,139165,80705,70888981,139165
1117e96041c984a6,110634,100726088,139400,110539,100741876,139400
1133d147d57fdf50,66541,56640710,131707,66441,56650641,131707
11563c82db2973d5,46870,36943242,133156,46797,36976781,133156
11600f3460dc757a,115334,105422247,137376,115261,105451760,137376
11664b842fb5bd1a,22720,12821441,139620,22623,12837368,139620
1187977e8bb71555,51444,41541822,139037,51345,41552344,139037
119dd80cb8daf4c2,58960,49081750,138973,58864,49091996,138973
11b3d19742a21187,54505,44540283,130950,54455,44611381,130950
11bea49377604797,55717,45748769,117686,55679,45824296,117686
11ca100ef2b0189c,72906,63001934,138833,72812,63013838,138833
11daec98be6e3d3a,85136,75225606,138582,85042,75243659,138582
11e53d89893b84f9,18300,8420128,132604,18205,8434490,132604
12095c8a50a97475,97850,87944860,153957,97759,87958966,153957
12333bf201844ef3,26940,17061518,139980,26843,17071504,139980
12337f4f288f8b39,67005,57102005,139805,66909,57117927,139805
124c649d2920bab7,52703,42781911,139270,52625,42810686,139270
1251219be0f6c179,102874,92965840,138240,102779,92982009,138240
1269c89b4132f899,101498,91521645,126852,101440,91605344,126852
126a8ad40bd0c886,39580,29681379,138673,39489,29691712,138673
126da8f0b01bb9df,37850,27945142,138066,37754,27959844,138066
126f40ce4d772a17,48006,38121551,138448,47908,38131972,138448
126ff0252b57f9de,115601,105722160,136993,115505,105735422,136993
1284cae15738ecd2,79302,69422212,140161,79209,69432000,140161
12a7fb7969c87238,95143,85242053,138010,95047,85259389,138010
12ce2a43a1097b5c,90087,80229421,348124,90024,80255705,348164
12e7494142860b47,48258,38343229,134368,48163,38364961,134368
12edf08109fa9598,10661,748249,160398,10569,771913,160398
12f27e1a5a9a21f3,95486,85602454,139502,95386,85616903,139502
130c31e524e78355,63223,53321969,139715,63126,53332357,139715
1326b5a73500e028,67455,57520738,132054,67394,57563035,132054
132ac2a99cb017f7,89894,79983153,132277,89799,80001159,132277
13400ea77fc0ce97,87286,77382236,139524,87189,77393655,139524
134dfc6f6eca0d09,82916,73005639,140187,82824,73023526,140187
1357bfdfe267cb0a,23342,13487958,352664,23291,13526441,352704
137dd72d24e2be2c,62182,52301848,139396,62087,52312244,139396
1380c0b97b44803f,75551,65640760,131836,75463,65658212,131836
138ad70c716eba63,105058,95142046,111640,105015,95165807,111640
138ef43544dad6db,46928,37005765,139400,46849,37035664,139400
13ebcc009952097a,116916,107020981,129648,116842,107030496,129648
13fe01c5808ea757,35797,25885329,141355,35702,25910086,141355
140e080df28ef05d,80434,70511778,132058,80372,70540752,132058
141ec5e5c228eeaa,94101,84185632,114514,94042,84206583,114514
14270df144ec4f83,58929,49041869,138589,58829,49053411,138589
142e8c5e79c555e5,63439,53503425,133696,63373,53546332,133696
143975eafea3178d,88781,78881003,131735,88688,78891589,131735
144347aab7df05d5,115509,105622147,136822,115410,105635428,136822
144c393ccb71fece,70615,60722517,142380,70508,60733230,142380
1453968ee9ca04fe,35098,25180075,131199,35063,25208400,131199
146a6b138e18509b,89370,79465814,138751,89270,79477114,138751
146de0151fdc63ba,14952,5061131,138961,14852,5074757,138961
147f09b337eafe1d,18209,8321185,138287,18110,8338021,138287
14911db340d8e470,62308,52405590,160897,62212,52416960,160897
14a42c360756c727,13332,3425350,141152,13247,3446153,141152
14e99cba3ac02f44,42417,32504978,139676,42317,32523966,139676
155be0d4aed9bbe4,66319,56422225,140248,66223,56432741,140248
156ed458b6e41c82,39709,29802738,131400,39615,29815371,131400
158dea5f7f7859b6,94006,84149497,347306,93943,84174168,347346
159f9cc1dff28ec4,31547,21560320,132908,31517,21654054,132908
15a2858a2f38a134,65741,55825526,138599,65664,55848045,138599
15b0392220ee48f5,98380,88465751,136817,98298,88486784,136817
15c91b2df0395d57,54561,44602583,131807,54503,44668375,131807
15e1b407e423b2da,35188,25282058,140816,35135,25307662,140816
15f44f26c1fe84c4,17943,8019902,131062,17876,8052496,131062
15fffce0e191a50b,30323,20421840,140583,30227,20432143,140583
160a6f5cbf9f0ff7,63812,53902032,140201,63725,53920083,140201
161e4ce069bdff61,116945,107043024,130256,116871,107052173,130256
162a919efc2d2b1b,51603,41703178,132598,51499,41713812,132598
16372ac471dcbb9b,13461,3561192,139341,13376,3576757,139341
1688a616a163d13a,36679,26765657,117250,36634,26787783,117250
1690e6b64372d831,84158,74245359,138350,84063,74265612,138350
169ec85c8f7e290c,24023,14121282,138890,23932,14133907,138890
16a1273d1b1e847b,10540,661379,139081,10444,674516,139081
16c486f02589746e,96942,87025770,139214,96858,87055578,139214
16d191c2971acf62,55526,45631074,81555,55497,45649712,81555
16e01caf38b334b1,95174,85265313,137772,95078,85283961,137772
16efd07dca091ccf,57318,47421998,139030,57223,47432937,139030
17078fb616a273f0,94263,84320814,128247,94201,84369128,128247
170b6f3ff376398e,28615,18721455,140012,28511,18732074,140012
1710b4ae99459e95,77802,67884592,140939,77707,67909295,140939
1717a770a5c355d7,113196,103264611,140394,113126,103305314,140394
171a470b137f0c27,97914,88047194,339779,97841,88072784,339819
173cbf1ae2256276,62815,52921987,139264,62710,52932098,139264
17aebd42f92656bd,52202,42302087,140199,52104,42312300,140199
17d2719e9b878d44,66100,56221676,138635,66004,56232166,138635
17d51275d6ef3da8,102657,92761871,127246,102553,92771741,127246
17d934dc79bb609e,53028,43140553,132383,52922,43149974,132383
17d937a5aee5c535,105219,95280892,130060,105173,95331193,130060
17e099e16158bbd8,49119,39225053,138813,49013,39234919,138813
17e9c87a44bed077,64426,54521646,137264,64329,54533580,137264
17f3514c81fb5374,92669,82761943,137929,92578,82776350,137929
18091e19aa9b195d,77594,67702166,139992,77490,67712546,139992
1809379a98022feb,85583,75682185,138879,85481,75692591,138879
180f6f03e4544562,54590,44640388,131400,54526,44696498,131400
182dfb06af2bf897,90980,81102228,139284,90884,81112584,139284
1839836bfc102369,81734,71842227,140165,81630,71852703,140165
183f8e05f1bcbb94,19297,9400304,132102,19198,9414343,132102
1842a02091d21299,68593,58702076,140708,68489,58713152,140708
18567480ec3a9ea3,98064,88140855,130595,97995,88171122,130595
18837ecdb6d69638,67641,57720889,133077,67567,57748687,133077
1883c0bc4491041f,55655,45707805,116797,55621,45761502,116797
188f7263006512c7,19361,9462004,143208,19260,9476743,143208
18a3909a5432b45d,108582,98668304,141045,108487,98689688,141045
18ba1d8d361fe546,50394,40467619,117645,50331,40500653,117645
18ba92a6bba5bba7,110481,100602368,138871,110384,100612796,138871
18c3068822a604c3,87840,77941152,131877,87744,77950544,131877
18c689ed97aa5ab3,43906,34005069,139233,43800,34014704,139233
18e7a3ef1d7d80ee,117757,107865660,138744,117656,107875898,138744
192da2f66660e6db,14389,4501397,139531,14284,4513647,139531
193004bd432bcec2,36356,26443923,131350,36265,26465266,131350
193cea9a2b8a7e4a,107226,97302229,138277,107161,97336958,138277
195d3b9acfc91eea,70800,60922436,140336,70705,60933122,140336
195ec6c909a192ea,118322,108422497,138704,118222,108436853,138704
19680f577e24db5a,91951,82041892,136673,91855,82057727,136673
197789f7af2ea1ba,95455,85561921,136125,95349,85574211,136125
19802f9668578305,56320,46441771,139336,56224,46452157,139336
1988038b6df0778c,85202,75302106,138838,85107,75312513,138838
19943d10a55f29e8,29680,19760301,132038,29604,19787614,132038
199b40751a0e9c44,91576,81682159,138454,91470,81692024,138454
199ec71e552206b3,53499,43601865,138976,53399,43611892,138976
19af80357c1c852b,96613,86702525,137660,96533,86731428,137660
19bb154a99a2cf24,10885,981272,139095,10791,994642,139095
19bc953d4a1eb863,103354,93422693,141006,103285,93462667,141006
19c0b2882f978da6,74211,64302218,139744,74112,64317641,139744
19c722c46f3fb5c5,73861,63981746,138179,73763,63991965,138179
19d7fce4a464dea8,100688,90782593,137420,100594,90796105,137420
19e9f3b7fea45bf6,74274,64365581,138994,74174,64381648,138994
19f6cd0218ce3527,92941,83062264,138163,92844,83072602,138163
1a068029a749e9fc,20441,10541549,139864,20348,10555270,139864
1a08dca964c75539,11733,1806753,118587,11715,1861148,118587
1a2a8eac970d0b06,15513,5648548,354166,15446,5681415,354206
1a745da8da2172c1,54891,45002023,140014,54784,45011948,140014
1abb74fce8f98b4b,25749,15820065,131733,25683,15855422,131733
1ae6e35779bb8a29,46988,37081236,137225,46901,37095156,137225
1aebcff0e9cb3a98,106261,96362018,137116,106165,96379210,137116
1afa3c49e6c55ddb,113702,103822395,138067,113606,103831800,138067
1b1e2a396bd2988b,103003,93143530,318257,102936,93167179,318297
1b44fce7d62f4929,90343,80402998,131110,90282,80449571,131110
1b7a095a742c4ef4,51727,41840186,130798,51621,41850018,130798
1b84bd71de70aa23,29332,19406242,119340,29271,19438512,119340
1b89ec3999f7d9ef,98619,88725474,137994,98517,88734901,137994
1b8fa8dee4949c79,84728,74800993,131853,84653,74835651,131853
1bb6f226628a42f4,14214,4313031,138460,14132,4327191,138460
1bca2dde390ee0c6,62031,52141777,139298,61925,52151417,139298
1bd0c130b32e2c4e,47823,37920596,132722,47720,37930376,132722
1bdf13e824419bcf,21480,11566583,116305,21438,11590092,116305
1bdfbbaf7a791cd6,21128,11221478,140389,21037,11239521,140389
1c046d549e886f77,104111,94205640,155845,104015,94221828,155845
1c3c3f5a75f5e292,61041,51125548,140079,60946,51148604,140079
1c424a88344156c7,107680,97785431,137664,107581,97797450,137664
1c4de591a18a1654,115185,105262187,137466,115133,105305245,137466
1c5769e339fe7ce8,113581,103702505,137711,113484,103712249,137711
1c58d23c1553e38c,94509,84585906,139573,94431,84616709,139573
1c59f2882209b14a,112067,102160901,129610,111969,102173636,129610
1c5a6e5409916532,66188,56281731,137963,66094,56296014,137963
1c5c2180dbac528a,55493,45617393,347810,55465,45643543,347850
1c6799da331c6828,87807,77900972,131439,87711,77913684,131439
1c81c68c0c1d0d7c,36904,26962565,132392,36852,27012253,132392
1cad553671b2e5fa,15826,5900038,132050,15762,5934877,132050
1cb2e9b1f6d6dd76,21769,11840107,132513,21715,11877088,132513
1cbdd93783c0ca2c,15600,5685357,116345,15541,5708599,116345
1cd1626261c86a4d,101551,91600158,126435,101482,91657562,126435
1ce723bde0f1931c,111359,101442445,138630,111276,101466579,138630
1cf0b817c1ec7863,10949,1044914,138917,10853,1057829,138917
1d081eec8487c0d1,26040,16141416,139168,25939,16150979,139168
1d0e06b0f3c94a1d,27989,18101252,138024,27884,18111275,138024
1d27381f0cfb5460,116287,106402381,138179,116187,106412258,138179
1d474482937b2757,48740,38802280,140635,48676,38848124,140635
1d6257986b8aa8d8,85169,75262185,139529,85075,75276357,139529
1d66e6a0c0e917b7,36550,26641397,138511,36457,26659910,138511
1d6845b4790ed712,103323,93386345,141152,103256,93431175,141152
1d6f5061eef967a2,47222,37340219,130923,47122,37350876,130923
1d738c775cbb9fbb,119318,109425767,137976,119219,109436477,137976
1d8edf3a4ae6f447,41473,31565322,138726,41378,31579997,138726
1d8f8dfb63573b14,21322,11421356,138807,21229,11435379,138807
1d949ebd5fb4f931,52793,42880651,132608,52707,42900029,132608
1d9db03b4934f751,109216,99282655,129011,109145,99322954,129011
1dc0cfb9c8faaba2,50312,40427882,104813,50249,40444678,104813
1dd52f8be92175ca,112437,102545684,138790,112341,102560890,138790
1def87d8f92af4c9,46330,36420772,132406,46229,36436743,132406
1e09f0dab70feabb,31484,21515729,116381,31458,21590523,116381
1e0dc3da7affbbd2,35068,25140157,130921,35038,25182104,130921
1e1136c716791cee,36388,26481863,141067,36296,26498676,141067
1e14511ca7a76e3f,64080,54202011,139582,63984,54212819,139582
1e2eafa922cec4f9,99972,90036031,132359,99908,90078609,132359
1e523d75b74a58e7,114836,104924686,130119,114802,105029198,130208
1e7246497f19dbd6,78568,68605469,122481,78503,68673694,122481
1e792072eb7dde96,16784,6881109,138268,16689,6893949,138268
1e816cb7236e7d8b,85521,75622238,140034,85421,75632415,140034
1e9247da3db014b4,93503,83605217,137405,93398,83615842,137405
1e9a74983b1da736,102258,92353812,139422,102165,92364863,139422
1ea585c89a5efe97,117319,107405708,138713,117224,107427007,138713
1ecc285c404f002d,39741,29842181,142471,39646,29852484,142471
1ecdb9da1a4249a2,34613,24767619,344615,,,
1eceab060eaaf1d2,88811,78903233,131844,88714,78918451,131844
1ed1c0ac2ec9e83d,52106,42200584,132699,52010,42212922,132699
1ed913e2decbe89e,58006,48101692,139429,57923,48114239,139429
1ee101dc11b0876a,11568,1660412,131688,11474,1677748,131688
1ef84e6dfa2a838b,90797,80902094,138365,90697,80912476,138365
1f0c42d369253bfd,48552,38600030,130550,48498,38662439,130550
1f1b9292941af1b5,114118,104222119,137598,114013,104236023,137598
1f31c959233b98db,89647,79761988,138361,89547,79772439,138361
1f5e97cf1751c286,96877,86965361,136899,96793,86987604,136899
1f69fc454176be73,63692,53765516,140924,63615,53799389,140924
1fa9851b6579bea8,72657,62763279,132953,72557,62773119,132953
1fc3af787f4b5884,115915,106005183,136631,115821,106022354,136631
1fd649d2d1443d88,46810,36880522,132596,46743,36916582,132596
1fdec19c0dd71963,30726,20841935,142462,30626,20853482,142462
2011d994625f87c0,43812,33921905,139169,43711,33932298,139169
201e5d45e01719f9,97198,87285242,138601,97110,87309330,138601
206c67e540231fb9,29829,19922178,139791,29738,19936728,139791
2072173b6e54aae4,39210,29320137,130842,39112,29329852,130842
2073e6cf712d7c38,12580,2681306,140092,12465,2694658,140092
209033e42c927d6b,14127,4202163,132331,14057,4239324,132331
209fb7e75295e118,19167,9261329,138580,19071,9276781,138580
20a8448cc07823c6,97688,87785223,156152,97598,87797266,156152
20bb4ff2773b40de,11165,1279970,131696,11062,1292201,131696
20c588bf895a26e7,12806,2899910,131224,12717,2918650,131224
20c96910746c2b42,109757,99845967,138917,109661,99864649,138917
20cb591550e13564,76292,66385290,138365,76195,66404830,138365
20dc26e8e0988499,45263,35380361,131594,45161,35389334,131594
20ece1e526140ec8,82166,72262012,138547,82071,72273409,138547
21008cabf4f842f5,11134,1239683,130440,11029,1251725,130440
210e6ba98a7d3b99,97261,87361853,136904,97169,87375906,136904
211fb1328779800d,94801,84905230,138626,94692,84915324,138626
2166979e1aaabc33,68469,58562611,140163,68371,58577077,140163
2197b4e2e00be403,95705,85785456,137534,95620,85818670,137534
21cec7dc62e694d8,74681,64802341,139791,74584,64812233,139791
21d13ab4f98b8c20,14243,4341095,138382,14157,4356621,138382
21fbd873416acc62,76006,66105469,159802,75916,66116650,159802
221512a30d5f7a29,113346,103442529,138745,113262,103453505,138745
221b1443af578611,99614,89702410,138948,99519,89721434,138948
2239ff38a472b570,89494,79602215,140110,89390,79612960,140110
22438b8f92c67941,88319,78383286,132440,88260,78426470,132440
2264a31538ce2934,81826,71942527,140435,81725,71953619,140435
22924f81b07915b3,108055,98147072,129595,107961,98163010,129595
22b4acbbaf88d368,49430,39521726,138708,49334,39537747,138708
22b56f861531cbab,20079,10179924,131275,20004,10193506,131275
22be489e27d10dc2,49927,40040860,132455,49829,40050385,132455
22f5dfa06396837a,90055,80145603,138653,89958,80161970,138653
230dbfd7c34a2783,90650,80740613,129956,90567,80757881,129956
231550ec0164a9ef,21830,11900197,132655,21770,11940553,132655
234ec173a9e31ec8,109637,99745820,138444,109540,99756506,138444
2353b75c7d089037,25983,16081092,137466,25889,16090775,137466
235b28f6de071f75,82887,72981967,139056,82798,72994851,139056
235c7a31d522e540,36300,26421759,140006,36205,26434800,140006
239c8bb7d8447257,119103,109202590,137419,119021,109212513,137419
23c96f7e7afe925d,28489,18584565,138351,28390,18596491,138351
23dbb0f864770f78,38715,28800519,131560,38650,28822583,131560
23f904931cdce60f,15417,5521425,139398,15323,5542710,139398
240b389e15cdbc33,94419,84485001,134885,94349,84525958,134885
241eb7b20b038a69,17160,7281561,139783,17065,7294937,139783
24341344b15ecaff,57220,47321949,140504,57126,47331988,140504
243666b6f3633a51,101604,91662371,139286,101525,91712040,139286
2436ddd154ec5736,106199,96285234,137572,106105,96312131,137572
243b59a10aba008f,44405,34549638,349427,44344,34575979,349467
244626cc06b89247,71677,61760838,132253,71591,61783758,132253
2449f9b79fa248af,73345,63420943,132408,73274,63451966,132408
24550ffea1cddb8e,50952,41061912,139339,50853,41071714,139339
2456ab4d3d4b9173,94830,84942040,137096,94724,84951787,137096
2464663c3a14b5eb,93909,84000573,129664,93819,84016276,129664
246e5272617c64ec,106071,96160684,129056,105980,96179077,129056
24927511dca49b05,21007,11121515,140044,20911,11133404,140044
249b110e609504d7,64049,54162124,139981,63944,54171767,139981
24a0d65531810d9d,76538,66644577,132496,76438,66654578,132496
24b25a5b6347cbc7,48889,38962907,132904,48808,38995687,132904
24bac2e451ebf9f1,79657,69745684,140228,79564,69764588,140228
24cc0cebc7d691bd,67993,58105976,140025,67896,58115858,140025
24d17fafbce4af30,71908,62022036,139638,71803,62031651,139638
24e0f7ad805fb5c6,51011,41120382,131014,50907,41129946,131014
24ed83b213af518e,41440,31541915,140003,41346,31552349,140003
24f098f386904277,113317,103402438,138935,113235,103423654,138935
24fd3689764f3760,112589,102682535,139319,112491,102696366,139319
2502a38be2625728,109308,99385223,137318,109231,99416033,137318
25043c0e0ff06407,43396,33485014,138959,43301,33503043,138959
2514408ea84d5602,70043,60162116,139446,69951,60176293,139446
251b28bba6467349,104175,94262943,131440,104078,94284585,131440
2558d1374243cae6,10306,401549,139713,10220,417821,139713
2560e29a17ad0234,119256,109373629,137358,119162,109383724,137358
25637424d3f619ee,73592,63682063,139433,73503,63698984,139433
257537fe4e0ff7b2,21290,11381614,140170,21197,11399005,140170
2585800a55f73f0b,60321,50422169,139866,60226,50432225,139866
2588a3ab4387b8bc,68116,58206117,139842,68022,58223760,139842
2590cd0c5ad4b851,82585,72643077,132153,82525,72692426,132153
259dd31e1fef629a,38066,28181490,138996,37971,28203582,138996
25b374a9ff9fb114,62566,52660851,132418,62463,52673261,132418
25cd3e4e9280f520,117819,107925755,138056,117718,107935397,138056
25eb4b8704c9fd70,31800,21842756,133540,31731,21906675,133540
25f7c1d2213ce0b7,33123,23221439,138902,33021,23235507,138902
2631dec4ece44018,24976,15073085,140228,24883,15084232,140228
265c9ac84951a58c,29300,19385983,119104,29240,19407853,119104
265f522e70e01af1,96408,86482139,138169,96358,86528802,138169
26712bf2bb933dff,52998,43102806,132739,52891,43111845,132739
2676cd95cd580928,88870,78980882,131926,88767,78990649,131926
2692a60e62895f3a,95238,85341905,136933,95140,85356867,136933
2695b5b0f841857e,36267,26381615,138754,36172,26392730,138754
2699f42dc2fe44ba,75669,65765328,138956,75569,65775939,138956
26a536991567f1c9,54977,45065474,138697,54882,45083495,138697
26a94fbc8c799477,29918,20021540,139438,29817,20031130,139438
26b4be4dfc456be6,26248,16341433,139593,26153,16355446,139593
26b6b54ef6d24a44,101903,92022182,138023,101804,92031940,138023
26bbf876bbbcc4f1,39391,29502264,131511,39303,29512238,131511
26cb6752f3449a78,112782,102925911,333308,112719,102949611,333348
26fb7e43685b092a,62598,52700431,131439,62494,52710664,131439
2706a38a2004c1bd,110827,100967633,337169,110760,100991585,337209
276080936b218305,65114,55205832,139649,65019,55221044,139649
2770c89890167b59,76918,67013135,116616,76890,67024822,116616
27793cea9ced5550,94626,84722141,138399,94535,84732885,138399
279272e83161cced,53593,43702253,142484,53488,43713404,142484
27a4d2dec2ca612f,42629,32702867,131918,42561,32736691,131918
27adb3cf00f1ed0d,45985,36101573,139148,45888,36112837,139148
27c1294b53095422,119287,109402538,138474,119191,109412881,138474
280120390922e1fc,34945,25002534,131360,34930,25053624,131360
2804013b6887922a,111536,101642396,138920,111435,101652972,138920
284f79e4c96cf21c,29430,19500316,131686,29367,19537206,131686
288737ca516e8eec,65858,55961885,139004,65767,55972235,139004
288b0cd0f5a990a7,105584,95664089,128786,105501,95694597,128786
28cdda92923a3865,14891,4984707,138745,14793,5001527,138745
28d22a06c87543cf,48373,38488287,101398,48321,38505351,101398
28ebb0056a6d2ed9,32252,22347211,154848,32161,22360773,154848
291dd64a342c5d79,38572,28684182,80373,38508,28706679,80373
292059abab06a8f3,95866,85961827,137000,95779,85977627,137000
292a5203e6431574,23026,13141568,140184,22932,13153216,140184
29494ca857321534,37912,28005175,139237,37814,28022998,139237
296a3313209906f6,24577,14681294,138859,24489,14691612,138859
297305000fe7dd17,95834,85921776,136850,95748,85945647,136850
298b4a8757f1fac0,62152,52265509,139814,62057,52276343,139814
298b72ee4be7d46d,19902,9982070,143421,19857,10012597,143421
29b1533b85877c13,30194,20281320,138476,30100,20301182,138476
29d52e7503e44ab8,92173,82250879,130437,92114,82280902,130437
29fbedf281de61ff,107959,98052449,156084,107868,98072513,156084
2a047fd595794ced,42040,32160249,131126,41942,32170943,131126
2a0d7de14b8e6052,16847,6942146,131249,16749,6956449,131249
2a17c37ad46cb656,76415,66522128,139308,76311,66531959,139308
2a48518c494ed7aa,112974,103040970,129791,112914,103081077,129791
2a5042ab2faf5700,98031,88106019,131622,97963,88137834,131622
2a5055f29790cf4f,119727,109822788,140127,119630,109834404,140127
2a708f08ee6c307c,58867,48980610,131937,58767,48995157,131937
2a73782d4f88b438,16526,6621810,142119,16438,6636415,142119
2a787123a18595f4,46016,36124944,138505,45919,36135278,138505
2a857e1b6039faf1,77769,67860825,132325,77675,67876475,132325
2add8917a25b4156,44851,34921612,138755,44781,34957972,138755
2af4c379dfeb45f3,60052,50145281,139154,59954,50158907,139154
2b0d5ed171bd3193,29651,19722535,132394,29577,19758546,132394
2b17d336b2f2ed92,34456,24561547,139408,34360,24574725,139408
2b21f54c63139d30,100482,90593567,137958,100378,90604622,137958
2b27a596f98cda0c,85798,75906135,141178,85699,75916568,141178
2b4267563a9c8e3d,78988,69062100,139433,78878,69095056,139433
2b608182aae010aa,67518,57583435,133536,67454,57625696,133536
2b64458153feb487,45863,35963846,140049,45756,35974432,140049
2b7afeff5cc80f3d,90279,80342877,130125,90219,80385860,130125
2b9707c8d3a67eea,14983,5084545,138842,14881,5096637,138842
2ba41507160c9165,40961,31040319,131697,40880,31068309,131697
2bb046449cabb434,31516,21535737,117949,31488,21621870,117949
2bb2ee1cd668b66b,42224,32321677,139919,42128,32331889,139919
2bb4cf5ddfdfa444,43750,33845594,141151,43651,33857545,141151
2bc3bf3a62533b33,31878,21945789,138881,31794,21984974,138881
2bd0423365cfc34a,65334,55411903,131268,65280,55444557,131268
2bdbb772619f2ffd,38215,28303877,130384,38126,28324515,130384
2c037f72a525f7c0,109278,99362007,137004,109203,99385872,137004
2c12cdb7d9bef488,50492,40571220,130446,50428,40598434,130446
2c2d453e8a2f436b,20634,10722334,132355,20540,10744196,132355
2c3cd6597dee0601,87565,77682287,139085,87464,77692832,139085
2c44bbf52c298203,30820,20941837,141332,30724,20952859,141332
2c4aafa221a16f25,74802,64885642,139758,74707,64914095,139758
2c60fb5d5c400e14,62996,53085215,137614,62902,53105763,137614
2c64ba79667f3ade,42289,32381777,139951,42192,32396219,139951
2c8601c6df76d0e9,106229,96322192,137972,106135,96339875,137972
2cd38a8d4386fad0,45831,35940127,130577,45727,35950322,130577
2cf38318bb0d00da,94538,84622255,139108,94457,84645995,139108
2d19e17868b72d97,54644,44705741,139510,54571,44752433,139510
2d551b7931606188,116256,106365583,137752,116156,106375601,137752
2d59175e46ebc2b3,28019,18124870,139989,27912,18134331,139989
2d74c723ce8fa671,112877,102964983,130865,112818,102984814,130865
2d76c89d1781d20c,28800,18921836,140967,28704,18932628,140967
2d7c07dcdb146283,63661,53741763,138963,63586,53768409,138963
2db2e2be7f2cc516,88572,78643339,131395,88500,78678833,131395
2df099da48d0795f,118883,108981179,131083,118811,108995678,131083
2df7e1474db627bf,107894,97985744,137301,107803,98008710,137301
2e01733a06a94334,20505,10601480,140537,20413,10616516,140537
2e2966159adf6fe3,41320,31441505,139085,41224,31452075,139085
2e3711b5cd962365,61882,51981952,139690,61789,51992184,139690
2e4cedca9f5c3973,105526,95609640,139036,105451,95637328,139036
2e4fc49a9c350c14,62534,52624209,130947,62432,52640905,130947
2e5fa3e21cd0bb65,70138,60230106,158810,70046,60251397,158810
2e7086f566e81666,81980,72102239,140407,81884,72112101,140407
2e736d69079bb1b8,39993,30101624,140006,39885,30112213,140006
2e7c02126272b847,12051,2119963,131624,12009,2175754,131624
2e92d39f4fdb7595,104332,94442562,138707,104231,94457302,138707
2edfd73a187dab6e,99367,89482273,138013,99265,89492994,138013
2ee6f3cf66bd0703,102352,92440541,127978,102257,92458910,127978
2ee9aa386b37f68c,78281,68367187,118705,78225,68386448,118705
2f0441c8088e8671,44789,34860301,131185,44723,34895561,131185
2f4fefde7ed59ef9,80499,70560856,130932,80437,70606703,130932
2f6c3e2e4172ab20,84094,74182223,139686,83999,74201221,139686
2f7002618bc369d9,97883,87980612,129551,97791,87990076,129551
2f89178e5b5844c1,55809,45842605,131107,55760,45919680,131107
2f933bc6e0ad1dc5,45676,35763995,131308,45576,35783363,131308
2f9d7c6d21684e53,61701,51781807,138757,61622,51808276,138757
2fa523fe4d5367dc,36841,26900508,132534,36792,26952075,132534
2fb87ff673826f06,77963,68062967,139850,77867,68072875,139850
2fbbaf5be51ae22c,13854,3919759,130901,13814,3964719,130901
2fdd42a02bf959e5,107741,97862444,138913,107646,97876483,138913
2fdf8be5741df16b,93126,83221724,136658,93031,83233785,136658
2fe4e42b3376be7e,67391,57460918,132963,67332,57497853,132963
2fe640156fb379a9,68182,58268954,159095,68088,58290435,159095
2fecc703baf390e1,58589,48682147,138766,58491,48697457,138766
2ff141cc236bb6f0,35894,25985142,139049,35795,26004257,139049
2ffe917d79aaedbb,62061,52182052,139416,61964,52192603,139416
300ed22ee2343348,89861,79960820,130966,89767,79970674,130966
3016d4a921978793,61381,51466632,119375,61311,51488330,119375
3035e11269dd542f,99516,89613263,137938,99422,89623301,137938
306a557f6cbd6b75,31773,21820239,131712,31709,21879878,131712
307f6f230d37df94,10059,99841,131439,10022,169494,131439
308492811fe76aa6,30512,20605109,139553,30411,20619286,139553
3096a01650d1d837,63599,53682536,141044,63527,53706491,141044
30e1021789f48e1f,70584,60680975,132853,70479,60690926,132853
30f3e829c5555600,12869,2964039,142016,12780,2984788,142016
31001afa80d7cd6f,49333,39422270,142559,49238,39440706,142559
3159d37c0c757348,73891,64005244,139210,73795,64014717,139210
315a3b35c9a88976,74178,64265896,139635,74080,64285640,139635
315b96621e5dfba3,107829,97922198,137726,107738,97945385,137726
316795dce6d74d7c,50712,40800438,130442,50637,40819421,130442
316a139438ef484a,118819,108902961,130320,118748,108926719,130320
318074a809a1fad3,90827,80942137,138179,90724,80952293,138179
3186e09fde1f48cc,30573,20681526,140025,30470,20692937,140025
319a9593eef456f9,25433,15504833,117075,25383,15539050,117075
31fc0b003a4780ae,69122,59269389,350654,69072,59303552,350694
32027b5bdf070a2a,88448,78521260,132998,88385,78554929,132998
3219e79222b99912,29495,19571596,131629,29430,19603025,131629
3222424294cd350d,47914,38020609,133132,47807,38030315,133132
32248e21c953da37,50863,40961480,138210,50774,40971634,138210
322640eab7eff130,79906,70003115,132010,79803,70013465,132010
326106da5a9d455e,75369,65441383,131429,75295,65476169,131429
32da831305f4b6c1,58621,48721868,139867,58522,48732777,139867
32ddde8b4d174434,101735,91822211,137162,101632,91844378,137162
32e6579c226da682,109886,99985833,158970,109789,99997893,158970
332bec978a333fdc,83220,73342437,141078,83125,73352996,141078
336df56dbbea324a,65946,56062096,139014,65845,56072580,139014
33b3d0473c6ed4b1,89113,79205823,138915,89018,79221846,138915
33c1391aa2cc91a3,44373,34465501,139730,44275,34480311,139730
33c48968ec70905f,112751,102843016,130278,112651,102857341,130278
33e6dfe4cc884162,13948,4020203,131759,13900,4063373,131759
33ed51b3d386a9a6,114646,104742269,137438,114557,104759047,137438
33f78f0e6f9a252c,95961,86109082,343718,,,
340f5629bed0d083,28426,18521546,139364,28329,18533035,139364
34149c897715100f,108087,98181014,130761,107993,98195606,130761
3415759be5df880d,111299,101382370,138249,111222,101407333,138249
341f17e977128925,98256,88340902,130632,98183,88362872,130632
344241239b5dd1f0,108150,98244766,142053,108054,98260496,142053
34527cc111d226e4,44276,34364453,143265,44180,34383897,143265
3456ef66e455c19f,90856,80965424,137994,90750,80975733,137994
34595ef46b57386b,56142,46241940,140199,56040,46252888,140199
345e2ca6c58bcf05,56285,46402031,140808,56185,46412271,140808
347abf46b59c6525,20698,10800019,131921,20602,10812624,131921
34a647a808f0eb77,115690,105782287,137021,115597,105798735,137021
34b9c1aaa7c6a271,79099,69201862,138701,78984,69212069,138701
34c6c483a9416ed7,24733,14841483,140217,24637,14851686,140217
34e7526899913d4f,116730,106843732,100583,116657,106859185,100583
34fe5a5ef1fe8a9d,46080,36200277,131419,45983,36211096,131419
3517b167c8b790e7,31103,21201390,138953,31008,21211915,138953
355097fb6a056c22,105787,95902777,141053,105685,95915184,141053
3551a525bd91bad5,45204,35317551,114649,45098,35325735,114649
35892777621d98bc,72776,62865577,138861,72682,62882894,138861
35cb9fbd67154e0a,62092,52205619,139606,61996,52216149,139606
35d4a41df4fd318f,105729,95840801,130154,105627,95855289,130154
35da2fff1b134c22,38378,28461247,116566,38286,28483593,116566
35dd68ad36cf7911,35481,25601534,139331,35390,25617600,139331
35e10957a1a96ea2,51347,41445358,138340,51250,41455323,138340
35f30ae80c4c8917,69922,60025477,139415,69816,60036005,139415
36004ee528578950,55839,45880452,131233,55786,45949765,131233
361772fcb25aca45,112827,102942846,101386,112768,102956720,101386
3638bd6a4a098fbf,100819,90907952,138409,100723,90926782,138409
3647ac561c18f9a7,27781,17865163,138314,27696,17887993,138314
36608cd2b91b5747,93349,83442188,138567,93249,83456797,138567
3671b0f48aacfd02,95424,85528439,155528,95319,85543057,155528
36a542cc8152ffe4,37529,27621564,139156,37438,27638060,139156
36beda25160a371e,51101,41220589,132689,51002,41230681,132689
36ceee06414f382d,60703,50800674,132031,60600,50810074,132031
36f65be28d3481ce,16281,6400227,131730,16183,6413351,131730
36fdaf72dd29c274,100251,90322941,141827,100171,90358670,141827
3700104754f8fc6a,19780,9842255,132175,19749,9889640,132175
370d5ddf8c869610,42564,32640705,133986,42497,32671593,133986
3729659a65c71336,102628,92740396,126307,102522,92750383,126307
373b689914fd6753,63990,54102109,140126,63886,54111960,140126
37652c22c9a6db56,41853,31961543,139559,41749,31972149,139559
3768c95109681c1d,117101,107222362,137829,117020,107233119,137829
376ef16504b1b0a1,17787,7861859,142746,17732,7897857,142746
379d694bf031c7cc,23390,13505266,103559,23347,13535974,103559
37a5ffa20feeb270,54863,44965316,139271,54756,44975029,139271
37adfad7013d92dd,96585,86664936,137098,96509,86703546,137098
37b5cda33f0737bc,50773,40860324,131241,50693,40880708,131241
37bdd3a88bdf9af7,119502,109602650,139560,119407,109613503,139560
37cf1d274837d169,114243,104344364,138838,114140,104355508,138838
37fb182dc5d6efd1,99678,89765483,137838,99583,89786140,137838
381d8c448b413cb4,82828,72905995,140637,82746,72936333,140637
38476ab15f64f02a,51411,41505386,140033,51313,41518848,140033
384ce045caa85944,55008,45101648,139008,54914,45115576,139008
38521f82e637b1c5,112034,102125487,137343,111938,102142004,137343
385ac5505c3d33fb,98648,88761971,137158,98544,88771884,137158
386bdce01e2e7a99,118227,108322569,139125,118129,108334315,139125
386fe1c283dc8628,92609,82702246,137761,92525,82716892,137761
387e42d6230fbb2b,95206,85305049,154891,95109,85319094,154891
38880e073691b423,53437,43542022,139822,53338,43552646,139822
38a2acd4e488fe25,48616,38680555,131246,48559,38722575,131246
38a69d13761a0ff7,30876,20965251,138765,30783,20984270,138765
38ab61f6939d36d8,100850,90942726,138679,100755,90957877,138679
38b81e4f4d3a9e08,112193,102285756,139576,112092,102300364,139576
38d753dfff2c5f6f,29250,19365895,102580,29190,19382862,102580
38d799a23a7d4d0f,89709,79822642,138876,89608,79832981,138876
390820203f590521,106384,96485601,136945,106282,96497978,136945
390baffc21854de4,61942,52042156,139650,61844,52052065,139650
390fbc92d1df91cb,65431,55500573,131862,65376,55540531,131862
392e1b1b9782c8e5,24417,14504492,139257,24333,14528902,139257
39567e2e17e6c4da,10029,62225,131695,9997,139462,131695
396e476a24598e2b,20226,10340014,131626,20127,10353385,131626
397de519688981b6,21257,11344680,138421,21165,11367393,138421
399a4e398833403b,11799,1859874,130922,11779,1926695,130922
399a889687564c89,85234,75329076,159811,85139,75342523,159811
39a39caa142eaca6,16162,6261924,142195,16069,6273765,142195
39b0a46272b97995,15106,5219933,132151,15007,5234469,132151
39cde1a9e9295071,112315,102422466,138976,112209,102432542,138976
39d52119fb5c5d67,96498,86582035,136997,96436,86621801,136997
39df95e679c5ea6f,76786,66957406,344251,76754,66985255,344291
39e787d60b696061,57609,47680800,132131,57563,47716167,132131
3a6b8b1689c22c9f,88222,78308115,118277,88164,78328114,118277
3a7698b31e73d372,51380,41481754,139495,51282,41492812,139495
3a806fb10f7a5c78,16911,7020133,132427,16809,7032902,132427
3a81b9f3e6350cc3,34669,24784969,103852,,,
3a9dc09a54fe2f1e,79689,69780610,130392,79596,69795953,130392
3aaf8b5b7fe899d1,23601,13660433,130830,23555,13711209,130830
3ab35948e5d9abac,70738,60846366,140188,70638,60856758,140188
3ac65fbedeaf266f,84222,74368711,350786,84163,74394599,350826
3acd4ef097f7a3dc,64489,54592520,132731,64391,54602224,132731
3af93c88f3eac80b,116195,106302241,137046,116090,106312723,137046
3b1a75322ffa02a5,111175,101245619,138646,111107,101282423,138646
3b5cac7fdf75ae1a,105975,96062173,137171,105885,96085632,137171
3b6821989b743d3b,69863,59965890,140484,69764,59977024,140484
3b6f2c3d620868e2,87720,77840797,131500,87622,77851042,131500
3b7b4623d3a8ca8a,17562,7648615,117415,17513,7674456,117415
3b88c583f4e2a05e,85081,75202211,139231,84984,75212953,139231
3b9d4c3f52b88c51,12900,3001096,138489,12811,3014625,138489
3b9ea5585241b1d5,21578,11639983,131266,21534,11690194,131266
3bb3ba8d829bbfeb,34550,24661540,138328,34451,24676723,138328
3bc594dbe7fd0399,69660,59741959,139664,69587,59771536,139664
3bdbb9337e3694a5,72627,62740777,132960,72527,62750924,132960
3be10ba703753867,105555,95642346,138540,105476,95667619,138540
3bf9db8c8f548930,10473,584658,139404,10378,595702,139404
3c004fbfd7621f42,50651,40722549,131936,50580,40757777,131936
3c1421218cfac768,23907,13984815,138500,23833,14022262,138500
3c1622e4e8467eb9,21353,11444935,139680,21260,11462729,139680
3c192d1f0cb66556,70553,60644317,132427,70450,60660670,132427
3c32327cdd873945,35275,25364917,139527,35205,25386891,139527
3c341cd9c1f1c948,24385,14480990,137034,24302,14504090,137034
3c35b2b779959297,18387,8479911,130841,18295,8495591,130841
3c658c211426cf85,32657,22696350,131481,32603,22763553,131481
3c6ca252863e188c,21799,11862192,130917,21742,11908130,130917
3ca891064873615b,54446,44480347,131357,54404,44552033,131357
3cd1a293ee79aa96,109667,99782563,139477,109571,99793333,139477
3ce54eb5bce40769,59473,49548519,132372,59423,49579784,132372
3cf839bc05ca0f07,119226,109342471,137654,119135,109352944,137654
3d168a43709b3fa0,42447,32579926,350318,42375,32606714,350358
3d19f6b0d13f45d6,26442,16541537,138424,26346,16552013,138424
3d1af0199ddb9de0,42352,32445450,139948,42255,32459311,139948
3d1fd07e5c329441,109952,100042497,138855,109853,100059199,138855
3d23e9b70267ffee,45354,35442809,132260,45258,35460786,132260
3d4742a8ee02a28a,47976,38085851,140168,47878,38096159,140168
3d4d5856a92146b7,78314,68389613,131734,78258,68420316,131734
3d5ffd7d15a0a018,50361,40447767,117345,50299,40467193,117345
3d7c6d07aeddd12f,113226,103302167,137365,113153,103333283,137365
3d9a72eaa2dd97ac,31207,21389364,331396,31183,21413981,331436
3d9bbf02a5b1a2bc,64298,54389136,161300,64203,54406467,161300
3db0395dbe1020e6,37292,27385293,137976,37196,27400983,137976
3db49cc92f01e5a3,87905,78002647,142130,87809,78012734,142130
3db61211840d8fc7,116507,106602720,140016,116411,106614579,140016
3dde32bc8b227572,20760,10861339,139498,20662,10872637,139498
3de59b349c13af32,86211,76327068,104708,86144,76342606,104708
3de9f5c54fc11e8d,51976,42065677,140036,51882,42083912,140036
3df518caee631798,94357,84420825,130383,94292,84464776,130383
3e01007715b3438d,18801,8899866,130653,18701,8911727,130653
3e0e08edd9645adc,53961,44059879,139324,53867,44071135,139324
3e4514c8fd498f97,62373,52465703,140940,62276,52480556,140940
3e51dea351ae489a,101384,91400320,127525,101346,91490564,127525
3e78b0a0a24b6306,108647,98742177,138296,108551,98754043,138296
3e9cf2cddf43970b,26754,16860210,132573,26647,16869836,132573
3e9dfe0e787417ae,113103,103162686,129220,113038,103214077,129220
3ec52aef64d6dc2d,14670,4761243,138897,14578,4779752,138897
3ee11b816ed015e8,79399,69491533,154652,79308,69507241,154652
3ef3546b5a127010,56170,46265326,138611,56065,46278054,138611
3ef41693eacf06ae,108306,98405803,138660,108203,98415612,138660
3f022a0fe6f114b4,40148,30261783,140205,40047,30272397,140205
3f14b96ecc349611,87596,77705896,139465,87497,77715899,139465
3f14f48b1cc033a8,119436,109526033,139642,119341,109543775,139642
3f418f08fbfcdfe1,13055,3160361,131919,12962,3173095,131919
3f4dafaf994f5dac,15076,5182681,133282,14977,5193766,133282
3f5640046c8f4f87,79937,70042515,141540,79833,70052970,141540
3f5ed7173528b9ac,32869,22957834,116172,32799,22975914,116172
3f61a3f64e596947,90468,80540802,130705,90401,80574892,130705
3f632646639aaa65,17851,7925210,139740,17792,7961061,139740
3f66461fad1791a3,75179,65242815,131790,75111,65286215,131790
3fb96c7c9f3db033,38875,28960325,132592,38805,28982146,132592
3fbdb8386a439dfc,50588,40660712,131189,50520,40694869,131189
3ff208f1c4f01779,20946,11061507,140306,20846,11076065,140306
40307867087d59f3,87350,77442490,139472,87251,77457421,139472
40486589aaf23511,81201,71322632,138331,81104,71332531,138331
4068c2c3394b4a89,104635,94722187,128053,104542,94743572,128053
407ff3b508a76e08,81610,71705961,139975,81511,71718125,139975
408f390a96b8b273,68214,58304977,155566,68120,58321909,155566
409d141beec88c8e,104394,94499947,124785,104290,94512773,124785
40b76420ef92fcaf,21860,11940079,131823,21797,11968961,131823
40bc2b0f7c6861e5,84816,74900867,131740,84731,74923866,131740
40c96474778bf00f,44820,34884319,142164,44752,34927645,142164
40cc1d6b77a9d2ae,30480,20581556,140542,30381,20593056,140542
40cfd51800db5c1e,43183,33301951,139838,43083,33311729,139838
40d84a369a84f5b0,102032,92125142,155589,101942,92141115,155589
40dc525f3b6e78a0,81673,71765637,139879,81571,71780214,139879
40dd583403768aae,81017,71122000,138755,80917,71132042,138755
411695b5c250675a,51851,41964236,131108,51757,41974729,131108
411f9150243ea01f,109577,99682676,140040,109475,99698079,140040
4121685280e26740,53685,43801951,138739,53584,43812251,138739
4121e28c627d13d4,39547,29642109,142044,39457,29653928,142044
4128f398001f75b3,69539,59603009,131586,69480,59645964,131586
41514d0210496edd,86359,76441274,131883,86292,76466036,131883
4155966d2b136106,87412,77505843,139835,87311,77519217,139835
416b286ed2e05b7b,46958,37041808,139846,46875,37065412,139846
419bf6515fd96302,111939,102025949,138338,111844,102051036,138338
41ae219d48d498bd,32811,22918463,116061,32746,22926873,116061
41fd884a6f9a1b7d,33772,23864128,141087,33674,23881430,141087
4201e407fa0f6b3d,37755,27845130,138907,37661,27864860,138907
42058048167fe8a0,109339,99422376,137782,109260,99446456,137782
4210a50a281830c4,85394,75483012,132306,85298,75501364,132306
42515d6e5ac8a4fa,114869,104946534,129906,114835,105030371,129906
426930bb53a787c1,12429,2545137,138132,12337,2556591,138132
4273ae4557e15f54,64613,54721812,138933,64510,54736141,138933
42a5219d0891d1e5,55952,46004520,141811,55880,46059800,141811
42b6a1d89b06e48a,119631,109726158,139140,119535,109738268,139140
42ba67d59c3f83c3,66939,57024746,142512,66843,57047457,142512
42df2a360950915f,52389,42457912,117129,52325,42498110,117129
42e486d05b7a816e,75975,66062367,139447,75885,66081677,139447
42fd6c2b3667ce26,98287,88362836,129805,98212,88393636,129805
42fe6a3255349b6d,55749,45778095,116953,55707,45854300,116953
430105fb4b1d7160,45452,35541827,139814,45355,35559079,139814
430db5a9d2bcddb3,71130,61246430,105110,71076,61262735,105110
4311e0a7783818e5,66221,56325560,160897,66126,56337643,160897
43244e753827fcd4,114054,104147857,135647,113953,104163896,135647
432973b978d54063,66875,56963278,131661,66778,56981836,131661
432f9c2e272e3ad9,43242,33361677,139788,43145,33372323,139788
4348317e6787d75e,34425,24521384,138574,34329,24533218,138574
434e91edc5b3bec3,74401,64502191,140918,74297,64513126,140918
435f37a1568cb7bc,101035,91164044,120803,101019,91172628,120803
43679d02b32fd785,90767,80865796,137895,90670,80875776,137895
439adcb10c01865b,90131,80246363,101099,90073,80263064,101099
43adf3f0c0843ee7,82491,72560871,131159,82434,72597266,131159
43c2a4099837bd5a,29558,19622190,130336,29490,19665090,130336
43df8ec9de1ed2f3,28986,19081248,138433,28892,19093610,138433
43f5f0a222839212,59818,49884844,138664,59749,49925502,138664
442605e80f058f80,26600,16701198,138194,26499,16711048,138194
443d5ec84c1a43a7,64168,54261918,139306,64074,54275848,139306
444542e587f06e34,10000,39964,130461,9972,111534,130461
4455879fe8fc12b5,65495,55562123,137789,65437,55602899,137789
4486bb65358afc70,10199,260119,131822,10134,310154,131822
448f2de37c19fcd7,105670,95764351,139366,105576,95780978,139366
449e69936ab151f3,85676,75782226,140136,85569,75792813,140136
44adf70b68e3111e,14420,4541656,139755,14326,4555903,139755
44b6c66927079da2,74737,64825963,139661,74642,64844768,139661
44b8580b4722ed17,102414,92502544,129065,102316,92521185,129065
44d4521d9e8e4b3c,87223,77324851,154039,87127,77335858,154039
44f35d819f7c62bb,67486,57560962,132486,67424,57593573,132486
450c0f38e387ff8d,98560,88662397,139490,98463,88671862,139490
451232357b2dba0e,40613,30688438,133998,40546,30720501,133998
451bce794f14259c,91667,81782239,139031,91567,81792123,139031
45236a51c5163b58,119790,109886227,140115,119691,109898187,140115
4534979c8b6b5b2d,68438,58525807,140334,68340,58544990,140334
45687b5d5a64c39c,86941,77062318,139475,86845,77072983,139475
456dc31468c9d639,108958,99043070,113277,108893,99064172,113277
457ae9458e21546e,47192,37301045,131510,47083,37310775,131510
4586bbe207e8a994,58430,48521644,138088,58335,48537454,138088
458f7d72c0179813,49032,39124649,142185,48934,39139219,142185
45a18d80e95b53c7,31852,21922298,142570,31773,21958702,142570
45bfe1a3bb1d1795,112501,102622233,138129,112404,102631918,138129
45c717a48c8a1574,111080,101142728,129111,111015,101186290,129111
45cd20abbfc56e33,22007,12101815,141590,21925,12117646,141590
45ec50b62e4d896f,57155,47245380,139357,57061,47263004,139357
4617d56d24d6295f,31039,21124241,132159,30944,21145975,132159
461bd693ad9e27dd,100541,90645198,136420,100432,90655097,136420
462fcdf445379a0d,12169,2240198,133487,12108,2289302,133487
463042bcec61307d,32009,22105167,140068,31905,22116773,140068
46385564cc940ed6,59210,49301926,138810,59114,49317053,138810
46760b02bf6dfec3,84386,74450711,132064,84331,74493040,132064
467a8ea3823c6831,104700,94783867,126660,104606,94812467,126660
467f25baf8d1748c,39300,29422275,142852,39208,29437887,142852
468c1afbbcfaa70f,38651,28726694,130919,38586,28758013,130919
469810ae6f460557,112099,102202898,140493,112001,102212917,140493
46ad2816fa3685dc,36936,27000397,132737,36882,27045898,132737
46b20742a4d0a956,19619,9680267,131897,19599,9764614,131897
46bb2e6820810581,38537,28670869,363965,38467,28699346,364005
46c617c1650df627,37234,27322727,131538,37146,27343708,131538
46f7646bac33ecd2,70203,60302397,140528,70110,60313518,140528
471891dc9a045e0d,104797,94886000,137856,104703,94907499,137856
47311ce3e3054918,106947,97065864,121484,106887,97096019,121484
4731d8dbbbd1f982,26845,16961183,137654,26747,16971539,137654
473b08d9cc016003,50922,41021810,139184,50826,41031873,139184
474f71ecc8fe159e,93941,84022677,130630,93850,84047875,130630
476015542192a81b,48290,38380653,133040,48195,38397151,133040
4766b63c57aaadf1,85490,75586346,138567,85391,75601121,138567
4769ff3f987b1c88,59146,49241945,140211,59051,49253635,140211
477f7f40944930c8,49366,39461573,138753,49271,39473236,138753
47814cba6d85caf5,115946,106042269,137226,115851,106053163,137226
478bf3d41a6940b9,59391,49506433,104174,59341,49522198,104174
47a29fc7a9361be0,15550,5665660,102582,15492,5690992,102582
47a5d3e2ec4c7a57,39868,29964942,139209,39766,29976171,139209
47ac5f469e46da53,81136,71245420,138868,81035,71255875,138868
47ac7e5a805ce22c,18986,9100064,132154,18890,9113125,132154
47b53a9d876f1651,92302,82362919,130653,92240,82408778,130653
47b7559ed8006ff0,70267,60362123,139395,70174,60374644,139395
47bb2759c7c9831f,60419,50505306,139913,60323,50526314,139913
47ca389b91043e0b,38313,28402248,143215,38223,28421048,143215
47d83a583e8eb2a5,28645,18745041,139652,28540,18755838,139652
4805b1a6bbdbfa66,75338,65403163,132594,75266,65445693,132594
4807ececb86f484a,31636,21660558,131679,31595,21743226,131679
481e27d9eeb00ce9,14734,4824745,138867,14641,4848561,138867
484d41eb773460ef,57673,47740431,131339,57624,47780074,131339
484e88f0d62b35b9,73712,63822182,139031,73612,63832525,139031
4852ceb72cdd3771,105613,95701407,129474,105526,95722010,129474
485a4c0975fc75fe,61008,51101863,139052,60913,51116462,139052
485a6afcf81a8a1a,24482,14581461,140060,24397,14592134,140060
48b6d5b6e7a3edc8,64233,54325749,139813,64139,54340421,139813
48bf57e6cb5a0535,116226,106342325,138017,116124,106352149,138017
48ca99d76988e0a4,51820,41942048,141173,51724,41952151,141173
48cb24463bbec307,59081,49182107,139996,58986,49192569,139996
48da6d2e436815c8,116409,106502536,138663,116314,106516846,138663
49029d37f98b2283,20885,10985069,140462,20781,10998441,140462
490fdeade9a4a36d,98741,88862110,138240,98643,88871725,138240
4922662de227a73c,35989,26085113,139700,35886,26097667,139700
4934acc0be30016f,73652,63745421,139376,73558,63760206,139376
493a71aee34df102,52939,43040688,132940,52838,43049830,132940
493b83bc68f0e8ed,110447,100562918,141039,110349,100572660,141039
495401911d1d1e35,76656,66745863,139444,76561,66763042,139444
4956b0b854af915d,69952,60062564,138052,69845,60073135,138052
4989da2d84672c53,34913,24980382,132936,34901,25021783,132936
49bf0a16a5f5f14c,80246,70341933,138629,80152,70354319,138629
49ce07c2d1c96277,42913,33000363,131774,42832,33019931,131774
49d4a48b81464c94,70676,60780867,132768,70566,60790684,132768
49f24225fe1f7952,95769,85861977,137663,95684,85881128,137663
4a0f518ed4b904fd,98192,88262786,130193,98121,88299141,130193
4a4fca437e8d6560,99151,89245287,138921,99051,89258497,138921
4a9410f362d8bf13,29398,19462297,131095,29336,19505564,131095
4aa0b34b0a297209,11073,1180210,131977,10971,1193569,131977
4aa0fefb91a25d40,34047,24160243,131567,33949,24170937,131567
4ad08bc3421bb61b,70954,61041908,138736,70860,61061308,138736
4aea6ebfec1d2920,116010,106105860,137471,115913,106117115,137471
4af3bfbf08b5c944,71618,61700689,132493,71539,61725190,132493
4affa4dffedaa7a3,72318,62422260,139404,72220,62432856,139404
4b1396f778d826fa,102537,92640483,128629,102433,92650073,128629
4b2fae9e0619e361,81388,71482208,139554,81292,71495474,139554
4b3df492dbaadf9a,33986,24100195,131485,33888,24112204,131485
4b4a6c93330b09e3,42789,32862624,131692,42716,32899827,131692
4b5f3689d66ffe71,107441,97525806,137925,107361,97553506,137925
4b738ae80e1fe872,103566,93642776,130112,103480,93673605,130112
4b780f46168d8955,46264,36360446,132544,46165,36373847,132544
4b7a9c788083f0e8,96011,86126177,103131,95970,86196737,103220
4b7ee72634889f31,43461,33565152,159697,43366,33576956,159697
4b9733c5a2b6abd9,107927,98026132,160652,107835,98044858,160652
4b97442957116f4a,28136,18225178,140139,28042,18243988,140139
4bb7e07f4f509c2a,61073,51162103,140067,60977,51180916,140067
4bc2ad218853875a,62784,52885438,139558,62679,52895768,139558
4bdb965dba79dfc7,54026,44200454,357931,53996,44228694,357971
4bee3b117aafd82b,54353,44380576,132413,54320,44459960,132413
4c01b14323082e76,45300,35420496,131292,45202,35430594,131292
4c039fbeba0b4246,80595,70660924,132281,80530,70701779,132281
4c11738560102915,16624,6721182,139119,16534,6735730,139119
4c2c2999ccec57a2,17595,7668574,118153,17546,7704845,118153
4c2c9274d20ae4be,89991,80085489,138156,89896,80098011,138156
4c33a0cd11a6c724,31665,21683105,133268,31620,21772230,133268
4c346b853031085a,22965,13081345,139564,22868,13098010,139564
4c53386da14b1492,48946,39040857,133095,48859,39053371,133095
4c684310487deb62,82231,72327204,138595,82135,72337572,138595
4cc82d8b7c86d197,106818,96905922,138459,106727,96935623,138459
4cd281441c7d9164,61574,51642679,131386,61501,51681205,131386
4cf5b17b491e6923,55329,45431219,138542,55229,45440948,138542
4d01c093a487c98f,53895,43985694,140265,53801,44003419,140265
4d0a70abdd0d7eaf,84961,75060698,130441,84859,75070340,130441
4d26e43162b31e72,101292,91334607,111501,101265,91397396,111501
4d328c0b5563c9b9,46654,36722095,142174,46599,36762039,142174
4d4003805b8272f2,36421,26505286,138652,36329,26532864,138652
4d5d8eba79a335c5,67671,57743359,132697,67594,57785943,132697
4d65628c7d1361f6,84126,74222023,138778,84031,74234042,138778
4d6a02a8152084e1,38684,28760297,131760,38619,28790498,131760
4d6a59be82e77774,98471,88562174,138091,98382,88577486,138091
4d80b5ebb1128312,23994,14084639,139081,23907,14104988,139081
4d953b4d1e55d6b9,96556,86641807,137044,96485,86674619,137044
4d98ea806eabada2,56034,46104371,142336,55948,46141529,142336
4daa9aa9d192f9a1,20137,10240132,132114,20052,10252366,132114
4dad4c49471c5607,87626,77742347,140320,87527,77752826,140320
4daf184224fc2285,20977,11084926,138773,20881,11097126,138773
4db02164cd68f9e4,88722,78821064,132180,88636,78830740,132180
4dca7d04411e9b53,86613,76701083,131658,86534,76719602,131658
4dfcfde9d482eb1c,17346,7439980,131878,17254,7456551,131878
4e2dad3ba4f3f253,44631,34700212,130858,44573,34737804,130858
4e327f668a663241,39000,29085068,139438,38922,29107301,139438
4e44c6ca0b1ed628,96821,86942268,138194,96731,86963564,138194
4e4790b4b33dcb91,26662,16761779,140620,26559,16772368,140620
4e56b9d170f0a5a5,50804,40882555,131894,50720,40910424,131894
4e618b55c3bfadb1,44114,34203014,132220,44018,34221292,132220
4e6e773abd1777a3,44534,34606703,118093,44478,34640746,118093
4ea604b286cb15f9,47697,37802059,139998,47599,37812684,139998
4ea903c048caa5e3,58837,48944211,131407,58737,48957377,131407
4eba958351400b64,56603,46701991,140618,56507,46712321,140618
4ece3f24515fc41e,29740,19824575,143387,29658,19848479,143387
4eed07a3f9b08a95,65888,55985499,139941,65793,55995409,139941
4f1a122991d1a161,67818,57920727,131131,67724,57930388,131131
4f26b2591514ed19,116321,106442594,137831,116224,106452923,137831
4f2fe606324e8698,80812,70885584,139305,80732,70919796,139305
4f43104a8c4935f6,17126,7241651,141248,17028,7254190,141248
4f476dbb1aa0a072,15632,5707614,131880,15573,5741855,131880
4f47a013af4fa758,109184,99260907,129697,109114,99290400,129697
4f6825cf95e51d5b,25202,15301358,139136,25107,15316810,139136
4f8d73b316f45599,17881,7961488,140221,17819,7990993,140221
4fa0889730abe7e1,63871,53965516,139838,63778,53978407,139838
4faa3f4eef314a60,41081,31181271,136416,40990,31192091,136416
4fc777c26f4fe154,58652,48745261,138928,58552,48763816,138928
506e9649c94c430f,88542,78621160,133299,88473,78648777,133299
507ca2afab65957c,91134,81225513,137556,91039,81240636,137556
50a6b344fd4aaee4,58064,48162111,140181,57973,48177494,140181
50a8c3042b5edb69,63783,53865577,139969,63699,53890567,139969
50a8edba473d21a0,70889,60981874,138394,70795,60996574,138394
50bfb7b570b440cb,10917,1021456,139859,10822,1034051,139859
50c0249a0720c938,80720,70800961,131572,80649,70827862,131572
50ca55ebc9b9ae9b,13267,3361185,138909,13150,3372499,138909
50cbbbdfc4e879ff,60765,50865992,139402,60660,50876376,139402
50e2cbd3bd4de627,82800,72882233,140057,82721,72907527,140057
50e78b690c098c5d,51508,41604137,140935,51407,41615408,140935
5107f20face34ec8,25266,15361668,140667,25169,15378058,140667
512405de9b3c8649,30291,20381673,140630,30196,20398709,140630
51307115be55e1be,40462,30561534,139443,40366,30572054,139443
51343ed708f23c05,55203,45302058,139876,55106,45312273,139876
513d123828e7eb57,97567,87682187,138160,97473,87695972,138160
514d2a6147c8261a,10444,561069,139235,10345,575435,139235
515e32bd0abfb4bb,112469,102583005,137750,112372,102594043,137750
5163edcbe95fa29f,92815,82921961,137867,92709,82932308,137867
5182a747131b9506,48193,38280780,133384,48099,38300720,133384
5189d99e8b6cdb43,79432,69524873,154992,79341,69539726,154992
51b46cbd1baf78f9,40742,30820312,131568,40673,30852908,131568
51b6ee6b4305263a,73741,63845458,137920,73639,63855481,137920
51c6fa68aaa50172,11319,1439954,131994,11223,1452989,131994
51c92eb011c23306,107350,97442602,138842,107277,97461529,138842
51ec429ca350a47e,93845,83942324,138252,93755,83952427,138252
51f2ea576e4feb7f,109547,99645917,138893,109448,99660285,138893
521e0e81f67e9b3a,36486,26581489,139485,36394,26597965,139485
522bebe531e35ddd,80531,70600848,131616,80468,70637951,131616
523ac3ab954386e5,53624,43725732,139108,53518,43736095,139108
524321775433e41a,117222,107322725,138807,117135,107333369,138807
524d706312d24eb4,109023,99100814,129055,108958,99130014,129055
525c3b6fa0d1349d,117067,107182336,137648,116989,107193213,137648
5260c5256b259654,41375,31465021,139336,41281,31482677,139336
5261e73b5940e840,38096,28205099,139904,38007,28224367,139904
52695e570a0d8f51,99461,89582610,139496,99365,89593180,139496
5287a8a9829e6298,44695,34760476,132242,44635,34802711,132242
52abad4386ceb407,117036,107145391,138116,116959,107155865,138116
52b16b5f775f17b2,103506,93582969,130004,103426,93617897,130004
52b57df78a6099ec,118416,108522457,138445,118312,108532813,138445
52bcc02873248853,74617,64725890,139307,74518,64736370,139307
52db22457b3b25b4,19932,10005526,139050,19882,10044754,139050
52e38437db7ba1f7,31607,21616846,131888,31570,21713712,131888
52e4fffeb7a9387d,33066,23162042,141096,32971,23173703,141096
52e579bc96c7ae58,59789,49861427,137695,59723,49896076,137695
52e94c91ef96ee79,45801,35902078,141358,45698,35912394,141358
53068c61d90fbfd1,15665,5739917,130435,15606,5775679,130435
531a5c2b26c7b492,60578,50682072,139485,60480,50692442,139485
5333722f1a22854c,16132,6222725,133043,16042,6240679,133043
534b1e9b3c60ee4d,92521,82600690,130439,92445,82627403,130439
535b4bab4908e580,98894,88985337,137934,98799,89005092,137934
5370bbc6712c3859,28362,18461542,139510,28267,18472051,139510
53b8a26ba8f7a8ee,34361,24461447,138821,34267,24475943,138821
53eb0c37fc6b7d82,47282,37397697,115375,47184,37406096,115375
53f6095ae5e02cd7,76476,66586252,140388,76376,66597224,140388
5414400d10b3be68,111685,101802555,139057,111586,101812760,139057
5420e8057c383627,40678,30742575,132122,40610,30785608,132122
54525a992b489f24,13791,3841882,131018,13753,3906384,131018
5468d9a8b6a7e5e7,17280,7362718,132958,17188,7390183,132958
54919f184138bca7,41792,31885502,139641,41690,31899040,139641
54b8eb36a492973f,104547,94660198,126831,104449,94671354,126831
54d7dc97520c8f61,100601,90721914,137233,100504,90732412,137233
54ef0e07c33d68a4,71181,61266226,117331,71126,61286729,117331
54f2a72519709d6d,69805,59901963,139343,69713,59912872,139343
54f88bfef3a51034,35635,25728079,158655,35543,25746622,158655
54f902d2af5cc547,51314,41422010,139919,51217,41432906,139919
5520fcdd56356833,110666,100762061,136789,110571,100774363,136789
5522ed4d2d905376,48584,38640093,129831,48530,38695565,129831
553f0baa78b0934b,16494,6582202,131550,16406,6603361,131550
554d67ec57973b29,65681,55761459,136528,65610,55788677,136528
55626d31538e4dfa,54102,44226516,103653,54078,44235684,103653
556e83085e84366d,18120,8221982,143150,18032,8236973,143150
5570b77512926171,66757,56863176,132312,66655,56872604,132312
5573bb2bb0805d04,52356,42429217,118028,52292,42466040,118028
55802f40bf4f98e5,64857,54945743,140045,64764,54967722,140045
55859b89815b7144,49652,39742714,132230,49550,39758672,132230
55b037f2477343e1,32123,22241470,139250,32023,22251749,139250
55c1711e0e1e7887,53148,43242173,141874,53053,43256181,141874
55c95588791c8118,70922,61012463,138846,70828,61029218,138846
55d0984319ea890f,69477,59540700,131476,69423,59584566,131476
55d1a5f8c56a3b56,33864,23965252,139789,33762,23976285,139789
55d39c36e5544480,99907,89991836,129269,99845,90016776,129269
55f007587761adc8,110203,100302697,139880,110095,100312609,139880
55f64e841ee5b230,60024,50121714,138849,59929,50131939,138849
55f6cac0a25a77da,60856,50965368,139224,60756,50976117,139224
5617d108bd8d2708,53341,43441643,138463,53244,43451754,138463
5649d7feae193761,111721,101842315,138472,111624,101852838,138472
5654959798cbc365,48323,38471320,361405,48266,38498175,361445
56832386c804ad31,107531,97625144,137043,107441,97640366,137043
56b5c30608b0046a,119822,109922454,138301,119722,109932514,138301
56c2769df253a004,67423,57483254,132365,67363,57530576,132365
56c6cc55c17fa537,99647,89742151,138324,99552,89754223,138324
56cc07bda148242e,87687,77802315,139785,87588,77812938,139785
56cc65e12ec71b08,93318,83405135,137280,93220,83425771,137280
56e1c2eac9321528,81918,72025684,139509,81819,72035527,139509
56f2e13e176ee7a7,68061,58182520,140674,67965,58193093,140674
572557c463a88108,110731,100822387,138606,110635,100837821,138606
572b4d9d538b969f,25298,15448128,350551,25244,15475227,350591
5732862781b187b9,85049,75162261,139652,84944,75172426,139652
5755d27bee478166,49713,39822613,143998,49609,39834619,143998
576c67ba0ef9dce8,30604,20705151,140031,30499,20715560,140031
578675ac4e862cb9,11286,1401311,139903,11187,1412755,139903
57ab96b71acc62ce,49866,39985302,132092,49768,39995823,132092
57dac5f941cddb69,108871,99007123,332500,108801,99032338,332540
57ea4a5ae93f830a,60483,50581816,139455,60386,50592705,139455
5807971414e8391d,27871,17964928,139500,27777,17977603,139500
5811e1de7594e981,73502,63594536,142156,73421,63609617,142156
5816a96d038566be,100004,90061018,130125,99940,90111189,130125
582013827863300c,26995,17085080,139651,26900,17102676,139651
585bbf09282401ad,100280,90362434,140429,100197,90387235,140429
5863cd5a511fac41,119534,109626208,139130,119439,109641537,139130
58657438012173ce,41022,31104129,141118,40936,31130190,141118
5875ac7e3a98e1c0,115722,105822466,137880,115629,105834940,137880
5878b7bca31b0fb2,77349,67400802,131884,77283,67456617,131884
587c8b3fdc0f6849,116792,106884902,131691,116720,106898405,131691
588003f55f6ac8c5,32349,22439951,140813,32258,22461110,140813
588a2fef3ed1258a,73922,64041961,138122,73826,64051449,138122
588e76458d39984b,80988,71085811,139524,80890,71095910,139524
58b0d29d7d3cc21a,53278,43365350,139915,53181,43385248,139915
58c05be4bc009d48,64675,54781649,137804,64569,54795764,137804
58c2b1a04d77746d,16311,6422606,132332,16217,6433702,132332
58f90e67c4dbf895,92334,82400594,129801,92271,82441508,129801
59065a998ff3d967,114517,104605467,137296,114429,104626278,137296
5918807120cb16b4,102906,93002400,139400,102810,93013858,139400
591a9490819301bd,67700,57780833,133359,67620,57807610,133359
5964acc3bffb5f6c,108213,98322886,140513,108114,98337866,140513
596b09452a68a126,45739,35840576,132787,45638,35851575,132787
59a36caf6073aba2,68655,58762257,140434,68549,58772699,140434
59b1777ea6fbbf10,10980,1079853,131684,10882,1092007,131684
59cc8a016d07bd75,115363,105462462,136635,115285,105482981,136635
59e294ed1859a466,106999,97087521,127876,106939,97111291,127876
59e3f702a700e1c8,86852,76960751,131404,86752,76970683,131404
5a14f322a86625d2,118259,108362448,138523,118161,108375035,138523
5a54ce8a18ae7233,27628,17702468,132627,27554,17735397,132627
5a5885fa0b5a375a,75820,65942353,140025,75728,65957355,140025
5a7c2ea772fff8b2,58494,48585635,140918,58398,48601896,140918
5a8df1c574677eb7,18179,8281245,138565,18083,8292301,138565
5a952d5237b79627,87159,77245549,138299,87064,77266409,138299
5ac6bf8754f6e707,39900,30001476,138219,39796,30011916,138219
5adeac623b028deb,79015,69101798,137927,78903,69122362,137927
5b05bde7a527b692,69835,59942184,139577,69739,59953946,139577
5b073d04c37bf8f0,61234,51325802,139977,61136,51341210,139977
5b18577fad631160,56199,46303000,139372,56091,46312883,139372
5b1c5ecdc5243945,113611,103729376,138045,113515,103738896,138045
5b470a4d9cb4cdca,14766,4861436,140293,14672,4882007,140293
5b4fd43b1088cde8,81355,71442084,137728,81260,71462449,137728
5b6c226f71f84ac6,59338,49489113,352127,59283,49514986,352167
5b6e77987532ea63,90022,80122210,138987,89927,80131864,138987
5ba405f6bca73e03,92874,82985370,138704,92776,82995292,138704
5bd5a2515c84c748,108615,98703047,138008,108520,98721953,138008
5be0e264fdfdc175,57798,47863049,132666,57741,47905669,132666
5be8d248aa76ebe3,107032,97109583,130060,106972,97146524,130060
5c0041d3bd7dfe79,20538,10625157,140170,20445,10649299,140170
5c5880552d9d5c9e,44726,34800533,132187,44665,34832942,132187
5c62f866b875493c,56793,46882845,131984,56691,46899515,131984
5c91c9e5de4b2dfa,71406,61463299,131681,71345,61512646,131681
5cc2132c10c71c18,89958,80062175,138316,89863,80071822,138316
5cc577ce7ec90897,69318,59380630,132106,69272,59425679,132106
5cdb3aa123fff6b7,12227,2319630,130784,12155,2346140,130784
5d25c346a5393b73,74114,64205877,140055,74017,64221157,140055
5d27ee41a1a50730,27960,18065224,140716,27858,18074900,140716
5d301b6efcc925c5,18032,8120193,132648,17954,8140229,132648
5d57af886ed136eb,96975,87065153,156007,96890,87093029,156007
5d591a606eef25de,73831,63942483,139873,73724,63952403,139873
5d7e152b2688d163,100511,90622176,138079,100405,90632999,138079
5d9c1c450d76dd82,36454,26541891,139712,36362,26563714,139712
5daa9e0a1238f98c,65589,55662093,140085,65526,55697553,140085
5dcabfd99794cc7b,57480,47567710,132216,57436,47592559,132216
5de0a9ca2ce71539,93565,83682428,138909,93465,83693210,138909
5dfc6ac43ee47172,43123,33224349,142258,43024,33234866,142258
5dfc6e8d667db515,16688,6781691,141160,16597,6797951,141160
5e14ae4536c9d387,112254,102362302,138154,112151,102373085,138154
5e50783a9622b5f5,54834,44941884,139797,54731,44951615,139797
5e62992a79c24992,111566,101665626,137773,111462,101675610,137773
5e6994b4ee35a956,22530,12621330,138967,22438,12639093,138967
5e6bb93b90650b48,42385,32481404,138187,42286,32491981,138187
5e7d712d2c08bf5b,44999,35083907,130978,44914,35106189,130978
5e82d467b4b2822c,94771,84881829,137053,94665,84892446,137053
5eb48eb23188ae9c,48226,38320530,132808,48132,38333230,132808
5ecdf8f34de970f7,27750,17841793,141097,27668,17858154,141097
5edf544973e32f1f,70333,60422218,139720,70238,60440032,139720
5ee947b1717973d8,17692,7760432,131467,17641,7803435,131467
5eeb352f9747652a,56441,46550775,190460,56347,46565262,190460
5f06753b705ab534,84546,74603310,132525,84485,74652811,132525
5f41695650c5b58f,83723,73822625,139656,83621,73832934,139656
5f57099489c482d2,111268,101353820,139456,111194,101375682,139456
5f5d15f6b4fe75f2,116603,106702618,138359,116507,106713457,138359
5f6cf22224828853,47016,37104448,137697,46926,37123675,137697
5f80f5e2aa1866cd,114787,104902531,99777,,,
5f8bba802bff6e5a,71734,61826440,139196,71641,61841190,139196
5f8e170e21170f98,91102,81202189,137984,91007,81212226,137984
5f9db70a7ae5de2b,97506,87621975,137507,97412,87631918,137507
5f9dd6d9993c9925,31826,21880274,132169,31752,21932786,132169
5fa3d6a679a83471,49236,39331832,132302,49141,39343842,132302
5fc804c8ab1891cf,22934,13042141,140759,22827,13053950,140759
5ff55861878dac03,42662,32740380,132061,42593,32768549,132061
600a99c6c92bf2b2,59538,49600366,130729,59486,49644338,130729
603c1a13739b1dc1,10694,784935,156759,10602,804676,156759
609c641eabbc9169,61669,51745742,138474,61592,51777385,138474
60acf96fdcc4f09c,60641,50742345,141434,60540,50753257,141434
60d5c620c683910a,111477,101582754,139553,111382,101593679,139553
60f78ccb96c761a0,61478,51560646,131292,61407,51585672,131292
60f844149d4399c0,22368,12461336,139164,22277,12478846,139164
610d9505e13481a1,28676,18781822,141002,28570,18791954,141002
610fb5426f20a3b5,106883,96982073,138008,106791,97002974,138008
613b09108c271cc8,23278,13365002,140126,23182,13389358,140126
613dda652205085c,110015,100106093,138174,109915,100122800,138174
615b7cb8147c41b6,13917,3980127,132543,13872,4031057,132543
618cf59109a6ee21,43622,33721697,139813,43526,33732511,139813
61ab3e63f9b2bf59,13117,3222084,130462,13020,3234027,130462
61c47c87cdb4a273,74432,64524315,130941,74326,64538559,130941
61e26e2434fd82d2,44880,34961661,139816,44807,34987629,139816
61e6b8223c2eaa0a,47440,37541597,138700,47345,37551776,138700
61e73e832da2ab71,27436,17502320,131403,27369,17543508,131403
62020e82678c472c,83309,73402008,138553,83215,73416497,138553
62108e958ba74b64,65711,55802079,138980,65637,55818307,138980
621fbba9b79e91fc,70491,60586138,140839,70391,60598492,140839
622df85e72467956,98224,88301074,131410,98152,88331157,131410
62414fb46430f38e,48129,38221809,139822,48035,38235829,139822
62453d2d68f447dc,101845,91961787,136248,101744,91971956,136248
62733f344acb2567,47075,37182103,140965,46978,37192876,140965
628dfb7d8c82eeec,87938,78026045,138700,87841,78044700,138700
629bbc2cc15f8b0f,43064,33160355,131969,42970,33170684,131969
62a5484d0667afc6,103595,93680831,129629,103506,93702411,129629
62a9be7426147e13,17819,7901611,138278,17762,7930086,138278
62c6e4c2e42f591c,80215,70303908,139945,80120,70326253,139945
62ca8119bbc9785a,103981,94082392,138724,103886,94092676,138724
62d738f986c3d599,118067,108162477,138442,117971,108173533,138442
62eec0def86d048b,31356,21434056,95880,31335,21460740,95880
62fcd372062b23d5,107319,97402296,138323,107248,97431045,138323
62fddee7ecdcfe35,10790,881265,139737,10697,898414,139737
630a23748f688f5d,34296,24385040,140211,34203,24407467,140211
634a60250b17e880,35512,25625018,138851,35421,25636692,138851
635e71c0e258aa03,102226,92322762,140103,102135,92334127,140103
636cc3dd44c445ed,106007,96102140,137142,105917,96118739,137142
638ba2331256b380,96729,86841917,137638,96633,86856981,137638
639b20a50d969793,97384,87485459,137514,97286,87500761,137514
63ab101b036926ec,49682,39780513,131030,49579,39790268,131030
63d7e3a622b90494,106851,96942436,137045,106759,96965470,137045
63e072d6c9a05e79,22499,12584825,139299,22407,12609616,139299
642e75552a022108,63191,53282207,140657,63096,53298771,140657
6483827b6bbd8022,95046,85141775,136460,94951,85153585,136460
6488123beb234cdd,47134,37240368,131897,47030,37250795,131897
648ae1f31f15cce0,53928,44021923,138211,53834,44035784,138211
648e37c99288903f,85860,75982321,140190,85765,75993026,140190
64929995624283c9,78846,68900874,132084,78752,68952850,132084
649d54cd15472f70,57068,47182837,139044,56966,47193279,139044
64d00e4f11006c64,63503,53580582,131724,63436,53610073,131724
64d0bb2696c19015,72688,62802607,141889,72588,62812942,141889
64d76a6f5a601c87,92459,82522865,129888,92389,82565775,129888
64d7e876ada9004c,84990,75102425,140666,84886,75112885,140666
64e79578c19f517e,66908,57000673,131984,66811,57014603,131984
64e9b1cbea686977,115569,105682591,138960,115464,105693997,138960
6512b3e8f2cdef2e,37691,27781919,140872,37599,27802020,140872
6517a4bfb63002e4,54475,44502763,131568,54429,44582747,131568
6534f543c3032260,23311,13401372,139234,23214,13420071,139234
6537b49359282faa,102384,92480717,129483,102287,92491002,129483
6542daaddba62b22,101228,91296040,92105,101207,91333146,92105
65474b736fc65e23,49960,40080542,132829,49862,40090791,132829
659738a1015445f0,53807,43921867,139478,53708,43932708,139478
65c5283ab3e00d74,72349,62445750,139167,72250,62456106,139167
65f09831f5ba83f1,39031,29121467,138826,38950,29138240,138826
661ceb6a1efc980c,16191,6299972,131484,16095,6312666,131484
66254e5b8d492b7e,108990,99065458,131618,108925,99097088,131618
6627ed71b81227d2,60081,50182727,140130,59980,50192931,140130
6647595a0ba3505c,13148,3259942,132033,13050,3271608,132033
66487fddb0d211ff,67760,57843062,132133,67673,57866542,132133
66490db17094f2ff,48423,38508043,117054,48371,38529957,117054
66552922ef872297,59758,49824743,141972,59695,49865537,141972
666462b64f12d0f3,82739,72822378,138929,82667,72847022,138929
66656784f27875d8,17627,7697611,117562,17577,7734613,117562
66707174c01b716f,26281,16365154,140295,26186,16388301,140295
6682fd2a48c1aba1,117634,107742538,138886,117525,107753432,138886
6687ab9eb5e8e4c4,,,,9832,29329,97992
668960895add46fc,68311,58402453,141818,68216,58418028,141818
6691a24091c2146c,67165,57309124,344762,67103,57334938,344802
66ceae6730844a34,27061,17160255,131482,26966,17170062,131482
66e25e9f4d0cc867,118787,108880964,129987,118716,108893561,129987
66eab84dc9b5a783,29178,19281728,139396,29080,19292581,139396
673a1884ff088802,64457,54562183,140178,64360,54571893,140178
678395c873cce2de,57737,47801036,133900,57684,47844001,133900
67884d3fc0ee0ace,80279,70365229,138099,80184,70386179,138099
679b309172412082,14606,4703962,155485,14515,4719685,155485
67b4e64e993ec565,94133,84207764,130653,94074,84239346,130653
67ed5b0af581a373,25170,15261756,141186,25075,15278113,141186
67ef86433f82c1b7,33925,24037691,115318,33820,24047020,115318
67ff8bd7d8149c29,86391,76463391,130979,86323,76497799,130979
6807358165eaa192,67261,57347132,119859,67204,57367782,119859
68250f1df9899758,32065,22181497,138968,31964,22192113,138968
68434b74f148b375,79998,70105420,138368,79897,70116417,138368
6844463c619f7225,87192,77285543,159113,87096,77300032,159113
685ab593370ccf7e,104732,94820574,128654,104638,94840628,128654
687d72be43ea8fb0,45234,35340294,131596,45129,35349263,131596
68949a9883b5939e,63753,53841964,139785,63671,53860469,139785
68c80f050108562c,97103,87202405,139425,97017,87213932,139425
68e2b5183b115367,17474,7611379,362415,17414,7651100,362455
69123174fd7c26b9,68247,58341707,137439,68152,58353580,137439
6922f74dafcd3fad,43936,34041551,139257,43829,34051687,139257
693758bbf7cbb13a,51790,41900418,131426,51686,41909916,131426
693c38099d49a3fe,60920,51041705,137969,60823,51051427,137969
693d816d07d71dc8,65399,55463108,132030,65344,55510652,132030
693f82aea88fad1f,119009,109106218,137653,118933,109116702,137653
6941001c0b6c24c8,97656,87745345,138521,97566,87768170,138521
69505719767f5a9f,73377,63460733,132206,73304,63484222,132206
6952f35d9023c557,40530,30645915,105079,40463,30661429,105079
695791f70f0b46d3,29526,19600160,131765,29460,19632690,131765
6963c847ec4b2560,116571,106662230,137449,116475,106678106,137449
69b9d84666a389dc,107471,97562349,138309,107387,97580113,138309
69be5e45156ed5bb,37786,27881608,139403,37692,27895435,139403
69cf6c8376bc6a39,77899,67984215,131190,77804,68005868,131190
69d7d19861f4e33c,95110,85202538,137472,95015,85217481,137472
69eb9e08ece7d4c0,109701,99822452,137399,109605,99832739,137399
69f4ceeac671b7ac,115124,105202265,136570,115078,105244751,136570
69ff526ee8f5e633,57977,48065666,140131,57898,48084602,140131
6a0df5752cea6224,31006,21101905,140860,30912,21113642,140860
6a247f2858422d6f,91789,81882247,140011,91694,81896880,140011
6a44b88347c6bd09,90438,80502571,129203,90373,80544798,129203
6a5985587f0af145,23818,13901181,137835,23755,13929269,137835
6a6b3d42e9eef0e0,40366,30461747,140428,40270,30473038,140428
6a6c31bdd9030fe5,58898,49004636,142289,58798,49019003,142289
6a8eee6cd0638a2a,69776,59865492,139370,69688,59883555,139370
6aac256a647adb1c,102971,93062484,139787,102875,93078528,139787
6ac5f62ae3b011bb,78816,68863101,131455,78726,68922941,131455
6ac8269e74f72081,119165,109265954,137919,119079,109276631,137919
6acb2d8f39428715,81857,71966075,139591,81758,71976188,139591
6ad0e74dcb55dce2,109919,100008766,135986,109821,100026568,135986
6ad2daa619a8b346,78756,68801055,132241,78673,68863757,132241
6adf50f9d223c95d,71821,61922130,139891,71719,61932041,139891
6af21c90934acdc6,71343,61400650,131152,71285,61449531,131152
6af7f3994b951872,45645,35741839,139831,45546,35752765,139831
6b117f201dc2908b,30129,20221296,138407,30036,20236741,138407
6b150c61b61749fd,41601,31701438,138472,41506,31711672,138472
6b6974ab21972627,18645,8740268,132120,18550,8753848,132120
6b8891e204fb31d0,106721,96822247,137482,106630,96834743,137482
6b964042307a4ce7,85917,76005889,139276,85823,76024309,139276
6b96cb4aa6313401,86642,76723192,131273,86562,76749835,131273
6bb2674a622a418c,40180,30301448,137757,40083,30311955,137757
6bb816cb0479a7aa,101682,91761860,136204,101587,91793322,136204
6bba2d2ee53e0f32,19841,9920363,132770,19804,9951011,132770
6bbc9bd55eed7b1b,81257,71346088,139076,81162,71364636,139076
6bdb42197c56474f,102065,92159706,177855,101975,92175036,177855
6beb1ceda5bd6894,88479,78561177,132198,88414,78586209,132198
6bf5d0f229eb8a9f,55434,45558289,102643,55406,45566498,102643
6c03ef0a853aee51,73409,63482974,131729,73334,63515661,131729
6c39115dcf5095e9,91421,81522119,138774,91321,81532384,138774
6c4b87ef6b856b08,74647,64762013,139172,74548,64772359,139172
6c55dbd64310745d,47162,37262623,131872,47055,37273079,131872
6c5c75cff49e7a94,42007,32122480,144301,41905,32133400,144301
6c6417795455d420,91069,81162438,140485,90974,81176495,140485
6c77b6efcdbbe2d2,98709,88821985,137161,98606,88831294,137161
6c8be6b142a6a5e5,82102,72202349,140373,82007,72212893,140373
6c9a8d1086f9af72,73801,63905724,140765,73694,63916307,140765
6ccbcde4bbc81d2e,77539,67625561,139923,77442,67647018,139923
6cd9569a0ab4851e,58152,48261843,139653,58050,48272768,139653
6d033e4d3d9bc145,30908,21001457,138752,30815,21016270,138752
6d277cd53bb0ef00,104270,94365023,136969,104170,94378047,136969
6d39ab0c86b1ea58,81765,71865730,139344,81660,71875852,139344
6d48a18f456d807e,65251,55367479,107050,65197,55389903,107050
6d57fdf81082c146,73250,63322778,130585,73182,63357020,130585
6d7549356b7c4c1e,110234,100342385,139230,110125,100352809,139230
6d82a60156f219fa,66820,56941040,132804,66722,56950848,132804
6d83c1c77d65a275,63029,53122064,140607,62935,53141582,140607
6dae9625d0528d88,118657,108787158,335920,118582,108813200,335960
6daf04b7ad630dd7,24169,14281615,140516,24070,14301145,140516
6db89471e22af5d1,93412,83505080,137934,93310,83519454,137934
6de3012ceb3369e8,31388,21458652,96921,31367,21493333,96921
6df5cf3344703ee7,71051,61142130,139967,70956,61157888,139967
6e24d10d58b54a80,98349,88442610,139370,98270,88456347,139370
6e27233d44295b67,100721,90822395,137202,100626,90832875,137202
6e2870f7c8248ade,69718,59802025,139239,69638,59825700,139239
6e32b91a5122a0a2,18894,9001439,139617,18789,9013626,139617
6e3c86fe9f248765,119134,109242642,139224,119050,109253944,139224
6e4451e0b946baca,20050,10141479,139656,19979,10159390,139656
6e505a5968b76d89,18612,8703812,132165,18518,8722915,132165
6e6a1cdf9e293e46,54726,44802217,138067,54638,44833030,138067
6e9bfbb229c32c61,95929,86022136,138403,95841,86037835,138403
6ec1d5036eacced2,98440,88524833,135559,98354,88547389,135559
6eccfb0b498b264e,25074,15161233,138039,24980,15181746,138039
6ed0671ea040df02,13661,3746673,115914,13625,3780102,115914
6ed354d3d408cbea,57512,47590116,132366,57468,47622932,132366
6ef75d3a5e77be6a,92580,82662431,140127,92499,82688317,140127
6f067f9cd81c95aa,14157,4241722,142174,14083,4271185,142174
6f138540c28f778f,61606,51681187,132699,61532,51713991,132699
6f1e009fb42357dd,67964,58082338,142069,67865,58093253,142069
6f2d9c6708c379bf,23665,13727161,131177,23615,13773189,131177
6f413b1051d2f85d,52073,42160644,132464,51977,42180298,132464
6f427fbbb1fb4ef9,79272,69385901,139206,79180,69395606,139206
6f79eed5aafbb921,52672,42745809,139828,52597,42780184,139828
6f835ed325571346,77205,67240672,130692,77160,67311635,130692
6f96c246a68440bb,24764,14865105,139680,24666,14875534,139680
6fa3186cb221fd00,31720,21742530,132145,31666,21828094,132145
6fb0e4fd2dd2cf16,34582,24684997,138905,34481,24696522,138905
6fd61052dadb7ea3,90709,80802167,138699,90619,80816445,138699
6ff424d2dd8fa358,82037,72124337,131013,81942,72143279,131013
6ff6693776ad50ac,41199,31301978,138825,41096,31311740,138825
6ff973b7cd2248b4,18268,8380236,132570,18163,8392667,132570
700c84497956e6f3,115246,105322289,137505,115185,105364419,137505
7076872eb3f55a94,13726,3791301,131874,13690,3845737,131874
708ccf0e82ad231b,114679,104765579,137736,114589,104791518,137736
70a499d1d1ce3b93,16221,6322329,132492,16122,6333299,132492
70a92436436f6d44,91263,81360594,130085,91167,81370475,130085
70c2353baf5a2f22,18150,8245441,139081,18058,8259281,139081
70c39c0fdf2843bd,81322,71408810,157666,81227,71430689,157666
70e00e36ae92f4c2,66510,56605374,138650,66411,56617744,138650
7106cf36830d61e6,27126,17221601,140533,27030,17233175,140533
71167d60a2ce6011,72971,63062658,140080,72875,63078040,140080
711fd15a5bc9ff54,10280,361605,141766,10199,392939,141766
71305e89ee21ce47,11406,1500177,132482,11313,1515211,132482
713407eaa192ac7c,119348,109463049,138634,119246,109472843,138634
714eef540a34d690,10628,721190,138939,10536,738372,138939
7181e1a86b7baf74,35926,26021673,139957,35826,26034637,139957
71943a63b2fe8dd2,111016,101081146,129457,110953,101123158,129457
71945ff49683f941,94981,85082018,137025,94887,85092312,137025
71c88857e6ef3852,86015,76105367,139323,85920,76121809,139323
71cbea9eb9553860,68746,58862236,141030,68647,58872868,141030
71d0aba629a24e37,27339,17424763,115789,27272,17444843,115789
71d0effab4f1cee9,104486,94600381,127123,104385,94614501,127123
71d64d7e3fc4cd32,113926,104022301,138318,113828,104033732,138318
72037a75d4951365,12516,2604587,139051,12396,2615890,139051
7209339e52457770,95079,85164972,137390,94984,85186482,137390
7215c823ed0b3273,10171,222409,131734,10112,281449,131734
7216bf62faab8447,25808,15882400,142670,25736,15916175,142670
721d33367408b461,33179,23281471,138864,33072,23293458,138864
722122cd5ef5787c,114336,104441953,136338,114232,104459661,136338
722ba511492f060a,88900,79004773,141417,88794,79015639,141417
722c1ffec60b78fe,113894,103994034,139870,113796,104003757,139870
722f0237a1a96b6f,34976,25040219,131667,34959,25088218,131667
723118ae31173bf4,46297,36382949,133249,46197,36404364,133249
7248bce02bb7b786,112621,102722383,138137,112523,102732584,138137
724a83c6c7249e06,96378,86442022,136249,96331,86498382,136249
725fc9cb329106a5,101578,91621678,127071,101504,91684663,127071
7264223f0658482b,11195,1302501,133545,11096,1313400,133545
72735c42acc270f3,21545,11611084,131242,21502,11654433,131242
7291399b6f8e5be4,29801,19884795,139056,29712,19908078,139056
72a2fe2c6ce3a2aa,66634,56741989,139898,66530,56752919,139898
72a82333e84d0fb9,18924,9040310,132522,18824,9054383,132522
72e2b7c54fd6985a,19016,9122401,132340,18920,9133737,132340
72ebce273c6cc0cf,99549,89642116,137844,99455,89656983,137844
72f617deb2311406,70364,60461801,138712,70268,60472701,138712
72fbd21a9f7b1f69,30634,20740145,131439,30528,20749878,131439
730210f236f7d3ce,98829,88922360,139390,98733,88935478,139390
730971edc126125a,112161,102262204,138124,112061,102272922,138124
7315607ffb018212,108776,98865625,138328,108678,98883586,138328
731cb0e56354bcb1,50556,40622887,132065,50490,40663058,132065
7325e61d947b03c1,119195,109302458,138327,119107,109311998,138327
7337e8cdea46ca55,22095,12201445,140124,22001,12216658,140124
734d04d67f82ac6f,104829,94922219,138031,104734,94937548,138031
73588da152cfd815,49463,39560397,132074,49366,39570148,132074
7373f22591c953d7,35304,25401678,138657,35227,25414065,138657
7386f9f5615b9b1c,103097,93185691,130291,103035,93204402,130291
73899e32eefd3a7e,80871,70961984,138499,80786,70978219,138499
738a6e6f90111f47,108517,98613621,138317,108422,98623994,138317
739cfb5c6ba1cd7d,60826,50941825,139252,60724,50952966,139252
73d46db2d35b95ae,118538,108645897,139608,118438,108655947,139608
73e6761f9eca4812,48679,38742052,141773,48619,38786878,141773
741d31d2df4f1f40,95738,85822819,137743,95653,85847511,137743
7439f7ab0eee8c9e,14186,4281342,138905,14108,4296748,138905
745c4ca25f98e676,23788,13861835,141819,23728,13897954,141819
745f3d652470720a,74081,64182218,137911,73984,64192104,137911
746ff7aa2ea92ad4,53993,44083521,139898,53899,44100491,139898
74a4c78bcdcd7c73,105123,95186082,129728,105079,95234949,129728
74caef003c6de791,100035,90097279,129932,99970,90142392,129932
74d4e0c7f67ae164,111874,101973127,136281,111779,101985314,136281
74e0e82990e112da,94917,85005190,137167,94822,85024175,137167
74f5f331d38b75ce,67611,57680782,132244,67540,57718510,132244
75159be10c8807a4,43153,33261371,137420,43051,33271985,137420
751b3378e8f6ae9b,79155,69262177,140074,79044,69272082,140074
75288dc794c2f5b7,58182,48301842,139054,58084,48312142,139054
756e4dfadee90685,87381,77482197,138997,87281,77492491,138997
756eab40fee7f275,89339,79442334,138747,89240,79452821,138747
7581d893f700cb5b,119041,109142582,139089,118963,109153400,139089
75979180f3345ced,23758,13822478,132664,23701,13867837,132664
7598cbb6a98908a5,118195,108285855,138460,118098,108302162,138460
75ca25021e551b50,44179,34262855,132522,44083,34286197,132522
75cc981277f726e9,71213,61288658,132549,71158,61320632,132549
75d89414400809a0,84576,74640761,130688,84514,74683314,130688
75e54f55a82a7b03,20823,10925099,139436,20722,10936979,139436
7607fc69f0a6db0c,59179,49265383,138869,59083,49285944,138869
760ce27c54206d57,90181,80265525,113654,90123,80286800,113654
76150eda7b02d6a3,36744,26811692,131615,36698,26853935,131615
761ea32ecf207d58,25400,15485050,116723,25350,15506140,116723
76236f4f1135c56b,104142,94240779,130094,104046,94256707,130094
765993c6f22b810a,85552,75645597,138483,85451,75659217,138483
7662ef72226a8543,42758,32840305,131991,42686,32869753,131991
76727881ddae4efc,100160,90223394,131496,100088,90268135,131496
769bcea47a6f5737,37058,27122562,132403,36992,27166597,132403
76a6fcb9548c9dd6,39270,29380339,132191,39166,29394402,132191
76bd833adaa90521,49805,39921947,139441,49705,39933414,139441
76c6b5ff33869510,18955,9062681,132180,18859,9074582,132180
76c8552ad5d6a14d,36582,26728616,344220,36528,26763734,344260
76cfa2bd012aa530,44663,34722462,131795,44604,34770077,131795
76e99ce6de262e00,81419,71505589,138160,81324,71526717,138160
76eeea0b3aac72b1,56976,47083032,132351,56875,47092254,132351
77148cac954398e8,11989,2061323,139694,11955,2116687,139694
771ceab4c2dc89b0,33011,23083266,131402,32923,23118575,131402
7725be909128cb07,21674,11740288,132769,21627,11786326,132769
772c6ac7de65fe96,87534,77642376,140454,87428,77652353,140454
77402d34b6b5b548,92140,82228798,130160,92081,82247304,130160
77657bab1ef06013,71437,61500772,132173,71375,61544534,132173
776a32a6ace428db,32840,22938243,116345,32773,22947455,116345
777061fa37315445,51540,41640335,130669,51439,41650403,130669
7781570b8c769339,59907,49985466,139635,59827,50014119,139635
779d66cb9fe70cb6,53060,43180744,131547,52963,43191332,131547
779f682f357ea4d1,83503,73602119,139115,83408,73612299,139115
77b2e36917d718ec,56854,46960610,131851,56750,46970667,131851
77ca76b0defe2a44,94166,84229739,129791,94106,84272962,129791
77cb50491d59c55c,64135,54225603,140081,64042,54243887,140081
77fafd5df6ace7ac,107590,97702255,136728,107494,97718166,136728
77fd4f76bf507a09,70012,60125770,140461,69920,60140323,140461
78097aba17b1d02b,88255,78330741,133684,88196,78361501,133684
781375f16b7836e6,115480,105582776,136810,115385,105594730,136810
7849f2a4e05096c7,16042,6125104,138180,15962,6152945,138180
7857ae9663272125,14271,4364619,139259,14181,4382039,139259
7880fb5d174ef170,74494,64602774,143515,74385,64613551,143515
7884c14bfb40f9df,76166,66262179,139291,76073,66273519,139291
7885bd28807414f0,84669,74740965,132543,84599,74776221,132543
78c03a4ee732b5c7,90739,80842577,140953,90645,80853079,140953
78d82d481e067fa7,54780,44865186,138820,54684,44887221,138820
78d8b19790d54be5,35580,25701297,138316,35488,25713895,138316
78e6c81cd3420a6d,62470,52562417,139771,62371,52577419,139771
78e8ba7a63cac71e,41729,31825740,139260,41630,31836357,139260
78ed59abb6e70406,93286,83381954,137829,93188,83394256,137829
7900a2e9c734d6be,57545,47612311,131589,57500,47651719,131589
7903822d074c521f,118851,108941083,129391,118779,108957322,129391
791f4e937ede3d7d,87443,77542126,138408,87341,77552229,138408
7920706cbd4c684c,48162,38244303,133266,48067,38268937,133266
7921c90b9e0d0505,111625,101742183,137916,111524,101752559,137916
7958bcb86dc97194,94449,84521716,135952,94376,84555751,135952
795be7148ed7a3d8,115422,105522210,137145,115335,105539482,137145
795bf3b4105e3639,12140,2217173,115940,12084,2258850,115940
79731052efe6a68e,89586,79702258,138789,89484,79712688,138789
7979e6a34994b061,47665,37760719,133238,47567,37772230,133238
79d8380b8d06f953,115852,105942414,137375,115758,105958493,137375
79da4f7333b5ac71,23727,13800073,131868,23673,13834972,131868
79efc694ddbcc9a8,86456,76522910,130477,86386,76563036,130477
7a0309829a56ddd9,103537,93620844,129918,103453,93647974,129918
7a0c1544974a3a1d,23695,13760339,132126,23644,13808254,132126
7a237da3652c3e2b,84903,75001028,132789,84808,75010504,132789
7a428f0aa6e5df4f,54698,44765215,139394,54615,44805741,139394
7a4900b291a3525c,38748,28822834,132314,38683,28855966,132314
7a62e59f4eee36d4,89082,79182349,139295,88986,79192458,139295
7a6a01ba7437a125,62121,52241908,139469,62026,52252912,139469
7a7bc67f5a559b8e,31070,21163505,142307,30976,21177897,142307
7a88911d3b4d4653,45057,35160266,129928,44965,35169501,129928
7aaf63fdba353c67,53715,43825459,138871,53616,43835776,138871
7ab3f9c63051482d,103259,93322657,139675,103194,93367099,139675
7abd845059146b04,64921,55005499,139930,64829,55032189,139930
7abea48a9e07ffdf,32927,22997030,115938,32850,23032770,115938
7ac40d96508283ed,34167,24261264,138151,34074,24277264,138151
7ae79240799fa0d4,28737,18844393,143076,28634,18855183,143076
7af2b1e00be9be9b,70768,60882468,141695,70668,60893422,141695
7b171d28e8c093a4,22563,12661463,138831,22470,12675741,138831
7b17f4c0bf0b8c44,26538,16624971,139812,26439,16646095,139812
7b30e40dd722d303,82770,72845832,138898,82694,72877842,138898
7b4cf2d1f86342c4,27690,17780563,131626,27612,17796455,131626
7b94da686656aad2,81887,72002094,139068,81788,72011776,139068
7b9addd2648e57f2,65083,55182234,139926,64989,55193021,139926
7bb96e3a8e397006,117665,107765758,137231,117558,107776410,137231
7bbe29fc12b53f81,69382,59442910,132036,69334,59489945,132036
7bc947f45f21417f,78503,68568575,97008,78442,68607523,97008
7bde5ec4ba2d9fe6,20571,10660595,133113,20477,10679556,133113
7be7775ec40caccd,19134,9223942,142394,19038,9244568,142394
7bedbf3995f1bdb5,85266,75361945,137545,85172,75373591,137545
7c082a642bfbe9d1,65558,55625066,137194,65497,55664959,137194
7c0fc45f3d38bddc,100753,90849690,154281,100658,90862031,154281
7c419f9f90ab8ef2,17972,8059772,131063,17902,8082174,131063
7c6946d6816334f1,113435,103525877,139250,113341,103541924,139250
7cb9475dae699f10,24450,14542194,139073,24365,14561156,139073
7cbb4645cdc20542,95547,85662123,137567,95451,85673268,137567
7cbd0d595fe5d301,31956,22041867,139583,31859,22063307,139583
7cc81af4cdb2a684,78151,68268065,139191,78050,68278375,139191
7cd118521a264b11,37626,27724173,154723,37534,27741386,154723
7cdada2603733cf2,34200,24301728,139860,34107,24316575,139860
7cdc469420386aab,111237,101322617,139071,111165,101344169,139071
7d0ef0f9f2886a52,46686,36745325,137666,46630,36793545,137666
7d1b58140b58c63e,63629,53705939,138550,63556,53737059,138550
7dc3e09a91891bb8,87255,77348487,139748,87159,77362764,139748
7dcdb4641f0490b6,83004,73105706,138773,82902,73115824,138773
7de084d44f131461,108119,98220818,129750,108024,98232869,129750
7de95bfd69847983,21161,11245201,140549,21070,11273882,140549
7e02447dc13dc391,81548,71642008,138683,81450,71654934,138683
7e09c3e57c30ee87,99306,89405777,138260,99200,89415119,138260
7e210acc64c3288e,54617,44682143,140650,54548,44723870,140650
7e44fbce73af9144,12342,2442200,131634,12251,2456544,131634
7e453bdcaae2443a,29588,19660652,132674,29519,19696334,132674
7e63846f261ea036,92238,82300733,130037,92178,82345156,130037
7e6d715a47a09c76,64330,54421658,138242,64235,54437894,138242
7e7c03eee6a240d3,53654,43761695,138667,53547,43771998,138667
7e892840d78d8d4a,100453,90562806,140442,100352,90573446,140442
7e8ca13e60e5d8ee,78089,68177903,139304,77990,68196393,139304
7ea68315475c1a4d,75610,65706496,138633,75516,65717636,138633
7eb0aab1045cda82,41634,31724941,139311,41537,31741434,139311
7ed0b9ee2cbaa4c5,10116,160310,131234,10069,227592,131234
7ed888d7ae609002,59306,49401831,139285,59209,49413290,139285
7ef6a52528f0df2d,23536,13599954,131339,23492,13646912,131339
7f17fcaf6aa62df4,28298,18401889,140288,28203,18412864,140288
7f3884cb3dd36358,97999,88083742,113711,97931,88105178,113711
7f3b8615c0167ef6,60386,50481628,137781,60290,50493330,137781
7f4af41dbe702e48,25041,15124084,141173,24947,15149006,141173
7f502c3615b481dd,105909,96002048,137240,105820,96022665,137240
7f547108dc3fa1c2,37088,27160275,131843,37019,27198093,131843
7f5c6540c86a3398,29948,20061658,140109,29847,20076305,140109
7f6c814efca0ee20,101196,91294350,91362,101177,91302368,91322
7f74cab737656b60,58122,48225423,138848,58024,48238171,138848
7f7569727f7e4b7a,75306,65380823,132189,75235,65414139,132189
7fa588d8caf16a42,46411,36526744,101168,46361,36545127,101168
7fc0f06ab30ed370,59243,49341647,138377,59146,49351811,138377
7fd721222dd02e82,54671,44741688,139511,54592,44778375,139511
7fd9445cf37718c8,16592,6684888,138235,16503,6702121,138235
7ff1797137b05f85,115155,105225490,137282,115105,105276994,137282
80056f9ed07a974a,119663,109765633,156938,119567,109777341,156938
804273c175bcb4b7,34329,24422065,140607,34235,24438336,140607
804eb733dd98e231,110325,100442858,139556,110225,100453809,139556
80570a74ebbd85c2,56376,46465251,138707,56282,46483732,138707
807e1ec0d5862aec,29711,19800328,132054,29632,19817798,132054
809cc5ac295dd0d0,46493,36566135,116280,46443,36599724,116280
80ae7e73257ec86c,59878,49961892,140024,59802,49985686,140024
80d3e122b22b28b7,43304,33421782,138669,43207,33431902,138669
80d871a8687ea333,21737,11802671,132110,21686,11849301,132110
80e6791f8acee3bc,109399,99486070,138002,109315,99506632,138002
80e952486eeb4593,21979,12065531,139325,21900,12090049,139325
81068da3f6b29225,18062,8160237,131979,17981,8172829,131979
810751e516f1ea7d,87657,77766136,140884,87558,77776490,140884
8122d3ce3380abaf,77321,67362988,130667,77260,67427727,130667
812b6b55613180c9,66446,56542394,141101,66349,56553124,141101
812bf4fa82caf784,72093,62185820,161740,71998,62202340,161740
8130a0560674e538,115819,105905099,136310,115726,105926292,136310
814516c4884b7af9,58268,48361776,138605,58173,48375645,138605
81457f902dbb4353,77512,67601932,139144,77418,67619171,139144
81619a1ea7573ea9,62406,52502031,140722,62308,52513699,140722
8163c13166f3a9b8,32527,22600152,117750,32476,22633335,117750
817069ba8dcd06ec,19871,9942576,131296,19830,9984039,131296
81722c73638ff6f5,52909,43000845,133858,52811,43015979,133858
817427c4557ca989,49774,39881794,139658,49667,39891735,139658
8175ebd6b86d0364,91036,81125526,138121,90941,81142860,138121
817ad73cd8272209,26160,16281585,139153,26063,16291453,139153
818726e370d23274,52968,43080426,131510,52864,43090058,131510
818a7691745b8e24,13364,3460975,137924,13279,3481057,137924
81e645b7cd65db6b,44599,34660237,130424,44542,34706280,130424
81fc8f4805c52d35,109246,99322861,141087,109174,99353750,141087
81fd3b636135ac13,36237,26345161,140292,36142,26357266,140292
81feec92621840c8,72029,62122091,139653,71934,62135861,139653
8205f2bcbe766e28,51282,41381584,138633,51185,41392306,138633
8215bc32c417b17e,17513,7628682,103874,17464,7661660,103874
821bd37fa26a2acd,39837,29941463,139332,39737,29952410,139332
821c2e11747275e1,49620,39720353,131313,49520,39730444,131313
823d6d9c2b0788f8,110699,100785445,138582,110604,100806859,138582
8266b9367fbe997d,104925,95021869,136515,104828,95033314,136515
826d031fb14dc4cf,107411,97502514,139113,107333,97523444,139113
8275e8e4d8a33595,27469,17540107,131549,27401,17575737,131549
8281af944c6b3da0,96221,86280929,130668,96187,86342469,130668
8293f049f9e2054d,78786,68840883,132343,78699,68893854,132343
829e2235e83af516,98797,88885227,136968,98701,88903549,136968
82a8a71b857e2331,50014,40104200,140180,49918,40121533,140180
82da28d77b28655a,114397,104505210,136734,114310,104520635,136734
82e53756b17c782a,10088,122112,132083,10046,200984,132083
83349ad2b477e7d7,45145,35242420,131096,45043,35252977,131096
83559e77468405b7,74463,64561014,132913,74356,64570153,132913
8397ae8f1f17099f,17215,7303742,131090,17124,7324102,131090
839a01262057d66b,89829,79922162,138638,89735,79936466,138638
83ad3452dac8e641,13429,3521523,138325,13345,3542982,138325
83c594c00163d120,74931,65022408,140590,74835,65038149,140590
83c6061f838701e8,114087,104182697,140355,113983,104195235,140355
83e2241fd919054e,34392,24485107,139710,34298,24501746,139710
83e8d5a322320739,26631,16724663,139036,26530,16738652,139036
840ca4169689bba4,110869,100984349,100408,110807,100998211,100408
8413701c3912b3f7,10144,200040,132400,10091,258338,132400
841f4f032c158dd1,88663,78743376,133007,88583,78769902,133007
84433c0adddb59f1,92997,83085475,137648,92902,83104132,137648
8471d13b5579ca51,22153,12261403,139431,22052,12273407,139431
8472405e733e40d4,54415,44444131,131542,54376,44521883,131542
8475862966d838b0,74525,64624821,130467,74418,64634149,130467
847f828f14d9e39e,103130,93207859,131032,103068,93237789,131032
8490d4f3e30cf004,92397,82463010,130867,92331,82504215,130867
849c6a8e1bb5e8c7,113741,103862279,138294,113645,103871958,138294
84af9d1c28602b59,64266,54361909,139827,64172,54373495,139827
84bb7c43b39ea2c1,69253,59329110,132713,69208,59360328,132713
84c54ac2f74f73d0,26216,16305245,139871,26121,16323209,139871
84e592cf85c31648,47538,37623844,131194,47442,37649841,131194
85050152980f0e4f,24353,14455605,156943,24270,14471961,156943
8507d34e25e533a8,106354,96462473,137709,106253,96480781,137709
851aa2c830127a36,67549,57620719,132618,67482,57655353,132618
851b3599389d5938,18092,8182549,131668,18007,8200852,131668
851cb0cd4eac2c80,104456,94562726,140515,104349,94574135,140515
85203192c78c51c8,28233,18325134,139799,28138,18339758,139799
853c253e9e064860,93721,83845378,156960,93629,83857283,156960
855a694ad2eccd8a,,,,9861,30308,123594
85614defa949a1ec,24795,14901307,138094,24695,14911577,138094
85630c5d938d698e,108367,98482198,137494,108264,98492696,137494
85648ae83d78a16e,59570,49622666,132056,59518,49680788,132056
858097ed4aa22190,43034,33122772,132121,42942,33140300,132121
85857704f8757d7b,78874,68940882,131559,78777,68981618,131559
859eab865f5ad1fb,30787,20901657,139838,30687,20912477,139838
85aa1cdd7787657d,119469,109562839,139704,119374,109576261,139704
85c537603fbb61c8,86079,76182373,139249,85984,76192221,139249
85c66113d1e6850c,45028,35121988,141079,44939,35135074,141079
85c8c8e65bec5ccd,63931,54025314,139461,63832,54037945,139461
85d1b27d1ef4049c,14508,4601289,139786,14418,4618075,139786
85d5076a7f9c865c,23472,13547424,132172,23429,13580656,132172
85f1e44b0b864df4,118979,109082944,141033,118904,109093574,141033
8606ea291031309a,22594,12685123,140217,22501,12703555,140217
86271682feadfbcd,22336,12425201,138356,22245,12446530,138356
86854f9198b5a2b6,44028,34140372,132015,43924,34149678,132015
868c7578df622aa2,74016,64105914,139662,73920,64122975,139662
86a056ae387b5931,109429,99522245,137853,109342,99536916,137853
86a5d15f1dba31cf,24200,14321389,138951,24112,14343702,138951
86aea348d98eb04c,46558,36620425,132043,46506,36665613,132043
86b054b5dc629a6d,110047,100142334,138175,109945,100154276,138175
86d00430b5ed0f60,86262,76346828,116575,86195,76367278,116575
86d673bcac861321,24856,14964821,138952,24757,14974586,138952
86e49d08ff1630d4,11011,1102097,131310,10912,1119378,131310
86fdf4a4af8601ed,35158,25240281,131608,35111,25277548,131608
86ffd5123022a291,38907,28982489,131277,38835,29014146,131277
8708b97baf50e5a7,17065,7180113,132624,16964,7193592,132624
8716ef1424dfd678,88929,79042081,138460,88824,79052254,138460
872bd41c502ce0c9,93534,83641801,136509,93428,83651869,136509
872e93896a60d3f3,39773,29865652,138990,39676,29879908,138990
8772c0156ed1199c,59602,49660754,132578,59548,49712561,132578
877a8086c2e296e8,31420,21475221,96731,31398,21524994,96731
87a464f32cb9f010,91637,81745424,139262,91536,81756826,139262
87a5f46a78aff7d8,11042,1140305,132335,10941,1151140,132335
87b0186b8e569d6d,43558,33661803,139443,43463,33672710,139443
87b0da6858719a67,83661,73762146,139775,83561,73773093,139775
87bc2131aad1dd97,21431,11546838,103526,21389,11588808,103526
87ceda12446605f6,115304,105385237,136973,115235,105423262,136973
87d179a0c3622f1f,110983,101050169,129912,110920,101089115,129912
87d6452a1b400e58,114614,104702359,137660,114525,104723834,137660
87f595cd8732de2e,56408,46501739,138982,56314,46515470,138982
880683442b1becef,11895,1961578,141396,11871,2023127,141396
880cc77c934dfc7e,12284,2379870,131662,12202,2400576,131662
881785d7ccdc4895,26568,16661484,138840,26469,16675757,138840
88422f38819ba736,99181,89282033,137396,99080,89292925,137396
884c8d4066f15513,84353,74428358,131721,84298,74460166,131721
885ddef37ba987d0,58462,48561869,138567,58367,48572329,138567
88612d1219531f49,46622,36682656,131969,46568,36729735,131969
88a84bc837a6a8c1,49896,40007568,131534,49798,40017068,131534
88a9e3863e472a98,99119,89221804,136621,99020,89232000,136621
88b615dc6c2624fd,52763,42843960,131693,52680,42869989,131693
88f11325abce78b1,27900,18001484,139446,27803,18011054,139446
88f52565c2d1478e,63842,53941921,138748,63752,53952436,138748
88f7d7429318e2aa,68624,58725549,139120,68519,58736114,139120
892008ea1e82169b,98926,89025393,157157,98830,89042330,157157
89347d9b1e4782f5,15166,5279875,131134,15068,5290551,131134
893a2d935500f6c2,42192,32281968,141304,42096,32298987,141304
8946b0adc1c7cede,60200,50322029,138736,60103,50331854,138736
8967ca060c13fd6a,116103,106202186,136667,116002,106211897,136667
897fd84cef3ff7b7,116538,106625850,137195,116443,106645714,137195
8990b2dec4812ed0,115539,105645507,138063,115437,105657787,138063
899b975b8b9f192c,109056,99122726,129780,108990,99163121,129780
89b37104d39cf95b,17724,7799803,131245,17672,7832078,131245
89b8a1dbc8722134,114150,104245425,138091,114044,104258596,138091
89c2c5cdd663eef2,70082,60203248,138996,69990,60218707,138996
89c7873b4b10c68e,96527,86605138,136933,96460,86651916,136933
89c83504498acd91,50743,40822725,132022,50666,40850884,132022
89d01471353f9c61,14701,4801322,139849,14609,4814465,139849
89e3b3e46e459960,70856,60946327,141312,70762,60963337,141312
8a0de809193584fb,101789,91885351,138448,101679,91895839,138448
8a13e89909fc9725,80467,70533973,131474,80405,70573482,131474
8a1fe97597a55fb8,79594,69682286,140053,79502,69700871,140053
8a2357925e967dc7,91231,81322819,138011,91135,81338167,138011
8a3f2187db50557a,35542,25661218,137382,35451,25673722,137382
8a42c70c0ea2b3fe,12111,2182570,132129,12060,2234970,132129
8a50daca67fe4f86,45613,35705372,138662,45514,35720508,138662
8a5d69c509166900,25838,15921279,138157,25762,15946283,138157
8a5ee24745d21f3a,118131,108225825,138339,118035,108238201,138339
8a7270604e6f22dd,94861,84982070,137466,94764,84992717,137466
8a7841ef77aaf95b,84191,74282417,139708,84095,74298086,139708
8ab4d17329fcc2c0,79242,69362345,140805,79149,69372509,140805
8aba7e71748b5271,86911,77022027,138142,86806,77032034,138142
8ad253c8ebd46935,17004,7104021,142821,16897,7117006,142821
8ad64d201c0fac88,36630,26745787,102874,36585,26774268,102874
8aea6011f8585215,106689,96782675,139688,106598,96797650,139688
8aed67197da6b84e,89927,80022459,140367,89832,80033589,140367
8af7b9c46e3dc849,12256,2341843,131510,12179,2374401,131510
8afb46b0fd047f80,67326,57392149,132767,67269,57433285,132767
8afe87ba97c56099,59696,49760802,132590,59638,49803647,132590
8b12006d3e8a252b,13234,3323854,142504,13119,3335395,142504
8b30066f5434b526,47408,37501599,138535,47313,37515609,138535
8b377daab7fc35ed,41288,31401602,139043,41183,31411569,139043
8b5ad2bcf851403e,56061,46141736,138897,55971,46168609,138897
8b5ceda073ed0f7e,39121,29221848,140297,39031,29232432,140297
8b70abcc6fe1279a,92366,82440953,130964,92302,82473153,130964
8b9a6b67a60357a2,45955,36065301,138865,45858,36076213,138865
8b9dcaa60dc10531,32436,22560575,104445,32386,22568612,104445
8bbb3931581033d1,92016,82105396,137613,91919,82122825,137613
8be39eb51a34f23b,110386,100500646,128159,110288,100510129,128159
8bed00c897b45cbd,13525,3621155,138561,13441,3640804,138561
8c4ba7fe7d6c2b4b,71705,61802862,143611,71616,61814079,143611
8c5ae0e8276befae,110265,100366005,140035,110155,100376240,140035
8c95da78fad39e8c,80061,70182265,138858,79965,70192945,138858
8c9a81c934fa9a5a,79562,69645244,138029,79471,69669189,138029
8cc0c9754b009f4a,37943,28041813,140144,37843,28053516,140144
8cc49aacef9cf862,89433,79525666,139221,89331,79540688,139221
8cc4bfc64857668e,69415,59480668,131461,69365,59521393,131461
8d013e5190d513c5,115030,105102574,139629,114991,105153369,139629
8d0eeb0d582263bf,45516,35605014,139459,45419,35623574,139459
8d119aacf346c3fd,55298,45383335,138673,55200,45405363,138673
8d1a48e692f1ed07,14829,4925094,138800,14733,4942274,138800
8d4bccfc17df49cf,84514,74580880,132300,84455,74620697,132300
8d5650a694748f6a,107257,97342157,137384,107190,97367713,137384
8d5b0ca792f225b4,15950,6040023,131483,15879,6059797,131483
8d79c8cdab6c2d05,116698,106826951,336296,116621,106852385,336336
8d8bde5756a5d652,25896,15981381,139353,25813,16003658,139353
8d931aaf624c1c6d,101941,92065673,156937,101849,92077709,156937
8d9d2970ed64bae0,96468,86542106,137828,96410,86598933,137828
8d9ec1d03dfc4e5d,56666,46762012,139432,56569,46774713,139432
8db24391a96a6522,87505,77605431,138338,87400,77614873,138338
8db78bdff59b3f5d,104301,94402095,137115,104201,94414041,137115
8dbaafc4546b89b7,77174,67209815,131178,77133,67281665,131178
8dc2b93122c3c5e3,61202,51302184,140092,61106,51312223,140092
8dc450af8b771cf8,84788,74863089,132290,84706,74895799,132290
8deedba9d669c573,64394,54485313,138865,64298,54501309,138865
8e0de681fda101df,106039,96125456,138107,105949,96154480,138107
8e18e20040821ba6,76323,66422340,139880,76223,66436481,139880
8e2b0dba4207987a,35038,25102556,132116,35012,25149264,132116
8e45fe589d94a7f5,99398,89506138,139071,99297,89516527,139071
8e5340b458bd2177,41915,32022064,140504,41809,32032308,140504
8e7495a70c66c0ff,73119,63205865,118642,73052,63225530,118642
8ec8c423b77648d0,112718,102821029,128527,112619,102830787,128527
8ed082ccba9d47e1,97949,88064494,103981,97881,88080535,103981
8ee02f996a60397a,68927,59020689,131921,68832,59034728,131921
8ef570827211a58b,105877,95965772,136849,105788,95989288,136849
8ef5980b74742ddd,83630,73724946,141221,83531,73737715,141221
8ef5990a567a4340,38281,28362724,132713,38192,28388635,132713
8f03dc8b304fcb30,91855,81942284,137508,91760,81962371,137508
8f120107cbae88a1,85613,75722141,138721,85510,75732197,138721
8f2434904b758b80,71940,62062168,139748,71844,62072047,139748
8f38b91534cff712,15045,5160208,131513,14942,5172238,131513
8f3e895a993f551a,48830,38901532,138460,48757,38938148,138460
8f80ffcd543a5b83,32780,22888915,119775,32719,22897807,119775
8f828a9afcbffe9c,14540,4624841,139000,14449,4652922,139000
8f8fbaecbcd469bc,116853,106961060,129779,116781,106971205,129779
8fa0d8c4098b98af,42694,32762631,131952,42625,32801542,131952
8fc3e916bf1e91be,107560,97662458,138840,107467,97674069,138840
8fd3003ad5cef89f,85982,76081843,137952,85888,76091758,137952
8fda8e949b3248a9,57828,47900702,132853,57767,47939558,132853
8fdc373a10689b06,106475,96582763,138300,106368,96595048,138300
90012f1ab5f0c3ae,66727,56840794,132422,66623,56851536,132422
900ed4d5f38a680b,91822,81905715,138938,91727,81929808,138938
9028ad19d1281630,81948,72062352,140223,81849,72071861,140223
9035e7c744cc0d34,97167,87261849,136585,97080,87279872,136585
90642d160b861f67,60257,50345847,140868,60161,50363719,140868
906a9ea86a70fb5c,18484,8581364,139750,18392,8597673,139750
906f7e78dc0b508b,23965,14061178,138419,23883,14079802,138419
9071c5595ae078d6,72720,62842154,139989,72624,62852755,139989
9073645c0350e819,16559,6661552,139656,16470,6676126,139656
907b3b0a645639cb,57578,47640480,131285,57532,47685164,131285
90ac826f5098388e,65830,55922224,140491,65742,55937021,140491
90e4ff9e0f86e30b,32285,22375465,156228,32194,22398014,156228
90e8dcf60e7fd34a,34817,24880299,131675,34811,24946718,131675
90e93636f1e81b83,85768,75882231,139050,85669,75893257,139050
90fd4f899759432d,42482,32597581,105743,42414,32614529,105743
910f4780a5af0d1c,45549,35641609,139244,45452,35656433,139244
9115a2eae999472b,15730,5802358,131463,15669,5838599,131463
912a84a0cc9d843c,114934,105000686,128273,114898,105055510,128273
912a972277b6edd3,19329,9422547,131432,19229,9438222,131432
91335509a7df2eb9,103477,93560946,129166,103400,93588466,129166
915635121ad0d3bd,17313,7399982,131437,17221,7422522,131437
916638fd4a7c42d1,18420,8520127,131350,18328,8534005,131350
9171b9efd96b5888,87775,77863142,132451,87679,77882225,132451
917e967d88d2f811,20320,10441184,138748,20224,10454015,138748
917f3c564ac4253d,73439,63520732,131418,73363,63546829,131418
919ac9ab0810cf45,82554,72620787,132243,82495,72662171,132243
91a7502dae5cf2d7,110602,100702572,138614,110507,100713225,138614
91aa115552713198,75113,65188914,131953,75046,65220436,131953
91b9ac699d2058bd,65050,55141843,139244,64957,55157772,139244
91ce245a4b5c2b9d,78425,68536504,80522,78367,68554720,80522
91dc750feb59d9af,73217,63300753,131170,73149,63328317,131170
91e4391109b9cc1c,110569,100662177,137719,110474,100677078,137719
91eba33a779520fb,72504,62605441,138620,72398,62615538,138620
91fd865c7b6e5e50,14859,4961281,139057,14763,4977425,139057
92012f4aeb5b40fb,43781,33881900,140510,43681,33892013,140510
921da1c237a44821,103228,93284856,142093,103164,93335167,142093
923ad587a5c080e3,28707,18820257,131382,28602,18830246,131382
923dc4d9381ef10e,111418,101505411,137542,111330,101525912,137542
924280ff8a647576,35830,25922124,139673,35734,25939308,139673
925516a3aea6217d,42531,32617284,116752,42464,32637225,116752
926b3ba918e10d8b,105252,95323035,141442,105203,95361039,141442
92723bf9d1137077,29462,19540325,131762,29399,19570101,131762
92aab36a8f0b99ec,33094,23185731,140062,32996,23205288,140062
92c0a446f0ee4395,113796,103888557,155188,113700,103903741,155188
92ee1dbecbde084c,34134,24223792,140441,34041,24244736,140441
92f1aa588d6881f1,118384,108486498,140475,118281,108497410,140475
92f31b9c7e558330,116073,106168300,153593,115973,106180357,153593
92fd0107f06ed809,66603,56706498,140663,66500,56716629,140663
9306752ef5bce934,46200,36302416,142092,46102,36318165,142092
930f0040b7b9e453,57100,47221871,140186,57004,47232525,140186
93102d5bc9967e0a,100067,90120665,129999,100001,90174260,129999
9338294d8419b2f7,11958,2021361,138732,11928,2084164,138732
937448f789b016f9,113257,103342312,137972,113181,103363972,137972
9374b034c43288e2,94388,84462244,139502,94320,84494810,139502
9378db21a776edaf,103829,93942295,138839,103724,93952310,138839
9394d831efa5f68b,62341,52441919,138794,62245,52453101,138794
93ace1ffd5a9d3df,99055,89145495,138377,98958,89162641,138377
93b77a48acfb3f9a,38506,28600101,131370,38410,28612896,131370
93d2c3fa9fbdbc18,24640,14741622,138913,24549,14751658,138913
93db1513beb6d846,117383,107482483,137582,117283,107492888,137582
93e0fed99e02f998,88288,78360957,131909,88229,78394113,131909
93ee27c09c82bca7,55234,45325802,138805,55137,45341169,138805
93f34f5009f2182d,54160,44246650,118383,54135,44266378,118383
93f6e3154427f120,50459,40540632,132051,50395,40566292,132051
94111b41a126eef1,79967,70082081,138970,79865,70092989,138970
941dd1bb061a6679,51571,41680749,132157,51469,41691063,132157
942b57212f0bef01,92697,82785161,137647,92603,82804350,137647
943dd5140acc206e,75640,65741871,138753,75543,65752083,138753
9449354a6aa6d5be,82311,72426786,103302,82256,72443057,103302
9455f1cd7f418683,67211,57326849,106121,67154,57342129,106121
945f907d849df8db,82858,72942172,139458,82773,72965400,139458
946c10091d2e2ff2,116667,106762402,138165,116569,106774792,138165
94734db097a1e687,100786,90884562,153006,100691,90896180,153006
94a1d6ee3433f70f,19232,9325081,140228,19135,9341689,140228
94a5c4b2fc2a6fc2,111971,102062560,138851,111875,102081916,138851
94b50d50132eaf2f,50893,40984889,138691,50800,41000581,138691
94ddf088a47b4ad4,59937,50021828,138889,59853,50043638,138889
94e798888743da74,58776,48881916,138913,58671,48892100,138913
95389b9b3b48e793,58365,48461834,139787,58271,48472512,139787
9560edb3965877dc,57037,47145792,138547,56935,47155251,138547
957c24ead7d6cd8b,23440,13524984,116490,23397,13548095,116490
95b9d20b4ca41175,81046,71145395,138274,80943,71155061,138274
95bd871e2b40a31b,93442,83542027,137598,93339,83552013,137598
95c854bef60c96ce,73152,63228430,133748,73085,63263697,133748
95ce19e9fd4cebf9,54533,44580298,130677,54478,44639668,130677
95d05823723925f7,100570,90682066,136948,100464,90692498,136948
95d42faab0943e1f,41977,32082654,132904,41875,32092219,132904
9620f2e6c7640912,83033,73142164,139455,82928,73152030,139455
9652f90f95b05e27,27659,17744906,131748,27584,17766654,131748
966e22508f81b94a,110356,100469717,158754,110258,100480990,158754
9670ff88a8d1a5e4,29977,20085158,139383,29879,20099823,139383
96764865f2f26a60,18239,8343676,132843,18136,8355053,132843
967a7bc310fc41ca,75521,65602979,131762,75436,65628428,131762
967af907f7f14a7a,68278,58365518,141226,68183,58385865,141226
96811d9f60750158,47046,37141600,138519,46952,37153496,138519
9685ccaee8172f0d,42943,33040468,131943,42860,33049959,131943
96881910d62b7894,46233,36324669,131666,46134,36343926,131666
969e4fcc665642d3,38248,28340322,131905,38159,28357900,131905
96bc19d5ec7af6fd,86176,76309563,352357,86104,76335516,352397
96d446b6d08c45c0,93223,83322225,138785,93126,83332277,138785
96f82f38a75a8182,97601,87721973,137312,97508,87737249,137312
971a0afe56caf0f4,50209,40302129,137994,50112,40315978,137994
973425abce857c87,10596,688563,161134,10504,706848,161134
97548e2080458dda,49526,39620254,130933,49428,39633356,130933
9773f9f954f5d3e1,54290,44333967,132154,54261,44397701,132154
977c49cecf4644c1,54321,44356138,130894,54291,44428625,130894
9784437c96895608,49589,39682940,131284,49489,39696097,131284
978503aa9817c10f,115093,105162297,137288,115049,105216534,137288
978af2f97027dc02,76689,66782429,140503,76594,66796525,140503
97af90ab9ac299f4,35007,25080266,132139,34985,25115770,132139
97cac8a7b052b1e7,93473,83582029,137794,93369,83592142,137794
97d69044ab16d548,91757,81845942,138038,91663,81864857,138038
97e67d7f415676a5,81166,71282121,138686,81065,71291952,138686
98108ffee4292319,77834,67922084,138778,77739,67940894,138778
9818e33e5b1c49eb,50145,40240381,131451,50048,40251902,131451
983537a8e19c8b6e,52138,42222719,131209,52042,42245691,131209
983691ca67c31c7d,119598,109702710,138910,119503,109713363,138910
98431209f977ecb8,43526,33621527,138378,43431,33632665,138378
986d0ba36ca2ac17,102506,92602029,127325,102404,92612812,127325
98b74a0b41c74f07,97006,87101647,135740,96922,87127390,135740
98c61fe74eccf854,108743,98842253,138290,108647,98852563,138290
98cfb008e5597324,75081,65166583,117590,75015,65187609,117590
98e54d6aa0905ede,85363,75460634,131085,85267,75470912,131085
98eed7ee81b6c60c,59048,49142012,140036,58954,49155763,140036
99035203b5dad9b2,117603,107702401,137778,117488,107712900,137778
992380ba2371c903,23633,13704963,131656,23585,13742251,131656
993183534325564d,102688,92802953,141396,102585,92813455,141396
994826afd80325b9,59440,49526113,116191,59390,49545982,116191
994e7b0dacafeff5,61106,51201850,139616,61010,51213627,139616
995e8de560ec807d,24321,14421492,139479,24238,14434201,139479
995fe70c57b0c42d,32899,22977472,115780,32825,23005512,115780
9969cf246da56c8c,29859,19961361,138840,29765,19971501,138840
996af153af356226,32160,22285438,160113,32068,22296350,160113
996b8c16b0bbd2f5,74556,64661048,133449,74449,64670431,133449
9986e6f3a32e0de6,19079,9199922,131650,18983,9212319,131650
99880998a9acc917,86143,76242417,140479,86048,76252711,140479
998fe3637ff0237b,53115,43203225,133282,53020,43222980,133282
99a4bc689b946065,19748,9819959,131226,19720,9856873,131226
99c6861af097aea2,73034,63168020,345203,72963,63194466,345243
99dde6b0a3630572,51130,41244556,141826,51034,41254917,141826
99ea3cf90b92d8aa,98992,89088226,137146,98895,89098755,137146
9a00ffc6a2b40704,29771,19861337,138674,29685,19878266,138674
9a5ae44c3b49c163,48647,38702892,132022,48589,38754740,132022
9a5bab925b9cc79d,108244,98346355,139076,108144,98355956,139076
9a7e91d65a2d32af,44060,34180711,133388,43962,34190836,133388
9a836ec70581b3c0,41506,31605626,162791,41411,31617472,162791
9aacd6f99ad86a70,68777,58884496,131988,68678,58894204,131988
9ab980cc4fd98ff3,76446,66562148,137968,76344,66572209,137968
9ab9e14d2b13f4d4,90620,80705045,141079,90540,80727580,141079
9acb3ab9b069daa3,89616,79725596,138036,89516,79735824,138036
9acf9123ced88f95,41946,32060232,131448,41842,32070039,131448
9ade59c987b27b07,59848,49921853,138995,59776,49955877,138995
9ae21407bc1b0c09,43340,33461512,139312,43243,33471748,139312
9aec7b3cb1c783e8,64644,54745213,138830,64539,54760375,138830
9b038abd79b578a7,71879,61985550,139838,71771,61995176,139838
9b1a37181c674ce5,116474,106560926,128648,116379,106580772,128648
9b42b52051bf16cd,50112,40205586,141342,50016,40219309,141342
9b5ff4c9bc7bf324,63290,53407019,108399,63225,53423994,108399
9b663936f09eb040,95363,85465775,138924,95260,85478335,138924
9b82339a5d26de37,34080,24200068,131636,33984,24213940,131636
9b89b737b770eb94,12645,2741101,138674,12556,2757618,138674
9b8a8b4cff244c84,34264,24361378,138740,34172,24377063,138740
9b94fa13a1574c4b,102097,92185855,154499,102007,92205556,154499
9b9b28b5dd9012df,54258,44311512,132074,54230,44365293,132074
9b9e07b8bd95cf85,64800,54922048,138825,64705,54934798,138825
9bc12538c175b7e7,22401,12495525,160531,22310,12514154,160531
9bc5d4ca5634a2b9,56227,46341926,140204,56124,46352895,140204
9bd1282945bde8a1,57382,47527900,348883,57331,47565152,348923
9bd76aea0b1a25d4,93657,83765233,138606,93558,83775965,138606
9c263b071992c55c,57859,47940946,134411,57795,47970226,134411
9c2c8864aa8d91e8,26011,16104420,138334,25913,16117698,138334
9c448921b1a5b041,108712,98802356,138895,108616,98819579,138895
9c4bf87778f458e9,92639,82725639,138551,92552,82747376,138551
9c5adbbe00e592f2,11471,1571280,131691,11378,1583219,131691
9c60696c2eaadc95,84450,74502719,129857,84394,74557321,129857
9c750c11b24ff3cd,33150,23245022,139850,33046,23259983,139850
9c75792b15182f4a,46591,36660421,129951,46538,36697722,129951
9c9d8ce5b23af5ff,33740,23840278,132080,33644,23852335,132080
9c9def5168009cbb,14040,4102058,131664,13982,4149374,131664
9ca73703e0c1d3c5,106786,96882542,140162,106695,96898361,140162
9cb617afc3bcbb49,93255,83353716,137947,93158,83363961,137947
9cb8e3e72afa154b,15762,5839895,131592,15701,5870615,131592
9cbf34329dea9e56,40116,30225237,139130,40016,30235414,139130
9ce096f3c9cfaecb,25867,15944875,139449,25787,15974356,139449
9ce6826c1c816e8c,95898,85985159,138267,95811,86009829,138267
9d092d08aff03c4b,46526,36585827,116662,46475,36632748,116662
9d23a7b91142e892,105008,95123256,100641,104965,95150109,100641
9d2454867517da5f,66156,56245284,139903,66062,56263793,139903
9d32de7a4177f377,60451,50542071,140674,60355,50558460,140674
9d39762344218e17,90246,80320883,129695,90187,80352488,129695
9d44c4a8036dc311,90214,80287872,132025,90155,80320912,132025
9d5653598adf2e19,79184,69305550,158892,79089,69317845,158892
9d73020d8f096600,105314,95382314,139132,105262,95423890,139132
9d751872f9f8e753,12020,2084565,137802,11983,2143039,137802
9d9e37eb3a5275ba,21611,11680559,132165,21566,11719749,132165
9da72f346f252bdd,119946,110045824,139319,119841,110056183,139319
9db9503b2ac5835d,60795,50901827,139361,60688,50912907,139361
9dc89f783e1afe24,90375,80440860,130407,90313,80482303,130407
9dd6f2673417b639,33039,23120181,130815,32948,23146504,130815
9de9cc74eb1f9c6b,38346,28441587,139692,38255,28453362,139692
9e003b567cd7f011,23214,13313291,140296,23119,13326297,140296
9e190760cc4ca0cf,12932,3041308,139108,12842,3055684,139108
9e1c0a648219d850,105345,95405653,138292,105290,95454573,138292
9e2064da9fa12aef,77994,68093966,141338,77898,68103620,141338
9e3f8e1c4bb2b5b7,113551,103662610,138697,113446,103672067,138697
9e93339ef03c631d,95802,85885177,137373,95716,85912681,137373
9edc467589d79afc,67730,57820769,132665,67647,57837005,132665
9f06e6b383e1e56b,38619,28704622,120546,38554,28724833,120546
9f0b474fdf4e1a39,106323,96421902,135968,106224,96434266,135968
9f185a96ad51bdfc,79721,69820856,131074,79627,69830525,131074
9f26daff112c1c68,114366,104482133,136639,114273,104505663,136639
9f2a958bd510df9e,19472,9588251,104620,,,
9f323579bc4048ab,65800,55885429,138957,65716,55907224,138957
9f4b41637742f1fe,98530,88625481,137892,98436,88636853,137892
9f51ae1bd00b6a54,13087,3200037,132405,12992,3213945,132405
9f5577c0ea4a405a,25497,15560059,131610,25447,15604162,131610
9f5b4340154f8916,91390,81484935,136841,91291,81497308,136841
9f61c4fd6cd3cf13,97353,87462247,138775,97257,87472797,138775
9f67240f65ec08cd,75274,65352623,131944,75205,65381523,131944
9f7649319e6e0cad,66286,56381768,138128,66191,56392563,138128
9f7c328bda43da59,98500,88602202,139185,98408,88612283,139185
9f883b36ec4ef087,68716,58825741,139634,68617,58836058,139634
9f909d0e9687e0d1,36810,26862675,132328,36762,26917888,132328
9f9c15cc649e6b78,73069,63185799,106963,73003,63201765,106963
9f9f7f88196385db,78631,68680796,130766,78562,68738410,130766
a001a94fad050a3d,93877,83968646,155842,93786,83984733,155842
a011445624b943bc,111777,101865594,137403,111682,101884473,137403
a019ac230ad03ea7,30387,20481509,139958,30290,20495089,139958
a01efded9804a92b,77485,67562307,139950,77396,67592793,139950
a0261dc6a9bb16f9,82946,73042495,140551,82850,73052833,140551
a03b39edbe206f08,85427,75521173,132747,85330,75537803,132747
a05532ad79a4405e,96093,86170100,129656,96062,86214844,129656
a060f88ed48e75f9,43843,33945438,138922,43740,33955235,138922
a069f61a5cc45821,50047,40141591,138723,49951,40154746,138723
a074c9e6bbebe22c,112909,102987105,130763,112850,103016632,130763
a08aec6fb39f2dec,98959,89065074,154298,98863,89081447,154298
a0905f5729618446,109460,99545656,138692,109369,99567265,138692
a095e1de4b58feec,13397,3484420,138852,13312,3513305,138852
a0b21a381db63a8e,22183,12301191,138855,22084,12313783,138855
a0cb2f0765119db4,90680,80764504,141589,90593,80787676,141589
a0f793ee2a983107,53469,43565440,138806,53369,43576532,138806
a1027bb13aa60dcc,74243,64342045,139615,74144,64352126,139615
a11249cfd86defed,16657,6744569,138403,16566,6768907,138403
a1232bf324a29c74,56539,46627878,138366,56443,46645803,138366
a13163a1ea5bf31d,15319,5421730,142071,15227,5434850,142071
a14fa564fef52b04,99244,89345948,138672,99140,89356155,138672
a15244785f9321de,72381,62481704,137334,72280,62492339,137334
a16e748564b0d4ff,118570,108682570,139006,118469,108693239,139006
a17042837e23f145,32317,22401355,139455,32226,22428043,139455
a17cc1f8d31263cf,95269,85365357,138839,95170,85379502,138839
a18135e2f4afce50,41110,31204735,139000,41016,31218051,139000
a197acc95f07b615,34751,24829401,130826,34747,24944630,130826
a1c774d9937330a1,33300,23421653,138702,33206,23436607,138702
a1d56d521a483da5,52324,42409193,118148,52260,42430913,118148
a1fc6e83c5d61d2a,106567,96682490,139386,106471,96694478,139386
a21037320f4d6fbb,32037,22141645,140644,31930,22151340,140644
a21b8da535459616,82425,72491565,132093,82370,72532349,132093
a228316beb0c1b0b,48918,39000655,132827,48834,39025071,132827
a22a1d8042bc49ae,38127,28241535,138970,38038,28259520,138970
a25be2d3f7908e40,49268,39360488,132377,49173,39375761,132377
a28f1fb4bc4d3e7a,56698,46800812,132161,56600,46811046,132161
a298129bf73871b7,96439,86505446,137994,96385,86557502,137994
a29ab7287d2454a3,117726,107842252,136090,117624,107852517,136090
a2d534e5cf9cee03,114582,104665817,138494,114494,104693310,138494
a3362a8dbf521266,57286,47381966,139344,57191,47393177,139344
a33f7c4ad12eac91,54384,44420804,132694,54348,44490765,132694
a342168bc29a4dd1,98319,88400693,129439,98241,88425191,129439
a37684e171579a28,57188,47280505,131190,57094,47295537,131190
a377a8def371ff6d,101260,91315610,115974,101236,91366086,115974
a384b71e2d4410cf,119567,109662391,137618,119471,109673440,137618
a39f1dc292043157,63536,53602983,132958,63467,53643069,132958
a3a137a6e4344c22,81290,71382197,140204,81195,71397641,140204
a3ab21277a2ea6e6,114274,104382193,137692,114170,104397163,137692
a3acb5706926395b,113405,103502373,138083,113314,103512257,138083
a3ad26ea1d6973af,71762,61862157,140122,71666,61872504,140122
a3b0890896cc7bcf,90946,81062028,137629,90845,81071937,137629
a3bc708a28b325f7,40806,30880316,131411,40734,30912683,131411
a3c0bc34d0b1fca3,90531,80602686,130969,90459,80637375,130969
a3c5aa4b6c6304a1,79212,69328820,137924,79120,69338361,137924
a3cb6342c43ed22a,21095,11184782,139488,21004,11204500,139488
a417223741243a10,102597,92704294,141107,102490,92715148,141107
a41b92e7bc6fd77b,76135,66225457,139659,76043,66243052,139659
a43be5e9f6b90cbd,103916,94005796,138912,103821,94023601,138912
a44081310a403e6e,27372,17447247,133271,27305,17478718,133271
a44e897e414b48a1,79876,69980863,131817,79775,69990987,131817
a4636009f8c5fbb1,109983,100082697,139439,109884,100093509,139439
a46c98c2c68c0a38,63159,53245524,139977,63063,53266711,139977
a47acc0227673bac,71246,61310659,129939,71190,61353148,129939
a4a39239a43248af,114711,104805083,154002,114620,104821073,154002
a4d456fbfa69f322,37561,27661960,139933,37470,27679190,139933
a4edf33c2762e1a7,30696,20803340,132806,30596,20813396,132806
a501fee411be0e18,79814,69903300,131857,79716,69921140,131857
a53516c65a29e65c,103195,93260868,130761,103132,93302434,130761
a53ef44b8d8829d3,73184,63260740,131783,73117,63295868,131783
a559cd8d3e7f2554,68808,58920894,132858,68709,58931130,132858
a5686d9dbb7bf55f,48455,38527976,117596,48403,38561288,117596
a569da3d0be3d757,80750,70824864,141168,80677,70857788,141168
a56e93a5b56eab44,66066,56182113,140072,65967,56192081,140072
a589eaf926489d8c,63471,53540762,132065,63404,53578361,132065
a59d5c69f2dcbf43,65918,56021956,139193,65820,56031899,139193
a5a23cf6be46e933,13978,4042456,131850,13928,4094734,131850
a5b64ed9f2fabc0e,117969,108062437,138416,117874,108075895,138416
a5d92a236ad79355,37176,27260293,131962,37096,27286970,131962
a5ee5f79d88ca1b6,118755,108848113,129995,118684,108861634,129995
a61325a1d821f285,75909,66002098,139496,75819,66015995,139496
a620181a98860ec6,91198,81285621,139059,91103,81305876,139059
a62e43f83978fa26,43718,33821772,140463,43620,33831954,140463
a63fb209eb41fad4,65301,55389732,131556,65247,55408710,131556
a64b22a5d7a7319e,103385,93460459,128324,103315,93492749,128324
a64d9e237326dd9e,43429,33521694,139417,43334,33536526,139417
a64df75bbb0e70ac,30941,21041881,140638,30848,21053030,140638
a656e47147a417d1,25235,15324972,139773,25139,15346623,139773
a68bf5c20ad0bb18,16753,6844858,139182,16659,6863781,139182
a6901f9c773a6827,13612,3727103,102360,13576,3766110,102360
a69651837a4559ff,62723,52833229,138940,62617,52843575,138940
a7074b6a95cbaa89,15384,5481122,138245,15291,5497710,138245
a7204336b15b9bdf,39612,29704719,138293,39521,29718514,138293
a725a5ae6f509c5f,61413,51486596,118229,61343,51519262,118229
a7355744a8e73d6d,113165,103240895,129607,113096,103275748,129607
a745559b7981c0f2,34784,24851668,131526,34780,24945677,131526
a7651455c9d5180a,92271,82340813,131245,92210,82377125,131245
a78904dc8d7af4ec,105641,95740770,129732,105550,95755350,129732
a7a51d51cc92996c,39515,29602545,131889,39425,29621624,131889
a7ae0d350e77443e,88033,78126082,140261,87935,78144860,140261
a7b844ee55416d90,73532,63621954,139415,73449,63638897,139415
a7bdf028c9d73644,62438,52525769,140710,62340,52546303,140710
a7d72ffdf2e48f39,14009,4079840,131255,13955,4125523,131255
a7d94977803028f3,75492,65580736,132142,75409,65599431,132142
a7e153246e2ec275,92756,82861877,137726,92656,82876602,137726
a7f099a1dc5eb843,26876,16984666,139143,26778,16995336,139143
a7fd4541fcb19e18,104425,94521359,126916,104320,94532643,126916
a809e36d49fe0b65,114023,104124961,154001,113922,104139037,154001
a81aa0f6b805ee03,21705,11780415,132734,21656,11813526,132734
a848758a3fac674c,11926,1985143,139612,11899,2053682,139612
a85a3713176c5323,30418,20504977,139210,30320,20525456,139210
a860fcef3de15847,64362,54461790,139226,64266,54472068,139226
a8679b9ad5b0bd9c,55867,45920627,131310,55810,45977612,131310
a873dd85f1e9b016,89049,79142162,138881,88954,79156618,138881
a87bf5c76c78e4c7,104363,94465610,136338,104261,94477776,136338
a89f33aaf3cc76ee,85458,75562874,142092,85360,75578026,142092
a8ab6a7760ac12f9,12710,2804658,139009,12621,2821608,139009
a8bacddc22d10677,44309,34400143,130247,44212,34415981,130247
a8d133cf8461617e,102130,92220896,155754,102039,92238833,155754
a8d66336b648da28,25778,15842222,131326,25709,15885467,131326
a8e0b487f73058eb,50833,40922383,142324,50746,40940047,142324
a8e4caa69b71e318,66788,56900727,132859,66686,56910839,132859
a8f8e08932a02531,83941,74062389,139477,83844,74072296,139477
a8fcf431035d3b60,42257,32345229,139536,42161,32364600,139536
a90c33d9243659d7,56006,46080332,130734,55925,46113284,130734
a90f2f7466585132,60546,50641765,138508,60448,50653576,138508
a9370ecc4255d0c6,20409,10501128,137917,20316,10517778,137917
a93b04d008702379,39240,29342556,132536,39139,29351931,132536
a93b34ad7d8b4fb8,91606,81721914,138102,91504,81731860,138102
a94b6b780f4d1874,32984,23060339,132753,32900,23091032,132753
a99454695522fbe4,54920,45042008,138673,54824,45052308,138673
a99c4a0552a7f5df,88511,78583623,132579,88444,78617443,132579
a9af03fe531b4b5f,107991,98085853,156635,107899,98101126,156635
a9d434e909b0a64b,108275,98382372,138824,108174,98393079,138824
a9daa98e411b09a9,105407,95482263,138289,105346,95515883,138289
aa206ab78d4a7f5c,116761,106862650,111701,116689,106870980,111701
aa295e1e41055577,99784,89907812,102978,99722,89918303,102978
aa4d6c3b0aa36dc3,68960,59060829,131673,68865,59071063,131673
aa613418f25f5caf,44970,35061883,140205,44887,35076828,140205
aa61ef39380c90e6,27254,17388132,348900,27183,17414122,348940
aa7f5061eff77ac1,61543,51620496,131650,61471,51650206,131650
aad324e0f2c04818,79752,69852263,132020,79656,69861870,132020
aad9f57c71fda562,53245,43341739,139623,53149,43352059,139623
aadf2df55e0041c1,64889,54981889,139367,64796,55000589,139367
aaed52f88b9d1536,93687,83802140,138057,93588,83812759,138057
ab04faa215a90bea,44911,34985182,139424,44835,35017902,139424
ab1df8b29ec1bd4f,72809,62901981,138824,72714,62916498,138824
ab3132eb3c2d266f,71374,61441064,132510,71315,61480960,132510
ab326b73f63f64d1,118947,109040938,129780,118873,109056845,129780
ab3d10ea75e31750,69688,59765458,139447,69612,59799106,139447
ab401b2219311c61,99581,89665628,139201,99487,89688605,139201
ab494ff8c3c97de4,96643,86741968,137331,96558,86758793,137331
ab5180875738198c,114998,105060872,129000,114960,105120627,129000
ab66fc675717432e,69058,59145694,139940,68962,59165033,139940
ab9ccf7d528a24aa,38781,28860148,130261,38714,28888300,130261
aba4484be0f6c4f2,28201,18301557,139583,28107,18311431,139583
aba713a8fb5730d5,55139,45225154,138604,55043,45246435,138604
abb7a7182cb3371d,89243,79342227,139288,89147,79352731,139288
abbc2c81ef3aa1e4,10388,485099,139969,10288,497526,139969
abc755408168eac7,63126,53221908,139636,63031,53233099,139636
abde7dbda497d55d,20255,10364072,142528,20153,10375533,142528
abe9019eec6044eb,115978,106082601,138003,115882,106092903,138003
abef0c3bf401154f,71647,61722907,131651,71565,61754901,131651
abf74abe58a84fd0,33266,23381280,138087,33168,23393107,138087
ac2486954f75c768,12400,2521776,141586,12305,2535193,141586
ac265d330a2eae9f,111448,101542271,137583,111356,101556126,137583
ac30453b6d1a3e27,94568,84645566,137790,94484,84675102,137790
ac3c99111e727ac2,83092,73205721,139145,82996,73215957,139145
ac3e7a78b856e4af,57889,47963284,132513,57822,48000957,132513
ac46ff7a42c16339,67133,57225824,140237,67035,57240108,140237
ac498d6cdb0d78e2,107288,97365230,136618,107220,97399176,136618
ac89e95b5665ef26,55622,45687922,117128,55590,45728534,117128
ac8ba64005a29299,37321,27422326,138455,37222,27434051,138455
aca3f98318569f49,47853,37960555,132537,47749,37971050,132537
aca7df8470161333,24514,14605082,139943,24428,14620692,139943
acab3a7fe05fe7db,52642,42722143,141569,52569,42750067,141569
acb61340517123f4,109822,99906280,138466,109725,99929600,138466
acbc1b777266e729,13299,3401468,139581,13187,3417429,139581
accd4eaed107de00,50079,40181744,138620,49983,40192859,138620
ad07a74ccb00acb0,76568,66682538,141600,76468,66692901,141600
ad0b81d619fa1c48,94742,84845443,138158,94639,84855792,138158
ad18f635657e89d3,94655,84745701,139240,94561,84762768,139240
ad1b86a17a4ee8ea,83152,73265478,138799,83056,73276389,138799
ad31744ff8a748bc,35246,25341234,138047,35181,25358917,138047
ad5374e6ed1b7ebc,82199,72302408,139965,82104,72312460,139965
ad6866e11fea0bd4,10854,944824,139062,10760,963914,139062
ad6f58882ce8a3a9,44341,34441845,140874,44244,34452631,140874
ad72165e9ee7f269,89401,79502178,138799,89301,79512417,138799
ad85ec1458194496,98862,88962080,137448,98766,88971720,137448
ad926a496c3ba6b0,110295,100402501,139396,110185,100412971,139396
ad979524648d76fa,33356,23445267,139970,33266,23465711,139970
ad9e8c64508ee196,10822,921190,140152,10729,936574,140152
ada476a67fcdfa41,75461,65540867,132066,75381,65569075,132066
adb79235c5dcef10,17377,7463847,141208,17285,7489020,141208
ade0bd442b5d1e44,104207,94302686,140911,104109,94315582,140911
adea98131d6d2090,10725,824129,156710,10633,838417,156710
ae039fae2646dc02,82679,72746288,139763,82612,72786070,139763
ae0d47be9b5df10c,34231,24325015,137996,34139,24340819,137996
ae50431c90a0587a,64736,54845492,139509,64638,54855495,139509
ae50d2b340e395ac,106656,96745688,138258,106565,96766976,138258
ae5e4cc9df09b7c6,85829,75942065,138588,85730,75952889,138588
ae7df3e7cdc1ad25,112284,102385633,138353,112179,102395302,138353
ae8e79117e7ab8b6,74994,65128970,343383,74923,65154289,343423
ae8f38b6b1642a28,104957,95106382,328692,104906,95140664,328732
ae9875f1030dff24,11504,1599988,131621,11411,1615835,131621
ae9be3e1a2c2cb07,89463,79561889,137626,89360,79572487,137626
aec8095359c41ae0,64200,54302181,140376,64106,54313040,140376
aef24f6f06505b47,57006,47122332,142669,56905,47133201,142669
af1b1cb2b33b3f17,118722,108826172,130061,118651,108836915,130061
af29e204e71b6775,101525,91562470,127899,101462,91632179,127899
af2bb770b9c939cf,102161,92244387,139396,102071,92269712,139396
af600fed0303ed06,12963,3064732,138773,12872,3077515,138773
af6f379ec93c5af6,15352,5445030,137822,15259,5467946,137822
af8ff568fee51965,47320,37440747,133608,47223,37451387,133608
afa50039c3b0e3f7,21920,11999974,130844,21850,12032363,130844
afb2ee52267d270b,76722,66822460,140278,76627,66833468,140278
afcbb8a6932480e3,83062,73182240,139203,82964,73192125,139203
afd74585f6eafca6,60672,50764431,130988,60571,50779338,130988
affb603d09667a2e,87969,78062163,138588,87872,78080142,138588
b0033c05ac6e3297,40710,30780216,130458,40641,30823104,130458
b0042dcba487ff9c,111048,101120903,129508,110985,101154649,129508
b0167bb9bfbc1d88,77016,67098965,131204,76985,67123026,131204
b0295be928b9f03e,47251,37364275,142319,47154,37374294,142319
b03add373a73d565,31166,21305360,351648,31100,21331361,351688
b04555ed9fb75db0,69982,60102040,139791,69887,60116631,139791
b056e33ef1a7d508,112942,103009121,130307,112882,103049560,130307
b06a01c24dde8aca,80929,71022081,138983,80838,71037146,138983
b0752d0ebfbd0741,16101,6200288,133453,16015,6213678,133453
b08fe5da15b5036e,90561,80640909,131283,90486,80667744,131283
b095b60be230a250,86822,76922838,142672,86725,76933237,142672
b0ab68249c852978,24052,14161284,137350,23958,14175669,137350
b0acfaeecfdefe21,96758,86865406,139165,96658,86883760,139165
b0d42e49e74aca22,84029,74122146,139410,83934,74136390,139410
b0d978ecc149045a,77404,67466061,138796,77329,67512186,138796
b0e272d25d36f5c6,88065,78162300,139499,87967,78172403,139499
b0e5196a909fa4f5,17034,7140055,131891,16926,7151723,131891
b1086d97ffab00a1,103417,93482262,129301,103344,93523942,129301
b154d558c18f80d1,72411,62505302,139455,72309,62518181,139455
b16cf21f65d51a83,70459,60562377,140234,70360,60572948,140234
b1779976e7ec28ca,64019,54125575,138964,63912,54135163,138964
b18bf33b326f81a9,20020,10104688,138462,19955,10130969,138462
b1990f4aa2db0518,18833,8941608,141634,18731,8955237,141634
b1ade16091d9abb1,27565,17640259,132281,27494,17672345,132281
b1fba8ebd2531989,91358,81461848,136977,91260,81472603,136977
b21b6cd11d8f4717,27533,17602136,131754,27463,17640075,131754
b232df932f464e53,92429,82500956,131675,92361,82535748,131675
b23cb06081c3f40a,103653,93742611,130924,103558,93760196,130924
b2649621bb899966,82974,73082236,139866,82875,73091992,139866
b2720710622e314e,60610,50705629,139296,60511,50717247,139296
b2804e5193ffdb28,29210,19348698,349592,29144,19375837,349632
b2cd55dbad3dc4e5,45174,35282371,142890,45068,35292876,142890
b322f3388c2b2177,69025,59122008,139785,68929,59133376,139785
b3237646c8ac663c,80841,70922169,138757,80759,70948385,138757
b3412856f7aee6a2,15858,5939843,131148,15792,5966723,131148
b34c54a640c36eaf,23877,13961427,139005,23807,13988703,139005
b351369765c70abc,96285,86342711,129141,96247,86406610,129141
b3664385e73248dd,34519,24621609,139528,34421,24632856,139528
b36f3da56ec3d1e1,12613,2704950,139766,12524,2725898,139766
b3857fe401bc236f,66383,56480959,133152,66286,56491050,133152
b386bd50a596157d,63342,53427145,118956,63276,53448089,118956
b3d4a7f5aee4c3ac,58332,48421910,139737,58238,48439764,139737
b3e94a1eea35086b,43967,34080063,130321,43861,34089799,130321
b3ea946456204601,26475,16565033,139356,26377,16582375,139356
b3f370ae4dff2982,112376,102485696,138553,112276,102499944,138553
b3fca1103c2935f5,16816,6920030,131847,16720,6934103,131847
b403f74df0ab4300,47729,37825332,137613,47629,37836356,137613
b4119435e73807ea,62629,52724438,142256,62524,52736391,142256
b4277f1a8cc8219f,35957,26061519,139506,35856,26074540,139506
b4689f056c8f9913,36020,26121396,138677,35916,26136408,138677
b46e23aeeadf0452,56635,46725492,138917,56538,46742468,138917
b471570414718fd9,94949,85041923,136738,94854,85056070,136738
b472a26dbe009919,112556,102645467,137663,112459,102662782,137663
b483e255ed5fc236,33486,23581564,139900,33395,23595941,139900
b485c5a8d441a8d6,37440,27561451,138938,37345,27575345,138938
b48af94920b90fa4,22125,12225003,139345,22027,12236549,139345
b48f0b0eba18bee9,15481,5581014,138245,15387,5592822,138245
b49c88939128d0f6,98411,88501940,136735,98327,88517650,136735
b4e26bf3529fc803,15698,5780177,131648,15638,5806944,131648
b4eb12dde1e94e7b,47602,37700488,132246,47505,37711067,132246
b500718605654103,19393,9484118,130940,19291,9503386,130940
b5119245162bf7cc,84932,75024876,140774,84834,75039930,140774
b51303f448fd6abf,79127,69225462,139828,79014,69235189,139828
b517e9afe855e7ab,41823,31922255,140956,41721,31932741,140956
b540868400806efd,52421,42480630,133118,52357,42532725,133118
b547691e5889a35d,102777,92865315,137743,102681,92884286,137743
b54b6f8b9a57e63d,19588,9657650,116148,19568,9763666,116148
b54e3109425c64d0,86763,76861214,133212,86672,76871512,133212
b56725f5e35bd99a,33678,23785023,158764,33584,23802252,158764
b5701348612b37f7,53561,43660555,132108,53458,43670419,132108
b5846e7e0bc44a27,72841,62942436,139917,72746,62953037,139917
b5bca4b931b6415a,40024,30125112,139228,39913,30135813,139228
b5ce9b09431fa815,25925,16005042,140165,25838,16031781,140165
b5d2e8f362479b36,109518,99622464,138967,109422,99633344,138967
b5f6196fac161ba3,88128,78270830,352393,88066,78297072,352433
b633fc8cd1eb5b75,75430,65502925,132241,75352,65538015,132241
b63d3a16fed3fa1c,75787,65901867,138516,75687,65916528,138516
b64066932ff9d252,78470,68552080,91698,78411,68574780,91698
b659e28034d4195a,90500,80580566,130371,90430,80606810,130371
b65f46feff83f442,55041,45128509,159063,54947,45149567,159063
b66a29ac719667bc,103625,93720563,128414,103532,93731466,128414
b66c06ee66c69b9b,104861,94962224,137901,104766,94975220,137901
b66f6074c8337368,56256,46365543,140007,56156,46375872,140007
b67dbefc02604276,105758,95862966,130961,105653,95875246,130961
b67f25002907f152,78663,68702811,130373,78590,68770505,130373
b6a870a9680fbe45,92091,82206839,105074,92032,82221629,105074
b6ac4561e1df359c,90886,81000755,130774,90783,81011115,130774
b6ad3ca6c7fd21f3,70522,60621981,139974,70420,60632615,139974
b6c7ddc985ec1bfe,76039,66128508,136502,75948,66145885,136502
b6cae697c341a088,92550,82622720,130087,92472,82657540,130087
b6e17514926941bc,58093,48201934,140068,57999,48218459,140068
b6e9a21e79c5dc2c,15981,6072005,132239,15907,6091187,132239
b6ef7954d7e6cab1,80311,70449888,350143,80245,70476091,350183
b701316019a9f317,102809,92902181,137725,102714,92917124,137725
b710a72c2eb0b165,68993,59093718,142708,68898,59104407,142708
b761c596e1e4352a,46779,36843636,131874,46715,36886341,131874
b78b482232277d74,76072,66162002,138997,75981,66178517,138997
b7924bd15f97d898,101999,92091863,155224,101909,92107818,155224
b792fe2caa96c8b2,33236,23344944,139079,33139,23356859,139079
b7974565ee14da15,108679,98765627,139055,108584,98786530,139055
b7b970f20e60f08e,117849,107962787,137988,117748,107972393,137988
b7bd9e7d19e77398,104667,94762496,139333,104574,94779624,139333
b7d8bf48b154e291,10226,299730,130488,10156,336246,130488
b7da9e5945e181dd,24702,14805071,139778,24608,14814998,139778
b8022902ba92ff35,39331,29445761,138990,39242,29461303,138990
b806ea793bd11904,52453,42520450,131512,52388,42561431,131512
b8092e838ca7ff77,36873,26940223,132110,36823,26982255,132110
b80f324977d3cbd3,75243,65320722,131574,75174,65350543,131574
b8266939824a2441,34719,24807333,132042,34716,24943356,132131
b82922eb9e070a76,80402,70489427,131804,80340,70508974,131804
b82daf15ef3b961b,47505,37601703,139176,47409,37617128,139176
b838734ebd5e0fe4,40055,30162048,139976,39944,30172175,139976
b83d3ff0990dbb27,111329,101405665,137829,111249,101436369,137829
b83e4ca0135b5e74,119915,110022299,138056,119811,110033182,138056
b8626ee3bb6099fb,52235,42371162,361407,52167,42398334,361447
b862c77b0a72f6ff,67069,57162102,140110,66972,57177102,140110
b86864e51c5865ce,37722,27821638,139783,37630,27837381,139783
b895c03865ebd2f3,88841,78941200,132725,88741,78950844,132725
b8a08eafc9b6b630,36082,26185309,139286,35988,26204930,139286
b8e9de14aa7e8053,86550,76623121,132085,86475,76656872,132085
b90f02d6bffb620b,73960,64082265,140708,73865,64092140,140708
b92b8945129fffb3,115657,105745366,137728,115565,105769364,137728
b93ea942eb220955,91166,81262153,138843,91071,81274085,138843
b941a52694f3fe27,58683,48782019,140190,58582,48797345,140190
b96176abd5fc8e95,22066,12161711,140837,21976,12175424,140837
b981b1009d684b42,113071,103140904,129335,113007,103181312,129335
b99d0e5af1af134c,76951,67043080,117845,76923,67057016,117845
b9bb435f89d3435a,84608,74681334,132351,84543,74715735,132351
b9c9d30488c23a5e,59728,49800724,131981,59667,49834984,131981
ba03813757543dc0,18581,8681545,140087,18488,8699799,140087
ba10ebc24cdcebd9,22037,12125359,139536,21951,12147026,139536
ba2439e9d5aa0519,44940,35021733,139976,44861,35047084,139976
ba31c00711f9962c,26314,16404529,156804,26219,16422574,156804
ba3667f426491a92,66254,56351753,155220,66159,56362841,155220
ba4a7687a0ff8922,113991,104082987,138276,113891,104097515,138276
ba51c116d9b0fdee,46361,36509905,356487,46306,36537601,356527
ba66ff9cab144580,82617,72680819,131414,82555,72724746,131414
ba68ee0dfd8d15ef,26693,16801109,138204,26589,16811423,138204
ba93a57da57361e2,89740,79862514,141059,89645,79872957,141059
baa99285e46d020c,30757,20865433,138811,30657,20876084,138811
bab35fe6ec11c23f,97476,87585647,137135,97382,87595153,137135
babcf7a3853e0c7e,24255,14344795,138656,24172,14368841,138656
bac50186e0e80b8e,31903,21981241,137541,31814,22010060,137541
bb09ee1c0056983f,42127,32222277,143678,42031,32234724,143678
bb0a433dd206b916,114901,104968379,129491,114866,105031401,129491
bb1138287fe51e8d,37496,27585117,139873,37405,27608051,139873
bb2db532f38d1850,49090,39201579,138683,48986,39211958,138683
bb382d7ba628a61c,61266,51361943,140263,61168,51373303,140263
bb4f7d0b7ed604e1,101761,91861922,136415,101654,91872052,136415
bb51fc77494bbe14,18003,8082318,133316,17929,8112788,133316
bb64919bcd3fac53,18770,8863980,142751,18671,8879963,142751
bb6a3e928f095f11,15888,5962114,132005,15821,5998066,132005
bb8fab1aaf5644e6,72566,62682336,139669,72464,62692893,139669
bba2604e146822cc,11701,1786683,117030,11684,1845788,117030
bbce281871092026,65209,55349576,348252,65150,55381976,348292
bbdbf65262c4ffab,103741,93845220,143064,103637,93855228,143064
bbf77a58cdf2db94,87872,77963365,131534,87776,77978543,131534
bc417b6169674e7f,95013,85116704,155062,94919,85128864,155062
bc774a9bb45892cf,87318,77405843,139861,87220,77426220,139861
bc7d626cb5c7f89d,59665,49722854,132380,59608,49771476,132380
bcbd30c75a23d701,101442,91462024,127333,101395,91548663,127333
bcd58dada7fdd6b8,40645,30720311,131826,40578,30752844,131826
bcdefc4b760f23b5,23505,13569617,131778,23461,13616189,131778
bcf3d4cebf8788de,94713,84822148,137247,94613,84832585,137247
bd1120c4a0b2b31b,90310,80380872,130834,90250,80417100,130834
bd130a1488b0b503,77080,67143207,130796,77046,67187388,130796
bd2398d5ff24d0b2,40086,30201704,139844,39984,30212421,139844
bd293eb4e5aa3041,60887,51001972,139850,60787,51012203,139850
bd4486f98661ad6b,107501,97602017,137335,107414,97615842,137335
bd46e93d60298c0e,23569,13622104,131321,23524,13676987,131321
bd47a107aca4bfce,31577,21582449,130867,31543,21683648,130867
bd4e89b36792ff20,45086,35182603,132031,44990,35192674,132031
bd5ce586240d50c0,116041,106142386,138578,115943,106152549,138578
bd5e6390c524932c,92047,82189303,347968,91982,82214275,348008
bd8051ccd7f359f4,21513,11588909,132449,21470,11622932,132449
bdb26155f2de2da5,33646,23741376,138083,33553,23755618,138083
bdc45a9f373de76f,110079,100165813,139037,109976,100186326,139037
bdcd3ba1b85cb285,78695,68740578,130757,78619,68802804,130757
bde2c794e888dbbf,62220,52341537,137771,62125,52351851,137771
bdf7718dfc759200,61971,52082029,140278,61871,52092364,140278
be088c6576eb71a5,43004,33100468,132100,42916,33111386,132100
be1de44e25f30f6e,63406,53480896,132712,63341,53513586,132712
be23c42966e194b2,14637,4727242,138027,14546,4748817,138027
be309c43917c791e,85737,75845966,139683,85638,75856172,139683
be3f235da6fbd589,99842,89936614,113544,99781,89951910,113544
be815e7eb043cbe1,77431,67501950,139164,77350,67538128,139164
beff37383b93e8fd,99429,89544241,139569,99328,89554276,139569
bf1f972cdd60a776,18863,8964872,138025,18760,8977627,138025
bf3c1b35257abf66,46717,36781881,139862,46658,36824665,139862
bf49c43a00c351cb,41408,31501421,137994,41314,31515299,137994
bf5077e45fd2f87e,99711,89802539,138183,99616,89818418,138183
bf63b805190ea9f4,81641,71742049,138855,81540,71753340,138855
bf7ede0f96fb5f54,113829,103922224,136598,113732,103935599,136598
bf83b1e2216724c7,55106,45201446,137465,55011,45212918,137465
bfbab3ef33fe6468,96060,86148217,130545,96029,86197705,130545
bfc44860bcb2501c,33421,23508259,138823,33331,23532393,138823
c009be82cba02358,50981,41083864,130572,50879,41092998,130572
c033a2a4ce483962,114743,104885963,333227,,,
c075cf81e4c2f1a2,64986,55082013,139661,64893,55093122,139661
c08931bf03973bc1,71083,61228898,344862,71023,61255166,344902
c0b7369cd22b8857,62002,52105648,139587,61898,52115188,139587
c0f006b20e5ebe05,19716,9779789,130601,19690,9825799,130601
c0ff55fee89338d4,88603,78681017,132134,88529,78710368,132134
c109052405a4fc99,53405,43501748,138785,53307,43511890,138785
c10c9f24463b73c8,70707,60822643,143553,70605,60834070,143553
c110f2bc06464945,35216,25305392,137491,35158,25329178,137491
c12e98584c4d0c91,46840,36920669,131899,46771,36947979,131899
c148dd4bb953e6e5,37658,27747391,137581,37567,27769549,137581
c15eb2a82d40b745,30665,20780939,132672,30563,20791805,132672
c161a1b3d3e18956,16372,6484165,132059,16283,6496226,132059
c1639e14f2112ae5,62660,52761896,138723,62554,52772668,138723
c166ed16e44ab2dc,117479,107582635,138888,117371,107592625,138888
c19c515644be6b90,58557,48645248,140263,58460,48664327,140263
c19c959eece29108,78535,68584767,95443,78472,68639498,95443
c1a1942c63262b2e,14069,4140226,132551,14007,4180862,132551
c1a4f84b935bc763,118290,108385960,139404,118191,108401411,139404
c1cb18e6e434f040,108337,98442339,138190,108232,98453012,138190
c211804fa26fa0b5,82263,72409525,355751,82204,72435276,355791
c2237e2ee947afe3,46900,36982192,142071,46824,37008026,142071
c23058fee44973b4,89307,79402176,138820,89209,79414138,138820
c23909566093d03b,93626,83741840,136931,93527,83752453,136931
c2564f7ba7260a82,68343,58441937,138664,68248,58452319,138664
c25c3dab143c0776,69600,59680715,131451,69535,59711981,131451
c2986410a2a7e7e0,99940,90013636,129072,99878,90046569,129072
c2aa0a19893fb0b5,26346,16441129,138135,26250,16452887,138135
c2c1a475bdbb5fdf,51161,41282713,137192,51065,41292866,137192
c2d85639583c8bc3,94199,84260595,129506,94139,84305431,129506
c374038984524a9a,117696,107805608,156667,117588,107816644,156667
c37a65d37e874cd6,107130,97201375,130652,107068,97247915,130652
c37be83fdb0373e8,82522,72592009,131067,82464,72629933,131067
c3a212da365307ff,25529,15582007,130056,25477,15636440,130056
c3d1dce5ace5908f,28856,18945292,138685,28763,18963895,138685
c3e143a8f0ae52fd,41697,31802182,141190,41599,31812878,141190
c3e4116744e31cd0,89796,79885909,138644,89702,79904048,138644
c43f9e179dc7ab2b,11439,1540143,132418,11346,1552302,132418
c43fbbbf7c9eb98a,15013,5121259,139310,14910,5133344,139310
c443243cbba33e91,96348,86405459,137363,96304,86468420,137363
c4758e956f15deb9,40580,30665816,117763,40513,30686578,117763
c484e57111004532,74370,64466117,139895,74266,64477105,139895
c48b35ad3d2c723c,78931,69000734,131301,78827,69037963,131301
c490c7cc5d0e0d36,28266,18364446,157046,28171,18375632,157046
c4bec5694157568a,21225,11321315,139496,21134,11337183,139496
c4d226fd8d43b2e3,25106,15201497,140571,25012,15213561,140571
c4d86b856b117ca8,113958,104045658,138446,113859,104065089,138446
c4e8b90fcbd0d814,76507,66622234,138962,76407,66632878,138962
c50661a655ba404f,110763,100862493,138955,110667,100872949,138955
c518d7d453d8614e,68563,58662154,140411,68460,58672267,140411
c52d099dea141637,38969,29061549,139010,38893,29076360,139010
c5374952e2aaecea,97414,87522497,139582,97314,87536617,139582
c54aba080af565eb,118507,108622325,138306,118405,108633283,138306
c55418f244259b83,24920,15041808,140133,24824,15052709,140133
c55481ea5b20738d,51759,41862434,131777,51655,41872096,131777
c563dacad4d35b95,83754,73862125,139607,83651,73872602,139607
c5a00701aa9e29c5,62502,52602126,140477,62402,52613033,140477
c5a468654f570574,57948,48041964,138479,57873,48055895,138479
c5aa9755d48925b4,97721,87822105,137410,97631,87832207,137410
c5bf0b04e3f9161f,113287,103365603,138010,113209,103394446,138010
c5c6a171131e00b7,27222,17321215,138398,27126,17331359,138398
c5c8f0b454a8ad53,13758,3819735,130447,13721,3874515,130447
c5c907470e15e71b,91514,81622291,139347,91410,81632709,139347
c5e792e07b59c05c,72190,62282290,140652,72094,62298510,140652
c5ffce94f3579cb4,97753,87845473,138417,97663,87860307,138417
c619094c65b84d11,27028,17121579,140288,26933,17135071,140288
c624527e7a2fc053,57642,47703110,131690,57595,47749311,131690
c62b442c5d7933bb,109088,99160818,129512,109021,99194439,129512
c65b91b86a92a20e,61637,51722380,142594,61562,51745538,142594
c670b06e7d3dcfd1,102841,92942523,138351,102746,92952730,138351
c674b20edb0dbb22,13179,3299820,131449,13085,3314420,131449
c68179ac4639249d,13024,3123322,131513,12932,3140878,131513
c694389079bb7a3c,30259,20348553,139604,30164,20366086,139604
c6cd56bb8a41f3dd,86046,76142291,139918,85952,76153619,139918
c6cd7689e38ee179,28330,18425499,139935,28235,18437048,139935
c6d5309fe3f8a84d,25954,16041585,138291,25863,16060613,138291
c6ed71a80d22fc82,31929,22004746,139096,31836,22036946,139096
c702b407a6a0d8c4,51041,41142731,132374,50934,41152072,132374
c71acfa722dc1f50,65146,55241959,139676,65051,55253653,139676
c73c1b34660ebd77,58714,48821863,140093,58611,48837523,140093
c769ad79c2e876b1,51476,41580352,131308,51377,41590886,131308
c775cd85e8377cae,106292,96385482,138905,106195,96402516,138905
c7a881ef61085901,113641,103762570,139140,113546,103772761,139140
c7c7fa3508b993a0,33582,23681354,138192,33491,23695575,138192
c7faf1a91033cdb4,77566,67660712,132066,77465,67673137,132066
c80056e0100786cd,64705,54821963,140084,64605,54833722,140084
c8043a1350023278,30355,20445546,140401,30259,20462266,140401
c8071e9f430b8361,66415,56503351,132426,66318,56522346,132426
c813ba0a6cf89a4f,22751,12844887,138827,22652,12860707,138827
c825e767d8241cc1,116976,107083381,141396,116901,107093275,141396
c84c1c651f9f32d4,14301,4401105,138455,14206,4412968,138455
c859ad059af905a2,41761,31861959,141178,41661,31872998,141178
c88e9feb5cd51459,32719,22838928,350661,32662,22864533,350701
c89fffb6e8e51db0,93029,83121891,137375,92934,83136517,137375
c8b10006387a8c03,117415,107505831,137961,117312,107522760,137961
c8bb535513f9b75e,45581,35681908,139813,45484,35692088,139813
c8dfac33364a181d,74769,64862052,139470,74674,64881620,139470
c8eedcfff1a22e63,72442,62542170,140233,72340,62552564,140233
c8fbf0cd7b2bcaab,22813,12921421,138175,22712,12935908,138175
c934c10dc4cd2882,91887,81981986,137573,91792,81994021,137573
c969478555811d91,112346,102462300,137775,112244,102472295,137775
c99582c8ae8bc8fa,11831,1899894,130641,11809,1957420,130641
c9ad50da36206d8a,52734,42821718,139629,52653,42841322,139629
c9bf0424c50c9e65,25625,15682288,131105,25569,15731568,131105
c9de452b34757725,114305,104405457,137873,114201,104421762,137873
c9de49e00ca0c382,66351,56444465,131710,66255,56457861,131710
c9e495e2ae39126c,60515,50605198,138640,60418,50622438,138640
c9f3621af6114252,35701,25801788,139566,35608,25813831,139566
c9fab5854b86a880,101353,91378143,127043,101320,91459981,127043
ca009d7df689e3b1,33802,23901587,138745,33703,23912575,138745
ca16a194f26afd80,37351,27460260,131742,37249,27473308,131742
ca39b75427e486e1,66696,56802708,143426,66589,56813794,143426
ca3baa8aefc21717,103447,93520597,128388,103371,93553318,128388
ca5b6c6ef75a7b30,69286,59351280,131513,69241,59393506,131513
ca655ad9459429bd,18516,8604757,138253,18423,8626424,138253
ca6ed187433c35ea,50619,40700294,131096,50550,40726304,131096
ca8cc33d8b47887c,88385,78461151,132584,88324,78491737,132584
ca954fc62772c5ce,20108,10202215,132071,20027,10216685,132071
caa551f6ef0da828,78121,68232587,139387,78021,68242472,139387
cada7d5d1a1c3cf3,15136,5243838,141649,15038,5256611,141649
cadd75ba928e745e,59505,49571014,133107,59454,49611685,133107
cb00107e18a159a5,28168,18261384,138581,28074,18274987,138581
cb1b46550e48a5bb,77264,67297470,132687,77212,67370891,132687
cb2cc2d00d7d07f2,94294,84361006,131812,94231,84400425,131812
cb41b912780c88ef,88416,78483450,132213,88354,78522806,132213
cb7b41be31b1beab,91294,81382701,130953,91198,81401514,130953
cbaf318b97e5977a,19652,9719763,130712,19630,9765684,130712
cbdfdff30f6e0fb1,119758,109862551,139122,119660,109873185,139122
cbf44689e3176251,49743,39846015,138710,49637,39856841,138710
cbf92f88c33f5084,37379,27483978,140420,37274,27496539,140420
cc2d7cac24eab6d7,27811,17901454,138763,27723,17918146,138763
cc4c0e002eb30eb5,103799,93904732,142591,103691,93914820,142591
cc5ce1218d87ca1c,51665,41762708,132198,51559,41772793,132198
cc6b2c4424232811,32624,22664813,131745,32571,22731385,131745
cc6c4c3f402d84ef,83815,73922449,140183,83709,73932326,140183
cc8eabd94db64d0b,52273,42389195,108192,52210,42405545,108192
cca3599af52488ce,11104,1202349,131345,11000,1212932,131345
ccb5cfa7b5c47844,36777,26840343,131364,36730,26886162,131364
ccf877467a408a0c,113039,103103198,130723,112977,103150536,130723
cd11406ada1ac345,43686,33782044,140778,43589,33793541,140778
cd20caf816d68edd,96316,86382260,139437,96275,86439331,139437
cd259375729dd549,21385,11529636,355885,21333,11569503,355925
cd42fca74033a8d7,74834,64922229,140147,74739,64946495,140147
cd43aff058bd5bce,88633,78720942,132439,88555,78740328,132439
cd62b37e3eeccac0,86519,76600777,131190,86446,76626277,131190
cda97ea51f35af42,96254,86320856,130031,96217,86374880,130031
cdb1190dcd255e76,86326,76401089,132074,86259,76434052,132074
cdf2b1f11640715c,27930,18041414,138163,27830,18051585,138163
ce041008b6fdceca,25687,15744577,132689,25627,15793772,132689
ce043a2d1479a17e,67101,57202144,140281,67003,57212765,140281
ce2a7e9eed333436,40301,30385685,138958,40206,30408289,138958
ce38e74706dc70e0,35129,25202308,131673,35088,25245949,131673
ce3b00e7d23e5145,66478,56581966,139769,66380,56592996,139769
ce438002a0dbd608,70987,61082024,139230,70892,61094465,139230
ce4c8e5ac3704c85,22874,12979884,130438,22770,12993075,130438
ce52bd40a2cf1cee,92905,83022289,139107,92806,83032596,139107
ce660e76c2fa691e,82393,72466541,118108,82338,72499385,118108
ce702d444867d32f,54193,44266595,117911,54168,44299202,117911
ce7c60cba3fb5c48,71279,61340339,130353,71222,61386356,130353
ce9b5fa78e80dad6,42095,32182557,131888,41999,32202018,131888
ceb83bd7468d0f4a,82069,72162702,141445,81974,72175917,141445
cecee3b02f166dcf,14573,4665173,159203,14482,4685637,159203
cef4d5fd9c007d25,65527,55602017,139232,65468,55634754,139232
cefe0b9106e5cf1c,36144,26243789,131885,36050,26255716,131885
cf0dd75ddae289d5,83846,73962214,139686,83744,73971970,139686
cf1e199f75a76049,67905,58003182,131321,67803,58012602,131321
cf68a809e0b32a3f,78725,68762961,132518,78646,68833291,132518
cf69f9bcc21f4fed,53180,43265427,137708,53085,43287262,137708
cf6afa06342154e7,84418,74480753,131085,84362,74524923,131085
cf6ef81b10d58e4f,17660,7719885,131572,17609,7770257,131572
cf895bb895ffc236,60354,50448965,158692,60259,50463880,158692
cf8bf5608aaa97f2,117157,107245882,139361,117075,107264664,139361
cfa017af8263bea7,84758,74840754,131151,84680,74865626,131151
cfacc15d1c3ede15,9969,0,132236,9946,80709,132236
cfbb2771c1ec6242,60290,50381878,139321,60194,50396679,139321
cfc77c001ec87281,14330,4441212,138902,14232,4454992,138902
cfdbd1a8c7dabe5d,15448,5545100,139783,15355,5557135,139783
d00d65ab9c23633a,28553,18661676,139455,28451,18672536,139455
d0108c8db1987910,40269,30362148,142787,40174,30376960,142787
d0267ce10d382088,59016,49105516,140387,58922,49123477,140387
d026fa68b701269e,60975,51073218,140100,60880,51083459,140100
d0448bc93d4b452f,26814,16925721,140629,26716,16935896,140629
d055a7e13f8f9f2a,115392,105485526,136708,115310,105511341,136708
d06011b238544c48,59634,49700498,131733,59579,49744452,131733
d07ff0df9efd0ca6,35765,25861441,139069,35671,25878499,139069
d099851d47d3d571,106915,97045610,328671,106845,97080950,328711
d09d8cee334b827f,72223,62322060,139799,72126,62332202,139799
d0a5d0932f168f45,16941,7042666,133512,16838,7054315,133512
d0c26e5375e235ff,23936,14021609,139371,23857,14047940,139371
d0d2c4e47977770a,42725,32800892,132547,42655,32836158,132547
d0d6ee26c135ded6,105821,95942681,139048,105728,95958147,139048
d0df485ae0fde5b0,84639,74703560,131270,84572,74746295,131270
d0f12227c9b9a1e4,75580,65683043,144180,75489,65693812,144180
d0f6ee939540ad9c,15920,5999929,131164,15851,6029627,131164
d11b522bd0e80acf,111906,102002484,139149,111811,102018250,139149
d11f91cb483b4cac,103045,93163722,120469,102983,93175329,120469
d154d9354efb78c0,23247,13341347,139383,23151,13356686,139383
d17fbc783040195f,115276,105362118,136949,115211,105393518,136949
d1963e69e528e062,86792,76883452,131781,86698,76899332,131781
d1b61cca2c25f9de,51249,41344964,137696,51153,41356944,137696
d1be4c5a12ea9351,16072,6160869,131614,15989,6180981,131614
d1df7392774c1c34,67580,57643111,132705,67511,57687482,132705
d203c3468943102f,81076,71182099,139316,80970,71191846,139316
d23a14025e3aace9,12678,2781203,138427,12589,2796332,138427
d23efbc4594519cc,76354,66462177,140189,76253,66476677,140189
d241c52334815834,38474,28562564,132078,38379,28581067,132078
d2420e7d7737cd7a,30040,20161919,141311,29944,20172720,141311
d243264de0b204bc,83439,73525328,139293,83344,73547007,139293
d24e1f5d158b7eef,75400,65480595,130834,75324,65507658,130834
d277a8d7efe855cf,114428,104542187,136827,114340,104553561,136827
d2b12b59e5b8af15,108839,98942652,139131,108740,98953031,139131
d2bc0126c873cd7b,19047,9160432,131384,18951,9172620,131384
d2d4f9437400072e,88172,78288151,104960,88114,78304628,104960
d2e3df3de79dad19,66005,56122038,139488,65905,56132867,139488
d2e7766dbcaeb806,77112,67165366,130228,77076,67219683,130228
d2e87dae2648e059,69509,59580814,132571,69452,59616423,132571
d2f3458995c9e69c,49061,39161473,137549,48960,39171028,137549
d327a2620561bc57,71529,61600776,132574,71459,61636065,132574
d33a9382e4746d28,46748,36821393,137821,46688,36855946,137821
d33dc0e70835172e,14475,4565363,140293,14385,4585745,140293
d34ab9ec892d5ef5,25656,15722131,132811,25598,15763756,132811
d36b95057da7b582,119073,109165879,137935,118993,109180243,137935
d3706d1f16061817,83876,73985604,138618,83775,73995021,138618
d381fdbddb990c02,94051,84166324,100649,93992,84180891,100649
d38f9094bd1f5b26,56823,46920792,132601,56720,46930702,132601
d3ce4c99daa76020,75942,66025742,139648,75852,66048691,139648
d3ce7bf11f91075e,114212,104320847,128765,114105,104334641,128765
d3da02168b9d904a,100946,91133617,318767,100926,91156423,318807
d3e57efc20912516,,,,9801,28227,96135
d3f36b8ac1b46989,68501,58602040,140160,68401,58612925,140160
d3feef46d6b435b4,25562,15620058,131615,25509,15668628,131615
d406e9538b6dd1ac,58397,48488486,157945,58302,48505421,157945
d4198c267e598bf0,111809,101902377,138672,111714,101916269,138672
d425202940c8f4b5,96157,86220846,130771,96125,86280130,130771
d431406be61596f1,118477,108582931,139075,118370,108592691,139075
d443f86489ca2d32,93062,83148544,157923,92967,83170414,157923
d44b49a9dab5e4fe,50523,40600597,132770,50458,40630766,132770
d46655bea754abe3,62846,52961876,138980,62744,52972436,138980
d468cb9c177bfaae,18676,8780248,132328,18580,8792248,132328
d475667152f5e89c,27190,17281679,140527,27094,17297150,140527
d4823cb5898305ca,16440,6559993,131864,16351,6573775,131864
d4ac3a5865c0b8ba,11766,1829106,132513,11747,1893874,132513
d4accb271bf9b1b2,117286,107382292,137707,117194,107394105,137707
d4b47729f574d97c,91701,81822656,140261,91604,81832794,140261
d4da607dab9e08c5,89275,79365571,138263,89178,79382485,138263
d4daa932d4bfc3c6,38939,29022102,141561,38865,29046206,141561
d4f2d27af5c9cffd,31323,21409756,81544,31302,21426721,81544
d51480b5de0a3919,42852,32940297,131208,42775,32958738,131208
d51ff7dfa4f48204,36205,26321443,138920,36111,26334308,138920
d53efab845b74833,67037,57125424,138777,66940,57148540,138777
d53fb0c2d4e0b359,119853,109962941,138663,119751,109973927,138663
d5531bc2314083f9,21949,12042015,142015,21875,12061316,142015
d55d2526648eacb8,97135,87234052,138600,97049,87246422,138600
d568ffe75902c317,78058,68146402,140414,77960,68165992,140414
d597eff4adc635bf,112654,102745739,138316,112556,102760828,138316
d5a48a8a58162fe4,70300,60385698,139293,70206,60407473,139293
d5a58c68f208be81,36175,26282169,142429,36081,26294290,142429
d5c7284ef1cd927f,53374,43465200,139613,53276,43481001,139613
d5d50cbd2aea949b,107797,97885755,138245,107706,97907082,138245
d5dacfa79c22bf60,40900,30980274,131560,40823,31007039,131560
d5dbe12450a31489,77623,67725467,138159,77515,67735735,138159
d5f2fc8cde2d2736,118353,108462783,139523,118251,108475493,139523
d5fe2cb3e8192472,117788,107902454,138716,117687,107912847,138716
d605e2077c3d2219,63722,53802026,139679,63642,53829172,139679
d647c792b16c199c,92785,82885105,137614,92682,82900101,137614
d64840021cac7901,60140,50245337,139590,60033,50256077,139590
d64e5f7ae05fc85b,98161,88240829,130587,98091,88268134,130587
d663732d8fa8bf64,19810,9880216,132280,19776,9922976,132280
d6709c8ac38c581d,97537,87645196,137704,97443,87655345,137704
d6872f7de0e3c853,40398,30485361,139602,40303,30506163,139602
d68e34f6b4e359ca,106103,96200999,129300,106012,96216523,129300
d68fe602a064b99a,35862,25961623,139715,35765,25977564,139715
d6aceea7a75c3606,72159,62245548,140629,72063,62266505,140629
d6f14b14cc6d43c7,113862,103962555,137911,113765,103971968,137911
d6f283c9532c523f,18354,8442436,132205,18262,8463857,132205
d701d24b830fa596,85298,75385649,140426,85203,75405879,140426
d703c920834e37e3,55073,45166360,157001,54978,45181999,157001
d7334e5f946d8d9c,103712,93821054,130211,103611,93831141,130211
d7446ca9263cf2b9,32955,23017721,115971,32875,23063239,115971
d746138e40b09d9e,37818,27921846,139754,37723,27935663,139754
d74bc24afd908fdf,54225,44289128,133434,54199,44332309,133434
d776a964370d142c,89017,79105538,138628,88922,79123937,138628
d796638772a6c7af,19991,10081309,139271,19931,10103703,139271
d796edc32bb928fa,100338,90422697,141713,100249,90445538,141713
d7a544faf88e2548,83277,73369640,160680,83183,73386067,160680
d7aeb0238b6f3c44,51697,41800889,131277,51590,41810028,131277
d7b6255ca7e36f8f,33615,23705084,140441,33522,23724232,140441
d7c49cfd9575a8d4,22904,13002085,131522,22798,13013215,131522
d7c75c21cb35724f,80959,71062256,139194,80865,71072379,139194
d7e44f252e74b6db,56915,47020793,132987,56808,47029887,132987
d7e4ca4d494e5833,13694,3768911,131911,13658,3803871,131911
d7ed5baa46c3041f,49399,39484844,137973,49303,39505721,137973
d7f4cdc6092c427d,118601,108722394,138413,118504,108732555,138413
d807ebf78d1b278f,110417,100522653,130449,110319,100531878,130449
d8102fe4be8fc428,90406,80480740,130186,90342,80512539,130186
d81393f03ffd6d0d,77234,67262808,130990,77186,67341596,130990
d81b10e3adfe33ec,37974,28081321,138423,37873,28094861,138423
d82bf5dd04c325a0,110172,100265966,138404,110066,100279180,138404
d84ad898b90b7d44,32593,22642345,132820,32541,22699869,132820
d85252ca36df739e,41884,31985164,139889,41779,31995769,139889
d8552b61796a70e5,91452,81562067,137787,91351,81572687,137787
d85840e168ce4632,30227,20324995,160701,30133,20337260,160701
d862515873829d4d,61297,51428898,349708,61222,51453661,349748
d868c4ad6d844145,59114,49205428,138029,59019,49221396,138029
d86f0e74ce937521,102321,92406118,139998,102226,92428529,139998
d875ee40ccb6ec4c,62907,53022117,140105,62807,53032376,140105
d879beb08aa2b4ae,115061,105125630,136751,115020,105181356,136751
d89272305038804f,26069,16181480,139956,25965,16191809,139956
d8af99ad84121e37,71791,61885394,137757,71692,61898717,137757
d8b987ad67462844,66035,56145679,140080,65937,56155568,140080
d8e7b1cd3b724384,63061,53145679,139807,62967,53172988,139807
d8f39d3b2851039d,37263,27362022,141954,37172,27377326,141954
d8f77f2cb30ff8cb,83375,73466021,139648,83280,73482008,139648
d917f77dfa681084,30161,20244775,139200,30068,20269132,139200
d92d2b68815557ef,67876,57981016,133398,67776,57991142,133398
d94e5b38d7ce24bf,50240,40340175,130849,50143,40349273,130849
d957cc031fcd2509,43273,33385368,140530,43176,33395578,140530
d96202af86c7b434,67359,57420968,133127,67301,57466324,133127
d972f412ce89cce1,12198,2279677,130012,12133,2317728,130012
d9759a55eb8959f9,113134,103200930,130059,113068,103245746,130059
d99001901fd23b87,61446,51520720,132335,61375,51552969,132335
d992bf96f1fa5242,20285,10401494,139925,20184,10413332,139925
da03444936e54639,40931,31002506,131837,40852,31038303,131837
da05ceb1d658a60b,87062,77145640,138845,86967,77173091,138845
da26b358ddd4c646,29019,19104849,139353,28924,19126535,139353
da4585d300363376,43655,33745225,139502,43558,33762908,139502
da7a2452357426bc,94683,84781994,137830,94587,84791965,137830
da83fc373a0bd14a,76859,66983504,104093,76831,66992910,104093
da945d22e77c4557,109370,99462801,138327,109288,99477229,138327
da9f7eb26eea4e29,77651,67762477,141230,77544,67772831,141230
daa2fb2903eaaabc,67846,57943105,132253,67750,57952699,132253
daa4fa5e9fd1654d,25718,15780212,132208,25655,15825060,132208
daae141cf45e9129,33955,24072508,132029,33854,24084078,132029
dae34de0dc8341fd,12370,2479645,130092,12275,2491089,130092
daf391800599bd9f,42974,33071510,131055,42888,33080665,131055
db08bea2ee69efde,37594,27688485,157258,37503,27707286,157258
db1250aa9ef01512,112130,102226173,137727,112030,102237370,137727
db1eb48af956f75e,114549,104642481,138702,114461,104661174,138702
db3299c4779f4150,72938,63025694,140703,72843,63046349,140703
db357b1517acb703,73771,63881967,139688,73666,63892573,139688
db3c23b521a99b33,74146,64242337,140450,74049,64254247,140450
db4071486db7a92f,41140,31241415,138338,41043,31251490,138338
db593b31619f8dd0,44245,34340251,131598,44149,34351923,131598
db7690ba5cd5c8f0,32220,22320933,184250,32129,22334180,184250
db9a97e2800a24be,96788,86902012,137522,96688,86918868,137522
dbc0eec8dc2ffbec,44451,34566887,103509,44395,34583619,103509
dbcfcdd652ef321d,83567,73661025,132841,83470,73673653,132841
dbea24ba2cb04321,26128,16241501,139922,26023,16252011,139922
dbedd33599854960,118916,109003228,130647,118843,109026031,130647
dbff91ac10f02f92,26906,17021491,138761,26808,17031846,138761
dc3467d36748b036,111507,101606230,138949,111409,101616404,138949
dc410c98fa7528bd,107649,97762217,137998,107548,97777645,137998
dc4504fc17916356,41258,31365135,140751,41151,31375571,140751
dc6381fc905d9014,11226,1339878,131559,11127,1352338,131559
dc66e1afb3efe294,80182,70265509,138219,80087,70293316,138219
dc6e63051be48ed7,69171,59287014,105047,69126,59311174,105047
dcb36481c0e3236b,61510,51582779,130824,61439,51617366,130824
dcc849d581b99c4d,108549,98644469,129887,108454,98655870,129887
dd000e29216d4381,35392,25501713,139986,35299,25513996,139986
dd14f7ec8ae87f56,91545,81645592,138085,91440,81656048,138085
dd3f0030b80205ce,24110,14221272,139022,24009,14235928,139022
dd4afb5c1abca3c5,88352,78420990,131958,88292,78458754,131958
dd4b3d0887ad04f5,36967,27040260,130728,36911,27075412,130728
dd549477c07a8f71,89556,79662290,139984,89449,79672389,139984
dd57724d5ff2be07,18451,8544299,142922,18359,8562691,142922
dd6260d395533c30,20666,10760149,132478,20571,10774920,132478
dd6e77b26543bc65,52581,42642573,132016,52511,42687406,132016
dd7da2f67b50a57c,56506,46604536,155339,56411,46616149,155339
dd97078f9afb3908,100309,90386438,141690,100223,90416769,141690
dd99e381d22a6b8e,96671,86765314,138401,96582,86785990,138401
dd9c69050d78e155,119977,110082479,138094,119871,110091918,138094
dd9cc1cc0ad6a0c8,99742,89881904,335221,99677,89907705,335261
ddc02eece607d0b7,45894,36001568,138794,45786,36011516,138794
ddc6c2fd274e49e3,69747,59841909,139391,69663,59854915,139391
ddd3576b7822ed28,95673,85762212,138879,95588,85784666,138879
dde69cc3042e8153,89211,79302643,138770,89115,79317892,138770
de2a0b491abcbdd4,62876,52985480,139980,62776,52996304,139980
de47cc36443cf444,28921,19005083,139905,28827,19028374,139905
de5afa4a923bd0a5,112003,102102323,138698,111907,102113250,138698
de5bc5d01d6748a7,78026,68121911,138005,77929,68133395,138005
de62839f5f40eb8f,33518,23605089,139463,33428,23629759,139463
de6bab2758697097,28954,19041523,139674,28860,19061665,139674
de78e6e61910165d,45485,35581463,138818,45388,35592381,138818
de861065a21b52ce,50426,40497865,116905,50363,40532188,116905
de979f592ce4e00e,20473,10572363,138578,20381,10584351,138578
de9850aad62f9b3c,99336,89442099,138056,99229,89452146,138056
deab3b4d1ed24812,37028,27100202,131901,36966,27136407,131901
debd18b990a2b0f2,73562,63645512,139606,73477,63670156,139606
decbb7c17e69421a,82649,72722691,141852,82584,72757092,141852
ded4d0cdd91a4304,47473,37573092,139503,47378,37583444,139503
ded5a1c2679adf7e,16341,6461925,143020,16248,6478719,143020
dee6bc2a645127c2,110141,100242612,140162,110036,100253308,140162
def030d8a9e45022,118689,108804156,101936,118618,108820418,101936
def9046dd699468a,58211,48333010,138511,58116,48343942,138511
defbd27827cad889,77376,67442568,141084,77306,67484400,141084
df22a37a6ca74923,100656,90745095,137486,100562,90764367,137486
df27df27f35be875,35333,25441546,138273,35251,25456963,138273
df2e19b5d081eb2e,40236,30333014,139780,40141,30344202,139780
df346f43bf624d66,106601,96722366,138686,106506,96736512,138686
df430ebfa6586188,81795,71902019,139433,81688,71912331,139433
df43f69d872ab455,102939,93025870,138669,102843,93047170,138669
df477250f77f30e2,106136,96224607,139494,106044,96246305,139494
df553ff6459153d3,24825,14941369,139312,24724,14952002,139312
df982fba5afb43e1,74049,64145943,162426,73953,64157156,162426
dfc17e36b88199ab,89179,79271305,155039,89083,79287815,155039
dfccc304f3318388,57918,48002606,143171,57847,48031009,143171
dfcf37937487c51f,113463,103562375,137849,113366,103572135,137849
dfcf86f1a8409751,42882,32962682,132648,42804,32989021,132648
dfdccaa254009cee,37204,27300491,132356,37121,27314089,132356
dfe407c8c1d883d2,95394,85502167,137994,95290,85516107,137994
dfe9c2aced9d4825,55687,45727758,117281,55651,45792973,117281
e00b8f3774ae7f1f,15199,5319916,131704,15103,5333431,131704
e0432d30f8311f98,39931,30041855,140197,39826,30052578,140197
e0452a1cbe7dd23f,105467,95542294,138204,105399,95577344,138204
e05fac7ac7123507,107709,97822447,138764,107611,97834191,138764
e068104a589148a5,93812,83902113,138226,93722,83918865,138226
e06f970dcb598fd0,71018,61105676,139706,70924,61126388,139706
e08d6fdbf81b0466,32094,22205011,139426,31995,22215954,139426
e0a11849c5960331,20792,10901583,139329,20692,10916646,139329
e0aed7b387fcc98b,27290,17405145,102485,27223,17421521,102485
e0cb5cf2fb671e42,108023,98125140,155465,107931,98141030,155465
e0cbafbd12307572,118446,108545614,137263,118341,108555111,137263
e0e3f34f4e72212d,73681,63782154,139496,73585,63791845,139496
e0ed7c9da285a542,70236,60325886,139203,70143,60342751,139203
e0f9231b246e8742,45387,35482123,141784,45291,35494366,141784
e10cefdc56487583,99213,89322479,139010,99111,89332991,139010
e1148e710538243e,44566,34628779,131061,44510,34673379,131061
e124c0ebf5c18bbd,57350,47445525,139403,57255,47457568,139403
e1371f0d7b8f8f24,61823,51922402,140620,61735,51932452,140620
e139add725eb4313,52041,42122770,132338,51946,42148236,132338
e142e797d9e865a0,112223,102322423,138923,112121,102332739,138923
e14f010cc145330b,32560,22619939,116838,32509,22665873,116838
e14f2d935b2fbccd,67934,58040704,131864,67829,58049998,131864
e154a9767509e71c,80149,70242194,139589,80054,70261191,139589
e16598af3f9a32d5,18708,8811262,132841,18611,8823262,132841
e1757a8ab17f9f7a,75877,65965877,139445,75787,65987010,139445
e1848654d39f85b6,11256,1363852,141856,11157,1376439,141856
e1a6f5b7cc60bc4e,63567,53640680,132228,63497,53674390,132228
e1c4880802f5a14e,83122,73242060,138829,83025,73252930,138829
e1d2fa3738c727c9,76600,66722094,139506,76504,66732230,139506
e1e2f7f67a9f668a,95581,85705266,155837,95492,85722942,155837
e1ee7da290e50fe2,26785,16901992,141862,26684,16912759,141862
e1f8293eae3d01bd,78231,68347124,103478,78176,68360438,103478
e1ffd97ab6593800,116376,106466068,138750,116281,106483669,138750
e2038327d33f0f4c,83599,73701116,132993,83501,73711124,132993
e207473c0a2d6dbe,69090,59181991,138347,68994,59201997,138347
e2098ed4f7eab699,22995,13104951,139521,22901,13117277,139521
e21e0412732c4671,105496,95582741,139908,105425,95608099,139908
e2284b1666f38dae,64953,55042090,139061,64861,55060903,139061
e22dc3a0e6487c12,69570,59640755,132137,69508,59676456,132137
e22ef6653bb9a8c2,118002,108102338,137971,117907,108112371,137971
e2521e72cbfe0891,72535,62642490,141525,72428,62653469,141525
e25c731082ab6417,69447,59503057,132180,69395,59553821,132180
e28e36953830bd55,116134,106242556,138936,116032,106253400,138936
e299735252e5ae33,116885,106982955,129728,116811,106992300,129728
e29f72108a72ebf4,11863,1922203,132143,11840,1989983,132143
e2d63cb75bdd12e9,27596,17680053,131595,27524,17704197,131595
e2e3b616b11c5eba,47634,37724330,141429,47537,37741770,141429
e32568fc7a4207e1,29888,19984956,139738,29790,19994762,139738
e3468460fd3dddcc,96910,87002209,139473,96826,87021755,139473
e34a632695b3defe,56115,46205317,139341,56017,46222937,139341
e35efa2eea340cb1,97230,87322984,138768,97140,87338631,138768
e363a19f08b2b380,85020,75125957,138901,84913,75135908,138901
e3650e7ad165cc18,86487,76560773,131185,86416,76594008,131185
e37ff9aa05eb6f06,38035,28141684,140293,37931,28154311,140293
e3a2ce1e7b95ea99,,,,9891,31315,117041
e3a7d5457c6370c1,100190,90261432,133126,100115,90297310,133126
e3ae2f00436e0f6c,76261,66361938,138605,76164,66371893,138605
e3b32cca96800e65,91983,82082121,138798,91887,82092484,138798
e3cbc99760b58cde,88097,78202115,138316,87998,78211980,138316
e3e27039dffa1c53,18549,8641359,138586,18456,8658902,138586
e3e3ad273313e725,77681,67802496,140540,77584,67812824,140540
e4113f47378b8814,51882,42002091,140692,51787,42012594,140692
e4122422426cad0e,37118,27200410,132697,37046,27228349,132697
e415f2330b1bc3ca,59275,49365164,139368,59178,49382004,139368
e417291af4f2ea49,39677,29780561,131635,39584,29790655,131635
e41986759e4e1fa5,55896,45942970,131754,55834,46005556,131754
e440dc2546d08d6b,54806,44901972,140506,54706,44913443,140506
e47147c37e5f4856,43213,33325457,139328,43116,33335074,139328
e47c63fb20b05c72,107097,97162233,128135,107036,97206168,128135
e485f0d74a7f9f37,45115,35220307,131446,45016,35229899,131446
e486df8eb39cc62e,104078,94165446,137763,103983,94188883,137763
e49cb2000563e231,95331,85442258,138130,95230,85458690,138130
e4b2d5b2877aff79,79497,69585901,139428,79406,69603856,139428
e4c181915da180e3,80029,70141947,138434,79928,70152277,138434
e4d3c511010747e0,28889,18981422,139448,28796,18997202,139448
e4d6551625cefbcf,72126,62221803,137673,72031,62233414,137673
e4e01fff9ec68671,85331,75422205,139519,85235,75438054,139519
e4e738c41839c8f4,93381,83481815,137192,93280,83492861,137192
e4ee91b6be6b23e9,16721,6821386,140015,16628,6836123,140015
e503f479a7f50c97,20602,10700008,131738,20508,10712871,131738
e5165d9780ec8649,10361,461426,140420,10266,474459,140420
e52cc3e00771b4e0,36051,26161738,139711,35951,26183348,139711
e52d077d270ab1c0,116635,106725983,138542,116538,106742253,138542
e52e88246e11dc80,87030,77122206,139531,86936,77139081,139531
e55308eabcc9e90f,65019,55105430,138337,64926,55126771,138337
e5831aa01efe9a53,115883,105982138,136885,115789,105991803,136885
e588d985a3a7914f,109152,99223047,128864,109083,99258600,128864
e5a5ab8a089c9e0f,37881,27981684,139914,37784,27995788,139914
e5af953ad54dec1f,90915,81024581,141090,90814,81034969,141090
e5bfddceb6a55b37,106167,96262008,136857,106074,96279156,136857
e5faa5575940711f,68685,58802115,139272,68584,58812251,139272
e620c0524e4f2f5b,28049,18161489,138953,27943,18171823,138953
e651a55189e8f477,20915,11021644,139599,20810,11033736,139599
e6559d5f3e172781,48488,38547793,117144,48435,38594077,117144
e658d0f26bf84ec3,35362,25465014,139167,35274,25477470,139167
e65f47d4001427a7,17095,7202217,131028,16997,7213251,131028
e67252133d5854d1,13886,3941865,130994,13843,3995436,130994
e677107b2d352c13,72474,62581993,139842,72369,62592447,139842
e688d51ce7cf6967,29051,19141517,139239,28956,19158865,139239
e696471707569e09,38160,28281840,139608,38071,28295258,139608
e6a452ac1c785741,85706,75822399,140044,85605,75833067,140044
e6b7a804ec718553,12459,2581065,138671,12366,2593921,138671
e6b8d2beceb699f8,83407,73501812,138142,83312,73513679,138142
e6bdcf534cf817fe,50176,40264203,141131,50080,40284243,141131
e6c8f46f00ae3ced,16012,6101817,142246,15935,6122630,142246
e6dde57d4e873921,105091,95164073,130277,105047,95198523,130277
e6e4b1795facc9db,57705,47762975,133619,57654,47811949,133619
e6f6320e4aee6638,99087,89182497,139418,98988,89194093,139418
e7133dcbb64db235,101322,91356497,129358,101293,91428949,129358
e717a9101d8170e4,103291,93362485,139767,103225,93398821,139767
e717b00ccf73555b,47760,37860411,132042,47659,37870815,132042
e71f1f01d7935905,117573,107665750,138015,117459,107680678,138015
e7451136ea409c50,60734,50842486,142811,60630,50853658,142811
e753a10dcdeb8bbc,65178,55265598,140108,65082,55286132,140108
e76f451ca6ab0946,117936,108025742,137790,117841,108043193,137790
e7a011d5bc2a49ca,61731,51821978,140314,61650,51838590,140314
e7a30a9322a55b52,65621,55701650,138580,65555,55728310,138580
e7b1485be8d645d4,101656,91725018,136012,101566,91768018,136012
e7d3fde2bc60810e,36997,27062763,132932,36938,27107546,132932
e7d58c71797cfbfd,109790,99882924,141122,109693,99897215,141122
e7daae7b9547984b,96700,86802106,137480,96607,86815167,137480
e7e91bc6556de0d7,10503,621104,138570,10407,632426,138570
e7ebfbde6ba66591,111207,101282099,136488,111136,101313652,136488
e7fd01b84dbfbe4f,68149,58242095,140292,68055,58256676,140292
e80a3034383d5d2e,61330,51446438,105425,61261,51461186,105425
e8390fab8deeaf06,44212,34300735,131530,44116,34318451,131530
e85d279da8d3d4c2,117447,107542597,138830,117341,107554461,138830
e889224ef551b790,84875,74963597,132243,84783,74982705,132243
e8b0128c82f2749c,105436,95505600,137903,105373,95547518,137903
e8be71ed11363e7f,83342,73442393,140094,83248,73452705,140094
e8c1f16c0e41c1f3,45420,35505332,137531,45324,35527349,137531
e8c4540023014f08,38442,28540293,131662,38349,28549964,131662
e8c6fd85a43bfad2,83471,73562083,138609,83376,73578283,138609
e8d7192f72847364,79626,69721933,138450,79534,69733523,138450
e8f388efc763cc85,83907,74022130,138889,83806,74031878,138889
e8f9ee304b209485,15254,5341866,130090,15162,5363052,130090
e900491d7f35ce16,108807,98902621,139754,108709,98913891,139754
e9004f825d256131,14359,4464919,140441,14257,4477931,140441
e9059092fdb34ec5,27840,17941326,138924,27750,17951444,138924
e91aca34b33e5fba,63901,54001801,138800,63805,54011987,138800
e91e405444e5e081,94230,84282567,130307,94169,84336517,130307
e9208d752d9f0a3d,25350,15465298,103709,25300,15482566,103709
e941180af1d26c57,73622,63721892,138678,73531,63732700,138678
e95e0e200d516d5d,113007,103081065,129787,112945,103117288,129787
e97bd96b6c4e5584,65771,55861970,139894,65690,55878530,139894
e98dc3b65cd69309,43591,33685374,139611,43495,33698388,139611
e994c562302feec0,87126,77222230,140026,87032,77237533,140026
e9a16c863a1241d8,45708,35800899,132445,45607,35814611,132445
e9b528de27a8a4e6,78378,68523085,365426,78321,68549061,365466
e9d8f13287e381c7,18739,8839866,131087,18642,8853345,131087
ea0883a7c35b8d95,111143,101222201,137940,111076,101250631,137940
ea08fbee061faa03,56570,46662077,140185,56475,46678249,140185
ea1a2307da1b0b17,93159,83245027,138107,93063,83266326,138107
ea25457f0a086143,81516,71605379,137804,81418,71622694,137804
ea2ec5da046fc95b,103861,93982325,138726,103764,93992461,138726
ea310c9b240eabe3,46460,36546434,116779,46410,36566444,116779
ea42f394cc6a3869,43997,34103994,141652,43893,34114068,141652
ea46ca1ebd7b0d9f,13822,3879832,131093,13783,3935010,131093
ea486b436319bc77,82360,72446558,116664,82306,72466355,116664
ea7627d59b315114,68407,58502104,140397,68310,58514066,140397
ea8d50edc97f3d19,49301,39382717,131431,49206,39408091,131431
ea9ca107588dd8a6,26724,16824807,139996,26618,16835186,139996
eaaf8de183c3a5d1,33833,23941669,140095,33733,23954789,140095
eab9b3dbc6fe818a,36712,26788039,132366,36666,26821396,132366
eacc1728ec5dba80,52485,42560696,131142,52420,42592511,131142
eaf4c4d4a88321bc,26506,16601380,139367,26408,16613593,139367
eafa62a659f68fb8,101708,91785096,137954,101609,91820022,137954
eb161f518ca36eff,93779,83868681,138130,93689,83886658,138130
eb401328fc9ce1bc,100129,90201076,130651,100059,90236140,130651
eb447a866dba3934,100396,90486352,141139,100301,90504009,141139
eb4c625ba6af8df4,40869,30943013,132923,40795,30976487,132923
eb59514c02a3a35a,113671,103785968,138484,113575,103796186,138484
eb6d1fd410213674,48975,39063374,132958,48884,39081589,132958
eb73d39994d2c96c,80627,70700832,131974,80560,70734301,131974
eb77a3731fad38e3,46047,36160333,131366,45950,36170466,131366
eb81b2ee3280647b,111112,101182962,141983,111047,101219357,141983
eb86a7c9fa359f98,32382,22534256,330731,32327,22558894,330771
eb922c7215c4f653,106754,96853605,138577,106663,96866724,138577
eb9d781a9b4de347,40494,30628336,349096,40422,30654149,349136
ebb2073ac63fd3c5,101630,91702044,137016,101545,91737720,137016
ebc24736b7c4f9e7,21040,11161232,137842,20945,11175346,137842
ebeb7e8fa8e6a5fe,100367,90462541,140433,100275,90475130,140433
ec0c425c616947f3,74338,64442448,140175,74235,64453490,140175
ec4df3d8c69985bb,98097,88162922,130282,98028,88204371,130282
ec6954089309707b,94598,84682014,136998,94510,84704984,136998
ec6d2ced85b141ed,45770,35862870,131752,45667,35877045,131752
ec6ec4ad85b95d5f,37409,27522413,138457,37305,27534875,138457
ec8c30869707dc76,52611,42680832,131310,52540,42718460,131310
ecacdcdeb4d7745e,56088,46181868,138264,55993,46195818,138264
ecbbe7bc1d5ef9d4,67788,57880962,132793,67698,57894931,132793
ecc9e4712d7aaa6d,39061,29161638,138444,38977,29171908,138444
ecdc85b13b0b8131,22658,12744905,140237,22563,12768667,140237
ed125a4ea1ac283c,41666,31761780,140031,41569,31773171,140031
ed3e3350992e2cb4,112407,102522186,138055,112308,102537007,138055
ed92730ef7229222,36113,26221539,139900,36019,26238811,139900
ed9ec5e84c17305b,52170,42262227,142124,52073,42277568,142124
ed9fc64d5fb19f4e,78346,68411900,131730,78289,68452554,131730
edc2d463480eb500,111842,101950208,182837,111747,101963623,182837
edec6fe103d48e31,61137,51225331,139245,61041,51244964,139245
edfc435b2b657240,86112,76205953,139730,86017,76218695,139730
edfeed990853cb94,48859,38940443,132112,48783,38966582,132112
ee0960b8a0860502,29082,19181610,140196,28987,19193028,140196
ee3119a9f8bbb874,37147,27222728,132316,37070,27259451,132316
ee42e03d766e0f55,101098,91196578,128076,101080,91206309,128076
ee46ac8021d09e5f,106506,96622002,137397,106406,96636280,137397
ee496b95c22a9375,42321,32421823,139498,42224,32432597,139498
ee4c7556ab513027,78600,68633365,115149,78533,68706774,115149
ee53e3a8f40679ab,78959,69024379,140174,78853,69067103,140174
ee6948e6263bfeba,71849,61961943,139136,71744,61972028,139136
ee73c004ad0b3c9b,40431,30521698,139975,40335,30538030,139975
ee81a32a57f19a03,79529,69621946,139143,79439,69636832,139143
ee9681827895610f,85645,75745917,140620,85540,75756222,140620
ee978cd38b178ab2,71310,61362597,131917,71253,61417215,131917
eea45352ca8ed846,86733,76821272,131520,86645,76839997,131520
eea851f55d4e7c57,63374,53447539,120524,63309,53480994,120524
eef86b6f470b3b89,39460,29580297,132119,39371,29590516,132119
ef1525bcef175b35,29146,19241618,139494,29049,19253581,139494
ef1a954ad1710b30,74307,64402211,139960,74205,64414594,139960
ef23a0e68712cb21,56473,46576723,153379,56378,46588459,153379
ef276b366119f1ee,77458,67525416,139120,77373,67565283,139120
ef3b7b1005deb389,63255,53388855,350637,63185,53416320,350677
ef3f86aa3161ddfc,56729,46823253,132656,56630,46836420,132656
ef68b787503fb55c,41051,31141637,139441,40963,31158200,139441
ef874b9cb8c44913,35422,25541844,138790,35327,25556800,138790
ef9580f5df925227,81483,71582113,139766,81387,71592326,139766
efa8fb79374ac44f,10758,847591,139100,10666,868632,139100
efab6124eb0f679c,10252,321982,132144,10177,363440,132144
efc5ffac8daa54c8,86295,76369363,133586,86227,76402172,133586
efcd1817fc16b91f,116165,106268763,155518,116061,106280888,155518
efde21fa868e0d94,115754,105856347,154433,115662,105867761,154433
efe4d821aa81864d,19199,9301390,139227,19102,9316276,139227
efecea1a0a1351b2,105942,96025183,137129,105853,96054311,137129
eff8d4f9c9c7a5e3,74899,64985666,139571,74804,65006821,139571
f0007c63780c3e4f,22280,12401810,140392,22185,12415547,140392
f007691de885a28a,50273,40410501,361540,50205,40436870,361580
f00bfcf32ef24792,64520,54620745,132481,64420,54631142,132481
f0506306660a183b,80659,70723057,132108,80591,70765950,132108
f051d58474c2f145,27501,17579888,130822,27432,17607738,130822
f0602dd3d0aeb85a,26098,16204983,139553,25991,16215270,139553
f06cb09831ea843a,26410,16501498,139887,26314,16517892,139887
f083b511dcb37dfd,53840,43961948,139870,53744,43972736,139870
f0921944b1f2d472,76103,66201875,138003,76011,66211810,138003
f0a1f11544a5ea64,109489,99583110,139758,109395,99596087,139758
f0d01a4ab4b4eebf,12313,2419980,132124,12226,2434601,132124
f0d55ee1059bd095,38812,28882473,132414,38745,28919516,132414
f0e191e6da6dbd61,92490,82560932,131380,92417,82597637,131380
f105554c64348a2d,21642,11702846,131970,21596,11750900,131970
f11564feb8e47cfe,39181,29281700,139505,39086,29291730,139505
f11b64702b571336,93191,83282256,139473,93094,83297948,139473
f128e7e2246bbfbf,35733,25833476,140577,35639,25846555,140577
f12eb92f63ced40c,110537,100625918,139626,110442,100643906,139626
f142bbd0e0f01c33,111656,101765560,138454,111556,101775527,138454
f17796120c9f8377,77867,67962079,138697,77772,67973556,138697
f192db08820b213a,22689,12781417,139324,22593,12798022,139324
f1c1486de906fed6,52881,42978022,117869,52786,42986571,117869
f1e68b78c36b35d6,55266,45359590,140158,55168,45373197,140158
f2358035778c131c,13493,3584591,138560,13409,3609906,138560
f252186c971a9fd1,88002,78102403,140257,87904,78117002,140257
f2ac0e9d4f774786,51217,41321734,139519,51121,41331894,139519
f2d333e98350f01e,84061,74145429,137926,83966,74168211,137926
f2f39964601f1a7c,49148,39261701,139202,49044,39271921,139202
f2f708f22e5462aa,28080,18201468,139759,27983,18212092,139759
f2f90ac0ccb7037d,42820,32900691,132620,42746,32928741,132620
f2fd76d93e421058,103163,93229884,129774,103101,93270945,129774
f30b1586ca344db9,108398,98505695,138502,108297,98515709,138502
f342d8cd5deeffc7,82458,72520786,130785,82402,72564846,130785
f3599bf29d24314f,92206,82273048,131324,92146,82312892,131324
f36835c914b16c59,106445,96545522,136208,106340,96556785,136208
f386a4f738336499,73002,63101957,139830,72906,63112109,139830
f38f03c659422a01,86881,76984641,141535,86779,76995358,141535
f39929dc0cf86ba7,79465,69562345,138959,79374,69572209,138959
f39da75194b6f27f,115786,105882075,136523,115694,105893735,136523
f39e4730c4bbe44a,76385,66485513,138297,76282,66496794,138297
f3ae87f63933a896,45924,36041819,138683,45825,36053309,138683
f3d1f26c0cce2f7c,57253,47345612,140187,57159,47360226,140187
f41c97ef8ea21c7b,32495,22580251,115889,32445,22601608,115889
f41f10d9d0115f0c,114461,104582289,136615,114374,104597695,136615
f442d77e678cee1b,91919,82005368,138497,91824,82026963,138497
f44c3d083f44b53c,27157,17245283,140193,27062,17265417,140193
f46f78d88471a681,117189,107282597,139345,117104,107296607,139345
f47a96a5b5e318d7,24671,14781444,139020,24578,14792008,139020
f47cbfc8f2231e90,49558,39660783,132387,49459,39671377,132387
f47ed3d8df5b63db,28458,18561210,138616,28360,18571332,138616
f487d2680f0a2728,44501,34586675,117282,44446,34608513,117282
f48982e1ef8a1ff0,17912,7984974,138859,17848,8022052,138859
f48e4346d64d5535,63960,54062678,140832,63858,54072249,140832
f4982ef7a9cea8dd,35451,25565354,139439,35359,25576786,139439
f4c8f5fd22d7f32c,102476,92580507,127539,102375,92589957,127539
f4d891381d0b6c5e,94326,84383185,131372,94262,84432462,131372
f4de1adec8e64363,113493,103602373,138562,113393,103612223,138562
f4e410c9ac238478,22466,12561260,138985,22374,12577022,138985
f4f87d85385f7d20,26378,16464650,139454,26283,16486228,139454
f4fb6f4ddf6a70ee,68023,58141930,139387,67926,58151726,139387
f4fc7756284ab81b,66666,56764485,133111,66560,56774488,133111
f4ffa35fdcdf5b1d,94479,84562273,137977,94404,84587381,137977
f4ffafee01070da3,68895,58983126,131995,68800,59002022,131995
f54958aa3efcaeeb,39151,29245315,139037,39059,29258155,139037
f552e0838b9067a4,97819,87905559,137688,97728,87926205,137688
f555317ac154acff,51635,41740406,131378,51530,41750548,131378
f567d6d3c8a66f06,100221,90283823,132348,100143,90327492,132348
f570a3a81542dee7,110794,100885854,138425,110698,100901731,138425
f580651ee94d6e27,33388,23484794,158672,33298,23501310,158672
f5822ec871199ffe,22782,12881447,139780,22682,12893617,139780
f5932f8878057d87,98589,88702181,137671,98489,88711858,137671
f5956869de3eecc3,58806,48921979,138824,58704,48932786,138824
f5ab3788d75ec84f,11601,1749761,361017,,,
f5b2560f0f813837,24886,15001547,139822,24787,15012030,139822
f5c2bccb070d9bd5,31982,22081477,139855,31881,22091894,139855
f5e22d75c2e9d821,72062,62145843,140721,71967,62169348,140721
f5ebc9c0d58332e9,116441,106528726,155134,116346,106549089,155134
f605e4bd6f4c531e,53310,43401606,138653,53213,43417190,138653
f611c0e3758a2197,31453,21496080,123543,31429,21559288,123543
f634327ae288cfac,28768,18880103,131365,28665,18890095,131365
f64e0f8f4ec0a1d3,105283,95346257,137427,105232,95393424,137427
f657ff1138004c94,105700,95800736,128622,105602,95811852,128622
f65e59f329a2010b,97072,87162289,139584,96986,87182164,139584
f6681850ca4f6736,93974,84062484,140565,93882,84080752,140565
f6752ba6978fdbc4,12838,2940081,132624,12749,2953937,132624
f6ac02fdbc3fbd08,55360,45532504,354879,55327,45558971,354919
f6c796de4c9fad89,71997,62085563,138694,71902,62103741,138694
f6cf062962457389,13556,3710199,356515,13516,3753654,356555
f6dac85d552e6005,49494,39582415,130259,49397,39600585,130259
f6e63a478efa9a23,34017,24122301,131046,33919,24132761,131046
f70ae00237c95048,96125,86192108,129651,96093,86247834,129651
f759c1e6d47d2f24,17441,7540168,131167,17348,7553254,131167
f77cf8f002114439,118034,108125763,138769,117939,108141028,138769
f78877c86fe3b231,12742,2841330,140556,12653,2857576,140556
f7905ff0cca2968d,41570,31661820,140843,41475,31677150,140843
f803c18d94d2f614,30973,21065614,140486,30879,21081011,140486
f819c68d8aa60ad7,58526,48621573,138247,58430,48633910,138247
f839b94cdf607334,16251,6360239,133277,16149,6372141,133277
f849837af7016732,79784,69881026,133035,79687,69891231,133035
f85072c8b88d3150,108461,98582558,138762,108364,98592641,138762
f88a5ceb4cbe1bfb,80117,70205856,139763,80022,70224787,139763
f89fd065dc0ccebf,75031,65146682,105754,74964,65162609,105754
f8a80d35dcde75a6,91483,81585550,138671,91381,81596659,138671
f8be85dd853a51a0,106536,96645670,140132,106440,96657496,140132
f91614eca40e664c,117511,107613718,137956,117400,107623989,137956
f937e9ccaad70dc8,113522,103625647,137547,113419,103635175,137547
f94654e77f409e81,99275,89382351,139150,99170,89392145,139150
f94e6cb771366054,100099,90160844,130441,100031,90206767,130441
f9777190be530677,71468,61523108,132403,71403,61574850,132403
f97974df5c663e37,52822,42920666,131839,52733,42930245,131839
f9894566b0162609,68840,58960856,132708,68743,58971525,132708
f98fb3f220215dc7,23149,13241273,138630,23055,13258408,138630
f990c73034b36921,56884,46982692,130207,56779,46992629,130207
f9b2cf2d80c87066,76753,66844775,131949,76658,66860223,131949
f9c01789ec6f83b9,43093,33200351,131823,42996,33210663,131823
f9c7d10ca7547873,119695,109788879,137402,119598,109802428,137402
f9ca093ee4a21791,107862,97962508,139116,107771,97984960,139116
f9eb539be7836159,91327,81422650,141745,91229,81434497,141745
f9f5fbbd15956fe7,92844,82961963,137977,92744,82972060,137977
f9fb12a7af0633b0,30096,20185318,138665,30003,20203968,138665
fa207f8538f68c83,95640,85727078,129365,95555,85751917,129365
fa27ffe01e8b95b8,31747,21780585,133219,31689,21854024,133219
fa2aef253735b75b,20196,10302639,131384,20101,10313438,131384
fa5743c2a7196a61,24081,14184562,137547,23983,14196735,137547
fa5ec554215091be,84270,74386406,106211,84216,74402099,106211
fa69fb9f6809981b,109855,99942331,137908,109758,99962640,137908
fa6e3da60acc7ed7,75727,65841847,138426,75624,65852034,138426
fa790468238a1b99,71559,61623034,131898,71486,61665851,131898
fa96061275070104,20729,10824023,142147,20632,10838742,142147
fa9cc6d4b20a5574,114181,104285388,155646,114074,104298216,155646
faa0bcc686bb1e97,93095,83184639,152745,92999,83203126,152745
faa0f23fe2cf9b4e,88693,78781105,132683,88610,78800073,132683
fac36b1bd894b2c1,102445,92540731,128854,102346,92552340,128854
fad2b440814093db,15794,5862393,133135,15731,5904556,133135
fad35387248cfe84,110110,100202568,139473,110007,100218069,139473
fad898ae86a95872,63094,53182458,139600,62999,53205595,139600
fadf1226aba4a1ac,61762,51845400,138825,61679,51869486,138825
faf511850fde8775,104014,94114064,138722,103919,94123985,138722
faf7c60f5fe04e94,15286,5379832,130672,15194,5395072,130672
fafd0f603c488454,111388,101482169,137824,111303,101496423,137824
fafeb685d4c0553e,87095,77182140,138625,87000,77205779,138625
fb124adfac202443,117351,107442563,137415,117253,107457796,137415
fb2124c281794273,64766,54882280,140971,64668,54892527,140971
fb35a93b75d9736a,47375,37464537,140997,47280,37482770,140997
fb3e18f81cf5a0b9,40775,30842506,131750,40704,30885828,131750
fb573e3dba3861ba,39962,30065406,139262,39855,30075836,139262
fb5b6af706e8f17c,72254,62345685,139616,72157,62361240,139616
fb7f8ca1b76fa974,20166,10280469,132775,20076,10292756,132775
fbb174393547cb17,57429,47545312,104348,57386,47576058,104348
fbb8850a4e514e61,17410,7500044,131341,17317,7518991,131341
fbd8086c5f7b3324,56946,47060697,131631,56843,47071127,131631
fbde3d8f4bc1f608,90591,80681127,131085,90514,80697758,131085
fbe4d11c3464b115,115450,105545423,137537,115360,105566165,137537
fbe933b97f60fdaf,117006,107122012,136314,116930,107132510,136314
fbea6bb181729b78,76983,67076642,132577,76954,67090312,132577
fc0469b7159c919f,55170,45261925,138837,55074,45278012,138837
fc0dd43521b00953,105187,95242558,129575,105141,95295454,129575
fc0f09afce99f667,23847,13924613,138744,23781,13958368,138744
fc142817411bb38f,95301,85402166,138824,95201,85414739,138824
fc2e47c93f003a11,97445,87562453,138671,97348,87577751,138671
fc2f91faad8f2497,52008,42100430,131751,51913,42115410,131751
fc3f25ac8f5b1584,89525,79625700,138900,89419,79636373,138900
fc7dd660f3dfe434,23181,13281506,138692,23086,13293040,138692
fca2e3d94f57df5b,83784,73885669,139487,83680,73895880,139487
fcca1c0ab54a8f08,25008,15100270,133038,24914,15115698,133038
fcd099f857f47694,48520,38577853,116826,48468,38630481,116826
fcdc3338b82c4036,69221,59306607,116269,69176,59326858,116269
fce3c1e9f687a32c,49835,39944039,130867,49737,39954225,130867
fd399315ca180ae9,118098,108202505,137827,118003,108212504,137827
fd50f5f15c7a3dc9,33709,23810973,153883,33614,23824677,153883
fd6e136ef52e7d95,75211,65280702,131427,75142,65317340,131427
fd80c322b183bf43,72286,62382219,140270,72188,62393360,140270
fd958e619f2d0ef5,73281,63360895,133111,73212,63388750,133111
fda511902eb11d5d,49003,39100673,133105,48909,39110231,133105
fda93458cb77fcbc,49180,39301925,139644,49083,39311801,139644
fde69a51dcaf0a6e,100883,90982617,140161,100787,90992729,140161
fdeca66ef5ca77ff,83996,74085998,139836,83901,74103031,139836
fdf009518dc0e668,97786,87882311,139352,97695,87893873,139352
fdf0736e86334db2,29365,19440179,132169,29304,19472998,132169
fe01fc43b2796692,110918,101006280,129557,110856,101024382,129557
fe0300e8f36bb259,44758,34822688,130968,44695,34866046,130968
fe098e22048d3db3,107619,97725626,138569,107520,97737814,138569
fe1c2f0bff935a0e,73314,63383241,132079,73244,63421629,132079
fe2856c162dffc60,71589,61660749,131180,71513,61696748,131180
fe3e3b0d066b7368,66972,57062486,139457,66876,57084176,139457
fe40d69343c2eb87,16879,6980124,131994,16779,6991316,131994
fe626e1e10eecb72,86997,77093462,139031,86903,77104934,139031
fe9123ce2c8c9c0e,17756,7822060,131937,17703,7865547,131937
feb2a92820d345bd,89678,79785672,140372,89577,79796169,140372
fecc705c20b217f6,55591,45668141,123182,55560,45697265,123182
feedbc78969633b8,30450,20541538,140022,30351,20557179,140022
fefd35c0291b8b48,23060,13181466,140065,22966,13194305,140065
ff06ad3beb636b86,54752,44841777,139385,54660,44859814,139385
ff1f8a994a2228cc,61170,51261770,138523,61074,51277408,138523
ff49739ea849d3be,65651,55724909,137929,65582,55758124,137929
ff56df30cbb691af,32750,22858539,78894,32691,22870376,78894
ff6f8994b736b0a0,103683,93781168,131817,103584,93790775,131817
ff72b299a0cd50fd,79340,69465372,158860,79248,69476566,158860
ff744d4ef871a311,25465,15527191,132146,25415,15572570,132146
ff798374563ec01d,84321,74406104,116358,84266,74427477,116358
ff7a1a3c61a752ab,107161,97242648,141230,107098,97279540,141230
ff8458cd08e70555,10333,425072,139115,10242,444186,139115
ffc4742784033faa,60110,50221773,139028,60006,50232729,139028
ffdc92756e2b56ed,70646,60745061,132917,70538,60755476,132917
fffc9b3f06c400c6,113375,103465838,137859,113288,103482358,137859
