content_hash,rtsp-0_pts_ms,rtsp-0_arrival_us,rtsp-0_bytes,webrtc-0_pts_ms,webrtc-0_arrival_us,webrtc-0_bytes
0002d2d24b5f95f8,75009,65072927,131967,74979,65122592,131967
0019f66342a7056f,96030,86104825,137743,95971,86129958,137743
0036a9cfb9484852,23172,13254426,131930,23084,13270393,131930
00414638d7345230,18576,8656678,139392,18463,8667132,139392
00659fda97d9f964,76518,66614306,139538,76436,66624378,139538
008de0ba2e3432c1,87349,77434284,139453,87264,77448678,139453
00f03e9a58a50858,83630,73714061,138270,83543,73729891,138270
0145eb00390240ff,102000,92074290,138954,101931,92099975,138954
0164e35ef33787d6,35540,25616545,136879,35466,25639233,136879
0176d55ccb422936,115709,105795757,127171,115618,105807695,127171
0177cf4a111af369,58107,48212201,129741,58037,48221854,129741
017a22b938f07e29,22865,12972022,129813,22770,12982077,129813
017fa96099107aff,68822,58961258,350278,68774,58989169,350318
01842492721fbdfe,74094,64194017,139275,73998,64211788,139275
019662f5484336c7,17436,7516991,140389,17349,7536155,140389
019d1ee01836939c,56103,46154144,130014,56048,46205109,130014
01c47609517c765c,47988,38095066,100704,47928,38111407,100704
01c801e608970684,106022,96114224,137818,105935,96128664,137818
01e1b83c40f31258,45836,35916971,137949,45751,35936110,137949
01f10753f9928066,77726,67814262,140510,77640,67825544,140510
01f8cc2622fbcc3c,79315,69412787,131496,79224,69423315,131496
01ffedf145a8b129,11869,1977623,109272,11819,1995551,109272
023507ff39bc8539,85896,75992614,129893,85798,76002284,129893
023ffae28af6c292,61177,51277023,137552,61086,51286825,137552
0247d0452d36e9d8,96542,86634350,138442,96456,86644359,138442
0257197e171abaa9,111829,101917413,136676,111743,101928513,136676
0264435476313ac5,90872,80954285,139692,90790,80971011,139692
026504ec9785423c,35229,25291856,129837,35174,25328372,129837
0267b193fcf2f80f,111892,101976786,135064,111803,101990568,135064
026eee8676520e12,119302,109394237,135983,119218,109406437,135983
02795d388c52df47,49252,39353714,138328,49160,39363597,138328
0296f3e31f39b1e2,95968,86037023,140405,95915,86067813,140405
02e9a9cad7147aed,110760,100818301,138449,110719,100859277,138449
03083e916f23338a,90275,80297424,137452,90200,80374783,137452
0308d413641d22d1,63862,53913759,128556,63810,53961428,128556
030bbb8b068e372c,53324,43416811,137693,53227,43427302,137693
03186fe9037c1fcd,81157,71234305,139342,81081,71255972,139342
0351371d29adedc5,15871,5936092,115641,15828,5972843,115641
0386da68081760ab,22425,12513278,139451,22339,12525318,139451
0395dfa8712d4ae3,113214,103293966,135817,113125,103312445,135817
039ed63d74a1dd4e,103957,94034026,136753,103890,94056906,136753
03a576735d468614,54650,44757479,139907,54564,44767404,139907
03b453f0cd77370d,11730,1811554,128930,11643,1828129,128930
03bbfc93ae1f3c42,43742,33833542,138272,43652,33843272,138272
03cc39793fb69de7,77790,67875140,137948,77703,67889815,137948
03e38ac5ce78fea1,46259,36312228,130052,46211,36358224,130052
03ee3b89fa5dea4b,53447,43553607,138011,53356,43563637,138011
03fc4c349126a4e2,42053,32144926,139429,41965,32155385,139429
04077530c38c0cf8,100188,90277872,138895,100100,90288096,138895
0433fcadf929a842,65331,55389042,127721,65289,55428809,127721
0442c32746bf2b50,107173,97254122,136784,107095,97272909,136784
044db804e22d4684,95778,85834702,130186,95732,85877560,130186
046ce000462d6e05,69712,59813691,116495,69629,59826023,116495
0480bcd61f527136,98757,88837664,138128,98668,88861376,138128
0492c08f164b8134,47362,37453572,137807,47271,37463570,137807
04cfcf1e72749ab3,62597,52677603,139465,62511,52695870,139465
04edcdec5267a705,83943,74034087,129493,83846,74043612,129493
0500233030870432,17380,7493286,139219,17293,7504149,139219
0501193de2e4c8fc,30378,20473469,137978,30289,20484096,137978
0501ec68c65d6bcf,24156,14236837,138044,24069,14255998,138044
05026d6539d1e383,64345,54436862,137750,64251,54447476,137750
055be62c8f199d38,78413,68494153,139477,78325,68512183,139477
056e090b049d1852,77758,67837973,140393,77671,67857079,140393
05761fc366c2d937,69178,59232873,132377,69127,59277733,132377
058930dee0c2f515,85181,75277565,137824,85090,75292335,137824
0589727156ed4985,87543,77634588,139939,87456,77645367,139939
059fec7a15707a5d,46162,36220734,128381,46117,36261062,128381
05a63d5e41aabd99,21849,11852798,130902,21785,11948831,130902
05ab9f0df20c6014,75672,65755194,132004,75595,65773413,132004
05bcc08cc56e4ccb,67882,57968285,159898,67796,57982597,159898
05ea853f2b2400f5,57513,47593855,138960,57427,47616807,138960
05f7477c77955ea0,44203,34294119,91412,44222,34302030,91372
06112e488e1daa51,68596,58675290,132473,68508,58694254,132473
062450be58a6b02a,54966,45053493,137561,54877,45065938,137561
063e0e4df63408f9,56761,46853966,139101,56676,46865301,139101
063e1adb2356372b,17598,7676943,139914,17509,7697339,139914
064c980226924ba8,81702,71793990,138290,81613,71804270,138290
064e03e93ee1f964,56826,46913532,137782,56740,46925414,137782
06595ec8463ec144,80034,70134004,138575,79939,70144463,138575
068d0170271ea192,25452,15512069,131484,25326,15522175,131484
0697b53829a83d38,79501,69614564,139926,79414,69625516,139926
06a4f3ec32bb8e68,63798,53852301,129107,63748,53896877,129107
06a8e39b2e43a280,113881,103974138,136071,113792,103983919,136071
06aa55f8ce9025c8,114704,104752894,129079,114658,104807084,129079
06ac9cdce5de7306,73171,63252971,132239,73115,63273124,132239
06bf6b0cf57bba64,76806,66872975,131417,76750,66905243,131417
06c15f184ca1e5b4,110945,101014296,136410,110888,101044327,136410
06c4e008fa337844,93817,83892486,128603,93754,83915095,128603
06d0edf9e285f830,72542,62633852,138827,72460,62647960,138827
06e0bc1b5334f2d8,108161,98273892,136208,108072,98283797,136208
06f56f0eac326981,54591,44693508,137051,54495,44703225,137051
07031ece856d0ad9,86993,77074178,138575,86920,77092870,138575
0711ec0ae42b236d,49588,39676288,138500,49502,39687402,138500
071c4a90843ca159,64227,54313610,137990,64146,54326311,137990
0723af3ecdfb9907,65064,55180581,139022,64979,55190388,139022
076e9ca158329692,34600,24713577,138010,34512,24723842,138010
079fc7311a5db6c7,56891,46973960,139909,56804,46990190,139909
07a6e67447506c06,99507,89642362,349659,99454,89668315,349699
07b02b548412b217,11601,1676727,138606,11515,1700724,138606
07b36a342cf04337,85616,75696987,138114,85528,75715147,138114
07b58c9842947ec1,47078,37156900,139879,46996,37178209,139879
07b9a32c754785f7,100306,90414370,138378,100213,90424212,138378
07c0c0d52530e3b5,27806,17893254,138512,27723,17905733,138512
07d7321a67ba127c,113786,103874056,135808,113701,103885062,135808
07edfb33e98d8e23,103041,93153683,135647,102952,93163736,135647
0801d967726da30f,111953,102054173,137596,111861,102064572,137596
08045ee64fe4187c,40283,30384702,137844,40189,30394408,137844
08105b9bcb603161,89045,79134491,138720,88961,79145279,138720
081e92039cccb8b1,63043,53137814,140209,62950,53147905,140209
082427c904d43a25,103927,93994195,137026,103864,94027070,137026
08342604d9c1c4e0,55252,45353778,137592,55153,45364621,137592
0838d58817e7431a,45251,35333462,138008,45164,35350589,138008
083c28dc3aa6299e,93104,83197548,138570,93011,83207067,138570
08410164be90c216,16656,6736608,138492,16575,6758140,138492
0852f03853f48dfb,67914,57997689,157693,67829,58015382,157693
0860f00b5c8891cb,34720,24796747,138728,34634,24819280,138728
0864e1c5a03c299a,100159,90254339,137346,100075,90265321,137346
086ef14f8ebf4dcf,65233,55297347,114805,65194,55330871,114805
0870d07111d63e77,113406,103521959,180401,113323,103534835,180401
0890aad6ebcbfe6f,119432,109514430,136590,119347,109533746,136590
0891e00b17c9e9ea,32141,22236248,153927,32053,22247568,153927
08a216dd5a476cea,50617,40713686,138694,50525,40723632,138694
08c50029402e32c9,55588,45673762,139579,55503,45688104,139579
091bdb6476263530,119956,110037647,136706,119872,110057076,136706
092c770c78ae71fb,116021,106134499,137985,115934,106145041,137985
092f6b275aa46f99,38576,28677160,139219,38486,28687763,139219
0982dd6d77f11cbc,92854,82937682,138827,92771,82954084,138827
0985cf6cdf5d59f3,21927,11951676,129244,21849,12025728,129244
09878be21ee44725,49621,39699778,138860,49535,39720181,138860
098ce2079c0dbfd3,92159,82214750,130879,92098,82257564,130879
09b28c1700e2c07b,88574,78673990,137549,88480,78684097,137549
09be0dcde06211d3,75928,66015434,131804,75848,66031669,131804
09ca989e5190ec83,32616,22713629,138777,32517,22723386,138777
09cca0922cfd8158,29110,19193792,140954,29024,19208983,140954
09f09b7f2fdba02c,34226,24313522,138415,34137,24324742,138415
0a21cdc6d770b6fc,99315,89395283,131305,99229,89416769,131305
0a2943f2624ede66,88490,78574207,138404,88407,78589267,138404
0a34b0c9de2fbf30,57862,47951997,128643,57800,47961157,128643
0a3bd9c854942942,28674,18773435,138972,28579,18783570,138972
0a5f925b8f1603db,86174,76254632,139108,86087,76273413,139108
0a89f0fa6a8cc293,60673,50757026,136894,60587,50772152,136894
0aa6c2f6b7a0934d,116550,106612973,129570,116491,106648244,129570
0abf244b80f1a0c0,91193,81275041,130300,91103,81292009,130300
0ad84c719d6d080d,46709,36796936,138483,46620,36808682,138483
0b1617ab11129f50,53595,43676775,137141,53510,43694508,137141
0b174d983a4e6451,96703,86794171,138625,96616,86808930,138625
0b48f781d67c3191,62951,53037427,138091,62860,53050094,138091
0b59c294972bf3f5,21709,11691385,128732,21665,11807697,128732
0b60b7a6063e8810,37060,27136709,116036,37005,27157632,116036
0b65d75c035bf02f,84819,74892472,128756,84759,74917787,128756
0b69f2c31703c95e,80186,70293885,137693,80096,70303652,137693
0b6f6812b60cdaf0,32366,22453993,141877,32272,22465309,141877
0b8110b89027279d,32492,22592243,130162,32392,22601555,130162
0b8341dc73e30c37,73471,63574455,141094,73381,63586936,141094
0bb07cc358d681f5,69389,59455128,132454,69318,59487694,132454
0bb6a67ae2ddbed4,111797,101894373,136765,111712,101904967,136765
0bcbb3b4eea9d749,114607,104665296,129195,114564,104705666,129195
0c26ff93fb3c641c,109190,99277041,135420,109103,99289224,135420
0c41551b11fe0b78,86076,76166078,137492,85990,76176182,137492
0c4a7856df75d195,91561,81674016,137917,91472,81683856,137917
0c50df3019864b63,98225,88317584,138198,98133,88327960,138198
0c5de6da73f0fac2,44769,34853685,138539,44681,34868578,138539
0c5e7b6fd066ea6f,87316,77398863,141352,87231,77416376,141352
0c6f12c8688eb82a,42086,32173410,138293,41997,32185466,138293
0c849f695efaa8bb,93479,83557900,138379,93392,83577798,138379
0c9729948229dc19,113319,103417441,136345,113223,103426755,136345
0ca0efb7f0c1fc6c,22618,12713841,140010,22528,12723726,140010
0caa2e8e66389ea3,66532,56633570,137761,66437,56643879,137761
0cc2bd7faf881457,104434,94521506,177372,104346,94535109,177372
0ccd82836980db6e,54868,44953435,137165,54781,44967860,137165
0ccf9fc69ef63413,117603,107694293,137209,117515,107704127,137209
0cd0560cdaaeb9f5,81828,71920679,157765,81736,71932405,157765
0cd9e988a081f5ed,117947,108054046,135327,117853,108064402,135327
0ce7644b25c8d2af,94778,84874448,138624,94692,84884792,138624
0cec3b0533f32498,59330,49417239,139400,59236,49428527,139400
0ceccd737f270ae8,10977,1056757,139683,10895,1077086,139683
0ceceb38c37f3b83,10339,413914,142464,10273,438165,142464
0cf2aa1c01a8bea8,52277,42352049,128119,52216,42375902,128119
0d104d742baac1b6,13252,3352961,137485,13161,3363458,137485
0d29ac1bc1dfd5bd,64139,54213628,137131,64068,54238512,137131
0d8240c855d6e3aa,73621,63697472,139024,73537,63727115,139024
0d86359bb258d613,91407,81514186,138058,91313,81525247,138058
0d898573a497182d,24694,14793179,137732,24596,14804024,137732
0d8be176105739c7,36938,27016793,139362,36854,27036931,139362
0d978ff90525e30f,92099,82154879,130717,92043,82198190,130717
0d9ac076dd0521c4,50559,40653677,139604,50473,40664736,139604
0db61f2e54c9f488,80661,70738037,115226,80617,70758981,115226
0dc30de826d04203,38545,28653675,139549,38455,28664145,139549
0dd34908cb2c6c5f,60738,50823086,152788,60651,50837753,152788
0e2a042801868b94,38890,28973414,138165,38803,28989433,138165
0e2bfa84216c39a9,32677,22776951,139953,32585,22786948,139953
0e36635a9e6ac035,29822,19913336,138799,29734,19923937,138799
0e4255d1e774bce9,28612,18713499,137908,28520,18723828,137908
0e6c0a7de09f582e,88323,78374309,138778,88269,78426834,138778
0e6e4d1e9fda5bd8,30282,20373702,140378,30195,20384210,140378
0e89f7cb2f474664,119653,109754365,136231,119562,109766941,136231
0e9a9fcfe2358bdc,80948,71013235,133326,80894,71046674,133326
0e9bd0a22c441c29,82455,72534470,130666,82367,72554712,130666
0ea0f737b0c60685,105341,95433912,136648,105250,95443755,136648
0eb7ee4e92cc001b,59846,49912162,128896,59787,49945225,128896
0ebc39b5a71e2f35,13344,3453510,138942,13252,3463871,138942
0ec163ec22e28eb5,32108,22196391,156181,32021,22208113,156181
0ed89101ad6279e4,74626,64712880,132299,74537,64727596,132299
0ee85d5e6df960db,94811,84898070,139979,94724,84910199,139979
0ef0556d55dad1f9,11137,1232764,136185,11051,1243108,136185
0efa1ba42f65a8e5,73382,63472787,131397,73302,63483265,131397
0f2780ab1424025c,10634,737126,138852,10543,747335,138852
0f2b8be457cbb3e1,87989,78032047,130547,87971,78087542,130547
0f47f9d7f70a27c9,54267,44333967,139193,54205,44365796,139193
0f4cab821b70d854,116485,106564732,125829,116427,106583800,125829
0f64add73f1e654a,102701,92794423,139021,102612,92805106,139021
0f6548eb2995ea01,102856,92954132,137462,102759,92964566,137462
0f660f7dbf7cb4cf,93606,83692525,129301,93517,83710332,129301
0f8e73b3f2ab49b8,74913,64972911,130384,74888,65037209,130384
0fa18dd9e53d1d74,25672,15735819,141072,25566,15753731,141072
0fbfa196db38ffd1,75253,65333802,137690,75194,65364682,137690
0fc6f882a2de5922,74499,64576452,141328,74415,64601343,141328
0fe15001a4da39b1,81797,71893958,138020,81706,71905170,138020
0ffcc6f33f8be7c8,39934,30016836,138244,39847,30033334,138244
10060f99080feb70,28229,18313074,137078,28146,18327853,137078
1008a539cba7f8cc,11169,1256017,137915,11082,1268216,137915
10124da8ae31cf93,52215,42282808,129132,52159,42314486,129132
10357bc056f0160c,84034,74137447,138333,83945,74147426,138333
1040d97e1fd317bf,84248,74334141,139009,84162,74347169,139009
1047ebf2d9a16dac,101302,91394353,138315,101216,91405243,138315
10584caa801a8bc3,56040,46092409,130131,55988,46142990,130131
105f34d3867c9abf,52606,42696677,137679,52512,42707446,137679
10976a2e1e0a9d54,28915,18997350,140256,28830,19015381,140256
109cd2010da23aa8,56166,46233668,136640,56108,46264843,136640
109f44bbaeabe041,94714,84797605,138790,94629,84812875,138790
10c3be207efef594,108040,98134297,137133,107949,98144935,137133
10c6ea897ce12a8a,11010,1094888,138886,10927,1109442,138886
10d31deda7d96bba,43458,33536982,138731,43376,33556725,138731
1104921a9ec8f745,111670,101754144,135427,111588,101769236,135427
110bf7a28c1f4b28,68477,58572850,132977,68387,58582968,132977
111784177324ef21,28948,19033458,139584,28863,19052415,139584
111c1c2071702cfb,112265,102344713,136848,112183,102364691,136848
112cb0a04d20adf8,60459,50557120,137737,60360,50567463,137737
113982fc75e43299,97390,87474181,138219,97302,87488952,138219
114d01a0568ecd94,47269,37353573,137704,47181,37368326,137704
11562b89339b9940,41106,31153719,129997,41071,31205159,129997
115f310587e3384d,96241,86334469,139285,96159,86344355,139285
1160572708b05670,74783,64860856,117462,74760,64970556,117551
116524bff8f1e5cb,82909,72957649,136339,82862,73008267,136339
119dad08a1a663cd,101057,91156843,140519,100965,91166952,140519
11a538556bc8db3c,33236,23294135,130310,33177,23336224,130310
11a814b02e21b652,11793,1877124,138987,11705,1892955,138987
11c0b529dfd6bf34,27440,17493905,129717,27385,17539175,129717
11d4d8b3e66f4782,71923,62014027,139299,71836,62024432,139299
11e82bd7c83d76c9,82015,72114151,139167,81916,72124069,139167
11ef70edaaf93193,55878,45957275,130064,55829,45976983,130064
11f585dbe76ca204,38761,28853612,137948,38675,28863506,137948
1215270a519c3984,103290,93374071,136924,103202,93389318,136924
1242f22018295163,40686,30773548,138604,40599,30785725,138604
124e6bc9c9a8762a,88207,78254413,138400,88171,78306013,138400
1251708a57cd742d,29271,19337836,131937,29220,19369052,131937
1259a9a628aafa85,112751,102792513,109955,112767,102852565,109955
126bdf002ebbfbcf,106979,97058141,128284,106902,97082254,128284
1291164a7850b061,118915,108994296,137811,118844,109013943,137811
12abc3759ba8d2bf,19933,9996600,137739,19875,10032681,137739
12b8052b2db15f53,99097,89197789,138471,99005,89207845,138471
12e846760192c747,92886,82974261,138758,92802,82985758,138758
12f9a0e5f30cbe2f,110236,100318454,136846,110150,100335170,136846
1301d90ec43a766e,115301,105414236,136318,115212,105423707,136318
1304d4c3b3de1a61,111120,101197049,135938,111040,101219131,135938
131052dd718f4c29,61932,51992552,129061,61876,52030761,129061
132a2e700cb3df82,82815,72872620,129414,82774,72914083,129414
132cf626b1319e28,113755,103836810,135047,113671,103854052,135047
133e32f9acf01f1e,89357,79454210,138325,89261,79468481,138325
1361f65421c4cf5b,79110,69175320,133175,79042,69209842,133175
1362088593b361f1,39338,29397427,140644,39279,29437246,140644
1376ed65885e6fa9,77029,67093098,132693,76965,67127931,132693
1394d641ba348e86,76083,66177282,138782,75997,66188825,138782
13a9e4be90f3b031,101399,91477455,137432,101313,91498858,137432
13ba8ce1181171c2,113818,103913927,135856,113732,103923997,135856
13e93f09a80f185e,118291,108377415,154535,118203,108391471,154535
13f4dc6f77381f62,85741,75834172,139490,85650,75845122,139490
141a6e614e7db6fa,36150,26234006,138765,36063,26249086,138765
142e59e6a5e6730e,44692,34753523,138507,44621,34791137,138507
1446abf153ca897e,117571,107665565,137259,117483,107675574,137259
1451cfc81b4630cc,68725,58812647,131650,68637,58827791,131650
145338a9d9e5cd79,11106,1193241,139229,11021,1205686,139229
147437fddc6521f4,116711,106774192,127315,116649,106811967,127315
1478fd27bfacd3b6,28391,18474079,139985,28306,18490828,139985
147be65cf3bcfb7c,82783,72832509,129373,82743,72881618,129373
147f6109ddd09d15,60898,50993938,138703,60808,51004874,138703
14b92cd597a4729e,88462,78537321,138823,88384,78561967,138823
14bfcf2dcb05c824,64783,54874252,138542,64695,54883913,138542
14e71df52ac075f4,27628,17691915,130024,27562,17727199,130024
14f2fdaac8acb2ee,18520,8633177,138928,18431,8642796,138928
1517f0fafba7c90c,92693,82781069,157841,92612,82793730,157841
15242ae6c8426454,71463,61552602,131171,71376,61562495,131171
15319c96b43342cf,102116,92197019,136814,102033,92215449,136814
153d133384db5ab3,85389,75472505,129500,85303,75487452,129500
154c068e867f6e4c,17940,8012250,131679,17878,8038781,131679
1562e73b9e9b8eb8,79719,69798364,143025,79634,69819321,143025
159b1c369054cb13,24846,14952006,130294,24756,14961720,130294
15d8881b97ee9bc4,77949,68037343,139197,77859,68049172,139197
16090647cbb62e6b,82229,72312367,129292,82143,72327259,129292
164541a687b1075a,88053,78076350,130840,88032,78151827,130840
165b23f746086e64,27567,17632035,131782,27506,17665604,131782
165b5d16e29c72e4,31771,21873177,137154,31680,21888266,137154
166da69cac3b4da4,102917,93014829,136451,102817,93024650,136451
16712f6aaae0eb41,37408,27472052,130338,37342,27507457,130338
16778c4ac9b5a8eb,55283,45377072,137938,55186,45386927,137938
1681ab17b01cb1a3,48199,38271805,128396,48137,38296981,128396
168865d9113d0020,55976,46032246,130006,55925,46074443,130006
168b82190e491463,118129,108214164,136271,118042,108228034,136271
169774e21be47169,75607,65692785,131414,75503,65703767,131414
16a4e81e09d7bdd3,13002,3093515,139282,12919,3105089,139282
16a85264cdcfe30c,110854,100910914,136049,110806,100953040,136049
16c82b059eae9d27,41619,31713456,138004,41530,31728285,138004
16ce231329748582,20965,11073389,139139,20873,11083660,139139
16d9318934e3c10f,31861,21973650,138428,31772,21984022,138428
16dfdf277be675de,42910,32993480,138866,42833,33010314,138866
16ef6a10f4317ce2,36340,26433660,139464,36249,26448547,139464
1721e38fc04fe36a,93946,84014720,129676,93880,84044505,129676
173838278f0afd79,87479,77560699,136753,87393,77578270,136753
1760b9efbf16c704,20596,10677053,140445,20511,10699452,140445
17b8dfd8bb15852c,90408,80457404,137744,90313,80507378,137744
17c219bd88168b38,43680,33773390,138290,43593,33783110,138290
17c89d9f585b7231,29968,20073475,139471,29872,20083722,139471
17d11bffcef5059c,39458,29532425,132858,39388,29557234,132858
17d33b6b8c77d1ec,22773,12871797,130084,22678,12881698,130084
17d72d729eecf277,25702,15773001,136711,25598,15785637,136711
17dff1166420ce6f,103584,93642614,129628,103542,93683251,129628
17e0c4cac7b4b2cc,56008,46053882,128371,55957,46108475,128371
182a3c2c5a56f216,63316,53397324,137987,63230,53418383,137987
185cadceb502e52a,92130,82192685,129896,92071,82228490,129896
1880e5ccb98b6938,22329,12431900,182192,22242,12444730,182192
189595b945eef8f7,80790,70834616,129505,80744,70888681,129505
189b9b239bb9bcce,63106,53197246,138894,63010,53206982,138894
18c872d3ddff9351,76615,66697690,139958,76533,66718130,139958
18db99c466512e56,25821,15895008,130165,25728,15916449,130165
18e02434f8b69889,114314,104394525,136439,114228,104413341,136439
1931c173419f212c,91377,81473985,137745,91277,81488865,137745
198dfd4a28017ef0,62919,53014137,140873,62829,53025464,140873
198eb4a386727fc8,69476,59555161,132575,69394,59575374,132575
199e5afeabc7159a,10184,251583,129247,10130,283193,129247
19a882ffd99082b0,16364,6437166,138972,16285,6462765,138972
19c1cc38a80a4660,20690,10776782,140114,20601,10788932,140114
19fe2f5906d387d8,42644,32694155,141247,42597,32743478,141247
1a0a14ff243f1d61,93881,83952662,129789,93817,83980080,129789
1a3d93597c62ac4a,51673,41757326,139613,51587,41772366,139613
1a43919d872f5c1e,47013,37096897,157407,46931,37113152,157407
1a4b17fcecb915be,54503,44593621,137771,54416,44603157,137771
1a6dc09b849a0111,57955,48052248,129922,57891,48061993,129922
1a779e77558afa3a,47454,37553585,138803,47358,37564133,138803
1a7d3b76c7ea3b36,15265,5372073,131855,15170,5382088,131855
1a8ad76cf918f60e,26652,16751571,127640,26573,16761828,127640
1a9404332c0a3a6c,108756,98854043,136014,108657,98864112,136014
1aa4a5c59323399f,64877,54957298,138092,64787,54976278,138092
1aa8f96f7aa5fdc2,100041,90114574,139675,99970,90141071,139675
1ab3a437f15ffdcf,118855,108934170,136916,118792,108959054,136916
1ac27ae00a9b1709,37253,27312225,131179,37195,27351341,131179
1ac5668db877d434,11536,1624811,139078,11450,1635366,139078
1adec346e00eb0ae,92629,82714257,138584,92548,82727563,138584
1ae770598061a793,70467,60573156,134073,70374,60582730,134073
1af20285a4d29ef8,28735,18833846,140854,28637,18843875,140854
1afb3d82fabe9b99,97016,87114270,138246,96919,87124828,138246
1b06b3424c80f530,14040,4092300,130103,13988,4138714,130103
1b0a91bb35a885c1,75575,65655101,131567,75473,65672095,131567
1b14e1cdfebd99e7,81215,71295839,129123,81133,71314417,129123
1b19ffebb6a28a78,104689,94779794,136079,104598,94789716,136079
1b1acfbb47b362f7,53231,43316841,138199,53138,43330831,138199
1b3784b5613f48e9,118392,108502539,119345,118349,108533780,119345
1b599cc029fb2482,42675,32733410,137149,42626,32773756,137149
1b60c3e801b9d4bd,17843,7912227,132655,17783,7946286,132655
1b6701b301fc3024,95530,85614518,139388,95443,85629626,139388
1b6ac92c541fbd57,79081,69152867,131992,79016,69180365,131992
1ba826fada32a189,59041,49133641,138099,58959,49144264,138099
1bd60a64470db489,104782,94874472,136710,104688,94884283,136710
1bd71cd98ec0d10c,14135,4193094,137720,14079,4234415,137720
1c267dbd4df4d7c9,36086,26173364,138583,36000,26189551,138583
1c2d6adbb7c8f250,27688,17757304,138684,27617,17787363,138684
1c36402d0d029f80,74280,64393966,138896,74200,64410153,138896
1cbb3128b6710636,29677,19753374,138736,29604,19776007,138736
1cdacc3161859d90,74002,64094152,139368,73910,64106614,139368
1cdf01aec4a5e3d2,90937,81017989,140776,90855,81037341,140776
1d19dd152612d538,115096,105177394,136644,115014,105194917,136644
1d1aef027939b592,92005,82054606,130367,91956,82104406,130367
1d1b6d12106911b3,14165,4233236,139030,14107,4264678,139030
1d32cd5f957a8022,91347,81437768,138395,91249,81453355,138395
1d3e26572b2586fa,114671,104714453,127150,114627,104773622,127150
1d4a56bcb593fdfd,57706,47798399,139385,57618,47809162,139385
1d7ed6bf41bb1e38,87891,77968134,114247,87876,77990219,114247
1d83faf1bd48fb25,75224,65297320,138899,75170,65336779,138899
1d84f89b1274c1be,28486,18573215,137348,28399,18585164,137348
1dbb9cbdb2b17f5d,115646,105734133,136065,115557,105745548,136065
1dc4c4a4e38718ed,35865,25973607,139223,35773,25983939,139223
1dcbac9fa26dde49,105717,95794022,136125,105655,95815854,136125
1dd8207be80bc1ab,21617,11621808,116028,21582,11715480,116028
1df3e280489f816d,44615,34653537,138588,44564,34715918,138588
1df9f67469326ee7,71729,61814098,140140,71644,61828002,140140
1dfde0f24b7109b2,19327,9413678,140873,19214,9423920,140873
1e05414c86e0e814,66502,56594180,138100,66409,56604321,138100
1e176555673e7813,38175,28256870,136997,38091,28274177,136997
1e1fce625565242f,96510,86594114,138238,96424,86609350,138238
1e28194c4dbe8c6a,82326,72414702,142778,82240,72430285,142778
1e3164d124cb3129,94039,84114249,138280,93969,84138247,138280
1e53144c1823710d,56227,46293693,138392,56164,46330008,138392
1e545e3aa902a6f4,92480,82577457,137331,92382,82587871,137331
1e5c3da48fa4ac6d,119495,109577279,137063,119410,109598340,137063
1e9750aa35aea9fd,65095,55241837,343329,65051,55266048,343369
1e99f9b5e7a1d9b6,26402,16492936,136700,26291,16503058,136700
1ea7f4de40dc4ab2,83662,73754344,138362,83574,73764921,138362
1ecb0df0a3c953e1,41264,31316584,138442,41220,31364155,138442
1edaa3b602649cb0,44508,34514102,130221,44484,34606816,130221
1edd43d3a441a4a3,96000,86074120,137899,95944,86099760,137899
1ee128b4660cabd3,37189,27251966,129459,37133,27287330,129459
1ee300c2913de958,47575,37681188,139053,47488,37691498,139053
1ef503ec9cd7e18f,48629,38733667,137656,48538,38744061,137656
1f06b3dbbcdb1058,32893,22973664,139006,32807,22993236,139006
1f1d733c49259f40,103128,93214000,136383,103042,93226870,136383
1f1f5564b5bba938,64257,54353991,138695,64172,54364468,138695
1f2ab4e17c6d0e41,13782,3918597,339371,13728,3943330,339411
1f30f883b0195b6b,38454,28553485,138495,38359,28563761,138495
1f30fd228546b429,116518,106586484,128962,116460,106616381,128962
1f58c43bc1bdb5f1,32461,22553744,139923,32363,22563725,139923
1f62f7b3315c5c36,35132,25201635,130037,35078,25230518,130037
1f66c41948ac0b32,106581,96673680,135101,106489,96684282,135101
1f6c760481d88820,76053,66153769,137945,75968,66163537,137945
1f80a36d0bab955d,74466,64552609,131222,74383,64568957,131222
1f83896c86543607,18399,8497040,139852,18316,8507651,139852
1fa482f245622569,21768,11754509,130498,21717,11866747,130498
1fa49ba0f894201e,71433,61517052,141258,71350,61533049,141258
1fb606f77863af8f,71696,61777778,138508,71611,61794939,138508
1fd7b7ed0567b482,106612,96696632,135886,106519,96711267,135886
1fdc8d03fe6142e6,53790,43885118,138323,53704,43895197,138323
1fee574e0d56ac08,72081,62172951,133077,71990,62185630,133077
2007c889a4ddaae6,20469,10553456,139657,20387,10568500,139657
20257278d30589ee,74368,64452660,130852,74288,64468743,130852
20259f3b9c35856f,115212,105314032,135740,115116,105323232,135740
20372df3659e5414,51457,41556995,138368,51367,41567073,138368
207d8894321adac7,104626,94714107,137512,104537,94725364,137512
2081c9756d5d4d89,79050,69112947,132378,78988,69149020,132378
208f25175aa414d9,67221,57252157,128670,67194,57319750,128670
209d029333891e91,112330,102413988,135227,112248,102428800,135227
20a7c505f355456a,45089,35181665,173528,45003,35193970,173528
20c3d141e29807c6,54143,44195940,142048,54090,44242785,142048
20d3d324731f6e7d,67249,57273922,128661,67218,57348095,128661
20de622574f3cad7,85122,75214086,138478,85037,75228556,138478
20e1cc17ff68e0fc,93446,83534556,140396,93360,83545456,140396
20e7d23e048eedb7,75460,65555311,132661,75371,65567186,132661
21048bfa073717dd,63574,53657269,140054,63487,53673999,140054
2107051649108ddc,16126,6173963,130294,16073,6225511,130294
210dd67644812a11,101463,91601065,347134,101414,91628766,347174
210fd409c8f6b71a,109126,99214006,136087,109039,99225376,136087
211ae29b8db101a9,98975,89074332,139161,98877,89085285,139161
211ba7398535e651,29939,20036791,139535,29840,20047417,139535
211d127b9fe63d0d,35805,25913501,138646,35713,25924194,138646
213522ef82a7f5e9,68921,58998887,119015,68879,59020108,119015
21410dcdd0289f7b,39149,29194623,132235,39100,29247565,132235
214bd10132801134,19294,9374606,131254,19183,9384561,131254
214fcd0b1254db17,98284,88394227,138693,98193,88404573,138693
21535a5b6b77d8c3,97141,87253257,131040,97052,87263620,131040
2155750e92806373,54387,44473995,138691,54313,44485926,138691
21670918f8e4453c,108995,99077030,136921,108909,99094306,136921
217e1e8e9b817502,35418,25493121,136989,35354,25517922,136989
2184479e9b87c232,81669,71754328,137460,81581,71768619,137460
218a6f0e0f1645e2,73846,63933747,137128,73759,63949801,137128
219d97d2018e1693,31372,21436985,138548,31309,21475943,138548
21b2c275ed907ead,100100,90177620,138678,100022,90199803,138678
21c24f5c20a4afbe,62506,52613931,138861,62415,52623878,138861
21d9d75e07045627,57266,47373554,137387,57173,47384291,137387
21dafb435ddbfaae,44964,35073674,139205,44873,35084145,139205
21eb3ca4084c13dd,40620,30696680,139253,40534,30719442,139253
21f6f5ae936533da,113561,103656546,150201,113480,103667637,150201
21fb1280be505740,97260,87338171,138977,97173,87358757,138977
220b3c256c1c675d,32990,23073594,138690,32903,23092805,138690
22128b257ffc42db,26591,16674272,131160,26510,16695759,131160
22363d3d0b831719,79847,69932984,132169,79759,69945908,132169
224a4589cb2ca2ba,103160,93257290,154513,103073,93269411,154513
224ef725d765b05d,119527,109614280,137183,119440,109628455,137183
22601ff6e2701918,84281,74372646,129398,84195,74381665,129398
226c7f5eb88db80b,118944,109034094,136109,118870,109044145,136109
226cde2aba8ba803,45594,35693684,139135,45496,35704135,139135
227072aa6bb26164,109548,99597208,136510,109505,99651366,136510
2271a811b30145da,100587,90674109,137797,100501,90685864,137797
22926e9d52d8e225,75520,65632891,132110,75437,65652916,132110
22aaaff38b00bd97,96300,86397851,139580,96211,86413083,139580
22ca00f8ec890bb9,14985,5073150,138194,14897,5088647,138194
22cdb3698b29609d,28981,19057082,139939,28896,19084334,139939
22d7c6ba082d3f9c,59609,49713806,138058,59517,49724387,138058
22db5ff7fb7e0172,16882,6971993,130476,16799,6982061,130476
22e46c02416fe90e,61868,51932028,128417,61814,51967361,128417
22f2c9f191ae95ac,73262,63334718,131013,73196,63363846,131013
22f93d0cce23b14d,12653,2756661,138781,12564,2766232,138781
230b9f0fa09ff8f9,60282,50373808,137634,60199,50383630,137634
231b1999c44a7007,20659,10753131,138573,20572,10762836,138573
23355fe391d1e4e5,118574,108632974,129446,118529,108677735,129446
233fd1b2232f41a3,78445,68533967,138265,78357,68544396,138265
23474b8e4e6a0b57,84004,74114093,137668,83913,74124584,137668
2355c1eca2d58424,117762,107854068,136145,117669,107864000,136145
236c5d2e8dc3029e,19724,9771780,130221,19698,9823566,130221
2376a41da6b632a5,28518,18613214,138099,28430,18623337,138099
23a0b37295a94d5d,46385,36434021,129974,46329,36483406,129974
23a63d9b36c48931,61053,51153525,137612,60958,51164575,137612
23b0f76948481155,27718,17793370,138883,27644,17817741,138883
23b33459803cea01,22182,12276555,137995,22081,12286437,137995
23b68bd71dc6bb5c,75040,65112915,131376,75007,65153166,131376
23d3263db515d6c5,94071,84153888,137264,93999,84170239,137264
240d561abbab6b90,91437,81537550,138500,91345,81547399,138500
2410d2c554b6c78c,98726,88814327,139139,98638,88830735,139139
242afc9d45aeb43d,59106,49193583,137975,59022,49205838,137975
2439dda173fa428a,34786,24873267,137584,34699,24885304,137584
24597c7e53800ff6,46594,36673443,137420,46518,36694129,137420
245ff143569f9347,59578,49677057,138750,59486,49687095,138750
246f850e37152bce,86141,76217434,138216,86055,76240204,138216
2487f51481b8a4e5,83088,73157643,138313,83020,73187273,138313
248e727b97c2776f,18369,8473583,138439,18290,8483391,138439
249ef89ce4851c24,33936,24016764,139285,33850,24035289,139285
24b0a6d4f8889886,48539,38633520,137783,48456,38643384,137783
24cb466a26568fd6,92823,82914253,138990,92740,82926353,138990
24d7146e35428586,68043,58133936,139640,67956,58144893,139640
24dcad33c6091ebe,86589,76652830,130955,86542,76691685,130955
24f8775da4d5617f,54111,44171976,128455,54060,44209444,128455
24fcda44601e0dd3,73046,63112560,130859,72998,63149608,130859
2516d08c871e1ffc,20437,10519142,138197,20355,10536117,138197
251e60c844d1d573,12049,2112050,131766,11997,2148618,131766
2536ef9eb10a5f5a,77981,68074311,140705,77890,68085130,140705
257c4c4a98e7f9aa,19419,9526971,103552,19408,9543192,103552
25a9b38ddd7c1215,115773,105856228,139671,115679,105872005,139671
25b7bc200718097e,78957,69018385,133366,78902,69056032,133366
25bd5cf2813a05fb,83912,74012252,128191,83817,74022019,128191
25ccfccbb1d16726,73556,63645405,137999,73472,63659165,137999
25cdb6b113b6ba2f,45378,35472194,129630,45288,35482170,129630
25d066d1ce4e5330,19786,9831976,130231,19752,9885449,130231
25dd8aa3cb8e2021,90039,80053555,113189,89997,80136722,113189
25f848179959bc02,102763,92854306,137861,102671,92864598,137861
25fd7357fda3e804,25908,15994092,130127,25822,16011016,130127
260496602ff242a9,45347,35432086,130253,45258,35446108,130253
260af77393d269e8,76356,66437695,138494,76244,66447159,138494
2613c5970fef4bed,109222,99313970,136701,109134,99324582,136701
2619511224024713,55344,45437162,138802,55248,45447374,138802
2625eab0fc66e4ac,88661,78774015,137816,88572,78784089,137816
262de7abecfd4172,58611,48696856,138159,58506,48709860,138159
263c0c105ddc2c84,111984,102077312,136667,111891,102086787,136667
263f9dfb3a09b202,109287,99427829,382330,109241,99457051,382370
2644a080b3b4b17e,85710,75794531,129611,85619,75808726,129611
264c417fc7672eb1,75991,66076638,141790,75908,66095348,141790
265e41a80607e42d,48449,38534302,142662,48374,38548692,142662
265e9dbf1bdcdfa9,39750,29853902,139642,39652,29863930,139642
265f1a512e35c7c0,114282,104356998,135871,114196,104381502,135871
26713217d19b2714,102542,92634413,137880,102458,92644792,137880
26807a7f07ae63ef,64169,54253780,138569,64094,54268401,138569
26869ef5a2cccb5f,12113,2172031,131189,12059,2212026,131189
268a5ab4f1da041f,64050,54112326,129291,63987,54148871,129291
26bfb61ee0d3cb1d,13160,3253230,138417,13072,3263595,138417
26d66d24c431a870,86904,76972885,131111,86840,77002756,131111
26da89396b8b7e11,99764,89814941,130931,99713,89862946,130931
26eea76482b509c0,64019,54074098,129264,63959,54120492,129264
26fc118ec67103e3,80529,70614368,140362,80440,70628326,140362
270a636a321317e0,45780,35893660,139190,45693,35904944,139190
27398fa850d31b03,90461,80534328,139409,90360,80560459,139409
27573f4c3faf8456,84628,74692704,129962,84574,74726988,129962
2761ff405c55fae5,98104,88194281,138965,98023,88205100,138965
279f69520d5c1a0b,84756,74816339,140921,84699,74856370,140921
27b4ec7dbad4e48d,94373,84474305,139145,94276,84488225,139145
27b893dde004d479,97048,87154297,139283,96953,87165090,139283
27b9893917d8979f,10815,896563,137429,10734,918726,137429
27c0ace9fa89083f,10694,804052,137704,10603,814818,137704
27c8d3e0bab98765,29336,19391848,130012,29285,19434821,130012
27d093d9598eb2fb,87447,77537726,158980,87361,77550040,158980
27d662f76a9cd688,105991,96076874,136735,105908,96095033,136735
27d7386e8ce602c9,77475,67577100,138399,77383,67586918,138399
27e6f3c490652806,45121,35204532,135599,45035,35220467,135599
27ef13173053070d,108410,98494419,137596,108323,98510020,137596
27f2fc76b6a92fc6,104721,94814020,136663,104628,94824170,136663
2800826ba3db6b53,11073,1156558,138607,10990,1173735,138607
2806c0666cb31597,60640,50733870,137480,60554,50744525,137480
2824e326cc593ebe,82572,72679815,103890,82536,72700132,103890
282b72e9c2d48458,51334,41433575,138314,51236,41443729,138314
28307429ac797cc1,52881,42977151,157702,52795,42989381,157702
2856cd78a1fa798a,80693,70760310,131514,80649,70791882,131514
285989391df0fbcc,56256,46316953,137912,56191,46359457,137912
2859a139a6d76873,65580,55652496,130876,65521,55678848,130876
2868c42b19529c4a,87607,77694083,138578,87519,77706989,138578
28934ab3f5860e09,113037,103054491,128281,112993,103135629,128281
28ac9689779b1509,93511,83594313,138868,93424,83610504,138868
28affbe7cc122d16,45283,35373494,138505,45195,35383661,138505
28d5d2ecb5be90c0,75489,65594579,141208,75397,65611929,141208
28db7ea38d4dd833,105061,95172322,126923,104975,95181794,126923
28e484580915f472,69534,59632913,133174,69445,59642887,133174
2909cd6778017e70,85210,75314151,138480,85116,75325017,138480
2925d8ef22d2d9bb,85034,75114154,138157,84957,75133243,138157
292fb17cd66ee97e,32861,22936981,140012,32775,22960906,140012
2936e0118a8910c2,89386,79497376,155270,89298,79509656,155270
294f50849ab0f4bb,31681,21773398,138211,31598,21783079,138211
2960484ce1716cb5,105779,95854109,136063,105714,95878530,136063
296cd06612df9335,72111,62195053,130906,72019,62210021,130906
29939a22cccdd2cf,92422,82517755,138235,92330,82528035,138235
299617a8e17b166b,19846,9895627,140566,19803,9945385,140566
2999e30ca2289158,61459,51536831,137613,61372,51557916,137613
299df1c17f75e0cc,50257,40314037,130423,50198,40355806,130423
29bbf704160207a0,103712,93774128,136503,103666,93811675,136503
29bfd62e33a97e0c,32796,22877263,139414,32711,22895765,139414
29c0eebc0ef3f417,23679,13753357,139383,23614,13777963,139383
29c42a68089803d4,26306,16393384,138964,26192,16403466,138964
29e231b7b9d6a11b,105180,95274022,137165,105093,95284195,137165
29e4e8f9ec9ed2c4,12623,2733242,139315,12532,2743228,139315
29ece9c595de1278,17255,7356901,139308,17169,7369071,139308
29fc107bca42b7a5,73352,63434813,131010,73275,63451638,131010
2a07fb4289c1155c,16156,6212049,131095,16100,6255575,131095
2a3c89fc6da7a250,84443,74532475,129616,84355,74541846,129616
2a55f1345406a296,57142,47233843,138752,57049,47244171,138752
2a57782b3cb665e0,96121,86197948,139530,96053,86221856,139530
2a6058fcda4ab148,74880,64935058,130796,74857,64998703,130796
2a72bae7b1cc2e23,48479,38556129,129403,48402,38578434,129403
2a788dd20479dd1b,96986,87080361,137293,96890,87090820,137293
2a874e36131a01ee,53200,43293510,137617,53109,43303928,137617
2a88037e3e8aa263,23456,13513795,129714,23400,13554643,129714
2a8d3ce56fde3eb3,58140,48252067,128756,58069,48261857,128756
2aa065c2b9cce640,55221,45313542,136981,55123,45324158,136981
2ac286a290781cdb,64285,54377412,138443,64198,54387845,138443
2adb77ec1075d9f8,35293,25352587,131076,35236,25392395,131076
2ae1ba3e15d1c3c7,114829,104894265,137199,114776,104928082,137199
2ae26cebee5bdc53,84513,74620344,102936,84460,74637851,102936
2af463be9effe968,78765,68823092,131633,78717,68863967,131633
2b09cf22d2e6da34,86557,76625949,132243,86510,76660028,132243
2b18b64496bbe244,43834,33934045,138668,43739,33943739,138668
2b21ea212706bb86,89077,79157772,138137,88993,79176729,138137
2b26551e1616beae,70620,60695368,132563,70534,60719757,132563
2b370705d8111c03,44934,35037043,139345,44843,35047444,139345
2b52d51bd29fb3ba,60341,50433217,136077,60252,50443236,136077
2b54d9fac9508d64,111323,101433804,135541,111236,101448752,135541
2b6e81f0a3fcfa47,48748,38853910,140029,48655,38864154,140029
2b8556f15cd35da3,77540,67653997,138613,77453,67664330,138613
2b894d78494e1e8c,58389,48473624,137856,58300,48487670,137856
2b89e1d75210c588,90567,80665808,138579,90464,80675480,138579
2b8af35c2cd95cb7,10760,873358,139087,10676,888148,139087
2b8dade87ca4433e,109796,99874427,137373,109733,99895010,137373
2b98bf13a80faf8f,98074,88158096,139636,97996,88173293,139636
2bac05f91ce1c22b,91910,81954684,130082,91865,82008824,130082
2bb2a28328e6fccc,27893,17993311,138455,27802,18003865,138455
2bbe85649ac2132e,39901,29993512,138851,39815,30004341,138851
2bf0f3512d74c57f,19208,9313508,138751,19117,9324269,138751
2bf1200c4c4e2562,51487,41593262,136308,51397,41603258,136308
2bff672c33f24a5f,47545,37657665,136965,47456,37667845,136965
2c04398e69970b20,37949,28033463,138754,37868,28053666,138754
2c0c88ff64e612b8,50000,40076570,113649,49947,40098024,113649
2c2436ab0edb9934,81244,71332743,130692,81157,71342863,130692
2c2e03c3e4f78c12,65757,55854093,138867,65675,55864316,138867
2c70672cec58c3c3,97228,87314709,140981,97141,87327625,140981
2c90bb520ca44d39,11385,1493345,139661,11292,1504024,139661
2cac6fcc4ecac95d,63510,53593870,138767,63424,53610123,138767
2cee944eb5dca06c,22128,12213489,139250,22022,12226959,139250
2cf27698b58514cb,96606,86697146,156065,96520,86714151,156065
2cf4dcf4d0929adf,40927,31034247,99846,40895,31065307,99846
2cfb0df41e150c48,56609,46713590,138401,56513,46724262,138401
2d14005822ea73f2,64653,54736527,153883,64567,54753500,153883
2d2fd95de8695829,18608,8693276,138803,18493,8703289,138803
2d31b967a38357b9,19177,9277113,140842,19087,9287727,140842
2d3f0d99d45e01ee,33268,23332061,130311,33208,23367311,130311
2d5e0b03eee64a35,116239,106317258,137215,116153,106338214,137215
2d86fa455fd802ce,93135,83234253,139084,93040,83244365,139084
2d8740136dbf3707,57893,47992421,129754,57829,48002314,129754
2d97711b425b18cc,29881,19973587,139782,29787,19984011,139782
2da03d86a6a6d39d,87575,77657836,137804,87488,77674981,137804
2da2ab08d5ff1d83,41503,31594101,139346,41430,31604574,139346
2db8a0d31eea2c6b,19631,9671803,130063,19613,9730313,130063
2dba3706070edd01,51086,41173674,138897,50997,41185570,138897
2dbe2653f05acdc5,119366,109457139,153569,119282,109474264,153569
2dc2efa5002f6641,70405,60512726,132321,70311,60522991,132321
2dc5e40e7f2b11ad,73751,63837439,158720,73666,63861182,158720
2de6a8981de229b5,42242,32333523,137745,42148,32348633,137745
2e2b26c146024389,116583,106652833,129114,116524,106681339,129114
2e33243c6eac2be3,44393,34398287,129391,44392,34492349,129391
2e398d1f015ceb47,84474,74603175,361614,84416,74630853,361654
2e4f413c45875bc4,49407,39513590,138834,49313,39524619,138834
2e6915903d2b8f53,30748,20854180,138188,30658,20864281,138188
2ea841dd5208d16d,82518,72662488,360248,82478,72692491,360288
2ec7eff11fad34ef,50129,40192109,129767,50075,40227997,129767
2ed51c3a4e9a1086,105459,95537934,127302,105403,95557753,127302
2eded72046093459,82621,72701799,129942,82585,72720046,129942
2ee7b01ccce228e7,85093,75177092,138426,85010,75192166,138426
2ee8dd5d84df0e8e,79972,70058070,138616,79880,70071733,138616
2f0a170fca522574,109673,99734045,136263,109623,99772763,136263
2f221b4f8b62f096,74594,64675570,132466,74506,64695376,132466
2f6456773bc90390,92392,82494207,137766,92303,82504871,137766
2f67747fb908b12c,98134,88217572,138151,98051,88233527,138151
2f70d3831fea2e6b,110088,100193995,136544,109992,100203921,136544
2f7391ed3c5e018d,57769,47876319,102983,57706,47891888,102983
2fa818f414a91ba9,94102,84177246,138146,94028,84201536,138146
2fb5947cbe689714,114767,104814723,129137,114718,104865920,129137
2fe2d796b95dba83,50959,41042642,152024,50872,41058349,152024
2ffc71620a22b9f7,40221,30313476,137866,40129,30324303,137866
301af4bfe97c40ed,81891,71992862,130661,81797,72002980,130661
30239408891b3a68,108695,98796629,152373,108599,98807613,152373
3057021706b9c153,80280,70392730,131031,80191,70402007,131031
3063cb82509241c8,24446,14533269,138807,24356,14545343,138807
306b6ba897c3683b,88085,78112968,130585,88062,78183817,130585
309690f52cc8c9c2,61296,51377298,138514,61211,51395827,138514
30aca11541807e7e,37557,27644985,138141,37477,27657209,138141
30b17e046636c144,71520,61614108,139310,71427,61623956,139310
30b740320617d4cb,48167,38232994,129233,48106,38265641,129233
30ba9cfba0cd11a3,93196,83297721,138999,93105,83307764,138999
30da98eb1dfce0cb,45315,35395327,129066,45226,35413650,129066
30fbed3cdecd5307,51910,42016771,101018,51860,42032775,101018
310b89ed2f62c8f0,97920,87994849,141462,97853,88019559,141462
31485bb066fbd734,82359,72436353,128601,82272,72461393,128601
314e9a7eca0dbc3d,30563,20659949,137020,30467,20670211,137020
3153b3ee1fad8bc6,49315,39413747,139589,49220,39424485,139589
31701490579bb9a9,104594,94677239,137092,104505,94693225,137092
318a7b26fed86eba,69271,59334095,139119,69212,59369827,139119
31c1cda5a08fd625,77060,67132873,132941,76995,67159035,132941
31f88c06bfdfcee5,95906,85972917,130192,95856,86005083,130192
31f9f47d9f0d99be,103681,93734372,138511,103637,93780309,138511
31faaea9d36b7bfa,87169,77274047,138553,87076,77284378,138553
320a48326d7fff23,19755,9793654,129032,19725,9854573,129032
321c489f756ffd3e,104190,94293904,136600,104095,94303683,136600
321f5514b45f99fb,16689,6773333,138929,16608,6788165,138929
3233aa4d5db32296,116867,106936860,135027,116795,106965582,135027
327bbe9a86b0b8d5,27376,17431944,130484,27322,17476299,130484
32ac3e6a6cdabbfd,51395,41497038,137861,51305,41507716,137861
32de59b0068d4da8,34850,24933258,137023,34763,24949310,137023
32ea96a99bc968d3,27279,17358794,128809,27226,17377061,128809
32f0ed87454f4543,115741,105832645,128418,115649,105842414,128418
32f4c17107978931,18898,8993375,139603,18815,9004730,139603
33046e748b709d4c,27312,17380715,129802,27258,17410360,129802
3305cfe0dd1621a8,119715,109814334,137004,119621,109826912,137004
331243249fe8dea6,59392,49493889,138064,59296,49504561,138064
3316bdb594ba27e7,117285,107394538,135523,117196,107403788,135523
331cdf15a7532387,95157,85254632,139258,95064,85264569,139258
331ffe25f0dc095c,88546,78637909,138783,88455,78647978,138783
3345d26ea137d18b,29077,19157815,139326,28991,19176603,139326
334cc992d7ada98e,36214,26296880,139077,36126,26313388,139077
335b38f6128d3a41,17285,7393395,139818,17199,7403253,139818
3365e7b89344f989,91616,81697525,139211,91529,81714865,139211
337b69ab7084ba7d,113138,103193797,135122,113066,103236927,135122
338a920c9f29c762,75401,65493245,133145,75320,65507651,133145
338e1241a2e4749f,96329,86434472,139021,96237,86449983,139021
33d4504748000393,77299,67394049,139146,77212,67404591,139146
33d74201d6707fcc,13828,3935537,100970,13780,3950332,100970
33dd410f65eda27a,113943,104037419,135682,113851,104047051,135682
33dd8449334e918b,70978,61030410,118381,70932,61075621,118381
33f1d3a7bcb37ecd,32926,23013206,137549,32840,23025917,137549
34097fdba479b311,114860,104926167,136625,114805,104959089,136625
341fe4e11c96980b,16000,6051814,130253,15954,6099098,130253
343a32c0a876df4c,95369,85454195,138063,95283,85468415,138063
3440337890bdd734,81039,71114654,139788,80977,71138717,139788
3441eff5b8e6069f,20189,10293158,138124,20092,10303268,138124
346c0f163b80dd71,91223,81312522,129497,91132,81321954,129497
347153e076275266,22051,12116921,139013,21953,12150295,139013
3487380aa04d21fb,68264,58352938,131976,68170,58363406,131976
34998cc98d4de79e,18834,8916949,138888,18751,8937608,138888
349cff9ec9cb3982,76207,66313861,138104,76114,66324645,138104
34aa43c9b15fc156,84788,74854099,137795,84730,74887890,137795
34b3f28bf30b9ab2,72820,62900115,132240,72778,62987879,132240
34d017616cd1721f,111033,101096972,136313,110965,101132609,136313
350085b51dab37de,38424,28516806,137884,38330,28527430,137884
350a4abf1c4d2b44,81331,71432582,130369,81235,71442549,130369
35360fc77635228f,56134,46194216,141177,56078,46233668,141177
353e868171e388c9,110517,100623971,97875,110481,100642988,97875
354659fab0eb9dcd,107301,97393971,136033,107219,97404382,136033
354aa3506ffe647b,21976,12015560,141056,21890,12075785,141056
355f694d13c8eef8,79434,69537134,137702,79345,69547546,137702
3589db63c958c11e,113012,103032823,128886,112975,103110714,128886
35c9e998d873b712,72509,62594096,140023,72428,62616563,140023
361322272772fbfb,10278,351462,129007,10218,377235,129007
36323b4b8e6582ef,116175,106254265,136446,116089,106273919,136446
3645b1876610fc59,46098,36177132,130471,46052,36196895,130471
365375d72707f8c1,86524,76603588,129681,86478,76623338,129681
3654a321b8ac2d5e,81605,71694092,138271,81517,71704442,138271
365d95ab2c52ff9a,118973,109057225,136998,118896,109072805,136998
3663a6b4710371ae,90487,80557768,138500,90383,80586323,138500
3688b1dec3656977,45186,35273682,139079,45099,35285319,139079
368a817280847053,97548,87672094,346109,97483,87698490,346149
368a9217b72a6b43,21000,11113442,138739,20912,11123069,138739
36bfb07a3240d097,104074,94165377,137408,103992,94175747,137408
36ce29bf20ba4698,115987,106094396,137423,115895,106103910,137423
36d6b8f47f5740f1,26989,17073464,138759,26876,17083187,138759
36e0694597cd7d24,80979,71035480,131787,80923,71078023,131787
36f53202a452978b,65299,55352438,129844,65259,55397516,129844
3702d0b65ad44a5f,23391,13456122,117900,23336,13489013,117900
3706f0c1404e0032,64433,54537048,137654,64344,54547660,137654
370bb45eb5d0113b,67605,57695664,133132,67510,57705192,133132
3715162ef3fe9531,26529,16618942,129660,26446,16631595,129660
3719da995e4583d4,44743,34813602,137549,44660,34842351,137549
3727d805c7a8fe73,50349,40414077,129493,50284,40447738,129493
372b8fb7267a0bc5,27344,17402597,129225,27291,17442835,129225
37365c3ddeeca5b8,61115,51213586,137663,61017,51223420,137663
3750d6ec624e8342,25161,15253282,138245,25072,15264302,138245
3757f2866bff5f8b,15449,5533439,139732,15363,5548480,139732
376a4a929a71bd80,83349,73452565,129755,83251,73462141,129755
37740b7592b363f7,103616,93672690,129473,103574,93714999,129473
377ced032793e77c,54445,44533575,137745,54365,44544569,137745
378a398383a5eca7,113239,103316859,135707,113146,103337506,135707
37a3025b80559a14,114798,104852689,128110,114748,104897391,128110
37abb4f5a6e5e4eb,108069,98173960,136201,107975,98184444,136201
37bff9e8461fea10,68447,58550090,117054,68357,58559648,117054
37c0071d2b1d0648,39690,29793731,140002,39594,29803988,140002
37c66c786b7496ad,101970,92037738,137948,101904,92069190,137948
37e00c44d8b0d91d,79287,69373085,132803,79199,69385815,132803
37e7578f1736c9ec,77328,67417520,139059,77238,67427848,139059
380383587d135e53,36906,26993277,137966,36822,27005262,137966
380bb119dbe93547,14287,4364632,138959,14219,4386204,138959
381628a1005c1c33,66089,56173515,137141,66003,56188083,137141
38485e521da2a12a,13717,3796329,138170,13631,3816438,138170
386487cd203fa19b,30626,20733805,139850,30533,20745204,139850
388fae74bf47530b,91161,81252969,130833,91073,81262887,130833
389ec611f56c8f86,55406,45513535,138017,55313,45524438,138017
389fe2ba551ae763,37792,27895463,129538,37704,27904782,129538
38d48bfe47c75ce2,18770,8864452,137913,18686,8875200,137913
38f90417ca6bb6f4,28580,18673362,138329,28490,18683167,138329
39098424da2d5c72,105213,95296929,135710,105125,95311818,135710
39136f5ea35a9660,93317,83406126,139587,93231,83416412,139587
3926c78234922454,67416,57473677,137052,67353,57516467,137052
39519ce1d6045fc6,23521,13592071,130188,23464,13620450,130188
3957fa04d23233de,116399,106523497,362061,116335,106550400,362101
395c0760356e085c,110915,100974207,136790,110861,101014452,136790
395d48cb267852ae,10945,1033158,139026,10864,1045387,139026
3963586828f02838,106230,96314079,137224,106144,96328530,137224
39680bc3ea6e6db0,64403,54513828,138871,64313,54524315,138871
396d5a7cd39756eb,31922,22033236,138023,31835,22043980,138023
39a05a94cfd7c2b7,66471,56556971,138332,66379,56569961,138332
39e74a61e5d8c201,47238,37317160,139515,47152,37337302,139515
39fe7e422f1cc366,49950,40057361,102113,49897,40074267,102113
3a1aac7896ba5054,67469,57536911,137066,67395,57568057,137066
3a3d15bc244ffd86,15048,5136933,139643,14958,5147829,139643
3a43216437234a22,30933,21016752,139258,30846,21032093,139258
3a4f163f615c9f16,74433,64515515,131050,74351,64535014,131050
3a823e75c4e62846,83725,73812712,130081,83636,73824569,130081
3aa6805695424182,86874,76935076,131345,86813,76972953,131345
3ab49685255925a1,21952,11991760,129971,21870,12050509,129971
3abfbb4d0204d6ca,10369,453143,137280,10301,468756,137280
3ac6065bf67a1382,71954,62036210,131801,71867,62056470,131801
3accdaad382e8a11,43295,33380396,157734,43215,33400783,157734
3ad2f0e4f49bfe88,39020,29096655,115309,38973,29117733,115309
3b37a8a951c6a4bd,23889,13969396,113372,23805,13986996,113372
3b5bde993ba10c14,28196,18280137,158865,28113,18301083,158865
3b5eab7021c8875c,98534,88614225,137907,98448,88632587,137907
3b69f76c3c8e3be7,45410,35494060,129572,45319,35508896,129572
3b7c5883244b14aa,83565,73654175,138988,83478,73664588,138988
3b7f1c5b5000718c,40252,30353378,137626,40160,30363398,137626
3b9a0715076f9bcd,19502,9566109,116116,19489,9599384,116116
3bbdad74f4dad6b5,107109,97194067,137268,107031,97208248,137268
3bc7089cf80d2b5f,96672,86754629,138910,96585,86774826,138910
3bd7b28384b20fba,31275,21352223,131047,31214,21374175,131047
3c0e5b343251542c,81860,71952687,128520,81767,71962379,128520
3c32fa286d8a969c,28070,18176844,138546,27985,18186660,138546
3c3aa9310dfeb8a4,56196,46256906,137717,56136,46296040,137717
3c546c3cede9d997,23237,13332179,131664,23149,13342662,131664
3c802cdd86b49738,98883,88977341,156442,98789,88988832,156442
3c92919fba981cae,81765,71853876,137078,81675,71864733,137078
3ca4e856e6b1c3d3,17533,7617134,139748,17445,7631984,139748
3ca553b17c418da9,43711,33796917,139209,43622,33809911,139209
3ca92da80a1cf810,77886,67974289,139878,77798,67985908,139878
3cb6da180c0ba518,39276,29334323,143043,39222,29376127,143043
3cf2c1ce2910ee0c,60706,50797310,159902,60620,50809024,159902
3cfe9220b7e78474,46565,36646271,139722,46492,36664309,139722
3d25d77f674f0f8c,38826,28913520,138629,38739,28924571,138629
3d27e30c20e8d56a,114067,104174691,138996,113973,104184512,138996
3d2e17a76a1743af,72639,62734284,139046,72557,62748568,139046
3d52c2b6e5b54fdf,28705,18796883,138998,28608,18806499,138998
3d64d8efe88ae20c,69240,59297687,139106,69184,59339013,139106
3d6630873702d173,37733,27833404,137472,37635,27843671,137472
3d7047c8918ff90e,117104,107196944,135253,117011,107207237,135253
3d80ada4467d043d,77660,67759042,166489,77574,67771489,166489
3db56b5acdd656dc,52816,42896806,137828,52730,42915691,137828
3de10c2132559c71,73589,63674013,138819,73505,63695633,138819
3de1ea943ad6b0db,68507,58613061,132206,68417,58623443,132206
3dfc6e7c417858a8,16567,6673506,138896,16475,6687860,138896
3e0ac5cc92d21b6d,110181,100294146,136092,110093,100305047,136092
3e191f457d84cc9c,80155,70257482,138274,80065,70267206,138274
3e4034608d48bfa4,105244,95334051,136653,105156,95344403,136653
3e72e49736f3e7c8,30121,20213529,138269,30035,20228426,138269
3e7693845b5c095a,56404,46493833,137716,56322,46504696,137716
3e7bd7813f41d1c9,23424,13491948,131077,23368,13523254,131077
3ea7bee9a0afb7dd,42453,32529526,130253,42416,32552076,130253
3ea97aef56ee2574,99699,89752884,130555,99649,89802167,130555
3eab74b508d989db,96575,86657681,138286,96489,86674488,138286
3eb0a14a2b84385b,61085,51176648,136939,60988,51186714,136939
3ebc6604a99ff8c9,88518,78614437,139000,88431,78624825,139000
3ed09ff09bc45f95,22587,12673168,137496,22497,12685708,137496
3ed9a601f5647b93,98254,88354439,139173,98160,88364786,139173
3ee19b92a17b74a2,50411,40494037,140521,50340,40510706,140521
3ee1e74f85317843,75833,65917621,138542,75755,65935665,138542
3efb6f74eb42bb29,40653,30733747,137602,40567,30752292,137602
3efd81456b1a858e,102794,92894603,138523,102701,92905017,138523
3f03fb69fa2d13d2,16914,6994217,131615,16831,7013075,131615
3f20c74b25da3955,14374,4453515,140057,14297,4474007,140057
3f425e76c1b6f070,54900,44993787,138644,54813,45004880,138644
3f7322aa160ca92f,60252,50333648,138020,60172,50351042,138020
3f88b2861c2a6ac5,17316,7416787,138543,17230,7426642,138543
3f8f7f59c216829e,14462,4553277,139496,14374,4563342,139496
3f96ce84ad3c5c3e,56728,46813883,139634,56643,46827220,139634
3fab343a45393fa5,64556,54644971,138546,64469,54654534,138546
3fb09b15c1560f52,34817,24896351,136860,34731,24917188,136860
3fbe92ad0394579d,117134,107234282,137050,117038,107243931,137050
3fc03980604e75cd,78831,68892998,132868,78781,68929470,132868
3ffb3dc22b810ed4,72950,63015395,131364,72906,63054101,131364
4019e2613d43eff1,107581,97654036,136496,107525,97680632,136496
403fca32b3fd1549,76773,66841060,132183,76718,66872009,132183
404437a35dfe002a,41957,32036846,138716,41871,32056892,138716
405fffbaafca2272,46652,36734066,138321,46569,36752617,138321
4063d1048e697635,118638,108694014,127177,118591,108740963,127177
406e6e03f5ca4ade,32270,22352615,132162,32179,22368715,132162
40706d3916187a87,22026,12093391,138364,21932,12125427,138364
4071c7032b9cc2f0,79557,69638362,140522,79472,69656883,140522
4071d02978b46154,102232,92334240,137636,102136,92344566,137636
4074f9e6a44aeff2,90330,80374461,139008,90246,80433570,139008
4083b76cc03a6a06,26120,16233674,140354,26034,16244059,140354
40dd7991ff8c1598,37347,27411841,129664,37284,27445585,129664
40f3a00859ed9ab0,76934,66992733,131194,76875,67033210,131194
40f7cc0f477c2b3b,55437,45537048,139374,55346,45547369,139374
40f97ff9cea78051,10913,999370,136994,10831,1012598,136994
410cbfa8ffc14cb5,99552,89659511,102967,99504,89675131,102967
410d5911da9a1180,81922,72014844,130167,81827,72024734,130167
41163e41880f4829,103193,93278878,127646,103106,93291778,127646
4125c94ff08ef659,50380,40452211,129890,50312,40478537,129890
412ffb6a8eaa8d74,77416,67518018,139839,77324,67528471,139839
4132d7f333d44248,79751,69834437,140832,79665,69851016,140832
414c850e6f9b724f,36495,26593589,138681,36397,26608299,138681
4163af7e4c16876a,112814,102833209,128921,112821,102913010,128921
416ed4b648014e57,92335,82417798,139005,92253,82434121,139005
417ecf7b9de21ece,83232,73316377,130503,83145,73330877,130503
418ea956ae86e5fb,57050,47137507,139550,56960,47149375,139550
41a416076b4c80b3,84096,74197633,139006,84007,74207464,139006
41a622821b821242,111573,101656905,135827,111492,101672628,135827
41de28b96318f6c4,55783,45918430,339901,55729,45943650,339941
41e551350b98b044,62209,52293687,137828,62133,52313581,137828
41faadf0cffba549,109028,99114099,136771,108942,99127421,136771
4203b8e11a95677f,111062,101133976,135660,110989,101160944,135660
4210d3e499233587,106704,96796982,136650,106608,96806445,136650
42169b89c50016fe,50926,41016970,158337,50840,41028808,158337
421ca681ee858d49,34946,25033564,139589,34857,25045231,139589
4229700815a8cc37,34098,24183235,154707,34012,24198270,154707
424d4619b43b75ae,58357,48436981,138319,58271,48456123,138319
4256d7f73de66a6b,85063,75153733,137055,84983,75164372,137055
425b6639ca3ad62a,32020,22133667,140414,31933,22143622,140414
4273a3406266b413,70501,60612997,131678,70412,60623473,131678
428078ef0ca65a4d,85583,75673680,136584,85496,75684179,136584
429cb8835e0d7925,19566,9611799,130262,19552,9665177,130262
42a104b1ff7dfb8f,75769,65854028,138360,75691,65871462,138360
42c0c333cd435259,34688,24773343,138278,34602,24787386,138278
42cde4cfbd4acbd6,71259,61315083,131129,71196,61357483,131129
42e3f262f35aec68,14433,4516979,140087,14349,4533558,140087
42ef426e14bc94f8,22394,12483386,153284,22307,12494036,153284
4347a965fb427ee1,52247,42312295,130396,52188,42345544,130396
4350ea785c8eed1f,82107,72214117,138858,82017,72223706,138858
435a3fcb0aecca38,95499,85577550,137778,95412,85598026,137778
43775119dc83f78f,105962,96053812,135506,105881,96068722,135506
43a144ef5e5bc3cc,67692,57796955,132340,67604,57806623,132340
43a5bbf002ec735e,104905,95017194,153697,104817,95028803,153697
43e9719856e12c32,15838,5916547,116520,15795,5936802,116520
440871e724de26e2,35900,26013534,138875,35812,26023972,138875
4415a3192e4c8d0e,44589,34616633,137474,44544,34687759,137474
44161544b44e63fa,74125,64234045,138525,74041,64255291,138525
442eead49236123e,30595,20693555,138924,30497,20704035,138924
44717fd720569eea,33520,23591973,129925,33447,23618392,129925
447e616543428b5a,81638,71717342,137825,81549,71737428,137825
4480e51bd96ce787,101087,91192616,129215,100995,91202354,129215
4497348cc0a0e832,52309,42376084,142394,52245,42407750,142394
449a68fb348f40ff,82846,72894466,129400,82803,72945093,129400
449ea3db44e8b2dc,55467,45573754,138756,55376,45584113,138756
44ad77d51289a19b,109579,99634091,136925,109535,99678925,136925
44b22a78df2fd926,119003,109094249,136454,118922,109104344,136454
44be76f18e34d98a,80399,70492891,131565,80311,70502994,131565
44de4b2c243e8f82,110975,101037402,136525,110914,101075575,136525
44e6c80dbb6e05e0,58672,48773473,136858,58572,48783436,136858
45145513c841f52a,79140,69212903,132223,79069,69239416,132223
451e2d287cdf8ae6,48901,38993748,138742,48816,39004410,138742
4521e8c1aaa3fad6,90540,80634357,139593,90433,80644266,139593
4535c90e4caa0f09,43992,34197035,341111,44007,34221715,341151
4535dcb15d0334b0,22896,12993897,129214,22803,13004265,129214
454230308e3d8b84,111148,101233769,134869,111064,101246601,134869
456b087f72a41aae,69780,59892690,131742,69698,59904549,131742
456bfa2dd2b767e6,110000,100094030,136247,109912,100103575,136247
456d3cc9b9faf532,54080,44134011,128987,54030,44178369,128987
4592800be3821ae9,116077,106157523,135959,115991,106177150,135959
4599ff3a93792d0a,43328,33413257,136995,43248,33431718,136995
45ad0dedde90596c,26683,16775010,138844,26605,16792600,138844
45baa65fb1a757da,40376,30473322,137592,40278,30482858,137592
45d7b389b5fd3bea,67068,57110544,120428,67057,57166424,120428
45e73ac776bbc4a0,66440,56533621,137760,66348,56544017,137760
45eae1399a340b95,12594,2693101,138199,12497,2702683,138199
45ebd55146fb2f20,56520,46614176,140447,56427,46623849,140447
45ef1f8b4bc81e64,24037,14133495,129626,23938,14143669,129626
462954aed9d9bf23,92450,82554300,139090,92355,82565260,139090
464b7eac0fb44784,112200,102280496,135154,112119,102298976,135154
465d62793067b3e5,37439,27511548,128062,37370,27537857,128062
4662402b9c3f6c2b,46227,36273987,129779,46180,36325636,129779
46714f05b3c74d1d,31891,21996978,137981,31804,22007320,137981
468c872f7ea472df,42706,32756839,138258,42654,32804848,138258
469ae8a0265f3fa1,18738,8836443,156336,18655,8847781,156336
46ba5b9097a7fca5,71318,61392878,132825,71249,61417105,132825
46bc35c23d9f31f3,60132,50194337,129411,60062,50234662,129411
46c48e151218aa11,115834,105934187,136842,115738,105943996,136842
46e1326859e19ce3,31242,21312180,131406,31182,21341668,131406
470c6491c2ec8180,105810,95894398,137910,105743,95909730,137910
4758dccf41b5e454,34131,24213259,137808,34044,24230228,137808
475cdfd965d5d3c4,83381,73493183,131688,83292,73503890,131688
475cf80a6c444750,29188,19296155,103580,29139,19309267,103580
478cdedbff29492b,45999,36138429,338951,45948,36163420,338991
4798a3189eef6cba,50319,40392223,130370,50256,40417680,130370
4799b5fd619e4db6,37822,27933708,140176,37735,27943592,140176
47adfdc499aacd84,14953,5036582,138710,14865,5056688,138710
47bf0be4ce252ca6,102146,92234042,136752,102059,92245356,136752
47c11f5fe2659349,73441,63534830,131886,73354,63547293,131886
47ddf704fca74800,74155,64257496,138801,74075,64268183,138801
47e17c0edb523e25,34753,24833394,137408,34667,24852194,137408
47fa46696830f68d,22834,12931905,130489,22736,12941513,130489
480221eddfdbe43a,110567,100642987,112621,110530,100664144,112621
4808db7e8b12f4ee,19023,9117523,138716,18938,9128854,138716
481e6a9727c6c2a8,39214,29272172,131158,39163,29312341,131158
482392c0bdbb3dfe,40782,30873530,138163,40694,30883705,138163
484227a753cf2a34,67524,57614972,143621,67440,57625389,143621
48487daedd84cdf7,22554,12636669,138618,22466,12654336,138618
484b196ab731a816,14257,4333433,138669,14191,4356218,138669
484b3423a4f480b8,69361,59432649,131469,69293,59459079,131469
48714942eac72dfc,30000,20113376,138295,29912,20124053,138295
48821c25f3306811,90356,80397792,137841,90268,80460319,137841
4885e17ffc111c38,39085,29141834,133464,39037,29183561,133464
4891188b68833fb1,110334,100425374,136110,110248,100435602,136110
48be138ecfa37153,32646,22753340,138351,32552,22763327,138351
48e66a0b03600ea0,107951,98037348,136214,107869,98050383,136214
48e85dde8711a97b,89596,79676857,138017,89509,79695392,138017
48eee2e048d2b786,14491,4593279,138202,14400,4603162,138202
48f2782653bc3f97,18003,8072037,131280,,,
48f753814414642d,58826,48933782,138864,58745,48947663,138864
48fadb0b50b93641,35197,25254003,130393,35142,25295887,130393
494e1d50ddabab6c,14825,4912992,137808,14739,4924961,137808
49604a11573ecd14,114542,104621432,129296,114499,104641809,129296
496efdd588df07c1,100683,90774283,138555,100596,90784321,138555
49942b5440261ad5,62823,52913631,138284,62736,52924779,138284
499eef6adc6a093d,18279,8371884,130265,18214,8385805,130265
49b24cbd2ad1d5b9,57296,47397004,139122,57205,47406975,139122
49b2ca23664953d8,97453,87537862,139122,97364,87553024,139122
49c5a61a90bc8ce9,107141,97216808,134888,107064,97240436,134888
49d129d4f49ab1ca,17040,7133241,138608,16952,7142986,138608
49d98494946c0277,96151,86234206,138058,96080,86250885,138058
49eabba60e7638a9,59267,49353904,139813,59177,49366080,139813
4a06c3c1bf1d6ad3,84346,74434275,139884,84260,74444973,139884
4a165ec77eb58f43,57480,47557102,139555,57395,47584050,139555
4a279661b3889935,39998,30093518,137949,39911,30103591,137949
4a3da4d464ae41d6,118226,108313644,133909,118140,108326139,133909
4a4d9b0cdb65fcb2,73783,63877006,155559,73697,63891544,155559
4a4da0b26619c3c6,88407,78474195,138786,88338,78506931,138786
4a55f82597533665,112783,102811437,110966,112795,102884061,110966
4a78e06724d07437,55911,45979159,129395,55862,46010139,129395
4a838cbeb434acfc,77506,67614342,139979,77414,67624820,139979
4a8718e7fd9de897,85271,75374496,139148,85174,75385469,139148
4a93344d597e46df,86934,77012854,131378,86867,77033084,131378
4aa371de3c534b32,32828,22913359,138559,32742,22928283,138559
4aaba22fb46eceb9,114347,104434089,135766,114260,104446241,135766
4adc50bf059d3c04,41415,31493345,137850,41354,31514768,137850
4ae01ccb7d20a346,103868,93934143,137759,103810,93966788,137759
4b2348b3e8a2acbe,63380,53456713,138510,63295,53484983,138510
4b403c84080cc7f7,118885,108957187,135918,118818,108988235,135918
4b6ce38a12cbe450,61804,51872627,130410,61751,51902437,130410
4b74a7563a4ea3b0,97888,87954940,130648,97823,87991061,130648
4b78b1414f2429e1,94253,84337477,138827,94167,84356518,138827
4b9c81e6ae6b8bd3,95064,85166112,138593,94971,85176628,138593
4ba2ddf79a79c112,100457,90537958,139535,100371,90556898,139535
4ba6a80aa19f7a6a,29013,19092261,131849,28927,19115756,131849
4bc7625c6e659632,31030,21117074,138848,30942,21128907,138848
4bd7c964c43c5b66,76551,66637759,138596,76469,66653674,138596
4bd9a7431cf419ff,35324,25392326,131809,35266,25423506,131809
4bda79b70869cc7b,65963,56073687,137454,65875,56083680,137454
4be1f767edb35a75,84974,75054536,141510,84903,75073862,141510
4bf0935bdc71cdce,75960,66052641,130984,75879,66063663,130984
4bf301f259a26feb,105653,95717220,135696,105594,95752519,135696
4c03caa76b79359f,54710,44816916,139032,54624,44827165,139032
4c05e721919309b8,56433,46517183,138024,56349,46532384,138024
4c16280134f6f83f,115803,105894430,135607,115708,105904813,135607
4c43a632fa145098,97422,87514391,138833,97333,87524990,138833
4c501e90a27eba9a,57642,47733860,137497,57555,47744156,137497
4c6fb2aa5e14d383,95595,85720865,347726,95542,85760761,347766
4c75c75fe5e85d5c,52760,42873553,138613,52672,42883911,138613
4ca8d7e51b6f3763,115270,105374346,137038,115172,105383578,137038
4cc50285750805d2,84216,74297382,139565,84130,74315411,139565
4cc6102f8e4ba9fc,98315,88417556,138262,98225,88427225,138262
4cdc95f21b3dfc90,69932,60017874,138857,69848,60031561,138857
4cf2518b685da2f9,62445,52554157,140096,62354,52564776,140096
4d0157d85186a647,27980,18093408,138272,27893,18104313,138272
4d06cb089eab611b,34001,24093646,139053,33915,24104238,139053
4d2841744e1fa17f,72326,62433751,138129,72239,62447815,138129
4d3b86ca947851b9,15142,5236836,138450,15048,5247163,138450
4d3de1b783035b3d,62759,52854182,139204,62672,52865146,139204
4d71c0fa68110ae3,119838,109937146,135609,119747,109947928,135609
4d785ad6e034bad7,46447,36512156,130577,46386,36546080,130577
4d7e4ce088440fa0,80562,70701946,358252,80513,70727942,358292
4da0fbc7f20893d9,99128,89234228,138596,99036,89244380,138596
4db8cf4978cf476c,85679,75772667,129718,85590,75782582,129718
4dd1bb1b737f5a2b,55719,45797089,138837,55632,45818347,138837
4df1de6b8db171ce,20074,10156504,137546,19991,10173992,137546
4df66eaaacb19de7,11293,1393080,138463,11201,1403227,138463
4e1a602b02dfe214,49654,39733726,138749,49567,39753606,138749
4e230d70f72e5b0e,17501,7593563,139521,17413,7603738,139521
4e2a1d2a706631cf,28422,18513419,139409,28337,18523850,139409
4e4836159a0053e0,88380,78437569,137523,88316,78478936,137523
4e8980a0acaf353d,106826,96936869,152813,106737,96948875,152813
4e8d2bf34d147838,85866,75954497,129752,85770,75965248,129752
4ea429744008dd99,29617,19676671,138125,29551,19716393,138125
4ea59cc7bb4bba7d,106486,96573926,135948,106397,96585683,135948
4eda28f0c14d13cb,65520,55573990,128899,65467,55618917,128899
4ef83b5ec49cfd4a,82686,72745578,129530,82649,72784869,129530
4f1c64a8ff3e39b5,40345,30436560,137802,40249,30446459,137802
4f1caddbbb7a7897,105492,95559488,127702,105436,95590912,127702
4f2c8ecb2eae1daf,59696,49821886,339484,59633,49847332,339524
4f40d7c01b8a0ca0,98165,88254161,136488,98079,88264178,136488
4f4bc7658301d179,42022,32113557,137857,41935,32124166,137857
4f4d4599a1131b73,99602,89678983,115195,99554,89701362,115195
4f62672cf886bf39,73878,63957475,140409,73790,63981977,140409
4f7d993c2442d6ef,90382,80434132,138585,90291,80485811,138585
4f84327ebd2ba008,101431,91514711,138210,101344,91530613,138210
4f9d41ea35cecd2f,60520,50633718,138367,60433,50644096,138367
4fa71c2e3b60cbd7,63167,53273844,138687,63073,53284359,138687
4fd76c733f654021,74530,64612840,131711,74445,64631765,131711
4feaadc9eb8651cc,112107,102214066,136062,112016,102224127,136062
4ff164fc45150fa6,107708,97777310,137699,107647,97812292,137699
500a45e4581b2410,53726,43813821,138792,53640,43825770,138792
500d25e048dc2b7f,22804,12893751,130050,22708,12902830,130050
501b956188a2d24a,110269,100354086,136569,110183,100367879,136569
501ce172349627dc,81953,72054620,141414,81857,72064897,141414
5035fb8c7336af81,87414,77495076,139146,87329,77514424,139146
507cfb2513eba789,57737,47859167,340418,57669,47884385,340458
5085899d2b58c04d,99795,89853285,132039,99743,89895040,132039
5085a946927f78c3,86686,76753187,131984,86637,76784773,131984
50892a812d527709,16334,6413734,141831,16259,6434298,141831
509089ea477a8b24,115895,105994032,135861,115796,106004086,135861
509ac2e2359d7f06,10664,773324,138106,10573,782765,138106
50abeec26525cb40,101755,91812770,129725,101706,91856103,129725
50ae5a968d2ea16a,101269,91354237,138245,101184,91368478,138245
50b459d35f5f134c,116742,106812679,127742,116678,106840943,127742
50bdc434fefec77e,21739,11731836,130627,21691,11838227,130627
50cd3c0325174631,118162,108254273,135373,118075,108265063,135373
50d74a9c763275f5,66655,56756173,138208,66564,56766306,138208
510ca3f919569797,102293,92405905,137296,102210,92420384,137296
51123ee5e3a2affe,28010,18116950,138959,27925,18127177,138959
513e324a411c7d52,97517,87597788,137518,97426,87615954,137518
514e97e2aaeb723a,95874,85934880,131009,95825,85973444,131009
5151d66906e002fa,50861,40936989,138319,50776,40961307,138319
5167f30439681ecf,48688,38793670,138994,48593,38804387,138994
5184e6637cedcb26,106765,96874183,136807,106673,96884659,136807
5191991f5b05cf31,79463,69574223,139776,79375,69584514,139776
51bd22a13456788c,108216,98297010,136951,108130,98315388,136951
51bd236205dad1cd,96270,86374286,137396,96184,86389781,137396
51c1ef8d0962e02a,29526,19593339,138102,29466,19625451,138102
51c33cf5b995975d,77211,67294625,142060,77133,67309996,142060
51d7bc9c7a4f1c64,58045,48152187,130410,57978,48162586,130410
51d87400b7ed83a0,101148,91254285,138198,101055,91265013,138198
5220138e50c91f87,67278,57312271,129203,67242,57377301,129203
52323fa542a397d4,111861,101954000,136053,111773,101963985,136053
52593c08c2a690be,38793,28877034,138405,38706,28892345,138405
526ca48badbf8ada,68386,58494223,139139,68294,58505489,139139
526e9fdbe7c5ceab,63478,53557437,139271,63392,53577146,139271
52752fe65abc6db4,13097,3176801,139985,13012,3197253,139985
529cbcd49fd00e08,18930,9016921,139529,18846,9033840,139529
52a33adbd0fe327c,50470,40553552,138173,50393,40569526,138173
52ba1b4a9c7d5cf0,37981,28059928,156541,37900,28081937,156541
5318f2305587764f,83533,73614831,142631,83447,73633209,142631
5350ccffb210b893,65699,55777135,138993,65625,55798670,138993
5351facb1c52ac0a,21876,11891888,130756,21807,11975313,130756
5397da7f1b4d7d4d,60192,50273568,137972,60118,50291734,137972
53b5ca75faf0252a,118825,108895319,137677,118764,108928670,137677
53d94c62020d2d48,26434,16516091,137130,26348,16533979,137130
53e4469b20b92910,22743,12832055,130920,22649,12841958,130920
53efc050bc29891c,86366,76454223,138958,86278,76465489,138958
53f4e5a8be0d01be,110030,100134421,137250,109938,100145243,137250
542604f7e3f4ab11,29046,19134307,144210,28960,19145888,144210
54399e57fd55bded,34882,24973579,138569,34795,24983511,138569
544f0052f47416f4,119181,109294162,136670,119094,109307096,136670
5464f53e5f625d71,74733,64841011,104115,,,
5465681641474c1b,67817,57897442,138269,67731,57916159,138269
546782fd4292073e,84725,74792548,130034,84669,74823937,130034
547b691c4aa312f2,41139,31191757,128616,41103,31238379,128616
548fd8c7c1095f92,78862,68915529,133645,78811,68961110,133645
54b47d8b5624afa3,72885,62952745,131338,72842,62994082,131338
54c2ca6d9f9ac2a9,11480,1593394,138960,11392,1603705,138960
54f0157460863bc9,59361,49453688,138385,59267,49464185,138385
5530e623bc3f284d,116836,106914083,136647,116766,106934853,136647
5554ffb430a8fe30,36402,26497069,139611,36309,26512995,139611
558ddcd4deb737aa,19470,9546436,115045,19458,9567339,115045
55af73023c895063,52428,42513628,138216,52353,42528217,138216
55b544aceb315f17,66785,56963617,347599,66775,56991303,347639
55d774c81c8a674c,79909,69992869,131758,79820,70008095,131758
55e015f3f3433414,71608,61713817,138335,71512,61723479,138335
55f22864fd81f8c4,51576,41656569,136205,51490,41675372,136205
55f91025d954cc41,105685,95754043,136313,105624,95784070,136313
561f2c9891ea20d0,88949,79034184,139122,88867,79049123,139122
562d392e890f64b2,23770,13852055,129025,23697,13868142,129025
563fb44b57bb38fb,69083,59144084,132553,69037,59182219,132553
565b751ba2aaeafa,90969,81054116,137359,90887,81068569,137359
566cf6b1587503e0,12874,2953029,137086,12792,2973799,137086
56709ce2778a7323,29557,19624547,138601,29496,19656172,138601
568359238f5da93f,61146,51253737,138581,61053,51264236,138581
568a23a568e67b86,14608,4713345,139064,14512,4723423,139064
56acb418bb65e6a2,87261,77374926,142054,87174,77385421,142054
56b48e0d6a53d863,111766,101854213,136920,111682,101865657,136920
56b56e8286129d47,111606,101694156,136859,111525,101705578,136859
56ca4c68283ff785,15360,5473526,139182,15272,5483361,139182
56d1a10add257f8e,13466,3573310,138387,13376,3583676,138387
56dc3870c5789944,116615,106674488,128241,116556,106714308,128241
56e3bdc51e75fdb6,85301,75414285,139684,85213,75424671,139684
571e69cf7760fa60,45933,36017032,138685,45848,36037142,138685
5721c701141d0b61,65550,55612512,129690,65494,55648380,129690
572ac1c974a02c1a,116303,106394123,135067,116216,106403891,135067
57309b07c6b66d71,44822,34913631,139415,44725,34923902,139415
5731ffa15a791589,68417,58517776,139474,68327,58528578,139474
57487114d0eb8d3e,26622,16714298,143138,26542,16728583,143138
57573c8bc1817068,19147,9253377,138952,19058,9265979,138952
5758d95bae5f9f00,17101,7193545,141240,17011,7203824,141240
5783296870f66f41,99282,89373073,130137,99196,89387221,130137
57a97063a3590329,40030,30117058,139029,39943,30128958,139029
57b2d085e57b0252,72388,62494102,139408,72301,62504711,139408
57cc125eefa391c7,24350,14433449,138941,24262,14449116,138941
57cd1474e6fd94e1,32206,22296403,156450,32117,22307972,156450
57cf1ee1ade15241,104751,94837039,136412,104658,94850441,136412
57d13df99bc8aa58,94649,84738127,161481,94566,84750204,161481
57d7a35608aaa728,51304,41396847,138826,51208,41406842,138826
57f21babfb957aea,97078,87177703,138702,96986,87187881,138702
57f6acbf68f038cc,32429,22516839,138809,32332,22528744,138809
58012f22f1e9e057,46476,36535955,141088,46413,36576260,141088
5847cdb5eedf5b23,100130,90214281,138629,100049,90228930,138629
58544141ad087863,56640,46753581,138513,56553,46764392,138513
585c6c6cd179d69c,33699,23793274,138150,33611,23803847,138150
588f144079165120,26805,16913296,138582,26727,16927927,138582
58c5b158c89f8540,88266,78313983,138338,88221,78368943,138338
58cca7b26b0cfe72,110398,100477584,136994,110312,100501190,136994
58d238921224ba97,15578,5656256,143239,15491,5682616,143239
58dc8609d0a804ab,98913,89014421,138253,98818,89024637,138253
58eb66bcc7421e69,30997,21093597,138081,30910,21103953,138081
590e9ee194221b80,112077,102177049,136936,111986,102186738,136936
59135ee81dcd58b8,46739,36833884,139153,46646,36843858,139153
592813e0fbc668cc,72672,62757573,137459,72589,62773372,137459
592bebc03438a0d6,108248,98334012,136053,108162,98350193,136053
59475d046f8e2a3a,69867,59953986,138796,69784,59966792,138796
59690886e117eafc,38922,29060048,341719,38871,29085873,341759
5970ed708b010ce4,24966,15052034,130892,24879,15064983,130892
59896a7d05e986f8,44332,34356948,113987,44340,34429960,113987
59897782d242a72b,63830,53892079,128666,63779,53928258,128666
599553a187b2ab96,43053,33153455,138471,42958,33163686,138471
599f6d14d99c33ad,65394,55452281,129404,65350,55493231,129404
59c2c2a6f6770644,27952,18053226,138052,27854,18062928,138052
59c554fc73c21261,95281,85394012,137405,95193,85404467,137405
59c680c491c39df1,46130,36199019,129661,46084,36228041,129661
59d968334b582792,100490,90574372,138930,100404,90588969,138930
59dd9a9a1a041d88,117917,108014002,135297,117818,108024521,135297
59e8adac932ea97e,108663,98754248,137196,108569,98763813,137196
59f481f32d550d9e,117254,107357588,137421,117165,107367064,137421
5a11d8cf7a0e3938,23309,13416619,103835,23254,13430816,103835
5a430870f828de29,80125,70234151,138163,80033,70244923,138163
5a5f73beb90fb798,54474,44556957,138573,54391,44573680,138573
5a73f4b7b82a9487,87511,77594309,138897,87425,77611069,138897
5a76acef84a80d88,10605,713642,139253,10512,723971,139253
5a994bbf8dca945a,100336,90437760,138660,100244,90447229,138660
5ab8ebcd72144310,20308,10391537,129118,20226,10409625,129118
5acb6f549ae1f643,118323,108414105,136512,118235,108425000,136512
5acf00745ef339eb,35657,25753342,138047,35571,25764008,138047
5af8ebea1f6bd284,50796,40877088,137821,50711,40895862,137821
5b0a5f45846f299f,31308,21376116,141552,31247,21407362,141552
5b1592fcf9af1a98,89109,79193940,137964,89024,79208894,137964
5b15a130cbd356ce,112362,102437484,137817,112280,102461899,137817
5b1afb95937a9fe9,91781,81860304,130835,91738,81879965,130835
5b381b0bf5cc9e4d,99005,89097917,139618,98906,89107599,139618
5b555f37cb44fde5,60069,50134443,130483,60003,50171576,130483
5b55f86e8fa8c49f,112845,102854789,127189,112847,102943025,127189
5b80230b97094d6d,59782,49857995,112312,59723,49879353,112312
5b9ab86f59448d9f,117194,107297361,136422,117104,107306694,136422
5ba0e0251cd9299b,115357,105437205,136292,115270,105455777,136292
5bb2b68d5b6ca724,84851,74914340,129225,84789,74950241,129225
5bc227c4240a9744,64620,54700068,157070,64534,54720929,157070
5bc39a98c24f8d62,53074,43157167,138270,52986,43173347,138270
5bd288fa2407dff3,113113,103166236,137796,113048,103212242,137796
5be7ec088fba6e72,76176,66277466,139184,76085,66287233,139184
5c21efd69925ed58,76300,66414320,140951,76212,66424158,140951
5c250fa3f19d296c,70830,60938346,106836,70786,60954681,106836
5c25c0cf748cc4b4,33458,23531819,129781,33391,23557092,129781
5c27f5831809d581,105588,95654802,129014,105531,95686945,129014
5c38df20c9f80dfb,59009,49093916,139001,58926,49107469,139001
5c580c17f7b41c70,23585,13653221,138724,23525,13683887,138724
5c5858879f9d7962,107614,97677163,136680,107557,97713037,136680
5c8cecc21a8d717c,34034,24117063,138220,33948,24133405,138220
5c94cb202cb72ad1,35387,25453399,138260,35326,25487041,138260
5cbb37365acf58af,73815,63903162,154929,73728,63919909,154929
5cbf77e2ae566c64,85151,75254254,138226,85063,75269971,138226
5cc1eac2133659fe,20874,10972441,131116,20775,10981468,131116
5cc509550d11f65e,80063,70157470,138971,79967,70166947,138971
5ccfe819a7e41f2c,47423,37517110,138326,47329,37527545,138326
5ce87ad29b46d58e,103649,93694401,128591,103605,93747687,128591
5ce8807d2a4894c1,93849,83914498,129873,93787,83948044,129873
5cf356b4c4f88078,90191,80194713,128988,90128,80290110,128988
5cf3720eb2e541c4,80497,70574182,129969,80408,70595291,129969
5d1601d5abfd0bad,76871,66932749,131505,76814,66969881,131505
5d22426f15919e6b,42796,32853552,138321,42733,32894752,138321
5d404350ce983967,51023,41114160,139715,50935,41124988,139715
5d899b09ec4a3566,21251,11341088,138870,21163,11350829,138870
5da1b6b2c71d8290,95938,86013180,130738,95886,86037119,130738
5da6ae2de80a078e,55500,45613940,139299,55413,45624221,139299
5dc2b0fee1844638,33818,23916749,138446,33724,23927305,138446
5dc49a473dd7ee30,70062,60154018,139823,69975,60168918,139823
5dd8ae7245e004f1,95712,85779398,132012,95668,85811814,132012
5ddb20be0254f84d,109060,99154209,137730,108974,99164804,137730
5e05ca8137e60e49,67307,57352290,128533,67266,57406053,128533
5e156bc7dce31450,109736,99797002,136951,109680,99836087,136951
5e20fa33fd069d6e,46768,36873439,137892,46672,36883953,137892
5e30c5605c14bbba,81507,71592664,129859,81420,71606376,129859
5e3f4828ed965e3a,92363,82454161,138431,92277,82464480,138431
5e5d9e759ebc0ac9,12329,2397518,140661,12260,2428413,140661
5e76a0ebbecde553,31983,22093552,138897,31896,22103113,138897
5e7adaf71ff8a6a4,111383,101494272,136658,111299,101509723,136658
5e7bd35971e0cd97,79879,69955255,132004,79790,69977821,132004
5e7e56670e1cb547,61361,51437189,140060,61276,51461023,140060
5ebb094749d3cbc0,54741,44853768,137927,54655,44863744,137927
5eeff612debc331c,57674,47757433,139483,57586,47773712,139483
5f05020a4ee18800,70220,60313947,139624,70127,60324994,139624
5f2bd8a50cc3eaac,66716,56814119,139391,66625,56824239,139391
5f2d12824603bf3e,95126,85217414,139168,95033,85227179,139168
5f3eb4658bc95639,75865,65954229,139474,75786,65968109,139474
5f56084d4840fbf1,103775,93833967,136290,103726,93873835,136290
5f6c3f3e3baf19ff,80094,70194036,138664,79997,70203487,138664
5f7bd22925e420f6,72918,62993219,132760,72875,63027027,132760
5f882574e075df2d,98381,88494357,137826,98293,88505139,137826
5f99961dc9486156,66625,56732552,129750,66531,56742838,129750
5fbd615b8b728e09,69835,59916901,143116,69753,59935034,143116
5fbe953b8abb0897,42518,32573696,131004,42478,32616818,131004
5fcc5261e8972830,56346,46417127,137810,56271,46444624,137810
5ff254e36c41a80c,89911,79975187,93954,89878,80007597,93954
6012d0427afa788e,110823,100871229,134713,110778,100922527,134713
602de504bd886d29,85957,76056961,141513,85863,76067713,141513
6035eff7708a208e,92509,82614287,138410,92416,82628925,138410
60644af174a20200,90248,80274088,138328,90177,80347203,138328
6065e25051f7a112,28325,18413504,139028,28242,18424897,139028
6096f4653abf4a7e,68789,58874724,139819,68701,58890086,139819
60c6f3838658fe8d,104466,94553676,134631,104379,94565646,134631
60cb656737865687,68355,58454036,139506,68258,58464784,139506
60cbb98de06a6c10,16216,6273935,130301,16155,6315435,130301
60cecb910bb79cda,40095,30176784,138266,40006,30194640,138266
60e6ce4ddf89fda9,61836,51903640,129721,61782,51934509,129721
60eb3f6920327e24,81572,71665668,138981,81484,71675288,138981
6108fd2fef853038,112654,102745012,111869,112679,102754388,111829
6114ae477911e7bb,69965,60053901,139075,69881,60064538,139075
6121966f10feb0d9,90623,80720798,156722,90521,80732738,156722
6143432ee2ede037,104045,94134100,136322,103967,94144229,136322
61456a04d5bb2b5b,41828,31913055,136048,41742,31932179,136048
6148955fd197b441,24633,14733006,137006,24537,14744544,137006
614a1fdd70c240af,39604,29693800,140496,39517,29708178,140496
6179ad7171ab07f0,113691,103777659,137245,113608,103790402,137245
6179bbec8f03d2b1,78478,68557508,139596,78390,68577677,139596
617f2d1415c8200b,104875,94973934,135506,104776,94983825,135506
6192224ab3dc67da,111004,101074011,136160,110939,101103118,136160
61b952cf8f197fa6,39369,29433803,140451,39308,29467762,140451
61be23e999250339,64686,54773625,137611,64599,54785022,137611
621935fa4fac68a2,9959,38550,130419,9910,58116,130419
621fb1d910bea4fa,78651,68758650,105269,78603,68775060,105269
622d2350ef26bd3a,16187,6251944,129919,16128,6286377,129919
623721608474455a,44423,34420248,129687,44417,34522906,129687
623e1635670eb41f,99347,89434619,140978,99261,89446424,140978
625fb84a8dc8e766,108539,98634196,136284,108448,98644118,136284
62641f17746dc516,32707,22811886,129025,32615,22820906,129025
628ff20cc5847748,111205,101296725,135149,111114,101306745,135149
62a68f08b225f51d,50225,40292007,129600,50168,40323649,129600
62e2f3c559086e1a,51212,41296977,137945,51119,41310686,137945
62e6428e7843a229,42210,32296992,137997,42118,32310153,137997
62eeb8e0a1fb1392,79687,69774226,139741,79601,69786442,139741
6305902420d26bfd,15203,5297328,141878,15107,5307819,141878
6323bb3c5713980a,15936,5991305,128101,15892,6038963,128101
63249eab653f96d8,25269,15380321,123728,,,
6345f6da1a1a7e49,117045,107134258,136350,116957,107144899,136350
635176f0f2e1122b,89975,80015011,114424,89938,80073450,114424
6381584a142dacc6,61649,51779524,339663,61592,51806347,339703
63bee988f4a31e79,21282,11441287,342695,21251,11465419,342735
63bfd85dfc8e4ed0,32075,22157076,138800,31988,22174333,138800
63cf1ec84446cfbd,84912,74992540,129321,84847,75011680,129321
63d1f940e0029c1d,65933,56037083,137852,65844,56046992,137852
63e46f1821baa7f7,110729,100794885,128542,110689,100827027,128542
63eaa4d5077cec0f,31621,21713645,138125,31543,21723369,138125
641069f962f44658,35099,25179552,131905,35046,25197796,131905
6439cc326f85939e,52338,42413273,136723,52272,42437279,136723
645e8dc6465da22c,57578,47656813,137998,57491,47677597,137998
646545f5332e4f41,20905,11011759,130321,20810,11021448,130321
649d1f304f36ecc1,37528,27613672,139417,37451,27627407,139417
64d0f43761919a0a,86843,76912846,131709,86785,76942424,131709
64dc21e5838ddea7,117886,107977215,137289,117788,107987008,137289
651699d1c11acc3b,11262,1356982,137714,11172,1367850,137714
6519a7893877d5db,84595,74659113,115189,84541,74693150,115189
6540bff4b930079c,109158,99254147,136012,109071,99265076,136012
6540e5509b2ca290,46797,36896842,138663,46704,36907037,138663
65457540d1da4392,57235,47333874,139081,57137,47344566,139081
65862a538af6fd02,80611,70718550,99767,80568,70735038,99767
658ca96b0632ce9e,41926,32013449,137967,41839,32025664,137967
65a18a1435323d24,112426,102631966,386895,112447,102662200,386935
65ade8fe1da6310d,26175,16257061,138732,26063,16267460,138732
65b6ef2b3b67c00c,15111,5213497,139985,15018,5223373,139985
65dcadb3b53ae318,23859,13933942,130664,23778,13958220,130664
65e4878cb4ac942d,99951,90017934,139286,99888,90049986,139286
65f52b0ef4fc9134,40437,30536846,138546,40344,30547231,138546
660f81884db7e711,17778,7857798,131627,17718,7880111,131627
662860e1e178a667,25641,15712029,129799,25510,15721283,129799
664642ee8aa9a21b,14346,4416730,138093,14271,4444797,138093
66634acc3fdd78cc,102824,92917916,137823,102730,92928055,137823
66693a4bdef964c6,39117,29172302,132105,39070,29215858,132105
668a5420d444a226,20405,10495763,153527,20323,10507608,153527
668e5a51f879e32b,32585,22676973,138662,32486,22687713,138662
669588fe92c5fc52,70782,60920495,349916,70732,60947133,349956
66a2f0ba771ff750,84660,74714554,129738,84605,74758362,129738
66be69728e1e3e06,103417,93560639,344122,103371,93586099,344162
66bffa1f75b8b817,65002,55091460,138408,64908,55102104,138408
66d9b338939beb8b,107205,97294028,136129,107126,97304579,136129
66f9ef916fd9dc82,85519,75614102,137178,85433,75624988,137178
67118d28b04590f7,65363,55412233,129786,65321,55461458,129786
6719a2e7ec67d1b1,45472,35555891,141273,45379,35572095,141273
672773de217bcbfd,70436,60535133,132859,70343,60544427,132859
674846e537d5acdd,15546,5632034,132094,15459,5647520,132094
674f616564bd5554,21522,11561446,94410,21493,11619075,94410
675deadcd7a2fa2e,28101,18213398,138133,28016,18228601,138133
6770f88723e97167,35050,25157271,103166,34996,25172345,103166
678b4c2b2e6b13ef,59547,49653599,137479,59453,49664252,137479
67d914459e29e2fd,77091,67155170,132221,77024,67190268,132221
6801dc04cf91cf12,48231,38293696,129645,48168,38329452,129645
68027393f388e4a7,16095,6151983,131711,16044,6193476,131711
680b2f385320448f,76421,66514117,139986,76313,66524751,139986
681578e6003b5299,30218,20296486,139073,30132,20317528,139073
6847541bd8d7f1c5,72143,62232693,131155,72049,62241955,131155
68580d7ce5cb15d4,15296,5396214,142647,15203,5407417,142647
6875808738fb4339,65728,55813718,137570,65650,55827255,137570
68a82ba2e238c3a0,115679,105774309,136821,115588,105784554,136821
68af4a2fa216e166,22926,13034102,143753,22833,13044460,143753
68c525c5aba01d61,94525,84635104,141349,94442,84646179,141349
68c5572884319b9d,44536,34554231,141762,44505,34635313,141762
68c63c4af6a00886,32523,22616196,141824,32422,22626077,141824
68cd7d5bfb50a61f,26337,16416752,138512,26224,16426717,138512
68cfe2cd3ad367e6,55943,46000925,128506,55893,46041979,128506
68ddbefd033a216f,65033,55145386,138041,64943,55155111,138041
68f348bb4d18d4d8,115551,105637116,153730,115463,105650875,153730
68f3f800037a92cd,37916,28004588,137736,37835,28020029,137736
69027f386bbe7ecf,58292,48377096,138481,58212,48391827,138481
690ab0738268c884,62540,52654109,139516,62453,52664270,139516
690bbe62f0b36035,44300,34337584,113055,44312,34398048,113055
690f3662842f7135,69592,59692654,131207,69497,59702768,131207
6911d9e644cda4a8,42581,32630591,131966,42539,32679959,131966
692f22fa91f5f947,29736,19813150,137038,29657,19835093,137038
69461e33736ce227,75193,65273812,137915,75144,65305077,137915
69724b584fab9f6b,20102,10193469,139686,20015,10203787,139686
697ee2edd8f219a6,68139,58232856,131645,68049,58243259,131645
69911512baf6956e,98502,88577438,138347,98416,88601195,138347
6999caaeb9e2e631,41861,31936284,137658,41775,31964988,137658
69c1512db732b1ab,46322,36374541,130308,46271,36421493,130308
69e4af6f4d987abb,47332,37417262,139441,47242,37431367,139441
69f3c807b8e22d5f,13910,3976568,129611,13861,4009177,129611
69f54e914caf0ecc,110431,100514613,136603,110344,100533706,136603
69f88a561108e28a,49469,39573392,137554,49377,39583825,137554
69f9e7458d7d16b1,94844,84934083,137518,94755,84944385,137518
69fcf233a6b65cab,100012,90077564,138416,99944,90112050,138416
6a0dcc004e4a6069,53262,43353707,138855,53169,43364049,138855
6a233d25c1d12bbf,96061,86134928,139760,95999,86161051,139760
6a37c2be56b5a7a7,43956,34057411,139370,43864,34067567,139370
6a4f81e0f7a8c78b,15903,5958462,131816,15859,6006169,131816
6a59fbf818cf6f26,33332,23394107,130821,33270,23431249,130821
6a5c92b0253ddf4a,26497,16597073,159417,26413,16608893,159417
6a5efd4034ef7057,109765,99834067,136446,109706,99864807,136446
6a8d72b7ecd8845f,106111,96214112,136679,106016,96224191,136679
6a937012699ad720,77854,67937839,139409,77766,67953985,139409
6ab0eee0264f46a2,82262,72334458,130899,82175,72360593,130899
6abf826b9d46cdc8,68107,58192965,133619,68018,58206195,133619
6ac780744529150a,49126,39213623,138441,49038,39225894,138441
6adb8a03b934853c,70685,60774608,142371,70598,60785472,142371
6aef6033f5bac16d,117376,107457036,135483,117289,107474438,135483
6af75e5eefdec53f,65458,55514815,130610,65410,55557175,130610
6b2c696ed4af4d3e,38485,28593637,137599,38392,28603899,137599
6b2e05e1a0fbfab8,116272,106354095,136265,116185,106370754,136265
6b397367c2c3ad8c,49438,39536770,137319,49346,39547758,137319
6b4a765d59f38959,15789,5896862,105099,15747,5912046,105099
6b4c5b7dc545d765,70094,60177552,139454,70006,60197757,139454
6b5e5691f0846213,47826,37913720,139599,47737,37925410,139599
6b69d7cebdf53ea8,46623,36696664,137581,46543,36722314,137581
6b6c17fde8467c64,111091,101174119,136587,111014,101189887,136587
6b747dffce0cabfa,88632,78734261,138648,88532,78743931,138648
6b75a7e08f90386b,96211,86297812,138010,96133,86310334,138010
6b777aaecb80baab,88237,78277949,138990,88197,78336280,138990
6bae2404a9d5b43e,33089,23196283,102927,33030,23213327,102927
6bbb4d1510b76a7e,67634,57733060,133158,67535,57742567,133158
6bbbde5475cb6a03,119807,109914269,136980,119714,109927071,136980
6bc5291dd9f458bf,106550,96637500,153269,106459,96649866,153269
6c0b7fe54e260042,92248,82317597,138689,92176,82346974,138689
6c682f7c4699fccc,42996,33093402,137649,42907,33103473,137649
6c7d50d61215146c,41202,31257408,137035,41162,31301457,137035
6c9a6a91433ef21b,112232,102314236,137037,112151,102331732,137037
6ca1f9df9c8543a3,53628,43713437,137846,53543,43727138,137846
6ca23e15d6532f8b,83694,73777817,138902,83605,73793526,138902
6cbbc923c91bc984,24571,14655618,128334,24478,14671498,128334
6ccef8d004df1616,52978,43056993,139080,52892,43077521,139080
6cd8db777f5c203e,88819,78905234,137537,88737,78918597,137537
6cda4e3c0004bff6,24382,14473301,137654,24294,14484393,137654
6cdca2a804f5dc74,72982,63052750,131731,72937,63083594,131731
6d058c59413f6bb6,63349,53433324,136393,63263,53452203,136393
6d0788b69f12d2ef,97695,87772625,129416,97635,87793963,129416
6d3296411acb641c,64589,54673583,137431,64502,54687896,137431
6d503d62754b881d,98043,88134504,138850,97968,88145605,138850
6d6d57fb43d67908,88020,78054192,130459,88002,78119104,130459
6d853eab92b8b37e,115486,105574139,136827,115399,105585703,136827
6d8b9c725ba1eddb,38970,29077117,102004,38923,29092974,102004
6d924a4740023845,68171,58255220,132395,68080,58270620,132395
6da0d957bee84e0b,33022,23113581,139933,32935,23129522,139933
6dadb7a16ba2dff4,47640,37753677,138439,47553,37763601,138439
6daf8a7ac1d2b43e,104103,94193716,135320,104018,94203246,135320
6e2c40422e6570c6,103354,93437481,138437,103265,93453383,138437
6e37f63dd64631dc,63957,54014604,130298,63901,54060545,130298
6e3ce87da2b3d9c9,18802,8893472,139699,18719,8905123,139699
6e435d0929650432,20372,10456967,159746,20291,10473379,159746
6e71c44ce740a9bb,78105,68196527,132164,78008,68205625,132164
6e79540d3eb6b7b0,93785,83852779,129372,93723,83883641,129372
6e8ca6e55beb28fe,52848,42933872,139507,52762,42947528,139507
6ed949251d9f04b0,76145,66253990,138476,76056,66263998,138476
6ee8bdd07eb36a66,16721,6796667,138340,16639,6819955,138340
6efad5cfc52a1ec5,43024,33116825,138383,42932,33127558,138383
6f1d15feddf91087,118543,108594407,129097,118498,108645799,129097
6f3006e8d160336c,25791,15873027,137716,25695,15883250,137716
6f447cb753f4221c,75738,65817905,139067,75660,65839444,139067
6f48ba9401739d43,11633,1713029,137842,11547,1732074,137842
6f6c66117cdf6f1b,55828,45935314,100423,55779,45950590,100423
6f8115b5f2866710,65266,55319448,130357,65227,55364868,130357
6f95ce1fa5fdfb95,105374,95499928,343354,105313,95527597,343394
6fbbab6848320410,88435,78513918,137467,88361,78534465,137467
6fd1d82102c148aa,22491,12573599,140061,22403,12590498,140061
6fde7283aa9251f3,76486,66574194,139796,76404,66589069,139796
701540383495b9e5,72703,62793658,138006,72620,62806604,138006
70528754840b0781,98631,88714041,137128,98544,88729803,137128
7052d9b96c5ded67,59943,50012429,130742,59883,50042700,130742
7054244d04dcb0ab,101659,91712885,129851,101613,91761666,129851
7054b8680370c70d,78989,69052974,132684,78931,69087585,132684
707185deb1b83b43,69506,59592818,132939,69420,59604166,132939
7075e654ce0b6314,74186,64294284,140497,74106,64304939,140497
70a0010bab87dd68,82719,72772268,128274,82681,72817487,128274
70b47870e7971502,68692,58775475,132999,68605,58795389,132999
70c39010b0da5ab9,92791,82874418,139215,92708,82894459,139215
7118c10a26614f2d,17630,7713527,139832,17539,7728958,139832
71339d38d14deab0,31590,21673329,138007,31515,21688769,138007
7141096fe806002d,31497,21573398,138667,31429,21597634,138667
714d41502caf673e,83059,73134173,137624,82995,73158166,137624
71577a062c0714a3,45625,35733580,137315,45532,35744323,137315
717e9e7f0e75c4f3,104657,94756831,151928,104567,94768453,151928
71986742aef7202b,50440,40524922,138782,50366,40539674,138782
71e3596584da43c4,58549,48637292,138869,58447,48648409,138869
721703ff2b1300c3,103987,94057045,136119,103916,94086740,136119
7245690bf628de1e,104249,94354079,136683,104152,94363345,136683
724c32079a6fa7b2,107801,97873997,136290,107733,97900527,136290
725c06d18d918700,32397,22493370,138382,32302,22503878,138382
726371bc035f34ea,12808,2893255,138124,12726,2908077,138124
729640f31b030969,22001,12053321,138166,21911,12100707,138166
72b6b5d9eb89f8b0,82878,72934528,141318,82833,72977340,141318
72ca8b6f8b376421,85422,75512563,130453,85336,75523523,130453
72d391cc53b1aa74,100747,90834146,137787,100658,90846117,137787
72d5e55af19874fc,36556,26657187,139633,36465,26667792,139633
72f947265c496c48,84379,74456465,131527,84292,74477439,131527
730321715a7436ff,93752,83819077,132098,93690,83851042,132098
7304164040936a2d,29142,19278879,341268,29088,19302461,341308
730769bbfa616cce,85647,75732722,129005,85558,75746463,129005
730bfc0e8efdc5c1,108725,98819567,135895,108628,98829271,135895
731add3551697753,117978,108077039,136129,117886,108086985,136129
731f5058d2ee4031,26956,17036536,138273,26847,17046898,138273
732c730d05440b49,71891,61974253,140074,71804,61992042,140074
7332aec69c05747c,103838,93897273,137689,103783,93937004,137689
73439f8050c94b2e,95630,85737810,101415,95586,85767194,101415
735553a9788cc1f3,46860,36973641,137755,46775,36987948,137755
735825c13992442a,26025,16133841,141499,25945,16144013,141499
735e14c3f4f1824b,57831,47919927,129158,57768,47929552,129158
735e54e1d1d6f204,77269,67354285,139675,77185,67368717,139675
7362165154d0e3e1,70374,60472995,132839,70274,60482124,132839
738c4a84e92a4693,57112,47196843,137498,57020,47211592,137498
7394fd109d40f295,57081,47173615,138703,56989,47184020,138703
73d086980b019794,53010,43093450,137281,52923,43109374,137281
73d0fbd481c07ef1,77151,67233212,132376,77079,67250897,132376
73e18fc50f33d6df,9909,16545,99864,9860,34313,99864
73e4883b6f7adaf4,46506,36573566,137954,46440,36606220,137954
73eb52ea3c0c3cae,100555,90634536,136431,100469,90653587,136431
73ec3ca00913e8c5,81099,71174267,139797,81030,71197524,139797
73fde7845ec4fcc4,64199,54277495,140213,64121,54298034,140213
7409acbcc57ca268,83851,73936449,141784,83758,73954898,141784
740dc635485ac71f,42939,33016968,138764,42858,33038696,138764
74101ad2dc0adf5a,111541,101633969,134860,111460,101643913,134860
742cc88502117204,62179,52257191,137893,62106,52278824,137893
7437ad71fe3eac4d,67099,57129626,112114,67086,57196780,112114
7479c389abc9e3f5,90840,80920570,138703,90758,80939565,138703
747c0fa9deeba3e5,49878,39973689,138330,49788,39984047,138330
748b876c3daf5227,91649,81734225,138522,91562,81747781,138522
7497d8a942d4c44e,32303,22392180,131733,32211,22401787,131733
74b15a363bbdfdf1,13750,3833294,139451,13663,3848727,139451
74b45cc3de96de1e,96477,86557475,138139,96391,86575892,138139
74c08e755f4de27c,69563,59656998,142753,69471,59666678,142753
74dcd313896914a7,83501,73575139,132199,83414,73599861,132199
74e1f03fa737c6fb,29304,19359818,129781,29253,19402113,129781
74f7e26bc56534f4,43772,33873938,140057,43681,33883722,140057
750a9a9d0e533a1b,48780,38893893,140078,48693,38904371,140078
7523be6b3fad92af,34445,24536846,138364,34348,24546897,138364
752f16c967e36f28,48719,38816912,137705,48625,38826433,137705
7536665ada2e42c6,62385,52494140,138535,62293,52504609,138535
7542de39090f69f0,112298,102377329,152027,112216,102398091,152027
755cc561cbbe3435,83175,73254910,139986,83095,73274471,139986
756a9195bd099f0c,84692,74753223,130649,84637,74791040,130649
758ea0d68e4a80de,68540,58652949,132580,68451,58663007,132580
759f097c0ad30432,31650,21736914,137887,31570,21749195,137887
75a221c8f4039700,101511,91618365,103591,101466,91636382,103591
75ca9f037256a73d,58484,48573647,138077,58388,48587586,138077
75de7a978ff29086,60399,50494282,139004,60305,50504367,139004
75e14ff9c37eba37,40555,30637494,139631,40469,30655018,139631
75eeab8013debe84,12359,2433336,139350,12287,2458792,139350
75fa542e4dad3e21,96955,87057187,155695,96860,87069121,155695
760139bb5393cf37,68201,58292847,132352,68110,58303791,132352
7607694a79b0b40b,53950,44019046,129057,53903,44048824,129057
7643dccdacbed30b,72357,62457217,138939,72270,62467441,138939
7653f9af12e80c50,48388,38472317,129926,48317,38486675,129926
76581e347e3f698f,71578,61677608,139212,71480,61687546,139212
766c09a546220701,88603,78697392,138617,88505,78706926,138617
7680db51ba11f52f,108941,99053895,135925,108853,99064506,135925
768d4289474d90c6,100652,90734270,138120,100565,90750841,138120
769e27cf456822af,73719,63797402,138616,73634,63832033,138616
76ac9477a41a220e,24188,14273366,138527,24101,14287068,138527
76bd3f9988e37f75,48658,38756940,137560,48564,38767019,137560
76be7c5ce3cf1c04,98789,88874343,138439,98699,88892940,138439
76ca6724dbc3c235,26208,16293277,138710,26093,16303538,138710
76e5ad02347fa504,79257,69335391,132591,79173,69356399,132591
76ff1a98bb684307,86206,76294011,138276,86120,76305852,138276
77024850c7781e93,86109,76194107,139026,86023,76208432,139026
770a179d0ce8119f,85927,76033029,131653,85831,76042896,131653
7717e0a487d0e57d,24998,15092298,131753,24911,15101942,131753
77222e120e8628f8,47206,37293560,138494,47121,37305017,138494
7737377fb9584803,107371,97477856,96453,107318,97494536,96453
77744ab0a854af44,45656,35757084,138947,45565,35767952,138947
777b620ca7d4c676,71010,61052997,133338,70963,61109072,133338
777b650e63c56e91,57924,48014283,129456,57860,48023903,129456
77820ea549a696b2,100873,90957799,139994,100780,90972506,139994
77861a43570bdfd0,22101,12176694,139163,21998,12200496,139163
77a8b91d23e1c2d9,94223,84314039,137912,94139,84324266,137912
77a9d52a88df14ab,64941,55033863,139275,64849,55044191,139275
77b2a353f7e83673,50162,40232406,130110,50106,40260354,130110
77cec5bbd65c94de,96831,86917734,139019,96741,86929884,139019
77ddc9373dc566b2,52369,42436369,136659,52300,42468089,136659
77e2facaec6cf576,55376,45473899,139471,55279,45484095,139471
77e603d5eebb017b,100841,90934112,136829,100750,90945111,136829
77e732c728b5f041,75640,65732870,130988,75541,65742279,130988
781f22ae15dfa596,81475,71554967,130590,81388,71573820,130590
7834aeb30d4ba0ea,117506,107593832,135006,117419,107605029,135006
7849103fab449bb3,101690,91753029,129897,101644,91793413,129897
784a1ef4d129eec8,53169,43256970,137889,53078,43268179,137889
78508d28cc34d9db,69900,59994443,139814,69817,60005318,139814
787055d9a89af643,23075,13154939,133989,22988,13173989,133989
7876113fa37e130a,25323,15402135,129299,,,
78965a6c81597365,25548,15611848,130398,25412,15621596,130398
789cee2a4357c723,114979,105054083,135997,114912,105078829,135997
78ac69eecf45b674,107485,97552639,128207,107431,97584146,128207
78f9b74177193363,60489,50593654,137861,60392,50603259,137861
790288b50e12ec7a,86474,76581653,101425,86428,76600047,101425
791e324e2d72ab6c,25031,15114591,131898,24944,15130421,131898
792a51cc23b9e5dc,118259,108336483,135352,118172,108358693,135352
792beab5f7f81712,97982,88057661,139466,97911,88081614,139466
795b440f281f5b9d,24540,14633938,142034,24448,14650293,142034
795e2ccb8203104f,47046,37133270,136869,46963,37145021,136869
7961732013def96a,20843,10933688,130415,20746,10942797,130415
797b96711e354658,49751,39833734,139185,49664,39850132,139185
7992a282ba6e5128,24100,14213474,138412,24012,14223279,138412
7999dfc4511823da,66314,56405427,138398,66226,56415490,138398
79d28d045c1c5ef3,112875,102876573,129156,112871,102973515,129156
7a23dd59a8bc0cbe,11042,1133134,138537,10959,1143462,138537
7a631248b7113fd6,18128,8211886,129972,,,
7a7f870326afc48e,93414,83494458,139191,93328,83514258,139191
7a9d2b03cf9608c7,91813,81882267,129718,91769,81911564,129718
7ab14f27c3a955fa,49094,39176997,139010,49007,39197686,139010
7ab295b28f641859,67761,57874113,138892,67673,57884642,138892
7ab7fc4d57a030f0,45747,35853287,136823,45656,35863489,136823
7acc67989a2f1926,15514,5594050,141573,15427,5613286,141573
7aea1972b97fdda2,89202,79294331,138958,89114,79304850,138958
7b12c5b84db8b5f0,85773,75874183,138022,85681,75884810,138022
7b13ead987540250,70718,60797587,136239,70630,60818135,136239
7b31cfb8bd95043b,63197,53297083,137689,63105,53307662,137689
7b3f47b79e042dfc,116367,106453868,135088,116278,106465475,135088
7b48670004927487,82999,73056619,140740,82942,73098695,140740
7b7b5be3dbf5b4bf,60866,50953949,139981,60778,50970218,139981
7b8a8a6a8d35a34c,100276,90374205,137304,100180,90384457,137304
7b8dc183cacecfb4,14404,4493300,139650,14323,4504229,139650
7ba296cf5356a649,84943,75014561,130429,84875,75042708,130429
7bc63b0bdd970393,97761,87832813,129887,97699,87859057,129887
7bc6ca6d3103f027,100904,90994596,140337,100810,91005248,140337
7bcd847b0ae6666d,101818,91872632,128947,101765,91917494,128947
7c09df0647234106,51641,41733719,137517,51555,41743511,137517
7c1124938540a498,19816,9871898,131000,19778,9914893,131000
7c1f01b81c2e9ac8,91681,81821165,353645,91634,81848477,353685
7c1f9381e7ae675e,94433,84538274,140541,94350,84550313,140541
7c288a1a3fa05bbc,61900,51953775,128989,61845,51998466,128989
7c63033326d723fb,30440,20533559,139136,30349,20544396,139136
7c6f26c246e53c34,37499,27573886,140808,37424,27598076,140808
7c8d68736699e351,58976,49057508,139229,58894,49075309,139229
7ca45ae8ebba1e02,59171,49257263,137843,59084,49270458,137843
7cba5c26a80333d2,65845,55936818,136977,65752,55946832,136977
7d0959dfbb306341,90513,80594220,138817,90408,80612721,138817
7d34c01390241788,29400,19451937,130110,29348,19499067,130110
7d35f9cf7bb754d7,24286,14373388,139435,24199,14385313,139435
7d3f1677c74cac4e,63260,53373987,138270,63173,53385114,138270
7d4372537c2c16f9,100934,91034287,139110,100839,91045668,139110
7d5ea5e2dcbc6d8e,105115,95195680,138359,105029,95214136,138359
7d6764698a71cd35,76691,66798780,104077,76636,66813091,104077
7d7292364779c2b5,60222,50296799,137696,60145,50321224,137696
7db495481569452b,29588,19653295,138423,29524,19687241,138423
7ddc0ff597b9ea27,44666,34713788,139463,44601,34765922,139463
7ddf643e5013f000,117667,107754282,136824,117577,107765687,136824
7de465b1fe31c105,17133,7232950,136975,17041,7243267,136975
7ded7b8947b6aee5,66685,56790113,138100,66594,56800728,138100
7e1594e4cdebecb5,107331,97461694,345512,107273,97487824,345552
7e45f767a8523b24,47954,38078243,336947,47889,38104186,336987
7e4a6e2a573c17df,21649,11643955,130097,21611,11748071,130097
7e50b11d661a0648,66000,56113972,138222,65913,56124410,138222
7e5135dd43032cc0,105872,95953986,136636,105799,95970889,136636
7e54e1f301c02a3f,74816,64881024,118897,74793,64971505,118897
7e7cef372477d88f,107892,97974374,137315,107815,97991421,137315
7eca172ec62f46df,70880,60958177,117061,70835,60977971,117061
7ecf42ccdd6b223a,96799,86894215,138312,96710,86905046,138312
7edd494a26b030a7,117409,107496824,152011,117322,107508456,152011
7ee5151987e47455,28860,18973653,138895,28773,18984383,138895
7ee7fbc1fb6caaa8,48134,38194268,129732,48074,38234690,129732
7ef5f406c91ad07a,9991,60483,129510,9941,93392,129510
7effcb80b619250b,73972,64057406,138477,73881,64073118,138477
7f26948d565404c4,107419,97499645,128894,107366,97518282,128894
7f2af81e7b758003,68325,58417859,139634,68229,58428379,139634
7f38b1029e979f3c,58704,48798815,136804,58605,48808597,136804
7f876dcd8836aaf3,94403,84514544,140032,94317,84530283,140032
7f8dba0ee80744dd,78733,68800868,131903,78685,68832071,131903
7fe78c94e863b938,14521,4616737,139049,14427,4626608,139049
8024cde6c0b9a4f3,109854,99934123,136873,109785,99953769,136873
8024d9228a5309e3,78700,68778540,117450,78652,68798470,117450
802d3b5261ce6e74,56794,46880822,158633,56708,46894351,158633
8046f24df621567f,26273,16353540,137292,26153,16364438,137292
804c160976e60e65,65201,55277891,113329,65162,55299087,113329
805125fc27fac909,35627,25713196,136699,35544,25727224,136699
805efb1b13dc4f95,96092,86174410,139408,96027,86192072,139408
8062caa4c3a8fb5a,112046,102153938,136568,111953,102164774,136568
807411f09e89797b,30250,20333578,139083,30163,20349176,139083
807d81c205071d95,109254,99336971,135883,109166,99353981,135883
80876c408fbc0978,100965,91057770,139184,100869,91068144,139184
8095080b325e9105,26836,16936617,138379,26758,16953835,138379
80a08f57438f9c45,12776,2856662,138417,12695,2879078,138417
80bb15dbbd5ac164,41170,31234350,141804,41132,31270107,141804
80bec38f1bf4608a,106391,96481106,178074,106304,96493019,178074
80d1c32364a9d8f7,109451,99512553,127059,109411,99549430,127059
80d94c47f865c867,115614,105696837,136569,115525,105713269,136569
80e6d42fd88c5910,46292,36352539,131049,46242,36390157,131049
80e9310aa6b21d8c,108570,98665380,137300,108478,98674992,137300
80ee3341b2c73570,40158,30253759,140012,40068,30264347,140012
80f7a3be4dad8190,26714,16813246,138025,26636,16824352,138025
81000bb5a9c07676,78136,68233002,132727,78038,68242537,132727
81025b9d89ed2bde,81273,71372987,130997,81183,71383277,130997
810e1887f6303808,28041,18153445,139852,27955,18163919,139852
8113a8b8c5ce3707,24221,14304035,139074,24134,14320110,139074
811dc3638b7aa25a,28358,18436837,138099,28274,18457928,138099
8120dd254aeeaad8,12388,2473416,137486,12313,2487614,137486
8130578d536e2805,45533,35633414,137645,45438,35643301,137645
8130a81649ba7d36,38858,28936942,138831,38771,28957743,138831
813f39bc053b2ddf,67496,57574078,139190,67417,57596228,139190
8148c3b0b7c26cd7,29368,19413695,129546,29316,19466323,129546
814a1118fcec1444,54175,44233888,138806,54120,44275471,138806
8185fbb4d07de0c0,10517,613281,139169,10432,623013,139169
818a287c02ecb353,48037,38117115,130100,47977,38135240,130100
81d228921667f653,94907,84994710,140978,94816,85006784,140978
81d39c9ee579cdef,112932,102930006,127071,112916,103030698,127071
81e0d32df0b88a54,49718,39796647,138181,49632,39817827,138181
81f00c72bca07edc,113348,103453967,135480,113252,103463599,135480
82217e908631949c,111638,101717383,137046,111556,101737384,137046
822e79d8a5385c7e,65489,55552228,129442,65438,55587017,129442
8243342c7da61ae1,36278,26373513,138828,36189,26388672,138828
82563863901c3855,19876,9933196,138227,19828,9975184,138227
825ad3b6f541950d,64500,54613974,139220,64412,54623728,139220
825dbb6872a0f8cb,89014,79094310,138008,88931,79113290,138008
8266b9c4de6ae854,109643,99696825,135366,109595,99741842,135366
826d882f77d9aef2,70125,60212700,131888,70036,60223980,131888
827152b1c921f1d4,112141,102257652,155944,112057,102269346,155944
827d4dc224e6367e,102380,92457351,138582,102297,92479367,138582
828674e7c5c56c61,84563,74639717,114129,84510,74661770,114129
8287abdeac105dc1,63013,53114150,139045,62920,53125569,139045
829cf532d2cc4108,22240,12353188,137734,22151,12363080,137734
82bc3ad5ef3f5f0f,20275,10362016,157713,20193,10380481,157713
82d816d1baad7980,24602,14693608,139974,24507,14704060,139974
82e3f9128c0f69b4,101367,91454271,138744,101281,91466772,138744
8304143f819a4419,91285,81372862,129966,91191,81384278,129966
8308c8b4fb902a08,62791,52885854,140874,62704,52896638,140874
830b456d6e274834,98469,88554099,137502,98383,88568151,137502
830cb168055002bf,86781,76834766,130020,86727,76880367,130020
831c8138a6f0cfa3,82970,73032897,132028,82916,73068811,132028
83573b9cef5e6d7a,61023,51113741,139360,60929,51124324,139360
837c664817a943a4,76454,66537783,140225,76371,66556397,140225
837d6f56c71cb864,53822,43958801,338725,53769,43984696,338765
83c34368ebe00197,77446,67553756,137138,77354,67564194,137138
83de4a43f598f8f8,25762,15833139,137984,25663,15850190,137984
83ea6b870ccdca71,114920,104976890,135624,114859,105019801,135624
83f268cc57ce39b4,73322,63412691,131606,73250,63425728,131606
8414f90c98f56ac2,110301,100398348,159253,110215,100409782,159253
841a83519fe7d0b4,13555,3636304,137607,13469,3653862,137607
84208d2de774ca54,14793,4880195,158311,14707,4892567,158311
84266ab4fbab3a77,33301,23372021,130592,33240,23399553,130592
8444ad8daa0444af,65815,55913699,138115,65726,55924320,138115
8457f0fda4c9eb39,43360,33436583,138194,43280,33460038,138194
84808255dd3c33ac,30153,20240135,157278,30067,20253439,157278
8481567ecf195014,115956,106056850,135426,115864,106066781,135426
8483e0ec4cbcd562,64373,54473905,139013,64277,54485072,139013
8487d039741a584a,93670,83777454,101159,93609,83793535,101159
84a49cea3d5aeedf,117075,107174148,136028,116985,107184804,136028
84b9648280214bbf,61523,51614089,138442,61435,51624097,138442
84f276e8cd585b6e,87638,77717288,137320,87549,77737361,137320
8509e1b20f4b6ac5,25732,15796205,137522,25631,15818570,137522
8516eccff8291b00,27054,17136910,138993,26945,17147146,138993
8520e90bef7c3b09,12300,2373766,142438,12233,2399363,142438
8522776abad658b5,114128,104233951,135453,114036,104243884,135453
852ad4bbeeaca644,48103,38172390,130581,48042,38201818,130581
852ff7e44be9b3e7,29794,19876934,137718,29708,19893258,137718
853bdac4db00349d,41385,31453499,138519,41328,31488728,138519
85739bdd5c4c5fb6,16600,6713258,137987,16516,6728361,137987
8574a1ccce826cfd,62238,52317107,138368,62159,52341961,138368
85bf4f9b9c9e6d6c,102087,92173938,137001,102008,92187034,137001
85c3d8d57cbf9d54,76582,66674074,139378,76501,66686228,139378
85c829e54f0ba15d,117016,107097173,137155,116931,107115955,137155
85cebe4f8a1d1f8e,64315,54413631,138201,64224,54424004,138201
85e4f561b78c51fa,111354,101456629,135278,111269,101471139,135278
85e6248e07f6642d,105621,95694284,138089,105563,95720517,138089
85f499ba8052ff29,80367,70449646,112636,80279,70464565,112636
860fbaabf23f848f,34414,24513510,138944,34319,24523876,138944
8623daefed439c13,82045,72153893,137984,81953,72164193,137984
863e8d1777b0e5f9,95187,85294319,139219,95094,85305051,139219
864b85c14b535252,10429,513381,139394,10354,528593,139394
86711de45bc5f8f5,31210,21279507,130960,31150,21309402,130960
868a7b1c83e2de6a,98944,89045573,138732,98848,89055362,138732
868e0c80c1867b80,24007,14111622,129545,23911,14121420,129545
8693e34a5434a98c,18159,8233777,129729,,,
86940f07c6df56b9,25517,15572099,131042,25384,15582045,131042
869a1ff5cac6e7c6,101118,91216571,141414,101025,91227083,141414
86a1ff4004058451,111475,101559518,152476,111395,101580470,152476
86c6bbdaf9f5e0a8,43803,33897702,138854,43710,33907729,138854
86ca938e287ae700,12564,2656669,139590,12470,2666997,139590
86edcfcc3014b118,99889,89954753,141561,99832,89988747,141561
86f0099ed374bb85,56375,46453643,137940,56297,46474189,137940
86fa7ec72c17248a,76741,66818593,117461,76686,66839101,117461
86fbc77ef812dc95,35009,25139978,343447,34950,25165238,343487
871bf21602d66d24,104531,94614393,137152,104443,94629164,137152
871bff8aa50aefe3,62149,52233910,137437,62079,52248378,137437
8727750b2ef8609f,29495,19553265,137857,29438,19594255,137857
87398925ca8b58ec,37674,27773172,136777,37582,27783153,136777
875bf331eb478492,104132,94216916,137376,104044,94231122,137376
876bbe958b9bd11d,36713,26792232,131594,36631,26811469,131594
87875ea07511fad6,83204,73294307,140172,83120,73304488,140172
87c347b014125dbb,89417,79522316,138121,89331,79532389,138121
87cf715f145c980c,41356,31416694,137916,41302,31460093,137916
880d9d9b6253b25c,80432,70514883,130345,80344,70530888,130345
8816a782848b9898,17009,7093903,138983,16923,7108563,138983
881cb63855c524ae,119269,109354245,136832,119185,109369052,136832
88266eea092e40f1,67946,58036974,156767,67860,58049597,156767
8832f2db2656f295,101237,91317897,138791,101152,91336336,138791
88333894fa791184,70653,60732879,131659,70566,60751921,131659
885514c9dbaf9f28,95248,85354291,138140,95155,85364462,138140
88823892660be4f8,97109,87217315,156747,97017,87228682,156747
8897c0e9637d9f4e,15481,5557231,140758,15395,5580675,140758
88bdee04ba3365c7,112394,102469689,136020,112311,102493916,136020
88e55de3f5651559,13128,3213100,137694,13042,3227326,137694
88ec354bbe06f5d2,79783,69876122,150507,79697,69887812,150507
890add42f59a1dc2,119776,109873991,134530,119680,109885293,134530
892a4c8803c8a3be,38046,28133397,138394,37964,28145089,138394
8933eb3317e3b3c2,103519,93598952,130693,103478,93618317,130693
893adb140a5417d1,109611,99673991,135840,109565,99710535,135840
8954d5935b1b33b5,29464,19515771,141503,29408,19562890,141503
897ec06418b58f40,11416,1516780,139168,11325,1527336,139168
8985c3d44afd9a03,93543,83634229,137391,93455,83649860,137391
898cddbe8b725fc2,34567,24673509,138853,34472,24683058,138853
899cc6e95518aaf4,100366,90474107,137479,100274,90483586,137479
89b060f3a1c7cc23,20752,10849394,114047,20660,10857489,114047
89b9c33e3904dd6e,41233,31293233,136931,41191,31331920,136931
89b9dd13f55fca2d,101786,91834515,128831,101735,91885024,128831
89dc37a8d82f1103,113376,103477024,136495,113282,103486327,136495
89dce563c20fbd9a,67004,57074468,90664,66997,57100693,90664
89eea3cc19593c95,14858,4936399,138414,14772,4957243,138414
8a6f79f365ae61dd,95466,85554251,138748,95380,85565571,138748
8a783db5ddc43b93,47300,37393724,139347,47212,37405009,139347
8a8940bae84f07f7,110792,100841363,136108,110749,100890920,136108
8a89974101d1dd45,59234,49317324,138595,59146,49334246,138595
8a9e8914c6c10db9,18705,8796347,156811,18622,8807907,156811
8acaab6df0b9ccd2,12534,2633104,137714,12443,2643079,137714
8ae795a45c6bf84c,79375,69474398,141305,79278,69485230,141305
8aeb8cdaaa042ce7,99921,89994424,137915,99861,90020817,137915
8af4869ea1e2b0b6,98598,88680353,136974,98512,88697574,136974
8b0f0fc98dade167,18250,8331898,130035,18188,8356826,130035
8b0f975829ae15d5,11568,1653361,139312,11482,1667606,139312
8b2155371d370f8a,119746,109837374,136661,119651,109848672,136661
8b250f3f0ec2d17b,85357,75437854,139687,85271,75457012,139687
8b32ff6cb70ce82c,105277,95374067,135811,105188,95384272,135811
8b3c8e489d23ea0d,38696,28776821,138216,38610,28795256,138216
8b4718abe1f344da,115124,105212637,127230,115039,105222456,127230
8b7101ef905f30dc,17971,8034549,132345,17908,8070275,132345
8b745b70e1052040,41325,31393436,138240,41275,31428849,138240
8b79ac27ec5ea7d4,18220,8294107,130808,18162,8347816,130808
8b7b70c4ece007e3,58857,48957247,139167,58776,48967844,139167
8b87b61aa908b3af,89326,79417926,140704,89232,79433851,140704
8b99a823667d11f6,47858,37937297,139608,47768,37957059,139608
8bbfe9781518fa4d,114036,104132962,129722,113939,104142482,129722
8bca45917b0efd16,71794,61874715,140459,71708,61893199,140459
8bcb4a08171dc4e5,19904,9973403,138080,19851,10003849,138080
8bf6e7d780a929a3,60575,50657058,137910,60489,50674506,137910
8c026a235641267b,99217,89297951,139027,99132,89318594,139027
8c03848637f60623,111734,101816990,137260,111651,101833430,137260
8c1e547316565f81,82392,72472423,129148,82304,72489954,129148
8c38954d8075daac,20533,10624692,140179,20449,10639037,140179
8c4f15d3f4c64169,90905,80994247,138016,90823,81005635,138016
8c507e963138b6f2,28140,18253341,138803,28057,18267731,138803
8c5dcee8a7639103,58795,48899972,137325,58714,48915141,137325
8c63aad2dab0e54c,63925,53992619,130548,63871,54027747,130548
8c6b3a2b028e0569,42613,32652544,130046,42569,32711748,130046
8c82dad6eb7a74ac,14890,4973845,139446,14803,4988963,139446
8c8653be61b37605,23020,13132334,133085,22931,13142218,133085
8c8a37a2a3219024,55686,45773663,138158,55600,45785411,138158
8ca259ca1309aada,27864,17953579,139407,27775,17963992,139407
8cae55c94d459c70,41677,31776849,138073,41588,31792309,138073
8cb174e6868ea006,33580,23657626,140297,33503,23679258,140297
8cb247b912b68ae8,119621,109714403,137641,119532,109725630,137641
8ceea51ba08b8890,58734,48837170,158678,58638,48851248,158678
8ceefb2f21644165,92189,82254682,140351,92125,82288493,140351
8d208e0fd7e1a1df,16945,7033740,141787,16861,7044970,141787
8d36d137dca8a430,52089,42152261,130489,52037,42187334,130489
8d416bf21cccf6c4,21902,11913889,130416,21829,12001815,130416
8d551a9cfdafe2f5,43925,34033358,137838,43833,34043932,137838
8d5bdf43773d9b82,72235,62334122,139568,72137,62344496,139568
8d5cce9a491c641e,106359,96436938,136552,106272,96457814,136552
8d7c7fc59eb66c2d,15018,5113392,140360,14928,5128474,140360
8d7ff58024925094,51520,41633517,137643,51432,41643939,137643
8d923a3b96812a76,101910,91974067,136875,101851,92010059,136875
8d92a1f55ed9a6f8,110885,100934045,136518,110834,100984319,136518
8d99ec685fa2c41b,16537,6636314,137622,16439,6646135,137622
8dab46536a38646a,99412,89494914,141923,99325,89511830,141923
8dcc99093a786083,65874,55973605,137725,65778,55983511,137725
8ddd48f268fd8498,103322,93413771,135909,103233,93424146,135909
8de36cdcc72bddae,81421,71532868,131052,81331,71542620,131052
8e1b33da410a7cfa,95401,85494342,137934,95315,85505084,137934
8e4c8bd425d070be,37703,27796825,140138,37608,27807059,140138
8e58675bf4d83830,75705,65794456,141385,75627,65806744,141385
8e70c8c29c55101c,15173,5273357,139869,15078,5283836,139869
8e710c1467b499d7,102204,92297475,137963,102111,92307404,137963
8ea775862fbec738,53477,43576906,138032,53386,43587370,138032
8ead28cd5e27b626,110462,100607552,382298,110421,100636068,382338
8eb4a31d3ca96d7f,42388,32474171,111924,42352,32485988,111924
8ed7e9c86926ae44,71288,61352967,132551,71222,61386948,132551
8edca61be6add2f4,49063,39153517,138099,48976,39169940,138099
8ee964cec08e63a4,113441,103553827,134933,113360,103563491,134933
8eef7f7ade0407b0,102262,92374257,137951,102176,92389041,137951
8ef017fa2c2628f3,89234,79317573,138179,89144,79333306,138179
8efb1a785f30e4a5,62694,52780744,137454,62608,52794045,137454
8f138913ebd69385,106051,96154002,136525,105961,96168876,136525
8f2037b1fe7f19c4,86302,76394148,139315,86215,76409309,139315
8f350023a9f6bdbb,111703,101793796,135416,111620,101803706,135416
8f69654b3c94f782,85003,75077661,137051,84930,75103121,137051
8f729f38c90f1baf,33489,23553627,129277,33419,23587730,129277
8f9051d7a5c23b08,51802,41893497,138241,51715,41903978,138241
8ffe605c02710073,48326,38394137,131014,48259,38424979,131014
9039d71325f45c0f,87701,77790119,137216,87611,77801714,137216
906d2d432d2e41f0,76966,67032790,131775,76906,67065717,131775
906ed2fd70b81044,38363,28453687,139924,38272,28463938,139924
907425f81f4c2b29,55094,45176871,137686,55001,45193754,137686
9083fbb8b1dddd7a,60608,50693492,136735,60522,50707403,136735
9093d0073da440e1,93043,83134843,138947,92953,83145034,138947
9094fb01cbdb7d54,30056,20136830,139103,29970,20160967,139103
90b45613ff11af57,106887,96994270,137036,106800,97004965,137036
90b756fa49d76641,49500,39613638,138107,49412,39623669,138107
90b8617b34aa8a53,100779,90874234,137362,100690,90884727,137362
90dbdb400921d1c7,114890,104953918,135527,114832,104988788,135527
90dc2d265b606134,49159,39253524,138591,49069,39264285,138591
90e0d87e4b75e214,102029,92097569,137931,101956,92128452,137931
90e1f91aa1f5b620,94616,84698263,140359,94533,84715264,140359
90f18829d83bb940,19694,9733953,129196,19671,9793294,129196
9113d3832e3e8fd7,31741,21833652,139356,31652,21843430,139356
9140e4280717f259,83145,73217608,139244,83070,73244985,139244
9169aada318bc981,17810,7883447,131720,17750,7912828,131720
917457e2992673c3,106734,96836457,150554,106636,96847291,150554
919d5a31aa4d3a35,104161,94254105,137243,104069,94263701,137243
91af0206d2fd7dc8,25356,15424305,130944,,,
91d80e76c31ea92a,35261,25313520,128399,35205,25360563,128399
91dcf862f09197e5,58579,48673522,137967,58476,48683454,137967
91e39cc6c1763c7e,76839,66895102,131306,76783,66938185,131306
91e434e1b8ff4f64,63075,53173773,138662,62980,53184937,138662
9218d75abd10b82e,45686,35793286,137397,45595,35803617,137397
921aabc59c4508f8,116956,107037472,137393,116877,107054943,137393
922ab70a4e08c91c,66938,57046129,338359,66933,57071686,338399
92496b97bda9a763,73015,63074937,131480,72969,63116451,131480
925352fcfb0da402,94493,84597591,138673,94411,84608029,138673
9263302ec9d5e6cf,78348,68434322,140457,78260,68446975,140457
92679bdd727e87c1,49815,39896647,137829,49726,39914410,137829
927303205ceb583a,85835,75932557,129744,85740,75943552,129744
9273f2f9b68c79a8,10153,211732,130059,10100,252335,130059
928ba401928f0440,46680,36773576,138772,46594,36784481,138772
928da0c07ee24e03,62057,52132100,128918,61994,52155574,128918
92a0e590ab65a99d,16977,7057187,139027,16892,7076722,139027
92ffdfd1eb75aa52,50894,40973335,136777,50808,40993569,136777
931ee623b531a141,104402,94476993,136538,104315,94500675,136538
9325da1fa3d1fd2e,100522,90608209,156545,100436,90622424,156545
93538afb28def00b,25421,15472451,130144,25297,15507575,130144
9372cac38a30eba1,96861,86954089,138163,96770,86964356,138163
938a6562e9dfd2ea,61490,51573903,138477,61404,51589228,138477
93a0d4b2d0706b3f,79169,69253042,132147,79095,69268261,132147
93a1d68130574fd2,72265,62374247,138582,72175,62387802,138582
93a5ac25ee6bad28,114216,104297283,135195,114130,104315043,135195
93a5fa002e599eeb,59455,49553760,138954,59355,49564432,138954
93ce56b12be0fc35,54047,44112251,129141,53998,44146167,129141
93d5adc0ed47ab5a,103386,93473874,136314,103297,93485363,136314
93f3b9009fc95182,67550,57637493,132860,67463,57648858,132860
9419017fe814183b,56549,46653824,139520,56453,46663938,139520
942f22e7436d36cb,52725,42833797,139614,52634,42844803,139614
94792a54a93a9bda,10459,536695,138012,10381,557895,138012
9497a04411fe6553,45056,35152392,183057,44970,35166113,183057
94a43b91858480bc,93227,83334284,138479,93136,83344180,138479
94c6e2aac0b7043c,84065,74174105,138847,83976,74183981,138847
94d4c24d7346b8be,20018,10093422,138719,19944,10117771,138719
94fbe03bbc8a7e1c,97663,87732939,131250,97603,87762208,131250
951fcd6a78bc40a5,26466,16553397,138482,26381,16566714,138482
952fb6183262f834,118702,108774329,136264,118652,108801798,136264
9571b49823abdb7a,93013,83097880,138291,92924,83111908,138291
95738e46835d04d7,99067,89174373,138825,98973,89185026,138825
957bb3ce285e4b9d,15235,5332063,131161,15137,5342265,131161
957d541007120943,109516,99574184,137817,109474,99619202,137817
95f121e510fe0568,114006,104094194,128705,113910,104104055,128705
95f5a6ef07ac9ccd,90434,80494159,138280,90336,80534276,138280
9631925c5f8442d0,80334,70416608,141438,80246,70433343,141438
9633189e95f0844c,44481,34491898,128790,44463,34580463,128790
965bf8e7ec3099ae,99250,89337472,156953,99165,89355235,156953
96902a9e3c8498e8,10088,151453,129135,10037,187384,129135
96923608c7649195,66747,56865714,138367,66668,56881082,138367
96939b8eb8eb0605,118607,108672577,127263,118561,108709151,127263
96a58b92bf55ae10,27658,17733887,141000,27590,17758045,141000
96b40d28ec491a7b,94463,84574223,138809,94381,84584775,138809
96c2d49736dd833f,39966,30053440,138088,39879,30064405,138088
96cc5a4cdef24603,37587,27673485,138758,37503,27686046,138758
96ec4e4e6c3b7483,34977,25056877,138106,34887,25076615,138106
971a9a321df3ffe3,96893,86994356,138173,96801,87005476,138173
973980f073d551b3,26867,16973805,140071,26788,16988141,140071
977859dbde9f69d5,81361,71452031,115298,81262,71460525,115298
977fbd445460c623,101849,91914512,140256,101795,91948526,140256
97809bf2a19e0f7a,30656,20755884,130599,30566,20765890,130599
9781a785009b60e1,71228,61292961,133146,71169,61327134,133146
978a12669c70aff3,13588,3676118,155810,13502,3688844,155810
978ad61552a321d9,40718,30799882,155939,40631,30818734,155939
9797e98243902410,26241,16316733,139111,26122,16327747,139111
97a811d1483d0aa8,116774,106835999,138172,116708,106873709,138172
97d27d950ad6b636,61586,51673601,137852,61498,51685169,137852
97db0adbfbb600b3,53869,43975330,98671,53822,43991928,98671
97e04268fa9f2d1f,17347,7453319,137160,17260,7464238,137160
97e1786660056464,21186,11271492,137631,21099,11284651,137631
98481cecc92b687a,53416,43516990,137272,53325,43527955,137272
984d55a5a93028c0,115009,105075621,127215,114938,105107598,127215
9863ecf0014c695a,31094,21218833,342072,31029,21244065,342112
987371a90939b565,106141,96254129,136049,106053,96264731,136049
98aaf333bfdc3501,110366,100454382,137816,110280,100465254,137816
98be8fae84254c43,105932,96014490,136408,105854,96035292,136408
98c40e1e4d6bf2a6,113496,103583846,177622,113415,103598032,177622
98c96ba1c7fd16f2,85241,75337377,137515,85143,75347678,137515
98ca5aa59168658f,69998,60077491,139391,69913,60096686,139391
98d2e6adcf107070,44641,34676668,137145,44583,34740502,137145
98d64acf7d78fa05,59517,49613833,137898,59413,49623969,137898
98e0eb6aed9409f2,30502,20593418,138136,30409,20603821,138136
98ea6f840e1546a0,82141,72254344,139077,82053,72264102,139077
992a56839dbe9d46,87763,77931688,352304,87744,77958577,352344
992e3ae447cf98e6,34382,24473486,138893,34289,24483946,138893
9939c51566016c65,101879,91937472,136042,101822,91978755,136042
994945e05c4c3756,18428,8533020,137669,18341,8543163,137669
99507c28bda4f1fa,39545,29634160,142702,39465,29645149,142702
99604e96250a8a45,98436,88517722,138092,98350,88535649,138092
99820f160b097855,52946,43033528,138034,52859,43045154,138034
9982b76469f397d7,54205,44273647,138053,54149,44304554,138053
99874f7b40a425f3,83881,73973628,136349,83787,73988102,136349
99a0b954f21a8eb6,52184,42251779,128180,52128,42282109,128180
99e6f3e82f109dfc,65670,55753662,137720,65599,55768896,137720
99f867475a8219ec,25967,16053989,131372,25884,16075162,131372
99fbf86d3d8b0dee,53918,43997236,129431,53871,44017180,129431
99fbfed8304944b9,37469,27533403,129480,37397,27568591,129480
9a0c60da17911ae5,92726,82813853,136744,92645,82830996,136744
9a14ea1523c8aa42,119334,109425653,136462,119251,109438358,136462
9a1ac9d06ebee0d4,67663,57774637,143369,67573,57785185,143369
9a33b11231465745,35164,25232002,129917,35110,25263061,129917
9a3944825783f137,94132,84214425,138912,94056,84231363,138912
9a65f7020e87718b,48835,38917413,139106,48750,38935225,139106
9a6c80bb0dd7ee97,108281,98374379,137502,108195,98390194,137502
9a882b19b4e07878,22361,12457446,151131,22274,12468076,151131
9a994222f59a06c8,52547,42637547,139230,52459,42648254,139230
9aa149fa46ac20d9,119399,109482618,150842,119315,109502389,150842
9aa3e80956beddd7,101594,91660133,131742,101549,91693884,131742
9aa453eb51759c12,66250,56334196,140671,66163,56349370,140671
9ac992e32fdf5195,30314,20397158,139416,30226,20413269,139416
9add090154af97de,58260,48353751,138082,58182,48364206,138082
9afa22bb5433d97a,101723,91774962,130073,101675,91825927,130073
9afb2655cefefe14,85486,75574480,140437,85400,75586248,140437
9b05e3e4b60ac7f1,60992,51076814,137320,60899,51091614,137320
9b0c0ec6b1244e97,10575,673328,138767,10485,685175,138767
9b1069b8acb3e912,86271,76354106,138705,86184,76374790,138705
9b267102e1c70781,80465,70552238,128745,80376,70563708,128745
9b3207b6261fc43a,109705,99773884,136028,109652,99803617,136028
9b431ac84c62f7c1,91033,81112869,130820,90950,81132347,130820
9b58420d82993362,29648,19713615,138171,29578,19746986,138171
9b5dd718c90395de,25192,15276848,139344,,,
9b62c2fc7bb2d57b,32334,22414232,130734,32241,22432536,130734
9b8db84975740428,90102,80111512,131003,90052,80201302,131003
9b8e24fe89c41aef,33139,23216029,116605,33080,23237126,116605
9b8e623ae987ff19,83436,73515371,131307,83349,73535606,131307
9b912dd80c80a50b,99476,89557399,138259,99388,89579087,138259
9c1bb99929ea010b,12476,2556898,139592,12391,2576188,139592
9c219bbd336a0003,78227,68332706,130895,78134,68341796,130895
9c234a012cea2075,25388,15446306,129855,,,
9c2d45eccb293c5b,28455,18536919,139300,28369,18553948,139300
9c46513e6a109e82,85804,75895960,129041,85710,75905598,129041
9c4b6836ec434e01,104997,95097539,138485,104911,95107834,138485
9c4fc96a6751c90b,77629,67714648,142362,77543,67727632,142362
9c73988820cccc38,57018,47113949,139121,56929,47124527,139121
9c7a420d5f5f58dd,51706,41793335,136753,51619,41805565,136753
9c81733e4fb87635,46535,36613702,138772,46466,36635268,138772
9c985bb2274f5acb,102174,92274219,138234,102084,92284716,138234
9ca72f5f2e47814a,48509,38593943,139192,48429,38607879,139192
9cafddef9f0af240,21218,11294977,137666,21131,11317240,137666
9cd30ff92e6d8cc2,11698,1778115,129300,11612,1797100,129300
9cdd79e36fb584a0,16449,6536665,139862,16360,6548286,139862
9ce1e4fe4fa0a506,42485,32551617,130420,42447,32584091,130420
9ce87cc860390ccc,86749,76812839,131116,86697,76848471,131116
9cec17b2de49390e,86238,76317356,138219,86151,76341649,138219
9d0a591d8412ecdb,23269,13399196,341107,23209,13423850,341147
9d3af7d1990987fc,83819,73912484,130107,83728,73926872,130107
9d5560e016263975,12720,2833281,137854,12636,2848315,137854
9d8a2e801cf4f3a6,86654,76712560,130009,86605,76752481,130009
9d93057f0ba5bff0,82654,72723668,129516,82618,72753139,129516
9dac4e0eb2c0d397,83261,73352875,131502,83171,73362602,131502
9dba46ed1c76d526,36118,26196780,138686,36032,26222737,138686
9dbd9334c6eca286,42882,32953665,139236,42808,32980828,139236
9dc730f776d152b1,84126,74234428,139904,84037,74243946,139904
9dcb251dbc9d9197,31529,21613360,138215,31458,21628518,138215
9de73a5072f5af81,19116,9213307,138645,19028,9228230,138645
9dfde1ed3524253a,115183,105277347,135015,115091,105286593,135015
9e10e82bc6c9136d,59424,49517123,137828,59326,49527388,137828
9e1cc194d80404c0,24509,14592033,130701,24417,14611702,130701
9e229a773ef288de,54835,44920009,154900,54749,44936026,154900
9e2d4ddd973382dc,31061,21153147,138180,30973,21163349,138180
9e3056d29fd7a226,14922,5013216,138639,14835,5023662,138639
9e3343b68f8caf8d,53508,43613928,138107,53417,43623687,138107
9e3b13cea54f7f5d,35449,25516604,138995,35383,25548733,138995
9e895d107d08501c,17468,7553294,138862,17381,7567178,138862
9e9cdd565c339b1c,50676,40776753,137850,50579,40787412,137850
9eb66e49bc3ba7ad,112720,102773872,111235,112739,102821067,111235
9ed2ba937f7bafbd,68294,58394297,141642,68199,58405780,141642
9f0364c4a871ec8a,21056,11137388,139554,20969,11155143,139554
9f1625ef5da22b25,91846,81904247,130200,91802,81944831,130200
9f48a00b92516550,26560,16652142,131703,26478,16664534,131703
9f59625481d29189,13313,3413343,138449,13218,3423017,138449
9f65e37942affb7c,91002,81076248,131268,90919,81100738,131268
9fa58e1957c38bab,83029,73093922,137394,82969,73128889,137394
9fa7747e11bb3683,42420,32507427,131056,42383,32519292,131056
9fad873722456f9a,98821,88914480,139452,98730,88925485,139452
9fd34c3cd4652d2f,96359,86457870,138656,96270,86472537,138656
9fe64a5b38a46ba0,54621,44733805,137957,54533,44744087,137957
a0128c818b4c2284,15969,6013148,129543,15923,6067017,129543
a01be1934eee1a21,76389,66474105,139445,76276,66483744,139445
a03c7f80f76573c3,113975,104072474,127035,113881,104081432,127035
a03f6700dfcec142,105028,95137115,152886,104942,95148280,152886
a04ddd385985f552,97195,87275532,132193,97108,87294594,132193
a064b01c893ed841,57801,47898144,128611,57738,47908317,128611
a064e99beb5f34a8,45154,35234611,139491,45068,35253699,139491
a070d4e3789ad994,106423,96515778,145399,106335,96527216,145399
a096502b2e230052,52695,42796726,137729,52604,42806686,137729
a0d828dbf7968654,71168,61232980,131702,71113,61266660,131702
a101464acde21e6a,13034,3116849,137917,12951,3134207,137917
a102ffdd122c2ee5,106197,96277036,135842,106111,96295419,135842
a1147e315a8a9138,58076,48173945,128913,58008,48183749,128913
a117156fc41edf68,10121,173178,128491,10069,219765,128491
a12c11add3e0e69f,28550,18636675,139109,28460,18649115,139109
a14caa44c32080ba,72018,62112881,131745,71928,62122611,131745
a14f85d4152416ab,55030,45114282,138051,54940,45129953,138051
a14f977856777aba,69019,59072716,131750,68975,59118091,131750
a170d1655d39a6ed,49686,39773329,137751,49599,39784952,137751
a19fe91bd4f9fb19,90071,80072992,113799,90025,80168655,113799
a1d6f04a47b0e6e8,34506,24611918,130014,34409,24621013,130014
a1dc9d024b7c3ea1,45717,35816765,139213,45626,35827007,139213
a1e8db8abe7ae563,110148,100254084,136488,110054,100264908,136488
a200dc8ec22e2190,18992,9093718,139762,18908,9104777,139762
a20748cea2d2959e,117538,107634577,136863,117451,107644139,136863
a229fbc74807cb1c,27085,17173689,138957,26975,17183470,138957
a2433f0281a6c9d4,36842,26916032,141442,36760,26941270,141442
a248e0f27fcd525c,12506,2593919,139480,12418,2605035,139480
a24b42ef283b2511,21489,11547231,91832,21461,11585756,91832
a24cfb7e9ffb9b5d,83598,73677567,138193,83511,73697164,138193
a27370b9d3d9abca,59879,49934097,130206,59820,49978208,130206
a2a49399458d57bd,58920,49034010,140768,58839,49044896,140768
a2ad8a57d3966a77,15738,5879317,340272,15690,5904502,340312
a2bacbfe7f5f1c16,40814,30897112,139807,40725,30914098,139807
a2d6dc752d3a557c,87140,77234025,137319,87050,77244429,137319
a2e2f421b69756c6,107269,97353809,135678,107188,97368247,135678
a30a402a8aff9289,114735,104792898,129512,114688,104836620,129512
a3141f7e89591f4d,18066,8133852,130052,,,
a33d4e3812228b04,106795,96897183,136329,106705,96907672,136329
a347deff8e093e1b,33550,23633960,141818,33476,23649964,141818
a35bbae66442b743,30965,21053689,139677,30878,21064555,139677
a3614847c70afd64,51958,42038844,130619,51908,42061489,130619
a386095b9f2876b2,106857,96959796,135628,106770,96969990,135628
a3892709438de65a,63700,53776840,112945,63651,53798143,112945
a437f9e88fe7b307,35746,25853652,138018,35652,25863339,138018
a4782521c24eca5b,42735,32793808,140198,42680,32834872,140198
a48a38ea6918da17,64718,54797078,138994,64631,54816963,138994
a4a839f9cd42744a,16032,6091898,130289,15984,6131505,130289
a4d0b35aadcf40a8,30186,20272961,136435,30099,20284834,136435
a4e98a581b409768,17875,7934471,131604,17814,7976469,131604
a5078c70b0b1ed45,102575,92657630,137686,102489,92677773,137686
a51e62c22d4f36f0,68627,58712640,131444,68540,58726457,131444
a5279dad541581b5,113292,103394446,136878,113193,103404782,136878
a527a1237c88b0e7,115039,105112968,128745,114964,105137124,128745
a5304d9a899434fe,33427,23494352,130344,33361,23525599,130344
a53c01ee89e6134d,35356,25416155,141376,35296,25456043,141376
a55e4108cd84370f,60311,50397179,138545,60225,50409973,138545
a55f1bf7c489afd0,106262,96337037,135678,106176,96360448,135678
a5773c66e86f587a,39662,29765270,141578,39568,29779225,141578
a57ddb9df512de82,109418,99486953,127300,109378,99517170,127300
a57f2ca6292a8ded,43083,33176689,137484,42984,33186783,137484
a5837bdbc2e4bac3,119591,109677308,136275,119502,109691577,136275
a5902f1f13a4cd43,47793,37877694,140653,47705,37892582,140653
a5be2f34906f610f,47728,37813753,139311,47641,37827790,139311
a5cc73649a72b2e1,70556,60635568,133448,70469,60654153,133448
a5e5d45f44243cd9,75430,65532940,132508,75345,65546475,132508
a5e693770b386fcd,16421,6513069,138713,16335,6523484,138713
a5f406d7b455afe1,41648,31753538,138361,41556,31768989,138361
a5ff26c101494983,24754,14857008,138096,24664,14867447,138096
a60d88ace2cd03eb,34321,24413353,138356,34229,24422986,138356
a620722394f237aa,116207,106294046,135908,116120,106305719,135908
a632344ac5539f6d,109093,99177262,136531,109007,99193003,136531
a64b5b74d27613ca,48419,38494491,130999,48346,38517571,130999
a66469399da39c76,67722,57834133,140492,67634,57844126,140492
a6659091b801a831,109337,99443760,96099,109298,99463909,96099
a66bf8cd24c99579,11200,1293383,138795,11113,1303580,138795
a6701380fe8b0394,54780,44893853,139257,54694,44904489,139257
a67b23b0266bb40a,110059,100157356,135676,109964,100167188,135676
a6c17709af41712e,36464,26556818,137903,36368,26571842,137903
a6ceb464f694f37b,22155,12253217,138244,22052,12263871,138244
a702fcdb292f945e,13374,3476929,138355,13284,3487035,138355
a7038c4c013baf9e,71826,61914040,139528,71741,61929673,139528
a71115d0d12d12f7,115154,105254477,137690,115065,105264628,137690
a72a369f5556777c,41473,31553521,138577,41404,31572849,138577
a741ba997ecd75bc,49284,39385029,138249,49190,39394733,138249
a7a46b6af9f926f9,26775,16885055,138385,26697,16895257,138385
a7a7ecbd7e7873e1,51738,41816696,138456,51652,41837922,138456
a7b36349eb050784,111293,101397273,136124,111205,101411947,136124
a7d190cbcb9ad8da,48569,38658470,137049,48484,38668160,137049
a7ec1aa3c0ff98ef,93382,83457716,139203,93295,83480917,139203
a7f4de06fe2fadd2,92662,82754438,138796,92581,82765221,138796
a80da0b9364aa58e,40126,30213580,138644,40037,30224872,138644
a81413685f2ea789,115454,105537442,137176,115366,105552698,137176
a814e5771fe5ae2a,93913,83992840,129976,93849,84012597,129976
a819e43baa375199,36053,26140499,137354,35967,26156093,137354
a81b095756ac3b5d,116896,106974136,136307,116822,106995617,136307
a82bfbad3f57a878,14316,4393448,139991,14245,4415371,139991
a845c9773a20b1e3,104813,94916616,152170,104717,94928081,152170
a849f0a9f8c2ab34,36778,26853713,139337,36696,26876626,139337
a883eff3c8c2425c,82486,72572624,130110,82397,72588902,130110
a8854b043fb5f002,66282,56373961,138668,66194,56384188,138668
a891c04d1516f1bf,21554,11582047,120971,21523,11652487,120971
a895cee4f4c77552,86964,77037019,143188,86895,77064635,143188
a8b662471f2d70d2,34290,24377296,139529,34200,24388718,139529
a8bf96610865adce,51180,41273705,139034,51089,41284422,139034
a8c01c799238eeb3,32553,22653518,139364,32452,22665394,139364
a8cb6f83202a2479,18034,8111925,130664,,,
a8e1817ee6231a91,62297,52393811,138890,62212,52403764,138890
a8e405fde4f96d42,92541,82654158,138039,92457,82669485,138039
a8f0a43cf2592c9c,17194,7293270,138440,17098,7307737,138440
a8f0c374be6162ce,107452,97521155,126744,107399,97551539,126744
a8f879b67052e887,57360,47473886,138004,57273,47484590,138004
a924bbf61af8a989,94970,85057092,142032,94876,85073851,142032
a9589a81cabe9f95,30835,20916691,139456,30748,20934032,139456
a973067214283640,30346,20433517,138517,30257,20444910,138517
a973dab802056c8f,102977,93077319,137362,102885,93087367,137362
a99263df3f0aaa6a,74848,64913035,132847,74826,64972499,132847
a996ce700df31604,49190,39276803,137996,49099,39288722,137996
a997178741893dfc,119062,109157693,136744,118974,109167614,136744
a99d8eb5f0cb6c08,26084,16191872,129748,26005,16200991,129748
a99fc429a3285937,81128,71197616,138166,81056,71227342,138166
a9b2a27e7c34b3ed,90132,80133398,129732,90078,80230993,129732
a9c275513e581486,50193,40254267,129531,50137,40291709,129531
a9c32563929dc378,78074,68174240,140142,77978,68184800,140142
a9f3458b4210e12e,16851,6933408,139750,16768,6949540,139750
aa0b3fcdb10db3dd,90008,80034400,114548,89968,80105505,114548
aa253ba036d74789,16063,6123839,131312,16014,6161975,131312
aa2db0518e77760a,102445,92533995,136955,102362,92544518,136955
aa37ec417743fce9,59911,49972383,130425,59851,50010257,130425
aa4155244fa06409,118733,108805589,137144,118680,108831725,137144
aa42bdffa4114b13,78012,68114398,140178,77919,68125510,140178
aa5597ef11f5d6ce,62027,52092359,128983,61966,52125356,128983
aa60b60e5075ee10,20131,10233255,139113,20040,10243656,139113
aa67059c29b631d2,89944,79995558,120646,89909,80041827,120646
aa6fe79399a1e4f5,11355,1453253,137797,11260,1463445,137797
aa721de934139f67,20160,10256557,137921,20065,10266753,137921
aa7b4fedf01e410d,109386,99465369,127648,109347,99484800,127648
aa905b78bd028b65,99379,89456467,129593,99293,89478252,129593
aaaf7637e8b573c3,79941,70034675,141361,79850,70045383,141361
aace8c325652f6c1,87081,77174202,138970,86998,77185134,138970
ab39e0be8eb37726,53386,43493849,138641,53293,43504264,138641
ab4910e8a6685321,34914,24996973,138356,34826,25013378,138356
ab50415ade18e169,67979,58063365,156449,67893,58080117,156449
ab50e1e660b710a5,19662,9712054,130447,19642,9761674,130447
ab818190f4790d28,88852,78934361,139376,88770,78951189,139376
ab9111bb21fe4993,12905,2993578,141225,12824,3005576,141225
ab972df2fffac672,69300,59370071,115496,69239,59398637,115496
ab97da0e3b05ec8b,111177,101273926,136124,111089,101283735,136124
ab993da11a475e16,112986,102992726,128659,112956,103084288,128659
ab9bde6ce4fbeccb,58015,48112408,130333,57950,48121899,130333
aba94acca16070bb,22458,12536745,139002,22371,12558111,139002
abc2378f32014d78,79345,69435293,133008,79251,69445464,133008
abc872c72b0f489c,36680,26759445,130926,36599,26778494,130926
abd8eaa2d134b88b,76268,66374619,140036,76173,66384154,140036
ac167ef84cff930a,38332,28416844,139366,38243,28431234,139366
ac16b8bd0d237b89,41990,32073592,138972,41903,32089688,138972
ac332b4a7089a97d,86334,76417482,138244,86246,76434350,138244
ac35c1d3ae8955c1,74977,65034816,130892,74949,65088769,130892
ac4d732d7334e0d2,91878,81932735,130040,91834,81977610,130040
ac5c2aafc1d80e85,95745,85812708,129644,95700,85845267,129644
ac65a4c3109244ac,90303,80334312,138689,90223,80406489,138689
ac882cab9e1834ad,33759,23853798,139512,33665,23864045,139512
acae5f654a1ec168,109484,99534032,127285,109443,99587124,127285
acbef182380c79ea,50588,40677181,139240,50499,40687714,139240
acbf1c9f46d20103,59203,49293933,138902,59116,49304507,138902
acd8aefd2f5185e4,78926,68993138,132265,78873,69025476,132265
ad08413623957ba5,16818,6896589,139134,16736,6918142,139134
ad0ec98690892cd2,78894,68952866,132323,78842,68993384,132323
ad30af365003843a,54297,44373597,138103,54233,44396248,138103
ad3c472af36692fb,49030,39114193,136254,48944,39133932,136254
ad42048633ee0780,67578,57673248,134302,67486,57682880,134302
ad5202a1dea7e31f,13435,3536484,137695,13345,3547077,137695
ad5767e22b176b4f,39398,29474124,141062,39334,29497704,141062
ad5f0d8ae19a8029,46048,36155013,99692,46003,36170331,99692
ad68901af35003ea,119151,109254513,137902,119054,109265894,137902
ad8a512ec9db7102,94193,84277566,137528,94111,84291423,137528
ad8bb6dc397c42cc,27597,17653878,129421,27534,17695921,129421
ad98ed9af00ceb09,105747,95817063,136506,105684,95846645,136506
adb766bf3ae85495,24478,14555015,128980,24388,14581807,128980
adc7ed66cd210abe,95810,85872760,129675,95763,85908544,129675
adde80cb6157d946,55189,45277243,138022,55093,45288638,138022
ae05773d2beb8440,39428,29498571,144773,39362,29528058,144773
ae0a6c94f0306068,89140,79217427,138979,89054,79239292,138979
ae1116f89bca25af,93575,83660724,157303,93487,83680858,157303
ae1b5f765962d7b7,16305,6374085,130721,16233,6403497,130721
ae348e447fcf441c,72477,62557541,138172,72396,62586375,138172
ae37e8cda45f94f1,36309,26397039,139500,36219,26413004,139500
ae38add6fd6ba022,70946,60998005,117230,70900,61043919,117230
ae3ac8518f1d2dde,48966,39056778,157597,48880,39068378,157597
ae3e959c196383d0,99036,89135191,140145,98935,89145886,140145
ae3fe04a72daf81d,52576,42673450,137898,52485,42683572,137898
ae49d662d78e76bc,116986,107074027,136066,116904,107085791,136066
ae52b184d464ef43,52517,42613972,139252,52432,42625136,139252
ae700606bde189f7,39836,29917141,140342,39750,29936368,140342
ae7a50532bfdb4ca,62088,52155745,139863,62023,52187860,139863
ae927a695673e442,70313,60413237,133889,70215,60423317,133889
aeacaaeb56de4f2e,11952,2018807,122822,11901,2054220,122822
aebaec84391f008b,69146,59195457,133367,69097,59245603,133367
aebedde71936f6eb,38640,28753495,138228,38552,28763566,138228
aec423b2b9361d89,48263,38332188,130171,48199,38361935,130171
aeca1dbc0d444928,61240,51353943,138359,61153,51364657,138359
aed4779a6369f383,60007,50072379,130273,59944,50106229,130273
aef2281be556f3f6,43617,33696902,138140,43532,33716028,138140
aef2ec4f1401e987,103898,93957321,137180,103838,93996999,137180
af07255475a5483e,80823,70872888,129893,80776,70921692,129893
af09890f1657cace,42180,32273657,138211,42088,32284670,138211
af196f38bd8429fe,86021,76134318,138194,85933,76144646,138194
af556d1fc2790d88,73140,63212949,132082,73086,63243015,132082
af91d29f40cc77a7,88351,78414335,139539,88292,78454505,139539
afb6d9e66b2bace3,22076,12153200,138751,21976,12176010,138751
afbc3b47419271bb,71492,61576435,141164,71402,61591422,141164
aff4102839ed5a4b,20502,10593389,138740,20419,10603006,138740
b00d8d63a5423d6f,39487,29556802,144151,39414,29586513,144151
b012a1f3dad246fc,74247,64354054,138122,74167,64364180,138122
b01b63f0fa12a11e,90220,80232741,129620,90153,80318584,129620
b042e3bce1ea30e8,69742,59853063,133205,69659,59866667,133205
b044b34c787ee51a,44717,34777097,139327,44640,34816090,139327
b085bdd76be7b4ab,90711,80825948,187726,90627,80839734,187726
b08c689d446f4e5a,113529,103616138,148215,113448,103629619,148215
b08eeda1b8e28bd8,10848,933112,138162,10767,951665,138162
b08f92cd74bdbc96,95094,85193950,137220,95002,85203990,137220
b09bbe4e50b8f167,46916,36997157,138942,46834,37020089,138942
b0b4d5cdcdadc9a3,40500,30613917,138509,40412,30623689,138509
b0b52a2fbe354066,47393,37493748,139129,47300,37504640,139129
b0d8d587ee8a9809,108632,98717410,137483,108539,98731671,137483
b110eaa6f292e679,76022,66113919,138270,75938,66126689,138270
b121cca23a6dc671,49782,39873411,137190,49695,39883298,137190
b1232e53beff9c29,25064,15152046,131068,24976,15163134,131068
b12a454ee4df0423,40468,30573821,140064,40375,30584980,140064
b142d5cdfc8db4e1,66120,56199930,156635,66035,56221565,156635
b184fef275611d01,10399,476440,138059,10327,498109,138059
b19183e21229b320,108010,98096668,136193,107922,98109964,136193
b198cdf1d4466479,55126,45214187,140053,55032,45225761,140053
b19baed27a536a39,71987,62072978,133271,71898,62085417,133271
b1b34445653ce5c3,98012,88094262,138423,97939,88111265,138423
b1cda7553823bb1b,118764,108834464,137241,118709,108863515,137241
b1efd5d1aaf2cce8,46948,37033737,139041,46866,37052111,139041
b1f70e4cd8782b3b,70029,60114304,141065,69944,60133000,141065
b1fa1f27a81d6b0a,33880,23993264,138226,33792,24003698,138226
b20a9f452463ee57,35687,25776821,139108,35598,25787261,139108
b20fabfe6293c7c7,73654,63734117,138795,73570,63758792,138795
b2106c7fcb7334d4,70251,60337262,138137,70157,60350340,138137
b22c7b029d77d233,13191,3276744,138972,13102,3290484,138972
b2504acb6501b9e0,108313,98397394,136127,108226,98416511,136127
b25aeaac452d5912,50529,40614220,139679,50446,40628805,139679
b26a4dadf55d7e33,37616,27696725,137760,37530,27715428,137760
b2799a80a6ee7ebf,93638,83760544,346571,93572,83786650,346611
b27c94101c146c8a,117224,107334368,137871,117135,107344179,137871
b290a135d4f0b547,28643,18736771,137880,28550,18746867,137880
b290ab4125e1274b,12418,2497031,140040,12339,2517776,140040
b292773af9cf715d,31339,21413580,140047,31278,21438958,140047
b2ac0f9fb0e1d3c5,90681,80794216,139265,90593,80804461,139265
b2b3ba8ca3153103,66153,56236327,153443,66067,56253246,153443
b2dbb8813d976e40,40407,30513480,138546,40312,30523834,138546
b2df9dfb98601685,33610,23693403,138499,33530,23709081,138499
b2e7293f1d7df6f4,52636,42734389,137609,52539,42744159,137609
b2eece3161595665,107011,97092739,128434,106934,97113843,128434
b2f378c69d66aa90,38079,28156693,138120,37997,28177934,138120
b30dd3820fdfb3f1,70157,60253152,134000,70067,60263535,134000
b3272362441da929,61207,51313680,138344,61116,51323696,138344
b32933fdc14ecbc9,26744,16853336,137809,26666,16863998,137809
b36e8be615d356bd,91098,81174853,130988,91012,81196542,130988
b38ce230b9c8013c,117730,107817307,137265,117639,107828611,137265
b3917475b88756f6,72853,62922467,132512,72811,62989026,132512
b39524bd4f9eda04,64846,54933953,139871,64757,54948724,139871
b397e20da659c03e,62629,52713668,137976,62543,52727644,137976
b3ac915853c2e376,75164,65234189,139538,75118,65278834,139538
b3ae7d091f62a2fe,43426,33513572,138530,43345,33525586,138530
b3bc20e01a1401b8,41074,31131793,129177,41040,31172613,129177
b3cc55a5b29c4860,57448,47533570,137535,57363,47552371,137535
b3d7f20affcd8db6,81186,71274027,139182,81107,71285741,139182
b3d896875c0fbcb0,62726,52814248,141274,62640,52825896,141274
b3e17dfd0efd9e22,36620,26737336,159898,36537,26748625,159898
b3f24b70e14b8320,28294,18376893,139281,28211,18393538,139281
b43c71a45dad07af,45441,35532041,130061,45349,35542140,130061
b45012624ed7c6fa,118477,108545691,127953,118434,108579881,127953
b45934ce654f7b6a,94938,85033114,132406,94846,85042673,132406
b492a595aee546ad,63606,53740600,342040,63552,53767282,342080
b49acff35e9ee04e,98566,88657294,156635,98480,88668572,156635
b49cf943f43f3b27,16754,6833235,138466,16672,6852492,138466
b4fd246194132777,74217,64317512,137572,74137,64327774,137572
b503e44c889f8b84,63988,54052274,130127,63930,54090499,130127
b55aceddadbfac47,14640,4753184,138617,14552,4763708,138617
b570915a174317af,77693,67782653,140005,77607,67792643,140005
b578540af256220a,75313,65405773,138344,75245,65423301,138344
b58a4eea70a260bf,75283,65374046,138334,75220,65395248,138334
b58b0f2dcc9fcce9,99634,89698737,116646,99585,89735797,116646
b59fbdeb8e0df89d,88917,78994304,138578,88835,79016420,138578
b5a4a3a6159a8d6e,25096,15174056,130242,25008,15195041,130242
b5a596fc59b6e68d,15416,5497180,140077,15330,5515596,140077
b5b5e26649c41f28,43895,33995268,137836,43803,34005650,137836
b5c59c183dd3b053,100246,90337450,137623,100153,90347679,137623
b5cefadcd6415266,21121,11213527,138645,21034,11223192,138645
b5e427ff6e1a9f3e,53042,43133782,139863,52955,43144556,139863
b5e42b14e7bb360f,117698,107794154,137102,117608,107804007,137102
b617d6911ba28029,22957,13056409,132164,22864,13066117,132164
b622b3e3df936624,106518,96597312,138503,106429,96617832,138503
b62b495feca4bae2,52488,42573437,137402,52407,42588032,137402
b63223cfee76199d,119237,109317286,136964,119153,109338096,136964
b65b8704b6a58a93,37763,27873588,139084,37673,27884641,139084
b6611cb12248329f,99731,89792838,130551,99681,89830651,130551
b669d2728ce5bb0a,35716,25813660,139405,35624,25823862,139405
b6cae563ab0bdfa2,36969,27099722,342828,36910,27124279,342868
b6df1dfb9099d2fd,47142,37233751,138297,47059,37244801,138297
b6eb7b085fae1691,65151,55258721,100977,65113,55272754,100977
b702a7a0cd465e33,33848,23953491,138939,33754,23963751,138939
b715f85cecaa4577,102887,92977107,136161,102789,92986948,136161
b71dacfd9d860a64,91731,81838150,101577,91688,81855604,101577
b728f466e76a2151,15642,5733919,142363,15554,5746416,142363
b74cdaa4b23b7442,76237,66337464,139745,76142,66347164,139745
b755f9918c4b0be5,113594,103682106,151145,113513,103693879,151145
b7627a216dfaea9a,119032,109134535,137313,118947,109144906,137313
b7765e65f10dc741,38270,28354247,138802,38183,28368910,138802
b77da8ee1204ce3e,96639,86720261,136883,96553,86742322,136883
b782ff39c6a8273a,59814,49880127,130769,59756,49914424,130769
b78be4186eddb30a,97293,87372765,129747,97205,87391259,129747
b7aeba587ba0ac03,11665,1756319,156928,11579,1767413,156928
b7b49793e84d85ee,40314,30413275,137466,40219,30423100,137466
b7d014069f9e09f4,35509,25593418,137323,35438,25608753,137323
b8236d72823a6bcb,67191,57212534,130496,67168,57289701,130496
b83d884eedc40b80,30717,20816947,137411,30627,20827387,137411
b8424f393c4558f8,63542,53633626,138137,63455,53644969,138137
b88ac863e6e68877,54415,44497369,138475,54338,44515294,138475
b8b7523605a031b8,106642,96734086,136344,106548,96743804,136344
b8bca1121d98eec7,70188,60277220,142577,70097,60287772,142577
b8eac8293c132957,60834,50917454,139663,60746,50937900,139663
b922853fd0aafd8d,76647,66781422,350125,76592,66806109,350165
b9257583c3dc4422,16508,6613129,137912,16413,6623324,137912
b92d573e3c8efe95,95033,85134832,141403,94937,85149665,141403
b9316369dda1ffae,38300,28393328,138271,38212,28403553,138271
b9328e93d9017db4,84882,74952654,130740,84819,74981528,130740
b9350aed496b0f77,102510,92593954,136017,102425,92608781,136017
b94dfcb912a6e3ec,35479,25553452,137882,35410,25578822,137882
b96330985eb54f75,98663,88754112,136305,98576,88764331,136305
b9714538eef2bf37,95842,85912794,130467,95795,85941084,130467
b97ce1f9c5b5a294,118193,108279654,149925,118107,108293344,149925
b996fdfa67824dd6,48933,39017360,139931,48847,39032834,139931
b9a231812f7d17c0,68954,59019271,120205,68911,59052685,120205
b9aeb802988f4241,31128,21235499,100134,31069,21251274,100134
b9b6ecf0c7fcc5f8,112016,102114127,136969,111920,102123940,136969
b9c5e05a5b66934d,104498,94576730,136714,104410,94597313,136714
ba07f136ea5c9450,85455,75534579,130294,85369,75553364,130294
ba1a8d5ad7a1c7c7,56696,46777301,140496,56611,46795817,140496
ba26831b297241e8,14761,4853404,137708,14675,4864053,137708
ba2e58fdd7c71a7a,48294,38371966,129465,48229,38392666,129465
ba50215ebe5e40e8,115583,105673747,134834,115494,105683228,134834
ba53d8d032640222,114443,104583508,366002,114395,104610369,366042
ba7dcef872615d13,87924,77987613,114785,87909,78022523,114785
ba7f258d282a7139,77357,67453986,138164,77264,67464054,138164
ba94a7a6392f0ae5,67850,57934174,140241,67764,57949584,140241
baa1087af5f21175,25610,15671991,130394,25470,15681873,130394
bab096c5bfee6c95,24663,14756048,136421,24566,14766057,136421
bab0ffa268a2e1d4,107076,97157719,135454,106999,97175665,135454
badcd1c3a264c6a0,36371,26473512,137819,36279,26488362,137819
bae381492b4a0207,56287,46353913,139514,56218,46390696,139514
bb0df3b6f3d55225,105841,95925779,136249,105770,95939405,136249
bb15cdedc3ff652f,95433,85517913,138959,95347,85532425,138959
bb214c39dc191af0,93261,83374069,136989,93173,83384467,136989
bb4b39655cafb129,115864,105957161,136123,115767,105967139,136123
bb635c6f8d9e2be7,55157,45253889,138474,55062,45263945,138474
bb8683149c6dbe0f,21456,11546586,78633,21429,11553961,78593
bb95c2f3a11e58cc,64971,55057569,138642,64878,55070372,138642
bbad5a65aa9e94da,97357,87438157,139428,97269,87456160,139428
bbc9794a2a393b56,111264,101374244,135854,111173,101385416,135854
bbd0f85f6d3bb16b,117792,107894290,136463,117699,107905037,136463
bbe245b8dfc435dc,27021,17113438,139385,26912,17123796,139385
bbeb3bf8627aa175,102412,92494569,138431,102329,92511592,138431
bc0fc2e51543b1ad,15611,5691871,130944,15524,5713778,130944
bc590dbb7c5cbe5f,24254,14333482,137763,24167,14353162,137763
bc5b7bede133f9d0,119463,109554135,136610,119378,109568573,136610
bc5d4a952183dd89,100071,90154238,137923,99997,90170844,137923
bc7c62ec0f862aa8,12448,2533358,139039,12366,2546656,139039
bc7e530473c4c4db,104016,94094269,137961,103941,94115365,137961
bc8120322a475cd8,34065,24157040,159751,33979,24169722,159751
bc8ca143334af9a6,40588,30673175,137021,40502,30687644,137021
bc92564a2d317b08,52120,42173987,128677,52068,42219273,128677
bc92fc94537e2306,56955,47036990,137994,56867,47054403,137994
bcd78872f5398a32,86813,76872788,129787,86757,76911430,129787
bce75cc66a70952e,56922,47013682,138438,56835,47023482,138438
bd122adff2951c0c,78798,68853073,132657,78749,68897382,132657
bd2663dd62eb5253,18960,9053414,139098,18877,9065661,139098
bd285b323dff78e3,73078,63152784,131670,73028,63179465,131670
bd3c1f96ace7ca85,80216,70317239,138215,80126,70326773,138215
bd3eff6e51037887,52153,42211921,128779,52099,42251094,128779
bd4f87a9fe3d040a,58641,48733725,137714,58535,48743617,137714
bd5b5a55c4299748,39868,29953763,139979,39782,29967300,139979
bd69ba06d68a85f1,18489,8593257,139090,18395,8603586,139090
bd6e06a237a288d5,81733,71817344,138509,81643,71832694,138509
bd8470abe52d38ee,79403,69513920,138319,79313,69525022,138319
bdaffcc15c6783a3,40062,30153450,138451,39975,30163407,138451
bdbc836cdaf8496f,14007,4053275,128759,13957,4106310,128759
bdca2b7010b0c52e,90595,80694269,139400,90494,80704442,139400
bdd91fecbc70a1d5,37645,27734040,138603,37555,27743822,138603
bdea67f43fef056b,34162,24253540,139519,34075,24263827,139519
be02651125fbe4f6,58517,48613783,137785,58418,48628881,137785
be164ec5cd58d9ac,94561,84674500,140089,94478,84685350,140089
be27d0145a50b775,104936,95040163,135792,104850,95050266,135792
be40c4578104a40f,69652,59758376,138967,69565,59768185,138967
be52467928ad75c9,107739,97813986,136335,107675,97839683,136335
be68794174037951,108443,98534228,137613,108355,98544652,137613
be7472e24938824d,27118,17213440,138119,27012,17223806,138119
bea117c86b8bd34e,60960,51053625,137644,60869,51064036,137644
beb8248903643230,44236,34299430,120180,44253,34334464,120180
bebeb6bd70801e27,27182,17319929,342782,27130,17345028,342822
becffa36e9524858,108346,98441729,181843,108259,98455571,181843
befe625a78111553,97582,87688489,98623,97522,87705531,98623
bf15ba32aa8a5f5e,59138,49233981,139188,59053,49244593,139188
bf16a77b90387fb8,11231,1333661,139967,11142,1344457,139967
bf19d21a1172c190,29764,19853698,138833,29682,19864305,138833
bf1b844f57056669,32958,23036705,138981,32872,23057894,138981
bf1c440b96551127,119090,109194190,137151,118999,109207868,137151
bf20cab3703d9957,91255,81336538,142286,91162,81355096,142286
bf3b6e40ee0a5d21,15675,5757529,139988,15586,5773823,139988
bf7f8ab55e0467a4,94875,84957588,139314,94785,84974334,139314
bf98c3f803cbc91a,106294,96374107,136221,106208,96393217,136221
bfb96e85827b1b94,13620,3711812,129484,13534,3722012,129484
bfc34ee96d12fa20,38607,28713660,139283,38516,28723632,139283
bff0caaea9d18368,83973,74074375,140298,83875,74084177,140298
bff3e44e6d46bd36,73201,63275412,132827,73142,63303452,132827
bff959a4f21e52bb,60929,51017184,137811,60839,51028275,137811
c020c8042b8c7570,52056,42112477,129238,52005,42156541,129238
c023cb968e8bdb71,108601,98694190,137297,108509,98704167,137297
c023d7340d708f97,14549,4653349,139179,14453,4663232,139179
c0269c8a61f75629,44905,35013532,138537,44812,35023984,138537
c039fd9b4840dbc2,92218,82294026,138089,92150,82317684,138089
c03c8d0ebf997b48,89540,79653324,137732,89453,79663652,137732
c040cdcd29939a66,95680,85757151,114067,95636,85778321,114067
c042e42c29d386fe,23918,14011798,130440,23831,14021935,130440
c097a7d055c2ef2a,111508,101596170,148691,111427,101608270,148691
c09af50ed63a730e,96924,87017682,138253,96830,87028629,138253
c0ab4c65111aec09,108878,98975828,137194,108786,98985988,137194
c0b2bee123c73bed,23140,13232161,132757,23053,13241565,132757
c0c68bfcd9767cd9,114378,104457136,136650,114292,104477836,136650
c0c8517df7d71510,61618,51696851,137831,61529,51716801,137831
c0d0f41cdef206db,105147,95234065,137253,105060,95245800,137253
c0ff9c092ff98404,48070,38139016,129900,48010,38168016,129900
c10dfc5714fcca20,51055,41144803,137892,50967,41155254,137892
c11f05770a113339,17662,7753304,139481,17571,7763770,139481
c13a9da9d18fd821,33728,23816556,137785,33638,23828048,137785
c1495d0a617fc519,113723,103813912,135507,113639,103823623,135507
c150f82549fcf7c0,24880,14991840,129806,24790,15002065,129806
c182c3021fb3e70a,13405,3513278,139558,13315,3524133,139558
c18ff1ecacecc415,39517,29592099,130871,39440,29615299,130871
c1a9c6dffa647573,50065,40131925,128951,50011,40163811,128951
c1d992802481a738,67362,57412543,130311,67310,57461282,130311
c223b7b01dc86de4,106921,97036518,151649,106841,97053769,151649
c22ce2be2cd79410,108379,98464493,135051,108291,98477680,135051
c23357ebdb2ee44c,103806,93874055,135755,103755,93905992,135755
c258c8d7b8a29415,36182,26273430,138564,36095,26283784,138564
c25d74984140b288,23978,14071866,129739,23884,14081240,129739
c270e33cfc8ec0dd,12269,2332134,131404,12205,2367921,131404
c2b06b66bb69dae6,91974,82032581,129584,91926,82072653,129584
c2b488547d639a82,78043,68145280,139901,77949,68155623,139901
c2d9e69612a35f68,27473,17531744,129741,27416,17571710,129741
c2e0757aca97cef0,20813,10911687,129761,20718,10921055,129761
c2ec9c8780015c35,78605,68741116,347105,78552,68767712,347145
c2f00c699b5a9f49,28766,18874004,142232,28672,18884010,142232
c3032dd18fce317d,37124,27180886,129447,37069,27222821,129447
c3131702f96f34f9,39244,29294156,130417,39192,29342962,130417
c32e2c9f03ffa728,72606,62694055,139437,72525,62706894,139437
c3318d04aaa852da,103226,93314343,138834,103139,93325199,138834
c33496472b595730,91316,81414413,140232,91220,81430487,140232
c3428cf885d4d7bd,47922,38013370,137708,47831,38023973,137708
c3459950b8c25cd3,50829,40913641,138577,50744,40928645,138577
c352c7d008787186,22296,12388400,159020,22209,12399523,159020
c35455c4067ba366,35956,26036799,138002,35870,26055806,138002
c35f8320f580da0a,90162,80172844,130447,90104,80260963,130447
c365bc98ae3d35d1,47760,37853931,139342,47672,37865001,139342
c36627389e5a2be6,77387,67494356,139081,77293,67504792,139081
c36b61fd36f82804,81984,72077770,136893,81886,72087723,136893
c37af4863c055dac,41740,31853490,137637,41652,31863821,137637
c393c9e6efbda853,94313,84414657,140410,94221,84430464,140410
c39cfde42752e7fe,102606,92694141,137449,102520,92709082,137449
c3aaa9e222503c6d,82752,72794157,129631,82713,72850110,129631
c3c5ba16aecb4973,115241,105336966,136311,115143,105346289,136311
c3d59d27d8b7dbeb,105557,95632999,129545,105500,95655419,129545
c3db2e40a6a59f01,115926,106033996,136266,115833,106044235,136266
c430fce4718133ee,51150,41233910,138551,51060,41248482,138551
c4382744c54c7277,46195,36252096,129748,46149,36293808,129748
c44aa12675c33703,103095,93176926,137494,103009,93195045,137494
c44f8b8da001f428,32238,22318293,129800,32148,22336259,129800
c46aa74cf60fbcb8,27505,17553769,130384,27447,17603144,130384
c46d6cdcea827cf5,23616,13676819,139549,23554,13714795,139549
c47355d513c1bb7b,112687,102755096,111743,112709,102784986,111743
c47e91e1e5f8e20f,71641,61754400,140301,71553,61764907,140301
c4821e1d55618be7,66564,56656668,129504,66467,56666252,129504
c488d24dc18b7413,37092,27158970,131509,37037,27190292,131509
c48c498eb37b5578,28261,18353373,138092,28178,18363525,138092
c49144b7b3dc942b,31560,21636810,138766,31487,21659579,138766
c494994e4e57c092,71858,61937705,140280,71772,61957281,140280
c4a10a2c27bfdad3,105310,95397186,136599,105220,95408916,136599
c4ba52d786bfa00a,51991,42060663,128846,51941,42093969,128846
c4d7793b37729d6b,49221,39313700,138749,49130,39323775,138749
c4d86a3019f26a2b,103470,93576839,97216,103429,93593064,97216
c4dbe9fd1f2cc1e1,104336,94417066,135455,104249,94434378,135455
c5021cf1b9f26d6f,43240,33353749,138842,43157,33369310,138842
c5036afde74d8162,107980,98073702,134626,107895,98084105,134626
c51a03148de20f2e,81390,71492851,131392,81291,71502432,131392
c5202f227ea00a8f,39632,29733831,139664,39542,29748423,139664
c53f8ffab000a3e8,89295,79394207,139212,89202,79409609,139212
c545a506bcca168f,39053,29119310,133945,39006,29151803,133945
c54a395539febfa6,89172,79254979,139780,89085,79271445,139780
c55706628387a520,115067,105154310,138005,114988,105166480,138005
c55d38a3b93d41a7,36745,26816113,141579,36663,26843944,141579
c573ff8a0ee01818,23489,13551708,128983,23432,13587083,128983
c58ae556519675a5,22988,13096023,154770,22896,13107362,154770
c5a168cc6e4856cc,59976,50034391,129668,59914,50075131,129668
c5c675880d79dc50,117441,107536432,150407,117354,107547426,150407
c5dcb207d775017a,68986,59041739,132774,68943,59085248,132774
c5f0620295d50de4,87956,78010041,132027,87940,78056510,132027
c609d041deb808bf,41009,31078060,129788,40976,31107922,129788
c614b5181f1900ac,53540,43653629,139406,53453,43664202,139406
c6174857b97f2398,44363,34376278,114154,44366,34460311,114154
c66e9389ce69ecda,20341,10413690,130852,20259,10440231,130852
c6857d4aa31dd561,119869,109974397,136635,119779,109985803,136635
c691481db8094104,72173,62272853,132706,72078,62282944,132706
c6a8f4264ce03447,44563,34593425,136812,44525,34663082,136812
c6c2119e2366863e,99667,89721000,131849,99618,89770274,131849
c6dded233220ea3c,104844,94939367,134673,104747,94949030,134673
c6ef6cc77a5a89a4,39308,29373708,140335,39251,29406730,140335
c6f1b5bcdd7049bd,42967,33053591,138811,42882,33066694,138811
c6f3cb2900e3fab0,40846,30933323,137367,40757,30945363,137367
c70be04df761d987,104219,94316944,136486,104121,94326254,136486
c71f332763966df7,53758,43853656,137682,53671,43863461,137682
c7237ebec52887da,55557,45645573,137971,55471,45655965,137971
c727090964d37077,20782,10872373,132452,20689,10881683,132452
c72df26faaa1df3f,103258,93337305,136075,103170,93356862,136075
c75a68b622fa2d1d,39780,29893433,138407,39692,29903574,138407
c75c66a8296b96bb,41295,31353629,138496,41248,31395511,138496
c76f3c57cee997b6,78510,68594047,138501,78421,68608449,138501
c77ad35283c9374b,71074,61132741,132494,71025,61172736,132494
c77cd936917fa608,43649,33733846,139125,43563,33747700,139125
c79fa6e054b6c01c,29910,20013226,138011,29813,20024330,138011
c7a3687917f4b78f,28827,18933869,141235,28735,18943534,141235
c7af68b714269293,50032,40098603,130216,49979,40131392,130216
c7d236c8e5fda815,97325,87414638,140689,97238,87425231,140689
c7e694fdc673b5b1,11825,1959314,339298,11770,1985135,339338
c7edcb6da1044626,70750,60832863,132535,70662,60849388,132535
c801109f9e2d4472,88295,78337442,138924,88246,78398196,138924
c806a82e32f926f9,12081,2134232,131548,12028,2180268,131548
c807d3e64e735d1c,18866,8953620,139506,18783,8968987,139506
c8209c94eb7348d6,102347,92433963,137019,102264,92450802,137019
c820e569b6acffd9,51770,41853731,139135,51683,41869976,139135
c825c791a66fcddd,39181,29232909,132630,39132,29280338,132630
c8504633adcee00e,59640,49753731,139085,59552,49764013,139085
c855489562c6fcd5,17693,7818497,340312,17629,7843668,340352
c860990c98de8bdc,23205,13294345,144620,23117,13305099,144620
c88027a57bd75cc7,77822,67914260,140460,77734,67925115,140460
c893717b11cce273,37009,27117064,103514,36955,27131471,103514
c8bce79867d41c6a,111421,101533792,135515,111337,101549702,135515
c8dd0b851f0a8bdb,54532,44633549,137961,54442,44644015,137961
c8e635fc9747cb27,36809,26892179,131105,36727,26907875,131105
c8f7cfb7b1953da0,24066,14173928,142008,23973,14184662,142008
c90c24dc76373aa0,42550,32596074,131760,42509,32649077,131760
c936e88fe351fd8e,114493,104599507,95728,114450,104616949,95728
c9480cd8dd508228,34475,24573532,139119,34377,24583230,139119
c960acdb23025740,27834,17916601,138406,27749,17933997,138406
c9857eceb0530609,36246,26333783,139608,36157,26349455,139608
c985bd7ebc46bfc3,80886,70937866,138011,80836,70984625,138011
c992ce23aab08aa5,54561,44656784,137686,54468,44666505,137686
c9966bf303ff563e,88147,78178158,137251,88118,78245565,137251
c9a9034a780d4c6a,72204,62296850,142274,72108,62307046,142274
ca07bd093cc894cc,113626,103714088,136491,113544,103725118,136491
ca1a252c9790576f,91066,81152734,130479,90981,81164902,130479
ca231248d0e85260,107237,97317048,136577,107157,97336248,136577
ca2c0f5f304df461,33204,23272088,130728,33145,23303059,130728
ca30996e7feac8d4,119901,110014529,137293,119814,110027048,137293
ca371926cc3b6b01,78573,68658066,139905,78484,68672471,139905
ca43f8cc21e75f24,11324,1419776,158158,11231,1432293,158158
ca52ebf2f4dd4357,70343,60435747,133240,70244,60445550,133240
ca559c84714bf85f,57174,47273311,136542,57079,47284095,136542
ca866ed8a7f39837,96181,86274501,140541,96106,86285580,140541
ca87c01f8d004bd2,92037,82092851,130514,91986,82136669,130514
cab8a5a26070a9df,16479,6573453,139265,16386,6584271,139265
cab93aca24add60c,26900,17013215,138354,26817,17024033,138354
caf19589191eb673,62416,52517537,138416,62325,52527850,138416
cb0958a0aa083a0b,77918,68013871,138114,77828,68025151,138114
cb2096ab78be67b0,45868,35953827,139076,45783,35969230,139076
cb23865ccb84ce84,89778,79916758,359113,89749,79943415,359153
cb36b70236e46119,108099,98197094,136816,108002,98207146,136816
cb3b7182297ae1c8,98851,88937829,138324,98759,88950829,138324
cb42f5a1aad72452,21680,11665826,128980,21639,11778764,128980
cb581f6f7f0d0cef,47514,37614357,139229,47416,37624818,139229
cb9aaa26ba2584e3,61426,51513609,137806,61340,51525547,137806
cba9546082ab4f13,42853,32917063,138519,42783,32952627,138519
cbd18ed380ca675d,94009,84077918,137441,93940,84107562,137441
cbd1ee39f7378c4a,49376,39473627,138168,49279,39483848,138168
cbeaed604a7a129e,117321,107434163,136388,117232,107443908,136388
cbf2ffd0bb6ef0be,117824,107917548,137368,117729,107927976,137368
cc0f0220a1fa8cf6,88981,79057618,138815,88899,79080926,138815
cc1655961df08a99,79816,69900305,143379,79728,69915483,143379
cc22490801d2ca29,51608,41693436,137131,51522,41707667,137131
cc25758cae1359c5,109971,100056818,135214,109886,100069291,135214
cc4b061a06fc536a,31800,21896519,138582,31707,21911568,138582
cc526892b576ac47,116142,106216936,135606,116056,106240848,135606
cc54e9de6fca2a47,118510,108572617,127694,118466,108612801,127694
cc561b87ea20ccd8,38206,28293389,137909,38121,28304823,137909
cc588e95158f23b8,59073,49157238,139444,58990,49173020,139444
cc6731366c21485a,31177,21257462,129156,31118,21276291,129156
cc7a814534637148,110696,100773036,126969,110657,100794392,126969
cc8df4b0927c1ba7,29706,19776753,138506,29631,19805265,138506
ccc7ab32ff284621,67443,57513822,138584,67374,57542241,138584
ccde78ae00db7a94,50499,40576732,137340,50419,40598099,137340
ccdf615991161596,88115,78154863,142972,88089,78216144,142972
cce1469c9e93fc46,62855,52937051,138808,62767,52954820,138808
ccf8243cb7a7cace,52458,42536787,137265,52380,42558123,137265
cd13110b41ddb19e,18459,8556576,139523,18368,8566750,139523
cd15fc1491ec5fa3,60039,50112439,130280,59974,50138221,130280
cd33dde351cec041,97792,87873002,130725,97730,87891455,130725
cd35fa690068c48d,93350,83434241,138804,93263,83448699,138804
cd3b30c2866a16df,43554,33637370,137393,43471,33652819,137393
cd3b98e644e99489,85551,75637253,136669,85464,75649909,136669
cd4b121574ac9f2a,92919,83014577,139239,92833,83025323,139239
cd512485e842a9d2,25995,16091752,129099,25914,16106059,129099
cd60e00dddd0d917,113913,104014441,137392,113822,104025179,137392
cd7fe3f3a2489e93,92068,82132777,129063,92014,82166561,129063
cd91884da1db7bfa,113850,103937039,136985,113763,103949612,136985
cd94128701f9f199,14196,4256394,137342,14136,4296058,137342
cdbc4deda8c6eae3,33364,23431925,129477,33301,23463158,129477
cdd14951831a46b7,42148,32233948,137841,42058,32248343,137841
cde57a2e28a53500,10216,273446,129454,10160,316214,129454
ce041c5b9859d33f,36021,26117355,160047,35935,26131455,160047
ce041f476b4f1261,86718,76775558,132460,86668,76817264,132460
ce27845cf2861cf7,13685,3773021,137958,13599,3784710,137958
ce3dabb4ee1cdb45,75897,65993192,131879,75818,66003082,131879
ce413049ecdeb428,111235,101334263,136670,111140,101344790,136670
ce55f574d03f550f,89746,79825534,130289,89717,79847474,130289
ce56874cbee6a54f,44876,34973597,138095,44773,34983689,138095
ce569c2ccd109836,68871,58978797,105290,68828,58996486,105290
ce757cff19eeb838,68012,58094130,139214,67925,58110786,139214
ce7bbdc3e3efbe02,38393,28493486,138523,38301,28503822,138523
ce90a5c3a1cdd59c,81070,71138602,141855,81004,71169233,141855
ceaec2d19785d731,74563,64653154,133763,74477,64666736,133763
ceafb4357eb5878e,75372,65456429,131744,75295,65479803,131744
ced7eec8d542a012,49846,39933361,137173,49757,39945028,137173
cedf367e098e277a,108787,98894424,137131,108693,98904712,137131
cf019185226fe6b8,63446,53533878,139066,63361,53546079,139066
cf1a067a4a865eb7,87111,77197721,139354,87024,77210077,139354
cf41739e1ff7223f,45219,35297102,138674,45132,35318142,138674
cf41bd6746657786,18310,8395543,140165,18239,8415869,140165
cf4726f38e2768bb,23359,13436127,115602,23304,13456833,115602
cf537ced1410a85a,19054,9153315,139240,18969,9164071,139240
cf547234ef49e9f4,17907,7972645,132119,17846,8006498,132119
cf61814994e58bf1,64814,54897553,138078,64726,54913857,138078
cf65bf35cf9f0f96,78166,68272828,132307,78071,68282829,132307
cf6a4b215a3b38de,101940,92014440,138148,101877,92040075,138148
cf7674f52d8ad143,63413,53494747,139478,63328,53514877,139478
cf846d829c1a5798,18098,8171785,130045,,,
cfa166678e21211a,23740,13813487,139084,23670,13838933,139084
cfaa55228aa984af,114161,104274452,137792,114073,104285090,137792
cfba61a6bba00f6a,31404,21473427,138268,31340,21507340,138268
cfc50202678a3485,92949,83038094,138846,92863,83048624,138846
cfce145b6cbb9bfb,20220,10333154,137396,20136,10348187,137396
cfe5a425ddd0964a,41445,31516890,139565,41380,31544462,139565
cfffa3684f95a4a8,113659,103754482,137587,113576,103765144,137587
d01cc8a78c724fae,95218,85317606,137895,95125,85327443,137895
d02584d2beb0de09,102478,92565082,184173,102394,92579998,184173
d03be5a84893611c,114574,104643424,130261,114531,104673243,130261
d061f21f27bc1240,60101,50172516,131108,60033,50203338,131108
d0799dc72f0c2c0b,73292,63373316,132025,73223,63392742,132025
d07dcc1e1fd6582c,86622,76674894,130966,86574,76724500,130966
d0803a983a951bda,45966,36053730,139827,45881,36068868,139827
d08cf3b9f2212c9f,21154,11237322,138928,21067,11252758,138928
d094dc2334a1b51b,116679,106752708,126858,116618,106777716,126858
d0bedbbab28d9526,70913,60978075,117923,70868,61011273,117923
d0d9ebaa8bb68712,76998,67055016,131423,76937,67097310,131423
d0da2dcaa58201b6,118041,108154107,136088,117953,108164499,136088
d11b18f764cbb5b8,62887,52974018,139296,62798,52986458,139296
d12437d7df819ea7,30687,20793768,140553,30597,20804717,140553
d13df00a754a12fc,71376,61452989,132620,71300,61474439,132620
d14b35f771850965,15080,5173579,140629,14989,5183973,140629
d1566cd9899643d3,66595,56694254,140912,66497,56704541,140912
d16cbe169b93fd21,96389,86494206,138502,96301,86504899,138502
d174007595834959,48599,38693490,137500,48510,38703643,137500
d18c5d5c33d7d2d7,80003,70094038,138137,79909,70104128,138137
d19002251c388396,43586,33673575,139130,43502,33684995,139130
d1930a9312107a3a,84313,74404468,131010,84227,74413558,131010
d1acc691634ce3c0,14696,4776676,138869,14610,4794661,138869
d1b1a7b0f40362fd,69210,59274241,141290,69156,59309072,141290
d1c82bb99c51f9d7,83757,73834664,130175,83667,73856217,130175
d1c937e4aec9e706,65903,56013826,138437,65813,56024815,138437
d1debb87f8597e7e,50991,41073523,138046,50904,41090544,138046
d1eb2da99c7da64c,61964,52032191,129580,61907,52063008,129580
d1ee94a449c17f7e,77181,67255464,131717,77105,67280020,131717
d1f2bebb578199e5,63894,53952351,129844,63842,53994450,129844
d20c9e8c913badd7,93166,83274245,139321,93073,83284407,139321
d22b9844f3fc070a,99827,89892956,130984,99773,89925888,130984
d23cba276c1ea3a8,56462,46553664,138939,56375,46563847,138939
d25cacc2c6afa95c,69331,59392941,133005,69266,59429578,133005
d25dbc928f8a9181,27922,18016793,139130,27827,18027038,139130
d28826210958e677,72736,62860573,349018,72677,62903196,349058
d2e584d4851db79b,88884,78957794,138477,88802,78982863,138477
d2f34854812f245d,65786,55877564,138625,65700,55888084,138625
d2fd103f068c01f2,10487,573266,138826,10406,586952,138826
d2feb99826f38d6a,40750,30833537,137700,40663,30849778,137700
d304be25f164a831,21823,11828164,129263,21763,11922697,129263
d310d890f40696a1,53693,43776863,138382,53607,43792546,138382
d3221f0daea9d41a,117854,107954075,136729,117759,107964363,136729
d32d143bcffbf9e2,110631,100708217,127799,110594,100729908,127799
d33575640c099e87,101181,91294425,138933,101093,91305160,138933
d34d3545eec8a372,75342,65434152,139842,75269,65450498,139842
d357649b9a60386d,88761,78877431,157065,88677,78888939,157065
d35f77a724d479b3,43522,33614124,139784,43439,33624014,139784
d36196d5f4947ae2,57205,47296792,138989,57109,47307590,138989
d362254f2298048a,60770,50853836,138295,60683,50869019,138295
d372a22fce8f904f,33396,23472341,130328,33332,23495321,130328
d38dc436fd97c2c1,106455,96538718,135962,106367,96554797,135962
d3943ba2f7381b89,33055,23179062,342814,32991,23205968,342854
d3d5d99e66d9fd49,62119,52193533,136849,62051,52218211,136849
d411b9d1c036de33,21586,11601179,113546,21553,11684458,113546
d42620e9ebcabcaf,89826,79936166,77070,89797,79948732,77070
d43680fe0f1f5b9d,103008,93116987,153897,102916,93127958,153897
d44b71c4ebdc0239,25937,16031823,130359,25853,16043359,130359
d44c27c338cb7034,73910,63994260,139019,73821,64015489,139019
d44dfd3faa9426fb,63765,53822817,129168,63716,53863965,129168
d462ad5e4168d9fd,31435,21513365,139228,31370,21538924,139228
d464afb1c7b41687,79622,69708222,160734,79537,69722851,160734
d47250fbdb573cb4,94747,84834577,140789,94661,84845640,140789
d4742b7bce70da79,59298,49393669,138443,59206,49404708,138443
d48479010a997168,57610,47693699,137759,57524,47710436,137759
d4cd4b54b056d0c8,43171,33276933,139117,43084,33287965,139117
d4cf796d096ea9ab,105410,95516338,98386,105354,95534709,98386
d4d79514d272fa9a,36587,26693380,138233,36496,26702937,138233
d50394205fad26e4,89447,79554791,139111,89360,79565282,139111
d5213f88a08a0c64,88691,78797477,138737,88604,78807137,138737
d53354141b752329,75133,65196840,142613,75091,65244479,142613
d541271554e0c383,104966,95074168,137537,104880,95084151,137537
d54da12349ed1bf2,92981,83074473,139736,92893,83084684,139736
d554e84f1faea771,113162,103217054,137852,113085,103261284,137852
d56467a3de829c0d,70589,60672994,133637,70502,60687741,133637
d58acbc3309acaeb,16392,6473678,138731,16310,6491689,138731
d58eaf9f7694a621,77596,67677619,139865,77510,67695748,139865
d5b730bc0e1a7d6a,29851,19936757,138776,29760,19951556,138776
d5da2919b45c5e84,85988,76094182,138564,85894,76104169,138564
d5e86b9d7d7996a0,40190,30277078,138301,40099,30288760,138301
d5eae325086b85ce,31831,21933333,138035,31736,21948293,138035
d6163f3d46346f2e,46981,37057010,138036,46899,37083640,138036
d6304bfe855c732b,117164,107274371,137116,117073,107284895,137116
d63e630a595dd4b4,27776,17853874,139377,27697,17875904,139377
d66af58ad33a8bef,59485,49576877,136972,59384,49587342,136972
d66b1e03ace83f94,45000,35113819,138435,44912,35123628,138435
d69e2fe2e1843d4c,82076,72177235,138257,81986,72186958,138257
d6ae80cb1e1998b5,50707,40813641,138378,50612,40823642,138378
d6c6885832f43918,114411,104494082,135604,114324,104510061,135604
d6c6a3403d76aeca,36434,26533575,139170,36339,26549119,139170
d6cab8178e60d7cb,71106,61155041,131403,71055,61204777,131403
d6f3401088bd7f21,14071,4131713,130387,14018,4170002,130387
d6fba620501002a6,43141,33253467,138507,43053,33264404,138507
d7131c6f2791de88,109942,100034003,136430,109861,100043990,136430
d719e0253019578a,56858,46937234,139838,56772,46957764,139838
d7222807e3d2c8c1,46416,36472095,129126,46358,36515129,129126
d73da3e15a6058b9,18340,8433302,139144,18265,8445054,139144
d76674fa60172970,30780,20893173,137376,30691,20903051,137376
d77b3d97f48ebcee,58765,48876835,154802,58681,48893491,154802
d77b8c26027c6ba1,81302,71395113,130795,81209,71405099,130795
d785dcfb99874c7e,23647,13713360,138896,23584,13746496,138896
d78afc3fb8c2b93c,62475,52577649,139017,62385,52587711,139017
d798cfdb0bded48e,29432,19491883,130480,29378,19530837,130480
d7b5a0171b3c17e8,102059,92134701,138835,101983,92158556,138835
d7c5ece2393220a3,74336,64417424,139118,74255,64438043,139118
d7e2e8f302dbf320,55750,45834058,140193,55663,45849797,140193
d7f59c82419b8b2d,61554,51637652,139290,61466,51653020,139290
d7ff7eea727e0fcb,55621,45697020,137792,55536,45720928,137792
d82e21ded990cca3,48868,38953436,137402,48783,38967712,137402
d84b8cb2e9651274,98194,88294217,138077,98105,88304754,138077
d86ef69cd6dde2e9,21089,11173539,139224,21002,11187883,139224
d8775ebbab99e1d1,25580,15635725,141387,25441,15645317,141387
d88791d4ed71dfc6,90652,80753999,137107,90552,80763484,137107
d8a9f8d9654a1a1a,118354,108482530,344147,118304,108521126,344187
d8cec34393ad1dfd,117474,107561718,149778,117387,107573659,149778
d8deb26b03a9f575,53660,43753505,137730,53574,43763891,137730
d90f4da5c3372a40,114640,104693003,129047,114596,104742159,129047
d915de010f078890,88721,78834022,137895,88634,78843831,137895
d96676d5f5e924d3,93074,83174103,137969,92982,83184614,137969
d97d0f5bccd403ec,113265,103354126,136506,113168,103364047,136506
d9825e161ec6bdbf,64080,54154275,141445,64014,54179840,141445
d998ee0a6a778725,12176,2234603,131857,12119,2275136,131857
d9a86d9afd657f86,26370,16453076,136910,26255,16463597,136910
d9ca19377c6eeb8c,66377,56456980,138316,66288,56476730,138316
d9dab7675cf54aae,17071,7156691,138490,16982,7171077,138490
d9ebdb8c819b775a,64463,54573785,137800,64374,54583355,137800
da052d1aa07656ba,21795,11791747,129373,21740,11894826,129373
da30e89e7f82b577,12841,2920074,158664,12759,2941954,158664
da3c317a7252a8ff,68075,58156175,131646,67988,58174500,131646
da6e8d5052344644,80247,70352593,129555,80157,70361440,129555
da83c6fb25fde8fc,38111,28193579,139394,38029,28210108,139394
da88f3a4a3ec3e86,73109,63175173,132741,73057,63210969,132741
daa8d38314d3952d,13652,3735468,140204,13567,3752266,140204
dab9d1851f827407,67130,57149354,112036,67115,57228074,112036
daf5412d44e4d960,91942,81992495,128904,91896,82041211,128904
db43ea03b6261c0f,79654,69737599,158654,79569,69754496,158654
db69790fcdef04f2,61738,51818092,128813,61685,51836515,128813
db7aad0cb896572f,39720,29817145,138731,39621,29827578,138731
db80a901716c4c55,75102,65172712,131611,75064,65214191,131611
db8e955f746b420c,15706,5793453,139367,15617,5804940,139367
db902fe069f503b7,68660,58753007,132278,68573,58763190,132278
dbad08c87dc89cb8,86398,76492787,129922,86308,76502256,129922
dbb3d2e7b3e0ac0a,44452,34452169,128620,44440,34550836,128620
dbbf7c77dc36afb7,74944,65012717,131586,74918,65064869,131586
dbc0471faec8ce62,53983,44041107,130600,53935,44081279,130600
dbc20e12cf16fad7,89693,79803535,121260,89664,79817359,121260
dbd7233bc9252d9a,78197,68296918,142738,78104,68306859,142738
dbe70ef2362ce105,102732,92817538,136762,102642,92831328,136762
dc261e1d1ff36473,100401,90514410,138074,100314,90525131,138074
dc6232d1a56a5472,68233,58316912,142599,68140,58332707,142599
dc7397d2a02a600a,47110,37193841,140153,47027,37209540,140153
dc7c076666dd9da7,38728,28813731,140144,38642,28827503,140144
dc8b4eceb1009e83,73501,63613941,137601,73413,63625913,137601
dc98b906e842b91d,100218,90314240,138546,100127,90324773,138546
dcaffa2c8bed4e0b,94163,84254351,138758,94084,84264368,138758
dcd86035ff2e88d3,119559,109654316,137400,119471,109670002,137400
dcda756502839b2c,102669,92754030,136047,102581,92769794,136047
dce862f6448125c7,95563,85654201,138641,95475,85667448,138641
dcf68cc32285aa9d,58195,48273953,129507,58122,48293065,129507
dcf88610f225e2e4,22680,12773180,137974,22588,12783690,137974
dcff4f5e7f630fa1,116647,106712765,128378,116587,106745583,128378
dd0c568b77cdadad,30868,20953217,137262,30781,20967075,137262
dd102cd359bdd2ed,50288,40352159,129568,50227,40386226,129568
dd2660cc8aa5c337,69115,59172875,132446,69068,59214297,132446
dd2b7543249740eb,10024,91649,129117,9974,126818,129117
dd3147942bef35d6,74689,64823731,362508,,,
dd792a31d1a4f841,100811,90900495,155613,100720,90911901,155613
dd7c502b0ffd72fc,107550,97614100,135757,107495,97649089,135757
dd891adda5c0bd2f,34536,24635407,139423,34441,24644978,139423
dda062a84a03f34d,107770,97837040,136042,107704,97869739,136042
ddb3ed77892dfb13,13943,3998438,128987,13894,4041644,128987
ddcd8eebc3f9d4d4,38516,28617219,139665,38425,28627484,139665
ddda51d60fdf32d6,109825,99897449,136455,109759,99924136,136455
ddf0db1160dad6a9,105524,95592672,129068,105467,95622330,129068
ddf4741a340e2588,67334,57374789,128928,67287,57433804,128928
de3634a6d090d747,61393,51473458,136497,61307,51492122,136497
de43adcef83bce6d,87670,77754170,137649,87580,77769437,137649
de4743d4681c377b,96735,86817479,138204,96648,86839045,138204
de53262598819c69,72049,62135314,133279,71959,62148268,133279
de5dc798e8dc95a7,60429,50533810,138604,60333,50544171,138604
de66c896a3802b87,98694,88777500,138391,98607,88793909,138391
de7c7153faec1b25,112959,102952499,127876,112935,103057053,127876
de84776d3aa0d504,94283,84374420,139307,94193,84388687,139307
dece32ca424a0ee2,82197,72277927,139371,82111,72295943,139371
dee09d18d188e3c9,47175,37257101,138487,47090,37274380,138487
def7f4f64ae29c78,118445,108524049,126939,118402,108548556,126939
df05e81ce6ed442c,79019,69075319,132097,78960,69118067,132097
df1cdb38a6661b69,59731,49838963,102481,59673,49854443,102481
df23942781711487,13221,3313728,139804,13131,3323555,139804
df23a1c3bae8401b,118008,108114001,136072,117916,108124204,136072
df6431e874206810,14579,4676806,139029,14480,4687425,139029
df650ac399a726aa,33171,23238308,131555,33112,23270177,131555
df81b1c498283a91,51834,41916899,138332,51746,41932983,138332
df9c73ad0c963787,116110,106194062,135891,116024,106209533,135891
dfb255623b566ad5,63732,53799043,131292,63683,53830996,131292
dfba5c007e07f896,10057,113491,129623,10006,160284,129623
dfda489f4146f128,12938,3017146,139698,12856,3038239,139698
e0202bd30efee5df,102947,93054133,137477,102853,93064568,137477
e053a380654502d5,19990,10056471,138487,19921,10088928,138487
e0556c72cae8439f,79229,69313031,133431,79148,69327947,133431
e05af0cf8c97327b,73411,63512576,130922,73327,63528116,130922
e060cd29f6c88cb6,119120,109217331,137077,119026,109229323,137077
e0c38457cd80f80d,90781,80897104,156095,90699,80908427,156095
e0d2bba8493545ce,54015,44072030,129043,53966,44114001,129043
e0da85ef93a10b63,71347,61415271,132529,71275,61446050,132529
e0e74de0e4bfd3d4,110664,100740805,128202,110626,100762747,128202
e0eb1312cd5d0672,52399,42473636,137818,52327,42498580,137818
e10d77aacdd26c56,105901,95977072,136715,105826,96001231,136715
e1138c7204ab4148,11446,1553217,138511,11355,1562851,138511
e12c4ad25c092494,37156,27212090,130242,37101,27255001,130242
e13de188c8ba9d17,40877,31017582,335321,40838,31054603,335361
e1425d4721ccb473,39574,29656288,131369,39491,29673641,131369
e148bcba9b33fb5f,91468,81573908,137279,91376,81585094,137279
e18792d3c056942f,104281,94394219,136952,104192,94403839,136952
e1ba538a71de4fac,62268,52353826,138921,62186,52370879,138921
e1ccef4d7a38ad05,34655,24736985,138670,34569,24755431,138670
e1d79700096b4c57,55313,45413675,138434,55217,45424744,138434
e1d90fd618f55671,92277,82354167,138385,92202,82376336,138385
e1e1987c93632c16,34195,24276925,138305,34107,24293770,138305
e1f08288bedac6d6,118097,108177110,136348,118011,108195838,136348
e1f93e7cac1c443c,86429,76564713,359117,86378,76592855,359157
e203533a3fbf984e,95337,85417589,139678,95251,85435686,139678
e21b9527ce94df92,77121,67192878,132331,77051,67219716,132331
e22736ed7f6409f1,18674,8756690,138532,18590,8774948,138532
e2596cb190f466cd,10724,833312,138353,10635,844107,138353
e267c9455c64d827,24933,15013808,130198,24846,15033481,130198
e2691081be495622,17728,7835380,101458,17668,7850678,101458
e2729b6e54eb83a5,33670,23756764,137852,33584,23768976,137852
e288e46e63de0288,30088,20173181,137316,30002,20190990,137316
e2a8742c29b75b1f,27748,17817060,140353,27671,17847259,140353
e2f91d94cb6fb79c,69622,59734841,142584,69533,59745056,142584
e2fa95088e2c9e7c,58324,48413634,137955,58241,48423600,137955
e2fddb0328c41d6c,101026,91133145,130286,100932,91143377,130286
e33aec332e09dddd,66409,56494099,138893,66319,56508769,138893
e34972ca267b4ef4,53106,43193586,138353,53017,43205279,138353
e35110d4e75979c3,65640,55713701,137977,65573,55738811,137977
e35783398860da5f,19599,9633888,130330,19583,9697640,130330
e36d98de2bfebd97,46354,36412080,129862,46301,36452897,129862
e38c83cacc9805f0,114950,105014820,136035,114886,105049539,136035
e3a01921660cff99,29239,19315507,114479,29189,19336782,114479
e3c56f31b872382c,25128,15214141,142889,25040,15228096,142889
e3e19ffe10a3b70f,64750,54833753,137942,64663,54849228,137942
e3ed73036e5e8270,103551,93620683,128500,103510,93650227,128500
e3f25ca2f01f556e,19240,9352386,130283,19151,9362355,130283
e40fdbe5d113d07f,101626,91682077,130023,101581,91724976,130023
e445a1ed40e3ecc1,24725,14833704,139460,24633,14844341,139460
e47e9d7d03b0850d,64909,54994682,138632,64818,55008101,138632
e48c8fb2b21899b6,62662,52757564,161020,62576,52769874,161020
e4b0fbb8f0098bfa,48357,38432164,130273,48288,38454924,130273
e4b6508274d86912,54357,44433613,137809,54286,44456278,137809
e4c15bb8637143b6,51426,41533645,137547,51336,41543705,137547
e4c3ecf0f4b6f316,19359,9509538,341324,19321,9535752,341364
e4d4fd528dc667cf,32173,22262477,155604,32084,22273634,155604
e4ef2639bfd06480,81540,71634781,142449,81453,71645126,142449
e55c0bf8c992b3f2,41561,31653653,139330,41479,31664172,139330
e5929c4ece951c24,61328,51413571,137112,61243,51427767,137112
e5963e2989c5a092,18641,8733315,138124,18532,8743545,138124
e59ccdae0449db29,23948,14033691,129317,23858,14046389,129317
e5a610b62b96bdc9,108909,99014576,137070,108817,99024920,137070
e5e194f7d06af732,108848,98952670,128173,108756,98962527,128173
e5e524fc9d41f02f,115389,105474339,137146,115302,105487456,137146
e6075e4e1456b31c,66186,56276711,155396,66100,56289011,155396
e61701e2cb8d6452,53138,43233711,137925,53048,43244276,137925
e61d086f9d995972,41707,31813555,138525,41618,31823779,138525
e62ac553c42936e7,82423,72512436,129497,82335,72522191,129497
e62b4f1c0e0f08e6,13065,3153139,138486,12981,3164692,138486
e664688db218a944,116433,106543389,118932,116375,106558188,118932
e66898feb2c77d8c,43490,33573463,138316,43408,33589691,138316
e66ea8e249c80f66,97486,87574508,140142,97396,87585266,140142
e6717909b95c58a9,80854,70914612,141884,80806,70953690,141884
e6aa047241719638,10309,373375,129386,10246,407672,129386
e6d7a3b8a047c06e,18190,8271997,131607,18137,8346933,131607
e6f5f0d3e06454fd,93719,83796765,114193,93657,83816858,114193
e7027302826c1e28,27535,17592017,130825,27476,17634784,130825
e70ca132dd950d0f,107921,98014292,137416,107841,98025262,137416
e7179277e34aeffb,118794,108857499,136473,118737,108895319,136473
e721e52bb7ccdd5d,24785,14891469,128360,24695,14900942,128360
e72779c40da62f29,54933,45017492,140368,54845,45033797,140368
e74151756ba00f47,45901,35993650,139235,45816,36009531,139235
e754396b6d1dd190,55653,45734273,138231,55567,45752889,138231
e761889e34d7660a,83291,73392512,129728,83197,73403004,129728
e767b6f1783b3d3b,116927,107014281,136341,116850,107026635,136341
e76d42f0938084b1,12017,2072161,132144,11965,2116118,132144
e76fb2e7f15fa037,58421,48513487,137989,58330,48524398,137989
e771d8645dc48827,15327,5433432,139549,15234,5443487,139549
e7786880c51bf682,109913,99994260,137720,109836,100012085,137720
e7892bef67798635,84410,74492802,130189,84323,74508810,130189
e793dd97bffa6a3a,42766,32817306,139276,42707,32864906,139276
e7cb20119e058c5c,67035,57090186,92802,67027,57132269,92802
e7d03e7d8b702c86,87052,77145642,138573,86972,77155931,138573
e7da7aad5dcfe5d7,38142,28233752,138287,38060,28243854,138287
e7e0f17ea919bdcc,87023,77114353,138716,86947,77124757,138716
e7f39082814ab860,38238,28316854,139192,38152,28337834,139192
e8192dc73a04ee8e,108506,98593942,136007,108417,98605311,136007
e81ba7cc453f8f4e,13878,3954649,113314,13829,3976408,113314
e83ba6bd55719928,110598,100675789,129757,110562,100697040,129757
e84e3f46398cbf6b,67390,57436142,140084,67332,57488611,140084
e85fdff4297d2fa9,10247,311882,130724,10188,345771,130724
e86df289616c082d,88176,78214246,138647,88144,78275833,138647
e88177f66719e38d,37378,27433980,131204,37314,27477454,131204
e8a234eaed132af3,99858,89914698,129018,99802,89957221,129018
e8aeb8ba0f2caf78,80759,70812716,130343,80714,70857752,130343
e8b03a5b84a85161,116805,106874250,135705,116737,106904096,135705
e8b2da806c6950fd,99981,90054167,137840,99916,90080961,137840
e8be0d4149b96090,70282,60373449,131415,70186,60383508,131415
e8d2b11dd763b16c,71136,61192777,131447,71084,61236136,131447
e8dc6f890b7a6b84,23709,13776822,138955,23642,13808139,138955
e8dd196d01559ce7,42272,32419788,340185,42231,32445515,340225
e8e091f9ce970ea1,74033,64134160,140364,73939,64151853,140364
e9056208c7f5407d,14103,4155529,141279,14049,4202450,141279
e91767c768eabc9f,77241,67317848,137693,77160,67340043,137693
e9357e58cdea85a9,118670,108734621,138444,118621,108773474,138444
e938f01a40c60314,87381,77457786,139432,87296,77480765,139432
e93c2ef30335cab0,94342,84438402,140740,94248,84452647,140740
e94ddf75697bca15,22210,12313290,138634,22112,12323386,138634
e9ae18685ce1213b,25485,15534015,130102,25355,15546329,130102
e9ae793419190e54,66906,56988666,99231,66902,57003109,99231
e9d52344e41bbe97,20934,11035786,142004,20842,11045656,142004
ea02bff6b28ea978,57327,47433749,138771,57236,47444265,138771
ea301da9154ce3bc,33639,23733505,137912,33557,23744291,137912
ea51bdda42c9200a,19534,9588055,129729,19521,9633695,129729
ea64d43f3aa5c888,72770,62877681,102927,,,
ea6be661d8986e1f,14226,4293452,139235,14163,4325943,139235
ea8683ded11030b1,75802,65894224,139962,75724,65904345,139962
eaa7a4157a995354,80726,70782578,131982,80681,70824897,131982
eadc713a2c8e8809,73232,63312612,131046,73170,63333364,131046
eae0acd3dcd17810,87732,77814000,138891,87640,77831930,138891
eae1cd61b604d310,89628,79783080,352571,89595,79809274,352611
eae80f5c7b821596,56317,46393824,139782,56245,46416680,139782
eaf21a41b5042c2c,63136,53233846,138736,63038,53243664,138736
eb09b4402451b5b5,22522,12613269,138473,22434,12623131,138473
eb142cde8e8a1f4d,41531,31617324,137509,41454,31631111,137509
eb27b865ea77018a,57546,47633514,137428,57460,47646234,137428
eb2915f6389ae509,107517,97574410,128825,107463,97616516,128825
eb54ef2c1529469d,91499,81597305,138483,91407,81607293,138483
eb61820f3285786c,12683,2793268,138974,12593,2805567,138974
eb6254151af47848,36526,26633628,139971,36433,26644343,139971
eb8be77c9e124152,25850,15931609,128951,25759,15947067,128951
ebaef532e4d9f123,92597,82677622,139127,92516,82700270,139127
ebb6223982e3d395,71550,61654020,139516,71454,61664895,139516
ebd231b820bd9d43,69447,59532794,132652,69369,59546748,132652
ebf17a89d1e3dd9a,63228,53333945,138472,63136,53344614,138472
ebff622b85fd7f20,100716,90797406,136979,100628,90814584,136979
ec00fa0694c31b7a,93977,84054702,141062,93910,84076557,141062
ec1420df6989a3a6,51365,41473783,138432,51273,41484476,138432
ec17bbec2c24a6ec,89478,79578736,138800,89391,79588965,138800
ec48c2d46cbfc130,35776,25885051,137599,35684,25895193,137599
ec4f1c08f83e7ce4,99161,89274478,139435,99074,89285151,139435
ec53be94c0437480,20721,10813554,139540,20631,10823460,139540
ec5524cfb7cc286c,12208,2272083,131408,12148,2306475,131408
ec78ebb7ef83837f,41590,31677147,139378,41505,31690164,139378
ec8180555346b845,53294,43393573,137978,53199,43405031,137978
eca234cfde2d04eb,20628,10713560,140321,20541,10727045,140321
ecad3119c622b394,31711,21796472,136886,31626,21810163,136886
ecb7acf11e4faf67,113063,103093075,129858,113012,103162036,129858
eccef89ddcf41325,91528,81635323,138910,91437,81645565,138910
ece9645cd9a50e46,65426,55492774,130918,65381,55525312,130918
ed00960adb090fc6,23800,13874020,130030,23725,13899005,130030
ed009e0de4c1160c,41893,31976379,155450,41807,31998765,155450
ed13629078093426,58453,48536837,138397,58359,48557147,138397
ed267f07030fa301,35599,25676933,138303,35519,25699050,138303
ed4e120d3eb2efc5,42824,32893717,139969,42758,32923192,139969
ed5a0a9dc589822d,41795,31876914,138293,41709,31894456,138293
ed5cda8525d81ede,48999,39083169,156248,48913,39099326,156248
ed5faacf4b886e14,114098,104197419,134642,114006,104207328,134642
ed61078622811ec9,111923,102014407,136257,111833,102024826,136257
ed613febcd3345f2,74064,64157729,139609,73969,64176969,139609
ed7c12facf42627d,54328,44397049,138673,54260,44427140,138673
ed8f61d3179476dd,20046,10133252,138828,19967,10145359,138828
ed90922352da71ab,76903,66954963,131581,76845,67002541,131581
ed95b9a09e9e6fea,54237,44296794,137368,54178,44336036,137368
eda9b858f5c3ee6e,16276,6351969,129813,16208,6375526,129813
edabd0062a6a68e2,97825,87895009,130402,97762,87927474,130402
edb3ca028455383e,50647,40753481,137385,50553,40763262,137385
edb6d97aff9dabeb,42329,32445698,103284,42293,32453446,103284
edb785b72865563a,109884,99957240,136615,109811,99984189,136615
edbebff2efe9a3f3,66346,56433652,137755,66257,56445950,137755
ede7d88978be99ed,71043,61092818,131598,70995,61141721,131598
edfaea81bd84e7f9,58227,48314013,140041,58151,48326015,140041
ee050c2e8280995f,71762,61837426,138234,71676,61861689,138234
ee2539b99754b941,97728,87794563,129752,97667,87827096,129752
ee5fede329631fce,20565,10653318,139239,20480,10668577,139239
ee89d13d5bab46d2,106326,96413842,135665,106240,96424985,135665
eed6fb98225c4c43,53355,43453482,137589,53257,43463607,137589
eedb5933b79c3010,113087,103133088,128698,113029,103185959,128698
eeec061970fdae52,61995,52053959,128795,61936,52094156,128795
eeedc86580d76916,55063,45153647,138502,54971,45164202,138502
eef81f9981157479,78381,68457802,139184,78293,68479962,139184
ef12214be6d5ea90,108474,98560227,154060,108385,98574733,154060
ef27146c9aa1979f,73686,63773958,138996,73601,63799842,138996
ef2db3c0e17e30a1,108817,98920473,153932,108725,98932148,153932
ef3daec43ffae8d5,75071,65135045,131099,75036,65184648,131099
ef3e0aa5b22c8900,13976,4031514,129414,13926,4074550,129414
ef8008c7328be3bd,82939,72992293,127815,82889,73037844,127815
ef90666f2e1a7096,78316,68396916,139981,78228,68414884,139981
efbf4ad4021265dd,47485,37577154,139697,47387,37587243,139697
efd422857bcd5c76,104563,94654081,137017,104475,94664029,137017
f00ef9ce4cc7ed30,83469,73552847,131756,83382,73568123,131756
f015b33549abb1b5,44269,34318447,112844,44283,34366724,112844
f024cf8f042f2e1a,65611,55676163,140112,65548,55710526,140112
f034fa89f3145fe4,80918,70972654,129802,80866,71016535,129802
f0445d657fc22b46,115519,105597131,136328,115431,105617804,136328
f04ddb7fb9c305ae,107677,97754011,135017,107617,97779980,135017
f061519b3ace6903,61689,51796251,100307,61637,51813460,100307
f07c9ccab910dc93,66218,56299944,137600,66131,56317276,137600
f07fdb301d70e6bf,26055,16155718,129323,25975,16168862,129323
f09f325e8475cb30,91129,81212836,130897,91042,81227527,130897
f0a47df0f7ea2352,45565,35656795,138437,45468,35666433,138437
f0ab456c28bbade0,52665,42773441,137444,52572,42783656,137444
f0c1a88d03dd9d13,51118,41196741,136906,51029,41217568,136906
f0c8d537e22768a9,23552,13615891,141008,23494,13652376,141008
f0d2284b178b8e0d,60371,50456624,138743,60279,50469719,138743
f0ff35fd9950bedb,34258,24353767,138710,34169,24363446,138710
f1017c6c3c9f0125,37221,27274117,131182,37164,27320024,131182
f103d9185ea338eb,23107,13192462,133463,23020,13206142,133463
f118b1bd6e7c604d,17225,7333412,138671,17136,7347869,138671
f134d9afa86970ed,38014,28096193,153322,37933,28114562,153322
f1394de0b3142aec,62327,52417114,138309,62238,52426446,138309
f1464be1856963a6,30409,20496887,138352,30318,20508290,138352
f15dedd3d9d26fdb,30900,20993250,137928,30813,21004402,137928
f17f619c6df9b5ac,61771,51840263,131153,61718,51869475,131153
f197a8527dd741cb,83319,73416459,141861,83222,73427713,141861
f1a7039fe1f0ce0e,30472,20556776,137627,30379,20571427,137627
f1cbb5998cd280ad,92306,82394328,139162,92227,82405077,139162
f1e7d2b76093d7e0,54998,45077028,138945,54908,45096800,138945
f20664d2a33ffd8a,10546,636685,138522,10458,646541,138522
f214a6fd1997c8ce,95002,85093042,131154,94906,85106741,131154
f219c0e6269a1433,66056,56137296,138174,65970,56155407,138174
f21efe8ef933b678,44794,34885366,138569,44702,34895807,138569
f23e2e4566fb8ec9,54681,44793470,137486,54594,44804250,137486
f23f3f261fda2e3a,24318,14396776,138524,24231,14418319,138524
f24bf55c1f14e380,84160,74273809,137785,84073,74284125,137785
f2531778c286d684,17164,7256555,139904,17070,7268741,139904
f25f43693b4f24eb,69681,59794028,139846,69596,59808305,139846
f294b1e5fcba3e6b,50098,40153880,130158,50044,40196194,130158
f2a0082d4b28f7c6,35569,25653487,139131,35492,25668605,139131
f2ad7f887bc354af,43864,33971312,138521,43770,33981391,138521
f2dfea9e36498734,19085,9178048,138903,18999,9193200,138903
f31e31185bceafd1,83117,73194123,139317,83045,73216908,139317
f338a04088accb19,57415,47497292,138772,57330,47515399,138772
f350e5cf099557bd,69419,59492939,132600,69344,59518133,132600
f36b46eee22983fe,74658,64752910,132285,74568,64764284,132285
f36b9dc0b4835915,72575,62657381,139521,72493,62676214,139521
f38738c452915a77,51866,42000005,341987,51811,42025838,342027
f38f4e5af120e1f9,74401,64493343,133745,74320,64509135,133745
f3ac2ea052c4d228,9866,0,341535,9811,26686,341575
f3cee3f1770af2b7,31467,21536548,137279,31400,21567852,137279
f3dbc292221134c0,78261,68373214,133087,78171,68382707,133087
f3e07484ad56f252,51242,41333537,137218,51148,41343706,137218
f3f4fd5ed98d93c6,96767,86854328,138661,96678,86870659,138661
f402fba9eb264eec,113188,103254099,135911,113105,103286874,135911
f409b73ada55ea58,23830,13911915,130233,23752,13929184,130233
f43ede0f230d1472,119684,109777486,136945,119591,109788684,136945
f46a32f7ecc15afb,83789,73872974,130332,83698,73887696,130332
f47ae90e3714a8ee,34352,24436661,138129,34260,24451089,138129
f4bd08b47886ef37,56491,46577123,138969,56400,46589782,138969
f4bf63d09655c2b0,56579,46677387,139590,56480,46687823,139590
f4fc4adfb83d766d,107646,97714067,136575,107587,97749124,136575
f518bf865285bcec,106081,96176731,134726,105989,96191223,134726
f55c1cca668a7b82,25224,15359587,342373,,,
f56af928216d2ee7,103744,93796921,134978,103697,93843508,134978
f5774f8ef61b1495,43111,33213488,138024,43012,33223661,138024
f57cc0f136a05bb8,89509,79614227,138074,89422,79623839,138074
f57d112630d74a5d,27230,17336993,101771,27177,17352236,101771
f59d79ff621955a4,43201,33313600,138654,43115,33324464,138654
f5b22c3a64d6aa7b,28797,18897928,141682,28705,18907899,141682
f5ca26a9fccbf64f,16247,6313826,141202,16182,6346026,141202
f5f424218ed38e9f,51273,41373396,137613,51178,41383506,137613
f60873732fa6205d,76115,66214072,139182,76027,66223740,139182
f65d337dc48356ec,92759,82837168,138178,92677,82862653,138178
f6822f3de36e0db7,42117,32196643,137479,42027,32216298,137479
f6b7096412cabe21,60162,50234283,141448,60090,50264778,141448
f6beb94f61c17dc5,87841,77948821,102137,87827,77966052,102137
f6eecbb0950f778d,100995,91097267,155901,100898,91108087,155901
f70162f3e7c179c8,58887,48995067,139650,58806,49005424,139650
f706b94272c32de8,40977,31056167,129038,40945,31081714,129038
f72dc154a2f3708b,82295,72372690,128761,82208,72397102,128761
f759a9f6bb07ae9c,79589,69674468,140969,79504,69688307,140969
f75f01753156d65e,30533,20636831,158510,30438,20649103,158510
f7794adc26570ea2,60802,50893817,139407,60714,50908853,139407
f77e91aa9118a9ae,10880,976223,155202,10799,987960,155202
f7ab3f079882036f,52023,42082589,130046,51973,42126150,130046
f7b331f98d6813ee,71199,61255089,131202,71142,61297649,131202
f7bb846a8e99e6cb,117635,107717018,134679,117546,107733629,134679
f7d9ef5f37eccd04,62356,52453851,139319,62265,52463368,139319
f7e9aaadea93df91,56072,46132223,129773,56019,46174121,129773
f8652c7b7000ad13,13500,3613084,137676,13412,3624077,137676
f8891102e8c9bbab,12145,2212273,132103,12090,2244447,132103
f8d132fe438afd32,107044,97134805,139086,106967,97145732,139086
f911a8701535c0d0,107862,97936995,136327,107788,97960567,136327
f92ac7cfe268e470,101561,91637829,115208,101516,91658761,115208
f9404667018a308f,79199,69275479,132973,79121,69298073,132973
f980cb0836a03fda,90742,80856412,150690,90661,80866964,150690
f986b900c0e90b6f,72296,62397759,139045,72209,62409652,139045
f98dcf12767f8bae,50740,40853775,138185,50653,40864523,138185
f99cd53d5edebf6e,31952,22056481,137829,31865,22066659,137829
f9b4dd3a341b3b9e,98345,88454259,138034,98255,88464186,138034
f9d6ab115cb637ca,27409,17472051,130370,27354,17508031,130370
fa057be05a0eaf5d,49556,39637246,139825,49470,39655863,139825
fa0e33650e0a4e1c,100619,90697388,137958,100533,90718627,137958
fa3968648e178037,72420,62534217,140856,72337,62549632,140856
fa41efedc9f5aefb,97951,88034121,138251,97882,88050094,138251
fa55d41a3c280393,96421,86534141,138242,96333,86545055,138242
fa65ed675b3cf282,11985,2041592,134521,11934,2088238,134521
fa6ccf32142227a8,101334,91425774,138934,101248,91436944,138934
faaf36cf4432a64c,22712,12795021,129414,22619,12810334,129414
fab3d96bd12572f1,33788,23893402,138618,33692,23903393,138618
fabc373ccd066521,47606,37713591,138248,47519,37723665,138248
fb0f4b0ff271fbb2,47695,37776962,137907,47608,37794889,137907
fb2279ca84b55fd7,71405,61493211,133110,71326,61504415,133110
fb2f4d35859b1607,107831,97913990,136819,107760,97930709,136819
fb3bbe3b367dc231,114249,104334064,136293,114163,104348369,136293
fb3f7e2ab586d55c,78542,68634471,140911,78453,68645122,140911
fb40e6d2491a0e80,87198,77297790,140608,87102,77308315,140608
fb502ee4b934b237,12238,2296244,142910,12177,2337905,142910
fb5cf30253ef0aed,97856,87932885,130348,97792,87958418,130348
fb6210aa9dbc98ec,19961,10033097,138248,19898,10060601,138248
fb66ff5e0d7012b9,68758,58836438,140922,68670,58862143,140922
fb7697f01dbbcd48,89878,79959177,90697,89847,79973972,90697
fb9b0beb2fd4da73,43393,33473645,139110,43312,33492345,139110
fbdc6f4c90a545f1,12970,3053304,138653,12887,3068992,138653
fbde9719497b964e,69051,59112930,132759,69006,59149841,132759
fbe457ce805737be,94682,84774094,137954,94598,84784133,137954
fbee75531b9c260f,57985,48073980,128508,57920,48082985,128508
fbf5fa071a3ba623,112903,102898326,127898,112894,103001829,127898
fbff224ad5a2dd71,66971,57059154,77347,66965,57077376,77347
fc0a34512228f3f8,73940,64034041,139696,73850,64049462,139696
fc36ef17b2a5d72e,33969,24053383,138692,33883,24068510,138692
fc42d1f6c31669cf,37860,27973781,139183,37776,27988774,139183
fc4d5bbdc224fbe0,32740,22853672,139441,32652,22863956,139441
fc62bf9dc80fc13c,14728,4813452,138866,14642,4827165,138866
fc716199e0e16047,52913,43000220,136963,52827,43012892,136963
fca6c81abfab97bb,47890,37973624,138616,47800,37988958,138616
fcb8e0cb348e9607,46826,36933784,139236,46733,36944108,139236
fce06ca3f1d5cc10,63650,53757677,102526,63602,53774750,102526
fcebf62c6684fbe0,37285,27352221,130348,37225,27383147,130348
fcf75bf656df9663,11762,1853620,140933,11675,1863910,140933
fd0ccc3758bf9f9e,22650,12737286,139069,22559,12748446,139069
fd0e21828cce27d9,36874,26953696,139710,36792,26973488,139710
fd10d38eabdb8583,81009,71074822,142697,80950,71108581,142697
fd155e5df43a3f99,44848,34936905,137892,44748,34948087,137892
fd30148518ea10f6,49910,40040264,339418,49852,40066883,339458
fd3741af59bf1252,67161,57169468,113004,67142,57259511,113004
fd466e87c417d753,87228,77334354,139797,87133,77344648,139797
fd48e1026103e684,17565,7653322,139397,17477,7665705,139397
fd49b0766ea2ca65,11919,1997980,120220,11869,2022073,120220
fd6dd554ca420dcb,62981,53073717,137669,62890,53084255,137669
fd891f570ece8298,104369,94453846,136094,104282,94467462,136094
fda1c8f3f7e70245,102638,92717546,138652,102551,92741481,138652
fdac1814b471f0cb,37316,27374012,129137,37255,27414109,129137
fdb4ff5b5c9fe488,41042,31100210,130976,41009,31141254,130976
fdcb85f7d007abd5,24415,14500021,158193,24326,14515750,158193
fe7c6bb505c756de,99443,89534096,137943,99356,89549705,137943
fe8ca6d43db88074,49345,39437284,139004,49249,39447339,139004
feb6befd75c9b5c9,115422,105514324,137173,115335,105524130,137173
fece45772f87dd3e,106673,96773916,135860,106578,96784523,135860
fee420e896ceaa5e,25879,15972132,130635,25791,15982354,130635
fefbf00e3ce6302e,56986,47073845,138988,56898,47085370,138988
ff28c8efcd55828e,64110,54177452,137024,64042,54209008,137024
ff2a728b92eae5ef,13283,3376630,140326,13189,3387411,140326
ff4183eab7e0043f,35835,25936990,139234,35743,25947171,139234
ff59f082d2b5f030,27151,17236980,138991,27070,17255465,138991
ff6bb74d10f4993a,97630,87707752,113898,97570,87727654,113898
ff8e84e2a9257dd1,24815,14913618,130914,24725,14922749,130914
ffa80df0a84f7ac7,108129,98234065,136929,108032,98243780,136929
ffae6f72d3c49833,110118,100217103,136834,110023,100226594,136834
ffd91a6832f4fea4,16785,6873127,138775,16704,6884997,138775
ffd9fbe267f2de5e,89265,79353924,137704,89174,79364216,137704
ffde34a7eb7c7543,35988,26073646,138913,35902,26088084,138913
fff5f36b4f56e31f,45503,35593361,137427,45409,35603621,137427
fffbffc02071791f,116335,106417095,136100,116248,106434334,136100
