content_hash,rtsp-0_pts_ms,rtsp-0_arrival_us,rtsp-0_bytes,webrtc-0_pts_ms,webrtc-0_arrival_us,webrtc-0_bytes
0006f285a75ae4f8,76946,67034439,138241,76845,67046955,138241
0027b1b58d6ce47c,106556,96639105,138500,106450,96655519,138500
0029b1e00eb45c79,70552,60636352,130237,70444,60651048,130237
0055522465cd1683,27619,17683415,115993,27567,17717213,115993
0094af7307b3e21f,24580,14677275,157993,24475,14688934,157993
00a567447a0d9acd,86461,76515342,131321,86382,76560637,131321
00a7e3edceb89402,35299,25446848,379965,35241,25475843,380005
00c6d10744a24a04,112246,102354277,134074,112135,102366707,134074
00cfe941011f0e9b,32072,22174299,140395,31966,22185587,140395
00fef5aea70c10da,49461,39558066,160919,49356,39569559,160919
011cf2bad190c61a,60248,50335821,132912,60137,50347298,132912
014819d9f31cf2d7,69837,59918274,141084,69734,59937101,141084
0166cdf10a09d8d5,118209,108318138,157070,118098,108328651,157070
016b74d56446baf3,42546,32637325,157898,42438,32648641,157898
0176fc9fb27a8223,74524,64617584,137506,74411,64635335,137506
019ad8d62ce2e9d4,31135,21217198,138357,31029,21234452,138357
01aa54cd7a1c2416,111443,101535033,139004,111348,101553158,139004
01ac7fe55c9345cf,108276,98373425,130417,108164,98383176,130417
01c3b1b928a80937,74178,64258020,140684,74076,64281486,140684
01ca0b46b2f3375d,98492,88594864,139292,98390,88614249,139292
01ddbd038ef5db06,86872,76986974,138743,86766,76996651,138743
021d0381d8dcb077,114261,104375266,141058,114157,104390167,141058
02223d23047a8f83,94518,84614501,137796,94413,84624868,137796
022ea955d5488a57,111773,101855240,140342,111666,101874013,140342
0244872c49da0faa,117131,107214844,136764,117043,107229935,136764
02475be555ad9dda,65923,56013339,132950,65819,56023312,132950
026743f2483cc8c0,108933,99000523,123583,108917,99146586,123672
026d04500f8d6362,13098,3193464,137952,12989,3203455,137952
0276c21260da1546,77929,68014282,137860,77827,68033769,137860
0281a87b0821e925,29721,19792636,130538,29648,19821240,130538
02967c8c1c024ca0,105842,95922816,152873,105737,95942616,152873
02ce70500abcc418,64897,54998442,147344,64785,55008415,147344
02d585cd92ee7ed6,46960,37032858,131537,46874,37059803,131537
02eb821bcd9ce13b,77010,67141580,339815,76943,67181779,339855
03056424c2b8de29,99642,89734724,138791,99536,89749368,138791
0306fe775aa22a3e,102583,92694948,139284,102477,92705216,139284
032068d9c1ca1bc4,102903,92994983,140325,102794,93005767,140325
032577a7b1d84f49,44094,34193292,131811,43973,34203718,131811
0332c13d881cfc3a,14876,4979660,154331,14766,4990547,154331
037e5db0e8d5bf6d,55203,45314338,138826,55097,45325082,138826
038086c3a3fd0ddc,45239,35337040,142160,45127,35347538,142160
039803dbcec10d52,53597,43693530,134545,53490,43705928,134545
039f4e3af36aebd1,27904,17953924,127728,27837,18003420,127728
03b2f1def54a1f7e,82438,72514576,139514,82342,72538271,139514
03c93a363bebd1a8,16421,6476576,135507,16314,6521247,135507
03d5c69f36ddcd57,27994,18053852,137017,27916,18093273,137017
03f03adb09de3fb2,44065,34155212,133146,43945,34165456,133146
03f3c4f7ef5926a3,60433,50534470,140373,60315,50544776,140373
03f3e30a42a4652f,17172,7253726,128487,17063,7270952,128487
03fc8aa966bcfc47,22028,12093450,137909,21955,12127715,137909
0404bd488c0ac69d,64617,54713469,134063,64507,54723419,134063
04558cb9aaef49c3,59211,49233949,133162,59174,49310243,133162
045a6dfcd5192797,103871,93933795,132670,103815,93973864,132670
045fef138608c8f8,119414,109518328,139105,119305,109528395,139105
04832ad6b1a29130,86336,76393031,129632,86265,76435289,129632
048c71f0ff076f96,75138,65218234,130461,75068,65240186,130461
0490d77efe2586d1,110601,100675132,130036,110494,100702397,130036
04afb611924ab8b1,91066,81157344,154899,90957,81168984,154899
04b33613a1d2015e,117707,107795084,139495,117602,107805947,139495
04bc9970500df0a4,19062,9153561,137406,18949,9163541,137406
04c5dac9ae05e2b9,17480,7593285,136815,17373,7603547,136815
04d359893eca4d84,87436,77534659,138958,87321,77544955,138958
04de2b10729bb458,94057,84115601,131179,93984,84156245,131179
04e6840adc11c831,79950,70034494,139179,79845,70049010,139179
04f05860e95aff36,34679,24772846,132163,34564,24784194,132163
04f7284ab3a588d6,27964,18017272,136953,27890,18063737,136953
0515fdeaea5f22d6,15756,5870922,98150,15711,5886666,98150
051c6e7be3882b36,12535,2633591,137509,12425,2643812,137509
05233bd7cc404f64,81427,71499335,139151,81338,71527165,139151
0541c3c25f7e034a,42935,32992783,131959,42864,33033773,131959
0597a6802e7e028c,20989,11076946,138234,20876,11088602,138234
05a4922254b0e7cd,13884,3984683,138142,13793,3994829,138142
05b8e455a24bc5f4,109913,99998305,138567,109809,100015276,138567
061940150af749ff,119445,109554977,139090,119336,109565108,139090
06206adf4c7bca04,24337,14434224,137316,24224,14444483,137316
06225cea5beebc15,33536,23592834,131161,33490,23650600,131161
06237e5ef124e2e1,86175,76245477,131581,86107,76274670,131581
062dba3ed129c0ba,12329,2413593,138040,12241,2428699,138040
0655e66e93ee0732,39906,29992356,129862,39798,30005325,129862
0657d14d331eaf7c,114447,104535360,141479,114347,104550035,141479
065dd4aa94a06028,16554,6636605,137720,16432,6654627,137720
067ca2ee849d6ad3,76134,66226142,138638,76032,66239408,138638
067fd47fb310d9d7,59272,49289569,133484,59229,49371093,133484
06a34ce0823a67a2,73035,63116713,141073,72931,63136871,141073
06bde868757754e8,69630,59694911,142205,69550,59730222,142205
06c7c8dcf8997e9a,110010,100094775,138258,109905,100112492,138258
06c98d34ecea98d8,83535,73615218,131801,83428,73634096,131801
06e702e20759f584,70520,60614374,138760,70414,60625205,138760
06fdcda6c348dd97,89990,80100609,121136,89914,80117367,121136
070b35bbe76aa6f2,18470,8573482,137272,18359,8584281,137272
07123518f05e8672,39352,29434053,138607,39241,29451547,138607
07272f3a77eb66f9,57509,47595964,133983,57398,47607706,133983
072a4ca0afe1707c,28223,18317283,138740,28114,18327463,138740
07366166837bf8e5,37674,27773641,137653,37557,27784153,137653
073908c63c7f161a,42514,32597210,138474,42407,32613154,138474
0750ed7dd5433182,107282,97293071,128473,107232,97381704,128473
076dde0f16c3ec2b,82412,72485832,138919,82321,72511511,138919
076f21519fe80561,61260,51324671,133444,61187,51358883,133444
079ed03b5ead972f,64927,55033137,132188,64816,55042528,132188
07a9ae607a125224,91352,81454673,138686,91234,81464421,138686
07cbfaa5a3270b16,109662,99773123,128492,109556,99788769,128492
07e21beb9d541a65,101599,91678129,138584,101495,91699304,138584
07eb044b2309aa59,30027,20114397,141714,29930,20127745,141714
07fb2b9bc4ae853f,36235,26318677,101897,36214,26332546,101897
080955d368266f37,11015,1097046,139471,10908,1114890,139471
082357165687dfc8,114607,104693891,133036,114504,104708542,133036
08257c9a67984090,24677,14756390,137165,24572,14776162,137165
0849d24138529a42,97130,87214984,137490,97022,87229212,137490
08581a5ac0732b90,47853,37954198,139265,47739,37964417,139265
08606ba69da62556,62033,52098634,141500,61936,52132970,141500
086ff5f670e360b4,60774,50858281,140069,60670,50874047,140069
087b5c6c9b91eecf,77419,67494416,138604,77349,67522032,138604
08903b0fa26e0519,117803,107895067,139037,117698,107904830,139037
08a498ac27e6ae5c,87936,78018330,139072,87831,78035752,139072
08a6335a2140b6e8,78342,68434219,137196,78232,68445993,137196
08b00d9f1822995a,85394,75475349,130686,85287,75493600,130686
08d49b30d24d9c73,58103,48194628,140657,57997,48204570,140657
08fd3fd50475125d,101072,91158351,140286,100960,91171880,140286
0904cab874b55428,93837,83918288,138993,93729,83937111,138993
0913c49d4bcb3f45,117220,107298636,140038,117122,107319760,140038
09159a6613d2f452,60464,50574639,140587,60354,50585043,140587
092e1cd1811a2d0a,74957,65037516,138309,74849,65059716,138309
09397dc54b6f4bf2,89270,79356521,132931,89161,79368614,132931
0947e7168bd5e33a,99788,89896373,102490,99727,89912609,102490
096b9ba7e1ee4c3b,22786,12873798,138846,22678,12885354,138846
09729ea3af643234,101663,91754721,138702,101558,91764506,138702
097c1ebdc97d08d7,104359,94455382,139431,104256,94465744,139431
09863c34f9135fa9,101256,91358668,139350,101147,91368730,139350
0988a0ec09b3cfbe,96144,86215346,142014,96069,86243752,142014
09a7d7f63d5e4b52,11078,1173633,137980,10970,1184734,137980
09b80f9ad49d768e,10788,873504,137964,10683,887792,137964
09b82f16fdd69963,68745,58854170,138189,68634,58864835,138189
09c9496676b20c66,115622,105715064,138771,115522,105727754,138771
09fc2a0bd250af24,108775,98858407,138576,108676,98876818,138576
0a04c292ddc04ca5,109880,99974932,138326,109777,99988327,138326
0a0a350188ba7bed,34177,24253818,138930,34045,24267315,138930
0a1f36c7b6dabb8c,29968,20052480,129508,29877,20067417,129508
0a200a418de7cc5c,13002,3093774,138693,12895,3103915,138693
0a39519215a4edec,46458,36554376,140117,46349,36564730,140117
0a4e02eb99e059f7,91033,81123965,156933,90925,81134569,156933
0a74355f911b55aa,77261,67333550,132193,77201,67363768,132193
0a8f8b04fa8fc8fc,87123,77214795,138738,87017,77224835,138738
0a98b73903de3a45,84347,74379747,128601,84301,74446284,128601
0aab15fff5106d92,108900,98979616,124603,,,
0adbce9d31cf873a,24931,15016591,136267,24819,15029804,136267
0ae6b33343eeb9e9,32784,22876812,137178,32669,22888578,137178
0aed1e3708525084,99576,89657910,138121,99470,89675184,138121
0b1ba22ef34fe358,54689,44755576,132697,54603,44788351,132697
0b300d42f410f40d,26412,16517090,138229,26305,16527290,138229
0b4113ae3e378baf,74242,64334325,137532,74139,64349640,137532
0b55d5545f231442,86368,76415096,130850,86295,76467072,130850
0b6f975e26bbc3df,101845,91913582,132002,101767,91944366,132002
0b9eb255ab4d400d,63436,53503378,121285,63359,53534970,121285
0bc25cf091903dcf,38529,28592443,137871,38455,28629166,137871
0bd5afc1f988cc56,50371,40458212,140390,50266,40470890,140390
0bd7a076bd834b3a,62944,53037165,142528,62825,53047759,142528
0bdc7341b11eec22,36821,26892069,127900,36725,26920104,127900
0be0aa63b2852bf8,14815,4913347,136282,14699,4923151,136282
0bf65d36cdd7b0bb,38045,28133534,136413,37940,28144735,136413
0c063cfcd1067e0c,97655,87746619,139384,97550,87756991,139384
0c1c88b8fb3fe69b,40340,30454035,139158,40234,30464503,139158
0c33ac5d3328117e,96477,86574898,139149,96373,86585299,139149
0c4086b45f7e3644,62006,52074740,140525,61913,52105524,140525
0c43d6a49c81462c,18413,8497118,137827,18308,8512667,137827
0c4778ef196c6566,107129,97150994,91061,107096,97226163,91061
0c59a829f31f0198,106783,96879026,130173,106702,96888638,130173
0c810f59c0a63749,100978,91058390,139078,100869,91077631,139078
0c881d7876c64316,47975,38078035,138969,47866,38087889,138969
0c89ff45369453f4,95202,85294923,139985,95085,85304427,139985
0c97d6cd538f34a2,66070,56173211,132187,65953,56184151,132187
0c98047e71bf2f76,46805,36872894,131065,46729,36904354,131065
0caadb917c84ae97,53753,43853320,133761,53640,43864430,133761
0cac04bcf911b4d2,63287,53373353,133856,63182,53386574,133856
0cc117bc64bf44ef,15295,5402463,96998,15227,5421234,96998
0cdf8901f41fdd3c,26730,16817476,138076,26625,16829140,138076
0ce1de15dadfd014,72503,62596791,140589,72394,62608760,140589
0ce3017bdab0dcdd,75671,65757850,138844,75571,65772595,138844
0ce7fab2c18ee5e5,75170,65240160,129985,75100,65273966,129985
0cebac072cc52987,82946,73038598,162298,82840,73051431,162298
0d15fc3bc0919c98,63994,54093143,131426,63884,54103247,131426
0d24661965b10fae,94696,84797827,138063,94591,84808815,138063
0d39cbed7af01e47,53845,43952813,131486,53733,43963557,131486
0d7614cc48a05d0f,89363,79454805,138878,89251,79464999,138878
0d99cfb996f26f6c,102192,92274987,140164,102099,92291943,140164
0d9c26247d477fd5,36300,26366900,114181,36278,26398894,114181
0da560ed10e6377a,27044,17137193,137755,26930,17146914,137755
0dc14b5efa676b25,36459,26476547,137377,36426,26558705,137377
0dd9984d51cf7353,33348,23477960,374969,,,
0e08fa6ab24b42cd,65049,55135050,143412,64945,55149451,143412
0e20bef07c3c1642,54594,44655868,133548,54512,44693525,133548
0e39bf6184bf4567,91689,81773076,129676,91584,81788106,129676
0e454dd2da79d249,35693,25752400,129919,35624,25792193,129919
0e5655c057ec7b3d,75520,65598711,139212,75435,65623528,139212
0e6b1ed17a535d2a,28972,19073989,139788,28854,19084155,139788
0e8877d02d6edc63,47884,37977879,140209,47768,37988057,140209
0e955096814cdb8c,65589,55653506,133998,65513,55693353,133998
0ea2c41649d1ad23,17203,7291850,127911,17093,7302874,127911
0ea32c7376434226,57602,47693589,133909,57489,47703511,133909
0eaa1f80e77dc84b,115169,105253658,130715,115095,105273303,130715
0eac653f595d2c35,98226,88294503,137867,98161,88345374,137867
0eb95d0da5f80e01,55240,45354496,140759,55135,45365052,140759
0ec1b9de7221267b,102775,92858741,139690,102668,92875033,139690
0ec2b47a2d5b0c5e,31615,21672091,128196,31547,21714408,128196
0ec732739af76655,81082,71140197,130749,81011,71181004,130749
0ed73c84f65bb781,73666,63737767,137881,73584,63769183,137881
0ede5067dc547c27,75332,65395328,131611,75259,65433613,131611
0ee1e62c5556303a,94090,84153283,130542,94016,84188315,130542
0eeeaa4d9032314b,52811,42873044,132362,52745,42912131,132362
0f02a940aee25048,91477,81574631,138869,91360,81584805,138869
0f0b699cd74f3528,47914,38014303,140067,47797,38024198,140067
0f27a51490b421d1,28593,18674037,139693,28487,18692764,139693
0f35a97b124e99d7,64359,54454777,140678,64254,54465625,140678
0f684624eae9daa2,68336,58417397,138555,68229,58436589,138555
0f89f58186604de9,79735,69835572,138814,79619,69845691,138814
0f9a91b194b6b2c7,102677,92758627,140092,102571,92777164,140092
0fb8df8a5b0fb239,111414,101498391,138052,111324,101525017,138052
0fc47acfa42b3c83,33849,23932513,129758,33779,23961448,129758
0fdf18c0eddc98a2,39272,29337177,138119,39172,29371584,138119
0ff1d0d54f7a78e4,60676,50758149,141316,60572,50776329,141316
0ff3bade95e6ce90,65275,55403969,362187,65199,55432767,362227
0ff996e57b471d40,67881,57974237,138445,67780,57984646,138445
1008659782acdd96,25116,15216372,137215,25005,15226245,137215
102531d94e0dce3a,85735,75835184,138481,85615,75845323,138481
102ff881c84da5a9,15890,5959579,69404,15844,5985583,69404
1044ff1e0940c1f0,74306,64394248,138303,74202,64409985,138303
105afc12ae18b79e,116277,106357223,128982,116175,106377862,128982
107eeb471bb0a0c6,51202,41314768,141695,51094,41325178,141695
1086007c61264f53,101696,91821224,338871,101613,91846804,338911
10a99ec37abafbdc,69443,59495375,131271,69375,59542405,131271
10c29881154fe0f2,56830,46913405,133337,56734,46928992,133337
10d235a8f4782d52,49216,39314271,139158,49100,39324231,139158
10e0509d9c110f4f,57381,47473174,133153,57273,47483235,133153
10e7263dad61bafa,16143,6152571,127593,16080,6243262,127593
10eb4d43916e3481,76421,66514402,138600,76310,66530547,138600
10f458de23dc4331,20481,10593761,138822,20373,10604164,138822
1100a7fb875ad221,110355,100454822,138377,110243,100465934,138377
11225cdd73f0846c,41633,31721129,158758,41527,31733389,158758
112f6147abefb307,111560,101657996,137934,111449,101670980,137934
1136da3b85589f7f,53275,43355761,133367,53172,43378085,133367
113c6afdddd8c673,51142,41237162,142552,51030,41246775,142552
113e5636af457d6f,21936,11992132,128946,21870,12034982,128946
114f56ed1cd9be48,95139,85234659,139056,95025,85244412,139056
116b18f3bc0c56d7,78311,68398407,138790,78202,68412871,138790
1171a45da92cd7a1,95869,85976460,101806,95799,85994365,101806
118b643f012cacf5,35438,25501979,113523,35379,25536527,113523
11a109621f38f5fb,36076,26174304,140353,35962,26184587,140353
11c06e0bb3781039,41857,31953850,138278,41748,31964429,138278
11d2915d26c78e89,55743,45838613,139821,55625,45848876,139821
11d718e2854d3a25,53373,43457896,144220,53270,43475514,144220
11f92e789fe51b7c,67034,57113535,133508,66928,57132990,133508
12086a7df4f11947,20512,10617034,137608,20406,10626652,137608
1208a615a5426864,32876,22977674,142115,32769,22990120,142115
1271009bbac31e26,56146,46233334,134188,56042,46246608,134188
1276b8b5248b09f0,79347,69413135,130834,79268,69445637,130834
128ac864b3f39061,73148,63257807,111533,73100,63281673,111533
1291b749cfc61aa3,87155,77238070,137958,87049,77254602,137958
1298d070d6a50b1d,112715,102842688,356000,,,
12aea6f4fa4dd0a3,37643,27736726,137237,37527,27747181,137237
12cc2d14f2d8b861,11826,1959396,339558,11753,1987011,339598
12cd2b3f28715c82,28440,18553935,138150,28335,18565682,138150
12cf9d84a45e3c85,94882,84978048,158615,94776,84989776,158615
12d33a12cd3e0d2a,54191,44274735,141927,54092,44290511,141927
12d3f46693099132,18028,8073837,128259,17970,8126900,128259
130c05cace910de4,57664,47755629,133772,57548,47765332,133772
133bad46f5bdd67c,65526,55593566,134173,65452,55625940,134173
133e4b1eb84fb128,35110,25196396,129946,35009,25213549,129946
135c758b7659801a,72473,62573054,129520,72365,62585201,129520
13629ab1c78a4e5f,109514,99613471,130781,109425,99627169,130781
13844226c93434ad,98346,88418221,139068,98265,88456205,139068
1399bc8f11a437c2,67851,57935317,143324,67754,57951717,143324
13b7fa1d70458e09,86305,76355135,129505,86235,76404666,129505
13c1bf5b2368a5c6,83567,73653630,132731,83460,73666462,132731
13c9231aeedb028f,81274,71334075,131417,81197,71373733,131417
13fb60d8747c6748,50909,40976066,135504,50823,41008135,135504
1407fd09006487fa,84840,74917836,138355,84733,74939653,138355
14246744bd604668,48670,38733096,133233,48601,38769362,133233
1428c9c626ac27c3,96447,86534864,139581,96346,86547135,139581
142b861e693df8ff,75912,66017718,138267,75811,66029921,138267
142b8d3f1480f7ae,103154,93255061,140498,103037,93269578,140498
1435b330ab384e26,47760,37854248,140297,47650,37865259,140297
14495066696d9669,12016,2073724,128698,11947,2115285,128698
1457252387cd1e2c,103691,93799059,103563,103637,93832704,103563
1490d3688286e36f,105325,95373207,129174,105250,95425439,129174
14958c616026a529,85081,75194778,138812,84976,75204996,138812
14b5ba95ccca97ce,93516,83598051,138131,93411,83615227,138131
14c2bf4bb9700bbb,56082,46156613,132119,55977,46181043,132119
14c50b088c17e583,85612,75714800,138475,85497,75725169,138475
14d17d05403cc04d,14219,4333070,136067,14114,4343562,136067
152235155a5804f1,80270,70358556,139608,80162,70370348,139608
1525b0233d8bf3b2,45121,35212963,132593,45020,35222288,132593
15344cfef3aab65a,51706,41794947,143758,51593,41806089,143758
155f23817191bbe0,10460,553431,136599,10362,563948,136599
158c8a7efe690727,56860,46953666,134349,56761,46963058,134349
159c22741d7003a8,63157,53238609,140511,63053,53256485,140511
15a7a532f8fe205c,65017,55098852,139945,64913,55117012,139945
15c77e6b73735dce,25085,15193223,135925,24972,15203036,135925
15dcc14b887d7e8d,21966,12015701,139243,21898,12066531,139243
1607e816ea35e6aa,72657,62757473,137982,72549,62769267,137982
16091709cdc9604e,57413,47495885,134700,57305,47512903,134700
162c10798649bdf6,95635,85715224,137979,95530,85734692,137979
16324641a9dcb8f0,88419,78476261,133721,88347,78518968,133721
1641d6943988c31f,34338,24412782,131721,34221,24427431,131721
165dd92a5b29f76c,25054,15153781,138468,24937,15163629,138468
16619a678458be98,32815,22913648,137001,32698,22925330,137001
166aeec4412811ef,78774,68857955,138012,78673,68876470,138012
167a484163801377,68120,58232894,130552,68012,58242414,130552
167de194ee9fe922,109126,99175793,132202,109101,99227105,132202
168f784b8a075fca,45831,35934878,142560,45720,35945519,142560
16a9e424844b1d7a,88295,78353391,131902,88231,78394315,131902
16b8f9254457cf97,25881,15933972,137254,25817,15980899,137254
16c27009fd796ac3,100217,90278289,139001,100137,90321102,139001
16c9e9b69e38f34e,100306,90378011,138604,100215,90405627,138604
16dfe345cf531e24,72379,62477568,157185,72274,62492302,157185
16ed7604eb0890d0,25755,15812256,129062,25697,15854515,129062
1728ac43f976be95,73782,63874296,137592,73683,63887710,137592
172e883628107007,65774,55853658,135079,65685,55874330,135079
1751d35421bd0846,56243,46333292,134197,56137,46343083,134197
1761dcfd7258bea4,105268,95295261,129100,105202,95367942,129100
176b383f45394c11,48100,38214722,142861,47994,38224946,142861
176d9286db243eb8,84003,74069643,130484,83919,74102040,130484
177703cc58f80afc,32598,22694017,137484,32490,22704245,137484
177f14bfb95a684e,93774,83857898,137469,93668,83874305,137469
177fa8567bcc83fe,79408,69475869,131059,79325,69507421,131059
17841d38c2f8c1d1,77571,67654169,137039,77484,67672173,137039
1799d7aaba1129cb,99935,89993295,130758,99872,90034304,130758
179c6fe307bf3807,51985,42094240,139545,51874,42104433,139545
17b8307ad2878896,74893,64978377,138319,74786,64993861,138319
17f339bd7939599d,43319,33413804,138117,43208,33423154,138117
180c96ee3fa9a8b1,101041,91134646,138213,100931,91145183,138213
18214a9efcc17955,64585,54673492,133657,64477,54684372,133657
18320ef40d3f9b29,18873,8959722,136215,18766,8972613,136215
186dabb6b59e4d03,20452,10553940,137389,20334,10563501,137389
188851cd31d7dc0f,44970,35053214,132827,44882,35068838,132827
18a6ac2e4eff37ce,48067,38173080,132647,47958,38183184,132647
18e5f6cbf6463f29,63501,53571304,120722,63423,53599972,120722
18e9f8e72c72c77e,60403,50498693,138843,60287,50508878,138843
18f3a6ec7894d699,82691,72798047,138115,82586,72808426,138115
190aec15b242848b,14628,4716499,136596,14512,4727525,136596
192b9b178acff577,95325,85418150,138277,95207,85428210,138277
1930845c574bb143,62113,52194495,140096,62005,52213096,140096
19383df596e77898,98102,88154972,129402,98047,88208169,129402
195dfd1931800d49,56584,46653352,133956,56505,46684008,133956
1960c2432d3bf12e,102223,92298695,140223,102127,92322528,140223
19676ce566d118fd,16758,6845810,178146,16656,6860711,178146
1971d2d02bfe38e3,43561,33637811,139950,43456,33661527,139950
1989b4c12db706d0,90751,80858069,139000,90645,80867571,139000
19a9aded75567b6b,90042,80121042,120856,89966,80140240,120856
19ad8a40a6ecf810,20333,10433713,137592,20226,10443305,137592
19cfd6dc2ff44249,117521,107634782,138009,117415,107646114,138009
19d42c3251f870ef,105515,95595114,138250,105408,95615138,138250
19dac784c29328fa,72874,62954720,139898,72772,62976692,139898
19de0dfaebbc9e49,97589,87674818,139383,97484,87688975,139383
19f6d3baf80e8ee6,80581,70694441,137994,80473,70704112,137994
19fe3fbcb275e5c5,108182,98273486,131002,108074,98282825,131002
1a04eb320e9d1d45,42321,32397412,138197,42216,32421621,138197
1a0d7106769b9b65,54255,44338481,139689,54154,44354782,139689
1a17a45f6216346b,56739,46813174,133023,56651,46838988,133023
1a4b86441d539966,108491,98593682,130989,108376,98602925,130989
1a4e86da744a6461,90633,80733279,131274,90524,80743030,131274
1a8e68ebafe35f87,44908,34975552,132790,44824,35007408,132790
1a8fdd7fa8d680f7,32940,23052801,131071,32834,23065214,131071
1ab2a7b96bafe01e,41127,31203837,131037,41041,31226034,131037
1aba55669dc742f0,68962,59037381,137886,68856,59061100,137886
1ac7ae06197b3e90,107338,97355374,129114,107280,97437419,129114
1b1e5c886ab0262b,12447,2533559,138246,12347,2546785,138246
1b2de792b40c4eca,67163,57253325,132810,67057,57262708,132810
1b3691837332eeba,103655,93781777,339395,103584,93830144,339435
1b51211a5ea4058a,79091,69158784,132428,79021,69189998,132428
1b6bb217d9b3b044,113055,103133783,133348,112985,103160424,133348
1b91fc1af2345202,30203,20314032,139449,30094,20324879,139449
1ba06178792f6d13,33124,23212729,131728,33017,23226283,131728
1bcf2dc659c87423,30416,20496937,137472,30310,20515877,137472
1bd7bd9816dd91ba,37981,28073701,137521,37876,28083781,137521
1beef3d8024e54aa,55865,45975181,144564,55755,45985962,144564
1bf7cf83aaf255e5,33939,24014753,131063,33855,24049702,131063
1c03dbf44b731771,88655,78745866,133934,88555,78755791,133934
1c134e39d945f3c0,99335,89434810,138432,99215,89445945,138432
1c14bb36308268d8,95043,85134753,138855,94933,85144493,138855
1c25a5608e1760db,96939,87017683,136612,96835,87038109,136612
1c44b4c4780b459f,56115,46193980,133817,56010,46213898,133817
1c47863657922414,88770,78874874,140384,88657,78885251,140384
1c667f433435926f,105240,95273431,130580,105178,95339343,130580
1c95737322a5cbc0,113180,103256364,133582,113100,103284521,133582
1c97290ec620c3fd,46234,36310522,139107,46129,36334733,139107
1ca90f3e8572ef1d,10121,192199,130153,10048,220241,130153
1caf4067631c812e,119355,109455142,139132,119240,109465503,139132
1cc66962e10ea588,111530,101634663,137564,111423,101647186,137564
1cd82abff6dbf41b,46645,36712898,132446,46573,36744157,132446
1cf851c18b27be89,93992,84062408,131313,93920,84091116,131313
1d3798224e6a6fc9,39380,29473819,137457,39266,29484305,137457
1d596afe4080aead,27107,17213543,137406,26993,17223917,137406
1d69c5604f7e3153,11234,1336299,154327,11120,1347633,154327
1d93b3717132dcdd,27537,17644582,98131,27486,17666001,98131
1da6fcebf0979a7f,46868,36933024,131560,46788,36966918,131560
1db030c01392aeeb,83730,73834839,85712,83650,73853126,85712
1db11c10777c0386,96112,86173118,129476,96038,86211123,129476
1dbd1f3d788011ab,13336,3442699,98165,13279,3464166,98165
1dbdad9b432347ef,74677,64777645,138292,74572,64789733,138292
1dcbd0e87af75168,76667,66777612,157769,76563,66794199,157769
1de39410c17cfbf4,111965,102053399,129853,111858,102066797,129853
1de5bc471a93e86d,83809,73875886,117985,83729,73907060,117985
1e03ef57230d32fa,19908,9972077,129628,19835,10007090,129628
1e404f95490b3d92,33789,23856446,142095,33726,23902797,142095
1e46a0403d8352c7,14753,4856094,153072,14638,4867312,153072
1e4ce298d27ddf29,60741,50834652,141557,60637,50845953,141557
1e4fc2b7c05c6931,68841,58954647,138342,68733,58964245,138342
1e5996f1350a45aa,93806,83894835,139906,93699,83906238,139906
1e629b1f35ea9476,71795,61877627,137874,71693,61896603,137874
1e6e15fc5b502686,13972,4073332,137403,13870,4084346,137403
1e752f35c31857d3,65147,55235332,145428,65042,55246893,145428
1e8802e51e669368,86726,76814515,138616,86620,76825087,138616
1e9622aeac39e224,35566,25613777,127579,35505,25665235,127579
1ea0558b24ab5567,36901,26993670,137521,36792,27003673,137521
1ea98875016efc37,54318,44440751,347885,54235,44468581,347925
1eb597648c60100f,43115,33194204,138834,43029,33215337,138834
1ec7a57069b7b376,19875,9934157,129080,19803,9974626,129080
1ec8ad9637d440ea,28370,18477081,138632,28265,18486779,138632
1ef70df837b90e17,15602,5672415,129001,15526,5701006,129001
1ef89baf5bab6edc,59303,49334964,143300,59255,49402150,143300
1f21ad91b9eb251a,53045,43134915,143775,52946,43151336,143775
1f235d4a3ce478c4,101225,91335152,140290,101115,91345459,140290
1f24a720641ee7ed,63692,53755645,132336,63608,53791841,132336
1f30ef7ccf66d02e,10430,513589,138662,10335,530002,138662
1f5b0bf78ea0c2ef,73265,63322479,130919,73216,63367795,130919
1f60a63fa7fd710b,38831,28886980,93959,38775,28928304,93959
1f7759d925644e5d,13129,3216707,137770,13019,3227652,137770
1fa00d00fc3403e2,96624,86735286,142202,96515,86745730,142202
1fa19712670b5768,76848,66934468,139182,76748,66949824,139182
1fa1d25bb8107a06,59502,49554775,141099,59420,49601690,141099
1fa8f0845c10c54a,92128,82193294,130503,92049,82230531,130503
1fc9fea3a88670fa,23276,13356599,136706,23171,13375126,136706
1fd67364492af8f3,105570,95658100,139608,105456,95669901,139608
1fe4009c4e651928,92410,82494397,137324,92317,82510055,137324
1fe858709e1159e7,110074,100157483,137160,109967,100176903,137160
1fff8fdc38712d58,50725,40775227,132350,50653,40824573,132350
20040984ff8cc07e,73897,63997474,137271,73784,64008756,137271
200a2f5665a6e564,109848,99934870,138637,109745,99950649,138637
2012aafd8caab24b,102710,92794921,139271,102604,92810238,139271
20167cb65e496020,36986,27093631,137046,36873,27104060,137046
201809b2ce30b154,13514,3584624,126777,13456,3613410,126777
20402372e6f12255,112684,102773766,132696,112581,102789012,132696
20627cc1fae48e14,57756,47857661,143419,57646,47867663,143419
20b01b66e3f0ee8c,88982,79075054,140393,88878,79085034,140393
20c6c248d664ad15,98703,88814518,137759,98613,88834031,137759
20d62e037eb7b530,104837,94953294,99896,104799,94961917,99896
20dd3ffe4003d3ad,50755,40813154,132819,50682,40854515,132819
21050ada6eef0e49,107310,97333591,129692,107256,97408818,129692
2138811232b3011a,28786,18873754,138769,28675,18885342,138769
2159aad95ef57ea5,16203,6211670,127758,16131,6302284,127758
2165e7ef8b45f03c,97909,87979388,130761,97861,88058848,130761
216d3e90f53ee4c8,100421,90514745,138820,100317,90524893,138820
2184a17487cd6c7f,111385,101475051,138924,111300,101496408,138924
2195fd0c73a3bf76,92318,82393001,129468,92232,82417850,129468
219706f4625f106c,10088,151955,128673,10016,187924,128673
21a80969de83ff6b,42743,32802369,131716,42680,32842369,131716
21ac816d7f85e6b5,73098,63239181,339403,73034,63279713,339443
21b36df18aa11520,10340,413622,138140,10254,439560,138140
21bcc8c62834b4b6,96842,86918859,139275,96738,86941501,139275
21d5d7c4b49273a8,19971,10029579,129958,19896,10070673,129958
21ea809dae2d4ca7,96874,86954870,139225,96771,86974016,139225
21f77d056a77bff5,62914,53013102,132500,62796,53022562,132500
22162abecc62bef7,117190,107274917,138666,117096,107289949,138666
2217ae00ba38ecb4,115973,106058505,138535,115866,106074977,138535
221a724ac947f17a,89333,79417265,141524,89222,79433079,141524
222aeb94b16b05d0,72121,62214400,139001,72021,62228820,139001
2233eb846b00050f,31583,21634202,128048,31515,21682084,128048
2240361d0117e357,113117,103193800,132515,113043,103220350,132515
2240522135e01e5e,25577,15683833,96418,25522,15706642,96418
22507623324a75db,115557,105638494,139190,115458,105662182,139190
226cec50d39d6501,104300,94394931,139418,104204,94406108,139418
227290018c3254e1,97035,87118375,138223,96930,87134554,138223
2277b097e8a5e9e1,115879,105975092,138062,115775,105989036,138062
229f7c0b2bf27662,51610,41693002,131703,51501,41709705,131703
22b2208ba199708c,66880,56994642,140563,66774,57004442,140563
22bacd9998f098b6,53722,43813354,133863,53610,43824412,133863
22c4501812113d47,71110,61194195,137841,71004,61209542,137841
22c4783e7232435a,118178,108278366,139525,118066,108287814,139525
22d454b44040068a,40526,30614219,139897,40421,30625095,139897
22dbd6707afd1b50,112153,102256709,148390,112042,102270270,148390
22e1c67842491a3c,11356,1465031,136192,11244,1475219,136192
22ea6a65766eed11,114106,104215228,139553,113997,104229581,139553
22f508833e617fb7,58166,48254352,139940,58059,48266452,139940
22fe914221e42c7f,12506,2596797,138392,12400,2607003,138392
230196ae2ba779f6,109309,99378464,138035,109260,99414922,138035
23091effe4728a56,62822,52913333,133337,62708,52922613,133337
23279a73d0c74fe8,24612,14702870,151606,24508,14713375,151606
2351b0c7c2ba425f,36549,26573656,137653,36505,26648937,137653
2366fcc93964001b,59776,49875662,133102,59662,49885850,133102
2367a593b3842813,102132,92215017,139749,102042,92231390,139749
2388bb80ea627d18,88598,78673723,133084,88505,78697732,133084
2391a3a9bcea40ca,13160,3253667,138290,13049,3263303,138290
239ab338b6d82958,119179,109258383,138569,119083,109279126,138569
239c50a7a7c2ee32,82631,72738126,137960,82525,72747770,137960
23a37e9a2c257ae3,34496,24577655,137199,34380,24589319,137199
23a652106104e08c,24076,14136393,136281,23997,14176215,136281
23a6f6b356a0ce6a,106622,96714912,138494,106516,96731017,138494
23b98eef97da0bff,66349,56434597,138518,66242,56449205,138518
23dce035e918f59a,53102,43194518,140325,52996,43205937,140325
2411dfc25b5dd5b6,105626,95734698,138637,105514,95744877,138637
2429644022df927c,59242,49256418,132851,59202,49341349,132851
242d92ef7fed3372,61656,51674489,132616,61603,51756063,132616
244048daffa7e452,97003,87095060,138469,96898,87105232,138469
247b73438fe5dea0,71971,62074590,139472,71861,62086890,139472
24840a12a6fe715a,77294,67357487,141752,77231,67397748,141752
24846ad52477c7b7,104329,94418399,138694,104230,94429335,138694
2498e8ca6e721e37,38310,28353835,128330,38250,28409153,128330
24bafa5d3ffc7e02,56017,46098897,142248,55913,46116892,142248
24ec9dfe863f4d4b,54222,44314855,141094,54123,44325268,141094
24f0b3150cbc0d44,116671,106779099,101935,116602,106797081,101935
24f72a86a4e642a7,51026,41113139,133631,50927,41125166,133631
24f9b32d679c06d1,86491,76553317,131143,86410,76591019,131143
250d45f487608a51,22177,12253483,137275,22088,12276414,137275
250e0183c9580d6e,81242,71295454,131828,81167,71341515,131828
2520bbd0a6c5472a,72535,62634388,138074,72424,62646931,138074
252beed32fb70acb,85917,75997909,138470,85813,76017015,138470
2532c3bd21715a02,65652,55716125,134064,65573,55756089,134064
255870de7eea4594,105150,95173340,129270,105099,95249724,129270
255a69a2891031c0,76452,66537451,136288,76340,66554765,136288
2570ba75fcd64caf,92192,82255139,130541,92111,82294755,130541
25a6ecd04777785e,112522,102614333,135229,112397,102627835,135229
25a6ffdd852233ee,13254,3353397,137936,13139,3363653,137936
25b28d43927b5364,81050,71118133,132085,80979,71149116,132085
25cf986b9f0e7b4f,101348,91454918,139481,101239,91464566,139481
25e402340026afeb,35012,25096588,141781,34911,25116713,141781
25f949db3410dfd8,66602,56695131,144033,66488,56705151,144033
260ea2d4b3ee1c39,94915,85001137,137206,94808,85013946,137206
261ad10913376d14,119984,110074940,138377,119871,110084980,138377
26225074977d0caa,37014,27116785,137252,36904,27126554,137252
263726e5b46b58f9,46530,36637932,103275,46459,36655320,103275
265c7b1c68fb91cb,41919,32014256,140433,41809,32030639,140433
266ac7ae27a0e557,46080,36194358,138805,45973,36204357,138805
26abe6f68d7c5f18,94309,84375171,129830,94225,84408299,129830
26c1ce89868b248f,48006,38113116,133228,47897,38122843,133228
26d27b9542dc2b03,77230,67292874,129050,77170,67332573,129050
26e30e2de88e0081,87774,77858451,139890,87671,77874064,139890
26ed290a6451c0ea,27450,17533867,139445,27344,17549286,139445
26f5a690250fe81b,78526,68634338,138304,78427,68649950,138304
26ff815edd1c0950,103934,94004911,131823,103876,94033920,131823
273ef9931f95f26e,91322,81415309,142748,91204,81425414,142748
2755983aa7dec7cf,22495,12577398,138817,22390,12595001,138817
275bd99251c3e2ba,48890,38955497,131303,48808,38988845,131303
2762dabf7f838672,97314,87414764,139077,97199,87424260,139077
278a5c4b1d41d1f1,65180,55257628,132045,65075,55279173,132045
2792b457bb2ec7ff,111901,101993182,128901,111795,102005080,128901
279479473515aaa3,37426,27513489,136275,37317,27525202,136275
27acbb5df91a06c9,19746,9825790,129322,19675,9845644,129322
27d5c36544f9519c,35723,25774154,128891,35651,25822361,128891
27db89dd22cd4449,67227,57364503,365591,67159,57393922,365631
27dd89a6628db625,94429,84514421,137316,94334,84528752,137316
27e0bff7f792f249,111021,101073400,129594,110979,101135745,129594
27f2258d6e806235,80517,70618156,139435,80407,70627854,139435
28118693e0c5596c,35535,25592214,129041,35475,25634054,129041
281d69024bb5460d,97284,87378287,139087,97170,87388861,139087
28229c90384d9cb4,88450,78513401,132173,88375,78549599,132173
2828936eb6574e67,50661,40715130,131158,50593,40761001,131158
2839c5800e962cee,63598,53655597,132396,63518,53696826,132396
2883487f9e5e0e58,79284,69352963,130187,79209,69383183,130187
288529ace5f57432,42807,32855336,132608,42743,32906221,132608
2889e30376690ca9,33503,23570692,120539,33458,23618132,120539
289ddc6574a1f8c1,90331,80395375,129843,90248,80430298,129843
28bfd0a2ac49428d,62852,52953630,133543,62737,52963458,133543
28c3ff3051d0318b,27320,17396890,137904,27215,17419352,137904
28e0f24a6f2f228f,117161,107238424,139693,117070,107261176,139693
28e2ba94adb10157,54842,44933296,132779,54746,44947588,132779
28e51bbcf9e570ad,113922,104013975,132914,113816,104026901,132914
28f835a1e18a1598,32220,22333933,139431,32114,22344370,139431
2905b47562e3d318,59610,49693529,133550,59509,49710221,133550
2927d8008d9a7c51,56770,46853224,133092,56679,46869647,133092
294a08c6fa189d28,23064,13173987,138960,22953,13183601,138960
294fadbd0de4d4ab,68528,58617347,135780,68417,58627655,135780
2951ffa881c89a93,89826,79914968,140573,89722,79926126,140573
295680c4e2798b75,56800,46875672,133036,56706,46898993,133036
296f92c7c0274da8,23986,14054697,140313,23917,14086102,140313
2978d18a9de41443,81211,71273229,131271,81137,71310611,131271
2989a7cf6571e9d0,80967,71076165,108240,80897,71092595,108240
29c83742a7c1377d,97223,87314594,137844,97112,87324417,137844
29cd99d54c3af0f1,32629,22717202,137627,32520,22728921,137627
29d2b2dc667d6122,19460,9554026,138614,19355,9564435,138614
2a09f562e9588aa6,54530,44595858,133870,54450,44629037,133870
2a0f940735d1419d,59147,49190752,120198,59115,49245939,120198
2a71e5437790abfc,23924,13973834,129619,23860,14023549,129619
2a83b411ba4c7a61,114198,104299017,141313,114092,104310422,141313
2a8837eb6733d142,34649,24735748,129900,34533,24750109,129900
2a976ac12c1854f9,97192,87278529,140085,97082,87291398,140085
2ae1e73af7cc2dc2,93336,83434962,139455,93219,83446637,139455
2b08a2f84cd0b201,106003,96093348,129436,105897,96102386,129436
2b1215df058f8fa4,88800,78898303,138780,88683,78908087,138780
2b3bae3f8e90681b,48319,38404935,139271,48214,38419395,139271
2b512110cb5d496b,81604,71694888,139320,81497,71705345,139320
2b8477ef5686586e,61687,51708926,132209,61632,51786109,132209
2b9b71a207f1f15f,95537,85621560,157748,95432,85637733,157748
2ba730513b60df86,57571,47655898,133713,57459,47670345,133713
2bacdd5274f31592,65863,55953311,132527,65766,55963865,132527
2bc36bcec9716eee,33600,23672726,130729,33552,23714709,130729
2bcf5ab56d8974a3,15813,5938348,395226,15768,5973079,395266
2be504963285149e,20636,10717003,138742,20530,10736068,138742
2c1bd6d8bea9fc4d,25526,15667790,389847,25465,15699558,389887
2c6850fddcf1a6d1,30955,21053710,137480,30838,21063220,137480
2c9d9837c31a23fa,66786,56894292,138390,66677,56905575,138390
2cb67ad31e16ef6c,52623,42673288,132425,52572,42726395,132425
2cbb687c455e9f88,43232,33314903,140995,43131,33332820,140995
2cddad2ebef90fbf,104992,95063460,129140,104952,95091631,129140
2ce7617e54a615be,85674,75774776,139877,85556,75786026,139877
2cf2a77af7e51a39,116407,106494929,139129,116305,106509389,139129
2cfb3e36a3bb5c88,91851,81934571,138074,91744,81950182,138074
2cff03a50e2d88e4,78218,68296379,130480,78113,68321272,130480
2d0722549b1a6938,66253,56339873,142702,66146,56353679,142702
2d166a652f5d9c06,55554,45636033,134018,55444,45654162,134018
2d189a5b77c2d9ae,80636,70725822,138354,80530,70736033,138354
2d2b0219b88ea0da,116598,106678635,139477,116492,106697662,139477
2d5bc6b16d9244f0,35631,25692569,130198,35566,25729834,130198
2da77e3ad363d777,23155,13257094,138015,23046,13266578,138015
2dab3ff000b20e84,32754,22853664,137596,32640,22869304,137596
2dbdda2a00e4cabb,26665,16753678,138256,26561,16765550,138256
2dccb73bbd1976d0,98829,88914511,137514,98738,88932276,137514
2ddc111ba2c56065,72154,62241032,157795,72054,62257616,157795
2de2c713d2dd706d,81692,71794890,140471,81576,71805578,140471
2e403169c6e6f108,24899,14993537,137419,24789,15003231,137419
2e50a5c92df11695,17417,7516218,135985,17304,7526434,135985
2e6005a1673e0357,49068,39152826,131341,48968,39167399,131341
2e60b0a2fba47822,94548,84637655,137090,94440,84647596,137090
2e697de0396303ab,79825,69934686,140306,79716,69945160,140306
2e69bedf62b2f438,75489,65575241,142795,75407,65591479,142795
2e69cc3e4e2a3337,92096,82154972,130952,92018,82196185,130952
2e6e963f11546bb2,70860,60974171,137653,70754,60984448,137653
2e73697046d7a744,49590,39674599,141457,49484,39689868,141457
2e7b0ff7b554224e,31168,21253832,138592,31062,21267072,138592
2e8b4eda093ff69b,74827,64912761,128775,74721,64926949,128775
2ea93da9fe7be9bf,110957,101013303,129030,110918,101072533,129030
2f0ada9ee19b1f00,107161,97171086,118861,107125,97260273,118861
2f1fcec48bc5234e,36606,26633619,136458,36553,26706003,136458
2f1ff246a3a8f17b,111357,101434959,139039,111276,101468580,139039
2f2a8d0673739fef,82848,72934580,139234,82744,72948166,139234
2f2b78f91cdcd833,117426,107534830,138340,117316,107545143,138340
2f332efd0d99179a,90424,80495301,130639,90334,80523394,130639
2f4fe91efd0e4a0a,76166,66254917,141429,76064,66273143,141429
2f5a3f2d2bf0fd23,52330,42413092,132611,52225,42429671,132611
2f5fc6cadfe71187,96358,86434749,137814,96267,86458025,137814
2f61cb263c84083b,117836,107918296,137585,117730,107935006,137585
2f69d7d39f5eeea1,29877,19952271,129411,29795,19976529,129411
2f89bc54e23ff7b5,116439,106518390,139002,116336,106543428,139002
2fa33523cdd04a65,60588,50694669,140524,60479,50705068,140524
2fa83b85b445347b,114919,104994522,136658,114864,105020940,136658
2fac2b148a2fcd45,103591,93674959,139698,103489,93692221,139698
2fba298cf17f9285,83448,73555160,141909,83338,73564986,141909
2fc4de7c5e2d49f5,77197,67254812,129447,77138,67298833,129447
2fcd07585dff250a,85331,75413196,130208,85225,75429413,130208
2fd0b2de990f147d,44309,34394001,138686,44205,34408134,138686
2fdd4457938d905c,91131,81215654,140574,91020,81229905,140574
2fe84bbacda0c8c8,80455,70555075,142048,80339,70564984,142048
2fec8281fb49424c,74554,64654435,138544,74439,64673261,138544
2ffe21ec123ee651,117101,107174726,137520,117016,107201083,137520
300cdd01cd0c41a5,16474,6553724,137331,16360,6573279,137331
30353c8ac3ad6c7f,10371,453508,138622,10282,470665,138622
303984ccb7fdcff7,83842,73913132,130609,83762,73941829,130609
3075606956c7bf1a,35173,25254291,129271,35073,25276342,129271
30852a12480c8b41,114757,104835780,122577,114705,104859058,122577
30948edc5d7d152d,72219,62314768,138094,72118,62328565,138094
30a98d53853a11f0,65620,55693511,132925,65543,55724094,132925
30d22101209b526b,97974,88033306,130531,97925,88084888,130531
30e45be96b8f413e,98641,88754491,137279,98552,88771691,137279
30f41604a77cad38,50402,40539788,343231,50332,40566318,343271
30ffd5c1bf8240d7,116310,106393464,129835,116208,106412368,129835
310f64310b1a0dcd,41273,31357591,139291,41171,31373057,139291
31250eff9155d2ce,87027,77114606,139040,86922,77126434,139040
3146d492fe82dec9,29064,19174011,138545,28953,19183614,138545
315e34c58e0d7fc1,119953,110037238,141296,119841,110052502,141296
3163772b2f91a436,17142,7231986,129077,17034,7241229,129077
3181afee94ebaf7b,76575,66674341,137503,76456,66686107,137503
318ba7d32a4d3e94,82880,72974659,139454,82775,72984900,139454
318d08599d377b75,62087,52158374,140415,61982,52187132,140415
319190e6087d8d48,73003,63092908,130333,72899,63107431,130333
319f7a63874554ee,103093,93178148,138706,102977,93192855,138706
31a6eded895fd273,38278,28332189,128432,38219,28378085,128432
31b2b0e5b236b35f,38014,28096988,137752,37908,28113789,137752
31b8c8f5fff7f6ef,49843,39934654,141461,49730,39944886,141461
31cec8420f78778e,39106,29133719,127860,39029,29204717,127860
31eb77004488c4eb,16700,6815771,151046,16596,6827219,151046
31f6b95f3b18429b,95388,85494579,138359,95274,85504881,138359
32020dd8b2508251,107001,97070284,70732,106972,97096566,70732
322b471aad4bcae3,12937,3017215,138592,12831,3036534,138592
3248e62564e9fbb1,78556,68657853,139067,78457,68670069,139067
326e07f1084d466c,102162,92246116,138723,102070,92261156,138723
327ea1fc2ec04c93,49935,40033129,133414,49818,40042468,133414
32b9ea9622e4a082,46490,36620681,343650,46413,36647638,343690
32c36f4025726523,80425,70515375,132248,80310,70524493,132248
32d0d95249894165,68622,58717896,138020,68508,58728363,138020
32f26a6b598279e2,26952,17053689,137153,26841,17063528,137153
3319207b3ae771ba,70266,60354618,140670,70165,60366676,140670
332571a17d0cecb3,90299,80373469,131555,90218,80398246,131555
332cbe45162f8c2b,31080,21193801,138500,30973,21203207,138500
3330eff900139785,32846,22953670,138314,32736,22968235,138314
333cb89c2e898412,27386,17473736,138933,27281,17485504,138933
3353c18e4f6a07bf,18355,8433812,128246,18258,8453943,128246
338396f16e2295cc,31711,21772422,129656,31639,21810369,129656
33a44870f845961a,55711,45815013,141952,55596,45825648,141952
33c5fd56da9ad9a4,48037,38135625,132976,47928,38145892,132976
33c9e836c0ef40f3,50997,41075737,133460,50901,41095765,133460
341695b9b81e76c4,19030,9115791,140956,18919,9129536,140956
341a93ed8b99c2a4,104388,94494781,139030,104281,94504864,139030
34280f78ee424e78,70080,60194445,138691,69978,60209404,138691
34298745eb6e6d1b,45674,35755174,132906,45568,35773291,132906
342cc20201bf463d,77962,68037769,138878,77860,68068312,138878
343b8ce926f5d369,34860,24972560,131136,34753,24984753,131136
34554542c45b16cf,118024,108118963,138377,117912,108128315,138377
34927b486b991230,74585,64694677,138910,74476,64708669,138910
34b7f1728cc91ad9,35141,25232419,129918,35040,25243349,129918
34d3b39e3e7619fa,24515,14596743,137626,24410,14614854,137626
34deac55ccf0fdc2,20096,10172186,128907,20013,10195792,128907
34ed7d86cbb634e0,29374,19466129,139468,29269,19476471,139468
34f25d302f21863f,76358,66454652,139151,76250,66469088,139151
34f3252f4fa693be,100186,90254822,139423,100109,90290022,139423
3504732863c9054f,73455,63512730,129053,73398,63556675,129053
35056626d90b60ca,95570,85652939,128444,95465,85669255,128444
350aa84440215bfc,94489,84574849,138988,94387,84589074,138988
3510e8798b698b55,75300,65373067,130534,75228,65401558,130534
352a530bbe1b37d5,70013,60117926,139016,69906,60132054,139016
352c7a337aea6ec2,106223,96314699,138073,106110,96324322,138073
353bc2432048fbd6,115911,105998772,140316,115806,106013381,140316
354ce923bd4c9b3e,104091,94157939,138069,104021,94190283,138069
355915b8bc3a98d3,32160,22257404,138120,32045,22267241,138120
355bfb1324fde184,68715,58814467,138655,68597,58824526,138655
356023356c766645,69896,59994651,140666,69787,60006445,140666
3580ddb192cc22e2,78741,68834608,138615,78641,68847660,138615
35bcfab7a00f7b4c,113241,103334102,132826,113155,103346346,132826
35c51d07834a3f6e,26889,16977019,137435,26780,16988055,137435
35e7388379bdfaae,60025,50113183,132876,59918,50124614,132876
35f92b36607c45ba,83074,73158375,140331,82965,73174133,140331
360925531630fb71,65429,55493571,134217,65357,55528278,134217
360ac50dc5001772,77690,67778088,139553,77588,67791523,139553
3633162f5d47e9a0,114822,104893793,132529,114769,104923809,132529
364779a14ecf97a9,13673,3736815,136136,13605,3772660,136136
365958ecf378fdb8,48797,38855399,132675,48722,38895663,132675
3670bea09f14a6b8,89891,79979293,141005,89786,79990136,141005
369c89a0cbb3ba43,33253,23335397,132427,33143,23355453,132427
36a20467183bbe85,51360,41474209,139548,51254,41485006,139548
36c3c5b5567f6b37,102936,93018282,137854,102826,93035854,137854
36ecd0af481e3cc7,23125,13233819,139430,23016,13243696,139430
3700bff939ac45c5,102621,92735001,140010,102515,92745538,140010
3712b236a89c79ad,18841,8936751,155694,18734,8947827,155694
37247663c57e78a3,77660,67754514,139573,77561,67770040,139573
372abb2fe715b4bb,110481,100593534,129370,110375,100606488,129370
37495d59fbeeac71,91163,81254666,139028,91051,81265373,139028
3757690463e23bd5,91258,81353411,131416,91143,81363637,131416
37720acd841ef513,71590,61654456,138456,71511,61694116,138456
379e3b9ea6e48567,26795,16877085,138598,26689,16893899,138598
37b6f60dcf40f743,55960,46074824,140916,55854,46085059,140916
37b96ded97db435c,16315,6356522,154967,16225,6415380,154967
37b96e14491cffe3,55111,45216100,133469,55004,45225552,133469
37c01462faa85e82,61867,51895582,132250,61795,51967200,132250
37d31d02c8c9e23f,99396,89506444,138558,99287,89516571,138558
37d527ada1a24364,44813,34875072,132004,44734,34912041,132004
37e24c8cba268691,101317,91418530,139158,101208,91429023,139158
37edc6eb2607d003,48222,38314415,139406,48117,38324756,139406
37ffe51e27c16758,22322,12413641,138420,22215,12423791,138420
381003e4d41aaebd,87904,77994808,140011,87799,78006812,140011
382ac99a820cb0e6,106161,96254785,138476,106051,96264379,138476
3831fe63809456fe,101010,91095607,138722,100900,91109205,138722
38489e271a69ee54,71678,61754389,139029,71590,61781360,139029
386bd7e19b0b085c,102100,92175037,140705,102013,92200288,140705
387cac1e44f4d32d,108584,98693755,130634,108476,98704077,130634
388b0926a91d5287,35205,25292279,128820,35104,25308059,128820
38bf69591f4197e5,100818,90898514,138690,100713,90918743,138690
38e42f22012886f9,40461,30554233,139276,40357,30564815,139276
38ee164f8b2e9d79,69026,59114620,141161,68920,59126190,141161
38eec185afc37e52,99023,89114494,137463,98924,89128392,137463
392c4b2de00e32e5,117867,107955264,139813,117760,107966202,139813
39346ea3736534bc,47198,37294047,138892,47087,37304393,138892
395ce9c47be95534,114950,105017328,134485,114894,105055430,134485
396afd5e13d326c1,67274,57382936,110952,67212,57401927,110952
397512c66616794a,116096,106195154,139061,115983,106206189,139061
397f6ee3b223bf73,22973,13073644,138025,22859,13083960,138025
39905213d0bb386f,37393,27476629,136603,37286,27493656,136603
39af1e78fb07299a,23797,13851833,127889,23739,13896415,127889
39bc770f7171f242,93119,83214877,139042,93011,83224947,139042
39bed395d561d76f,11046,1133568,139106,10939,1146019,139106
3a048d7ad984a2f9,28282,18377141,138353,28166,18387321,138353
3a13ba0ca627a5bd,38559,28616065,138619,38481,28658725,138619
3a1807f2933bd77e,83232,73334985,140200,83117,73345384,140200
3a34a80539c021fd,18777,8856474,137634,18671,8876413,137634
3a356267cd939e3b,98926,89014505,137324,98832,89029633,137324
3a5539f978ce4fa2,34274,24352192,129002,34136,24364610,129002
3a6ab691cd82b90a,52080,42194519,139922,51974,42204816,139922
3a7e05d742d2dd66,27934,17994085,140756,27863,18034091,140756
3a860f90a37927f7,19154,9252066,129434,19037,9260904,129434
3a99c8a80bdeb697,101535,91618350,138326,101431,91634861,138326
3aa2b7040981d2d9,48980,39053288,132085,48890,39079759,132085
3aa9639391bd1e51,88861,78974786,139745,88755,78985705,139745
3aaf6dec0131bf66,13641,3713760,139545,13576,3741485,139545
3ab783a9e96dff71,50209,40294128,139117,50105,40308249,139117
3ad2a7eedb915ad0,30800,20893660,136992,30689,20903505,136992
3b00e9dd27395b28,14722,4817155,136999,14607,4827753,136999
3b19ba822de9f042,58354,48422351,134598,58283,48452986,134598
3b2a792c28c08b9d,76295,66377558,138643,76189,66399518,138643
3b2d986fce42f9b2,51231,41338470,139895,51125,41348557,139895
3b3aac0ebffc5c18,63190,53273153,132473,63085,53288809,132473
3b62e92ab806c28f,42419,32497519,138368,42313,32518025,138368
3b6fc8a606bc2752,75820,65917912,137987,75706,65929267,137987
3b71275ad1cecbc4,19276,9375132,137726,19164,9384743,137726
3ba706630bcbd75e,112928,103005199,132491,112862,103030713,132491
3bb27ee07841ca2f,50338,40434455,139765,50234,40444606,139765
3be0ea597ecd554a,17387,7493233,136940,17274,7503870,136940
3be19c77794171a0,46047,36154240,139648,45938,36165243,139648
3c1e160381181ecd,42044,32137840,141097,41928,32147694,141097
3c2f0784cc0ac97a,48573,38640696,132173,48505,38672316,132173
3c3ce925171376c3,16638,6736502,136458,16524,6746504,136458
3c3de2138eb361a6,69313,59381750,132367,69248,59413342,132367
3c4c114f7c549297,52870,42933140,132704,52797,42972305,132704
3c7727c3959d2a0f,84097,74257786,345532,84050,74284689,345572
3c8bc1431e371a95,101470,91554980,140013,101367,91570265,140013
3c909a2fef707928,12655,2756958,138716,12545,2767561,138716
3cdc5b65f1ad460c,67734,57813385,131859,67651,57834245,131859
3cf03d9c7e5a7278,66155,56235758,133699,66049,56254735,133699
3cfdc3ab61e98944,24460,14573531,137105,24353,14584125,137105
3d025fdc4eab0aea,23220,13333523,138156,23113,13344001,138156
3d19d5916fedb628,111837,101917762,137021,111731,101939252,137021
3d25b2b266d91f03,70797,60897973,138632,70688,60908483,138632
3d2cfae53a2b6c41,61978,52034583,140361,61890,52078186,140361
3d36ae4a7e178b5f,23765,13814644,129939,23709,13865209,129939
3d409303afac96b8,45738,35832882,132735,45630,35842839,132735
3d4c6fc723b78de5,58198,48278094,140650,58090,48298175,140650
3d51345743d36237,40244,30354173,139846,40134,30364527,139846
3d585be230c80095,81575,71658661,139979,81470,71674485,139979
3d612e163a0599e3,41449,31553840,138179,41333,31563347,138179
3d79f70ac0c16f31,41480,31593671,137353,41373,31603662,137353
3d8b827157724669,96417,86498081,138499,96320,86517086,138499
3d91ebaae7e66321,27716,17753880,128555,27662,17815101,128555
3dc6dadff456ad5d,10309,377089,138630,10225,408882,138630
3dce8d7f44b35173,69231,59339461,102834,69166,59357848,102834
3dd7046408a677a3,76068,66157547,156223,75967,66172071,156223
3dea9f90385c5ccb,114382,104475663,141459,114282,104490502,141459
3dee5ced16b17e91,39681,29780212,230151,39576,29797104,230151
3df6e0f430d367ab,80364,70455063,140980,80252,70465293,140980
3e0bdc54501bbffa,25366,15453356,136774,25261,15470266,136774
3e0eae1454048035,58006,48094433,139901,57901,48106082,139901
3e5580a7e1bc0d9a,70458,60537753,139551,70354,60557925,139551
3e84487aa93b9721,104151,94235210,139026,104075,94250815,139026
3ea0ac06f178a38f,118296,108377655,141850,118189,108395337,141850
3ea3817d9945b051,94607,84715177,140093,94499,84730524,140093
3efc73e50d6ed3b9,54400,44478597,120882,54322,44499197,120882
3f37761badd36e24,40215,30314539,139661,40095,30324556,139661
3f4f6e7ba600cbd8,39615,29699967,154309,39510,29715629,154309
3f58edbb89b3a435,44471,34554120,138673,44366,34570649,138673
3f69efd8ff9c025b,69155,59237688,138498,69048,59254711,138498
3f6fe9f9de685a5d,18441,8533567,137744,18333,8543856,137744
3f7fa2e10a15b29d,16984,7071963,128398,16881,7083173,128398
3f8249f4bd1cc9d1,72939,63017801,138793,72836,63041104,138793
3f9371f00abb4968,88917,78998497,140565,88813,79016623,140565
3f96083f718afae8,20126,10194102,129764,20040,10225154,129764
3fb1cdd2111d7e54,29095,19197478,139022,28986,19207372,139022
3fb314254c861feb,94666,84774518,138166,94561,84784856,138166
3fbb76e4308d169e,119385,109494862,137985,119274,109504896,137985
3fc49d2764a30d68,12808,2893810,139014,12702,2906912,139014
3fd657a76212e0c8,55835,45934658,140587,55714,45944497,140587
3fde8a252b126996,44003,34097172,142217,43886,34106953,142217
400a87ba8320b35e,106468,96575093,138559,106358,96585042,138559
400d4f18b9e11e36,66848,56955187,141269,66739,56965542,141269
402c1098bacd5a0a,20830,10913530,136769,20721,10928643,136769
404d743a940c0084,80014,70101539,138190,79910,70114337,138190
4068a9c85f7a2d39,42105,32214124,139751,41994,32224581,139751
406bcb2124e16132,87840,77918743,140526,87736,77939642,140526
40789e54a07984ef,35872,25953779,137719,35784,25972198,137719
407d869771bf5e13,48490,38598427,105317,48423,38616397,105317
40819ad94936506d,56889,46978359,146224,56787,46989120,146224
409a18f06acd914a,116882,106935210,129142,116810,106980875,129142
40baaacfb74213a5,18680,8756700,137443,18575,8779575,137443
40da14a73cf4b9a4,95763,85854592,138681,95657,85864440,138681
40db855ad3dc05c3,94340,84415395,142208,94253,84440211,142208
40e6a21d17f86c03,78676,68757603,138998,78577,68779651,138998
40f0ce8e0fbd08c6,59529,49594457,140545,59443,49628967,140545
41011a572f23043c,117250,107335111,139478,117149,107349538,139478
41192df2837f2b2e,41419,31517615,138964,41301,31528091,138964
41382a0594dc34b1,93869,84000570,337979,93793,84026438,338019
414597af3dce1d26,71619,61694738,138786,71537,61722569,138786
416a5cd5244912e1,109632,99737288,140036,109523,99751064,140036
417a95a5ee86da78,99706,89794793,138894,99601,89809530,138894
41836e3f6d40b956,82491,72574865,139914,82386,72590885,139914
41981c084a49ccf1,63905,53993325,133194,63803,54003886,133194
41a961ed2445b74a,78839,68919835,130244,78736,68941625,130244
41bb66bdd5f263ae,18090,8137087,137714,18027,8189061,137714
41c0f9625192848a,106815,96942200,349308,106733,96969783,349348
41f9dd6f2944f525,92678,82776528,129404,92566,82786218,129404
41fe7294570c1078,88684,78773399,131978,88580,78783799,131978
420399c633fb778c,105656,95758071,138540,105545,95768350,138540
4239626833cc03cd,29560,19623082,113318,29490,19658161,113318
424eb3bb3f039a2d,38078,28221734,357700,38015,28249488,357740
42a4c336959ce47c,99181,89274681,138894,99072,89289212,138894
42ae2ffab6486877,68174,58254941,130711,68067,58273264,130711
42aff720199412ce,43203,33277519,137343,43106,33302381,137343
42c6c66441513823,56616,46693592,134177,56536,46715643,134177
42cbcda663f74919,114076,104175482,142202,113962,104188080,142202
42d5a8413f5816de,70644,60738861,139485,70532,60749607,139485
42fbb580ab0a0aa0,24645,14733205,136319,24540,14744829,136319
43060b14dd996703,110859,100935841,111509,110822,100989731,111509
43070acd892555ba,55329,45418862,165472,55223,45431302,165472
432165bce0521636,100000,90053424,131353,99935,90099429,131353
432334b63a08cf21,36519,26533461,136411,36479,26619238,136411
4324c94ffdbe1ea6,101502,91595011,139683,101398,91605568,139683
433d11c7b531a329,39874,29954253,130458,39767,29972677,130458
43430dc09cee1cbe,29003,19097401,138435,28883,19106761,138435
435878e84ab35513,43912,33997647,139036,43799,34011916,139036
436d383c03a112b5,83387,73494851,140584,83274,73505248,140584
4371e24347c44435,34056,24154411,141316,33955,24167616,141316
4396d92b238fe568,88326,78375650,131713,88261,78425305,131713
43c0be76e7492cdc,94849,84934804,138354,94743,84947996,138354
43c0eb6afabc6108,40668,30776982,107042,40603,30793902,107042
43d08d0266e86d11,61749,51773364,133124,61690,51848373,133124
43f5f3606e977255,31925,21993916,129432,31836,22024567,129432
441fb577129afb5d,71191,61298727,103021,71127,61315079,103021
442d0021610cf10b,71528,61594461,138943,71454,61629398,138943
443e4bf08a56dc6f,107098,97135476,90402,107066,97194972,90402
44418f221fa22123,88539,78613481,132681,88453,78638258,132681
4456963ae46409b7,27255,17337101,137676,27150,17355663,137676
445d895588280e2a,33471,23536764,119300,33427,23585907,119300
44a718e63ed74100,73961,64074696,139556,73856,64088637,139556
44bb33811f8e489c,51769,41858528,141064,51654,41869022,141064
44f2987453bb63ff,68995,59074624,138792,68889,59093826,138792
44f7a2881354c457,58515,48573528,132550,58441,48614550,132550
452daff3c914b2f8,48919,38993087,132474,48835,39018987,132474
45420a7c44598072,47506,37597881,161347,47400,37609646,161347
4555af0342918b33,12175,2236893,137804,12100,2275593,137804
456a960e04a9b89f,49340,39454205,139661,49233,39463852,139661
456b4c433e6fc9e6,115469,105575119,139149,115356,105586929,139149
457531244a3ed902,57219,47313576,133546,57113,47323635,133546
4580a7d75d717117,71013,61098307,139141,70908,61112886,139141
458716d2bdcc3c5b,32276,22357204,137924,32172,22376581,137924
45b8a1890ddf80ba,99488,89595037,137869,99379,89605144,137869
45bf5af89a612a0d,83480,73592998,130250,83372,73602440,130250
45f1b70f246e723d,90574,80654924,130611,90470,80673428,130611
4618a9361d6dedb5,113537,103619533,140673,113438,103641228,140673
461c22cc99f56f7d,52718,42773090,132323,52661,42823413,132323
46285a77581b6451,57349,47434583,141086,57242,47448836,141086
46354568045d0ceb,57632,47733096,132714,57518,47742437,132714
46525caf311228bc,27481,17628194,392984,27424,17658809,393024
465acf5d6679d39b,110042,100134316,136248,109935,100150321,136248
465b5bee3b9c621e,75642,65734387,138674,75545,65748405,138674
4664d4a6f46363af,105407,95475409,140968,105317,95506593,140968
466c6c304504144f,86610,76694827,139284,86517,76709797,139284
467efe01ce4826d4,14690,4793945,138281,14573,4804207,138281
4684934107bf8c71,119060,109134924,138557,118977,109160241,138557
468b1af94a8f9540,23566,13708971,392588,23506,13740639,392628
4697a382ffee59f0,107629,97714795,138191,107517,97728444,138191
46aa840b28b61497,90139,80213540,131482,90063,80238874,131482
46ad3007b225e0c1,80799,70877999,138853,80693,70898277,138853
46daba566098aa4c,44220,34334619,142363,44114,34345112,142363
46f40e1dc397a181,15189,5273611,138259,15083,5289168,138259
4703f2f66fa4ede9,56049,46134304,139302,55945,46148944,139302
470680c0a45c25d7,89794,79878600,141055,89690,79894043,141055
470a72844c8166eb,45578,35660682,158694,45474,35679871,158694
4710c5638564585f,59665,49753165,133154,59556,49764530,133154
471582107066ed44,45360,35473982,139088,45254,35484969,139088
4717e93692f0d7e2,119325,109418362,139268,119213,109428753,139268
471d0ff582c922b6,46580,36657594,116501,46509,36678889,116501
471d2ffb225b33bc,77100,67180534,130093,77042,67205299,130093
4732483d448f2869,56948,47037327,144893,56840,47047959,144893
4736ce0c74bee361,112992,103056023,131540,112924,103095768,131540
47509ffd9f803244,31955,22032557,131352,31862,22054470,131352
4788c067da82330b,19844,9912317,129674,19772,9942990,129674
47a1e479fff911bf,96564,86659627,142139,96452,86670460,142139
47b6d381fdeed880,70674,60774420,138564,70560,60784635,138564
47d13a8eeaa423c6,35784,25854115,139394,35706,25883739,139394
47ed94ce2dc98cef,44876,34953101,133160,44794,34975244,133160
4808889d19473aa1,61378,51532094,366653,61325,51559831,366693
48149fed4e16f98b,51893,41994576,141491,51777,42005097,141491
481b9a1dd3184933,91569,81674795,139647,91458,81684474,139647
4820ba93d1f0d196,87999,78141364,346071,87935,78169578,346111
48399cee072fa535,73517,63575344,141571,73454,63621347,141571
4839e68fcf3e7411,52750,42813245,132980,52690,42851098,132980
48405c2e027e1d61,97161,87254877,139587,97052,87264460,139587
48454209946c28d6,40494,30577782,139282,40389,30593870,139282
485d855f8a5bb594,43145,33217839,139380,43055,33244673,139380
486645995b3fb380,50848,40912950,131594,50768,40946974,131594
487b932195759035,13191,3294053,138287,13079,3305732,138287
488a2e6b5e6ff4af,16667,6776247,154103,16557,6787840,154103
4894eb2ad223ef9a,80733,70815010,141111,80628,70832815,141111
489c269646b3bcbe,114671,104801219,346807,114602,104848343,346847
48d9bcc10624d891,23438,13516922,138437,23333,13537669,138437
48ddead12d36c06f,87345,77434450,138051,87233,77444445,138051
48e27b907adfa77b,26698,16794157,139596,26594,16804067,139596
48e7b6306261b39b,82307,72354706,139856,82237,72406742,139856
48eabaf63cee6460,79157,69215693,131093,79086,69256025,131093
4920a7366122ae73,38988,29012337,129055,38924,29086949,129055
492ac06604054b0e,93428,83534553,138059,93316,83544839,138059
493311658833aa7b,48765,38832948,132189,48692,38864200,132189
4949e1af3dbeac1b,99427,89534776,138933,99318,89544711,138933
4949efaec2613f54,90204,80273331,131397,90126,80303190,131397
494f21f55bddc392,43754,33837817,138653,43646,33853461,138653
496d62054b778aae,107603,97677819,137768,107495,97702320,137768
4990b5a59654390a,74274,64357587,138004,74171,64377336,138004
49f2b8b54062d8ae,51480,41573210,131547,51374,41583018,131547
4a3bc4283634e3b9,78154,68238575,139877,78050,68256066,139877
4a52c25118c0beda,38342,28392739,129446,38281,28441148,129446
4a61b3bd411d3900,24962,15053923,137131,24849,15063302,137131
4aa1c51c57ab2e10,44619,34697159,116307,44543,34717019,116307
4aaa5370ec548637,107446,97492947,127963,107367,97545538,127963
4ab95ffb44323a9c,58850,48933911,134062,58748,48949065,134062
4ac455ece3d0c9e9,65557,55616033,132868,65483,55657482,132868
4acf9a9c9df3b245,33695,23754428,131005,33642,23808977,131005
4afefe61b1ee52d6,40718,30797232,119380,40652,30816432,119380
4b1bfb68604d895c,64142,54253448,133563,64034,54262976,133563
4b1f232bbee437bb,41761,31853976,138334,41654,31864249,138334
4b2043eea49a058b,45894,35994110,139667,45780,36004618,139667
4b216054f6671496,47020,37095601,131876,46928,37119546,131876
4b22001168a65d18,106852,97027035,334289,106819,97052813,334329
4b54a2a63066e06d,75730,65834614,138332,75625,65848041,138332
4b6d974ca8db76d2,112337,102436224,132916,112229,102448501,132916
4b6dacc03fa44da6,71708,61777793,138442,71616,61811521,138442
4b7c348c0415a11e,20733,10823609,158137,20627,10835965,158137
4b8f67a3fa7afe01,45769,35857143,143240,45660,35868770,143240
4b90434693baad3a,95951,86017830,130560,95881,86049850,130560
4ba937fc60d201b7,15125,5211868,127761,15019,5224069,127761
4bb4bcc011fad719,65893,55975510,131514,65793,55992970,131514
4bbb7a86ede4b7ac,28849,18934227,137895,28736,18947966,137895
4bcc304647df84b4,27811,17853970,128643,27752,17909789,128643
4c016429341de78d,12624,2733551,139137,12514,2744356,139137
4c0af75a374157fb,76606,66714620,138685,76498,66730534,138685
4c59bf0eeb40b885,11535,1617163,138239,11431,1634490,138239
4c6826ee9284c9fd,113732,103815344,140848,113631,103833610,140848
4c6f7df99cf956a9,86430,76493181,130157,86353,76528981,130157
4c901873268a4fe8,81486,71574728,139686,81391,71586217,139686
4ca681e20a24160d,29187,19293765,138206,29078,19304050,138206
4cb01ae76813d578,22593,12673526,137400,22488,12692662,137400
4cbbfaa9bf4e906e,27683,17732197,129695,27630,17782591,129695
4cbcf1b6db0c4a44,32907,23015686,149071,32800,23028471,149071
4ce6f38088a136a0,34090,24202606,130114,33984,24215945,130114
4d216b63dfa9c226,31436,21543807,99349,31370,21563118,99349
4d34d49a9fcf9af8,14151,4256658,137156,14045,4267329,137156
4d4adf22c650e870,103341,93455070,138668,103236,93469014,138668
4d901aff2e4b8821,110293,100394946,139205,110177,100410075,139205
4d94482e7cf34063,35269,25354052,129390,35167,25372702,129390
4d9492ea9cba9957,27200,17313879,138749,27094,17324305,138749
4d955eda29c7f342,10024,91872,129134,9953,123162,129134
4d96d7cee0f5cae0,51261,41374181,139681,51156,41384373,139681
4d9f094717c62094,23309,13393829,139176,23204,13408158,139176
4dc2d93fab6d329b,40429,30514134,139612,40325,30529065,139612
4dd0d0799ec7f811,51415,41501021,158893,51310,41516060,158893
4de63294cf0496d2,80766,70854579,139622,80660,70865457,139622
4df3c05b5b956914,40092,30193765,136982,39978,30204512,136982
4e0294c894576f06,60089,50173318,133571,59981,50188369,133571
4e142cbadd4609d3,82107,72143548,138566,82069,72207539,138566
4e44705f506a5ef8,108245,98333327,129416,108134,98344189,129416
4e44cc0f28182fc6,89239,79334092,134282,89131,79344410,134282
4e4cadde99063686,95264,85358219,138133,95144,85367870,138133
4e6bc63556a6fbd9,57445,47533193,133039,57337,47544628,133039
4e6dc7613adedf4a,32470,22556801,155530,32365,22571291,155530
4e751a08b455e602,78495,68598185,138818,78396,68616552,138818
4e7dacc917764525,94459,84537664,138084,94361,84559421,138084
4eb94d329842b941,108460,98555587,131350,108346,98565709,131350
4ebc5c7020bfbcf3,77481,67554600,139776,77405,67584355,139776
4ee7f4f8af7b3680,105210,95234983,128936,105152,95309715,128936
4efa8bd88bb3870a,93213,83298257,139226,93102,83313321,139226
4f2b1d5722971a6b,53131,43233005,132477,53021,43245052,132477
4f2e4ccba8fb43e7,80926,71058021,332358,80851,71084818,332398
4f322031d3b42f33,55172,45278668,138828,55067,45288192,138828
4f323824ef10aec6,54158,44238301,140119,54060,44258771,140119
4f3900377810fab9,46899,36973030,133111,46818,36998581,133111
4f571d89faaceacd,29308,19393940,139689,29203,19406997,139689
4f5901bc2f1e004c,119763,109855140,138157,119657,109865725,138157
4f67d752c0ce4fa5,28942,19033705,137579,28825,19043159,137579
4f7e2c642af15166,34434,24514094,139781,34317,24526034,139781
4f8b226c55554c89,73232,63300312,132415,73184,63332768,132415
4f8c0b47535b2979,53906,44012977,131725,53796,44025001,131725
4fc00c1cbdcdef08,52687,42735648,133592,52632,42787995,133592
4fc8b956a9d80da0,97437,87538214,138612,97328,87548210,138612
4fe034fbf5031271,81306,71373121,130814,81227,71405110,130814
501e2d6ea2f9a7c8,60557,50658338,141465,60448,50668977,141465
502254b296dafba2,114167,104275119,139913,114061,104288399,139913
502e09f4993a958b,103278,93378074,138409,103171,93389977,138409
5050f6868a4145a4,104699,94780942,136934,104595,94798609,136934
50732677c9d2f725,50531,40599631,133864,50466,40630452,133864
5087ce4055b6bae5,117674,107761178,137615,117570,107774000,137615
50a047df33de59d1,100334,90415166,141139,100241,90434129,141139
50bf9f1bbdf29165,113024,103091449,118493,112955,103125551,118493
50bfa0e8ec3119f8,101567,91654724,139194,101463,91666616,139194
50ea9b56bd042dc4,81633,71730546,136992,81522,71741204,136992
50f905cdc249b2c6,87251,77334844,137789,87142,77350140,137789
5100899e2058c159,39648,29736207,152066,39543,29748772,152066
512952f6f84ee0f0,39217,29273990,138457,39125,29317056,138457
5135e70785382fc7,37200,27279913,155653,37094,27300700,155653
51631c5ce79d1165,78373,68474160,137293,78262,68488848,137293
517ea6de6e11ff42,40275,30377600,138540,40167,30387700,138540
51828cfeba0763bd,91290,81375372,129833,91173,81388905,129833
51ad659ba2c40f48,62375,52458472,146505,62269,52474578,146505
51c82adb72a27e18,84035,74121188,130866,83950,74133943,130866
52080064c61a3ac3,37168,27253667,137321,37063,27267524,137321
521634a8a114964e,118999,109058445,139753,118922,109099584,139753
523adc52768dacd5,113603,103679112,141463,113504,103706473,141463
5251ce6110345240,114014,104113657,132149,113904,104125743,132149
5261d49190163453,85765,75874201,136964,85654,75884516,136964
527006808f74cb6d,76698,66799521,130062,76594,66811180,130062
527bcdbbef7da34c,28754,18837287,137610,28644,18853017,137610
52b6c6e8c3497817,11202,1293876,139852,11090,1303845,139852
52bef5266664fb1a,92440,82517630,137746,92344,82539607,137746
52c4ad49cde5219a,110988,101035131,128637,110948,101106126,128637
52d4d3b79ffcacc8,91445,81537873,139041,91329,81548671,139041
52fb663d8d31b201,24805,14893498,136846,24698,14904539,136846
52ff825713021407,86784,76877793,139239,86671,76887230,139239
530960bc5152d043,61441,51552846,83093,61393,51565810,83093
53212aa80dc206ed,105939,96015604,131193,105834,96038241,131193
5331d9f808b46d38,40751,30819622,132518,40685,30850094,132518
53397fc6cbed2c2e,37860,27973735,137641,37753,27983964,137641
533bd9f461ca734f,101134,91234863,139790,101020,91245506,139790
533c23189e14c118,38245,28304529,130480,38187,28344980,130480
5345a3538fcfc2d7,113391,103493735,131955,113288,103507657,131955
535363496e69e562,78587,68694750,140121,78488,68706809,140121
5356c47ab1ca0e9f,74049,64134349,138800,73948,64153496,138800
535910fd6d68b816,53160,43255499,132961,53047,43266631,132961
5364dca18892e794,113570,103655232,141071,113471,103675557,141071
5367e5aa61177b37,16082,6098234,111297,16025,6180949,111297
5386cd059ed5436c,12144,2213624,138667,12070,2243332,138667
53956fb1404917d5,87709,77794708,139399,87607,77809371,139399
53ab7348ade71b0a,110665,100755014,139603,110558,100769059,139603
53d0a691f4f8bfbd,88510,78573661,132416,88428,78608859,132416
53f3484b925ba0a5,14783,4879017,135935,14668,4889507,135935
53f773eaa86cfb4e,71466,61516958,142528,71395,61567044,142528
5401ae738df11627,53502,43594359,140475,53397,43608318,140475
540c32cb38aabc6f,53190,43293153,133381,53074,43304307,133381
541480b5fce7abe1,101780,91860550,131156,101702,91879467,131156
5495767fa1e24523,82519,72614661,139954,82410,72625091,139954
5498e16a158242a2,62059,52134629,141093,61958,52159721,141093
549bf43e0d4dfe1a,78186,68274400,138794,78081,68290097,138794
54ac5d38310d1318,32661,22753786,138389,32551,22764246,138389
54b65f4a1c14f8a3,24046,14113462,136910,23970,14145722,136910
54b9f04ad7e453db,119029,109096545,138175,118949,109129277,138175
54d47062efaf19d4,46016,36117707,139328,45907,36128208,139328
54e4de6f7fb87e09,65494,55553228,132163,65421,55593448,132163
550dd390826d7965,12268,2336782,138358,12187,2368375,138358
552c8e53bfb27802,71370,61415143,131568,71304,61468886,131568
554f27e9555318c3,91538,81637892,138701,91426,81647590,138701
55502aae0ef48147,27168,17273886,138941,27056,17284263,138941
5573a7cd97c6aaaf,115230,105313804,131118,115147,105330858,131118
55926acab9188c3e,18745,8833199,135890,18640,8844957,135890
55a1a79692535b3e,30611,20696264,141096,30504,20710812,141096
55b54ea0fedfa620,66817,56918303,142273,66708,56929178,142273
55e61f855a069aaa,49966,40073322,133263,49852,40082851,133263
55eb7b6d3541116c,23003,13097033,138593,22887,13106386,138593
55ed95d6eb2a7064,12684,2793560,138055,12574,2803103,138055
55fb08304be12e22,20034,10094059,128814,19955,10133292,128814
5602b2ddaacb8d4e,22848,12934146,138606,22739,12947692,138606
561bf049fb55f8b9,76760,66874242,137661,76657,66889008,137661
561d978af6796439,83170,73256928,141952,83057,73269313,141952
56247d6c6004a2a5,105488,95558368,138426,105385,95587815,138426
5636659dd326f771,29784,19852299,129386,29708,19883505,129386
56664f05c42be022,65683,55753388,133436,65602,55782977,133436
5682ca9be701c1cf,81545,71634821,140449,81444,71645701,140449
568f201c427d910e,114415,104499348,139876,114315,104518169,139876
56a6a10581d50e6f,98376,88454725,137864,98290,88483963,137864
56b56a7ab17fa782,32502,22593558,136633,32396,22603886,136633
5728e6e3f9237142,25690,15745942,128169,25634,15788572,128169
573ff5a32e8ef582,90236,80295458,131198,90157,80336171,131198
574d44d883a2d180,92588,82677532,136517,92479,82687431,136517
575723dd0e8a34ec,36662,26703505,129066,36598,26761113,129066
5774bc9fd03e8922,74114,64198556,161943,74012,64219464,161943
579b56a17b2b4f5f,72000,62114415,139209,71897,62128960,139209
57abad12a70fd954,68087,58192798,129388,67974,58202386,129388
57b1f184d2aeb599,38676,28791278,97839,38622,28800019,97839
57c07ea3c633c42b,30986,21093834,138600,30873,21103405,138600
57cc68c1a30e1976,12720,2833518,138261,12612,2843370,138261
57db55abd6314814,60372,50475199,144305,60257,50486217,144305
57e3745f1d134d1c,85982,76074910,139494,85878,76085352,139494
57e6a62880b075b8,109761,99873235,129374,109658,99886917,129374
57f39676c01a6b4e,24192,14273634,137872,24098,14292467,137872
57fa3526d911b655,114789,104856320,121503,114737,104892106,121503
5812e72b2b0607ec,74211,64294596,140133,74108,64312581,140133
582f6e4abc386238,53438,43518023,140027,53334,43541563,140027
5838f0832b4c52d5,82280,72314773,139807,82215,72380309,139807
5862e362fd251080,46395,36477656,138796,46288,36494322,138796
5872008c8ed58a3c,44502,34594097,139030,44397,34604433,139030
58827d952a1e7624,58731,48813518,133488,58642,48830200,133488
589f9c4375b8a632,60057,50135595,132919,59949,50156058,132919
58bc0a1db490cba6,108368,98473520,130592,108252,98482456,130592
58be60b28ed321fb,30116,20213668,138597,30009,20224129,138597
58ca08ab637475cc,27076,17173838,138421,26959,17184058,138421
58d73d09773080b2,58964,49076010,86172,58937,49087532,86172
5902a8c5b4e01f21,92349,82416837,140499,92261,82449161,140499
590533d811261054,119537,109618612,139438,119433,109637148,139438
591ef13fa7abe13f,28138,18217067,137638,28041,18237681,137638
59399dfa7a577732,102461,92558592,140185,102343,92568307,140185
59481cbff7ed0d7a,39523,29633777,137576,39413,29643608,137576
5948cccedea7acba,107366,97393334,130444,107302,97464967,130444
5951501e453b8a9f,65114,55193275,132667,65010,55213417,132667
59648b7e70593854,95076,85158316,139643,94964,85175124,139643
5977db2e48445029,84785,74858286,140064,84686,74885677,140064
59944be2ccf786ac,43849,33934527,139219,43738,33948591,139219
5998e20a76b1b60c,54873,44955741,133063,54774,44976423,133063
59a7833c7533f317,25913,15973575,138214,25846,16013124,138214
59d9c43c9786e047,76199,66278360,139289,76096,66304090,139289
5a026e137ce02f64,39018,29052244,126665,38951,29116684,126665
5a06bb200aa3e818,87742,77834860,139618,87640,77846120,139618
5a1b4108ab5db282,114983,105053967,132071,114925,105087037,132071
5a20bce03ccfd3e8,84620,74655320,131251,84547,74719031,131251
5a28ad26792bd571,85582,75674481,138308,85468,75684365,138308
5a37c2b49bd3da46,105777,95861543,156363,105672,95877964,156363
5a4009c7c94b93a3,107524,97593383,128995,107430,97623382,128995
5a454e65ad0ef4dc,72810,62894478,139507,72708,62922644,139507
5a4c73dab4cce3df,57100,47213299,133936,56992,47223217,133936
5a6dba54e46e8287,37612,27713564,137200,37498,27723629,137200
5a91660414749cd0,65313,55422161,108584,65242,55445392,108584
5a96af8d81fe94b3,63964,54055711,146240,63857,54067470,146240
5aaba890bba4b614,89047,79134498,138294,88942,79145939,138294
5ae81e2e30e4c1fd,58271,48379624,106073,58201,48395365,106073
5b0e71b9b70dc334,66936,57018354,140160,66831,57035293,140160
5b0f30ec9476604b,52169,42253293,134438,52064,42268448,134438
5b3f65bad5b11ff6,15377,5439739,111703,15307,5474724,111703
5b76557c7605844a,13825,3913542,136815,13741,3924457,136815
5b9388374f0e9126,100393,90478620,138699,100292,90493184,138699
5ba64de4d02d8f8b,61071,51115204,132219,61010,51170098,132219
5ba66d97a9e868a4,90075,80143750,134039,89999,80175377,134039
5baccdaa8323b0b2,103558,93638160,138876,103456,93662920,138876
5bb7037efa875116,59333,49358550,139460,59282,49432284,139460
5bbb6c1c471ddebe,75268,65335537,130476,75196,65370247,130476
5bdffce98e4bcfcd,34618,24713774,138458,34503,24735230,138458
5be3f2496bef3ca6,82603,72714759,139145,82494,72725292,139145
5be445f690496aa1,83906,73975756,131534,83825,74005340,131534
5bf07606a8d3c8f9,17015,7093693,129238,16911,7114732,129238
5c042053222bf679,89547,79654558,139048,89437,79665793,139048
5c2190ec43f67090,60185,50273244,132972,60076,50284390,132972
5c33d0ce5fc1ec94,48254,38337932,139389,48149,38353175,139389
5c4d19317261e73d,18560,8673561,137569,18453,8683718,137569
5c61b06beb1d4420,35599,25652241,128494,35536,25697638,128494
5c9b46b029c6896a,72689,62794326,138439,72581,62806129,138439
5ca43d94580429b7,76390,66478098,138792,76281,66491419,138792
5cb335bfd105ac5b,92618,82715506,138650,92506,82725776,138650
5cc2a703b94acf9a,18712,8796592,154743,18607,8813543,154743
5cc2f1f938ea666e,29405,19493776,139041,29300,19505221,139041
5cd63878d21b1215,68929,59014111,137647,68823,59028127,137647
5cff3dd6dca9b107,114887,104953809,131914,114833,104989551,131914
5d241327d081c0ce,78903,68994335,138450,78798,69009001,138450
5d3b9d846f0b51f5,9959,36264,115303,9889,57003,115303
5d3d69b86f633b98,20393,10493352,136796,20280,10503157,136796
5d405b8c90842c42,99838,89918784,132524,99777,89937580,132524
5d428f91e92e18f1,30707,20793703,137490,30598,20806128,137490
5d628039f7cddc79,33093,23172854,132563,32985,23193545,132563
5d67fe31f0e0b673,64203,54313595,133743,64095,54323479,133743
5d8dd0e2834561bf,70981,61074786,140334,70876,61085552,140334
5d95d94306e5c54a,45299,35396326,140237,45182,35405915,140237
5d9ff6846ff6ef1d,73067,63154607,138743,72962,63168650,138743
5da0047cc88e93c0,58820,48896401,134254,58722,48919766,134254
5dae8efde43a6fc2,54350,44458139,105180,54271,44476462,105180
5dc458d15bfd9e3f,10400,476870,138587,10308,500228,138587
5deec07f50afc6ca,47945,38054510,140482,47834,38064881,140482
5df87fecf4af582c,32102,22203580,129779,31992,22213657,129779
5e1460672f7305c8,62254,52356262,134247,62143,52366001,134247
5e22e3a29e3ac4ed,110762,100900485,343974,,,
5e2a6072f257096a,70915,60997395,137369,70810,61014901,137369
5e3814afb214f589,13546,3608194,128749,13486,3645274,128749
5e3ab898470f1e11,100787,90875103,139879,100682,90886566,139879
5e5ae8eeaac0c7ad,26003,16073671,138546,25927,16102937,138546
5e5b8dc1d5db3b12,63035,53138606,140078,62927,53148053,140078
5e5db229261d9b6f,19395,9476514,137537,19290,9495056,137537
5e814d8643c2a418,12113,2173530,135814,12040,2212328,135814
5ecf19ae6ad2e75a,102283,92374732,139259,102181,92384936,139259
5ed6cdbfda86429f,42075,32174328,139748,41958,32184712,139748
5f2909c4ca3ba285,15695,5846408,397061,15645,5879361,397101
5f29c59be9a460c9,105181,95213199,127717,105126,95280904,127717
5f323d7bc49b0c6c,49904,39997152,133442,49789,40006927,133442
5f3a230e651426b2,100567,90674885,139568,100455,90685265,139568
5f41fb764bf21e68,50499,40576971,116160,50434,40597561,116160
5f626a69ae6c8c3b,72283,62374154,137276,72181,62387780,137276
5f63b5a51391dc99,96535,86635591,144074,96425,86646253,144074
5f64cd66e0e4676d,25301,15376616,135936,25196,15404747,135936
5f884368e8248835,38437,28493762,137360,38370,28536485,137360
5f9f8b41898472ef,92559,82654497,138827,92452,82665571,138827
5faa88e07d42c6ca,91194,81278136,139061,91082,81293971,139061
5fd51b8753806d0c,30264,20373869,139295,30157,20384599,139295
5fd78f75448ae93d,57252,47336240,133972,57146,47351774,133972
5fe9c3d037664975,61198,51253082,132474,61131,51297233,132474
5fed4d64db43e7aa,49526,39614305,139626,49420,39625504,139626
5ff2c8ea995a072f,90543,80632840,128596,90443,80643231,128596
5ff2d5c2cbcb0fd5,111934,102015128,130111,111827,102036029,130111
601b354416ea259e,85363,75453316,129901,85256,75462732,129901
601b809566332e79,104927,95019428,129846,104889,95029299,129846
6024f5cf4763c703,115045,105115798,130157,114983,105148863,130157
605acb2d2f685d46,66663,56758435,139262,66547,56768444,139262
6061296b8e63fa34,75611,65694560,138890,75518,65712774,138890
606fd297f7b55ebc,67519,57573559,132691,67452,57618262,132691
6077745df1af6c14,45706,35793063,132984,45599,35805307,132984
608406c2b7598e6b,82464,72538057,138726,82364,72564790,138726
6089037fc3203bb4,84411,74430159,130553,84362,74509864,130553
608d88b21451f089,61350,51422889,132483,61268,51453424,132483
608fbf053f888bbe,30360,20473643,137914,30253,20483333,137914
6092c247d019f54f,90843,80954455,137906,90736,80964747,137906
60ab1ad9b8689f76,50449,40557364,104942,50384,40574172,104942
60cea834c31be14c,67131,57216168,134268,67025,57229658,134268
60d25ab4d2abb5b7,85169,75254377,137809,85064,75268237,137809
60f38dea893665e2,104894,94986534,131435,104856,94995811,131435
610a0fd0697a5888,103396,93478518,138971,103295,93498851,138971
61158a356315fd61,79221,69275562,132346,79148,69319817,132346
6154ed6bfe080ac4,81179,71235413,131049,81106,71278121,131049
615f63b95335bd59,89079,79158150,140188,88975,79178714,140188
61767860270f9e5d,57694,47793449,134278,57576,47803371,134278
61784c94ce922918,84563,74595231,131094,84498,74662220,131094
6191d6f480fe1eaa,103462,93538485,138904,103361,93566037,138904
61921acd5d766cdf,79982,70078221,159513,79877,70090518,159513
61a146d8ae101d2c,75021,65114315,138166,74911,65126813,138166
61a46bc5ebe80058,116720,106798445,114577,116651,106818759,114577
61c85468aca15d57,59992,50075828,141012,59885,50092423,141012
61d46b47e02a6854,10854,937802,138722,10749,953265,138722
61f21974f701b94e,101813,91882950,132742,101735,91912505,132742
61f2766209338a03,111502,101595003,137546,111398,101608197,137546
623af5828b95205b,31297,21377120,138091,31191,21396743,138091
6278125ba3469e65,41036,31095299,131880,40959,31135374,131880
62940467a1867c10,90969,81057814,157819,90861,81068853,157819
62a282f9f90030f5,55490,45573820,134065,55383,45589502,134065
62a4fecbf660b807,32535,22617045,138810,32428,22634741,138810
62ae9b6a84c7f8ed,49874,39974592,141797,49760,39985211,141797
62b3136603b75166,26063,16133761,136923,25980,16162943,136923
62d1a0669d08a505,10982,1073463,137958,10876,1084118,137958
63052f75fc1950b2,55927,46034604,140985,55819,46044866,140985
630b25756d434cdf,79439,69513246,132461,79353,69539588,132461
631bb29cf6dadb29,68653,58754192,137751,68538,58764641,137751
632368238b0b8e22,98287,88358246,139046,98214,88405645,139046
6333f01d37406b0c,111116,101174649,137361,111067,101230570,137361
636021a8e4bf75c8,77601,67694357,137121,77510,67707351,137121
63829edf7faeb929,37135,27217140,138108,37030,27234306,138108
63a68d4af9eab7c0,33060,23135000,131492,32953,23164212,131492
63b9c589504abb0a,79676,69774653,140017,79565,69785202,140017
63be55753858dece,117308,107398479,138627,117201,107408685,138627
63c9de9d2829c091,24308,14396613,137247,24198,14406753,137247
63d2c92319684bd3,114855,104916045,131985,114802,104959275,131985
63e318b480b2f260,83294,73395084,142405,83176,73406100,142405
63ee225742bf9eb5,51291,41397904,140452,51185,41408041,140452
63f065fd283412e1,70331,60414638,140456,70230,60431385,140456
63fa5e1f80b799dd,72777,62866081,138065,72675,62888131,138065
640b19e577af0344,56391,46462513,120912,56317,46493957,120912
64102d95181e67c7,34464,24554455,141190,34348,24568873,141190
6446b074cdfdbba4,42776,32832979,133027,42712,32874872,133027
644bd3187a075ff5,11568,1653468,137938,11464,1667528,137938
64813dc3a8df071d,104959,95041597,130192,104920,95058278,130192
648246c712c927fc,111869,101954641,137348,111762,101970488,137348
6493324b8729e03a,64804,54896343,135168,64688,54905756,135168
64b83d9af5e9c84e,65804,55876184,133451,65713,55905221,133451
64d5744dd0879a3b,63403,53482853,121062,63326,53502274,121062
64dfe21f6f360f3d,80486,70594606,139894,80374,70605101,139894
64e271b04f579ab2,72565,62657655,138063,72452,62669911,138063
64eb94aced825ed4,16920,6996609,138392,16818,7019937,138392
64f034423c8e62af,23733,13792676,131114,23677,13832241,131114
64f5298ecf0e75e7,106254,96354644,137623,106140,96364559,137623
652501a1503290d0,37044,27153830,138102,36934,27164453,138102
652d192af73cdc94,24105,14173732,138488,24023,14204706,138488
654db51a1f9d021a,79008,69116774,104912,78939,69132489,104912
655478f498ca2e62,37330,27414359,141108,37223,27429385,141108
659a981cc8d883b9,36957,27053679,137566,36840,27063283,137566
65afbab58147b3c2,43261,33353854,138293,43156,33364145,138293
65b1eeb62313f972,55523,45613418,134760,55414,45623611,134760
65b21eed7f80d630,39298,29373764,138174,39195,29397567,138174
662c29cd2882c635,63874,53955991,133181,63776,53973978,133181
6686e4980ae3bc55,85827,75934446,138005,85718,75944695,138005
6692757c4e65cae6,19525,9613484,138087,19419,9625286,138087
66a764a59097cf0c,88949,79034681,139412,88845,79048111,139412
66ab294a7be33fee,105119,95150549,128228,105070,95218315,128228
66b809f49cb524bf,27842,17892436,130215,27780,17941172,130215
66ba15ffd5481df7,93582,83658417,139145,93477,83681785,139145
66c0491381f31f81,55804,45897845,140052,55684,45907961,140052
66c4bf7cf72f65c3,87871,77954861,139964,87768,77971326,139964
66cd47d28bee77a2,26568,16653260,136362,26464,16668020,136362
66cf7ba0400ca7a6,44155,34255473,131897,44044,34265053,131897
66e91bb63158d0ab,112028,102115188,128945,111920,102130786,128945
672601a1e26e20b4,41730,31814596,138805,41623,31829525,138805
673879bb310d9272,82167,72194738,138563,82122,72267330,138563
6768cb25c042a97e,12594,2697153,138797,12484,2706790,138797
6778fc90efed94ae,113667,103755344,141672,113568,103771453,141672
677ae9ce56a4ca15,92992,83072973,128640,92887,83090916,128640
677f38d1ecb2cc18,116374,106455062,138360,116272,106475802,138360
6794c1804b7da809,111805,101894640,137293,111698,101907529,137293
679af7743e8db20c,65461,55515998,133413,65389,55560970,133413
679bff190805a99c,51924,42018480,141220,51808,42029051,141220
67ad601a739993a9,28109,18193807,138720,28016,18209056,138720
67fbb75004dcdec0,64425,54514643,140609,64319,54525104,140609
67feb9a52e176270,116342,106417228,140937,116240,106445000,140937
680233f1b814d857,112215,102314336,135170,112102,102325767,135170
681a996bb1b7f17a,89143,79233726,133719,89038,79243279,133719
6826561cb90dc6d0,72315,62397224,136835,72213,62418884,136835
6859732ef5389b71,30325,20434373,139158,30217,20445511,139158
68914a84191fd685,104447,94555041,140164,104334,94565240,140164
68917f09697eb0f7,27587,17663772,113758,27535,17685854,113758
68c3a84d40b5f40d,93910,84018025,104655,93838,84033885,104655
68db586fffb2280b,24548,14633682,137648,24443,14647375,137648
68de11a20a88fd54,25494,15576656,137097,25387,15593801,137097
6903329b42cadf5d,50307,40394416,140383,50202,40407103,140383
6913dc8c179c2433,47441,37517706,140154,47336,37541413,140154
69305568957cc525,77450,67518006,139738,77377,67553625,139738
6943d119f43def8e,85949,76034582,138643,85845,76048744,138643
6944eea8e366ffb2,50938,41012984,131894,50849,41036883,131894
694a7fd5f06e934b,67674,57735509,132134,67597,57774246,132134
695f9ed1ce4941ff,110632,100713390,129954,110525,100733551,129954
69962d455527266b,69808,59894488,139507,69709,59908447,139507
699700143efcdfdd,100656,90738713,139438,100552,90756340,139438
69bc3e293b4f3a00,32995,23075068,132009,32888,23096299,132009
69de13273fc09944,67002,57091001,119084,66897,57099971,119084
6a1f39a2c495a1e8,48701,38755662,133779,48631,38800878,133779
6a2238f4cbb44a06,21710,11790457,128862,21650,11809337,128862
6a274a658e98f05e,67454,57513020,131662,67390,57553757,131662
6a3320c1d2f4e6b9,86581,76654236,136965,86491,76680449,136965
6a3c7435989f2e94,21082,11173632,138141,20964,11183680,138141
6a6ee0d05c25042d,62883,52978140,144698,62767,52988718,144698
6a7a248aaa6dcae8,88568,78635787,131839,88479,78668074,131839
6a8173f082509994,80702,70778098,139594,80596,70801513,139594
6a83e122268815f4,11730,1816985,139152,11624,1829214,139152
6acdb3bc56962c05,24279,14373471,137569,24173,14383591,137569
6af9a88f7e5bb0b8,103308,93415022,139887,103201,93427280,139887
6afe88d338fbb204,19340,9453288,136664,19232,9463241,136664
6b24bdfe86b316d7,66040,56135708,133089,65925,56150440,133089
6b294c8e1df54a95,33316,23397247,145786,33204,23420194,145786
6b2edb8c4a449bc7,77994,68074709,139688,77892,68096160,139688
6b58fb3236123786,37582,27673769,136981,37469,27683224,136981
6b63b236ab25a33a,57008,47114686,141886,56895,47124651,141886
6b7ac7dd6a986f94,85010,75115264,131157,84903,75124606,131157
6bac391fecdf88a8,78871,68954818,140333,78767,68973416,140333
6bae9cf0ed50603f,67390,57453287,131912,67327,57489240,131912
6bcc8857a22c6866,86755,76854303,137587,86646,76864406,137587
6bd2a7d768a3fea4,57539,47633289,133842,57428,47643076,133842
6bda06eed7f4a921,72186,62276620,151849,72085,62289974,151849
6c0731a56b2296c5,71766,61854309,139092,71667,61870593,139092
6c149ab352abcd90,11109,1196955,138178,11000,1208502,138178
6c1bc9285b1e7377,91998,82075730,115072,91921,82096767,115072
6c211de77c3d3270,84283,74335448,118208,84239,74381999,118208
6c29299f57d63ae8,96238,86298034,137131,96157,86337554,137131
6c31ee5aa922f0fe,15848,5947782,57357,15803,5978072,57357
6c3ec30beb575de8,114480,104559231,141125,114379,104583836,141125
6c629b191dda8c74,42013,32113958,138848,41898,32124402,138848
6c805573c7e5cb24,111472,101558201,137292,111373,101580992,137292
6c8c72d3f4cada0e,39465,29573520,136775,39353,29583419,136775
6ccbf1766cf99421,112060,102155222,140982,111951,102171681,140982
6ccf7cca600b7474,67968,58074958,141731,67857,58086820,141731
6cd514a316e85069,75427,65495045,129822,75349,65528817,129822
6cd9f9e02c0d5cae,114137,104238741,139223,114032,104250086,139223
6cdca59c60005a97,33632,23694790,130376,33583,23747193,130376
6d0f08c521dcc5b8,67550,57613145,131702,67482,57649261,131702
6d27529b37867bf1,92286,82355077,129591,92202,82385832,129591
6d3aeafe57220fc5,23668,13745062,115009,23613,13766812,115009
6d615195b6216ab3,54094,44174524,139378,53996,44194154,139378
6d757b2cc9658cad,21327,11434066,137919,21218,11444865,137919
6d82a983f54991ff,11448,1554776,141280,11338,1565245,141280
6d9b328b1f1be4a2,82075,72120080,138251,82041,72175784,138251
6db22c8207622cb3,11326,1433532,137965,11212,1443017,137965
6dc73df19937d9c0,67325,57403490,121419,67263,57423525,121419
6dd2f0a710e0d689,109427,99513358,130201,109355,99532056,130201
6ddb009450dc713f,62473,52553501,134115,62366,52572416,134115
6ddf9456726b196f,58609,48673357,133139,58530,48709084,133139
6deea43147ed01de,27014,17113901,137919,26901,17123930,137919
6df2e4e323975988,92256,82333206,129538,92173,82355047,129538
6e000e6f006b6a54,37916,27996874,136750,37811,28015206,136750
6e181c95282ae065,35661,25714258,128485,35595,25760747,128485
6e24065564bc3864,60121,50213081,132214,60012,50222940,132214
6e26ca2921f6a681,15345,5420970,108899,15276,5442598,108899
6e2b2c491e47f7cb,62665,52753295,132719,62557,52765016,132719
6e4d9c0ccdc72ccb,93275,83374653,139083,93161,83385540,139083
6e4df2b66200b913,64834,54933295,133010,64717,54942424,133010
6e526a66370a7d56,46678,36735232,132112,46605,36777194,132112
6e6a93b34d1c68f6,95418,85517985,138705,95306,85528216,138705
6e79b70503f40c3c,118117,108215089,138645,118001,108224392,138645
6e81e0db5c459dda,94370,84454824,137746,94280,84469407,137746
6e821959e2f0fc1e,52559,42613006,132612,52511,42663225,132612
6eea7265c0a5a50f,37361,27453613,136217,37254,27464399,136217
6efd3347b157a5bf,31742,21812498,129529,31668,21841194,129529
6f0205302623d25b,20543,10653708,137896,20437,10663743,137896
6f0c9e09f85a6c34,59391,49434721,140782,59330,49490473,140782
6f0f6cd13697c4f3,110200,100294622,137054,110088,100306010,137054
6f1f6f939dbe4ea3,53073,43158939,142409,52970,43174382,142409
6f340969ca08397d,54287,44374266,139427,54185,44387714,139427
6f4e5d4b9d5790e1,49749,39838022,139574,49639,39848378,139574
6f525d79813509be,103494,93575212,140772,103392,93596501,140772
6f65a0c91e832fe1,97557,87638351,138754,97452,87657163,138754
6f70576831f3d2d4,69507,59573321,131423,69435,59605613,131423
6f7b915b1672bbf5,54127,44214664,141552,54028,44226664,141552
6f96250abf90e298,26601,16693553,137756,26497,16704349,137756
6fa75154c03bb819,57909,47994307,139700,57804,48009089,139700
6faf38c1bb676e9a,106589,96674818,138393,106483,96692637,138393
6fbba6a8a3631548,44034,34132736,131634,43916,34142870,131634
6fd9d9c4abb5af16,87281,77374408,137946,87172,77384912,137946
6ff1929129b451a5,30894,20993775,138621,30779,21003689,138621
6ff6af8c99e54dac,20304,10393558,137190,20200,10403621,137190
700e0cff7a49be7d,61320,51376295,133456,61241,51422447,133456
701171de514049ed,45329,35434193,139050,45213,35444046,139050
7017b7db1854e488,38214,28282500,130612,38155,28313043,130612
702249e69eef8cd7,86522,76593338,131337,86437,76621184,131337
70248bd7e7ebaeb2,109456,99535786,131990,109377,99559830,131990
70501d7ab1facd89,52411,42519696,105092,,,
705ae639eca2826b,96016,86073191,129523,95945,86115971,129523
7080a3d794000fbf,109369,99437046,131143,109308,99473994,131143
7096ca81d51173ad,50088,40193626,131664,49976,40203308,131664
709882fee3ead5c6,30675,20755621,139855,30567,20773984,139855
70bd70e07c1092e1,69281,59359277,117869,69215,59379199,117869
70db61efcefee9ed,41245,31333935,139367,41145,31345006,139367
70e2bd5574ffec21,104212,94294814,138800,104128,94311248,138800
710b30676d9ca588,68057,58155379,131654,67944,58165371,131654
7132cc241c9aa009,28817,18897044,137650,28705,18916198,137650
713f89afe6a2ac34,39077,29112169,127965,39004,29175756,127965
71593f1164a891d2,113301,103394016,133278,113208,103408816,133278
71628c0de7519511,98165,88234599,138120,98105,88272630,138120
71719ed0f8e126a3,108742,98834948,138015,108643,98848767,138015
7196c5d539144765,107770,97879709,136831,107667,97889305,136831
71b6c8c8fd61bbaf,117962,108054969,138576,117852,108064444,138576
71da243384fdf890,31773,21834322,128996,31698,21873007,128996
71dbf68fdfba5707,77051,67158465,100842,76993,67193171,100842
71f8950a91a869de,53691,43776175,134023,53581,43790628,134023
72156305dcad63b0,40622,30759109,343276,40552,30786123,343316
721d9669eac802c4,18059,8113849,139682,17998,8158850,139682
72444f4e08e091a7,66445,56535370,143221,66336,56545454,143221
7252e135b412c6b6,75236,65313427,131183,75165,65339486,131183
726470ce00ec28b3,27417,17497044,138170,27312,17517026,138170
7299b2fe059659fd,118585,108721738,345747,118515,108748818,345787
72b11214c564c950,53814,43913264,133470,53698,43923854,133470
72b69eca95932811,86842,76954965,139328,86734,76964528,139328
72b85c92e3c786ce,66100,56213207,132639,65992,56222649,132639
72ccb839cb0ebdab,64521,54613481,134052,64414,54623036,134052
7311d854c24ff996,18268,8333808,129191,18184,8367747,129191
731d78e42468d208,62320,52433691,134260,62213,52443489,134260
7320cc50186ea7cc,12207,2273536,138330,12130,2306413,138330
7328faca17d8e433,73361,63412986,130145,73309,63462383,130145
73494e69843890e7,99521,89634613,138298,99414,89644434,138298
734fd4b4bc8f6864,72720,62834511,138837,72615,62847487,138837
73637a74074eeb52,15158,5235457,139645,15052,5257489,139645
737b5fdb89793e5c,107065,97112485,91692,107035,97162594,91692
737c65a9ddbe016d,60806,50894465,140320,60701,50906498,140320
738261baad59de0b,62408,52494924,142355,62302,52507391,142355
739f04f20117b75f,75458,65532960,130182,75378,65560702,130182
73a71b648fcd7109,73839,63934604,139157,73732,63946166,139157
73a895764a7b1b61,51863,41965905,141416,51747,41976208,141416
73b5d7d413edce0f,68272,58368227,154302,68165,58380043,154302
73b9fa3fcaa9c7a0,19123,9213929,130085,19007,9222954,130085
73c3843c4d42df1b,14372,4456355,136406,14265,4471976,136406
73d19c8646f3a554,110447,100553194,128283,110341,100563631,128283
73f2bf7d3b7a1c56,48286,38374152,138585,48182,38386397,138585
741158e672839bc8,54497,44573209,132003,54418,44597095,132003
74233d9890d349ff,35959,26049907,136567,35860,26059542,136567
742615c80e8efd7d,44438,34517763,139445,44333,34538554,139445
74439bce43a6da74,106407,96514846,138355,106297,96524760,138355
744c17376529729f,100479,90574921,138786,100368,90584549,138786
7462bf2f301dfbd1,74016,64098273,139350,73915,64118157,139350
746a72b6bce5f36e,110697,100776978,130108,110589,100799069,130108
746c89e15b79767b,68560,58654279,137641,68448,58664714,137641
7488b6aa2c740870,21174,11273393,136435,21053,11283762,136435
749e40a6dc64ae3d,29156,19257430,140121,29047,19267377,140121
74a3ec830c5cf598,69600,59654848,130672,69523,59699809,130672
74c6b48a4e9942d7,85202,75277908,139392,85097,75301371,139392
74cb8db49d632496,41982,32077581,139219,41869,32087173,139219
74cda80ccda09a69,56456,46515537,131597,56381,46555390,131597
74e86b61a2f76803,32438,22523216,153346,32333,22538822,153346
74f5bfecd5ac28bb,40184,30278148,140242,40065,30288207,140242
74fbf08ff5abce8b,88166,78221650,132005,88106,78265662,132005
75015b77cbeb15ac,113149,103233755,132332,113072,103251657,132332
750223aa4566f930,10152,214061,129238,10078,251637,129238
750dbd1788ba9c44,103216,93314905,139284,103102,93327835,139284
7512244f612be20c,108850,98958562,107740,,,
754a07abf0a84ae3,109157,99215663,142511,109129,99262348,142511
754ea69fe2c26c6e,13942,4033541,137711,13844,4043137,137711
756b55ac36eb4c44,37551,27636867,137566,37439,27650240,137566
757b5ada514ea1cf,26826,16913990,139090,26719,16924991,139090
7581f466e6986422,43348,33454118,139284,43234,33463750,139284
75ade079f2595785,35754,25813227,130821,35679,25853165,130821
75bd105750fc324d,97467,87575210,140637,97358,87585381,140637
75e5ef151353d09e,81017,71095729,116083,80947,71115503,116083
75f0c539a819ebd4,94577,84674494,137739,94466,84688811,137739
75fbbf55996ba026,81457,71534746,140231,81365,71557314,140231
75ff6416a91f8ef2,21052,11136906,137706,20935,11151078,137706
761856d3a25e23f0,68684,58777860,139719,68567,58788083,139719
761bf2e97aa1466d,39937,30014092,128596,39828,30035923,128596
762677afb3375156,81663,71754418,138587,81549,71764348,138587
763c0876081fe3fa,93549,83634889,140259,93444,83649042,140259
763fae8b12db63d9,85266,75352915,129827,85161,75365564,129827
765d3e45711c4aa4,36490,26499545,135521,36454,26589540,135521
767e6b9e6dfe9558,26443,16554320,139893,26336,16564372,139893
76a7622949e5150b,50629,40693006,131394,50561,40728272,131394
76da63d9dfc9d251,104569,94654900,138319,104465,94668978,138319
771e1381d080c538,77719,67814685,139875,77613,67825864,139875
772d47cff5ac7d10,23373,13456971,137261,23269,13473038,137261
775e50c673b66a26,22059,12116625,137311,21983,12158883,137311
778e247ee593b96f,90268,80333771,131708,90188,80367260,131708
779d5c38b359d884,71338,61392935,130080,71273,61437363,130080
77a072fdd47768a4,70043,60154225,137466,69937,60168949,137466
77ab9321634c3ade,80207,70294600,138312,80100,70307072,138312
77c7a7dc7c5a532b,109485,99573769,130936,109401,99587303,130936
77d3e34974ad01c8,102312,92398299,139607,102207,92411364,139607
77e0accc3b5ba6bf,90514,80595284,130157,90417,80613978,130157
77e75d1f514d200c,56678,46753086,132907,56595,46777388,132907
77f2fd4dd2bb1f91,45862,35958483,139967,45750,35968248,139967
781b36d9cee0f696,89923,80014960,141071,89818,80025807,141071
782061511f446fcd,52137,42216956,132821,52032,42236175,132821
7823e66ceb562d21,109188,99254650,137813,109157,99290039,137813
78499fc042d57f73,108307,98395367,130085,108193,98405607,130085
78549b82c0474262,36112,26292939,358299,36086,26320585,358339
786b67121a031deb,107550,97617214,140750,107451,97650044,140750
789ddff6e9b649ec,62141,52234603,140658,62029,52245267,140658
78c24609dc9ad28b,41006,31073084,133290,40931,31105198,133290
78db4c14d5359180,40816,30872669,131020,40749,30914765,131020
7901a8c1c6e2072c,10579,673757,137182,10468,684536,137182
790a68631b879629,76230,66314776,140320,76126,66333173,140320
7911560f774f721b,113827,103915108,140662,113725,103929934,140662
79192976a87aae6d,37233,27313557,136166,37127,27332672,136166
791dcfde013ca17c,41187,31255344,132965,41094,31285837,132965
7945b065573d212a,37704,27813625,135799,37593,27823487,135799
7951129d9520523f,53307,43393179,133002,53204,43407853,133002
79545f3bde8d05b7,112401,102515217,140691,112296,102529397,140691
79616f1511d1c644,17868,7926510,129883,17817,7967764,129883
79652cdc0a6ce8c5,18151,8212283,130883,18082,8249528,130883
796ee0a9c2b0698d,69661,59734041,137305,69578,59761416,137305
7995d528abc43848,52958,43035463,145879,52872,43060930,145879
7998432a1ca325f8,79588,69674945,140561,79486,69687667,140561
79b95676d737c158,30770,20856759,136488,30660,20868777,136488
79c34a33a9827791,11141,1233896,139900,11031,1243841,139900
79df1d57bafe9b24,57786,47894676,141345,57676,47904509,141345
79f7d52a6debacdf,95602,85676709,140883,95497,85701844,140883
7a15b90e24677e05,65364,55442463,120433,65293,55463653,120433
7a1cb68fd200c540,43378,33477670,139589,43261,33487932,139589
7a33f6d90e3adbb5,50596,40653104,132703,50530,40696243,132703
7a4643b57a0035bc,26091,16173725,137928,26005,16191495,137928
7a566a359da7e966,29689,19752446,130206,29617,19788301,130206
7a61642642ba3527,52462,42539800,119169,52414,42643914,119258
7a64cf284b173712,116504,106595357,139418,116400,106608842,139418
7a98be8c2137aaca,76483,66574398,138161,76368,66586996,138161
7a9de33a45f32259,96907,86994617,138671,96804,87006570,138671
7aa97d8c495b383f,103773,93843690,131925,103719,93876001,131925
7ab8fb4769cda231,115590,105674854,137796,115491,105691668,137796
7ac0084fe7268586,28528,18615815,151041,28423,18628711,151041
7acb0b1a48b53d2b,67793,57873236,132426,67703,57892832,132426
7acc3118fe53584d,51113,41213087,132940,51004,41222255,132940
7ad60eb3335dc302,46168,36254199,139949,46063,36267963,139949
7adedc1305a6b2d3,102839,92918037,138069,102732,92939328,138069
7aedc3bbf0f03ca6,74925,65014190,138095,74817,65028411,138095
7af6dd0850d0037f,85704,75798067,138063,85584,75808025,138063
7b1251fe2563f8e0,64960,55075246,143289,64854,55085495,143289
7b36c7a1ecbdf986,87188,77274568,138917,87081,77287185,138917
7b392147949fbffd,27779,17832279,130018,27722,17878766,130018
7b52db523f90e735,14907,5013357,136712,14797,5022699,136712
7b5fc0f3c442eab3,10950,1033779,138898,10844,1049413,138898
7b65c2ca204f41cf,33028,23112740,132761,32921,23130043,132761
7b9720fdd0c09086,22722,12813869,139501,22616,12824461,139501
7ba3be4c85f357cf,80079,70157952,138764,79974,70178726,138764
7bb4c6c0a8210b41,35044,25132609,131202,34943,25147241,131202
7bbf25d369e0073f,25268,15353604,137681,25163,15367584,137681
7bcca8b9d06d00a6,97622,87714870,139255,97517,87725378,139255
7c026f97f67042c5,61809,51835809,132971,61744,51908242,132971
7c105281ac621e36,100157,90215508,138209,100082,90260828,138209
7c16400cce4834a2,25625,15702467,110253,25570,15723345,110253
7c27d4ecd0c4cc3c,59180,49211348,121626,59145,49278577,121626
7c579e0823b961c0,45000,35075496,131943,44911,35099408,131943
7c5a402ca60793f5,59447,49494468,140179,59376,49546771,140179
7c5d734098ff07a5,111740,101830474,112157,111615,101840891,112157
7c5f972d01b75874,56553,46615502,131826,56476,46652828,131826
7c6717bb300e832c,95699,85778076,139364,95594,85798832,139364
7c755d7392601372,11869,1976258,100728,11801,1994182,100728
7cbd51c006b0dcde,29034,19134102,139756,28913,19143835,139756
7ccb407112022ff0,102872,92954985,139561,102764,92971875,139561
7ccfae2447ade2eb,58640,48714572,133594,58559,48739812,133594
7cfa574ae10ee648,61228,51275408,132264,61159,51328122,132264
7d09e34d248635de,76913,66997387,136270,76812,67014405,136270
7d2501e446b006cf,78806,68897844,158970,78704,68914232,158970
7d38ecf3e5b80b38,28080,18153831,137696,27991,18179481,137696
7d5829e0b351246e,103741,93821322,131861,103687,93844437,131861
7d5aa0d551998512,72346,62434627,138265,72243,62448971,138265
7d6e5bcb17589a54,118938,108998334,138367,118864,109037968,138367
7d718e4a56c1a292,71435,61492891,130402,71366,61536000,130402
7dadab81cb3c0038,28195,18293876,138094,28090,18304256,138094
7dafc10ed84fd5cd,99870,89940984,131171,99808,89969355,131171
7db9fb3887d8e920,21266,11373277,136746,21157,11383785,136746
7dbbe70d46190c89,118329,108414829,138081,118222,108428426,138081
7dc82114514b4373,97751,87835022,140337,97645,87850908,140337
7dd84f0322dcdb51,98071,88133155,129777,98018,88178329,129777
7ddcda08ccf7ca45,66508,56596221,133678,66398,56608480,133678
7de5b208c5b2245e,47320,37434163,139168,47213,37444095,139168
7dec3239c75903f3,99305,89397723,137018,99187,89409052,137018
7df28b1f74addd37,70299,60378184,139260,70198,60398896,139260
7e09e01d62f5b3c3,113421,103518055,144055,113314,103531239,144055
7e0a5a3f679eb1fb,79316,69375233,131464,79239,69415504,131464
7e0ffce267a41e72,83777,73855873,121475,83697,73875865,121475
7e19b7c4d288207d,111590,101694566,137014,111476,101705553,137014
7e2199abfa510ba1,33190,23272498,131110,33081,23290689,131110
7e22c272faeee37a,31551,21612620,131012,31484,21649949,131012
7e46bce4f4d406f6,19622,9713656,138264,19515,9723925,138264
7e57cf8f452774c2,53405,43494409,140369,53301,43510411,140369
7e5bc90825e06aec,74337,64417703,138622,74232,64441057,138622
7e6a29514bb8f1fb,106284,96377929,137996,106168,96387545,137996
7e89ce6f3eb44b3b,43496,33578068,140333,43392,33596567,140333
7e8a2783ad6eaf23,116946,107013343,129192,116872,107045888,129192
7e8ff8073f173ecf,54751,44833267,134357,54661,44850328,134357
7e98fb22b9052088,85860,75974524,139360,85755,75985618,139360
7e9f35cbff20ccad,21807,11857126,134119,21746,11907472,134119
7e9fcc83f8f21cb0,22089,12153500,136811,22011,12188629,136811
7ea7005a45bda0bf,45210,35312996,131755,45101,35323261,131755
7ee34ce4f7280fe7,60153,50235659,133678,60044,50252512,133678
7efe7e9655a84941,84167,74275576,105915,84125,74292668,105915
7f352d7cb92aeed4,56312,46416210,82485,56238,46437547,82485
7f45d4dd64d3b1dd,42353,32434095,139207,42248,32453162,139207
7f476d7c5f543c98,108677,98757173,129909,108578,98779363,129909
7f48c01fcaf0eb80,105461,95534989,139411,105363,95561432,139411
7f6282a409bebba5,56275,46402477,358535,56197,46430626,358575
7f6b1ed2a73e6833,91949,82056251,99374,91872,82074582,99374
7f6e022cc0602895,32189,22293921,138486,32073,22304235,138486
7f817a6c34ad4dde,61923,51974845,142465,61843,52023294,142465
7f98e1e92ef75dde,95449,85554718,138832,95337,85564655,138832
7fbc371109b0173d,112959,103033769,131592,112893,103061254,131592
7fc818218cb6e272,64457,54538945,143971,64350,54556956,143971
7fd96465e0e3b491,119921,110013390,130238,119811,110023190,130238
7ffee7dfd0776449,40000,30092205,129016,39890,30101569,129016
800cfedd82650de4,76326,66414485,138984,76219,66428127,138984
801f075ecc5da632,23405,13493547,138044,23300,13505323,138044
804ad5e8f1bf9923,43027,33094701,143233,42949,33126570,143233
805ed4575325652b,82386,72454733,138989,82300,72486419,138989
80798754d8ec4df5,26983,17076955,137977,26871,17086641,137977
8099851be5873f7f,35237,25332234,129191,35136,25342211,129191
80acb6c5affd3e3b,48383,38474106,139298,48278,38484446,139298
80b4cb52054661db,66725,56834992,141859,66615,56845411,141859
80b72294d7e57efd,30738,20833682,137631,30629,20843730,137631
80d137e17a51b4dc,51322,41434066,138301,51216,41443463,138301
80ecd4f9c5a214fb,58451,48513059,132592,58379,48550819,132592
80f7398e68ed2dab,85489,75573148,130691,85379,75588081,130691
80fd16d29cbead84,25819,15872167,129758,25758,15917902,129758
81078a4dfd87006e,46136,36217984,139745,46031,36236378,139745
810a7ff6de6cae4b,113795,103878934,139848,113694,103897584,139848
81159e806091ac06,53340,43433471,133764,53237,43448095,133764
812a0e986e2580c6,86668,76754677,138902,86568,76767851,138902
8131a49738e646be,64392,54478478,140385,64286,54492486,140385
815a6ebfb5dc71c3,110417,100516330,128323,110311,100527611,128323
81638e00fe4087c9,119238,109335421,139683,119135,109345392,139683
8193dcdf83729043,87219,77297881,138132,87111,77318558,138132
81bd1e3afc8a9a67,107222,97228359,129692,107180,97321590,129692
81cdecef3db9b1d6,119668,109754736,137752,119563,109767619,137752
81e914e831697e3d,92862,82954790,138273,92758,82965383,138273
82002f0ac542bed0,107498,97553390,129288,107408,97597125,129288
82031aef6c5352f8,38131,28238406,99404,38073,28256899,99404
8206e9c5f11471ba,112554,102636838,133127,112451,102658090,133127
820f62e2c5be9d41,66633,56734860,142013,66518,56745367,142013
8223e7828048bc04,51084,41173266,133109,50978,41182972,133109
8226c18a2608a6f7,25146,15253579,137405,25035,15263012,137405
824d09f3276cbe76,108997,99053632,131961,108981,99148191,131961
829bb2558350ed6c,81516,71598182,138812,81418,71615712,138812
82a7e56b02e23118,19811,9872252,129973,19740,9910103,129973
82b028615b3a6a13,108431,98533369,130438,108316,98542839,130438
82cf997e31fc464e,96594,86695173,140571,96479,86704941,140571
82f5bd0bf7e9b01f,94400,84478089,137955,94307,84499602,137955
82fae14877ea957d,25398,15476476,137012,25293,15498079,137012
8318235bddd5981c,20422,10516617,137636,20306,10526890,137636
83419cf89556515b,19654,9783620,366964,19578,9812848,367004
83450c9b7f3aaa82,89641,79754736,139626,89535,79765648,139626
834e4cdf5d5d00b8,53469,43554701,141719,53365,43570903,141719
83564af6d8566151,31330,21413839,138142,31223,21429277,138142
8360f195dc539620,91384,81486039,139314,91267,81496131,139314
83800c60eee886b6,17356,7455253,137697,17243,7465208,137697
8390325c2654dcfd,10247,317729,139713,10168,347123,139713
83a481faa718cbb4,68401,58493018,130964,68293,58503038,130964
83c7771128b1d271,38926,28945929,117030,38866,29023901,117030
83d8fbb00054dc44,82196,72218041,137499,82146,72296026,137499
84086cb4c9c97766,9991,58540,131849,9920,89905,131849
84129e86d8ee24d5,67487,57535339,131883,67421,57586435,131883
844ac17e60c0eb6e,34402,24477716,138015,34285,24493252,138015
84661226f46cee05,88713,78797673,143733,88605,78813181,143733
84739af455f372b4,28657,18737682,139857,28550,18757402,139857
84a98d80a509eafc,70948,61034472,139184,70843,61048074,139184
84b8ee0c26f1ed38,101195,91294841,138876,101079,91304546,138876
84f336ebaff28e04,73297,63353033,130863,73247,63399216,130863
8510b237646a4ea7,27137,17236975,138852,27025,17246670,138852
851da4459ec92bb6,106346,96455058,137933,106234,96464706,137933
853ec0fb9ede16ac,93024,83113138,130181,92918,83122984,130181
8550481d49cc46a7,69690,59757393,138475,69604,59790318,138475
856668604dc4303c,62728,52813155,131737,62618,52827835,131737
856c549ebce03eb3,12359,2444639,137673,12269,2459231,137673
857655698cb29f8c,47698,37777701,140110,47589,37797786,140110
85a1b5afb8256343,83697,73820595,344315,83613,73846924,344355
85c8a6f133cfda83,44534,34659938,344492,44453,34687811,344532
85d9d958fd7566b1,57187,47273485,134685,57081,47286496,134685
85e7d2eb2a3fdc3c,41157,31232786,131635,41068,31256813,131635
85f18b08e245b264,116785,106853462,129360,116715,106886060,129360
85f9bf37228c18bb,33664,23732327,129693,33612,23777564,129693
85fb30c3ef5efb11,112830,102896981,119372,112766,102963773,119372
8617d3452ed60e4a,57068,47173810,135553,56952,47183068,135553
8619c1fd57a640ba,17325,7431963,127463,17210,7441306,127463
861d3980e45d55f6,16369,6411935,127738,16270,6468374,127738
8631a6b9317e40a6,42903,32955318,133102,42834,33001936,133102
863322de02eb9380,79499,69574385,137901,79407,69598766,137901
864d1f0800716ced,61951,51998789,141967,61867,52051242,141967
86995a0ba8f175c1,49305,39414447,140111,49195,39424027,140111
86b1a7c8d09f4c92,39135,29177598,159396,39055,29235503,159396
86b2c3a5b19a8f9e,68027,58133141,131769,67912,58143180,131769
86c33dc74e090224,86697,76778007,138054,86593,76796085,138054
86c95da0a1ffe0b0,84676,74734688,138757,84594,74775923,138757
86ced4b982bcc458,90108,80173249,130668,90032,80206975,130668
86f66378257eac3c,66220,56315741,145705,66114,56326366,145705
86f9d358aff3fe0b,17964,8012127,129077,17909,8062630,129077
8709304c3ba43fbe,71497,61554265,138314,71425,61600593,138314
8709a1ddf4ddcea9,29276,19356910,137385,29171,19375109,137385
871806f354a0c7c6,49396,39477704,139317,49291,39495829,139317
871fa0d52b479453,93743,83834617,137534,93637,83844986,137534
87320e07df144840,50787,40852941,131628,50712,40885945,131628
874c21471af45a89,17996,8052192,129242,17940,8095204,129242
874e52cb9cbf06d4,79470,69537902,145751,79381,69569632,145751
8750aded9a836f8e,87559,77657682,138869,87449,77667942,138869
8768993d1eb9d41d,47109,37195401,143130,47008,37209046,143130
8799f85431db5347,91786,81874464,137387,91681,81886843,137387
87aab8800a64abe1,42965,33015099,131882,42892,33063936,131882
87d2dac651ecd5e5,117367,107475089,138734,117255,107485576,138734
87e6278760b8ae10,42840,32892947,132028,42774,32938731,132028
880331cb32c0106a,61495,51569313,96784,61447,51592485,96784
8807bdfd6073f563,86961,77037988,138531,86856,77060454,138531
8852d32166c64655,81948,72027442,132801,81922,72047927,132801
888d670c113a63a2,74860,64954992,141510,74754,64968472,141510
8891beef7d7acb29,48540,38618419,118048,48472,38638025,118048
889f823c4b2da0c2,66969,57054936,142766,66864,57068295,142766
88ad20e567a13b03,79646,69745887,139351,79539,69756402,139351
88bea454a0baa6ef,38798,28870845,70735,38743,28893904,70735
88d5860aa4fe9912,24992,15093197,135604,24878,15102604,135604
88ff6e8e8a7eb10f,56212,46293684,135875,56106,46311696,135875
891b774c84c91e2f,29478,19584634,97249,29408,19605827,97249
891c904825a42f32,21415,11496616,136582,21310,11514405,136582
89220dfad8d923df,102522,92635002,139969,102414,92645165,139969
893b946b25a2dbc2,37265,27352180,128915,37160,27365402,128915
893f66228f59fe11,73578,63637702,137979,73508,63681793,137979
894a7611eef8e0d5,55393,45484837,134836,55287,45494812,134836
89533819fca950e2,77164,67232986,129676,77106,67264935,129676
8961048e0e72c83b,26149,16233537,137682,26055,16248899,137682
89633afa559885c9,15663,5745431,140817,15584,5764094,140817
8964c0cf6c20975f,57942,48018163,141052,57837,48042365,141052
897b6f21984c85d4,84952,75052966,129273,84832,75062029,129273
897e0e4456371f8c,86208,76267798,131918,86140,76307488,131918
89b330af23cbd0b5,90361,80433386,131719,90276,80460940,131719
89c1313edbaace77,28052,18117274,138561,27966,18151196,138561
89e4b62d211bc9ae,24222,14313680,137676,24123,14324613,137676
89f2d6f5dc124567,16582,6673627,136404,16457,6684004,136404
8a0298fb0ca6bc79,108553,98655303,130391,108445,98664864,130391
8a196e98d32de105,20065,10132122,128934,19984,10165061,128934
8a41deed5a4afecf,116471,106554818,137912,116368,106572431,137912
8a4608ad701934b2,63754,53833185,133008,63666,53853434,133008
8a83352000933698,119296,109394790,137961,119187,109405089,137961
8a8a5c712548c668,14596,4693453,137541,14482,4704224,137541
8a8ef50019d37b65,80238,70335022,140361,80131,70345187,140361
8a92fc6b887bfb49,64172,54276100,134388,64064,54286163,134388
8aa4c7d81e4196df,27288,17373642,138379,27183,17387495,138379
8ad6614766142512,104731,94814014,137183,104626,94830154,137183
8b046563b537ebc5,50027,40133024,132481,49915,40143441,132481
8b04fa8cfac5f4cb,117456,107558148,138158,117346,107567866,138158
8b0c185c9aa35bce,13384,3464623,129288,13328,3485883,129288
8b22904a724ac591,65952,56035706,132669,65845,56051701,132669
8b26f178edc2df10,99055,89138055,139287,98954,89159082,139287
8b39a6a71c384234,47079,37155310,132424,46981,37178843,132424
8b439e8752b16c34,116535,106618952,139422,116431,106637926,139422
8b474bae8250b2cf,66187,56273159,132298,66081,56286608,132298
8b4939f3b770e483,96048,86113157,130558,95976,86146748,130558
8b56f6569f8f551e,21610,11748780,387802,21545,11779236,387842
8b622a1b0480b8ce,44569,34677494,104960,44493,34695528,104960
8b6eeba59d14dfd0,12872,2964182,134170,12767,2973513,134170
8b71bdb5addb890e,112863,102931658,120063,112799,102966043,120063
8b942821ae10b3d0,68497,58594312,138319,68387,58605920,138319
8b9530527989aae4,64240,54353295,133125,64133,54363352,133125
8b9697d1da8eda86,93182,83274697,139117,93072,83285460,139117
8b96b1df7104a946,28911,18997093,138221,28795,19009872,138221
8b9a4a190564a3b8,41889,31977206,138516,41779,31988172,138516
8bc2556888462b6f,102552,92658352,138073,102446,92668996,138073
8bc84cb04ee00791,24773,14856542,137306,24666,14872679,137306
8bcb4f1c686f1095,33998,24094351,142049,33905,24108152,142049
8bd2aacf571a0d13,63066,53174761,140648,62958,53184520,140648
8be562bd72c5829b,88742,78833896,132081,88631,78844670,132081
8bfd228eb2e2c413,88101,78179149,118216,88042,78199859,118216
8c2b8229841cc3c3,16232,6251917,127806,16156,6331111,127806
8c2c3272722e8bb7,91819,81897801,138055,91713,81918494,138055
8c2fb98de21454d7,25180,15293997,137686,25073,15304568,137686
8c5cae4234d71263,14031,4133011,135429,13921,4143004,135429
8c615d3662d05f05,14940,5053555,137617,14832,5063306,137617
8c726f29a79e48f0,13610,3672381,127878,13547,3709616,127878
8c9aa8df4cae55d7,17835,7904529,128570,17784,7934283,128570
8c9fd282d9992ea2,15028,5113345,137008,14922,5127127,137008
8caaaaf80758449c,77389,67454719,140507,77321,67492812,140507
8cac396837f5bf69,92708,82813417,130848,92596,82823153,130848
8cb0189115ab6a6a,66540,56633368,133709,66428,56643093,133709
8cd130a0303829c0,14996,5076778,137659,14890,5095007,137659
8cf55fff748d6c93,84591,74633092,130396,84523,74690051,130396
8d2a0540309b990c,117771,107858507,138233,117666,107870018,138233
8d379ed97698226b,30294,20397259,138495,30186,20408120,138495
8d4529e3491b24fc,26858,16953777,138741,26750,16963519,138741
8d4920b26c884d38,86639,76718064,137787,86542,76738650,137787
8d56ab9536554c5d,34915,24994468,129465,34784,25004767,129465
8d62bce939462cee,57285,47375134,144523,57179,47386231,144523
8d65f28ab13f34c4,49654,39737955,138992,49547,39754090,138992
8d66a405f48d0a67,101287,91395039,140749,101178,91405991,140749
8d723646a946168e,87807,77895044,141457,87704,77907643,141457
8d726d6d0424382e,119859,109938751,138755,119751,109958975,138755
8d7624264ea0344c,58229,48361962,351431,58154,48388241,351471
8d773b56c5818502,48351,38434417,139817,48246,38450818,139817
8d8043a5be7a4478,37519,27613662,137464,37408,27623452,137464
8d85be31bc6873c9,34241,24314415,137614,34104,24326251,137614
8d8e8356a57c0100,102431,92534944,139960,102316,92545040,139960
8dab3046895ded67,36333,26386134,114136,36309,26431019,114136
8dad9141065aba7b,79917,69998035,139738,79813,70017213,139738
8db15b699cd866ae,85426,75512882,129341,85318,75526087,129341
8dbaa0e5ef3797ba,70582,60673257,131266,70473,60683395,131266
8dbe5007d36334c2,90692,80794831,139635,90577,80804497,139635
8df21715b8b7ccec,103997,94055536,131043,103936,94097085,131043
8df52117748cccdd,100508,90614843,139313,100394,90625600,139313
8e001bde5f441a1d,54061,44138466,141661,53963,44161381,141661
8e0d844007806f39,82360,72414546,138667,82279,72459981,138667
8e129df27609eea7,108022,98114626,137772,107918,98124346,137772
8e219ce044d99ce0,103806,93873177,129655,103752,93906779,129655
8e2678bf383d22db,80143,70234482,139241,80037,70245069,139241
8e4bacc40a82ef54,117279,107375078,139687,117175,107385700,139687
8e5d4ef0edd4aec6,18529,8633321,136594,18412,8643140,136594
8e61151b3c3d70e5,82978,73074356,136461,82871,73084413,136461
8e6e293b2370e6a4,48950,39015671,133660,48863,39049536,133660
8e761e652fa8a778,81882,71971889,130017,81858,71982493,130017
8e82befb905520d4,100915,90998484,138502,100808,91014475,138502
8e8a7867f36de7c3,109030,99093884,132081,109012,99149027,132081
8ebad3cf30619067,105685,95794935,138969,105575,95804659,138969
8ec48068936beee9,42710,32780058,131426,42647,32809424,131426
8eceabdc476dceac,24710,14793616,137205,24604,14808660,137205
8ee684d20f2f71a2,102252,92334943,139533,102153,92352332,139533
8eeddd43d8962c63,36428,26453262,126219,36399,26527336,126219
8ef3ac4a936dc105,81148,71213333,131136,81075,71246434,131136
8ef410dfdc398a40,119570,109655041,138828,119466,109669632,138828
8f17561e97c83c48,28252,18353729,138303,28140,18364451,138303
8f2760bd748bf0f6,56919,47012898,131525,56814,47022134,131525
8f30090a14189424,100851,90934999,139362,100745,90950989,139362
8f30e70ffe80076d,103838,93895633,132722,103783,93939242,132722
8f35a2fde82d209a,117486,107594938,138043,117376,107604433,138043
8f39520bf4c87a04,100094,90153337,130681,100024,90193363,130681
8f527e0ee8c125c3,93678,83757861,137829,93573,83777624,137829
8f58b68494d9b25f,117397,107506260,138057,117287,107516049,138057
8f7c3619bbc10ddc,49996,40095703,132259,49884,40105428,132259
8faaf122e3c3366d,74616,64717820,137221,74511,64728837,137221
8fb34697a8adc061,17534,7616449,136867,17429,7634101,136867
8fd1fa5a1f2edd28,102742,92835184,140015,102636,92845987,140015
8fddfb335956da7f,83632,73717798,133172,83525,73731122,133172
8ffbbfc77e5f68c1,98672,88777606,137001,98583,88790136,137001
9002082624c5ca55,87589,77694417,137834,87479,77704996,137834
9006ac9f9cb2db42,102070,92138778,138018,101984,92169459,138018
900d1b40822e5670,114544,104635365,141761,114442,104650005,141761
90139fe9a1dabee2,47822,37914225,139353,47709,37924356,139353
9038f09fbd757133,104481,94594915,138437,104375,94605950,138437
904281cf9d8bdfa2,30514,20602250,153272,30408,20614039,153272
905fcbf6f25b3e41,47139,37234089,138700,47035,37244199,138700
907053e1b65afb26,44781,34852836,131759,44702,34880111,131759
90746953126ec346,69059,59138489,141018,68953,59159571,141018
9089cd73eab52c02,23034,13133593,137903,22917,13143008,137903
90a0220d57622a56,67098,57193431,133087,66992,57202668,133087
90a7419f12d65e3d,118554,108638569,139340,118445,108654177,139340
90b02be43201cc3d,14660,4753387,136755,14543,4763191,136755
90d990b831760fe8,58483,48535499,133032,58410,48582621,133032
90dd86a0a403965b,64083,54193488,132351,63972,54203207,132351
90eb056619f26fd9,60975,51040262,120242,60915,51073915,120242
9112bf0ec5631e14,31201,21294127,138923,31095,21304454,138923
9139b653ff044ea0,111268,101334618,136978,111202,101382910,136978
913e61b07fee5af3,51801,41894410,139853,51684,41905115,139853
9148e189eea2c803,28310,18413787,138862,28193,18423844,138862
917dfc5c007eecfa,118681,108757968,115207,118615,108778846,115207
919f40624ba00414,84379,74401866,130869,84332,74478542,130869
91be2cb828d4b7c3,111997,102093445,128802,111890,102105231,128802
91befdebd2234bf5,87406,77497666,136883,87292,77507414,136883
91c838bca9be24f0,41215,31294624,142401,41120,31315603,142401
91d6eab6209df1c6,31394,21527363,389285,31322,21556330,389325
91e668d2123932f3,20003,10072233,129745,19926,10102014,129745
91ecf4193fe4ae9a,43528,33614180,139913,43423,33628333,139913
9208905675a4f3fe,52016,42117758,139294,51907,42127902,139294
924ae082429b0ad7,73869,63974313,138315,73758,63988069,138315
92666c8fd4031b55,25787,15834059,129204,25728,15885671,129204
926c0d34e0c8bd11,37797,27896765,136822,37687,27906776,136822
9270c586f90a96d8,17234,7331757,127471,17122,7341077,127471
9273a32cfd26c2c9,12388,2473343,137236,12295,2487495,137236
927cf8cead980dde,81367,71435239,142518,81283,71467100,142518
9295d9d173cb82e7,20958,11053614,137925,20845,11063477,137925
929ae7c067e28c62,19215,9314122,129699,19103,9323660,129699
92ada2bc6e077856,29997,20074756,132088,29903,20096690,132088
92bc33e9b8c9606a,69475,59533044,131141,69405,59575458,131141
92c88ef92553f9e4,86046,76180310,341035,85974,76208037,341075
92ee066cd0a4edc9,33568,23632411,130011,33521,23683378,130011
930bd77d82206527,113858,103937424,131816,113755,103960025,131816
9319a97a82aaf827,26207,16293627,138014,26105,16307236,138014
931c00b48e276a77,91001,81097523,154942,90894,81109087,154942
932c89be43f37671,72250,62338232,138608,72149,62353222,138608
93424bb235c8916e,78058,68144004,154322,77956,68162118,154322
9342d7eefbbe4ae1,25850,15895806,139687,25787,15949296,139687
9342e58c60eeffc0,71738,61814498,138870,71642,61840497,138870
9359e1a8ea57347f,14181,4293488,137970,14075,4303787,137970
93803bcb7d56cb8e,53565,43653217,133010,53459,43666505,133010
93aafc0cfb8fbac6,73487,63534882,130892,73426,63587923,130892
93ad3dff200dbc01,43973,34073175,132927,43858,34083063,132927
93b374560d8eb195,52780,42835735,133392,52717,42884788,133392
93bbfe53ddb067c3,74431,64517851,139221,74323,64532605,139221
93bfa6cae9bacbe0,118241,108353585,129606,118132,108363043,129606
93e82b1987f0c949,112368,102476072,142319,112260,102487694,142319
93ec2ac665b6202c,55459,45536033,135406,55352,45558331,135406
93f1f245cc857f54,53629,43724977,133667,53521,43734764,133667
94338062f87cadc5,85298,75375028,131131,85193,75397267,131131
94423521d2a72edc,74369,64454907,138442,74263,64470857,138442
945215c5a5022d2c,90393,80473193,130989,90306,80492411,130989
948bbe2d45ac94fa,111675,101755007,130248,111546,101765479,130248
9495fa9cb989469f,75943,66054417,139035,75842,66065924,139035
94a59583cb5c8e07,113087,103156284,133284,113014,103190272,133284
94e3cdcf646658ee,54029,44114531,140922,53931,44128872,140922
94e430d996d15cfc,21235,11337197,137718,21126,11347641,137718
953e96e74c52635b,104060,94134635,137948,103994,94160466,137948
95758af2591689ef,13066,3153787,138572,12957,3165329,138572
959697a4cbc852ad,64022,54115789,134178,63910,54125625,134178
959bbf28c8f1a8b7,97783,87918363,333402,,,
959db7a1c8f51d8b,11172,1257208,137858,11061,1271409,137858
959e0f88e0a2cadf,16527,6613369,137325,16407,6627032,137325
95a8804e6c2c93c3,58321,48399412,117364,58251,48419027,117364
95adaaa372204d70,23861,13912456,130108,23800,13960187,130108
95b15efa45d1d008,95732,85814749,139616,95626,85831096,139616
95b93f6e37601f32,94121,84175642,131999,94047,84220383,131999
95be57499efa5204,59637,49716055,133523,59532,49736579,133523
95cf3b51b8a0945a,105543,95634482,137373,105432,95645374,137373
95dd4d0859dca306,53220,43333251,133279,53114,43346019,133279
95f7056ca0682484,118906,108974990,137578,118834,109005460,137578
9604b6a5c0dfb7a6,35813,25877753,138131,35732,25913077,138131
9611592098d87ab4,101381,91494968,139551,101275,91506312,139551
962d06e83130cd84,43593,33677487,158022,43488,33694368,158022
963674d22866ba4e,94153,84213544,130156,94078,84252812,130156
9642fa8a4598c55c,36046,26135620,142942,35936,26146300,142942
9655ab308f28cf86,17632,7716419,136334,17527,7731821,136334
965767321a7b2f75,95795,85878052,139117,95688,85894798,139117
9662585bdd32612d,20216,10293319,136095,20121,10315463,136095
966532c8c2bd3d25,76101,66194602,137399,76000,66207081,137399
9669673a7ff1a252,110568,100653191,128593,110461,100672614,128593
967a00cf48cd9f6a,43786,33873858,138229,43678,33886172,138229
9683a7592bb637dc,24396,14496856,137271,24284,14507198,137271
96b4d698ff94b86c,26634,16716791,137574,26530,16733823,137574
96b9916bfb019042,43175,33254348,140926,43081,33274547,140926
96b9cfb7366a8c4f,98611,88714954,139750,98523,88734769,139750
96fe4b18d346ab65,62169,52254499,117586,62054,52267883,117586
9709e3c9e25ace59,86813,76914500,137853,86698,76924093,137853
97372741d8b96ee7,49428,39514390,140353,49323,39527927,140353
978402eafb3617b6,81397,71474627,139218,81310,71496519,139218
979cbcd816e4b243,58071,48154484,140202,57965,48170330,140202
97e5caa59d7f79af,59583,49653290,132976,59487,49682889,132976
983fb883662b2bfe,89608,79715768,139538,89499,79725948,139538
9884c9c2069746df,105056,95106979,128012,105012,95156286,128012
989d3d5a26d69921,66694,56794862,141979,66577,56805233,141979
98ab66ee38be569f,34980,25072653,131890,34853,25084962,131890
98c201c52d9e0b04,97501,87614942,140167,97394,87624691,140167
98cdde8956d9a3b6,10215,294135,141312,10138,315524,141312
98db11ea5802c59e,54657,44733135,133506,54573,44756757,133506
98e68d8b996cb13d,88626,78713605,132533,88530,78725557,132533
98e6b0fbe8cd9180,53660,43753491,135139,53551,43763646,135139
98e75f5f46da9a8d,117609,107695105,138771,117505,107708672,138771
98e7d5340b2f005d,62602,52693522,133148,62494,52703003,133148
994ff8e92a885fed,110137,100234847,138563,110028,100247669,138563
9994cf8d17611ede,94216,84275463,130515,94138,84315633,130515
9996e11b4e500d2a,39842,29932214,127157,39736,29941973,127157
99a05527dcac69cf,36268,26347356,113282,36247,26366414,113282
99a8c82afa15da07,61290,51353449,133371,61215,51389608,133371
99e49c857a688f13,34144,24226148,139565,34015,24240537,139565
99e9a81a68ba341d,64711,54813402,132907,64599,54822736,132907
99ea2db138231775,108119,98213474,128952,108012,98222508,128952
99f2c119f60ac847,89176,79256167,132939,89069,79274514,132939
99fd4b7dbc1830c7,10056,113912,130645,9984,155435,130645
9a1324ca2a9415d6,64553,54636056,133811,64445,54652858,133811
9a13427a04176633,85041,75155150,141858,84935,75165511,141858
9a2dff2bc4304a75,62696,52775776,133933,62587,52795513,133933
9a312d7413a5a425,19427,9513416,136926,19322,9526910,136926
9a638a2dc021aa6c,35502,25552238,129230,35443,25601529,129230
9a63b21a594badef,98959,89037917,138686,98863,89064222,138686
9a67e78f74c558b0,49009,39093187,133747,48916,39109082,133747
9a9f92f669257f7c,20157,10232051,129319,20068,10255683,129319
9aac5cbce6e0724e,106718,96839922,338773,106632,96865874,338813
9aacd4f98c20e59f,56179,46255977,133845,56074,46278888,133845
9ad215577510e44a,28721,18814073,139436,28613,18823925,139436
9ad823dce2b42576,62537,52615745,132933,62430,52636545,132933
9addae1b0873e31e,118522,108615042,139289,118413,108625123,139289
9b0070570010a409,39048,29073709,127046,38978,29146739,127046
9b3bb831d237c688,46426,36514074,138879,46318,36525648,138879
9b3e73d0659d1a38,58578,48635933,133285,58501,48677888,133285
9b45735de9bc9945,54902,44993155,133051,54800,45008192,133051
9b515aa253c69d98,58547,48613522,134674,58472,48646766,134674
9b56675235102416,118810,108873737,130089,118742,108909441,130089
9b68afe79a68e45a,29624,19692759,131987,29554,19724672,131987
9b9073c2f984ffe0,36874,26957339,137835,36769,26973580,137835
9b97686fbafacad1,97687,87774871,139982,97581,87786223,139982
9baec03e22d8bb8f,98464,88554667,138716,98366,88568306,138716
9bb6ecc1c10c8c98,55649,45737553,143667,55536,45748972,143667
9bd3cd431f0ea87a,42450,32534095,139227,42344,32550476,139227
9bdf61983deb6052,45985,36094118,139291,45874,36104454,139291
9bef5c8c513a0878,115138,105213689,130982,115067,105241307,130982
9bf5466fe63734f2,68207,58292805,129687,68100,58305811,129687
9bf657da2d6f1c5e,62790,52876036,135005,62678,52889271,135005
9bfa21ac14e06e85,49245,39354163,139194,49133,39364314,139194
9bfe6ed7002f1921,57154,47235949,134259,57048,47253584,134259
9c012ad54773f833,76978,67074544,139199,76876,67087118,139199
9c1479831ca3f65d,83418,73518194,138348,83307,73527744,138348
9c5d7ed810fbf76e,22440,12553894,139143,22333,12564064,139143
9c8164b2fef0fdab,51674,41757171,131188,51562,41773574,131188
9c867cbe45858719,54782,44855713,132973,54690,44880699,132973
9c8eca5ef12f37ce,109573,99673569,131538,109473,99685429,131538
9c98b542d4f850f2,103124,93215152,139458,103007,93225216,139458
9ca49c0e3e9dac4a,10669,773525,138855,10553,783719,138855
9d0df610e1401d7e,31865,21932928,130401,31782,21965121,130401
9d14bb887e280c9c,81980,72049536,130589,81952,72079419,130589
9d29d75b005b47a2,36635,26673900,137913,36576,26735378,137913
9d29f372bc26567f,109543,99635572,130942,109448,99647223,130942
9d492890c59835ae,22690,12774060,139200,22584,12789835,139200
9d5057eb0ff73579,30642,20732021,127925,30535,20741074,127925
9d5a6170c0c6f6a1,82012,72073292,140715,81983,72113353,140715
9d7e64b21e623670,61039,51092908,131590,60979,51138961,131590
9d882c7fcd3fa869,78966,69099171,334353,78892,69125386,334393
9d8c2443c7e09012,45448,35534074,138748,45344,35547566,138748
9da83a9159e76968,80830,70914624,139277,80724,70929617,139277
9dad486e76740ac9,109339,99414921,139369,109285,99442797,139369
9db10042306eecf8,39777,29861653,152189,39672,29878163,152189
9dc5374b7033d18e,78935,69016271,130042,78829,69035182,130042
9de2ba9a43fdccb0,36742,26792604,130252,36662,26842056,130252
9de8fa86debf2008,32692,22777069,137660,32581,22791665,137660
9e15e7247eabcfd0,77779,67877877,138749,77667,67889832,138749
9e41b2c4df589065,71911,62014276,138367,71798,62030327,138367
9e486fcfb4a05313,16952,7032305,129483,16849,7050821,129483
9e49466623d9c989,118745,108802136,130453,118679,108844395,130453
9e65a6c788abcae7,43290,33377506,139892,43182,33389152,139892
9e7f4b9e9fc70886,87375,77474565,139173,87262,77485566,139173
9e89c87a5982249d,86929,77014637,138940,86825,77028704,138940
9eb997bf5723a0fd,47409,37494047,138383,47304,37509024,138383
9ec6524cae63e2d9,63723,53793254,132787,63637,53822354,132787
9ecbecaafb34129f,75364,65433598,132008,75289,65467792,132008
9f006bd478e79116,41697,31777081,138081,41591,31796832,138081
9f6335159ac10778,43690,33774099,139044,43584,33790143,139044
9f687ddf6543f9b1,25462,15553511,136462,25356,15563297,136462
9f6d728c78859a95,46837,36894994,131115,46759,36936523,131115
9f6dca50a529e30c,119120,109194770,137288,119031,109219563,137288
9f7a42e9fa2b3f27,81850,71938939,122001,81827,71949586,122001
9fb49aee9118ce19,15474,5531995,126819,15403,5573177,126819
9fdae2bc247fb633,29907,19974356,130513,29822,20006482,130513
9fe4c62f779361bf,29220,19333663,138203,29113,19343964,138203
9fee3f4c82c62348,108399,98505400,130682,108285,98514648,130682
a0047efa02fd0e02,104029,94095682,141763,103965,94129039,141763
a004b2be388bc3f3,55896,45998972,141043,55788,46008841,141043
a02c8a3461cecb30,43056,33116822,131191,42976,33155889,131191
a03479e094fc7a06,31518,21582847,116841,31451,21616330,116841
a03a4a08c2dee0e0,13450,3529752,127975,13393,3548729,127975
a0814559b9d9c66b,18615,8705263,136456,18510,8715731,136456
a09658f491e45258,37948,28033547,136535,37843,28047435,136535
a09bc16bead02178,85796,75897570,138252,85687,75908283,138252
a0bbe85d628c0fac,58418,48475933,133332,58347,48518085,133332
a0c9540f490cb38c,45061,35135303,132036,44966,35160335,132036
a0d5bafbb0f02551,44938,35013097,133209,44853,35037504,133209
a0f60726eb075078,93306,83398037,138276,93191,83407889,138276
a0fae8cd2b4aa149,89015,79101903,158653,88911,79115193,158653
a114ea3bcb5cb8cf,71306,61363039,130993,71241,61405590,130993
a11ca6fe2dd82227,63004,53114958,142963,62894,53124811,142963
a120078f398f985e,93398,83497745,137325,93286,83508294,137325
a1294f890ccb5f8f,100031,90093414,130473,99965,90130368,130473
a153e13de1a1ad3c,54811,44893286,133241,54718,44911421,133241
a15a83fe87780a7b,99087,89174500,137328,98984,89187947,137328
a17539dcf573c292,27353,17434164,138095,27248,17452829,138095
a18b2e45d4019fff,25024,15116416,137468,24908,15125880,137468
a1a05d44faa1876f,60620,50734290,139796,60514,50744713,139796
a1a1c963926c5dd5,16855,6948379,171275,16753,6961281,171275
a1cad1258700ed24,23471,13554294,137915,23365,13569928,137915
a1cced3820fa015d,82137,72166969,137899,82095,72237080,137899
a1d1716578e3121a,73927,64034401,138427,73814,64045926,138427
a1fc81c196e8db8f,106686,96774710,138536,106580,96786196,138536
a2196d1193f12ea6,20246,10333377,137086,20148,10345829,137086
a220ae28f898b018,59475,49517978,139069,59399,49574329,139069
a244b65886b025c0,77133,67202665,130866,77074,67237225,130866
a24686246cb6cebb,105434,95498609,137127,105340,95533553,137127
a275b82619bd087e,103031,93118805,139996,102918,93130754,139996
a28a5624e60b5b40,108621,98735273,141047,108518,98750727,141047
a28b01ec364b5753,82661,72774736,140469,82555,72785743,140469
a2a07fac4dc916fa,51546,41633177,133385,51438,41645435,133385
a2a0b1d6393d3a3a,33157,23234793,130851,33049,23258745,130851
a2aa113bf16f41ea,22910,12997351,139156,22799,13009629,139156
a2c7ffdf629b0af4,31266,21353823,138925,31159,21365410,138925
a2d42860b4fd2b25,10700,813665,138062,10594,824512,138062
a2eef3585bcd0413,95170,85258265,139584,95055,85268967,139584
a2fd0163ebfde1a3,82815,72897652,138369,82711,72915062,138369
a306a7e1f5b6f466,14502,4593152,135734,14391,4603882,135734
a30a3d0a63c40cba,100364,90455214,139030,100266,90466037,139030
a31f8cc3331fe877,115409,105514748,138205,115303,105528153,138205
a368e0d4a739bf8f,107741,97856566,149246,107637,97867636,149246
a37807e7617efa58,98405,88494610,138437,98316,88515208,138437
a380eb488405c190,96388,86474722,138826,96294,86488400,138826
a39ef29c79edecb8,32014,22096171,142125,31914,22114388,142125
a3aa328da4725a91,52047,42154316,138771,51937,42165087,138771
a3c086b388e81076,95357,85454796,138391,95238,85464526,138391
a3cbe46a163bd07c,26294,16393752,138269,26182,16404064,138269
a3e0af47c162caf3,60495,50598273,140132,60387,50608010,140132
a410b6aa06edd120,17265,7353666,129663,17151,7364152,129663
a412c9370e5a8aa8,105875,95953259,129159,105770,95973701,129159
a44b2628442b8eb1,39436,29533673,137236,39316,29543255,137236
a4b98ea96f03622d,78123,68215030,139983,78019,68228347,139983
a4c16ee1e7ab7c8d,10885,976734,156924,10781,988686,156924
a4c6e8f42c7e0d42,18181,8234096,128818,18108,8279927,128818
a4e419ff76eee1b0,102808,92894751,138486,102701,92907504,138486
a549e93ff72a4b95,70613,60715302,144419,70502,60726567,144419
a54cd3a84428d2db,54961,45053555,133771,54854,45063515,133771
a563668f8ec1f665,87059,77141331,158027,86954,77159310,158027
a56db1b29abdaeea,116977,107036958,140017,116901,107077684,140017
a577cb7a58471645,114576,104659489,142583,114474,104680330,142583
a5b24457b469e2ba,29592,19649765,114688,29522,19690044,114688
a5b60ad6af78ac94,30174,20273626,137835,30061,20284103,137835
a5bdffe67b0ea051,59556,49618203,140249,59464,49656292,140249
a5c7736462b6e7d1,115501,105615038,138904,115397,105630508,138904
a5ea81c9dc29e11b,9867,0,345098,9792,26131,345138
a5fd2ef92357e7d7,20668,10756528,154732,20561,10768710,154732
a62b9cf3f1d44121,79529,69614428,138867,79434,69628847,138867
a632e1f77212d529,43659,33737506,139151,43553,33758769,139151
a65fe14689569c54,117930,108018420,139149,117821,108029123,139149
a66947ef170987e7,109249,99315038,139694,109210,99353866,139694
a66e41d4fe3300f4,10520,613702,139023,10415,624636,139023
a67bb37b149c4b85,33387,23496136,110378,33330,23559333,110467
a6a01d0edc910886,96206,86274900,139790,96128,86306610,139790
a6a7705421e13ad9,73199,63277902,119106,73151,63300401,119106
a6b832e835b777ba,90663,80755329,130413,90551,80765095,130413
a6b834d40c7af79c,41951,32054083,138651,41839,32064290,138651
a6bc4ff18a9f2f41,52591,42635472,133006,52541,42692407,133006
a6c5f7775f03a94c,92741,82855088,141563,92634,82865515,141563
a6db5801017998ff,59050,49128857,122410,59022,49148707,122410
a6ea6d32006f323f,52900,42973141,132827,52823,43002094,132827
a729b4e534d7dcff,89696,79778507,140611,89592,79796321,140611
a7454794bbef71a9,49623,39714396,140529,49516,39724886,140529
a76a97e5da8134c2,33221,23312973,131985,33111,23326127,131985
a77f84fa43cc3cd0,111327,101398117,137560,111251,101439022,137560
a7a657f9b5bf8552,112183,102279531,134902,112072,102290818,134902
a7b5e17175d8b319,15061,5136692,137995,14955,5160580,137995
a7bd443ae440da7a,12841,2941584,182956,12735,2954408,182956
a7db9bd1b59dc888,30925,21017297,139344,30809,21026881,139344
a7ffb2e5ddae2989,16887,6973244,136371,16786,6987142,136371
a82076af1e54aa98,114350,104435480,141377,114251,104451951,141377
a82a2b86fdf0da6e,23892,13951904,128390,23830,13991458,128390
a836a5065f797d64,22148,12216974,137956,22063,12248298,137956
a85861bbd64715a3,67997,58096779,129180,67883,58106332,129180
a86029059cbd5e29,95107,85194789,138644,94994,85205979,138644
a864d01e11c51018,105971,96053365,130217,105865,96069659,130217
a86dfb45152f08ce,109815,99896816,139426,109712,99918640,139426
a89668a5d7dfc490,41067,31132865,132170,40987,31166344,132170
a8a0a1f53381a2b9,29846,19912218,129087,29766,19945936,129087
a8ae27a4810aecf0,60342,50433239,132322,60228,50443262,132322
a8c51506dbc57bb3,116753,106820897,132243,116684,106852896,132243
a8cb92f61d682d59,47287,37394349,140259,47173,37404096,140259
a8d5f18b9e114c23,11918,1998172,129874,11850,2018050,129874
a8e7fc8c3258eff3,20363,10464923,137191,20252,10474525,137191
a8f4e8fd02194a8c,107860,97962079,180263,107757,97974534,180263
a8fe7c35ef44ecb1,47050,37132985,132699,46955,37149854,132699
a9149f90f2cae39d,12970,3054193,137754,12863,3068714,137754
a914a6c43c43cef8,114317,104399166,141622,114218,104419943,141622
a92a4afbe0f3ac01,75551,65634297,137837,75463,65655116,137837
a92fab30c4f4803f,89111,79193774,133095,89006,79209682,133095
a977e4f6acff1ddf,15442,5493464,127161,15372,5541108,127161
a97f76ea78c38dc5,45642,35732744,130924,45537,35742279,130924
a98a6e14284e8366,22880,12973809,139747,22770,12985028,139747
a98db25ea0bab793,94726,84834667,139125,94621,84844556,139125
a99fdce8b08b1c7a,115015,105093801,130446,114954,105118370,130446
a9ab827dfebe5b39,83106,73194713,139875,82996,73205961,139875
a9b16732ad93d23f,34947,25032269,129498,34814,25042881,129498
a9b5d72e5a5fdf0f,20701,10796865,156034,20594,10808446,156034
a9bd11da6efab5b4,34527,24614287,141594,34412,24628717,141594
a9c9e2d7cac2c0a4,17079,7172163,128880,16974,7182297,128880
a9cb0056152adeeb,102491,92595350,139476,102375,92605670,139476
aa041e36c2682224,73393,63453165,130991,73339,63495879,130991
aa191c08d76ad218,40975,31032692,131282,40902,31073679,131282
aa2aec22200b8d96,33286,23372631,131826,33174,23387375,131826
aa8dc5ea6171c05c,105088,95128896,129363,105042,95187747,129363
aaa1f2a9ce029faf,69378,59433523,130549,69311,59477338,130549
aaa4e1e79a05edfb,18210,8272175,129320,18134,8309100,129320
aaab82aaf34310a0,98522,88618369,139229,98416,88639919,139229
aaba9c5aa791e65a,16610,6713404,137709,16493,6723801,137709
aaccbda2df744a41,11601,1693466,137910,11496,1703785,137910
aafb7f0d50fab27e,56709,46775738,134020,56624,46808863,134020
ab148ba5d7a4685b,38498,28554944,137698,38427,28598823,137698
ab267316270b0a2e,26536,16620278,157055,26432,16636944,157055
ab29d0fa49e817df,19693,9803872,121207,19622,9821330,121207
ab425861220d5159,53534,43616586,131884,53429,43635501,131884
ab49433a5fa9c22b,101943,92013259,130212,101862,92041427,130212
ab6962006f7ca453,89486,79595304,142087,89375,79605626,142087
ab6b93301f9b78d9,54562,44633279,133464,54482,44662149,133464
ab6f569db5c0b423,117993,108095662,139711,117883,108105467,139711
ab7c4b5d8b98655a,30144,20237323,139814,30034,20247675,139814
ab8a50839225f02b,24367,14473624,137887,24253,14483634,137887
ab997dfd5986bcdf,82913,72998012,138305,82808,73012943,138305
ab9ea4fcd41627bd,73607,63674581,139406,73533,63709472,139406
abaaa627ccab6aa8,12048,2111679,127282,11978,2147270,127282
abb92804bb411231,22561,12636901,138446,22456,12661506,138446
abc56d3f55e61735,106968,97046506,58594,106940,97062553,58594
abc59c0d29fe0026,28690,18773967,139469,28582,18789279,139469
abd030f83f7c3d36,53875,43977276,144991,53765,43990201,144991
abebe7ec2c2f8ffe,106501,96614500,137186,106393,96624242,137186
ac1fde1636a8ae60,17448,7553946,137151,17335,7563485,137151
ac292db1d3d0666f,40396,30477574,138981,40292,30496031,138981
ac6fb329d5f888b1,42628,32735706,101334,42566,32752004,101334
ac772caac43a6e96,115752,105834949,138226,115651,105855010,138226
ac78c8a43ed2e65c,71274,61341003,133941,71209,61372960,133941
ac7b711045c0d75e,16173,6186657,127161,16105,6271584,127161
ac85f403e5224bd6,70395,60477864,137994,70292,60495133,137994
ac874814b04c1513,100247,90314560,137980,100164,90347115,137980
acf2cef9e4f77dc8,97876,87957343,129681,97829,88057986,129770
ad0599461808c021,76037,66117797,138373,75935,66139382,138373
ad13528af0042dee,71559,61617706,137805,71482,61662371,137805
ad1ab0ddfa39b9e8,70735,60837927,138840,70626,60848671,138840
ad1d81d6fa09d89a,10918,999963,137427,10813,1018237,137427
ad21d98a85d8e760,46201,36277979,140923,46096,36301595,140923
ad391b7cac56b244,84066,74169740,143683,83979,74180962,143683
ad3be220b11dbeea,82044,72096691,137685,82012,72143773,137685
ad6644661a8ff2b7,22657,12740200,136549,22552,12757049,136549
ad72caa9615a13f9,40912,30972779,132158,40842,31010951,132158
ad9485c360d10119,40154,30254492,141434,40037,30264749,141434
ada1c1db5a15a1a5,12080,2135403,140314,12009,2180634,140314
ada61f38defdff37,77326,67394527,138956,77262,67427313,138956
adbc0d6cc2cdb46a,104763,94928025,334675,104721,94954615,334715
ae40acd61377bdbd,21872,11932507,129845,21809,11971091,129845
ae4dc7b2b8cfd6e6,73425,63484367,131103,73369,63527081,131103
ae63c7272b92aa45,27652,17705503,130500,27599,17750965,130500
ae64b74def8ee76e,64679,54773279,132975,64568,54782570,132975
ae6dc9d83833b4a0,31648,21712213,128749,31578,21746809,128749
ae863e522916e07e,18936,9015531,129948,18828,9035295,129948
ae8ba572c1ee3689,17599,7693419,137786,17494,7703500,137786
ae9e569d419049cc,103903,93973778,131781,103846,94005002,131781
aea9fbd443ba03d2,70827,60934452,138594,70718,60945248,138594
aec3d073fd7b5ef0,36018,26111422,139499,35911,26121389,139499
aec88362127dd507,98133,88195569,143358,98076,88243980,143358
aed23d92a8bd667d,80394,70493072,131161,80281,70502731,131161
aeda6329f432570f,85551,75638670,139207,85438,75651535,139207
aedaaf71f130553a,23187,13293795,138749,23077,13303980,138749
aeee75f0a2ad3d7b,23502,13593395,136686,23396,13604209,136686
aef8fe9fe178dc05,91098,81180754,138824,90988,81197440,138824
aefb923cdecd929a,94817,84898229,138924,94712,84916194,138924
aefd27a3b0a4d815,113984,104073820,132186,113875,104085012,132186
af244f70fa310ec5,101164,91258397,139522,101049,91268883,139522
af2940f6600980f0,100883,90975087,139100,100777,90985565,139100
af6dc55d61e95131,62633,52715934,132909,62525,52732940,132909
af879508d6cda163,40123,30225399,136510,40007,30235373,136510
af900d194dce402d,107420,97453241,129500,107346,97518799,129500
afb948cc35950b09,75054,65179342,337022,74976,65213312,337062
afdb0ff1548af93f,12477,2573446,138542,12373,2583647,138542
b057cb15b70614d3,74646,64754261,137041,74540,64767924,137041
b05b1ccdcc9b5f79,69983,60094491,139058,69874,60104757,139058
b06500da10823254,38181,28260423,130047,38122,28280119,130047
b06cc4ce089ca9d1,62570,52653513,133242,62463,52668764,133242
b0a3f97a9298273f,46991,37073296,132800,46902,37090091,132800
b0c458b7c235128f,89578,79678059,139248,89469,79688315,139248
b0c5f247d04dbc59,119481,109595019,138004,119375,109605640,138004
b0d22e01dc164010,90172,80235363,129438,90095,80271891,129438
b0ec8d8aa19e0f60,84649,74695109,141880,84572,74748959,141880
b0f019615236e72e,22942,13033759,138259,22829,13043479,138259
b0f070dc4a284d58,58134,48226485,141021,58028,48236569,141021
b121dfa1e53f5983,85643,75738257,138423,85526,75749354,138423
b12ab98c9b13d303,90453,80533110,130325,90362,80552657,130325
b13b0538a987e834,19307,9413531,137157,19195,9422812,137157
b14e10072c825fd3,108709,98795113,140424,108610,98810983,140424
b1595e9d51b71c17,78281,68374990,141593,78173,68389178,141593
b17b989da8075cef,31233,21317657,139636,31127,21332277,139636
b1829a9455cb63a1,69569,59632794,129936,69494,59668231,129936
b18b98c1b9ed7174,101910,91975648,130697,101830,92008969,130697
b1970d6a9ffe097f,104667,94757780,156981,104562,94769000,156981
b1a7cb9794b92d3c,13222,3317424,138448,13109,3327728,138448
b1bb44f56e080141,63784,53855674,132933,63693,53883742,132933
b1d4e5561f270ef0,21840,11892297,130638,21778,11939609,130638
b1dfcdfa071f46c9,108522,98633306,130136,108412,98642636,130136
b1e27c61c34b2563,57038,47137279,133270,56921,47146949,133270
b20823f374dee7a2,52928,42995517,132590,52847,43030371,132590
b21a2a3c8e0030a1,49275,39377624,138657,49166,39387331,138657
b222f238c1c7b56a,13482,3563037,129462,13424,3580933,129462
b228dbacdb672582,12237,2313369,137466,12158,2337836,137466
b2529965bfe4cf23,107252,97252822,127515,107206,97350873,127515
b25957b5e35b3e33,40062,30154074,139236,39949,30164532,139236
b2693e1f91679f66,95827,85959506,334476,95753,85986792,334516
b2928848caa937da,42288,32374075,139146,42183,32388062,139146
b2a7af24ac15a501,118425,108515010,138163,118318,108525218,138163
b2c0bebbecee1e3d,49039,39115560,132449,48943,39138607,132449
b2cb9bf00b5fac17,25943,15996897,138172,25873,16043120,138172
b2dcf0ce930d2c69,18120,8171991,128485,18054,8218925,128485
b32e9212c7719599,74400,64494356,138450,74293,64507280,138450
b33ee3ebe769e95a,54932,45015651,132943,54828,45031601,132943
b369328209a726b2,71403,61453493,131451,71335,61504357,131451
b37093c5a48af521,30545,20633659,137688,30440,20644876,137688
b385555b44023f76,118086,108178342,138023,117971,108187685,138023
b38d3d1949b542d7,60525,50634455,140199,60417,50644294,140199
b399f2ff83baabd3,82253,72275256,139053,82193,72352865,139053
b3bb738801d27cb2,50120,40234777,143205,50014,40245306,143205
b3ce2d796585a6f2,85136,75218123,138054,85032,75235176,138054
b3ce34a02a86fd07,21360,11473506,137217,21253,11484081,137217
b3cf137de7147db6,25974,16033820,138989,25901,16073547,138989
b3d733aac7d73dbd,11480,1593786,139219,11373,1604333,139219
b3ddb0b479b720d5,28400,18513783,137875,28295,18523792,137875
b3e2bb293bac5328,36717,26754699,130684,36641,26815969,130684
b3ea48b9dea458b7,29125,19233797,139238,29016,19243558,139238
b40550756a272f3b,67613,57673137,132257,67541,57712835,132257
b4075efb2624c5f1,75980,66094475,138368,75880,66107623,138368
b409316bc7f4534e,81733,71908284,335589,81704,71938200,335629
b41cc5a8ff7ab132,97406,87514751,139171,97297,87525445,139171
b42407df15548b0f,92960,83043492,154220,92855,83059974,154220
b42cf21280d89610,101975,92035272,130313,101894,92073960,130313
b4523da8d5cd8503,55051,45150806,133703,54936,45160981,133703
b4527e987dbee16e,32566,22653892,138449,32459,22665830,138449
b47e64a90779edfe,73637,63714471,139156,73559,63740568,139156
b4874da65e9c4a96,63255,53336053,133524,63150,53353969,133524
b49840582c788441,61527,51590620,126044,61478,51625988,126044
b498f6dd16208328,28166,18253664,138536,28065,18265223,138536
b4a6a7142f481de0,29527,19603949,113786,29457,19625010,113786
b4d3879b5678c37a,89207,79293857,133880,89100,79305728,133880
b4e2287b66207603,99213,89297917,137860,99101,89314511,137860
b52141d6d08357ad,63661,53733315,133029,63578,53759851,133029
b524d3e7c99df02c,81336,71395289,131559,81255,71435050,131559
b53450f6365238e1,119208,109294909,138225,119109,109307819,138225
b5424580cec2ea20,80301,70394763,140636,80191,70404909,140636
b55fe599bf437015,92830,82914613,138803,92726,82929777,138803
b56358c16e85412b,113635,103715215,140324,113535,103737250,140324
b59694395360a848,97719,87798426,139617,97614,87819075,139617
b59a3574bf5a3560,99609,89694831,139098,99503,89708029,139098
b5a074df2955a5ff,89729,79814831,139820,89625,79828760,139820
b5a117cbd7e3bd05,113210,103293620,131283,113127,103311182,131283
b5c0351a23c5a96b,45924,36017716,139517,45809,36028102,139517
b5df622ceaec9299,23534,13616752,137857,23428,13634192,137857
b5ed1d7173f47658,63468,53531142,119988,63391,53566949,119988
b5fc5de7eb9262b5,113361,103453972,132705,113261,103465734,132705
b60a5a2442c94d4a,22381,12476777,138514,22267,12487315,138514
b61e8c4f391504c3,16342,6381890,150194,16248,6442561,150194
b66cfd540ae0015c,52233,42313222,133459,52129,42332714,133459
b6713e1050c27d66,61560,51611234,120556,61510,51659164,120556
b67f9a357b2828ce,101730,91838338,102041,101652,91853746,102041
b68f6a0197eea1f2,14405,4493378,137418,14297,4504508,137418
b68fe423f3722b50,109946,100034685,138053,109842,100050578,138053
b69003ba00b51ffd,19939,9993728,128335,19865,10038618,128335
b6c59b4b1ef1e33f,86014,76098333,138422,85910,76114406,138422
b6d6de6e74dd5a21,15409,5471997,128981,15340,5509079,128981
b6f16d37a24816b6,39245,29313881,137184,39149,29343701,137184
b6f2360666fbcc1d,35077,25174363,140322,34976,25188290,140322
b6fac30dab79899a,89516,79619171,141392,89407,79629508,141392
b712d1d915e7a0d3,48415,38497618,139283,48308,38514686,139283
b7599c8c4afe5ee4,116851,106913401,129504,116780,106950516,129504
b75c0e110d2aa275,71882,61978622,141619,71770,61992521,141619
b7847771aebb7e42,12298,2373458,138228,12214,2398180,138228
b7b7c6dc740ad9ff,78709,68794272,137874,78609,68811071,137874
b7c070b1fe28cd43,49156,39254150,139525,49046,39264113,139525
b7d37752579ea348,55426,45513129,132659,55320,45525353,132659
b7e1d7cda075c46f,15254,5386360,383314,15180,5414593,383354
b7ea03552e6b8ada,99119,89214764,137778,99014,89228725,137778
b8015a54416c13ed,86143,76223223,131253,86076,76242520,131253
b8038f2e67196a32,79188,69253236,131129,79117,69287493,131129
b80bf5ebb4eda64a,79765,69874645,139226,79654,69885030,139226
b8177715bb207ee0,17567,7653695,138498,17462,7667440,138498
b823c7deec816a12,26323,16433924,139290,26213,16444237,139290
b85bc40b5369295d,107576,97654569,137577,107472,97675727,137577
b8cdd869e4614666,91722,81794870,129352,91616,81820976,129352
b8d3e4a783d8e2ee,79794,69898052,138303,79685,69908207,138303
b8f3852550aa5f75,10184,251909,129204,10109,283642,129204
b8ffd4ed7a418e2a,67582,57635661,133601,67511,57681816,133601
b9080de9b4b84b2d,104121,94195715,138084,104049,94221393,138084
b90bb1bc23cc504c,117899,107994898,138588,117791,108004997,138588
b9104a665af3b646,91915,82039673,339764,91833,82067378,339804
b915370e182487f4,64053,54155820,147009,63938,54167030,147009
b925f717c39caef7,51955,42054358,139292,51840,42064362,139292
b948cca39384345a,108086,98175075,139725,107981,98185739,139725
b9574b0ae82f0775,91415,81514407,137792,91298,81525472,137792
b992501bea03ded3,21577,11673650,137522,21472,11683894,137522
b99448a6447a12fb,75851,65954797,138109,75734,65966170,138109
b9a4e76a243a87c4,112752,102856096,80989,,,
b9cd28da5246bc66,47376,37465294,139366,47271,37476305,139366
b9ce8a008887e969,48637,38692894,131884,48569,38737147,131884
ba0aba04833fdc2d,84441,74473277,131314,84390,74540739,131314
ba1cacb061f551e3,79558,69637672,137786,79460,69657852,137786
ba1ec87e2d4df078,19184,9292256,128778,19071,9301482,128778
ba30a52bd5dcee40,33819,23894086,138634,33752,23930773,138634
ba328953579d1a71,13794,3873159,135645,13715,3894509,135645
ba38750007a2d69a,60891,50999691,107651,60832,51016893,107651
ba411190134a0ed5,82546,72638192,139415,82433,72648431,139415
ba5490ddeaf5f636,28880,18973756,138230,28766,18983483,138230
ba638b5304b725dd,21020,11113609,138343,20905,11123398,138343
ba6754ddf2d2695b,90813,80917781,138351,90706,80927200,138351
ba726d1d6fec45ee,97828,87935296,101666,,,
ba9c2029e1e8142d,32406,22497324,159266,32301,22509604,159266
baadaf9d800a6f68,111238,101298172,138424,111175,101350007,138424
bab1897da9d1ac25,111297,101374903,138208,111226,101408933,138208
bac85d5f8ce2daea,87967,78054862,140274,87862,78066787,140274
bb323fc85979f834,106067,96155435,142502,105959,96166999,142502
bb6a61eab43eb35e,61007,51062834,132991,60947,51106628,132991
bb8b8f5c7237672b,38957,28969248,111575,38895,29055012,111575
bb8eeea82c501687,78464,68574761,139801,78360,68594574,139801
bb9447f65077b985,119091,109158477,139045,119005,109190440,139045
bbaee0ff232b8b7a,84924,75018268,140022,84807,75027707,140022
bbc4ea9b0bf947ce,99738,89879271,338083,99672,89905664,338123
bbd984f721aeda78,22206,12293708,137987,22114,12306504,137987
bbfb94a6dc325206,108807,98940485,340712,,,
bc01ecbc4762b515,34739,24834784,130641,34630,24845695,130641
bc36d4590dbd4a4c,15222,5311824,128443,15115,5321144,128443
bc60ff17195aa9fc,55142,45255246,145517,55035,45265388,145517
bcade2a947a69777,78620,68734078,137361,78521,68748767,137361
bcb9f3a6af88905b,104182,94258649,138643,104101,94281513,138643
bcc2eaea7ee35ab0,102006,92073845,131300,101924,92105347,131300
bcc9ade1dae1cc84,40880,30933034,132708,40811,30979308,132708
bce10e4e460ddfa3,56423,46493406,133541,56349,46527524,133541
bd01fa9c8a508103,56358,46437546,125518,56284,46461393,125518
bd168c4873ee05a9,116818,106875385,129768,116748,106917161,129768
bd33d995df1c3650,115319,105415367,141182,115225,105438253,141182
bd42da6813d45d68,19778,9847772,130234,19707,9877483,130234
bd4ef8b3991f1fa2,88134,78199352,119047,88075,78233014,119047
bd720b8033ecbc32,11697,1793435,136212,11592,1803456,136212
bdaf12f282d40cbb,98862,88955008,138874,98770,88972965,138874
bdb0916c2854d129,74795,64876646,141341,74689,64898217,141341
bdb402b89a05bfdb,119150,109234937,138920,119057,109249758,138920
bdd5f21647cacd52,72971,63057936,159154,72868,63075166,159154
bded277f8607fad8,64773,54873490,133897,64658,54882831,133897
bdee1d77a2d12226,46266,36354074,139744,46161,36365557,139744
bdfd4d78b213335f,50879,40953161,133705,50796,40977552,133705
be0605535c904aec,35471,25523834,129678,35412,25569370,129678
be272a0b481800d1,33438,23516524,120412,33394,23560140,120412
be316233713ff35c,14437,4516476,136875,14328,4536022,136875
be42b05f11ed6a5f,69186,59322198,352181,69116,59350087,352221
be60e3b11aac8304,94278,84353155,130517,94196,84377416,130517
be723fb6a1211f15,119796,109876954,129434,119689,109894706,129434
be96decc154d5618,116914,106973385,129026,116841,107013951,129026
beabbd4cbdb91bd0,34210,24277172,138479,34075,24288955,138479
bead364bc7e03f6f,47666,37753998,138310,47558,37765185,138310
bf0157a2a345d07e,96268,86334786,139402,96185,86367364,139402
bf1a36bed6db7d57,100276,90354655,138372,100189,90375669,138372
bf1f7513c68f4c84,44406,34494248,140065,44302,34505889,140065
bf297babb55d4155,79059,69136339,115851,78989,69157493,115851
bf3318002cd68741,98991,89074712,138042,98893,89092915,138042
bf67a71c6ad7cdcb,93245,83334565,138061,93132,83345065,138061
bf68495fb3a56ec9,72410,62499144,127936,72304,62510287,127936
bf69ee265a83ba78,110232,100334953,137717,110118,100348328,137717
bf7358c730377247,98895,88978386,138477,98801,88999480,138477
bf78e2e5ca97534e,50241,40334255,140094,50137,40345374,140094
bf8d9f1dcab02445,70363,60454521,138474,70261,60465677,138474
bfad0537e16063bd,107685,97778225,138983,107566,97789471,138983
bfd34b0262ec865d,91507,81614413,137924,91393,81624219,137924
bfdc36e349ee696a,89955,80080311,343611,89874,80108698,343651
bfe72d986f0605ee,45800,35892736,130732,45691,35901943,130732
bfef09c6046ce006,75396,65473140,131478,75320,65498056,131478
c02a78c065ede128,106376,96478305,137775,106266,96487655,137775
c045eb54581b5a7c,99149,89238189,138751,99042,89251508,138751
c0463a8bdb161781,88263,78313534,132253,88201,78363094,132253
c046c7152adfba78,110729,100813437,129887,110621,100829754,129887
c080491091e12f78,56520,46593140,132997,56444,46619515,132997
c0943100996842be,112276,102378778,144876,112168,102391861,144876
c0a1f6b0b9217aff,107472,97514710,128965,107388,97571441,128965
c0d0c964047b4e8b,114512,104595348,140912,114411,104615035,140912
c0d9738a8c2ba56f,109978,100058098,138301,109873,100081313,138301
c0e05b6af8ac57ad,52363,42502138,354132,,,
c103a7d43d2b7165,65834,55913380,133278,65740,55934258,133278
c10991d3882520df,41568,31654347,139733,41462,31667487,139733
c112495b9d7f47e2,106099,96178717,137635,105990,96198167,137635
c11407afa13bcb95,37735,27836899,137947,37626,27847301,137947
c11b2236f7be2ea9,16259,6291957,127804,16179,6358966,127804
c124b80014b982ec,24015,14077885,137431,23943,14116208,137431
c174dd28c5d07c42,21512,11596624,137007,21408,11612715,137007
c199f549038d8d0e,77541,67618202,140004,77458,67645635,140004
c1a1888820f5b150,20862,10953621,138034,20753,10963581,138034
c1b684c03628ba79,84895,74994573,139004,84781,75004953,139004
c1c615d820240b8b,80175,70258078,139416,80069,70274700,139416
c1c97d3b3001102a,39810,29896518,153134,39704,29909926,153134
c1d7f831c86d44af,69750,59834528,138337,69658,59849648,138337
c1f497652d29a815,77841,67954689,139009,77735,67967833,139009
c20fa5a714878606,111053,101113055,128402,111009,101170319,128402
c21ff7d038f4d4e8,55681,45773103,132343,55566,45783041,132343
c2356186ff7eab84,68305,58393969,137303,68197,58404236,137303
c24f8e300e7bf382,45513,35598296,140920,45409,35612861,140920
c28b9a2b173d71a8,66478,56573649,133906,66368,56583622,133906
c28f322de8620a63,49718,39814494,140228,49609,39824363,140228
c298facdf097acf6,77631,67717811,138926,77536,67733107,138926
c2a58d9568d7313b,115687,105778335,158588,115587,105795291,158588
c2a9966fb6b54e81,47792,37877764,139461,47680,37891467,139461
c2ab6998e18cf6fc,14307,4400473,177795,14201,4413432,177795
c2b57d9349263671,104271,94357947,137785,104179,94370925,137785
c2c04e39b90d8120,100125,90177199,141175,100053,90226806,141175
c2c0d1544fefbc79,10821,913822,138470,10716,924750,138470
c2d52785f83d0e0e,80669,70754548,139270,80563,70768138,139270
c2eb1de669c55508,43818,33897414,139302,43709,33918065,139302
c2fba00ae87be147,100601,90715106,139088,100494,90725259,139088
c300cde2a4b7d3a4,64648,54736022,133327,64538,54747972,133327
c3168f4b4012d7ab,112895,102973891,132032,112830,102997982,132032
c3234c031b08dfe4,20765,10853533,137317,20658,10864464,137317
c323c91da154a545,87677,77759135,141393,87575,77778223,141393
c32ce0ec2480a0c0,113764,103855349,139810,113663,103868089,139810
c339bf7b0f0946a8,24250,14337296,139552,24148,14349698,139552
c34c2322dcf4b372,11794,1876872,138207,11687,1893456,138207
c36017cb78ac7077,59840,49953147,131492,59732,49962574,131492
c36086b681f5b6a3,55618,45713208,133415,55506,45723459,133415
c371cc85b7b78d2d,36848,26934080,139032,36747,26947579,139032
c3726900ee71a8c6,96506,86599192,143696,96399,86609526,143696
c37c7f2e07bab644,16395,6453715,139404,16292,6495169,139404
c3b39472726e304a,57725,47833428,134228,57613,47843569,134228
c3bd1df05acb3f39,58791,48873676,134186,58696,48891124,134186
c3d5e3cdafcc31a2,26353,16457490,139630,26245,16468073,139630
c3e88dbba65b72e3,99968,90015615,131800,99904,90067108,131800
c45ef4c74f9967a5,20798,10876688,137197,20690,10897214,137197
c469403f7f164f39,36769,26832472,130147,36683,26867813,130147
c469b824573c5059,36689,26732651,131137,36620,26789115,131137
c48c2d4be744cfe4,65744,55813864,135539,65658,55844558,135539
c4ac6b9ee334ee65,67066,57153197,131948,66961,57165589,131948
c4da81668f46b7fa,59894,49986851,143734,59787,49998384,143734
c4ecd545aa88ac7d,100754,90834832,138856,100649,90854565,138856
c4effd264d4e44ab,23095,13204880,138005,22986,13214408,138005
c50447846878da2f,64742,54835671,131987,64629,54844966,131987
c505164fd18e1f1b,14533,4616420,137494,14421,4632786,137494
c51c823fcaf3ab87,115289,105375680,130996,115199,105395569,130996
c53824a16acc928f,14469,4553754,136821,14359,4568936,136821
c53e90026223b7b2,54465,44533286,133450,54386,44565287,133450
c542c54b9fecff79,15538,5594263,126604,15465,5636796,126604
c56b95bdcaf28dc8,36795,26856277,140801,36704,26895686,140801
c57106470ad42ef2,105297,95333379,129313,105226,95396605,129313
c5786ee0fea84ab3,74708,64817908,158907,74603,64832187,158907
c59746402e5b3167,84533,74573105,129243,84472,74632407,129243
c5bd310e1ad3a05b,115847,105934886,138734,115744,105948213,138734
c5cc3cc681f3c666,11418,1518439,129280,11308,1528306,129280
c5d62c15a7307a6b,68590,58694586,139319,68477,58705292,139319
c606736278599174,42256,32345898,138344,42151,32355896,138344
c60b459ef780aac7,84473,74495131,128917,84418,74571928,128917
c62097af6f1e947a,36396,26431979,157395,36369,26497605,157395
c6267fd0802ecf2d,11387,1496643,156845,11277,1507961,156845
c63a245b1148219b,80047,70134518,139098,79943,70147227,139098
c643a66a0289a239,68369,58453254,129136,68261,58467759,129136
c67c22e9cec1a42d,41390,31494068,139185,41275,31504252,139185
c68c6c61c0d9e528,69954,60055079,141576,69839,60065169,141576
c696102854fe742f,118055,108154998,138683,117942,108165241,138683
c6abce768f9c36bf,41535,31617064,138364,41430,31634608,138364
c6bcab9546d01787,84981,75093158,130744,84872,75102534,130744
c6cf6a1cabd870f3,43880,33974174,139742,43769,33984095,139742
c6e144742d91261b,44652,34719485,132153,44576,34750817,132153
c6e684d6960ec38e,64866,54973588,134514,64752,54983177,134514
c712de91176c861c,28495,18580341,155865,28390,18595758,155865
c715a311b3d53b93,29816,19874167,129550,29738,19914951,129550
c71a525ff68cc698,22753,12837196,138228,22647,12852932,138228
c71ff5f74ccdba76,18240,8312006,129172,18159,8338979,129172
c72a792914d12f51,77357,67418246,140794,77291,67460798,140794
c73a33201cffc050,45269,35372663,130839,45155,35382563,130839
c74ea6a521554feb,22236,12317068,138327,22140,12335139,138327
c77aa1a43e5b6225,44374,34457909,138737,44269,34473498,138737
c7a800daec6e3e8b,87091,77174457,137994,86986,77190582,137994
c7abb0fd597e4c5d,87467,77574686,137542,87355,77585724,137542
c7d52587a21cb3fd,60279,50373443,133460,60167,50383124,133460
c7d875faeb49fe46,112091,102178601,138193,111982,102196245,138193
c7da471c1ce0e7c2,45481,35574536,141304,45377,35584588,141304
c7fb1af34e4d03cd,118778,108833588,130106,118711,108877817,130106
c82490c61a3f46dd,110325,100418250,137762,110212,100430120,137762
c861ba1a5a4166dc,92797,82878208,137015,92693,82896950,137015
c86200c0fb1d9981,47168,37257630,139333,47060,37267179,139333
c87bc0e73fedd602,10278,353588,138436,10198,379039,138436
c8879d5b308c1dad,115784,105875121,139845,115682,105890828,139845
c8b836f12e79eb92,20580,10693589,138148,20474,10703751,138148
c8c3a192e322a296,42167,32274208,139626,42057,32284265,139626
c8cd4a967e088cc5,23829,13873604,129046,23771,13928770,129046
c8d95012d1b936d6,43626,33713941,138784,43520,33725997,138784
c8e0471283e05555,36929,27016790,136747,36816,27028665,136747
c8f46956c586b392,82333,72378132,138293,82257,72432374,138293
c90dda2260e9a5bf,98581,88678014,138385,98493,88732720,138385
c91576369f375add,21775,11834496,130771,21714,11874196,130771
c9211206f0b651f7,23618,13725608,100174,23563,13748170,100174
c932f983d99817f6,12565,2673680,137764,12453,2684292,137764
c944c7bfc9c1381f,63534,53593728,132816,63455,53633561,132816
c9470a7a582bdd36,105352,95396809,139804,105272,95452117,139804
c94c94371052ae0f,31805,21872148,129137,31727,21904682,129137
c9518dd61f67a7ca,22351,12453415,137198,22241,12463741,137198
c9611843c420b98f,38405,28466863,139485,38341,28505140,139485
c979adb6e5b771d8,75581,65657911,139900,75490,65684766,139900
c981fca566d9df19,51737,41834737,142885,51623,41845083,142885
c9a82b869d6a16ac,70426,60514192,137789,70323,60525618,137789
c9ab24ca7ff589ef,119890,109975649,139202,119781,109990071,139202
c9b3e371f515dc1e,30234,20337505,138688,30126,20347336,138688
c9b85905ec5c7b2d,10638,736599,137595,10522,747509,137595
c9d7de4971ccffa4,111177,101238359,138923,111123,101295517,138923
c9df2c731987a78c,99243,89334656,138002,99129,89346523,138002
c9fef38cdfdae81f,108213,98295635,131253,108103,98312356,131253
ca014cda8786735f,83356,73455499,143442,83235,73465247,143442
ca2839e91485423c,10549,637012,138140,10441,648715,138140
ca29eeb6fac0105b,105721,95835036,138827,105614,95845142,138827
ca384ee294711008,18384,8473802,139747,18283,8484118,139747
ca3fed924a9be82c,15987,6005859,90826,15938,6084261,90826
ca45945cff7795d6,64327,54415731,146579,64222,54427811,146579
ca5d4bf4e48d7f7e,21743,11812430,129539,21683,11842495,129539
ca7cea81bbfa0822,111084,101136869,140774,111038,101199459,140774
ca94aed6e3a47cf1,69123,59214250,138598,69016,59224026,138598
caa36f6f1a64a863,92030,82097848,130596,91953,82130077,130596
caae679061b1bff4,92648,82754705,139442,92534,82765253,139442
caaf4f158762f98c,105809,95897025,152030,105704,95909757,152030
cab8dafca4dbbca1,59806,49913500,133990,59693,49923489,133990
cae51f29c76cf0cd,92063,82132810,128167,91986,82162407,128167
cafd69edf89f0fe0,96329,86397771,138135,96241,86428742,138135
cb21bf99c3b4694d,33909,23992581,131355,33830,24020130,131355
cb23b8f68f3320b9,35356,25463547,100841,35298,25482900,100841
cb26fb5dd424a6bf,66318,56405776,159023,66210,56419073,159023
cb4bea597364b8fa,17754,7861015,98275,17704,7882988,98275
cb5034281b713364,66572,56655627,131680,66459,56672115,131680
cb5690275c085ab2,111621,101733006,127534,111513,101745088,127534
cb68d21b70365a8a,114229,104335191,140557,114123,104347698,140557
cb89b03bfd022780,84758,74834598,137436,84663,74857185,137436
cb9f6bb3bb4888bd,21297,11396693,138676,21188,11407813,138676
cba150459b0bf6f2,38765,28857954,59810,38711,28879386,59810
cba58b76266b4412,37297,27374171,129895,37191,27396017,129895
cbae77310706e5e0,83939,74013502,132009,83857,74038360,132009
cbd1db33f37514e1,82225,72251736,139257,82170,72324345,139257
cbdb0c65bfb12098,82760,72874233,137388,82656,72884512,137388
cbf6933a8043b77a,51831,41934517,140089,51714,41944578,140089
cc09dcbe49ff8498,51172,41272926,131890,51057,41282078,131890
cc0cece47e651237,16823,6919364,170996,16721,6932010,170996
cc21256bb6e56acd,69720,59794659,140211,69631,59819881,140211
cc34c8f7761185a0,92529,82618283,138182,92425,82629020,138182
cc4dd3eb56c13c18,118491,108574741,137900,118382,108589871,137900
cc5ea28dc9760a47,68897,58986099,137831,68791,58996106,137831
cc757677a4653407,99674,89758206,139191,99568,89777388,139191
cca1543b24428262,17110,7193940,129092,17004,7208925,129092
ccd6c5c8eecf480c,73548,63614427,138444,73481,63649592,138444
cced69255fb6cbaf,16051,6057794,117712,15997,6149506,117712
ccf23a4e65641cdf,103061,93154763,138978,102947,93166118,138978
cd6d1a73e37dd650,105380,95433405,130181,105295,95478959,130181
cd8dea9b01d09d19,62197,52293712,134091,62079,52302881,134091
cda0f0eccac496bf,42137,32237617,138711,42027,32247620,138711
cdf583b07db888a9,41361,31457374,137063,41248,31466631,137063
ce0a86d171fdbdc1,65082,55159746,146203,64978,55182284,146203
ce13d5e39eaaabbf,51578,41655650,133079,51469,41677110,133079
ce25523b750b96f2,104602,94678390,139151,104498,94701892,139151
ce334851b714b510,114710,104814982,82806,114659,104857708,82806
ce42d6ed0b9428e0,45151,35235204,131835,45047,35249596,131835
ce4b33305062141f,85234,75313195,130506,85129,75333134,130506
ce4f7336d2ef6029,101103,91194875,139336,100990,91205108,139336
ce55d719ad1f5ffd,61166,51217344,132027,61101,51265927,132027
ce5d6e0f0cc01bf2,31017,21117460,139633,30906,21127301,139633
ce61c6bf9bc2957d,72089,62174629,138936,71988,62190698,138936
ce6dbddc4067a39a,116005,106095164,138731,115896,106106485,138731
cea0162b6617b036,60310,50395781,132373,60197,50409544,132373
cecf1921cbbe8479,68433,58517051,142167,68324,58533156,142167
cedf4bb5c45f93ca,52986,43073035,131800,52896,43088430,131800
cef12a4c3dc84dec,90936,81017792,138187,90829,81034817,138187
cf16420cf5c94cb4,70705,60814512,138099,70594,60825304,138099
cf30936dbcc49d17,10608,713346,137270,10494,724552,137270
cf393c30dd4afe20,41098,31172867,132019,41015,31196670,132019
cf407ae3897933bb,76881,66974405,138735,76781,66988935,138735
cf4c07b48f8b010d,52266,42353469,134823,52161,42365396,134823
cf5b289beb7bd3da,88480,78535478,130466,88401,78578486,130466
cf72bec5aaeb7a95,110892,100954987,113044,110854,101005598,113044
cf758a16ae238fef,67358,57424041,121409,67296,57457146,121409
cf9080820bcb7d44,84251,74315409,116797,84208,74349643,116797
cfa2f37028cbad40,69411,59473185,131488,69343,59509871,131488
cfc43e02178eac87,67939,58036208,149530,67831,58047558,149530
cfdff27854c5a34f,56646,46715961,132601,56565,46746360,132601
d0012ac6fa1c5717,107192,97190625,112344,107153,97290607,112344
d00c8b96396ae0ec,102999,93095176,139144,102887,93106325,139144
d00d3a77883a4caf,52299,42376308,135131,52194,42397985,135131
d02eb1454f3fe74b,90484,80573324,130126,90389,80583466,130126
d03a1e9015c241d3,57317,47398954,141250,57210,47417297,141250
d03cd8c37fa22700,30056,20137661,137684,29956,20156030,137684
d042de0e3a8ce1bb,83042,73134690,140095,82934,73145190,140095
d060c2d8ae0ab725,54992,45093084,132804,54882,45102532,132804
d0712dd4a0e73166,44749,34812929,131574,44672,34848866,131574
d087ac0fcf6f4ecc,43087,33154659,142037,43003,33186338,142037
d08a4119e9a4cfc3,93151,83246216,139850,93042,83256920,139850
d08e700fa929984c,29938,20012367,130052,29850,20036514,130052
d092e41640762067,48828,38893132,132296,48752,38927652,132296
d0c4d92b7571aad2,14274,4356219,136854,14168,4374429,136854
d0cffe00c64f0ddf,112587,102674074,134111,112484,102689704,134111
d0d51f15f4d3b7e5,13765,3836306,137691,13688,3864660,137691
d10368a7c57d0c41,64294,54375911,133904,64189,54394061,133904
d10ca024e66b37ff,75088,65196105,101943,75019,65222809,101943
d1174ab5d66d84b1,40031,30113810,127991,39919,30129218,127991
d11e5ac9f33a083c,101437,91518565,139755,101334,91537279,139755
d12c41453fa09099,100689,90774870,139577,100584,90789132,139577
d160119bb9fbcc04,73724,63814695,138950,73634,63828946,138950
d16469f0c33047dd,88830,78934578,138119,88713,78944198,138119
d1891972624590e6,109723,99833371,129557,109620,99844116,129557
d1a3a1ff33b666d6,93056,83136908,140513,92950,83156298,140513
d1a573d47c2d48c9,83665,73753481,132344,83557,73764007,132344
d1bf95bc93669920,12905,2993759,139264,12800,3004693,139264
d1d206420ecdbf08,105598,95694833,139139,105482,95704594,139139
d1e6159b9aec9dd1,43942,34034113,139863,43828,34044371,139863
d1fe5ab29827544a,87313,77397712,138043,87203,77412374,138043
d20668325960d7df,109398,99473883,130202,109331,99500835,130202
d222907c4264ae4d,105907,95993391,130526,105801,96005564,130526
d233b0218f8fc1fb,15632,5694105,127898,15555,5731279,127898
d256f9912ca72a55,38467,28516982,137995,38398,28567845,137995
d266b6e4b9927f6c,63815,53893148,132131,63722,53914317,132131
d268c2bd0949d127,98434,88517893,138013,98340,88541888,138013
d2768c46c5520925,50968,41053222,132988,50875,41066814,132988
d29488ed9278dc20,89394,79494660,139078,89281,79504954,139078
d2986080d5c9a39c,104418,94518599,139139,104307,94528497,139139
d2b9c5018673d86b,60942,51019853,119448,60883,51040263,119448
d2ba9850381a4310,28340,18453708,138790,28233,18464240,138790
d2c9927dc2de8a4b,30863,20957180,138078,30750,20966723,138078
d2d6790855b10c72,103623,93714999,139177,103520,93727812,139177
d2dee6e0b53f0e87,106193,96278066,138058,106081,96291746,138058
d2f7d061983b6079,52495,42560326,121084,52447,42644777,121084
d2fc40d9a0e15b5e,18999,9091999,129492,18888,9101540,129492
d3048edc196c6c5f,75791,65894629,139311,75679,65910094,139311
d30d47771ba01e0f,30578,20672393,129258,30472,20682636,129258
d30fc745e3eea10d,109094,99153414,131159,109072,99195929,131159
d32728e7a8c33c72,13914,4007778,136456,13818,4018739,136456
d34b511eaa954bf3,18297,8371950,128393,18209,8396686,128393
d3a362eca17a65df,55362,45458036,161188,55256,45469697,161188
d3bbb28ad588840b,50564,40621909,131313,50498,40663967,131313
d3bcc02b89a51803,27873,17932345,129189,27809,17972455,129189
d3cc3dc20daa98da,61718,51733161,132597,61662,51817730,132597
d3e8b070d1c306b8,103186,93278729,140224,103072,93292461,140224
d3f329c09da14426,41332,31434172,138854,41223,31444325,138854
d425bb0db81b3c3c,63222,53313472,132926,63117,53323389,132926
d4586a8757e51dac,33968,24052622,130983,33880,24077089,130983
d4818d9c97f8a33e,85457,75534987,130988,85348,75556527,130988
d49d4c6751459859,53015,43095362,131944,52921,43116390,131944
d4ac9d6f1804f528,41303,31394179,139955,41197,31404779,139955
d4afb7539d118e6c,116035,106134829,138495,115925,106148507,138495
d4b1d049ac5735eb,119828,109915279,140513,119720,109927760,140513
d4b65aa6225530ab,106751,96856908,101311,106669,96873022,101311
d4cb774d5a567f86,50057,40155309,132099,49945,40165176,132099
d4cddca63c7f702d,49127,39226953,143222,49021,39237856,143222
d4d0681c8a5bd3cd,94979,85074795,138602,94871,85084458,138602
d4d3932ac488e53d,34709,24812719,130910,34595,24827169,130910
d5336d51b2fabd71,53940,44054969,141934,53838,44071661,141934
d5aa5d2e86faac76,111707,101795291,140339,111576,101807373,140339
d5ceff3bf992b39f,98038,88095507,131010,97987,88147406,131010
d6363ebd8c5c3727,46742,36813108,132337,46668,36841133,132337
d638fa4d825d2545,84812,74894505,138650,84709,74911541,138650
d64efff62cbd29ba,119635,109714477,135659,119530,109734112,135659
d6792ddf00d6c1c7,75761,65858231,139500,75652,65870315,139500
d6877ce8c51b1e97,79617,69714666,139117,79513,69725058,139117
d695b7c6b17ed308,29656,19714822,130763,29585,19755260,130763
d6a5f85410135187,14090,4196706,137711,13984,4207038,137711
d6f0dca06e79bad3,57477,47573374,132814,57367,47583160,132814
d712e550e0b9694e,76263,66354161,137707,76158,66370053,137707
d7395d6238c261d7,88199,78253492,132245,88139,78298596,132245
d73e2fd51a667d79,13578,3631763,128322,13517,3677632,128322
d7541ccde875aa85,80111,70194481,138560,80006,70211191,138560
d75ef2c09bd32dd8,68776,58877618,138676,68667,58887578,138676
d76dd1d77a74c1b3,25333,15413444,136320,25228,15436293,136320
d77e004f49d228ee,16447,6513613,138228,16336,6547011,138228
d780fe464d454282,98741,88854643,138415,98652,88877222,138415
d7849b0bae22d877,20894,10977092,138717,20784,10993949,138717
d787851f39c1941f,74989,65074526,138626,74880,65089850,138626
d78c7c5783231ebf,61593,51632130,120892,61542,51691572,120892
d78db4d8d2bfafc2,30449,20536970,156311,30343,20549587,156311
d791897966897d8c,62505,52593267,132667,62399,52604540,132667
d792f071259aec12,81115,71173525,132485,81043,71214910,132485
d7ac6fb21e757843,23700,13764964,117537,23644,13798310,117537
d7c181147c7beb70,11633,1716638,136905,11528,1732244,136905
d7c18d66f4c17042,59748,49853218,132956,59632,49863055,132956
d7ce559b4fe7d265,51448,41537213,156646,51342,41548962,156646
d7d9e3c5385bef95,59720,49812756,130371,59603,49822464,130371
d8156f0cd528887f,34799,24897812,139215,34692,24909356,139215
d819bdf209dd36ba,97253,87354775,138815,97141,87364686,138815
d8221e8d9a4d83ff,113481,103595794,142547,113378,103611186,142547
d846a93491beccac,44341,34434454,139878,44237,34445245,139878
d86378ff83b46ff5,22409,12513523,137412,22293,12523346,137412
d864b2a634a358ed,65211,55295287,144135,65106,55311308,144135
d8668ae9cff012d8,78403,68497539,138567,78290,68509468,138567
d8676e5d3f9d8182,112456,102539297,142321,112331,102551445,142321
d8add4e99dc9d495,116158,106258360,139279,116050,106269454,139279
d8d764fa7a289c5f,94946,85034609,138336,94839,85045764,138336
d8db3702dbf2a5ec,62284,52393456,133519,62173,52402684,133519
d8fec5c4f337ebed,66755,56858715,140161,66646,56868492,140161
d90d45b17bedfffd,47571,37654478,140871,47465,37670662,140871
d915698383d873a2,46709,36772833,131581,46636,36809201,131581
d91e2af2ea5b9234,44125,34233145,133783,44012,34243258,133783
d920d1be17e0b50d,116567,106655104,139826,116462,106671916,139826
d926efb44ad0e1fc,95011,85098360,139375,94902,85110008,139375
d946b01cb6d056de,38863,28902057,89379,38806,28959514,89379
d94dfef70bd7fc22,48734,38793514,133046,48662,38833701,133046
d966dda4dfeef426,118361,108438379,139471,118253,108460086,139471
d975cb905f4218fd,84503,74533280,131184,84446,74602920,131184
d98b4bc9c15cb8ea,31835,21894148,129997,31754,21934906,129997
d99a64cc89bb00ae,71853,61954704,139875,71744,61967362,139875
d99e067ffcb44c30,90603,80693234,130792,90497,80702587,130792
d99f969c7c73be7a,91227,81313221,130579,91113,81326208,130579
d9ad999f67e1212d,77896,67986260,139576,77794,68000861,139576
d9bd816acca9c9c8,96721,86835518,142109,96616,86846908,142109
d9e499c50316e478,54432,44499203,121809,54354,44531707,121809
da15dc25ab5420a3,20275,10356486,136928,20173,10374857,136928
da1d603b12703e85,70137,60218146,139770,70036,60236013,139770
da1eb692c4dda26d,84315,74357857,132394,84271,74415194,132394
da2839462f4dfc08,97098,87177829,137437,96991,87197479,137437
da318afac44af89a,93087,83174433,137262,92980,83186541,137262
da32223c5fc7dbe7,63319,53443614,364050,63237,53471567,364090
da4286289be89be0,63934,54016091,133582,63830,54033083,133582
da4b5d8d4f178c88,77511,67594555,139207,77431,67614552,139207
da686b2a3aa14f1c,51513,41595701,133156,51406,41612438,133156
da70d68616ed4fce,116221,106335475,139447,116116,106348271,139447
da78cfdf3a1c80b2,115260,105353526,129178,115173,105372274,129178
da992d3c37a35e95,55586,45673466,134600,55476,45685620,134600
da9e06d3576cca75,103429,93515005,139223,103328,93533193,139223
dac7c32d8c96d9b8,11762,1853543,138478,11656,1863576,138478
dad1c20ba9d887c5,55081,45193520,133698,54973,45203238,133698
dad329b6046bae7f,87621,77735274,143079,87516,77746960,143079
dae83ded8a3fd644,21205,11313924,138739,21094,11324876,138739
db041ca993d3b700,102342,92434929,139792,102235,92444477,139792
db0dffd17aa544d9,108054,98138163,139124,107949,98153552,139124
db1c84b81052daf6,24837,14933809,138332,24728,14943431,138332
db22738bed86fe86,26382,16493774,138958,26274,16504335,138958
db32e89819986cb0,96080,86134986,128913,96008,86179727,128913
db3cdfb95856ae88,106438,96538234,138303,106328,96548211,138303
db610347eb4d7428,57876,47958396,139801,57771,47976011,139801
db6227824abbf281,10756,836780,136941,10652,855703,136941
db633fb2b2b8d2d0,24868,14964742,136938,24759,14974143,136938
db647bf31edd58d3,82574,72674537,139234,82458,72684436,139234
db6a9197df5eda55,95919,85995737,113869,95849,86017471,113869
db7595edab6b428a,18968,9052656,129105,18859,9066779,129105
db81b81dc0b72629,59692,49777630,144965,59580,49793004,144965
db856e243b41bd64,31485,21563097,113565,31418,21583064,113565
dbafa5828190a252,53996,44078778,141144,53898,44096682,141144
dbb7df24569f3a9f,61136,51193431,133435,61072,51235178,133435
dbbb6e02e6c2d0bd,45415,35497646,139838,45311,35515024,139838
dbc6241cf0de3aa7,13417,3497375,129243,13360,3516650,129243
dc109d73a54c6117,72596,62694167,136448,72482,62705290,136448
dc30a930ae6fae83,54720,44793230,133589,54633,44819602,133589
dc381e2dba7b5806,103527,93614721,138604,103425,93629858,138604
dc386dd3a77d2af7,119267,109358766,138391,119160,109368342,138391
dc3f314e1baa3174,65396,55463583,124101,65325,55495311,124101
dc43fe7ccb2b7a1b,25430,15513163,135709,25324,15529043,135709
dc4d4b270049b16d,14061,4173475,137383,13953,4183900,137383
dc520fcf2db26280,118631,108738432,99965,118565,108755920,99965
dc55d9b6fbf7ada4,79378,69453714,131399,79297,69477695,131399
dc6f2cf3833e2537,35901,25976918,137160,35809,26000892,137160
dc72e1a6b6fab01e,79124,69193523,131676,79053,69222823,131676
dc77bb3c1c5c0cd6,78249,68333410,130310,78142,68350360,130310
dc8c08fcba9b2319,59927,50014098,138287,59820,50027024,138287
dc969c275470e4cd,118393,108475523,138757,118286,108493475,138757
dca7051053c635f5,116630,106762147,348318,116556,106789736,348358
dcd11bad250e6617,84867,74954388,137894,84756,74966198,137894
dce3f8416d3a51ea,111208,101274746,138173,111150,101324249,138173
dcea6d0394d56e6f,110263,100358185,137593,110148,100370363,137593
dd04808dc743a637,33879,23963513,129115,33804,23990580,129115
dd0a571761171375,118874,108935708,141561,118804,108973446,141561
dd0e0fc499b9f509,100063,90115436,130252,99995,90162951,130252
dd11093d050bfb7f,92927,83017474,155847,92822,83028382,155847
dd43daa0cc36f4b6,72627,62734154,137629,72515,62748336,137629
dd5629c1b161ca91,102401,92498534,139646,102288,92508525,139646
dd5d051cd3cefb81,33726,23792466,129942,33670,23842036,129942
dd6770dc4b6b6cb5,63565,53633291,132965,63486,53665005,132965
dd84ace7b9f798f4,110386,100494678,137537,110276,100508848,137537
dd94e9b37a7e6e90,22818,12897210,138329,22709,12917811,138329
dd95297fee571c62,65714,55775852,132869,65630,55813398,132869
dd98786c7c1264fe,104537,94618319,138682,104433,94636732,138682
dd99b207e83d471d,99274,89374609,138247,99158,89388556,138247
ddfb43d945fca88d,71941,62037733,138940,71831,62051128,138940
de1c14ff0c671796,13703,3773247,136728,13633,3803149,136728
de30e0be71d4df14,94637,84738509,137951,94532,84753033,137951
de500212a02baa13,17047,7132243,130102,16943,7146782,130102
de69264b75fad897,23954,14012099,128715,23888,14053935,128715
de7712970d1b2ab6,71046,61134382,139011,70941,61145499,139011
de8b3f8a96d9cbd5,101632,91715537,140248,101527,91731285,140248
deb360d18156e818,32308,22393875,138138,32204,22408077,138138
def2922ed9ec7562,112489,102573886,132795,112362,102584839,132795
df064e760ab13bb5,87528,77634184,136947,87418,77644551,136947
df093376abaf4572,107712,97817718,155316,107598,97829182,155316
df0934a76e97cc57,58701,48773577,134707,58615,48801205,134707
df1b2c192952d2ef,77808,67914356,137967,77694,67925839,137967
df221e375263c6ea,29438,19568487,395290,29364,19598070,395330
df2ec2101507e98c,53784,43875773,132985,53670,43886142,132985
df3703ccc23e65cc,88231,78275893,132918,88169,78329856,132918
df40c823da340daf,86090,76201072,124118,86022,76216409,124118
df4c93058e07bae5,32131,22234092,140708,32018,22244573,140708
df53214e94e93efa,52527,42583042,134211,52478,42645758,134211
df6b0da94ecb88b1,91883,81974389,137683,91776,81984985,137683
df6f3e36caf3a680,38733,28848090,334468,38679,28874609,334508
df7f06947d6e8417,59362,49394622,141064,59306,49462122,141064
dfa87dc115e6263d,26235,16333591,137457,26130,16344210,137457
dfbab8ff0d618dbc,17295,7393947,140075,17180,7403526,140075
dfcf08d6dcd1069d,30832,20933886,137608,30720,20944035,137608
dfe3fa88492c4f0c,49098,39193021,132331,48994,39202321,132331
dfec2265ab08f3cd,47635,37718241,140520,47528,37734545,140520
dffb6ba0126ec2c6,72057,62137927,138924,71956,62161124,138924
e0025c8bf59c71c9,26921,17013600,137719,26811,17023309,137719
e03b317cc76d5c73,97376,87478285,139131,97267,87488643,139131
e03c00b3ab7ad0a8,87498,77598024,138403,87388,77609215,138403
e04ebd93ed3d02dd,39162,29212190,128786,39078,29261007,128786
e0520d439a8c95bd,38619,28766593,345972,38559,28793684,346012
e0590535f4d81da4,10490,576874,138586,10388,589400,138586
e05bb1c525f0f831,43440,33554320,139552,43335,33565242,139552
e071ad97677bfb0a,50818,40875168,131494,50741,40916901,131494
e09b391b7b696949,58879,49054297,361759,58847,49081121,361799
e09f6fdb1004a643,61624,51651984,120692,61572,51722682,120692
e0b0c7ec3c7f2599,19245,9351897,128489,19133,9361951,128489
e0bc6a1c14c2bc0e,37080,27193786,136843,36973,27203777,136843
e11bacab563ec6e7,41600,31694347,139835,41494,31704706,139835
e131a55f9925f24d,39408,29497042,137567,39291,29507259,137567
e148170496949207,102968,93055023,140459,102857,93067274,140459
e1981573c00ccb4a,51642,41735040,143764,51531,41745672,143764
e19acb72aa2686bb,11951,2020074,129427,11883,2050646,129427
e1ae51d095a88253,76514,66614311,138317,76398,66628547,138317
e1b6e8e7f847c192,26178,16256954,138761,26080,16278510,138761
e1b8d88df7765b85,74740,64852798,129350,74635,64865101,129350
e1b933a7831009fc,80863,70955434,143620,80756,70965621,143620
e1be954ede82a19f,113270,103356473,132574,113181,103371416,132574
e1c2046ad14cae9e,105025,95085279,129213,104983,95124497,129213
e1c41dd04a8cf54c,112307,102413787,132735,112199,102427501,132735
e1d0cace2fc2f561,118458,108538680,139968,118350,108557514,139968
e1db490374221524,60216,50313324,132125,60106,50323416,132125
e1ec4a21fd40200e,39713,29808586,168333,39607,29820823,168333
e1fd3ff307818d3c,15570,5631941,128119,15496,5668551,128119
e20ae8bab958a5ec,57974,48054644,140350,57869,48073967,140350
e20b4ea5f91e03cc,35931,26013495,136456,35835,26030850,136456
e21c99212791599f,74081,64158118,140909,73980,64184132,140909
e2385c2afc055014,67823,57895593,132178,67729,57922396,132178
e23ff18758c85d03,88358,78413546,132280,88290,78457031,132280
e267af22b536d3b3,112122,102215377,140342,112012,102226971,140342
e26e3915fcc08e6f,86399,76453176,130317,86324,76497936,130317
e28adde91868ca62,28560,18638845,136389,28454,18659974,136389
e29b8ab092cc664c,28022,18093859,138868,27941,18122719,138868
e29e813e16d55367,96176,86238685,138087,96099,86275866,138087
e2b9c10f69ab6bea,44716,34775181,132201,44640,34816103,132201
e2d7ce2e6ef65106,119602,109686049,183581,119497,109704166,183581
e2e499f729a53432,48156,38238287,139391,48052,38256102,139391
e2f58adb6f350c12,117739,107835129,138944,117635,107845046,138944
e30ba12fa017b6ca,98317,88394669,138889,98240,88424366,138889
e32581b5948c2c24,59419,49458588,141035,59353,49518257,141035
e34b585336cc90fd,76728,66835770,141408,76624,66847428,141408
e354b13223de5986,102038,92115519,143157,101954,92137914,143157
e3605d90b299841e,100947,91034872,139459,100839,91047215,139459
e36515d59fd4d182,94185,84253372,131219,94108,84284847,131219
e374396b07e88fe4,55022,45115476,132679,54909,45125528,132679
e37c6052576c680c,22528,12613537,138191,22423,12628149,138191
e3bd61a71df02162,115349,105438618,137834,115250,105451576,137834
e3c11ad5a73141ef,115942,106035053,139453,115836,106051544,139453
e3c92ec9cc8e9918,26265,16356711,137285,26156,16367104,137285
e3d10d46282f9ad4,28626,18714090,139894,28519,18725089,139894
e3e9b10badf9f0c0,85521,75615181,142404,85409,75625915,142404
e3ea560281e4b819,68240,58338368,161681,68133,58349578,161681
e3f1a51fbf69379e,21144,11236855,138332,21024,11246694,138332
e3f31f47180c163d,58387,48453443,132059,58316,48486007,132059
e3f5055c43aa2872,15923,5975261,92510,15876,6019897,92510
e3f8e9dfa7edeaf8,99903,89963119,130937,99841,90002965,130937
e3fb227af13da0d4,107990,98077661,155109,107886,98089798,155109
e409f886ae205cad,115199,105275677,130590,115120,105300928,130590
e425004b9ec86c90,95983,86039925,130803,95913,86082966,130803
e426fd9610b75425,59959,50037743,140054,59852,50059095,140054
e42bdc0661266092,12775,2856836,137821,12669,2873973,137821
e44e0493a3aa6602,76545,66637688,138574,76428,66650593,138574
e45d2de83b74ae28,88388,78453709,132603,88318,78487663,132603
e49dda43a0a67ad1,97067,87154595,138260,96961,87167147,138260
e4a25f315ac6926f,42871,32932852,130374,42804,32969686,130374
e4ae58493c534f71,116066,106158303,139122,115954,106170100,139122
e4b6d991f15c3b23,103247,93354710,139046,103136,93368819,139046
e4c856bdbf3408c0,15955,5990343,89394,15907,6051658,89394
e4fb981c7ce1cc5a,52202,42275749,133315,52097,42301048,133315
e4ffae0f3304bd41,26121,16196877,137072,26030,16220507,137072
e50869f85f5b1b12,31047,21155281,140124,30936,21165142,140124
e50efb6fb54f6397,46773,36835220,130956,46698,36873073,130956
e536243df8f9c6b2,76815,66897736,138786,76715,66917208,138786
e54a68400a8e751e,40848,30894989,131827,40781,30947209,131827
e54b187430f8daf4,57820,47934801,140502,57714,47944817,140502
e55228b1efa682f4,64112,54215963,132855,64003,54225300,132855
e554fecd46608b9d,64489,54573646,132040,64383,54588922,132040
e564716ac1b2b096,96654,86758888,139532,96546,86769486,139532
e56b7c4a3929e862,70201,60281975,162570,70101,60302671,162570
e590b2a4a2e85419,67194,57275780,133177,67087,57293524,133177
e59177a07a9c7845,93461,83574748,138677,93354,83585174,138677
e59e52e9c6d18cc6,34027,24116126,129057,33930,24133681,129057
e5b4f46f201f7b33,22293,12377028,137674,22190,12393060,137674
e5bad53ad122e47a,106036,96115157,129226,105929,96134306,129226
e5d2b1144449b66a,82721,72835304,139717,82617,72845312,139717
e5db646131fd9980,19092,9191925,128323,18977,9201246,128323
e5e557326ab51cdf,25235,15317058,136642,25131,15334672,136642
e5ea2856d1dc19f3,69537,59595403,131108,69464,59636890,131108
e5fa9d44c96c16a5,49811,39898142,140579,49699,39911179,140579
e600d1f0c65c7647,67764,57835736,132339,67677,57863649,132339
e608a26ae09079bd,18809,8893540,137625,18703,8908836,137625
e62180dedbfd50e9,113451,103553797,131958,113341,103566654,131958
e645bf198195cd9b,9909,16713,102224,9839,33760,102224
e64f2a22170c9fa9,36579,26597133,138134,36530,26678451,138134
e659ab5b72c5ef9f,46299,36377627,139232,46193,36398777,139232
e66dcc8b86893596,100450,90538258,139304,100343,90549628,139304
e675a492745ad464,89858,79955410,141269,89754,79966282,141269
e678a36144567a52,11665,1753697,138737,11561,1765264,138737
e67c7205ffac9745,94025,84093472,131237,93953,84124568,131237
e68d932978d66a5d,12418,2496570,137302,12321,2517876,137302
e6dde1e447f67044,30481,20576402,154370,30375,20587738,154370
e7025ee3c8ee72b4,80894,70979358,141323,80787,70993458,141323
e710ab19ad72f3b4,37457,27554187,138691,37348,27564175,138691
e761057b8185e431,115719,105804483,154928,115619,105825041,154928
e771fc3a4e2395da,34588,24673993,138839,34473,24692790,138839
e778713d4ec8ad12,16790,6879286,171246,16688,6891736,171246
e784429786d18e26,58761,48836215,134033,58669,48860485,134033
e7a4c234ee7d5101,70234,60314335,138352,70134,60334412,138352
e7abee6ca56e49d0,63353,53462360,112467,63276,53479231,112467
e7b26921ca1d4249,95666,85754492,138454,95561,85766329,138454
e7b8681a0d72f56d,91755,81835125,141190,91649,81854610,141190
e7bd29f19664e104,117337,107435026,139006,117227,107444714,139006
e7c5ddcf2f887e39,91601,81714789,138642,91494,81724585,138642
e7da32b15896a9a1,21448,11533627,138182,21343,11547692,138182
e7df20687b295760,38374,28432271,128350,38312,28473596,128350
e7ecc4c925f4e29d,89301,79393366,131989,89191,79403143,131989
e7f47c22744c7ed7,65981,56073280,132560,65872,56087376,132560
e7f945b691cfa5a7,107801,97917834,156473,107698,97928514,156473
e8148904d8168f5f,34830,24932074,127979,34723,24942424,127979
e826c9aa6dc7e7ac,70169,60254551,140184,70068,60269099,140184
e82ff050b6f87d4e,56978,47075780,142633,56867,47085415,142633
e8372fab1d7ccb55,25723,15772053,128922,25666,15821783,128922
e839a921342d3145,86994,77074851,139453,86889,77093613,139453
e87cddc677e89666,93646,83734616,138425,93541,83746244,138425
e882e490dcdcfd1e,100538,90638316,139120,100426,90648713,139120
e8acd5f4d704d296,20186,10255681,139596,20094,10285907,139596
e8c2162722915dcf,17697,7844734,375878,17641,7875742,375918
e8eec5de4efb80b0,92470,82554442,137373,92372,82569606,137373
e91376438ac1ffcb,40784,30842004,132382,40718,30883018,132382
e93bf8672e1f42e7,108338,98433719,130711,108222,98442816,130711
e9453f797181f14c,106653,96738279,136729,106548,96757863,136729
e96ed4b00375b524,118842,108895977,131420,118774,108941640,131420
e97fa68507a15e2e,17665,7753567,137514,17560,7764549,137514
e9942246129dbba5,45955,36054311,139355,45839,36064691,139355
e9a45b392ca70393,35843,25913712,137678,35759,25943354,137678
e9a58721b7b9c344,66285,56378929,165967,66178,56391701,165967
e9c5216cbda12b11,22626,12717106,158517,22520,12728637,158517
e9ce8a94361ecaf8,37828,27933754,137563,37718,27944126,137563
e9e612a19aff5732,66010,56113179,132536,65898,56127151,132536
e9fe17694df3ca33,61779,51813298,132839,61717,51878856,132839
ea03af1cc492927c,11295,1393360,137080,11178,1402735,137080
ea13b84545330b76,26033,16097033,138501,25954,16132982,138501
ea163d6fb3a5b608,84704,74757965,138048,84618,74803682,138048
ea3f75e97cef52ee,40944,30995098,132214,40873,31043082,132214
ea664ce4c556f06e,73329,63375093,130438,73279,63429421,130438
ea729b67b2a55793,117039,107114831,138109,116959,107138718,138109
ea74e4f69a53e5d8,16113,6130818,128482,16052,6212447,128482
ea755ae6bc229d76,72907,62994277,138475,72805,63009550,138475
eaa0765ce498ee8a,117577,107658468,139972,117473,107677007,139972
eaba0e075947f3fd,62226,52333623,134519,62113,52343733,134519
eabbf06d1f6bbb65,39190,29235756,139749,39102,29289716,139749
eac12120fb36b073,13033,3117523,138788,12926,3133038,138788
eac7613811e93eb9,73753,63837822,137098,73658,63854170,137098
eae64d28447c1408,54626,44693358,133317,54543,44725292,133317
eb0856a4f6d74a77,83325,73417357,131760,83206,73426540,131760
eb1120ebc1325509,63629,53693516,133802,63547,53728473,133802
eb18003ff47df484,14120,4233520,138202,14014,4243942,138202
eb6929c03e9387a5,37488,27577565,138107,37379,27587628,138107
eb6cfcd8e58048e5,61896,51939618,170903,61820,51998140,170903
eb74983dbbc5d4e0,69346,59403775,130544,69280,59445408,130544
eb87446bf9b24ac1,67423,57475672,132592,67359,57522530,132592
eb8ba0843cb6e9be,46929,36995208,131493,46846,37028371,131493
eb8d994a875315b4,71241,61318232,115073,71177,61339222,115073
eb96e0bc68d900ca,72842,62917972,139151,72740,62951635,139151
ebec93eedfebed10,113331,103416379,132176,113235,103432055,132176
ec185eaacf9d0672,35405,25482729,113227,35347,25503862,113227
ec38955b832e465d,86272,76333276,130100,86203,76371420,130100
ec4b160e188bc72b,50693,40752859,131668,50623,40792521,131668
ec4b91234d856ea5,29341,19433858,138931,29236,19443909,138931
ec5ba91e192eb98d,100722,90798537,140241,100617,90822225,140241
ec7ab5e295c2d639,78091,68174115,135484,77988,68191995,135484
ec88dd4a53b51170,17900,7953893,139068,17848,7999530,139068
ec92fc85a52b3c8b,49686,39774399,140317,49578,39786004,140317
ece57369ae0749c4,30086,20173885,138862,29982,20185688,138862
ecf337d5b6ee3af9,34370,24454445,141658,34254,24467622,141658
ecf4b50c296088bc,119699,109778225,138772,119594,109799121,138772
ecf5fe1446cdb89b,41665,31753746,137440,41560,31764649,137440
ed0c889b6001455b,31984,22072071,128940,31888,22083198,128940
ed4020ba60e1cfcb,79705,69798477,141178,79591,69808858,141178
ed52cbda9e1aa1a7,84730,74798217,160172,84640,74830963,160172
ed968861449e8bda,107892,97991532,174155,107789,98004002,174155
eda811c0f42862c5,90881,80994398,137556,90774,81004655,137556
edb55f44335fe858,26480,16593710,138814,26374,16604922,138814
edb58d3585113ae1,34306,24374270,130212,34189,24394843,130212
edc70ae32cf7b6e2,16501,6577053,137882,16383,6600341,137882
edcca3f43e664f5e,46330,36414057,138959,46224,36429881,138959
edd6186f38441463,55297,45378516,141920,55191,45396190,141920
eddcdf365d8e08fb,108150,98235481,130216,108043,98248862,130216
eddd98f9f5905a0c,90722,80834606,137663,90614,80844513,137663
ede2daae40fe0d08,89455,79554992,140810,89339,79564833,140810
edf764a4af15a28a,19493,9577314,137882,19388,9592791,137882
ee075b4cc10c981d,95481,85594853,138546,95374,85605003,138546
ee09d99ca258c98e,31362,21453944,139737,31255,21464291,139737
ee132881c95da666,56488,46553195,132376,56412,46586905,132376
ee1557124c5d91b3,86551,76617439,142395,86464,76651314,142395
ee1e6017fd790752,39494,29596682,137322,39384,29606214,137322
ee1e995a27d369d3,117070,107138116,137555,116988,107170275,137555
ee1ed4601e125e12,44276,34357984,138484,44172,34375209,138484
ee4d9a083ad78b92,13284,3426342,382186,13222,3457014,382226
ee6f10d9a80289c9,72441,62533114,130565,72334,62544788,130565
ee9c5a82eb6efb6a,111146,101214899,137611,111095,101261021,137611
eea67a08442bf57d,110924,100977017,130055,110886,101039077,130055
eead2d1d267e4701,98552,88654663,138788,98446,88693389,138788
eeb1df359124009e,104635,94714789,137988,104531,94734220,137988
eef962b50e1b09bc,13734,3813011,135715,13661,3834254,135715
ef0595975ef216f6,14340,4433206,134847,14233,4443748,134847
ef4f95132df402d0,101878,91953516,130203,101799,91977583,130203
ef63ed41442ecd5f,11265,1359234,136084,11150,1369196,136084
ef6b3fd3746a86da,92895,82978325,138930,92791,82995218,138930
ef7cb4956c2962ad,52656,42713095,133279,52603,42757277,133279
ef97f599dd651326,71078,61157907,139458,70972,61177344,139458
efe1ed015b8b25b9,46363,36454235,140227,46256,36464659,140227
efe383cb1462939f,75203,65273429,132176,75133,65306587,132176
efe99d53bb240e08,92379,82454682,138545,92289,82478621,138545
f036f110747387d2,98195,88258052,139045,98133,88304021,139045
f041f9a657309082,76636,66738067,138610,76532,66750788,138610
f04687d4bd0c6a3b,24741,14833350,136323,24635,14843544,136323
f05d7c92affb6221,96777,86857881,132602,96674,86876073,132602
f063c2523d2b21b1,69866,59955375,140940,69760,59966235,140940
f069621cb0077e9e,20925,11013147,135900,20814,11024764,135900
f0814bb5d174d9ee,24426,14533600,137743,24314,14543813,137743
f08165bbe9a6cc59,118148,108254825,138247,118034,108264458,138247
f0a2ce69caf09f98,118713,108780115,131121,118647,108811964,131121
f0b179cbb39b9a59,42996,33052878,131916,42921,33095481,131916
f0c0fc851a8d5eee,113699,103779291,141542,113599,103802232,141542
f0c3367f756a9e87,39969,30052172,127958,39859,30067232,127958
f0ce111d0c1469c1,93614,83694619,138015,93509,83713537,138015
f0d296182560a0b9,58671,48737319,134210,58587,48770243,134210
f0d7db4a88a43bc1,18327,8412158,128274,18234,8425747,128274
f0e8ac9eaae1878c,97345,87454808,138056,97234,87465121,138056
f0e8b6ca07079d22,35988,26073912,138269,35885,26088533,138269
f0f7753b5ab5824f,98256,88334793,138528,98187,88370130,138528
f0fb5d858aa0e633,59083,49149785,123990,59054,49182028,123990
f14e0f11f7a7d31c,69091,59174455,139444,68984,59189909,139444
f169cf9ce3265650,32723,22814580,138017,32610,22824809,138017
f18338ee05884281,47539,37621287,138429,47433,37638087,138429
f18832a4859ba4f8,14845,4953522,138390,14733,4964172,138390
f1adae3b0117fd7c,39560,29673840,136997,39453,29684098,136997
f1c374c0ae2d0487,108966,99023060,133462,108950,99147342,133462
f1de5b42611d18f8,21904,11954415,129557,21839,12003288,129557
f22688043e666c73,102372,92474910,138534,102262,92485450,138534
f233bf8639941830,69924,60018435,140217,69812,60028536,140217
f239b7e25aad3ff8,49186,39277607,139066,49073,39287796,139066
f248ffc15fc24046,109280,99355123,139328,109236,99383481,139328
f256a70c59d8f67f,119732,109815157,139771,119626,109831580,139771
f26613f2bd35736b,38895,28917640,91474,38837,28991655,91474
f26988473b575530,41793,31877365,138621,41686,31893773,138621
f282df76894799fa,34557,24637591,138128,34442,24662934,138128
f286b90f87a280f3,65244,55334428,139486,65138,55345335,139486
f28a29bc44a266a8,116188,106295164,139658,116080,106306294,139658
f28ffa02d7af3438,83600,73693467,131280,83493,73703126,131280
f2a0a76dfeff7f79,83264,73358352,138523,83147,73368473,138523
f2bd9b9ec2e5f02f,43407,33514121,139170,43300,33530682,139170
f2dae7ca2e91a504,96971,87054542,137829,96867,87070580,137829
f2e11ce6cfde2e92,95295,85394764,139024,95174,85405256,139024
f2ff3f194fd62ab5,97941,88001531,130806,97893,88059703,130806
f30d00932845d958,26762,16853704,138253,26657,16864029,138253
f317faf296639332,117642,107738021,156807,117538,107750798,156807
f31af49731515b5e,48604,38663111,132434,48536,38703743,132434
f32a7b8491ba020a,113890,103974526,133819,113786,103991069,133819
f3408d269a51e4f2,74146,64234227,137957,74045,64249347,137957
f340bd98ce061c33,96298,86374445,137108,96213,86398657,137108
f394b3137cf54913,38589,28663789,137995,38508,28689240,137995
f39c45126e8db097,83138,73232959,129334,83026,73242313,129334
f3ac7d99167c9474,49559,39637679,138832,49453,39658755,138832
f3b5919131eedb9a,69779,59857910,138243,69683,59878619,138243
f3c24435e90ca776,103967,94033356,130644,103907,94065359,130644
f3eacf27eff47a2a,66382,56474904,143207,66274,56485534,143207
f3f34226596fa216,21481,11573531,138113,21376,11584232,138113
f40d51dd377400d4,61838,51873259,133335,61769,51938138,133335
f421e4870098601b,94761,84874693,139048,94656,84884684,139048
f44e00453daf0d6a,107957,98043130,154687,107853,98057116,154687
f45e73673ae4e6b5,118968,109034795,138264,118893,109068864,138264
f4951f2de5ddf966,51055,41135473,132397,50953,41154703,132397
f4a1f84f718f2518,59115,49170434,121880,59084,49213858,121880
f4ac6608b7e73427,45090,35173175,133005,44993,35189225,133005
f4b2705b32df7b6a,48447,38580855,344821,48374,38608766,344861
f4d2d674ac2dc93c,50176,40258348,139421,50072,40276214,139421
f5158a0375d955cd,107657,97754678,137929,107541,97765679,137929
f51b0309f4648112,96684,86795113,140525,96577,86805419,140525
f51e6e298891be9d,31679,21734253,130437,31608,21778517,130437
f5318bffee144974,99458,89558364,139928,99349,89567810,139928
f536ee126f55fb3f,21998,12054162,136798,21927,12097828,136798
f555da2942c1c471,71823,61914339,138407,71718,61925952,138407
f55d4c7e8ee5f476,24135,14213436,137134,24048,14234136,137134
f5683343fe58f167,44186,34293138,132902,44075,34302836,132902
f579acb0b9124159,34769,24874268,141351,34660,24887182,141351
f59aab557ff22582,14565,4653663,136979,14452,4665154,136979
f5bbdc8a57fbaa78,88051,78159232,106730,87992,78177143,106730
f5ee5a5baad58626,47227,37334021,138767,47114,37343719,138767
f5f6219f066f761b,112797,102876826,122401,112733,102962938,122490
f621d978ae37ccf3,47474,37554392,139044,47369,37573507,139044
f63cd48cb99007a0,58039,48118094,140097,57934,48139166,140097
f640b89e24e14654,39746,29835965,151254,39640,29847861,151254
f65d5ca6a36e1c44,48189,38273945,138128,48085,38289094,138128
f6631b0013eec2f2,49781,39874371,140424,49670,39884505,140424
f66ec4e0a5a088d5,74463,64554334,138624,74353,64566043,138624
f6906f7bfe7c9d19,21545,11633781,139263,21440,11645244,139263
f698f25199689681,47730,37814117,139104,47620,37829361,139104
f6b15655a2f180d2,78026,68117898,158586,77924,68135801,158586
f6df54806d060723,115438,105538178,138887,115329,105550673,138887
f6e61590e284864f,79252,69312909,129340,79178,69352014,129340
f6e935809ed85eb7,42200,32314318,139848,42093,32323994,139848
f6f581aa4de0d7a1,67643,57713226,132798,67569,57742993,132798
f6f977688c174791,74493,64594184,138176,74381,64614839,138176
f6fdb630594afa53,94248,84312999,129102,94168,84347062,129102
f710a1978d44e9b1,67704,57773301,132319,67623,57803408,132319
f718ceaf4cf65b9a,45030,35112990,132751,44938,35129608,132751
f746e0ff9400e001,98797,88881057,156523,98706,88910330,156523
f75734b7c6a5baaf,68807,58914276,138538,68698,58923709,138538
f76a838a9139fa7e,75881,65994337,138776,75776,66008824,138776
f770f790c2587364,91657,81736798,130266,91552,81756222,130266
f792ec91d6cfbf12,32374,22456943,137342,32269,22474460,137342
f79896c23693a5ed,22264,12353740,138719,22164,12363872,138719
f7a4d8366eb91964,70766,60874520,139917,70657,60885551,139917
f7c4caa4c39dc326,63845,53933496,132903,63750,53944914,132903
f7e64af5bf7695e5,40591,30673985,138518,40485,30690973,138518
f7e73271a7c478f1,46612,36680410,134802,46540,36711622,134802
f7ee3499a2391aaa,116127,106234861,138047,116015,106247751,138047
f7fb95735022a895,29752,19814823,131117,29678,19851048,131117
f80ff36f87f667ed,71649,61726147,140160,71564,61753783,140160
f8185535ec8f1fa6,50274,40357769,139333,50170,40373608,139333
f81c9379cc240aa8,27748,17792482,129800,27693,17847805,129800
f822a9d7acc29371,11983,2051992,128937,11914,2083077,128937
f8314592823feef2,39326,29397057,137940,39218,29425019,137940
f8332f9c9b8b27a0,93367,83474505,137696,93254,83484433,137696
f83c2d80f376e2b2,115107,105176102,130893,115039,105210697,130893
f84242ce88b169ab,113952,104036309,132370,113845,104052854,132370
f85e78a80ff27ceb,77749,67854463,139212,77640,67869042,139212
f8992f9e3b77a5c6,25658,15724242,128639,25602,15757109,128639
f8a2dc2d72f6a413,89762,79854796,140282,89658,79865424,140282
f8a4b8a9224f301f,14002,4096180,135106,13896,4106653,135106
f8a933283fc813b5,16288,6313746,129062,16203,6387473,129062
f916ab39ea6cd91b,112651,102736515,132836,112548,102754933,132836
f949e1db4ef8c873,89424,79518294,139948,89309,79528546,139948
f96c2712f54437a2,62760,52853226,133491,62648,52863571,133491
f9e86e4f3618b8a9,110106,100194866,138788,109998,100207776,138788
f9f20d525f236395,45546,35633906,138763,45441,35645364,138763
fa16d2b474f384c8,93959,84040118,130912,93887,84058029,130912
fa1bc976a65fd03d,31895,21971966,128404,31809,21994244,128404
fa310a8089c93be4,45180,35272856,132075,45074,35282334,132075
fa3e5411f10a3609,21658,11768695,119501,21598,11787898,119501
fa4341cd22be01ea,32341,22433707,137106,32236,22444059,137106
fa5ca7fab4adc4c9,107393,97415161,129201,107325,97491787,129201
fa6496a919f1143a,73695,63774578,139282,73609,63798213,139282
fa6bf4b591ce5114,98007,88073324,129767,97957,88114239,129767
fa71020b2f3aaa08,110535,100617520,141771,110428,100637207,141771
fa857d69ae841da3,115379,105475848,138222,115276,105487420,138222
fa923c0d852c71b0,96810,86895319,142514,96707,86910220,142514
fa980bca9a1b99eb,19589,9673695,138389,19483,9688998,138389
faa1e5ef95ee4c7a,55774,45874201,138685,55655,45884014,138685
faa9660ebc48095d,83971,74036178,133019,83888,74070028,133019
faab5c8899ad20cf,66414,56497268,132153,66306,56513693,132153
fad91c9f03a55f02,68465,58554578,139065,68355,58564863,139065
fadad6961d28c089,40306,30414156,139100,40198,30424350,139100
fafa02293ee42ed6,13854,3936605,136279,13766,3953703,136279
fb07fe09dc5dbd29,15093,5176444,154620,14988,5194125,154620
fb0e7764ed0ce876,115077,105154019,132822,115012,105179771,132822
fb17292017990466,62441,52517264,131955,62335,52540562,131955
fb2cc05641eb6905,86240,76293236,130976,86171,76339327,130976
fb3f00c6df290ac6,95233,85334937,138926,95115,85344945,138926
fb4c544bc4bae455,83200,73294872,140874,83087,73305125,140874
fb533e7cfd16df54,42578,32718833,338656,42511,32745001,338696
fb7439b0d05e10d7,92500,82594909,139678,92399,82605207,139678
fb7c4b2f2bea818f,115655,105746732,138960,115555,105760665,138960
fb7ec9c5dffb8eeb,93711,83794558,138355,93605,83810076,138355
fb80063c1c72dbf0,114639,104736014,145615,114535,104751779,145615
fb8b2ef1371aa407,18499,8596566,136886,18384,8606845,136886
fb9675ef3495cda8,45610,35694617,139554,45505,35709912,139554
fbc821847a080efa,23341,13433737,138175,23236,13444304,138175
fbcdd995016ff449,18905,8993549,137352,18798,9004723,137352
fbfb2062112d08ec,33758,23832410,130644,33698,23870407,130644
fc188f00140e8797,114045,104135856,131471,113933,104147222,131471
fc3e7ede991c9039,36364,26405270,113272,36339,26462973,113272
fc4f5029976b99f7,109063,99116046,131240,109043,99165440,131240
fc62085f78a2c3f1,49493,39584566,156802,49388,39595613,156802
fc756c00e9ae42d9,115816,105898745,140252,115714,105918989,140252
fc7ee4ae1437ad30,37765,27873627,137084,37656,27883864,137084
fc8cbf650561f848,52840,42895335,131781,52771,42941371,131781
fc8ddbfee01f8a27,42678,32757850,131095,42616,32777552,131095
fcbe39b26c691b3d,80333,70418323,139550,80222,70432306,139550
fcf9c1f8360f2e81,17802,7882861,128875,17752,7901113,128875
fcfac620599bacbd,83010,73097950,139488,82903,73109867,139488
fd014ecbda7ddbe2,109692,99795081,130082,109589,99806360,130082
fd08f11f02f76851,109219,99278005,138344,109184,99322595,138344
fd2b98edfa716255,22118,12193600,138079,22037,12218515,138079
fd41d0660ae5ca90,47257,37357560,139082,47141,37368570,139082
fd5d0bcb6d55eb23,61103,51153218,131828,61041,51202576,131828
fd5f25c75c954117,106315,96414901,139057,106198,96424784,139057
fd646b1b7153c15b,21113,11213430,137344,20994,11223829,137344
fd67987468bf0317,99366,89474842,138168,99254,89486188,138168
fd7b81ae7ed99d6d,107925,98017024,150238,107822,98027488,150238
fd82744dd5bbc08a,79860,69974477,138829,79754,69985385,138829
fd882e341ae29bd0,59018,49107985,126269,58991,49116970,126269
fd8e0fae52046880,75701,65794802,139970,75598,65807288,139970
fd93312cef06253b,110169,100258543,140031,110058,100271679,140031
fda39f8391bb92aa,24163,14236668,137420,24073,14262825,137420
fdd0df5b30fee09a,106130,96214714,137992,106020,96228577,137992
fe05ba28db2954fa,47602,37694515,140624,47496,37704660,140624
fe1451ee08018bc8,109602,99713555,130446,109497,99727046,130446
fe21cf74c6a04af5,92224,82293282,130798,92142,82325602,130798
fe275fa6eb5d00d8,71143,61281621,351601,71074,61308005,351641
fe4ef7653d616147,18648,8733443,137740,18543,8747595,137740
fe5fdada381d77c1,60839,50981860,355036,60775,51009167,355076
fe677dacf3b80343,16019,6021077,90285,15967,6116081,90285
fe7a857596d3be0f,92160,82233062,129976,92081,82263591,129976
fe912b744a560eaa,81915,72004806,130085,81890,72014741,130085
fe98195ed826f75a,83875,73953473,131135,83794,73974134,131135
fe985f2fb374d691,48859,38933341,133060,48780,38958187,133060
fe9a649af34c8f56,40558,30637575,138390,40453,30658379,138390
feb13782f8c00685,117009,107075092,139033,116931,107108873,139033
feb407dec0c7759d,112619,102714033,132801,112516,102726329,132801
febb891f6952a201,32042,22134188,140480,31939,22144669,140480
febdcc710605b823,17932,7975530,127810,17879,8031447,127810
fed40bcc304c772d,62974,53073257,132420,62854,53082562,132420
fed550402ee0b937,42483,32573803,137453,42376,32583874,137453
fee8f2167a89ee38,42386,32474133,139176,42280,32486151,139176
feeeec9de2ce27a6,73811,63897671,138453,73708,63912998,138453
fef44493a31c31e3,44845,34912808,131519,44765,34944093,131519
ff0e49e2d5f89c8d,104241,94334701,137063,104153,94345338,137063
ff18284d47f40839,110810,100916994,98981,110760,100988865,99070
ff5c2d7b1e7d4d1a,19558,9636631,137253,19452,9658006,137253
ff5d5a7ccd8c1597,60708,50794624,140908,60604,50808923,140908
ff65fef88e2ae9c4,80547,70654662,139624,80437,70665271,139624
ff681ec459ced5b4,15506,5572929,126871,15435,5605124,126871
ff6c39507d3d87b2,43723,33814428,140119,43616,33824977,140119
ff8210752366d21e,44684,34752876,132360,44607,34783184,132360
ff944fd5bf5cf867,41826,31914115,138241,41718,31925547,138241
ff98b258ff51082a,107034,97089150,73382,107004,97129555,73382
ff9920ef7d84d028,70490,60576004,138159,70384,60589035,138159
ff9a75b434475890,78434,68534700,139917,78320,68552197,139917
ffa0927ea5b30db3,84218,74295590,118607,84175,74316809,118607
ffec3326d02fdfba,90782,80894402,137724,90676,80903928,137724
fff051397e94ad24,67910,57997657,138367,67805,58009746,138367
fffb72a60c56a253,63100,53214940,142693,62994,53224693,142693
