content_hash,rtsp-0_pts_ms,rtsp-0_arrival_us,rtsp-0_bytes,webrtc-0_pts_ms,webrtc-0_arrival_us,webrtc-0_bytes
000a4e41866324d3,118374,108474884,138992,112684,108484790,138992
000da41c6c505cb1,48189,38299644,120025,42544,38312707,120025
0011e3da887a820a,119186,109253438,130257,113534,109285891,130257
003a6f027fc8f751,89989,80074798,140138,84314,80089320,140138
007ce4053c5710b7,49448,39537174,137291,43764,39548398,137291
00818bfbde0ef754,80446,70553173,131777,74758,70563194,131777
00a6fc4a1350acf9,64189,54236882,137337,58538,54288401,137337
00c2f4508ae83d8e,105510,95594505,137394,99831,95609806,137394
00d0aeff3bb0ac1c,69919,60013189,132465,64232,60022847,132465
00d297f342d5eaf2,65193,55293883,137507,59506,55303845,137507
00e85bd21be385db,32484,22577027,138186,26792,22587276,138186
00ec488e3ad96924,66999,57084908,157692,61326,57099938,157692
0100e68b5e28ddb2,34907,25015009,99555,29266,25069109,99644
011438527f1d7f07,12997,3076670,138087,7318,3098999,138087
0123830cf3b7386a,28098,18176850,138121,22421,18202332,138121
01246ba5e7bc0fe1,16106,6176890,138055,10470,6216286,138055
0128cc16e417c071,43234,33358067,336108,37568,33382616,336148
014b7af6ff7ef8f6,69020,59097383,138777,63339,59119418,138777
015584afedff5d0d,42924,32973750,127721,37278,33027193,127721
0164d10ceb4f6bbf,90800,80878517,138813,85120,80900220,138813
016fc33425064334,89085,79125663,113799,83439,79183231,113799
0197cf9847e32fa5,111475,101558198,138182,105796,101577339,138182
01c966d2dac2e194,87349,77434564,139223,81681,77449001,139223
01e41c56a6e664c2,111287,101394757,138411,105604,101404633,138411
02023e2a9f9260f4,99894,89977777,138006,94214,89994585,138006
021aca212e8526c5,67757,57773132,131320,62112,57857010,131320
022ebed1435ddfee,36670,26753753,138148,30998,26774747,138148
024862654ecd0c1a,81697,71794457,139536,76004,71804869,139536
0264275aa8383935,42204,32296706,137705,36514,32307090,137705
027188b11a721414,15419,5533648,139068,9742,5548980,139068
027e2945ee23d206,23789,13874016,140233,18107,13889551,140233
02896361b586b70a,52504,42573842,138225,46849,42604232,138225
0298f5a901d2c527,20030,10093414,137944,14379,10129883,137944
029fc7d2cada2656,64158,54213705,136455,58510,54257852,136455
02aafa8accd8bd7e,50783,40873902,137824,45102,40884612,137824
02bbe0e0cf3d7af2,13466,3573392,138056,7788,3585841,138056
02c8508bacf9812c,102535,92617970,138956,96857,92635347,138956
02e0ec2343a16694,73028,63113605,135037,67348,63127571,135037
02e320280b3980a6,58665,48773993,137157,52979,48783994,137157
03195fb04f4b7a7a,49788,39894070,136491,44103,39904347,136491
031bb49edd96c87e,70543,60632063,125260,64858,60642399,125260
035e51ada70d9bf7,87680,77794638,139614,82002,77805533,139614
036d8285cc6e47f8,47800,37913633,137102,42118,37923990,137102
0377e603cf1db44e,67429,57477167,97975,61827,57526436,97975
037f77f6aaa5c353,51060,41173649,137239,45379,41183102,137239
0381496123fb974d,79496,69574344,138761,73832,69595461,138761
03a56f746e590622,57638,47717113,136427,51960,47738108,136427
03ab615eedf4611e,15233,5333386,138295,9544,5345435,138295
03bef7efc0a6ea40,88337,78437348,141222,82651,78447540,141222
03c8899f1f810bfd,74605,64713158,132789,68925,64723659,132789
03cdde89ea3b3e46,72368,62459459,144518,66680,62470030,144518
03dc48299c462de0,12532,2633713,138816,6853,2649565,138816
03e3926397f202f9,100339,90413276,129853,94687,90439131,129853
03e866404c694b8f,74855,64937182,143403,69177,64954955,143403
04202e38d328f3b1,77387,67453349,133247,71734,67486710,133247
0438768b389d9969,43576,33632415,129308,37880,33676194,129308
04519ef7dd09ad30,111906,101950368,72672,106318,102002105,72672
04b3afc65c28d99b,71628,61714886,143122,65961,61728150,143122
04bc038c014cd2de,104494,94576492,130289,98818,94593948,130289
04c6a34b0eec96af,107606,97714754,138470,101923,97724886,138470
04d898f98d0796b8,91355,81435896,132714,85674,81455028,132714
04eef4659db3073b,40244,30336822,137691,34558,30347125,137691
0502847bd5ef6d8e,71099,61193088,131958,65415,61202086,131958
0504944d0dc40863,18575,8657142,138046,12896,8674528,138046
0521efa6374fbca6,115790,105894703,138433,110100,105904751,138433
0536aa26a5b97107,101229,91318544,139763,95546,91328894,139763
053dc960225df02d,70727,60833725,135658,65041,60843411,135658
055f8e15b4036e6d,22193,12284382,181612,16514,12299058,181612
0567d87b46712fc6,24510,14593578,138015,18831,14611900,138015
05917762ae177364,106546,96634678,138292,100857,96646261,138292
059b2c2644a5786e,88026,78114585,138282,82342,78126167,138282
059d440d122b9932,14315,4393109,136445,8659,4418486,136445
05cc9c603cee0a0c,29775,19873510,137089,24087,19883672,137089
05f65c1711661f63,83135,73214744,130043,77476,73233859,130043
063b41964933b211,40089,30176962,137781,34411,30188160,137781
065183ac79ec9d80,75237,65296080,133030,69591,65336495,133030
06597904c739ee3b,59854,49940072,154958,54173,49954850,154958
065d1cb070e623ef,20972,11044794,136608,15309,11072079,136608
065e33ddef8c5ca3,113624,103675530,139395,107967,103723944,139395
0661e77e2ca99d10,107139,97217979,138457,101461,97239008,138457
066fc652f181710e,34343,24436979,137990,28654,24447052,137990
06a8e5f93dfa8248,101070,91154688,138701,95390,91170223,138701
06acce14d832ff1a,98012,88119830,101776,92366,88138023,101776
06baf433bedd77d2,31407,21473597,137840,25752,21506222,137840
06bd51182919560e,74789,64875425,145328,69112,64889421,145328
06ca38392b655656,105234,95334707,138193,99546,95344526,138193
06ca5b6df92f426c,34188,24277159,138606,28504,24288121,138606
06d523044ea20e8d,36142,26233579,137607,30462,26248129,137607
06d916766c0876dc,23506,13613374,137258,17842,13623279,137258
06defc69b129f4de,63967,54025292,129283,58325,54066365,129283
06f743afbf57d5f9,39584,29693426,136741,33900,29706670,136741
0714459082d3abd8,77832,67937119,143674,72152,67947659,143674
0733564775cdae2f,116818,106914894,138157,111138,106925249,138157
073af45f7b416e94,11627,1713209,137081,5948,1727651,137081
073e6cdc915734ff,92103,82240357,345072,86460,82268372,345112
0743f9933e53e26c,25244,15312043,129065,19577,15344256,129065
074420ec9504f234,99516,89617688,137646,93833,89627847,137646
075288cd7b82a135,103649,93734603,138386,97970,93748795,138386
075790651a461c17,113175,103239823,114958,107570,103273436,114958
077d1e81c59f1e26,102359,92434499,137931,96700,92458909,137931
0796646e7f1f46eb,102447,92534841,138996,96779,92547173,138996
07ebb7a079e850c7,46750,36833831,137891,41082,36849549,137891
07f68ffcec0a645a,35119,25191963,127821,29485,25230475,127821
0810bc92dd5bc03e,68400,58477699,139543,62725,58500464,139543
08282a1e6d5546ea,33631,23716883,138792,27948,23730847,138792
08409a0044b5b942,12620,2716723,138565,6931,2727862,138565
0848f634ea45ba20,109516,99597635,136056,103837,99615935,136056
085332bca2fe5408,119026,109093419,130173,113377,109124589,130173
0854258fa1dad710,16877,6956826,139966,11198,6978253,139966
0854e7690bcf91fb,70938,61033404,132841,65255,61043904,132841
08d301260f7add56,39039,29095775,139978,33415,29153320,139978
09095e909c064c7c,77715,67813274,132458,72029,67822694,132458
092163653dea5ebf,47584,37676891,136980,41894,37686395,136980
0923a7d69051df14,63303,53394088,138524,57612,53404058,138524
0966b6259b73f06b,66302,56332972,131847,60669,56401829,131847
09724560773e89a9,14577,4676760,138703,8888,4688810,138703
09b0c849c21fc173,41794,31873474,135619,36115,31894287,135619
09ef11b16a23b729,118561,108674977,136795,112880,108684930,136795
09ef8b8e7f3087f4,43699,33773402,136555,37996,33799015,136555
0a057528db69a95e,108375,98457987,138481,102702,98474862,138481
0a0feba9c88383de,11948,2017585,126995,6320,2049809,126995
0a1302bb5c8f8611,99734,89818280,138107,94055,89833112,138107
0a3f2aec6996f0f5,97094,87181256,138235,91415,87194712,138235
0a606fe26a8def32,119757,109837965,136777,114078,109857475,136777
0a6919e3e04fe381,56788,46874176,139026,51109,46887377,139026
0a78fb02f170ce44,17093,7193279,137184,11415,7203455,137184
0a7cf146a7d3b7ab,106826,96934411,137248,101140,96945158,137248
0a91fbb86db1ffa4,103714,93795563,140863,98035,93814075,140863
0ac3c83bb562c918,31882,21993718,138002,26203,22004476,138002
0ac46fb5fe7c4a62,39071,29134315,137572,33445,29187503,137572
0ae1b7bdd873f1f8,84256,74357403,137848,78574,74367668,137848
0b0cba59c337a8f8,87994,78078076,138674,82311,78094292,138674
0b15f4d636ba98d3,54264,44355852,139035,48604,44365847,139035
0b1d27d854910b91,118091,108175577,138641,112407,108191056,138641
0b2053947b24c533,107485,97577922,138041,101796,97587530,138041
0b250ee494d4ed7b,32105,22193347,136790,26424,22205381,136790
0b58625dc16925e8,25277,15333859,129291,19609,15379175,129291
0b5c20386ebaad4d,44441,34524933,129756,38767,34540375,129756
0b6f4283d3bc3694,76027,66113348,132527,70346,66126460,132527
0b726db199588ac3,55825,45933791,137300,50139,45943871,137300
0b81f33b8dbb87ad,29571,19653441,137985,23907,19676566,137985
0b908436a39b73bd,48590,38657104,136541,42933,38689940,136541
0b96edfdc27afa77,112844,102937684,155086,107174,102949070,155086
0ba268e7e3293781,116006,106094790,138556,110328,106106571,138556
0bc8a3b4b3ff0729,60328,50394371,138597,54671,50427589,138597
0bdfc2af09642a7e,114049,104137176,152658,108371,104150020,152658
0c068f88359166a0,81011,71096583,117330,75353,71109265,117330
0c3563cc88ae7eea,78585,68693129,131936,72898,68702968,131936
0c65f2277ff18f4d,29541,19613507,137535,23880,19643993,137535
0c8fa2acb8008a77,83822,73914480,138253,78139,73924740,138253
0cbcb2df82849058,19968,10033321,137175,14320,10068170,137175
0cd163011fb78d48,58941,49036945,155832,53263,49049162,155832
0d0bf5edd09af754,26298,16393675,138899,20619,16408675,138899
0d10bc6cbcbb45de,117351,107433441,131317,111691,107450241,131317
0d649af889a1b816,12444,2533191,136939,6777,2549378,136939
0d66995512157939,100370,90435612,132403,94716,90469863,132403
0d6bffa8300b68db,108963,99054703,139003,103281,99066358,139003
0d7e04fdac2dac4b,60358,50433777,137035,54698,50458433,137035
0daeb236283baeaf,30276,20373643,137377,24593,20384723,137377
0db1f182cc25752b,98768,88873535,132189,93078,88883409,132189
0db25b964cdfbdd6,34778,24873887,138194,29098,24883889,138194
0dc5077c0ff3dd29,19582,9673361,137321,13901,9684453,137321
0dc8b1c81dbf9045,74008,64093366,133663,68328,64107247,133663
0dcf8611f7ba1882,10574,673168,136741,4891,682998,136741
0dddcb3dec66012a,14374,4453545,138688,8709,4476003,138688
0de9fd32606925f1,67808,57832540,129379,62152,57907946,129379
0e001593413041ac,76714,66795717,132874,71034,66813794,132874
0e0f521391cf3317,93017,83097996,138520,87337,83116289,138520
0e2d0c1a7fa5075f,60172,50234347,140299,54524,50272096,140299
0e3cca094c82b82f,119123,109193615,131353,113472,109221687,131353
0e452e7d990cda44,63849,53959981,119875,58208,53972870,119875
0e468846a63c3c3c,44345,34447369,127990,38675,34458349,127990
0e6fac56eb0739b3,53890,43976762,155057,48210,43990153,155057
0e89a164b255ebdf,16439,6536800,138622,10762,6547916,138622
0e9d47b28f278007,96602,86694999,142025,90928,86705664,142025
0eb0d1e12f108da0,113335,103350118,130344,107722,103436833,130344
0ebf63cccc3e7a96,29168,19226237,129735,23530,19268413,129735
0ed1aeeedcb52f93,91480,81573043,130618,85796,81582491,130618
0ed4d29bd05119d5,66509,56557561,131248,60853,56608534,131248
0ed8f5a166d297a2,80629,70714246,138442,74950,70728865,138442
0edda40ad8705da5,91665,81774667,138624,85979,81784498,138624
0f341a40b0160189,93463,83558584,140462,87776,83568857,140462
0f3a26b1dd7cc502,75786,65893622,133390,70099,65904077,133390
0f4101b7892fa38c,73558,63633591,134348,67895,63658145,134348
0f5597bbc4d1c810,115500,105573506,131071,109840,105599158,131071
0f68e9dfc166808c,54509,44594102,138757,48839,44608312,138757
0f72c882191e2cb9,33748,23853738,138397,28059,23863935,138397
0f7aabce83aa2f8a,30245,20333494,137774,24563,20344966,137774
0f9b7d0aad0f31d3,23917,14012182,129710,18225,14021805,129710
0fc1b2f4c93c8f62,60595,50693636,136485,54910,50703725,136485
0fd4ad0a5a7236b3,112594,102698573,138366,106911,102709062,138366
101dce1796321363,60835,50917271,136871,55157,50935033,136871
1022d65bb25872a3,81570,71653459,131755,75887,71669435,131755
1031165d35677d5c,62611,52713799,137072,56922,52724117,137072
103840c7e8e05f98,19453,9537019,138553,13774,9553092,138553
103d2c027066bd4c,41728,31813636,136911,36049,31827683,136911
1055ed90a1882d61,31187,21252213,128559,25545,21285842,128559
105ca1afabaf199a,38347,28453646,138299,32667,28467927,138299
10805d641490b5db,30085,20173678,138816,24405,20185150,138816
1089d1e2f5709ead,82096,72177967,138071,76416,72196179,138071
1097e445abb60517,10912,993144,136369,5232,1011766,136369
10b1b249477bce4f,104950,95035073,140361,99270,95050409,140361
10b2ed3374497ae3,118682,108758017,138366,113002,108782093,138366
10fc7ae554248853,13653,3733442,138092,7978,3754981,138092
110cda8e761a8f7a,12709,2816881,139422,7033,2828807,139422
111b3f389d623dc3,36702,26793611,137525,31031,26807768,137525
1124b232b47e65d2,55672,45774168,138515,49984,45784765,138515
112eae4f3ebe3552,12590,2693346,138609,6904,2708636,138609
1165b0dde4a44adf,37450,27537158,137473,31786,27560037,137473
1172df90dccc641a,113597,103637907,138219,107946,103696943,138219
119ae64221e87d7e,43205,33298404,136353,37542,33308065,136353
11b65437b86151af,56885,46974175,139240,51206,46985464,139240
11c56838dba4ab30,82726,72834424,139057,77043,72845018,139057
12009749e2382d75,45494,35593864,138058,39803,35604692,138058
121908ff8b55d988,57265,47357127,138078,51576,47366856,138078
1256de073fb55fc8,112335,102374582,137334,106684,102435630,137334
127073b5d35e4e7a,119461,109554844,136979,113788,109564489,136979
1275e38863d155fd,37781,27873882,138414,32083,27888837,138414
127bd36b1de4b3a3,113541,103587164,137839,107900,103641543,137839
12ce275b0ca54d9f,12474,2556301,137020,6802,2577035,137020
12dc43d5d3ca035e,104886,94977001,152690,99206,94988593,152690
12ebae5568546981,53422,43513718,136797,47736,43523188,136797
13101174b533dec1,54797,44893922,137199,49105,44903939,137199
131059a4e2836857,45961,36053842,138968,40280,36064654,138968
1335ae259cc92c52,86658,76737997,139446,80979,76757801,139446
1345eb8bbdeb37ef,70482,60573484,134103,64799,60583465,134103
13655034dd983d60,87041,77095124,131161,81395,77140253,131161
136591f83f53434f,79251,69312102,125264,73605,69349430,125264
137868823ae0505d,42541,32633784,137827,36863,32643528,137827
137efe96182b4a74,44593,34673689,128937,38912,34693040,128937
1394a309735969ac,46987,37093695,136995,41299,37103907,136995
13c3a4f229092f16,30736,20817002,137758,25057,20836308,137758
13d5b03313cbb57d,96388,86455865,131996,90732,86488044,131996
13e7c3108b06b05f,77510,67575507,132144,71846,67609118,132144
14003d3dbd98dcff,61126,51213997,138057,55444,51225167,138057
140fdd4bbd202795,25920,16033982,140635,20240,16047418,140635
1417ecfdaea20f64,39466,29557052,138133,33795,29573411,138133
1420a0b7c7a94087,119491,109578128,137509,113815,109591242,137509
1421f8312ffaa0cc,69181,59316737,325866,63533,59340326,325906
143a8ee7c897673c,18428,8533009,135769,12739,8543286,135769
14448a07482d334e,20915,10973549,138336,15260,11015197,138336
144bffdd0846083a,66674,56753169,132529,60994,56773227,132529
14714639da0e2688,14038,4091723,128172,8405,4142304,128172
148d40139186a10d,26424,16523147,127991,20740,16535712,127991
1492d21e2e0422df,89622,79714848,141073,83923,79725591,141073
14a21974b0d312e0,115731,105834459,137176,110043,105844122,137176
14bb7f70b8f7d01f,24134,14233319,136869,18442,14243336,136869
14d7854160934afe,81945,72057505,157433,76264,72068927,157433
14e694f06f1ffce6,92149,82257676,104231,86511,82275721,104231
14fb72023069f0fb,89892,79977017,153769,84217,79993950,153769
1512ec68569bf265,109938,99993188,129602,104304,100038516,129602
152beea5ed91e245,68117,58217507,138166,62430,58228281,138166
153acfdae59ea6c0,104788,94874559,137859,99109,94889008,137859
155164a93b259f07,80007,70094876,141731,74327,70106816,141731
1554d65eb273e4a6,100578,90674700,138272,94902,90685230,138272
155fcd22142a1308,110981,101074646,138423,105296,101084455,138423
1560a5f644056921,56700,46813737,137109,51019,46824524,137109
158b54cdaeb73ec6,24669,14752586,129482,18986,14769630,129482
158c0f9ed004498d,80726,70814601,140195,75047,70825988,140195
158e5979b313d164,72996,63076218,133914,67317,63095769,133914
15a2b053c9f761b6,48338,38392777,128203,42693,38437694,128203
15ac6d0fca862d34,110187,100254523,137113,104535,100286831,137113
15ad71d59606dd92,51115,41199831,154895,45434,41215502,154895
15c929fda2ae0361,86528,76612871,129815,80850,76627783,129815
15d76492292b7e0c,99455,89558231,138567,93772,89569463,138567
15e8730ada10c7d9,34497,24596833,138405,28814,24606836,138405
15fb0ac565b831d5,59230,49316998,137744,53547,49329358,137744
15ff07241c882a90,52220,42279094,128702,46578,42319398,128702
1614d7e83ab149a7,113757,103838268,139431,108077,103857269,139431
164a5d32aa9511ed,20241,10316585,138671,14570,10340537,138671
165302afbf72bd9e,33244,23296917,137370,27597,23342855,137370
16612a2eacb00e8e,10119,173282,128132,4476,218228,128132
166719dbf703294e,95952,86035047,140564,90273,86052201,140564
16d0a986012f9051,40902,30960672,129211,35257,31001830,129211
16dadd5e9895d7e1,61496,51597257,137539,55812,51606873,137539
16edd33bcfa0ae4d,47076,37157409,138561,41397,37176244,138561
16f104f5ed3d65ac,37390,27473510,136816,31735,27502312,136816
16f6ec826099138f,52443,42514054,138506,46792,42543600,138506
176c2d0232125997,45245,35336882,156611,39564,35348353,156611
176fb000e52c00dc,77294,67353385,132422,71645,67393365,132422
177460e75abcfc41,71749,61833356,133599,66072,61848462,133599
179d08dfca5a6bf2,80038,70117177,132125,74358,70137986,132125
179f17ae6466ef68,25129,15237052,100698,19461,15266840,100698
17ae8fa5a481fdd8,62034,52092535,128326,56392,52133443,128326
17b2f0fc9de65b90,50454,40514004,137460,44804,40554260,137460
17b57ae38da249c2,114681,104794967,138597,109000,104805408,138597
17bc6365b3cbf988,88306,78413507,131875,82618,78423416,131875
17cae6b759f24abd,20546,10613183,113731,14917,10644703,113731
17d81dee829a2e54,64846,54933647,135755,59167,54945982,135755
17d8ed317817fa73,79375,69437242,136933,73722,69474475,136933
17da107562d94c78,111603,101691550,138334,105923,101702922,138334
17dbbbf34e0be0d8,116753,106837940,137854,111074,106853637,137854
17dc664a3b49d997,31497,21573485,137284,25834,21596926,137284
17ead5a26f66d9a8,40120,30213628,137383,34441,30223486,137383
17ec86950f7063f9,107797,97904483,101415,102157,97926351,101415
17eccd60c914d994,59595,49677506,138263,53916,49695176,138263
180ccd95f33634b5,43385,33443522,128781,37706,33484603,128781
182039f6fe7f2484,62003,52061101,130052,56361,52101407,130052
18265c4320f377ba,99049,89134635,138992,93367,89148716,138992
183312d98cafd470,50326,40392225,127748,44682,40425674,127748
1872c0c618ed1cce,37598,27696775,137233,31915,27708536,137233
188026bf355b1e9a,50725,40813863,138071,45050,40824497,138071
188ac333e99e1e22,67462,57493642,97493,61858,57559290,97493
189841533b1801ae,115411,105474869,139373,109761,105511009,139373
18a0a2eeea2875be,83540,73653359,131937,77858,73662945,131937
18d46c832c03a2f2,52976,43057410,137333,47299,43076435,137333
18debd1f4ef16c4e,110002,100055514,131353,104365,100101776,131353
18ed1bc9faf6ba87,43174,33263818,137291,37514,33274159,137291
18f36d1b570e6ded,16685,6773391,137544,10979,6783769,137544
18f4eab2185959aa,93049,83134519,139108,87369,83148144,139108
18f7d9b4f1410aa4,53041,43133985,137628,47364,43144130,137628
18f8621ba95ac377,32607,22713509,137409,26922,22723244,137409
190cd9cd1823b8a8,58399,48473898,137775,52742,48498731,137775
19112127ac70d693,64748,54834322,139755,59070,54848258,139755
1917f6f9e16958b4,23169,13276057,101921,17512,13290354,101921
191be91f85570ac6,12235,2296078,137646,6593,2338139,137646
1921c06fe94fa0f2,59006,49094466,140064,53327,49105114,140064
19330866ff3bf2d2,110726,100817915,157437,105047,100829312,157437
193c4c84e17a5d06,68654,58734493,128859,62971,58752698,128859
199c80a4d1393936,66940,57058292,162793,61264,57069877,162793
19a1a879921493f4,21000,11073277,137758,15333,11100131,137758
19b797c85a87c9d7,28748,18833428,137200,23071,18849253,137200
19df9eeff0495da2,118466,108574713,138021,112779,108584468,138021
1a1f6ef110a45d69,21084,11185399,138907,15405,11196613,138907
1a41fb773a3b6172,39006,29072090,128517,33383,29121287,128517
1a7c52a67ff2f37b,27204,17271953,128622,21563,17303863,128622
1a993e974bda6c6f,25858,15954049,129803,20170,15965150,129803
1acf2cbd74d36f82,16500,6613655,137836,10819,6624297,137836
1ad27ce18993bb0d,68806,58912350,128541,63117,58921508,128541
1ae93536ec41c135,30370,20457087,139068,24684,20470280,139068
1aef295accde9819,114556,104655444,140967,108865,104665322,140967
1af276a945ea6712,73403,63473234,133155,67749,63502136,133155
1b0bb789e9950e47,54953,45053836,138223,49259,45063776,138223
1b1f1c233ff51ef8,16409,6513412,138412,10736,6523823,138412
1b24f4b125774618,49161,39256623,153438,43481,39267780,153438
1b29a2d5fd18366a,68336,58430942,178022,62661,58445344,178022
1b2c46efff1a6aa7,97191,87274746,139427,91510,87291308,139427
1b3f4bfab50d4a21,86407,76514787,139978,80724,76524971,139978
1b5bbf0979e14b35,13685,3773452,138740,8011,3788030,138740
1b68da7688fbb859,119218,109293541,129748,113564,109317619,129748
1b7bb7b4a091c1a5,37539,27633930,139360,31863,27645311,139360
1b7c6a47a682889a,76254,66336798,136473,70571,66353206,136473
1bb48d37622392ee,10760,873285,136722,5078,882991,136722
1bc474f4c487c27d,59540,49654179,138654,53859,49664313,138654
1bdbc33e51e55a89,116199,106293733,131654,110517,106303021,131654
1be6988094be112c,69407,59458270,140371,63761,59506736,140371
1c007d66b54002e6,55075,45175567,138719,49389,45184969,138719
1c094f73f2dee565,107361,97454645,138636,101677,97464954,138636
1c0ff28efb76281a,89541,79614407,138230,83848,79641567,138230
1c20c88eb111d6fe,43788,33873593,136214,38083,33888355,136214
1c6044a36cb94535,33719,23816858,137791,28027,23826731,137791
1c7378104fed73ff,114211,104295034,138068,108531,104315411,138068
1cc7865a40e70498,80508,70614663,140592,74821,70624610,140592
1ceaba3f82cafef6,35430,25514090,137875,29770,25541821,137875
1d01902acb6e7b32,79974,70058970,146383,74294,70073868,146383
1d050f6cab92e9a2,99301,89394398,137086,93613,89403918,137086
1d09087265b1f310,38561,28653688,137689,32863,28669358,137689
1d27e1126f558e55,14985,5073428,138509,9306,5086877,138509
1d39deaaf8dc059f,39436,29533748,138318,33769,29548677,138318
1d520866df101152,56821,46914063,139090,51142,46925496,139090
1d53708a8d4d4893,91786,81894996,139814,86103,81905029,139814
1d89d36bf203a2bd,39768,29853627,137142,34095,29870032,137142
1da820c990e7383d,40368,30473844,137902,34684,30484277,137902
1dad218f62d63d25,23885,13971979,129044,18195,13984776,129044
1dae28d3bbe5f4b5,14195,4254075,137787,8551,4299401,137787
1dbe61c92ed22034,106641,96734686,139557,100945,96745687,139557
1dd2cc79872dae27,70008,60113272,132430,64321,60123131,132430
1de2262069588763,20944,11014063,137956,15285,11043455,137956
1e04101bc536def9,36049,26134572,138568,30369,26152580,138568
1e1ff3a7aeb8c72d,18990,9076827,138614,13305,9090074,138614
1e3cf60bf91f24a8,83627,73713474,132468,77947,73726661,132468
1e6561b6e6454091,38975,29043208,128437,33353,29089266,128437
1e688c6e40293e4a,35215,25293493,137500,29576,25326483,137500
1e7a9629ccb400b9,73768,63856431,135470,68085,63867821,135470
1e7fe443a4da12c1,65006,55097377,157118,59325,55108649,157118
1e8b541451e71209,18036,8113478,136727,12379,8135300,136727
1e918841f35e4852,55357,45437438,139861,49678,45457108,139861
1e9b6e86483e54ae,17876,7933419,127305,12224,7975175,127305
1ed54d6d5ccb138d,66565,56633256,131624,60901,56664708,131624
1ef2ec7fa17c883b,73275,63331804,120959,67625,63373910,120959
1efaa86c36d4824e,59166,49254109,138330,53485,49265332,138330
1f07bab3aa0d1a38,72522,62615852,133139,66835,62625553,133139
1f18a7202550a9a8,83692,73774422,138332,78011,73792205,138332
1f2ed5f7a29dfa46,45402,35493903,137699,39715,35503563,137699
1f347c4efebd91a2,60140,50194209,128829,54493,50239040,128829
1f3a54f84355769d,17594,7676637,139734,11918,7697870,139734
1f3aac687033ef19,55293,45374180,139187,49614,45392770,139187
1f6784387ff24b35,55856,45957216,138437,50172,45967030,138437
1f685846354d1b75,94321,84373363,131765,88685,84420688,131765
1f6b277415904add,112460,102534677,138251,106781,102560428,138251
1f7b5b346e081e2e,70130,60215547,146568,64453,60230143,146568
1f834ac0bba6060e,58724,48834014,138420,53040,48844812,138420
1f8e694f81296aa3,14607,4713429,138083,8919,4725409,138083
1fa07e4ffc840935,14954,5036640,138210,9275,5056246,138210
1fa7f84e8bff351c,67883,57932707,129793,62211,57983067,129793
1fe40f8a56c1353d,65968,56115335,363163,60337,56145161,363203
1ffae453ed80b04d,69502,59565793,140464,63852,59601911,140464
200a9144266ffde1,26640,16753736,138128,20962,16769335,138128
200d47cf9ce1f301,36295,26397038,138878,30611,26408509,138878
201672c4d89561a8,118343,108438302,138444,112654,108448039,138444
2021e1dcda9e82a5,56637,46737336,138845,50953,46747664,138845
204fd76e5745e6c9,96721,86818587,140019,91035,86828208,140019
2065c153cff6746e,16970,7053298,137783,11292,7072715,137783
2067c4bce4fb19f9,43352,33421643,128641,37676,33451262,128641
20801eae7d517191,90187,80303943,103619,84540,80312480,103619
20895a852f68a7c6,30117,20197008,137727,24437,20216495,137727
208c3b0d6d875594,58820,48934061,138992,53140,48945000,138992
208ca0dd7159ac91,118843,108934781,138299,113162,108944603,138299
20905fe5b5ea81f3,17368,7453666,139394,11662,7463569,139394
209da423b72cbd87,68560,58652738,129143,62881,58662224,129143
20b6fb5cd1a74557,43758,33836107,151193,38054,33859037,151193
20c78827fe181a8c,34251,24336619,137617,28565,24350498,137617
20c96f0c41d9211f,27300,17372274,129488,21657,17401136,129488
20f240ba1fa733f6,31556,21633925,138026,25886,21655561,138026
2108e869cbc9e26b,12414,2493487,137982,6751,2516938,137982
21197d29941a9ff8,119610,109714745,138324,113922,109724970,138324
211f26288cb420d6,48050,38133829,137758,42369,38149961,137758
2152dfb510fa029e,17729,7836470,100355,12078,7854009,100355
216b3516c0d61723,10815,896329,136304,5136,915080,136304
216f98f2e8aa7e31,116167,106253621,131496,110485,106265920,131496
21748b52f644d49f,114081,104177605,153805,108402,104188907,153805
2182407208b3a984,26393,16493842,139264,20710,16505892,139264
219347db5ef44d41,65903,55972961,129569,60253,56002205,129569
21a35a7c313d832b,96325,86393756,133062,90672,86425654,133062
21c9ec028b441e80,22354,12436809,139280,16673,12454176,139280
21ce1f28e527ca01,74072,64155854,133658,68392,64172517,133658
21d2f29dcf1d5da8,46536,36596990,137283,40888,36636598,137283
21e6c626f1bc7c30,46182,36319977,340098,40537,36344922,340138
222a1a5f8a1c6883,14101,4157318,137591,8465,4205638,137591
22378a7d47ee59c6,50931,41036883,136999,45250,41046967,136999
22422b2d94e91bbe,63487,53593835,137151,57802,53603685,137151
22d97f6071fe2402,97126,87215022,141601,91446,87226677,141601
22ee6d7d73bbd560,52595,42673919,138196,46930,42694593,138196
22faa64f1f787696,53515,43613988,138326,47825,43623918,138326
230907ae4dec5f22,109841,99904681,115081,104208,99939834,115081
231a7f528bda1d44,69978,60075382,131017,64291,60085552,131017
232fcb276ddd3ec9,89706,79814404,138366,84020,79825048,138366
233bcc3704c890fb,90533,80593374,132389,84878,80632818,132389
234476a19a345ed3,79941,70034211,136150,74261,70045358,136150
2369a03a38b1a611,39196,29273691,138214,33561,29309140,138214
236b1ae0ce646e99,104004,94061234,131859,98365,94103802,131859
2398bea88f2ccbb6,19645,9780641,338320,13999,9807054,338360
23b896c66d9a79af,24637,14716636,137333,18955,14741590,137333
23b951f23a22181f,17973,8037046,137408,12319,8072288,137408
23c72c25ab064c59,59102,49193943,137848,53423,49203946,137848
23cde25938f8fca7,77569,67655087,142469,71899,67668821,142469
23e64beef0c1468c,51836,41917250,137373,46158,41935625,137373
23fea54e77461e49,21491,11527902,128094,15863,11590909,128094
240d66a3ebd0a193,71659,61737193,132334,65990,61758140,132334
243033678dd0abf8,16137,6213406,138296,10499,6248932,138296
24358844981fc1cc,116601,106714686,138000,110919,106724554,138000
2446f1daca10c4f6,28942,19033464,137802,23263,19048098,137802
245b7592a991bf60,100400,90475027,140959,94743,90500249,140959
247416abc375efeb,43417,33472125,127935,37734,33515622,127935
24bfb9a2a2fd04e9,96661,86754637,139060,90982,86765327,139060
24c9013a35fc0a2f,16229,6313219,137240,10580,6335259,137240
24d4cf3aea5c756e,26857,16937032,138619,21183,16960187,138619
25211e69189fa5e7,35794,25873767,138387,30086,25884871,138387
2523d23c9cb7336d,90439,80493370,131736,84789,80539024,131736
252c8d9478f47e21,83198,73293021,130218,77537,73302525,130218
2557135b2539640d,53793,43873978,138033,48114,43892693,138033
256021fb5a4dedce,75639,65715304,133274,69966,65742098,133274
256b371ff4ad0c7f,19840,9894199,129286,14197,9939628,129286
257a48567e55f341,52829,42933772,137602,47140,42944593,137602
257f43746d08f1b0,29835,19936764,136881,24149,19946966,136881
25994a034fea2aa5,110247,100317842,137222,104589,100347179,137222
25ad502f60a4821d,102652,92754297,136359,96963,92764041,136359
25b827af8fdd86a2,49542,39633579,136514,43854,39642969,136514
25c51038e75e2820,104435,94514582,137817,98766,94535644,137817
25c5afe3daed0ab8,91877,81958571,140588,86199,81976885,140588
25f54d47af8c2029,11692,1776745,137659,6013,1793772,137659
2606a17c41c9b467,41277,31353753,138025,35612,31377170,138025
261da470df9e90f2,16199,6276790,137385,10554,6310240,137385
261f838666d5525d,59726,49813654,136399,54046,49825719,136399
261fb9fe0f97b409,92812,82914707,139157,87129,82925548,139157
2629e665ddb40629,32890,22973499,137328,27210,22989627,137328
26307630c933a120,9909,16426,98221,4269,35274,98221
265089b8edd926ee,92297,82352899,128981,86658,82396553,128981
2655a9f5e9a5a9b0,67097,57185951,131508,61423,57196096,131508
267a4f35e249e71c,16652,6733405,137923,10941,6743649,137923
268178bd5aef6292,35519,25613873,139155,29848,25627000,139155
26c641565ae552d7,20062,10133398,136328,14408,10161967,136328
26fdcb32cdabb2e6,79283,69335263,136819,73636,69381891,136819
270ce731e77ac336,37975,28057169,139121,32299,28080463,139121
27245e932b57eaec,106015,96113328,130612,100360,96123186,130612
274101b5919a4ad5,106353,96438222,137884,100681,96453059,137884
274a12f60f15c7ad,115128,105184260,130660,109493,105226943,130660
27721a99b0dd3bd9,62731,52836973,137084,57051,52846838,137084
2773cf0bb2ef2bcb,19936,9993784,139194,14290,10036549,139194
2783f6984f694adf,108316,98394646,138870,102650,98415698,138870
27865d236fd52566,60624,50717123,139067,54937,50726656,139067
279342a22d801b74,48856,38953620,136620,43172,38963577,136620
279ab5f43c7f7e56,50422,40476872,137584,44774,40521632,137584
27aee265d629acbc,79313,69373934,136242,73665,69413247,136242
27c2d91df74059ec,80198,70294692,140544,74515,70305260,140544
27c3bea42ba88682,70696,60793720,119103,65010,60802172,119103
27cdcdd1734e74f4,87229,77298275,138826,81573,77328953,138826
27d04ff92b23b8d0,67587,57572870,131056,61971,57686050,131056
27d0e24127d9a064,71067,61153688,132810,65383,61166039,132810
27eed2d1d2b29c99,84603,74694421,139100,78923,74705054,139100
27f3493bcced9c4e,43114,33177442,138582,37459,33213425,138582
281292d6965e9b4c,91450,81535486,142034,85766,81549770,142034
281c2433a2bb4d39,117592,107694585,137136,111910,107704910,137136
2822c4d9637c9266,19267,9373646,138146,13583,9383351,138146
28307dab638d1f7a,37048,27112211,128907,31422,27162219,128907
284fcf5cba9a0ff4,114275,104358208,138724,108594,104374869,138724
2879b8a100ebc4bb,112152,102135226,129391,106540,102251538,129391
287a5c38d9bf7f1f,60714,50816990,137198,55031,50826932,137198
2881b578e30e5150,81602,71695109,143557,75916,71705779,143557
289d00c861114fd5,77419,67475856,133390,71763,67518343,133390
28cac6f9abe6e154,61157,51237329,138229,55474,51256516,138229
28e5857ce7552d39,111667,101804099,393900,106028,101837303,393940
29180b84bdbe803a,114898,104978177,138446,109219,104998213,138446
293e77a7fe66f091,45865,35953542,137205,40185,35965076,137205
293f6f9ac91b5ccf,86346,76454598,138650,80663,76465068,138650
2956d1266152f588,34648,24733618,137124,28970,24748731,137124
296cdcfcee012413,41455,31553732,138457,35770,31565237,138457
297944ab82568b78,64910,54994123,138084,59231,55009984,138084
298b645339669513,48082,38173779,138542,42401,38183961,138542
299a6d1ee7cb8d6a,107075,97155052,138933,101397,97174578,138933
299ad40bd7383e17,94353,84413824,132620,88715,84452082,132620
29a64c5c2c786e7e,103187,93274921,138982,97506,93286303,138982
29c171b92e5bab86,47174,37254079,138572,41494,37273263,138572
29cdf4572bbc891d,13909,3978095,128702,8279,4010253,128702
29d4b6d8fcaf0cf1,104465,94554420,137685,98792,94564762,137685
29ea330409b8ef86,71441,61513067,131774,65787,61540703,131774
29fe1d9fa75cfc67,26106,16197192,158403,20430,16213558,158403
2a0d97e3b7ac76f2,23415,13517309,139260,17755,13528129,139260
2a86f3c8f68e741a,77005,67139239,336697,71356,67164032,336737
2a95b5828eea6f25,38162,28253611,137355,32483,28270096,137355
2a9f895bed7fe4d4,83789,73874213,137795,78107,73889382,137795
2aabfcb675df905a,14518,4613269,137112,8836,4624712,137112
2aae1683ccf6d4a0,61062,51154220,138464,55382,51164083,138464
2ab92b8faedf3448,49726,39833666,137130,44042,39843754,137130
2accbb4a6a835283,70196,60275888,148096,64519,60295857,148096
2adb3f1611d8ecf7,55195,45277259,137119,49516,45294587,137119
2adda5ae490f4ad8,23539,13653586,138296,17874,13663498,138296
2af3306607b05a22,68837,58934384,130572,63149,58943878,130572
2b097b7b54c860e0,47238,37320017,137021,41558,37337787,137021
2b253afdeccff093,45118,35199803,155928,39439,35218593,155928
2b3b4bf239da6c7b,59886,50019484,336349,54237,50045389,336389
2b610a84fdb65fed,63334,53433834,137128,57640,53444757,137128
2b733f3f10efd442,54386,44493795,137569,48722,44504166,137569
2b774bdbf66d7346,36919,26998441,128618,31295,27098871,128707
2b7e38d7f20f1c5e,49939,40036708,154656,44259,40048540,154656
2b81ffa830cd9f9d,48945,39053906,138179,43259,39064167,138179
2b8830d0f9aba716,43320,33399830,128733,37648,33419446,128733
2b9225104bf47c01,76348,66435715,132443,70663,66447520,132443
2b97a0d1fd0b7a1b,46344,36412017,128343,40702,36442703,128343
2ba9791dbd114dda,110949,101034765,138081,105266,101049007,138081
2bbe21d2df1471ca,108134,98198278,137716,102485,98233974,137716
2bbeb565207fa6d5,81288,71393295,132195,75623,71402897,132195
2bec6dfe13ac7f7f,24945,15053576,138869,19264,15067346,138869
2bee8c422c31ce21,61435,51537140,137241,55751,51546805,137241
2c0be79a695ef68d,75301,65355435,131880,69653,65400789,131880
2c2d640ef5d49813,107943,97995162,130803,102302,98042465,130803
2c3df70e9cda6a82,59757,49836751,136842,54078,49856840,136842
2c3ebd3d030fab6f,82258,72336795,131211,76576,72357179,131211
2c4ce2adb82203e2,61616,51697254,136992,55937,51715580,136992
2c96fa51fd23d634,34810,24897089,137136,29130,24910056,137136
2c9ee8139d64c99a,61343,51437088,138195,55654,51446851,138195
2ca888017791783a,82193,72274205,137966,76513,72292809,137966
2cb239fb176f8290,58974,49060216,137569,53296,49073817,137569
2cc4774e03af79b1,93648,83754676,139020,87963,83764785,139020
2ce9011cbc86a7f9,33932,24019975,155263,28253,24033110,155263
2cf34fb0019009bc,62436,52514314,138218,56765,52536543,138218
2d0a9a6d76a82592,49512,39596839,136756,43825,39610892,136756
2d0d2c057aa3382c,99145,89234874,140127,93461,89244703,140127
2d18371732e88a70,101292,91377898,137211,95606,91391149,137211
2d22c445b1746725,17185,7293458,137956,11505,7304421,137956
2d24621a97affbf0,79008,69115699,101305,73367,69131631,101305
2d3eabc93bd9978e,46119,36213676,137488,40434,36223810,137488
2d76630617cadd83,72338,62435077,144154,66650,62445543,144154
2d96789fc342e5d8,76627,66736138,148828,70942,66747002,148828
2daae329bb9d6246,31090,21159590,130550,25449,21189477,130550
2dd83125334e876a,117066,107133448,130710,111418,107165064,130710
2ddcfaedd64340fa,94567,84633466,132613,88911,84666425,132613
2e011a8785e27d0b,13405,3513417,137899,7723,3530083,137899
2e27df6f32679148,71345,61412338,119826,65694,61443560,119826
2e281fc6ef82ea36,105735,95818042,137887,100054,95835555,137887
2e50a13c16607380,61842,51978918,338330,56196,52004916,338370
2e6577cbfdbb4e4e,62921,53014111,137703,57240,53024576,137703
2e6b91b7287161a5,57969,48076608,100335,52329,48093460,100335
2e7a70a92c70c9ce,64512,54597207,137400,58828,54611461,137400
2e81dfc682a505de,57892,47977327,138656,52207,47991723,138656
2f1a4694af5ce6cd,27968,18053400,137431,22291,18071493,137431
2f3efcbebf9bb66a,95266,85353092,130391,89585,85365483,130391
2f92b9897ef148a9,31976,22060116,156256,26296,22076874,156256
2f96a2df5dd40e14,104069,94115273,130083,98428,94168128,130083
2fa4ec04b989eeaf,87899,77977990,138191,82218,77999036,138191
2faa1077fbff0e16,119154,109215669,130643,113503,109253100,130643
2fae7ea5bcb67d75,74137,64226408,161657,68456,64237776,161657
2fe83caeb9ce2333,116656,106737926,137776,110976,106755847,137776
2ff3291e8dbaa2e3,45021,35097085,138515,39342,35120747,138515
300aa1c013139317,76596,66695578,133369,70910,66705599,133369
302a6b26de5d9851,56422,46514147,138682,50756,46524092,138682
303025254482984a,30402,20493851,138687,24715,20503940,138687
30398ca0ce602747,93526,83618184,139446,87836,83628733,139446
307366d7545b1059,56606,46713900,137794,50925,46724657,137794
309d7c0cac0464a0,75139,65217910,117699,69494,65238168,117699
30adfb02f67a778f,11539,1653300,137513,5859,1663723,137513
30badf580714f6b4,32640,22753789,137922,26959,22764178,137922
30bdcc017c9ebab1,37420,27513856,137725,31760,27532246,137725
30ec28d1bc6b080a,41890,31973650,137516,36210,31989209,137516
30f05bcd6c1d32c6,92071,82154872,139759,86391,82170691,139759
30f9afa535afee00,41858,31937125,137789,36179,31958116,137789
312405ab7210f5dd,65038,55134071,136788,59356,55143979,136788
312610b7eee4f495,24072,14173413,137976,18379,14184087,137976
312d2ec77169c58a,70872,60951602,121512,65189,60971004,121512
31335422eea0a0b7,20299,10393144,136244,14621,10404588,136244
313e195c11eeae81,21835,11916300,136738,16158,11935302,136738
3150093d99df30a5,81884,71977860,139064,76196,71988247,139064
315218672e879611,32695,22785004,137661,27016,22795002,137661
3159dcfc83ac3f46,28846,18933583,137757,23169,18950102,137757
31b714fc6f86d1b3,85538,75634236,137750,79854,75644933,137750
31bd6188ea7dfdd0,60901,50980565,157496,55222,51002012,157496
31c0afe9493533f6,86944,77001083,131375,81300,77043213,131375
31d1606272d54d45,103497,93595565,132314,97810,93605730,132314
31d476ae4dcf5374,47705,37813729,137862,42022,37823997,137862
31d70e734a8ecd24,13718,3796573,137138,8043,3820809,137138
31e7f3d6440c479a,37144,27213554,136508,31514,27257779,136508
31f640dc44cb22ca,94110,84217725,103538,88477,84235653,103538
31f7555a1881d1e1,110541,100654799,138033,104860,100665031,138033
31fb66e9f31ef036,84869,74977459,102998,79228,74992240,102998
322862678fbcad8f,58051,48120317,128777,52411,48150055,128777
323596db65cfa665,96902,87014770,139187,91224,87025075,139187
3255e13a6d8bfb14,28780,18873803,137924,23103,18887694,137924
32649c76caba3c5c,29512,19576676,136793,23854,19617586,136793
3270cb7628b84c4c,86254,76354721,139758,80564,76364799,139758
3293cc312eb67da0,46867,36956970,138336,41187,36967716,138336
32964e02ad17064f,91005,81114957,141079,85321,81124585,141079
329f4e1474478850,85300,75373088,130732,79642,75399233,130732
32d719e73c727046,112623,102734628,137711,106940,102745037,137711
32da4f1d0313256a,100667,90757629,137927,94980,90767570,137927
32e1597c16cf7393,95483,85578396,139972,89794,85589140,139972
32e6879524e34ab0,78151,68234827,140765,72468,68251027,140765
3303f89f03d9acff,89735,79841178,158481,84050,79852833,158481
3311091317d8adbf,23231,13317075,128973,17574,13330064,128973
3318f64c34cdeb37,110917,100997824,137807,105235,101017497,137807
332041dc77b1dd8a,82635,72734694,140256,76939,72744317,140256
3339c7b0eb3ee233,57389,47494163,139002,51703,47504223,139002
333e081e301c7206,75172,65238063,118685,69527,65270666,118685
33403db9dbf56dd4,41093,31157145,137068,35443,31192923,137068
334e06763b9fe707,89020,79085910,96387,83378,79117983,96387
335a9ec5400cd7c8,105985,96075498,130614,100330,96085348,130614
33698d397c00246a,75875,65976146,133155,70190,65985873,133155
336e4d0cb2ea12f1,75550,65615971,133696,69886,65648909,133696
33878ce14046c9eb,55454,45537517,138138,49773,45554179,138138
338c45541bef070e,23199,13295298,113578,17542,13303419,113578
33a6fddaf8aebfa3,53203,43293912,138515,47523,43303599,138515
33abe5806203c73d,11168,1256817,138899,5483,1267828,138899
33c7e7807253774e,98472,88554604,139163,92808,88572004,139163
3405d559537d1747,113926,104034794,138771,108240,104045013,138771
340b7229aa3941e8,116229,106324913,131329,110546,106334406,131329
34122498cf5c4e76,29296,19351958,128468,23655,19397976,128468
34143ae972175bdd,12110,2173066,136754,6476,2210696,136754
34497554d24fac87,32576,22677073,138631,26891,22687005,138631
3458bef05b22e5be,14070,4134101,141162,8436,4172474,141162
345b3001a9a5691a,92039,82118037,139241,86360,82139022,139241
345b54923a593432,92487,82553223,131218,86839,82587061,131218
346bc60c293e784b,49665,39773868,137397,43979,39784165,137397
348ea9426341be2a,76380,66473153,131931,70694,66482416,131931
349c8b571813a129,109183,99274811,138289,103492,99284422,138289
34a654a476252e14,88988,79061277,95135,83346,79085044,95135
34a71da8d0af628d,79524,69597678,138387,73857,69624214,138387
34b6dd4dc4550539,34957,25036829,128933,29326,25069923,128933
34f328964fdce020,11475,1576626,138825,5792,1586540,138825
34f3fa3d77c70830,10427,513202,137190,4760,527027,137190
35017129b9a17ef9,42080,32173364,135858,36395,32183832,135858
350e558fa7f88b39,115319,105373546,131060,109676,105418638,131060
353d4507b88d5bd2,38877,28956667,128719,33256,29059754,128808
3554cb3bbb28e932,45832,35916907,138439,40152,35932197,138439
356cfcb406e2b842,114525,104620176,130195,108836,104629763,130195
356f486b739e17e2,76442,66536301,134201,70754,66545988,134201
3572b110ad53a46a,78494,68593375,133518,72799,68602948,133518
3574da4c3458d056,36420,26533656,138729,30741,26548238,138729
357bd35be2537c2d,35922,26013703,136998,30243,26030602,136998
35982032ca22c758,51934,42014123,138740,46255,42033861,138740
35dea6001ac76dec,86879,76956644,114369,81236,76977855,114369
35fdc2cbd406a44c,105203,95295078,137815,99516,95304576,137815
3678a2a5b6910129,22258,12345154,152033,16578,12358861,152033
367c8795a687734b,109549,99634757,138658,103870,99648350,138658
369bad1b2f22a4f6,70040,60155806,147401,64362,60167136,147401
36aabd66a5b32464,90471,80533155,130242,84819,80570272,130242
36bab7f6588791e4,34842,24936441,154733,29161,24948471,154733
36c1c0f07087c554,67858,57889636,129273,62191,57958169,129273
36c2c9d34ac13be7,95042,85118380,139744,89363,85141258,139744
36dd68c24dd8645f,42325,32433672,137414,36642,32444417,137414
370444a3fb93ba2d,38722,28813257,135306,33051,28828657,135306
37464a0f0454b437,20610,10661475,113803,14980,10708964,113803
37494f08854756f3,81135,71233442,132538,75475,71242472,132538
379869aea7678467,51716,41819717,154272,46032,41831109,154272
379f324e78c0e807,50229,40298055,127391,44586,40328373,127391
37aa17ca7f965849,32422,22517409,138367,26728,22527595,138367
37c573f1460bb2fb,50754,40836839,136006,45077,40854454,136006
37cbeadac219c7e8,97813,87893498,132142,92132,87911736,132142
37cfec47dc041c31,85814,75894321,138264,80136,75914814,138264
37f864a7d99b18e8,101134,91218206,139998,95453,91233882,139998
3803bccc9cbac227,32073,22157281,137453,26393,22173220,137453
38188e59656648fb,11105,1193326,137353,5422,1204841,137353
38231fbad268eb61,36765,26853754,138129,31094,26870854,138129
383cd1901cdfaf2c,24915,15016978,137880,19235,15028903,137880
3843c9a19eb8f6bb,68009,58094252,138496,62315,58109118,138496
385200d5f72fbbed,83725,73814268,138158,78044,73824643,138158
3892ef3f7eef5fe8,10088,151668,127944,4445,186630,127944
38a29b0e9c7a6761,33180,23234154,140971,27537,23280300,140971
38b3a6567becf89e,87616,77718137,139154,81937,77732852,139154
38bdd619f93c001f,47141,37217056,136918,41462,37240478,136918
38d416414d408786,94888,84994567,138691,89199,85004408,138691
38d47f51af3dc059,26138,16222914,152386,20462,16242961,152386
38db9e9f417a8f75,42233,32333526,137077,36543,32343523,137077
38ec62b43f9d4b70,47856,37936960,137900,42177,37955026,137900
39040f9cb8e5d7bb,102593,92694283,136787,96909,92704164,136787
3919e65110ce3cd2,51901,41977122,138530,46223,42000961,138530
3925c4b30a2a2ee6,32202,22293707,138626,26518,22304906,138626
392e4ad8ad8b6aac,84506,74594548,139683,78828,74606687,139683
39358e9c554510be,53607,43713984,138389,47922,43723954,138389
3952d35c04f10474,47460,37553775,137823,41775,37563725,137823
396983ab5a887f89,28162,18253752,138298,22484,18265324,138298
397252aa3e47c877,83230,73315171,131224,77568,73329202,131224
3976eb78fadf481e,72275,62359689,145130,66589,62375848,145130
3979b0157a22dd82,9990,59948,128961,4350,90270,128961
398b580d4cd334da,113366,103373115,129109,107750,103465818,129109
398f91d26ba933a5,70387,60473830,135946,64708,60487183,135946
39c316768b8e1cd2,91194,81277169,153879,85515,81295941,153879
39d1ed7cb86ed257,64975,55057141,137136,59294,55074489,137136
39d944e0b688fd67,48828,38917388,138788,43146,38927832,138788
39ea9475a4401013,38224,28316468,136605,32542,28331263,136605
39ff8722bf924fd9,119402,109475530,130912,113734,109500693,130912
3a0111ab0a0bd3d3,15508,5593602,138218,9834,5609609,138218
3a3471d28b1ef012,13500,3613924,139357,7822,3628759,139357
3a3862ac755f9ffa,42294,32397000,137196,36611,32407030,137196
3a545ec98e180f97,78371,68455581,132147,72681,68471388,132147
3a6b3b67980ec89f,58576,48673924,138158,52900,48683924,138158
3a7327416014d44f,56008,46115346,101170,50353,46131319,101170
3a7f12fc0e3f2351,83885,73977553,157259,78202,73989181,157259
3aadc097bd911b4c,78647,68753745,135112,72962,68763916,135112
3ac715e67a20f5c8,27608,17694155,141054,21943,17711993,141054
3af028a2b378902e,19083,9176345,137820,13394,9186514,137820
3b046d726dfba9e3,106386,96474551,137327,100711,96485596,137327
3b10f2927440ccf1,114338,104434916,139812,108656,104445034,139812
3b12a773288034ee,73708,63796305,134418,68031,63807756,134418
3b1a5e5486171ef6,109059,99154445,136277,103373,99164498,136277
3b1b61b156ae8f8b,50607,40676667,135953,44945,40706682,135953
3b392ff2746b2441,15702,5793313,137565,10026,5806262,137565
3b4e684b1f132794,114769,104854580,137315,109090,104869611,137315
3b63e39ca32f4359,51148,41233631,136400,45467,41246956,136400
3b944cc09a2817d4,108463,98557967,137930,102780,98568349,137930
3ba70e9b309a3571,52711,42797239,137480,47034,42811120,137480
3bb056e096ef8688,116103,106194656,138048,110423,106204713,138048
3bb46e5eb9f3ccbb,91291,81373600,133083,85611,81390901,133083
3bb856192ab66f5e,67783,57795303,129164,62133,57883070,129164
3bc90db7a9d7fffe,41954,32037478,139654,36273,32055017,139654
3bc9bdccfb3113b4,87073,77133131,131290,81426,77172564,131290
3bd15abb17cf4dd8,26330,16416887,137484,20650,16431728,137484
3bdc8b4b69f9b4de,82820,72934141,137748,77139,72943869,137748
3be555b9189eb70e,51624,41716693,136472,45934,41726779,136472
3c0f570835053f9c,98620,88713287,131137,92941,88722899,131137
3c171a45ff1aa631,39644,29753538,136419,33963,29765628,136419
3c31935afddadc8e,34374,24473750,138223,28683,24484187,138223
3c486644078b4217,83594,73675431,130850,77914,73693857,130850
3c4cd18e3f1ca080,65870,55937662,131154,60220,55969977,131154
3c4f25512ae218c1,96420,86493258,131646,90761,86519192,131646
3c4f41c975ea5385,102045,92101177,131857,96402,92144110,131857
3c5933ac13c59061,16588,6673584,139064,10881,6684174,139064
3c6caf04c9edb484,49634,39733471,135807,43943,39742871,135807
3c6f23269108856d,56041,46137377,130177,50386,46146992,130177
3c747440c9b75d9d,94256,84313368,131693,88622,84355518,131693
3c85f7aebe5bd0d5,66363,56389220,131663,60724,56462984,131663
3cbd90f7fe8683e6,107515,97614717,138464,101824,97625895,138464
3cc62cd35c240db6,36541,26633728,137322,30842,26648995,137322
3ccab8d70963a0b7,100695,90795120,138964,95006,90805997,138964
3ccfe72d74ece9ec,79218,69272208,126007,73574,69317305,126007
3cd4d33ce8bff92e,57702,47793876,138180,52023,47804273,138180
3cee2bfdf0e06721,45930,36013744,137554,40249,36029684,137554
3d36dc5266e9594e,87866,77954637,139957,82186,77966423,139957
3d52a7849dc9fdca,81473,71555813,132075,75798,71572244,132075
3d67879b090e59b7,75333,65393278,132173,69685,65432378,132173
3d6b9cc727bd7db7,31122,21181454,129551,25481,21221019,129551
3d82c3c767614627,83385,73478134,137988,77713,73488478,137988
3d8f170e7bb112aa,12326,2396626,137399,6674,2429605,137399
3d9c8612fbaf5f95,59386,49477030,136746,53696,49486293,136746
3dbc6ed1c82dbff7,35550,25653473,137351,29874,25667625,137351
3dd1a56dcb441860,88847,78994219,352783,83207,79023627,352823
3dd3a4a4047fc7ad,75269,65333181,132303,69623,65368811,132303
3dd4b6a58c052e58,96811,86914985,138773,91120,86925114,138773
3dd72ee393c68999,104226,94293482,131091,98578,94325342,131091
3df053b7f1601708,106671,96757965,137978,100974,96772174,137978
3df65efa8eca3271,21181,11292479,121838,15566,11309007,121838
3e09c84419b6af35,65528,55612185,127034,59849,55626918,127034
3e18a493d5e0f867,57296,47394212,138023,51605,47404033,138023
3e44ad9e38bbc13a,90594,80653636,132827,84934,80693521,132827
3e4c4bfe8582fd8c,50484,40553824,137207,44833,40583866,137207
3e4f58346ecec6ac,43875,33956935,138261,38173,33975397,138261
3e7428e7544ed0f6,19144,9253472,137653,13458,9263101,137653
3e7b405e4cacbff6,34436,24537332,138257,28752,24548684,138257
3ebb015df5a0a6c3,22696,12793773,129487,17008,12802889,129487
3eee1497f4942aa7,101930,92037625,102234,96287,92054816,102234
3efdd694507f8b65,26516,16613999,138569,20827,16625661,138569
3f164059d1f19155,11757,1836426,137124,6077,1859981,137124
3f1ce7677e36d077,76221,66313760,135306,70539,66324158,135306
3f29d6ccea4434e8,94742,84833521,132343,89064,84843125,132343
3f3bcb3ab9ba5ec2,96780,86878166,139793,91089,86888459,139793
3f3c947f6db9f3a3,34615,24696645,137281,28937,24715448,137281
3f50110d17a5d667,40998,31055919,141503,35351,31098279,141503
3f53aa1f0647f098,64813,54897220,156116,59135,54914255,156116
3f80edb83d9af565,32041,22134049,139317,26360,22144705,139317
3f86baaeef4b9105,38625,28713530,136704,32954,28728949,136704
3fa6991e28207503,114464,104565366,132781,108777,104575193,132781
3fd5896b0d168a41,49096,39176825,137402,43416,39195054,137402
3fdb70a9d6a147fc,78341,68433199,131921,72652,68442864,131921
3fdfaf2c5b84596c,111938,101966542,94953,106348,102035248,94953
3fedf770c186041e,14226,4293178,137347,8579,4327174,137347
4003a6d989b22b60,112310,102337170,140927,106664,102410361,140927
4012f666ff2d122c,97030,87117402,155340,91350,87130401,155340
4014ceb8c7dfca9e,86377,76478217,140007,80694,76488758,140007
4016c6a8d9ff5edb,67983,58057850,138329,62293,58083257,138329
405962f6d586a943,112565,102675152,139125,106880,102685601,139125
405cc1152665b0f3,50069,40157567,137647,44389,40169655,137647
4078fa7f414acba4,45182,35273840,138717,39502,35283503,138717
408557acb0fbefe2,41922,32013905,138076,36242,32024217,138076
40a1c3c1dc5ebf32,79876,69956603,134393,74196,69975493,134393
40a4e4f2894eb9e4,37716,27796838,136847,32014,27809595,136847
40d79508f19f03a3,101823,91913346,130421,96142,91923212,130421
40e413b68efa6927,76812,66893397,133331,71131,66912079,133331
40e41b8a7e07212b,54605,44693570,136332,48928,44704816,136332
40e90da28625f440,83477,73577929,139474,77798,73588488,139474
4111a4ea4d31c9f2,80102,70193618,134386,74421,70203049,134386
4116f84ea183fab3,22848,12932056,130409,17170,12947776,130409
41330fe1c6f55b5b,46838,36933590,136425,41161,36943829,136425
41364a6615b6227e,67645,57627350,129602,62021,57745023,129602
414c526f3bb1a63b,64064,54112507,129239,58419,54163916,129239
41a9272f85154abe,86162,76254485,138406,80476,76264577,138406
41b1dc8951cc2022,106514,96597963,138829,100828,96614177,138829
41be2375046dc49f,81666,71754415,138097,75975,71765482,138097
41c5d3ec37b82d41,70324,60413809,136446,64646,60423791,136446
41cb83536dad7661,112779,102864409,154516,107109,102879792,154516
41ea236ec57ebaa6,12740,2853259,137575,7064,2864678,137575
42133afeeb6afbe5,109089,99177974,139002,103403,99189358,139002
42865b487e47557d,118250,108336889,131242,112560,108348894,131242
428e4497f1df3d4c,88429,78536711,139088,82743,78547224,139088
42d4b05cff5925df,74105,64199083,166906,68425,64211466,166906
42d58b4eac4b77e2,14760,4836602,138738,9084,4863212,138738
42f357abdd9ce3e0,11659,1753533,138242,5980,1767531,138242
432263a5ce3e0c16,63395,53493976,137425,57699,53504398,137425
432dce36c8d674f3,60997,51077483,138297,55318,51096964,138297
433950a3b2636f9a,95636,85738382,138505,89954,85748917,138505
435f3fcb21841cdc,67908,57954555,129485,62231,58008093,129485
4360f0f5a70089b4,15294,5396909,138410,9614,5408659,138410
4365a48bbde53c8c,46473,36536199,141437,40828,36572600,141437
4381373813219b04,51406,41493820,137726,45718,41504938,137726
4393b239fe3c18a9,117994,108088565,153277,112312,108099536,153277
439b1f9f81b85c34,82974,73064816,130791,77317,73073902,130791
439bcda5a81cba35,45213,35297161,138401,39533,35313327,138401
43b141fc458148bc,107911,97973113,129421,102271,98010932,129421
43c95cde3dd7062c,20579,10642075,113790,14949,10677066,113790
43d84db9435c5f88,94799,84892938,129162,89115,84902587,129162
43f5d23fcc6d8745,27457,17531754,127905,21806,17559265,127905
442045e94a6b6f1a,65593,55677960,137772,59913,55692944,137772
4438df932c8d9e2a,35183,25253543,137613,29546,25297331,137613
446565d0b3bd4bb9,54829,44917375,138947,49134,44929294,138947
446f2c4e532a1cbe,44281,34381382,121233,38612,34395880,121233
44b091cdc7212b87,105606,95694300,137210,99927,95705993,137210
44bda183cc44513c,77197,67253382,133779,71552,67296787,133779
44c7e82d317ebb25,110217,100294670,137418,104562,100317036,137418
44ddcaf3e717a428,58754,48857359,138349,53070,48868002,138349
44f60ccc95c90792,116508,106614765,138754,110823,106624997,138754
44f61acc2fef6749,106288,96374513,137557,100622,96388523,137557
45156c237fcbc11e,39495,29593815,138367,33819,29605763,138367
451694325c23b503,114802,104877859,138123,109123,104901408,138123
452557642cc0ec23,83507,73613257,132168,77825,73623291,132168
452790743dd7c9c6,70293,60373562,135222,64615,60391850,135222
45655f8477a026d3,114432,104533626,130704,108747,104543074,130704
4570e8aeb6b17d60,113208,103258953,113689,107602,103305905,113689
45741ed3705fcac8,83102,73192743,129226,77444,73202164,129226
457ca487893c6031,71809,61913170,132200,66126,61923153,132200
458c8070d75e60bf,73589,63673360,133722,67923,63688736,133722
458d586147412790,96631,86718376,138439,90955,86731257,138439
45acb73ed3b9925b,42508,32593684,137747,36830,32607672,137747
45b4e07f9a8233b9,27668,17753952,137961,21996,17771181,137961
45b70ac1a6e975fc,74951,65037315,130850,69272,65050083,130850
45bb5c65c78eda11,118747,108834780,138800,113067,108846402,138800
45c5c8e59d8ffc54,105172,95257822,137633,99486,95271613,137633
45c8832291b28746,39993,30076786,137478,34318,30092985,137478
45f9e0c63bc5b272,119372,109453431,130619,113707,109471187,130619
4610bfb0b6fe1b1e,12013,2071914,129258,6383,2115128,129258
4613c56c6cb72e85,81196,71305141,133518,75535,71314947,133518
461d70f4489c4300,113485,103514663,137241,107853,103584927,137241
463e528628eb1ae4,66702,56795263,145607,61019,56806497,145607
4653111827cf780d,14922,5013305,138177,9244,5027410,138177
4656187bc86592da,86038,76117916,140588,80356,76137922,140588
465856a4aaaa9776,35489,25577176,137752,29822,25598445,137752
4659a0d7f85c7972,35460,25553867,138809,29796,25570953,138809
4668ba9831237771,73828,63933283,133115,68142,63947844,133115
4672f1ce0d1ffc5d,42827,32896865,128569,37182,32926558,128569
467f5b15933485ec,74700,64815092,144204,69021,64825814,144204
468d59e5c43e282b,40934,30992344,128853,35289,31034380,128853
469a8707bc22f9f8,23353,13453888,140276,17695,13464459,140276
46a937771545d649,105477,95558216,139140,99798,95576617,139140
46d05edce9efab0b,62347,52417538,139778,56686,52447397,139778
46d86eb00a4f0237,100820,90934370,137203,95139,90944648,137203
46dae8380e6b03f7,114401,104493453,130439,108716,104502885,130439
46ec9b79354b359b,57766,47853962,138097,52085,47865302,138097
46fb787b89d1cd6e,15767,5875167,100821,,,
471b2ff83af24c13,106255,96337990,139222,100591,96355223,139222
473e95fb4ceb881c,96015,86140686,344382,90362,86170175,344422
473ff0c755eb6632,26728,16813243,136556,21054,16832474,136556
477778c7d3e99a8d,117502,107593386,130475,111829,107603098,130475
477c40dbea444f89,33997,24076806,138752,28317,24096856,138752
4791e0eba2ade865,57860,47953846,138035,52177,47964472,138035
47ac06a9fb74943d,61778,51857032,137420,56099,51878861,137420
47bbab96bf60c9ab,57606,47694107,138913,51927,47705867,138913
47d3211725467a2c,65254,55354100,138242,59564,55363506,138242
47df27ec82dc0d95,87833,77921175,138353,82154,77933540,138353
483502cabfcd0d4c,74265,64353578,134449,68583,64364404,134449
484eda79e34c4dfc,101038,91117961,138242,95358,91138192,138242
4862c117d7c227df,21948,12053464,137805,16259,12064045,137805
4892458823848481,109153,99238046,139300,103463,99252230,139300
48b0086e5b0f6afd,97381,87474813,140145,91693,87485007,140145
48b0ccf97634e1f7,80415,70514966,142027,74724,70525506,142027
48b8734e32b94589,71566,61653344,132940,65905,61666172,132940
48bb4fb0c9971a2e,21332,11405675,114907,15715,11430992,114907
48c9d3f1e06a3d80,62800,52914148,138256,57120,52924423,138256
48d12c286d057cae,112486,102574496,137261,106803,102586286,137261
48da984cc3a533ad,11137,1233273,136918,5454,1243588,136918
48fbebb80d91b385,60388,50457070,137414,54726,50488119,137414
4901b77db40e00b6,111841,101913986,58523,106255,101936116,58523
490329ccb3b68a10,111377,101458160,138153,105698,101478334,138153
4903de9ca57986e6,20328,10416784,138127,14648,10428593,138127
49155342b3e38d7f,28442,18536863,138695,22754,18548577,138695
491ced5377092070,21028,11096909,138055,15357,11127503,138055
4946a3092ab27260,25976,16057408,138769,20301,16078069,138769
4946dc9ab8b796e9,90118,80219397,139806,84440,80229903,139806
494726298d150288,33780,23893373,137252,28098,23903475,137252
495ac81eb64a9e51,29805,19913672,138597,24118,19923469,138597
4965cec84cbce2e4,112721,102836691,148779,107052,102847958,148779
496a322812403d1a,82449,72534399,138377,76762,72548719,138377
4989d6130b8a69d9,118026,108114487,136837,112344,108126214,136837
498e219bac82bed0,102297,92357378,136813,96644,92396766,136813
4998314c38ab54fe,103746,93834832,139658,98068,93846882,139658
49a704d1fce88838,100085,90153557,131439,94444,90184495,131439
49a9be0ce05f5349,13877,3956362,129158,8247,3981396,129158
49bcc06fcb454ebc,44742,34836042,134814,39051,34846006,134814
4a079e1f85f5d5d4,75428,65493259,132849,69774,65527323,132849
4a3bd3d9b01b69ce,74359,64453277,133007,68673,64463904,133007
4a55a7a17f20bd76,110509,100614579,137921,104819,100624285,137921
4a6d7f7cf1658cc0,80385,70478958,143482,74695,70489486,143482
4a7176e917a36df4,116416,106514819,138305,110725,106524576,138305
4a7764205980a3d9,112539,102634655,138181,106848,102645385,138181
4a8803306bfa34ea,52349,42414165,139977,46703,42449808,139977
4a8cdc30685afb21,79345,69414095,136194,73694,69444504,136194
4a9124121a8c2dd6,89677,79774388,137871,83979,79784445,137871
4a9cf6aeeb4237c2,107423,97514849,138755,101736,97524779,138755
4ac14f16bc883a20,32008,22093164,136080,26328,22107481,136080
4ae39598b7c8f454,25620,15697179,137035,19942,15723062,137035
4af2d92cec608f83,108492,98594608,138265,102806,98605055,138265
4af34920fac250a3,103971,94038924,133049,98332,94070498,133049
4af471650bc9f2b5,112974,103080601,139814,107302,103091140,139814
4af503ca9cf33e5d,32138,22216589,137719,26456,22238261,137719
4b5e9b37e3163be9,63641,53719989,137199,57962,53740980,137199
4b5f38171a678165,89462,79513482,132217,83777,79561800,132217
4b808663314cbfb7,20270,10353341,137017,14596,10370022,137017
4b80b89aa5d84e63,10055,111799,128444,4413,154318,128444
4b863ca665020d92,105079,95174925,139348,99396,95184795,139348
4b8c7fc0ae5d35ea,23758,13833758,129754,18078,13857506,129754
4b8e3e0a5f506f43,69803,59893110,131404,64127,59902954,131404
4b95e03117b2ddf3,87769,77854544,139587,82090,77868506,139587
4b9b75a366d3b361,56234,46313945,127688,50577,46333823,127688
4b9d1d5ea871cdc3,27488,17555285,139286,21835,17593173,139286
4bb26028d7572fae,18801,8893444,138413,13121,8904034,138413
4bdad37722d16b66,87290,77357551,137321,81627,77389498,137321
4bdfae2e6cf2ed1d,60506,50594026,138240,54831,50605842,138240
4bfa6dc9a9b7ebe1,117320,107393434,130253,111662,107419383,130253
4c0fa44c0a2e8c74,63115,53197260,137921,57430,53214168,137921
4c6f3c3fd4ace31d,42605,32693603,138007,36927,32705297,138007
4c70ad41cf09924e,104196,94253326,130962,98549,94296139,130962
4c93c4359e37d7ef,36476,26556942,138036,30776,26568937,138036
4c94d3f8aec3c543,110694,100774573,136936,105014,100793088,136936
4ca2f910f7dbde4e,17123,7216555,137967,11445,7229651,137967
4cb2562188c17884,38100,28193630,137731,32423,28209624,137731
4cf08fd0be3ce496,114494,104598149,131401,108806,104607943,131401
4d198dc12f9621d6,14640,4753544,137486,8959,4766388,137486
4d2c741dedf22458,97845,87935230,142653,92164,87945273,142653
4d38152c7fe6ba6a,46441,36512275,128262,40797,36540440,128262
4d3986cf19bcecd2,73797,63893426,133516,68111,63905065,133516
4d3a5abfc082deda,74422,64513447,133147,68734,64523995,133147
4d4869fb8083c688,70905,60991424,121205,65222,61003433,121205
4d5b4f87741826c9,73619,63696117,134473,67950,63718193,134473
4d7379bf0c89fecc,30833,20916636,136394,25155,20933402,136394
4d7c8cbabd1eb5d6,107267,97354818,138595,101586,97366523,138595
4d853189a9b527dd,40456,30536886,137162,34777,30556093,137162
4d8cef6786df0029,41640,31753948,138126,35959,31764285,138126
4d92c31197d34dcd,87259,77334366,138526,81600,77359631,138526
4da6922d9d6f103d,92548,82613388,132014,86895,82648272,132014
4db564c9d2faf438,35729,25813549,137576,30026,25826803,137576
4dc4a52a91ab60f9,68369,58454166,137344,62694,58468220,137344
4dc96cfeb95fad49,12561,2657246,139145,6878,2669399,139145
4dda93fb8d742155,16621,6697190,139722,10911,6707144,139722
4dfffc6955b858d2,104318,94375518,131123,98661,94417570,131123
4e084779f07171e9,17062,7157106,139344,11385,7167728,139344
4e0cd197eab664cc,89269,79292895,129760,83607,79368340,129760
4e2e87b303cff313,75816,65916181,133662,70131,65925959,133662
4e31414485583a1e,25798,15893815,129219,20109,15904604,129219
4e4f084e27b971b6,68146,58254035,137350,62460,58264757,137350
4e5f77e3bc21f116,56105,46192139,128128,50450,46205039,128128
4e6963d9b6bf93b7,62407,52477087,137004,56740,52506799,137004
4e6bc8cfc4f6c4fa,37207,27284916,137960,31572,27321028,137960
4e6c060356ea3d57,45993,36077107,137953,40311,36093215,137953
4e7822fabeea78ba,27395,17453658,128861,21748,17496850,128861
4e970b072fcde27d,30463,20556403,136579,24773,20566638,136579
4ebcdd781e83cc09,18220,8296815,138473,12550,8319064,138473
4eca843ccfb49bc8,59447,49553971,138540,53759,49564101,138540
4edfa442124a1dc9,76660,66773300,132008,70978,66782753,132008
4eef9514c22d913e,101384,91479274,139049,95695,91489853,139049
4ef623c64d18dc14,114736,104818388,138341,109057,104835928,138341
4f0ab02301380053,56360,46453977,138425,50697,46465027,138425
4f144125a44d4794,21696,11752784,129071,16041,11795654,129071
4f465cc1c7eceb2b,73887,63993701,135228,68204,64006407,135228
4f46ac778e590258,48740,38816918,137284,43067,38839336,137284
4f8abc33d37d0fad,78309,68393117,130587,72622,68408826,130587
4f92d23b00a260fd,90655,80715407,130573,84990,80755178,130573
500515439e92ec11,58306,48373937,137603,52657,48406235,137603
501f5fece224ee2e,33148,23193853,129144,27505,23246789,129144
502338c1d93365b5,56265,46354186,139848,50607,46365353,139848
502cc09cf562a19b,91725,81834582,138972,86042,81844985,138972
503a853c5175c5ae,72116,62195874,133120,66432,62215748,133120
503fa830d8489771,30308,20396996,138347,24624,20407955,138347
5040c78f617d22f5,26608,16713566,137854,20927,16725887,137854
504f765360973757,102564,92654653,139146,96884,92665611,139146
505d5dc05dec667b,55486,45574062,138884,49804,45585916,138884
5070cbd197eef39b,95391,85478037,138566,89706,85490605,138566
507d17972a448bb0,64096,54154442,139190,58450,54195651,139190
50853f4ae6bff47a,104348,94413791,131504,98689,94447703,131504
50af352ae12ce2bc,16074,6153550,138555,10441,6184389,138555
50bc2af70b4933fe,111256,101357714,137141,105573,101368456,137141
50c62a911eff3403,100308,90373282,131345,94658,90407095,131345
50d43afebd230f45,112812,102897967,153328,107142,102912185,153328
510dacecd8d87071,107298,97378062,137864,101617,97398896,137864
5120eb544dba5b5e,105046,95134825,137975,99364,95145980,137975
5134247df551a12b,66240,56285960,118184,60610,56338507,118184
513719b3b06b687e,30020,20099598,155866,24340,20121120,155866
515525f3f5c6aa9e,27048,17180017,341420,21400,17211715,341460
5179055eb0328ac5,56950,47045267,138875,51270,47055522,138875
5191ff138c13a638,104037,94093344,131191,98397,94136918,131191
5193f296663b2ca4,85846,75937406,156418,80167,75949507,156418
5198427e88dd5d2e,48307,38364451,128459,42662,38405377,128459
51ae829321708d39,86224,76317964,139316,80535,76328189,139316
51bb67a4eea24ca3,33275,23333802,137925,27627,23376004,137925
51cd8a48d0401602,25179,15256201,113190,19512,15279469,113190
51e733abbf3bd620,53074,43160382,156341,47396,43175094,156341
51e83c3d606a01e8,48769,38853630,136982,43094,38869382,136982
523048b573d65b44,85049,75113135,131310,79405,75148215,131310
523e1e6111dd99dd,83071,73153049,130432,77414,73169952,130432
525d33d9ecd80f2c,49756,39856822,137220,44072,39866671,137220
5269ec15070bcb88,34313,24413692,138303,28625,24423987,138303
528356369e14ec9a,17400,7493605,138439,11699,7503558,138439
52a5057adf79cebd,110393,100477804,137613,104716,100492530,137613
52be14443a07e99b,10152,211794,128522,4507,250474,128522
52c3ee494aa91190,116721,106814695,137709,111041,106824813,137709
52c706741dcf4c5d,59323,49417284,137965,53637,49426921,137965
52e6af1f77c8e6ce,66786,56894590,140224,61100,56905401,140224
52f151d6dfcfb07d,55014,45116880,155321,49322,45127618,155321
530b726d0263b575,90916,81014566,139264,85225,81024767,139264
530e66a6d0c1fb7c,82417,72497816,139344,76731,72517146,139344
531d0cdd31a542e4,110596,100678403,139697,104917,100696132,139697
534c63c186047fa7,92754,82839251,138073,87078,82856442,138073
5367d482fa34ef45,40554,30633802,137215,34875,30653076,137215
5395b428426de792,106201,96314492,137889,100538,96325483,137889
53b1377f1d887adc,62131,52194147,138356,56486,52231539,138356
53b63acc9d632706,80167,70255361,144067,74484,70267146,144067
53b69f2da80d8c7c,113272,103297972,114656,107663,103373887,114656
53eb1e694763e169,55517,45597398,138367,49834,45616927,138367
53ece11f40b44ee1,104919,95000042,136590,99239,95019187,136590
53f95d097fc360ec,22946,13033540,138041,17267,13045685,138041
5411f578c52edf83,107846,97926663,131008,102206,97945882,131008
5465e37facc98404,91909,81994496,138437,86230,82008711,138437
54710537f1db208a,38038,28133880,138313,32361,28146657,138313
5474287520b36082,85508,75597582,139358,79828,75608285,139358
54868a226d2eb96b,45800,35893547,136834,40120,35903777,136834
5488e8cad89d0353,71131,61259679,341481,65476,61284394,341521
5491a721b9f2d2f3,23074,13157134,138013,17393,13173253,138013
54bd6a295cc23b17,62163,52217280,137095,56516,52262588,137095
54cc2a516015d090,117773,107877997,138312,112093,107888951,138312
54d8dd8d16b136eb,38440,28553722,138254,32761,28568066,138254
54ddf35a015ebb26,15882,5952040,129346,10257,5998307,129346
54eb75ac7e14bc8c,47766,37873766,137135,42083,37884008,137135
552034e809d55b2f,56297,46394207,137916,50638,46404446,137916
5527e277745143f7,85420,75497584,138316,79749,75519476,138316
5539cbcfddf069a8,55976,46098407,331889,50316,46124215,331929
5555e7e1501ec7fe,11445,1553194,137183,5762,1563141,137183
557e38c254f1de9a,31057,21137477,129004,25416,21156755,129004
558e2555b681780f,57541,47633986,137033,51863,47643969,137033
558f158055a7e944,107392,97477983,138441,101707,97491951,138441
5596695d9b8e1b2b,25829,15932138,129684,20137,15944268,129684
559ade8310b865ba,115381,105435451,130280,109733,105479648,130280
55abdcb0ac8f51f7,28320,18411862,128607,22637,18425031,128607
55e223035cca6e10,13750,3836327,155223,8074,3852332,155223
55fcf1602c1bef9e,41125,31193594,137233,35472,31225797,137233
563a90c3038e3eaf,32360,22453280,136201,26669,22463255,136201
564734e0879b0163,81256,71355511,132771,75593,71364941,132771
5659acad94328adf,85567,75674661,139902,79881,75684887,139902
566ac0a00d3a20c2,119952,110034955,138893,114272,110051870,138893
56831f1437952c4a,48559,38633994,137965,42904,38659551,137965
569e1704f15cd116,22322,12413288,137374,16641,12423171,137374
56afb0adff5a7541,80477,70577653,145000,74791,70588264,145000
56bc345aeb13f6d1,104552,94655218,141004,98869,94666311,141004
56c4e167bb8d7420,37238,27313539,137277,31601,27349985,137277
56c80ffcd3ae5ee0,85717,75805932,138690,80038,75816601,138690
56d4be1ce7db3ae1,17530,7613407,138185,11854,7633253,138185
56e9d05ac9789828,43082,33153734,137719,37429,33181953,137719
5702eda63aa0444d,60780,50894168,138224,55100,50904740,138224
5703f026a225d313,53640,43753911,137601,47959,43764659,137601
5747439734277b10,64599,54697411,137414,58907,54707469,137414
576a95b5581514bb,14825,4913048,136356,9148,4928999,136356
5783fdf938dedc50,25530,15595525,127249,19856,15631633,127249
57a8c007f0929239,14285,4353225,136738,8632,4389106,136738
57e062552eab8ac7,33486,23556864,138119,27819,23586017,138119
57e3384e4f92b6f4,21610,11654308,129399,15968,11709492,129399
57e87630e4caa621,118911,109018626,99286,113263,109039209,99286
57f4b82b18f69f7c,97781,87855837,132249,92100,87880162,132249
58210d00d4282271,115587,105675163,139765,109916,105687098,139765
5854214211ba5d73,105672,95754759,137443,99992,95771344,137443
5859d1441d30193a,105326,95434661,138403,99640,95445073,138403
587a9f744180359d,15849,5918975,129867,10224,5997273,129867
5882be60bed0a0ab,27549,17632446,130057,21890,17651849,130057
58886839f6643824,30898,20993376,135968,25219,21004010,135968
589705d6f299e96d,79123,69175702,128872,73481,69221803,128872
589a855b54efeecf,42141,32233841,138243,36455,32245117,138243
58a8664d6574a634,19808,9872308,130589,14165,9907064,130589
58b0a11cacbbe8aa,33337,23397501,139600,27685,23437003,139600
58b8d8ed5813177f,82757,72857892,138971,77073,72867699,138971
58bd1c0c5086f710,46719,36797534,139066,41056,36819469,139066
58bf9bebcdd767f9,63738,53816863,136710,58058,53837073,136710
58f4bdadd3ba8d93,64716,54797734,138965,59038,54817063,138965
5908fe23461e6ae8,62762,52873975,137400,57082,52883970,137400
59187fabb5042c33,28594,18696619,137569,22913,18708549,137569
592bb9ac85dfeacf,110480,100577561,136171,104792,100587332,136171
59441f7d24b9773b,67493,57510161,97464,61887,57590327,97464
59660e618b62dc73,44683,34775835,140148,38996,34785824,140148
59819e99d1b06c6b,80823,70914339,137866,75143,70924932,137866
5994f5d3188b3d92,66537,56595850,148508,60877,56637545,148508
59992643dfcd753e,108737,98817861,136722,103058,98836782,136722
59b20659fb488ce5,90149,80278262,343467,84497,80306002,343507
59baccbd4f1e48c9,78800,68893914,134624,73122,68905104,134624
59da48676ca26b70,77862,67972872,130339,72183,67982894,130339
59ee1e5d7e5544f3,38132,28217083,138536,32453,28240406,138536
59f3ab1d86cb7249,68777,58872589,129152,63088,58882001,129152
59fd109fa24b1778,46088,36176935,137681,40404,36188888,137681
5a03ac9cc531f96d,35609,25713791,138360,29927,25725884,138360
5a0e9ec79914bfff,17657,7753547,137570,11981,7763565,137570
5a3e07727da10596,108899,98978128,138709,103218,98999626,138709
5a440aaf56031bf2,61374,51473933,137931,55683,51483332,137931
5a525ea2a338df98,85269,75335177,131018,79614,75368229,131018
5a6bf49c9d691e50,27519,17592061,128709,21863,17623017,128709
5a822ed1c5de1414,17335,7416887,138547,11631,7427176,138547
5a939b15266bbd05,28130,18213381,137180,22452,18231078,137180
5a9ea8888594f70a,40618,30699761,135998,34939,30718020,135998
5ab7aae114f0daa4,58084,48152284,128209,52443,48182446,128209
5abc2c54ac3dacc2,93962,84054492,138529,88282,84064709,138529
5ae483ae32e901d8,118436,108534613,137178,112747,108544518,137178
5afcccfad56403be,74201,64294969,143071,68519,64306010,143071
5b0e778106cfa618,11916,1995986,127952,6288,2018077,127952
5b1804c3b8960846,27138,17215701,112784,21498,17238130,112784
5b43e16d8e92607d,114179,104258018,137777,108499,104282194,137777
5b44dd294d0e8090,88214,78314630,139305,82522,78325193,139305
5b536ab02b134e17,22978,13056862,138238,17299,13077318,138238
5b78d3685cd08f4f,97505,87597163,132661,91811,87607083,132661
5b7c59b6ab7266dd,81073,71173370,132824,75415,71183052,132824
5bad866c958e2b29,45150,35233675,136558,39470,35249395,136558
5bbb6341be89ba64,54892,44977170,138120,49193,44991306,138120
5bcaf7d73a4822b7,18896,8993601,137992,13214,9004141,137992
5bde4ff5bce45e82,29135,19204408,129631,23498,19236040,129631
5c02d191d24710c1,25404,15472329,130262,19735,15506240,130262
5c0cd4f34c735047,53235,43317232,138217,47555,43334396,138217
5c33a2e6ca5fffc2,86626,76714466,139580,80947,76725737,139580
5c384f44eb83f4ed,24478,14556727,138544,18799,14581372,138544
5c67bd877f644277,97443,87535131,140930,91752,87545237,140930
5c6d59433b6effe1,60203,50274034,137707,54554,50302661,137707
5c794eb979e24e06,71869,61971215,120755,66180,61980644,120755
5c90fd239fe049bc,15172,5273566,139188,9486,5287756,139188
5caf4149197ca84f,32234,22317008,138142,26549,22334276,138142
5cd4361e58713199,15605,5693314,137555,9931,5709039,137555
5cda15660f1de020,66592,56655756,132917,60924,56691173,132917
5cde95d76596baa7,14547,4653356,138825,8861,4666253,138825
5d236f6bac61178b,51245,41333889,138732,45563,41344916,138732
5d2ad4d6f8ebf0a6,35308,25393639,136654,29662,25420633,136654
5d4281f75f0409fb,80596,70678537,140977,74917,70696508,140977
5d4ba16f2219327f,84699,74794303,138958,79017,74804360,138958
5d6395b98a7a556b,66175,56245847,118833,60548,56274691,118833
5d7665f4c1093565,69310,59379291,131609,63666,59409490,131609
5d84e595f804284a,82604,72695116,130658,76910,72705351,130658
5da25aab58b61ea8,21864,11953442,137157,16182,11964418,137157
5dc345e26963ff43,96841,86954379,138203,91161,86965908,138203
5dd98b634b29c6c9,93617,83718137,139254,87932,83727999,139254
5ddb7d9103318838,105830,95937018,100014,100177,95955725,100014
5deaaa6d8a502374,68090,58194126,138602,62400,58205149,138602
5df50137c74e7bc4,46629,36697038,138191,40974,36729751,138191
5df656087029ddca,87379,77458325,140748,81707,77479243,140748
5e038441a083bc2f,117162,107233446,131187,111512,107261081,131187
5e05df5aa8b8806b,98855,88937365,141267,93174,88955703,141267
5e13569eb0506187,73679,63773612,133513,68005,63783819,133513
5e1a28993100a30d,93494,83594558,138703,87806,83605333,138703
5e296f9bb9bcc27c,56453,46553928,137869,50785,46564000,137869
5e2da889e3fa1906,92265,82319866,132525,86625,82364168,132525
5e36d1fef0d8f86b,63934,54003342,128923,58292,54033440,128923
5e5a574ae034533a,82162,72238020,139321,76481,72261566,139321
5e5f201cc46f0bc3,49290,39373525,135997,43609,39389205,135997
5e62f66e1e57cf00,56917,47014019,138252,51238,47023830,138252
5e67416c84684a1e,57172,47274030,137513,51486,47284209,137513
5e87f1f91490df90,78962,69098787,336018,73316,69124349,336058
5e9a72155c099c81,94976,85058465,139719,89298,85075296,139719
5ea2351fd8460c40,35055,25132376,129469,29423,25166201,129469
5ea7bd429ad11595,38593,28676837,137135,32921,28697233,137135
5eca66838cefe70f,82040,72154616,138673,76361,72164753,138673
5ed189d8b27db0da,52412,42473638,136626,46763,42511723,136626
5ee1391b908e8671,81791,71894976,140742,76101,71906476,140742
5efcdb457a0e27f0,100490,90574525,138178,94823,90589835,138178
5f0383e6a6263f17,37910,27993751,138132,32234,28014799,138132
5f13a3d6c68f95cb,27727,17816995,137249,22048,17829680,137249
5f1afcf24d7ba1e9,37845,27936941,157214,32170,27954196,157214
5f2c877b1a773324,52858,42957012,137759,47166,42967125,137759
5f4fa357a02d7040,32825,22913477,137335,27146,22925813,137335
5f69bfe3cd15aedb,108257,98334758,138685,102597,98356989,138685
5fa53ca8547deeeb,11384,1493340,136637,5699,1504036,136637
5fc4a55011d4c3fe,69534,59594554,141026,63883,59633434,141026
5fce014f47f711ed,58181,48235819,138222,52538,48280676,138222
5fd22082d48c7517,105388,95494904,139261,99704,95504419,139261
5fe2ee2369bc3cad,78898,68976341,134467,73218,68998189,134467
5fe37b0dcb1dfd39,37269,27336850,138170,31628,27381264,138170
602c62e26798a529,103281,93377434,154714,97597,93388170,154714
604119fba3de7e35,37329,27413597,138078,31682,27441324,138078
6062825611572acc,104258,94315774,132085,98607,94357553,132085
6071bba5cc49b187,114243,104334825,138760,108562,104349093,138760
608721c8e1f61966,55140,45254128,138781,49459,45264485,138781
6088a31315232ffa,60566,50657830,138721,54884,50667581,138721
6088a3857a7a41cd,67130,57213215,143041,61456,57229827,143041
609910d6110b538b,38377,28476875,137447,32697,28488668,137447
60af3bea0da06b67,50390,40453648,137291,44744,40489976,137291
60c64fc72ae56138,36797,26893647,137117,31126,26906000,137117
60d21358f9580be2,40585,30676720,155785,34906,30688697,155785
60f8e92afd8408bf,97877,87958798,139602,92196,87977063,139602
6109825b380e9c50,119341,109413544,130787,113679,109441121,130787
612c1def97f0a86e,85910,75994512,139147,80231,76010556,139147
614cd6f35ae81406,42860,32923384,128726,37215,32959475,128726
616bffffd84ad0db,21668,11722495,127988,16017,11766935,127988
617bac18022b5592,46780,36857146,138184,41109,36880189,138184
61a129dd86ddf416,58275,48337193,138594,52628,48374663,138594
61a52e08f6a9e09a,59693,49774259,137254,54014,49792916,137254
61bd255c57891749,51685,41793673,137218,45999,41803858,137218
61ee4d94ba897721,39317,29397086,138346,33668,29429841,138346
61f8d260c9ec0e6f,62377,52453942,137005,56713,52477321,137005
61fbe062d6ff131d,80918,71038973,336949,75256,71063669,336989
621457855bf25e1a,93114,83201644,159398,87435,83215570,159398
6222ade39fc0abfd,28065,18153487,137825,22389,18167889,137825
6229e15544171387,26578,16676550,137083,20897,16688515,137083
622a17681b09fda6,118497,108598019,138194,112812,108607763,138194
624b5b17347448ee,68271,58360251,174296,62597,58373533,174296
624c4d959c241171,23262,13351819,128099,17605,13361294,128099
62506b6644687b68,30555,20657170,138588,24872,20667766,138588
625175c905225dcf,33212,23273732,137147,27567,23310927,137147
626b00b2eab1bffe,19690,9800978,121675,14048,9815425,121675
626e4b2c3b68d882,108195,98257710,138354,102542,98295453,138354
6294ad0e4faebcd3,75520,65593403,133751,69859,65619491,133751
62bd00674b50cefc,61811,51894335,137855,56131,51910714,137855
62db4e5b8751088b,104407,94478148,137244,98741,94507339,137244
62e2f8ddbfff4302,110334,100414766,138628,104664,100433929,138628
62f1f252a8ce0f33,105575,95654615,137060,99896,95674201,137060
6305b090900b077b,77744,67835609,132331,72056,67847301,132331
63155858319eeb4c,109581,99674846,138666,103901,99685641,138666
631aff39fbf4d64d,55228,45314001,138698,49549,45327718,138698
634bcb81ef070082,93769,83854481,139381,88090,83872456,139381
635b49d762478d23,68987,59073919,137193,63306,59086912,137193
635c178e24071226,36869,26976631,100478,,,
636105f4beb5a891,87645,77754781,140086,81966,77769194,140086
63889157734503be,65376,55477270,138376,59692,55486920,138376
63e25531e8faae6e,51181,41273870,137540,45499,41284050,137540
63e5793a149d281d,119550,109638131,138359,113868,109649379,138359
6417f2a174d01348,94655,84733448,132131,88988,84754797,132131
641db585f36066ba,89117,79145240,116036,83469,79216395,116036
641e296f07cff2d6,115761,105857736,138081,110070,105868591,138081
642b37c294fe13b0,15356,5456671,137786,9676,5468140,137786
643225112dee6b67,118281,108375005,139606,112590,108385165,139606
64445792fe1ee5d0,12046,2111846,127911,6415,2146475,127911
6458af068007065b,15638,5716484,137324,9963,5740636,137324
645fcd577e171376,103778,93858432,139351,98099,93878226,139351
64699e6b58903480,88614,78697960,139801,82935,78714265,139801
64714acca6c61225,101629,91714723,139021,95949,91728588,139021
647fc97330f5a244,27846,17953841,139188,22161,17967052,139188
6485907fa5ace4eb,16319,6413393,138305,10659,6425011,138305
6485c11f78bbce6b,56484,46577224,138124,50813,46587309,138124
649011af7ffdd8de,83948,74033817,131796,78263,74047141,131796
6497e5b28171ed56,100875,90957814,138973,95196,90975261,138973
64a3f3633d7d87a3,109873,99933442,131803,104240,99971925,131803
64b9140070782d7e,23693,13783510,130903,18019,13793019,130903
64dadf7e1f256132,35640,25753923,138757,29962,25768544,138757
64df665db37955de,74887,64973158,132250,69209,64986018,132250
64e1c48e5ec86b8b,61282,51374317,138626,55595,51384180,138626
64f3a3b25a9d5bce,29900,20013840,138600,24219,20023557,138600
6506c1c8472ab3f4,17246,7353771,139125,11563,7363923,139125
6523a9a4f6700419,29659,19754072,139333,23984,19770808,139333
65309e4dfeac224e,60075,50132400,128404,54431,50175132,128404
656494d98278a85f,81440,71533521,132606,75768,71543817,132606
656daa56b6bbb199,69051,59134248,138858,63371,59151896,138858
656dd7b722a58bfd,108165,98234357,136726,102514,98265426,136726
659b03a0a10a2b2f,118617,108698260,137469,112938,108716614,137469
659d834d3ed2117f,87136,77195307,131524,81486,77235585,131524
65b63937915a4b02,85450,75535308,139550,79775,75549251,139550
65c168f506086d28,102267,92334296,136997,96616,92366914,136997
65da61acdfbbbb39,75489,65556059,134086,69831,65588752,134086
65e20e0e02caa4f9,14402,4493653,138183,8734,4507851,138183
660052016bc49857,22542,12636870,138233,16856,12646330,138233
661decd82e0a1783,117000,107081291,131222,111352,107099220,131222
662b690aca338594,107700,97814675,139217,102020,97824864,139217
6646fcf5cbc2c043,107637,97738106,138570,101954,97747835,138570
66535f1ac7ceec5d,27427,17494154,141292,21778,17530579,141292
665c0ba5c88a9fe8,89435,79475583,131939,83753,79534643,131939
6674c09fad082e3c,18159,8233260,136531,12495,8258783,136531
667599bb026a8ba0,72306,62395162,143934,66620,62405862,143934
6683a32e0476d85e,18959,9053411,137698,13275,9063636,137698
66965ab3d1e5d7d1,19175,9284881,139059,13491,9295253,139059
66a24d1c2f9ffe74,97597,87697222,140930,91911,87707456,140930
66a5a711ed18f8bd,68529,58612759,129907,62851,58628215,129907
66b8f53c83c853f5,82542,72633086,131423,76851,72642461,131423
66c06efc0f6f9347,82573,72673075,131379,76881,72682690,131379
66c46a4912e1d66a,22386,12473722,138494,16704,12485058,138494
66ce56232fce698b,46927,37033927,138596,41241,37045088,138596
66ce847e6e781cb8,14890,4973445,138842,9213,4991724,138842
66d7b789ed00a040,17778,7858300,129570,12128,7878111,129570
66dfc445f673234d,24103,14196783,138376,18411,14206795,138376
66e5ae8f87a09186,44563,34651923,127553,38883,34662347,127553
66ed80a965bec0a3,82481,72574633,140261,76792,72585121,140261
66f99a43585ac353,36234,26333637,137439,30551,26345326,137439
670c1feb1b5959b7,89210,79214914,130742,83555,79309239,130742
67411a434499c810,17279,7393439,137953,11599,7403694,137953
675943745be7f429,118875,109002109,353066,113223,109031186,353106
67b4dd3271315749,58019,48098505,129732,52379,48118574,129732
67dd89c531f9b206,15325,5433409,137900,9645,5447434,137900
6802893d871482de,40745,30878741,334421,35096,30904575,334461
682fdb7b819b5fd8,69774,59852921,130990,64102,59874165,130990
68378e6af7627d82,112385,102438109,137602,106722,102485546,137602
684246953ebf5f6b,33900,23993693,137585,28221,24004320,137585
6873f81613673818,68180,58297121,155844,62503,58308780,155844
687b7913779d4c24,13556,3637177,137839,7882,3659103,137839
688e00b1ba1598f6,28381,18473348,136262,22696,18484996,136262
6897d5356c09c283,73210,63276691,121170,67561,63309094,121170
68a0bc8de78e399b,72802,62893691,134522,67125,62904000,134522
68d3fd7da59c9f14,20182,10253806,137591,14517,10282317,137591
68d867c709368b7f,73339,63413223,133021,67688,63438638,133021
68dc274273b3f36e,39134,29196879,137275,33504,29247626,137275
68e2e610dca660c3,17562,7652979,135947,11886,7664944,135947
68e5b4c45f1ee40e,29687,19777291,137179,24009,19787366,137179
68e6c86bf635b174,27639,17717506,138367,21970,17742707,138367
68ecff90788f74da,85479,75574071,137273,79802,75584749,137273
68ee49f03bc37bb4,59661,49737216,137848,53982,49760963,137848
68f7affabfb69251,109275,99374817,139035,103580,99384465,139035
690ec608c4132672,40026,30113509,136696,34350,30125447,136696
690f81cde1cd9bf4,13188,3277033,139265,7504,3289653,139265
691274811e468289,35858,25937086,138936,30179,25959349,138936
692db1df8d168696,94415,84473435,132378,88774,84514580,132378
6937f7672ac21654,102328,92394877,138667,96672,92428773,138667
69606855d2e90b96,27268,17331865,127999,21626,17370556,127999
6970ac4625c23062,33428,23493531,136960,27767,23527488,136960
697aee545a887343,34713,24796919,137395,29034,24812694,137395
6987a983a17a3a87,10398,473490,138718,4735,497949,138718
698f50a0d80b92dd,52155,42235618,127903,46513,42254678,127903
69c54eccff200664,69656,59715139,131120,63996,59755557,131120
69ca1097ceb73b37,59628,49713897,138332,53949,49727743,138332
69d54ce1104e23f9,93587,83694640,139516,87900,83705077,139516
69e5a2ecf21f26b2,13374,3473384,138185,7689,3485719,138185
69ed0f0be1db3594,56074,46159094,128641,50419,46172814,128641
6a15b036cbbb649c,93275,83355647,132640,87594,83374520,132640
6a1b55da95166f16,89567,79654693,139335,83872,79667330,139335
6a1c4d5f724c6c30,83660,73736879,138653,77979,73760550,138653
6a2c62e9c34313da,46151,36253847,137697,40465,36264441,137697
6a341622911f9e29,70163,60237987,132986,64486,60262107,132986
6a356907bad1994a,101726,91814207,137156,96047,91826335,137156
6a7cc80400f45466,50546,40613968,137778,44890,40646046,137778
6a8857fa85ae37ad,115287,105335695,131368,109647,105386341,131368
6a8caec1320c4944,105014,95098294,139428,99333,95114071,139428
6a93ca74eb01c810,56575,46677102,136938,50897,46688065,136938
6aa334f97644bb83,77357,67416171,133521,71705,67456519,133521
6aa8d6726bd557fc,63803,53939941,338141,58157,53964897,338181
6ad410c59e274cc7,78277,68356966,142283,72591,68377556,142283
6ad6db433e7db36c,18280,8373450,137161,12605,8383197,137161
6ade53446da4783a,54324,44433619,136612,48663,44443882,136612
6af34b821fb52e1e,66646,56717841,130637,60970,56745212,130637
6b00f8118e407712,77539,67613376,133026,71872,67638263,133026
6b1cff7e93dae43e,57922,48059807,337408,52278,48086361,337448
6b20e549de5da1a4,108995,99077820,136903,103312,99095786,136903
6b3e31dbff7ed379,53485,43577056,137151,47796,43587985,137151
6b400ae36aa67a8a,12356,2433211,137649,6700,2458216,137649
6b6fbe847e61efa4,71280,61350904,119334,65630,61378879,119334
6b73fa96247ef3c0,18928,9016900,137490,13245,9027895,137490
6b748b8fedc64146,43933,34033631,137304,38239,34043927,137304
6b87d8c2e79764e5,111409,101494787,138435,105730,101512489,138435
6ba192004ba433d6,21235,11350778,343678,15619,11377374,343718
6bbdffe360dc986f,24700,14792263,130395,19016,14806258,130395
6bdf1daec92065f0,41696,31777153,137096,36017,31795507,137096
6bf863d3ae1365bf,70970,61055827,132797,65287,61069131,132797
6c0993a719f3564d,61970,52039169,128599,56328,52068996,128599
6c30045e4aa58b5e,98380,88454678,139457,92724,88479822,139457
6c3cd05abacafc6a,90503,80555250,130264,84849,80602424,130264
6c411c613d91b049,61251,51337557,139064,55565,51349991,139064
6c591bf931b31cbe,110451,100554587,137988,104767,100565499,137988
6c5b69244ff4a3c8,77803,67912878,130910,72120,67926307,130910
6c676223768fad1c,119670,109774658,137703,113979,109784318,137703
6ca4d0e9ad8f98aa,22290,12376424,155695,16609,12390300,155695
6cecbe4b26c871e5,44151,34259178,120261,38483,34272224,120261
6d028c994f035e5c,53922,44013845,137737,48242,44024245,137737
6d15c4e5958eeb6c,107171,97254551,138362,101492,97270566,138362
6d201d24c8f3a5fb,23725,13811812,128988,18048,13824806,128988
6d3a7c0e576ddefc,52253,42312332,129332,46610,42351833,129332
6d4ea883be2a0109,112033,102018729,121446,106436,102131857,121446
6d65825c1d2d1a60,81634,71718557,138946,75946,71734456,138946
6d827627ca55ab07,43513,33572207,128656,37822,33612196,128656
6dadadf2b359205a,42702,32836528,328397,37053,32861253,328437
6db8fd137e545ebf,71900,62011675,122597,66216,62020612,122597
6dd0060527cb368e,105766,95854704,139130,100085,95866807,139130
6dddfafcd3bbe9e1,94508,84573404,132531,88858,84607120,132531
6de4d8f85c906f8e,97474,87574780,139688,91782,87585134,139688
6deb4c3d0e590858,70574,60673835,136767,64888,60684181,136767
6dee5a6cc9a52066,31219,21273970,129147,25575,21317657,129147
6e0dde3dbcbbb712,100607,90698256,139158,94927,90708295,139158
6e15da7ff0db630e,81760,71854699,140349,76063,71865278,140349
6e1f0415b778d4a2,62856,52940432,155341,57176,52957147,155341
6e40933f6836fc38,33602,23693462,137339,27922,23703312,137339
6e5a7e024981647a,64000,54052620,128616,58357,54098651,128616
6e738fcd78045c1f,113005,103175540,365503,107396,103204512,365543
6e82be2b20935381,25211,15278150,129772,19544,15312212,129772
6ea9867c3bbf8bba,91418,81495654,131710,85736,81517231,131710
6ebb3b42238a6630,84984,75053183,131662,79342,75083967,131662
6ebe1945635da389,29421,19493747,137722,23772,19524774,137722
6edf35592d12d31a,42017,32096754,137586,36335,32117404,137586
6ee44df0e7fa7041,70356,60436797,135994,64677,60456137,135994
6f080888dccfe856,80791,70874518,139543,75111,70890615,139543
6f1b96657f483edc,35891,25976571,154734,30211,25991159,154734
6f2f99969f9b1b9c,24011,14093972,129527,18313,14111181,129527
6f4fee202a99be7b,74039,64116007,134207,68360,64139219,134207
6f59c1e9399901ba,115471,105533832,131308,109814,105570546,131308
6f6835d36487e195,97535,87633592,132875,91840,87643058,132875
6f6b980fb949fc84,28257,18333568,128408,22577,18359005,128408
6f7bdf2bc969227d,69375,59434477,140599,63729,59474350,140599
6f80d2786ccaa71c,52920,43034243,139198,47240,43045683,139198
6f968952b8936a08,64781,54857765,138643,59103,54881221,138643
6fda32e74a4a6cf7,11292,1393298,138076,5604,1403589,138076
700bae4a84ccfa52,71598,61675659,132254,65934,61697050,132254
7010bcb06495b1ed,52285,42333999,128328,46642,42385248,128328
70196ba9ba9a52ab,41395,31477057,137932,35717,31495494,137932
701e621cd734769c,53009,43093877,138132,47332,43109711,138132
7034d8ab01d02653,84475,74557821,139092,78796,74574283,139092
7035c23cb39581b4,93556,83654899,140331,87865,83665080,140331
703ac2d773f7241e,77900,68014931,141023,72221,68025523,141023
70407ec983ede50e,26922,17013477,137188,21246,17027520,137188
706d2c9f3625252e,112434,102497770,136764,106761,102537313,136764
707981fbb9d593fb,56853,46937229,136853,51174,46953240,136853
708dfd57712c797e,41063,31134012,138565,35413,31162945,138565
708efb3e811548ab,73435,63513572,133679,67779,63535402,133679
70a997d215ac893b,57735,47817156,137943,52054,47835142,137943
70ab45c30c527fd3,14696,4785505,138106,9019,4797989,138106
70b64c1f7c6cc225,100182,90235487,131448,94539,90281703,131448
7129aa9eb0e1568c,36828,26959931,340121,,,
71431593c237d24a,84951,75021771,131843,79310,75051138,131843
7143f18376540976,17626,7713588,138128,11950,7730045,138128
71466587aade5a47,108286,98358176,138731,102623,98385880,138731
714cbaa40faa2c84,106076,96177856,142292,100419,96188224,142292
716e9e7506e0dc74,100520,90597826,138131,94850,90620167,138131
718500aa187decbf,91573,81674651,139390,85885,81684882,139390
71a68000c839b777,86754,76838160,140766,81074,76854159,140766
71bc562d9cc6406e,111011,101097724,136786,105326,101110777,136786
71d0de0c380ff631,10214,284533,137155,4567,313980,137155
71e1c0ad89ba0597,104164,94215297,130215,98519,94263936,130215
720d22b8611451a2,102506,92594493,138181,96832,92606838,138181
720fe68def97deb9,19485,9573487,138333,13806,9584622,138333
7211b655ddcdb5c4,88460,78574545,139086,82779,78584655,139086
721565d273882c7f,14489,4576810,139454,8810,4591128,139454
7219e04bc8fac538,105892,95981551,131361,100238,95991729,131361
72344f473f1aea59,104287,94353306,130980,98634,94386914,130980
724538322701dccc,11594,1676326,136548,5915,1694236,136548
726412c3170136b1,62287,52353878,137547,56631,52386842,137547
7270cd322f368ffb,10880,959347,154390,5200,981504,154390
7273785a77be7a6b,47398,37476767,136107,41715,37497326,136107
72816d1f9e11985c,91259,81339872,132129,85579,81358783,132129
7288622355b429fe,68685,58772498,128727,63001,58784145,128727
72b30099b2c9f38b,16290,6374140,138398,10633,6395582,138398
72df4e1a0f449d0c,39832,29919849,135572,34160,29932181,135572
730fe10f333b8847,76060,66159439,167818,70379,66171552,167818
7317c70a1e6f0726,35022,25091937,128177,29390,25135178,128177
73222013b7e01f0f,86132,76218172,139256,80447,76231998,139256
732997fc4fd5b25d,69861,59952918,131207,64180,59962588,131207
732d77c9d8189111,55642,45733946,138365,49955,45744130,138365
734936c1859879a8,13062,3153143,137027,7382,3169465,137027
73639896bf06788e,48798,38893964,137778,43120,38903993,137778
736742ea63e2944b,82665,72774425,137608,76980,72784668,137608
73a0928b7acae3be,22096,12176704,137200,16417,12195342,137200
73c8dda215380bb6,33515,23593817,138824,27845,23614479,138824
73e48c1f593e5ca3,88646,78735542,139092,82967,78746185,139092
7485b92d2377a44c,109428,99536341,138644,103744,99546554,138644
74bb307068fafd2b,13782,3917836,337057,8143,3955662,337097
74bbc18db1d857d6,107009,97094767,139217,101331,97108817,139217
74c5ebddaa494e11,100637,90734340,137755,94954,90745092,137755
74db3b69dd0fa0cc,39897,29976968,137140,34224,29997264,137140
74e2d87454fbd61d,47553,37653774,138119,41864,37663410,138119
74e7343766318d31,92667,82735566,132070,87001,82766628,132070
74eeaca0a6d39eae,116538,106637991,137309,110853,106648141,137309
7500fbdf66bed829,94160,84237599,117760,88527,84257996,117760
750229ae87c8f38c,98887,88974284,137771,93206,88987225,137771
7521638a05874129,87438,77534679,139614,81759,77544781,139614
7523f638fe950663,24225,14333647,138918,18542,14343721,138918
755279b702a8ef61,48018,38096887,136571,42338,38118182,136571
7562db6c9015007d,28288,18372077,128884,22607,18388925,128884
756fa609a48d243a,16011,6075572,141123,10381,6121874,141123
757779fd6a71cd3f,88183,78274799,138829,82492,78284716,138829
7583d486fb47a37f,87526,77618152,139644,81839,77628043,139644
758e31127140269d,118123,108214633,137463,112438,108225398,137463
759cecf563a70fad,110421,100514502,136976,104740,100524370,136976
75a23e625e9cee6e,60011,50079409,128684,54367,50109628,128684
75b68fea330b8b0a,71536,61613054,131964,65877,61635205,131964
75c255fa06cf7dff,111104,101197933,138040,105414,101207397,138040
762ac8b70d260b70,119521,109614803,138726,113842,109624913,138726
763110d00738f7f0,89148,79167198,129625,83498,79247079,129625
7698817219973cfd,28193,18285079,139288,22515,18297215,139288
769bde2b7a4c3b04,22480,12573396,137596,16796,12582920,137596
76a671cd1cabbd4c,33834,23916389,136467,28155,23933847,136467
76d2d2461ba1d462,63770,53854119,138053,58090,53870176,138053
76efcc63246664dd,84287,74394203,137333,78605,74404238,137333
76f9399277f5520f,58876,48957273,137612,53198,48976148,137612
77059cbd2b5e62fb,14858,4936400,138386,9181,4963046,138386
77087c2f655e5076,13125,3213222,137254,7443,3227687,137254
7736b9b80ed1e89b,108552,98654569,137830,102861,98664708,137830
773c30c4ac42605b,77657,67735270,131684,71978,67756304,131684
775fb0f37f381fc3,13827,3934485,100343,8197,3967289,100343
7779919115233741,55045,45152091,136813,49357,45161884,136813
778447f428872625,24574,14657349,139106,18894,14678513,139106
77844dbb1c04eb82,13436,3536881,138676,7758,3549224,138676
7792ef1c9e918b62,90886,80978053,139869,85198,80988695,139869
7797918d4f40d907,15264,5373550,138001,9580,5387324,138001
77a2f2524f314694,104522,94613530,132095,98843,94623537,132095
77a32705f3eed20c,54294,44394335,137122,48634,44404343,137122
77b9ae070a556878,12649,2753932,138295,6959,2765773,138295
77c86debaa8f7f77,110276,100354598,138110,104614,100375807,138110
77f1e65feba12102,65315,55417667,137744,59631,55428108,137744
77f52c9fadb57b12,47334,37417260,138443,41653,37434143,138443
77f5c7f513e8b0c4,83322,73415529,130866,77655,73425205,130866
782082759510d4ff,15947,6013867,128942,10320,6059156,128942
7823908f1aa9c436,94829,84935110,142253,89141,84945105,142253
7825ceaac8c80d56,108072,98133304,130572,102426,98171187,130572
782e18df085d27f2,107976,98033493,131185,102334,98076693,131185
78331c4f1deadaee,102771,92878231,139035,97092,92888475,139035
783b94bf3aa71b4f,20481,10555805,98623,14853,10578661,98623
7842da89e2c3355b,106795,96897371,154357,101105,96910607,154357
78450c06fa4098a6,12680,2793306,137371,7000,2807003,137371
7846a970a8e637c5,60297,50357410,137577,54642,50396899,137577
7869b3e6a52f6e4c,95009,85094823,140394,89331,85108880,140394
786da6417430a7d4,19518,9613708,138578,13838,9624032,138578
787deaf6a538b4f4,110065,100115587,130622,104424,100164274,130622
7890cb1b08dc08ae,50666,40754026,138300,44998,40765968,138300
7898b92f75d918fe,18705,8796278,154531,13026,8808343,154531
789a29a01b6e1c01,99831,89914974,138381,94151,89930704,138381
78b600e70369a090,41825,31913788,138114,36146,31925813,138114
78d58f52f0c61f50,41307,31394000,138506,35639,31407862,138506
78f53ebcb05764be,87496,77594554,139174,81812,77605438,139174
7901f649b4005d78,10516,613245,136668,4839,623615,136668
79174fb44b4e3a5e,12078,2135464,139952,6447,2181318,139952
79181038cb3fb18b,12386,2456309,136786,6726,2488235,136786
792c5cfc95be09e1,75940,66053052,131490,70258,66062796,131490
79375c5bcb983037,28878,18956824,137605,23200,18980516,137605
794bcb1e2ff9e66d,108641,98754699,138381,102963,98764918,138381
796d688d314f3c97,99862,89954411,137701,94182,89965204,137701
7980b3ba9dc9439a,25467,15543986,129220,19796,15570020,129220
79a48724836c4cef,101979,92056636,112598,96336,92077131,112598
79db4970e43c0d47,60653,50754100,138479,54964,50764006,138479
7a11d13c9baef55a,112410,102474694,138046,106741,102509793,138046
7a140b899706c7a1,60933,51013460,135214,55254,51032862,135214
7a2150d1e37b75fa,50294,40352362,128833,44651,40393456,128833
7a45033a1c4783a1,105110,95198207,137902,99426,95209066,137902
7a536cf125dade79,96871,86977914,138911,91193,86988682,138911
7a7bd1c09393de8c,114307,104394680,138068,108626,104406561,138068
7aa2c34d0afed407,22604,12693608,128110,16914,12702654,128110
7aa722eff1929872,77479,67553219,132760,71819,67579450,132760
7aa992b1c0552d20,88581,78674365,138114,82902,78684878,138114
7aacba6026ef46a4,102418,92494476,137828,96753,92519200,137828
7ab8ed1032d709b3,12965,3053298,137824,7287,3069120,137824
7abfeddfa25c3a1c,24381,14456974,138360,18702,14483759,138360
7ac0b60457b87cfd,75698,65790877,118884,70019,65804293,118884
7ac5346e845e5bf3,66111,56195748,117775,60484,56209071,117775
7acff2809b72f9cd,103682,93756833,131913,98003,93781049,131913
7ad80085a4b93600,93866,83954817,140516,88187,83966203,140516
7afc62861f1b6930,65690,55774047,138031,60010,55789356,138031
7b02f180db73d536,22727,12832173,129262,17039,12840961,129262
7b39192c618d5fed,97566,87673394,131693,91878,87682852,131693
7b8052615c1b2656,23292,13391848,128079,17634,13400933,128079
7b8902309cc41091,101166,91254841,139252,95484,91265920,139252
7b91dc383a629e71,25341,15412067,129905,19673,15441903,129905
7b9cf724721d49a8,47367,37453830,137935,41685,37466323,137935
7bbb34966d7547ca,83039,73115272,130813,77381,73137878,130813
7bbc9a3f7b89f4cf,79729,69835594,145919,74041,69845984,145919
7bbd128c7e7abbf6,110157,100217658,136862,104509,100257185,136862
7bcccf9f0e3dffeb,61094,51177518,137717,55413,51193314,137717
7bdac05fb3b751ad,97715,87796221,133034,92034,87814832,133034
7bdcdaabf77c3aaa,77956,68038314,138560,72276,68056200,138560
7be30b1b43290f1a,116447,106555098,139238,110760,106565465,139238
7be3de138407b5cd,43962,34057147,137370,38269,34067278,137370
7be6a971a7c90ac4,17466,7553369,137356,11789,7568507,137356
7bf8cefb87c5df74,88089,78178008,138381,82403,78189249,138381
7c055f926535bc04,118993,109060282,131502,113345,109091867,131502
7c26c2931a5ceca5,86786,76920093,338961,81138,76946529,339001
7c31fc162c33b21a,51531,41634024,137438,45839,41644600,137438
7c96839c97fc9df0,91323,81413492,132129,85642,81423659,132129
7ca65e50ce689d1c,99240,89335386,143151,93553,89345263,143151
7cb310bb38f91dc4,88121,78214519,139141,82433,78225312,139141
7cb876e0be3bb0a1,90713,80793580,132396,85042,80812988,132396
7cbd868faf4fc0d5,84377,74458190,138728,78699,74476683,138728
7ccb1c1d87b2ba1d,69595,59653755,131063,63940,59695486,131063
7cd02e2d87f35aad,91130,81214522,138906,85451,81229597,138906
7ce1bf315e0eff09,44988,35073664,138014,39309,35087280,138014
7cfa1c794f85867e,49354,39436982,137957,43672,39453809,137957
7d176519996576a8,68062,58154577,138666,62362,58165032,138666
7d2034c44f59dabc,24542,14633823,138184,18862,14647588,138184
7d2da37896cd464c,89859,79943819,155841,84185,79960958,155841
7d45add43d2e74e5,112512,102597811,137884,106825,102612333,137884
7d633fa5dd6df2df,18369,8456739,137864,12686,8468383,137864
7d647ecd804fbd50,45085,35173488,136021,39406,35184677,136021
7d8df2bcd994bd30,69149,59234485,139651,63467,59248828,139651
7dada65b4751a200,25499,15574053,141144,19826,15601334,141144
7ddff08d3b372368,55703,45797411,137824,50014,45808185,137824
7e140b30a51aec70,46408,36472252,129109,40765,36507077,129109
7e255bab6ccc4a0d,84730,74817681,138584,79048,74829899,138584
7e60e74fc2940e6a,100755,90858004,139023,95071,90869157,139023
7e64f0b116edfb8d,93994,84077955,139048,88314,84094395,139048
7e671f3271fe4737,34560,24673434,137290,28879,24684108,137290
7e6b255d014f9d7f,109758,99865984,100778,104126,99889407,100778
7e76db1fccdaf368,45277,35376724,154088,39595,35387916,154088
7e9267c082c06d4f,44052,34176967,136453,38382,34186996,136453
7e9e41086148366a,91604,81698224,139686,85914,81708344,139686
7eb208df02412ff5,74296,64393357,132290,68613,64403734,132290
7eb4c79244201014,10246,313434,138439,4596,346166,138439
7ec38d3876d66589,10945,1033322,137969,5265,1044736,137969
7ecedf0aeae35df4,17215,7316851,138517,11533,7326754,138517
7ee3f81113c44c22,91097,81178165,139537,85418,81196778,139537
7f21d747909ef4b1,18098,8173305,137708,12438,8198209,137708
7f290fb269ff9083,48975,39077089,137425,43291,39087171,137425
7f40aa9bdcc5dcd6,29006,19140474,342187,23361,19173167,342227
7f42d7f84e55dd54,49695,39805064,137560,44011,39814750,137560
7f511d84061bf274,84793,74894612,139245,79108,74904713,139245
7f7208570e329684,30213,20296526,137003,24532,20313157,137003
7f865f453c95b160,55795,45894546,137852,50101,45904556,137852
7f96554864a0a4fa,103561,93674933,138746,97881,93685697,138746
7f9b7c29ec3234f4,68867,58972440,128623,63179,58981651,128623
7ff6a9a05806d22c,111635,101715033,139006,105955,101735840,139006
7fff440c77463a6c,77262,67315840,133648,71614,67360751,133648
80001318fabadc49,97973,88102846,344290,92322,88130688,344330
80038e81d3751273,63706,53793798,137154,58027,53806214,137154
802050a9825dbcb8,11261,1353460,137440,5574,1364431,137440
8042b58d7ae93eb6,106168,96274643,137515,100507,96284733,137515
8056f9ae9ee35ccc,33051,23120674,130728,27410,23149700,130728
8072925d59a3bef3,105265,95358096,138227,99575,95367527,138227
807d9b3d930063fc,75610,65692822,129935,69940,65709036,129935
807dfd7a01285d66,60418,50493826,137430,54752,50518042,137430
808745922e780d22,89594,79676868,131432,83897,79693957,131432
809f11ad854e951d,44956,35037182,138563,39277,35055799,138563
80a3711e874fe88b,36173,26273557,136988,30492,26288258,136988
80c56c118b24cdd1,66903,57014488,140680,61219,57024296,140680
80c8298132bfa5b0,31345,21413686,138554,25696,21444892,138554
80caef7bf423538b,102205,92255382,129853,96557,92304652,129853
80da12be092d9837,34528,24634361,138957,28845,24644343,138957
80e3a1c83ce50f80,90828,80915029,139088,85146,80927973,139088
80e7404e3b5c5321,88058,78154641,138458,82373,78164971,138458
80e9ce75211b3468,92006,82094546,138857,86328,82106302,138857
80ed4c6d24445c83,18066,8136686,137418,12408,8166213,137418
80fd50f5e84f8b0a,21580,11632376,129761,15942,11679687,129761
81292faf0e36d2ff,38528,28613167,135102,32826,28625545,135102
813aa1b24c15d7fb,25590,15673985,140139,19914,15693477,140139
817c9dd85393c461,116786,106875203,140273,111107,106886081,140273
818745cea8a36bc0,107667,97774602,137868,101984,97784897,137868
81ff29b4496d0942,29359,19415595,141384,23715,19462271,141384
822b1eb316ea5360,18339,8433470,137976,12658,8443874,137976
8253e27486da0fb9,90625,80693415,132308,84962,80723935,132308
825b4f9717c03b92,39930,30014286,138053,34256,30029588,138053
825ea3b32eda6b3e,46057,36153642,137576,40373,36164114,137576
8262d2e21f27255d,115257,105313453,130904,109618,105355592,130904
8286ac97637b77d8,29747,19837316,139601,24062,19847394,139601
82931d591daea732,88368,78473201,131358,82682,78483229,131358
82a9bb3fd088e8ad,44313,34413830,127812,38643,34423490,127812
82ad34846e262f4e,75669,65753455,133063,69993,65772319,133063
82c79d07458e7b2f,53857,43937078,138219,48178,43956960,138219
82d53af937296cc5,107235,97318157,139146,101555,97335269,139146
82fc0fa0a31b6636,29103,19182409,128679,23466,19205459,128679
8324467d32a319f0,90945,81054631,139408,85260,81065181,139408
832f0213758017dd,72083,62173380,133498,66400,62184155,133498
837d5e082608060e,36572,26656888,136875,30901,26677114,136875
839adc257c662c68,77325,67393589,133151,71675,67424554,133151
83a1d87e3f5dd9f1,55580,45673897,137689,49896,45684075,137689
83af5d3d781cf4a4,72868,62953566,135028,67191,62967622,135028
83b43e3bf7e3c72c,92578,82653120,130373,86922,82677645,130373
83c38a34a2d7200f,78021,68098267,140533,72341,68121165,140533
83ceab341eef85ce,27332,17393922,128282,21688,17434822,128282
83d1208a8607ce98,116477,106578455,138018,110792,106588008,138018
83ec16d3d52d130e,46376,36433849,128732,40734,36475532,128732
83fa972fbf87aebf,45647,35753867,138211,39964,35764155,138211
8416ad60243acbab,106107,96214551,137655,100449,96225288,137655
842cc8c26894bbdf,109678,99758130,137757,103998,99777594,137757
843d1bd740dc31eb,30930,21016869,138847,25250,21029910,138847
844503149a91e467,69342,59401614,131839,63697,59441211,131839
8445f30471c9e751,50147,40254717,98171,44505,40270028,98171
84498978aec60019,91695,81798132,139168,86012,81808250,139168
8449e26ee5399d17,64031,54074327,128710,58388,54130419,128710
84568fdf6e205b01,27171,17237810,130395,21530,17272168,130395
84783b6c49a41b4d,47736,37836912,137342,42053,37847774,137342
8494f44f5677dc30,63051,53133910,137643,57368,53150856,137643
84a41339b5418515,25436,15512187,129179,19766,15540513,129179
84b2e7d1fe988b9c,82129,72214490,139800,76449,72228591,139800
84b810d560379eb0,43992,34089947,138278,38299,34099976,138278
84c8fbd3e60bf6bd,85597,75697921,137823,79908,75707636,137823
84d5a86190376371,58212,48274600,137771,52568,48311284,137771
851c365003ecd84a,77773,67873273,132253,72082,67885139,132253
85241c6e46720674,78183,68275134,140448,72500,68285512,140448
852d5801a1faf50d,85390,75474224,137944,79723,75490221,137944
8532bc61954c3996,70513,60596342,135218,64829,60612923,135218
85441b02e252cc2d,104853,94941320,155633,99174,94953803,155633
85710fc6d92f6e7c,98920,88997649,138374,93239,89020959,138374
8575131cd17e9893,41247,31316740,137440,35584,31346752,137440
8576a8d6407d7965,96229,86295405,130043,90579,86328664,130043
8576d665a13d54b5,56514,46613895,137485,50841,46624250,137485
85916b719e2566fc,12779,2893354,137650,7103,2908426,137650
85a578a2183981c9,62986,53074056,138291,57304,53085228,138291
85c9b6098facc678,29988,20073285,136031,24308,20087472,136031
85c9fc3a2693f873,38193,28293431,136896,32513,28306404,136896
8600e10c9ee97c7a,92696,82773247,129884,87027,82796016,129884
860e19937d88d671,74169,64254824,141212,68489,64269759,141212
8615bc1c03429d54,11041,1133404,138708,5360,1143541,138708
861717e2dda09474,87931,78014448,138422,82249,78030951,138422
8625cea75812367c,53454,43553888,137682,47766,43564134,137682
8627147061bf63a3,98738,88835520,132296,93048,88845019,132296
863215ba38806afc,26953,17036787,138146,21277,17055533,138146
865012e9114ba72d,63018,53097109,136619,57336,53118754,136619
8668e62b72ee4e51,108681,98794733,137411,103002,98805680,137411
866d00aa15ab7e0d,81320,71433381,132831,75654,71442857,132831
86765c3f5cfdfb94,41483,31576997,137920,35796,31587746,137920
8677095dac30c881,27235,17293483,127989,21594,17336628,127989
86aba1a7658d551c,77165,67219054,120591,71519,67262923,120591
86b2010d4e106408,13343,3436123,136968,7658,3448209,136968
86bd2c7a8a4767bd,76973,67058460,133205,71290,67072127,133205
86c2367a0850c9ba,61404,51513923,136816,55719,51523606,136816
86c2e22e2152efda,59198,49293767,136789,53516,49303420,136789
86cc04111508ab0f,58518,48597680,138998,52848,48617307,138998
86eb21f227656654,58489,48574212,139833,52822,48588716,139833
8702d2fe7d3fa4e2,12867,2953272,137364,7191,2969130,137364
8717e730a6925050,96997,87077927,138373,91318,87097087,138373
87195afe4ddbd21d,112206,102213233,129797,106584,102306008,129797
87254738481eebf7,63146,53234138,138567,57460,53245343,138567
87298e19611440f2,92518,82575638,132362,86867,82617261,132362
87424d796ec90f99,91543,81634521,139073,85856,81644944,139073
874d2c3766a930da,11867,1974313,98786,6239,2005811,98786
87504ab391007ea7,109244,99338067,137735,103551,99347700,137735
8764df12ae6fe8e1,119058,109115391,130162,113410,109157609,130162
876e411b5da51995,97942,88034742,138565,92260,88046870,138565
877b7e8c38901a96,106609,96697848,137513,100916,96709584,137513
877f77b28de93555,97223,87314756,139824,91540,87324516,139824
878ffb68e307f422,71216,61294470,123675,65566,61314307,123675
8793947b5234a562,62194,52254187,137925,56545,52294194,137925
879706eba52e6822,102741,92854776,139432,97062,92865075,139432
87af84d1d427a0ed,37629,27733465,136843,31942,27745129,136843
87b3bd1cfaeec555,63426,53534017,138408,57739,53544545,138408
87c84feded87af0b,69832,59915408,131294,64154,59931229,131294
87c9fdb1dc3b37e0,72932,63013694,133134,67254,63031854,133134
87d4eae0b6e94f54,50636,40714005,138071,44971,40736079,138071
87e96a3d96b5e7ff,22880,12955697,139951,17202,12980067,139951
880cc044208c53f2,96940,87054576,138797,91262,87064875,138797
882ed140e98e6e25,92456,82513376,131243,86810,82556086,131243
8838588826e15011,77627,67712931,130833,71951,67726640,130833
8856319554a0316a,69890,59975273,132504,64205,59989364,132504
887c4d9c544af9c8,51562,41657313,137910,45873,41667126,137910
88906aec90cb4334,105861,95959342,131665,100207,95969265,131665
88965d38a6967dad,82290,72374706,140796,76608,72390662,140796
8896df11c62bbd98,53106,43193743,136943,47428,43206403,136943
88aecb2663763b02,95329,85415309,140276,89646,85429038,140276
88b83f5c5f223e98,79090,69153995,112602,73448,69188224,112602
88c47d01264f1524,100725,90834551,137588,95040,90844974,137588
88e994cb74de9e5e,13312,3413004,136286,7622,3429674,136286
88f03810e92d3408,28001,18076851,138684,22324,18104962,138684
88f22fbe70af28b8,63575,53657558,137508,57896,53675598,137508
890f030357d947ff,66452,56493541,134833,60803,56551910,134833
892cfa52a816a761,24316,14397178,139154,18638,14415693,139154
89462fb8afa961e5,83353,73454887,141371,77684,73465353,141371
89540c77798a60d9,85081,75153370,131528,79437,75180630,131528
896d4b1fe51d4f7c,79584,69674396,139643,73909,69684490,139643
897eb20f2197e0c5,76566,66673098,131701,70878,66682915,131701
898e9a4e5c8d0c3c,57078,47173853,138270,51396,47184157,138270
89bb4190b176ac8b,53171,43253978,137241,47492,43270547,137241
89cd9f1af86fd1de,66873,56978238,140202,61189,56988330,140202
89cf1d75e7a689be,90974,81078194,139614,85291,81088617,139614
89e510b576b094b9,22666,12771898,128977,16976,12781002,128977
89eb0b4f288af592,64310,54374058,138152,58649,54409971,138152
89f1e4f6688b77cc,48916,39013831,136878,43226,39023996,136878
89ffeca6775a4da8,39801,29896980,154944,34128,29909603,154944
8a03a9b5fa81c889,101416,91514826,139087,95725,91524959,139087
8a3218d8f75cb8aa,106419,96497968,138219,100741,96519376,138219
8a348a874d7d7e9d,99271,89358653,137924,93584,89370484,137924
8a37e1a91ffc7349,14793,4876349,154820,9117,4897973,154820
8a447a710e981eee,86912,76978907,131632,81269,77011286,131632
8a4c87464095059e,93307,83393601,132608,87625,83405746,132608
8a5191943f4d0f76,79642,69734735,140337,73961,69745190,140337
8a570d51e6a02d33,113868,103974869,139125,108180,103984904,139125
8a584fbd033d3388,98159,88215971,131844,92511,88258249,131844
8a5894f5446dedaf,113651,103714860,139313,107989,103750151,139313
8a5ed499d1aad3c1,43020,33076947,137767,37371,33120061,137767
8a689da056a2036f,31644,21733566,137460,25964,21743680,137460
8a82009094649a38,100549,90634732,139311,94875,90649114,139311
8a920d2ae66c5866,34062,24153558,137906,28381,24164228,137906
8a9576eafa251807,99798,89877861,137582,94119,89897855,137582
8a9fa6ba331cfcbb,109613,99698483,139692,103934,99713636,139692
8aa7cb95a04e8bba,49603,39697032,136770,43913,39707584,136770
8ac175a790b5c6ce,51748,41853449,135924,46063,41862924,135924
8acffc57d0c75720,28974,19056936,139044,23295,19076096,139044
8ad86dc4951fb5c0,87320,77394643,138847,81655,77420506,138847
8adf59c3fd82c53b,67525,57530307,118955,61917,57624010,118955
8ae396576b55c590,38657,28753719,136955,32986,28767710,136955
8ae90a15e5f715bf,105296,95394696,138245,99605,95404378,138245
8af71e4c9d027697,26009,16093623,139138,20334,16110945,139138
8b098f6f176f683d,64280,54337512,138340,58621,54379336,138340
8b0d46d053521811,98442,88514555,138474,92781,88542081,138474
8b1cc7a7a25cb96e,106483,96574562,138292,100799,96585419,138292
8b1cf09a1418cec1,112908,102994972,138960,107238,103008272,138960
8b1e0d36504bed23,108522,98618003,138614,102833,98628592,138614
8b3bd78699fb9d08,98502,88577954,138236,92835,88601911,138236
8b3ef916328f8b57,15203,5296858,138026,9516,5308596,138026
8b4b7055eeffff22,36733,26817017,138317,31062,26839959,138317
8b4f0d3e08a98a14,71312,61391186,119670,65661,61410946,119670
8b670e1d87830448,32545,22653669,138094,26859,22664329,138094
8b7f4ae0f3d5f4b4,22512,12613559,137307,16826,12623486,137307
8b906372e136dcbc,11009,1093577,139419,5328,1108547,139419
8ba9133bc7a25464,104132,94193285,130682,98489,94231668,130682
8bc361c3977abe03,116039,106118011,137582,110360,106139173,137582
8bcf4975d0fa84f5,92424,82475477,130818,86780,82524430,130818
8bcfa20889c84575,26267,16353986,139997,20589,16369113,139997
8bdc4f34163b22bc,31154,21212125,129537,25513,21254214,129537
8be0eea181cb4230,45616,35716840,136807,39933,35726567,136807
8bf8e5adbad57589,25096,15220220,342599,19421,15264627,342639
8c08353b9baec48c,51277,41356996,136954,45593,41376622,136954
8c2022277f9eb806,67834,57854412,129501,62172,57936272,129501
8c3fbad3544f802a,106321,96414941,139110,100652,96425492,139110
8c52725f1617b866,51342,41433797,137946,45657,41443965,137946
8c97b25ff1ee26f2,115821,105934728,138535,110140,105945563,138535
8cb831a3ac3d9f5c,102109,92173149,129720,96465,92208671,129720
8cd33d23d678273c,93243,83333249,131882,87562,83342729,131882
8cd444d7e9894181,45053,35133634,137212,39374,35152912,137212
8cdc4fa78085b6f2,106921,97035002,138888,101241,97046039,138888
8cdcdc3ce199acff,59477,49577205,137744,53791,49587341,137744
8cfa54f4194d6101,48681,38753618,136494,43015,38780569,136494
8d188f3d9a36157d,95514,85614601,138774,89824,85624533,138774
8d1dcf0faaa1ef46,82788,72894352,138397,77104,72904542,138397
8d31b7263c7a0d1b,74544,64655915,146995,68862,64666878,146995
8d347db9de5a52fe,50842,40937065,138810,45155,40947424,138810
8d3c1d5efc8ffebb,84102,74197860,138835,78412,74208335,138835
8d47bb88e25e5330,102681,92794892,139316,97000,92805333,139316
8d559a67e7e3d130,39406,29493474,136734,33744,29515468,136734
8d56e53857c47153,88903,79013543,76992,83264,79029701,76992
8d746a493c571d05,66729,56817372,131075,61043,56828625,131075
8d7e120f2595f0e9,98801,88913442,130702,93118,88922796,130702
8d85f03626c7b2fa,101103,91194505,138334,95422,91205361,138334
8d8b7b0c09babe8a,111196,101295323,138757,105502,101304775,138757
8d9a0cbb006108a3,86593,76676915,140763,80915,76693244,140763
8d9f2d7b6b41771f,41573,31676986,138581,35892,31686723,138581
8db8ace677acb233,64660,54774323,137911,58980,54785417,137911
8dc6c79b9b1d4bcb,99547,89654406,137776,93865,89664683,137776
8dcf4e5790df7ce6,67958,58034432,139029,62272,58060874,139029
8df2b31c35a3b75a,19999,10056449,136821,14350,10098609,136821
8dfd95647b3b2775,91756,81858152,139741,86073,81868329,139741
8e1ca910a62d9776,90858,80954387,138021,85172,80964859,138021
8e2ba772441d6792,53577,43676850,137284,47892,43686467,137284
8e364e841657dfa9,65560,55654648,140613,59881,55665306,140613
8e39a0720820ce4d,42172,32273471,136331,36484,32284263,136331
8e4dbeaeea6648f1,63178,53274012,137705,57491,53283752,137705
8e53554086db939b,95605,85715020,141053,89923,85725906,141053
8e5e50c86f4e09f8,60448,50533623,136602,54779,50547794,136602
8eaae5e674001def,52888,42994026,137785,47199,43003746,137785
8ed2eb3c4ea763c6,36638,26716792,137636,30966,26746185,137636
8ed78ac2c96e5561,31436,21513715,137607,25779,21536610,137607
8edef0a883142bd5,117803,107914679,137651,112123,107925351,137651
8ee768a278451506,90375,80434980,130255,84727,80474844,130255
8ef165013255c742,29390,19453434,136959,23743,19492340,136959
8f1809e0b9b30dd5,61681,51774183,137376,56002,51784533,137376
8f1d6a4e12925c92,34029,24113729,138535,28349,24129323,138535
8f264c7dc650e409,48241,38321128,127281,42596,38339842,127281
8f445c91f957539d,31821,21933757,139209,26141,21945243,139209
8f51c63b23efa50e,86070,76154250,137130,80387,76169901,137130
8f6fe737df86db69,46956,37056849,135882,41267,37067218,135882
8f981a1621c50797,95074,85158060,158542,89395,85174272,158542
8fade10624f5381a,27016,17096712,138136,21338,17117554,138136
8fc01fd87d46e9fe,84667,74754477,138763,78985,74765960,138763
8fcfe44f62acb1ac,103313,93414561,137301,97628,93425067,137301
8fd069bf7e7728ec,99927,90061280,345188,94281,90089555,345228
8fe7044bf35d1043,10183,253439,137738,4537,282466,137738
900fa256f0e4ff32,50516,40576967,136798,44862,40616005,136798
90217dd9a19194a1,54573,44657495,138855,48899,44673214,138855
902225a943e0e5fa,58244,48313732,136811,52599,48343929,136811
9022c317cdec3b11,84194,74297855,138246,78513,74308398,138246
902c099258bafb2b,52317,42372335,128316,46672,42416195,128316
902d65e3950afa52,99018,89097970,138445,93336,89117362,138445
9031caab0ff5e131,61649,51733966,137579,55970,51749233,137579
904764393080725f,69084,59174166,138478,63403,59186978,138478
904803301520f959,79820,69933922,136717,74139,69943783,136717
907117f4bca65c18,23854,13934323,130008,18167,13953968,130008
909dd46722dd82d2,60235,50297431,138174,54584,50334456,138174
90a042815cdb8d12,34680,24773729,138730,29001,24784362,138730
90a997a5029edac3,66757,56855037,144223,61068,56865801,144223
90b1e1e82123032c,105703,95794717,137179,100023,95805192,137179
90c2de861415727a,105141,95234596,138366,99457,95244445,138366
90d63379b00863c7,84539,74618031,139190,78860,74639191,139190
90d729c43238ac6a,102994,93078027,138960,97317,93094695,138960
90e6129b2aa334df,31761,21873474,136399,26079,21884873,136399
9108d4c535fa1a98,26202,16296145,153273,20525,16311724,153273
911ead7939f291d7,81408,71493189,131880,75738,71507418,131880
91302174f36dd0bf,105954,96053471,131830,100299,96063340,131830
91309f9d53134568,48529,38593868,137513,42876,38629442,137513
914e373949efae06,108226,98295564,138883,102570,98326103,138883
91689410d5d53686,26695,16776953,137175,21021,16798860,137175
918eda4e592d4c6c,23323,13413600,128843,17665,13423432,128843
918f1187a018bd78,78432,68533462,132290,72740,68543606,132290
91a65a397d77f25e,48402,38453772,127666,42755,38501603,127666
91a8be73a5f92ed2,102173,92233441,132015,96526,92272431,132015
91c53d2378863f96,71953,62034114,132894,66270,62052321,132894
91ed7dee29de0caa,119090,109153607,131302,113441,109189826,131302
91f112d8298513e0,40836,30917217,129155,35192,30935978,129155
922ada569d9a7617,48371,38432168,128448,42725,38470366,128448
923c26f1eeb5e6bd,20674,10709053,131294,15041,10773408,131294
927c47e154f681b2,72680,62795473,146094,67001,62806222,146094
92858587ccad12a4,76504,66595791,132275,70814,66605677,132275
92b59b8943087848,80981,71076711,118058,75323,71085488,118058
92c3404afde1bfbf,87736,77818342,140038,82057,77835614,140038
92c863c918256351,80354,70454755,141225,74665,70465045,141225
92d527caadba3f73,119790,109874593,137098,114111,109890046,137098
92ff399bf3b5990f,41513,31613724,138245,35824,31623657,138245
93100d165678a924,62954,53037158,136638,57273,53053449,136638
931cf00bd5edd5f1,91820,81934860,140737,86140,81945304,140737
93230abe5fbc7262,10022,81754,129212,4381,121347,129212
932b18c74967c729,108931,99014505,137179,103249,99030753,137179
933c57b0274e1798,100431,90498653,139450,94770,90531256,139450
933e35f488c154a0,20798,10836436,136781,15156,10897601,136781
93581e63a4793f94,117382,107455736,132134,111720,107481311,132134
9376e122f1fd4dc1,109026,99114510,137291,103342,99126184,137291
93a264a3b1791ee9,58909,48993821,137122,53231,49008887,137122
93b3fea2b38fe7e8,116851,106938361,138726,111170,106951080,138726
93e2488435227192,28412,18513452,136533,22726,18528038,136533
93e4acb11270a889,80854,70938145,141012,75174,70953964,141012
93e823224e58a9f8,80662,70737960,140307,74983,70761270,140307
93f3ff726ebcef8f,65346,55453916,137823,59662,55464296,137823
93f8adaf59cff9d2,57508,47593850,137415,51830,47607745,137415
9404c7c3977074dc,99333,89434633,138791,93643,89445300,138791
9417b9b088dcfe59,93146,83237447,155563,87467,83248368,155563
9419a6761ef1716c,85749,75834374,138454,80070,75848444,138454
942650a0c4e6f582,103343,93437775,137583,97657,93447911,137583
9429a726cc68608e,10847,933287,138129,5167,947255,138129
9429a780f8cc671f,107203,97294700,137854,101524,97305006,137854
944e14c2114b4182,51780,41894053,137734,46100,41905069,137734
94712671834e3498,78736,68816473,135689,73057,68835716,135689
94749cc5c4672405,26793,16873532,137551,21119,16894297,137551
949704b204690758,65100,55193964,137451,59416,55204012,137451
94a3308b3a16f3bf,20212,10293199,136901,14544,10311296,136901
94b4a99212241abc,10604,696218,136799,4918,706945,136799
94b5c8cb4cafffae,61312,51413783,136908,55624,51424197,136908
94e062d4ed72f075,96294,86355407,131414,90642,86393858,131414
94e853e4504b9384,53139,43217210,138939,47460,43239283,138939
94f4d19f43b5073d,62701,52813842,136887,57019,52824192,136887
953177c5289e3d40,70606,60694370,121809,64917,60704274,121809
9538f01eb2383cdd,56329,46417576,137947,50668,46429101,137947
9544893842f65e0c,92233,82297514,118638,86594,82331690,118638
9547ef341361aec1,112064,102046054,113124,106464,102162255,113124
954c18692f5348cb,52653,42734052,138672,46983,42753200,138672
9554c614bb6d381c,64455,54537545,138263,58777,54554426,138263
955bc3fae6bf3556,61888,51995645,100373,56247,52012083,100373
95938dbaadf1a7df,64483,54574013,138106,58802,54584737,138106
95acbbb6199fcf7d,55390,45474092,138702,49710,45489708,138702
95ae484fad46b9a7,67397,57460411,94016,61797,57494113,93976
95b10daf3295359d,46025,36113608,136926,40343,36125638,136926
95b45a3ae29b04d8,108008,98073389,131008,102365,98107983,131008
95b825a9d45e1f22,103091,93178164,138746,97413,93191542,138746
95da6755caac18a9,72835,62916237,133529,67158,62935189,133529
95eab0ffb36f0d89,117621,107717765,137419,111936,107727642,137419
95f58e55288bbece,52534,42597027,137418,46876,42634103,137418
95f9fab8d4a80275,118715,108794877,138036,113035,108814740,138036
95ffb6bdd8ce36fc,95171,85254985,140143,89491,85270141,140143
961b12c1c0e86bc3,88152,78238174,140076,82462,78251638,140076
9627f4c15786528d,20706,10749473,138083,15071,10805735,138083
962bc50658d2d013,26361,16452045,129269,20679,16462821,129269
9633f8919b70a733,97350,87438327,137978,91664,87449894,137978
9634a5669aba527f,35761,25836857,138087,30055,25848080,138087
964d472617d7cef9,74757,64837156,130771,69080,64856653,130771
96508213b93745ed,88788,78904648,101233,83151,78913778,101233
9651e0c19fc46403,75845,65953652,134310,70160,65963116,134310
9655bb7d429ec076,55764,45857373,139021,50072,45867828,139021
96622648cfcbf645,65788,55896207,100853,60139,55914929,100853
9689db50e89cffd4,64942,55033987,137912,59263,55044927,137912
9698e1d5a505bfef,43607,33671805,127015,37909,33706684,127015
9699dc947ebcb6c5,33689,23793614,138258,28000,23803508,138258
96a59242e76b1e0e,47952,38044824,137326,42273,38055264,137326
96aee611368ebdb3,74636,64737379,143049,68956,64748301,143049
96b75e8ebb1a058a,101662,91738380,139803,95982,91761603,139803
96cb6145773c2b78,97748,87833452,132001,92067,87847356,132001
96df25708c248491,66481,56535437,146122,60829,56581515,146122
96eb897437cb1d8d,36017,26097273,139188,30338,26122745,139188
97377ff5ccb5bf05,12173,2233736,139063,6536,2276250,139063
974d97d8e482a93e,55261,45336969,136079,49582,45360418,136079
975b578b65231b95,78086,68174578,140112,72405,68186350,140112
978f6a67e191b53a,13220,3313351,138134,7534,3329334,138134
979ef10879a30079,89355,79393665,132151,83683,79455406,132151
97b44b890dfc1ed8,28813,18897111,137803,23136,18915984,137803
97cfaac6408fb476,93082,83174712,140329,87402,83184982,140329
97d20b367fa349bf,26547,16653420,137727,20862,16668689,137727
97d3c3121c2e7860,83260,73353087,131172,77597,73361988,131172
982c9fe46beeee56,37878,27959814,135656,32203,27984750,135656
9830eebc61fe7902,39347,29433683,137728,33693,29459520,137728
983d2b2e0dc1e83d,96198,86273396,130942,90548,86297298,130942
98437f0cc942ae71,20767,10813360,137454,15128,10867598,137454
9845a450e70ba950,72900,62976158,133895,67222,62999861,133895
98522e37d3ef68c1,102711,92818334,138427,97032,92828311,138427
9853914330e5de19,62553,52654027,137218,56869,52664903,137218
98546589ce3b569d,55422,45514166,138509,49742,45524179,138509
985e06f2c9b46e1b,109461,99574675,137984,103780,99584882,137984
986579928cc82244,101886,92020535,342037,96240,92047485,342077
987667912879372c,101507,91614384,137165,95822,91623868,137165
987878912fa0994b,58547,48634126,138576,52874,48646944,138576
989eb334c2d6e829,84635,74717700,137780,78955,74734860,137780
98a4f0e4e6cc87f4,42111,32196647,138054,36426,32210996,138054
98b04349b9a51a90,81104,71195672,132204,75445,71204944,132204
98bedb1c32aa6235,24606,14693456,138055,18925,14711383,138055
98e8a9cdb9dacb9a,100052,90122372,130439,94411,90152097,130439
98fb05c20dc9a9c3,50992,41097130,138981,45312,41106821,138981
9903caf726868359,102897,92980938,156449,97220,93000125,156449
9907a3f441a14f50,95983,86074588,139054,90303,86085269,139054
990b9ef96f88ef8f,85016,75075083,129702,79374,75116021,129702
990be1421dfa454c,104610,94714449,137716,98921,94725136,137716
991e9f1bba0437b0,104377,94454961,140865,98714,94477253,140865
992633eff33ca376,50901,41013790,136832,45219,41024221,136832
99398c7cda7a8c00,118811,108894846,138604,113130,108910977,138604
9943771b7b0cd332,111135,101234385,136845,105444,101244431,136845
99557664185e5263,44502,34572152,129085,38826,34602832,129085
996f278749f550c3,41985,32073549,137222,36304,32085558,137222
9970abf60cb778f9,11789,1876548,155419,6109,1892146,155419
9988acb2e90af288,30801,20893620,138184,25122,20904698,138184
99b5f5ef474c40e8,75016,65097106,130739,69336,65114901,130739
99c7e29ab3f03450,103843,93980144,343270,98200,94007828,343310
99c7e691cd216a59,41336,31417211,137463,35665,31436526,137463
99c9bab6c49dd20e,42670,32753603,136091,36991,32770129,136091
99d38ba5db973f40,41187,31253864,137751,35529,31286581,137751
99e9535cd1df6e25,37660,27773734,138356,31980,27787096,138356
99f268354df1fddd,71472,61553455,134482,65817,61572384,134482
9a01f3e91ed66839,53953,44037293,138853,48273,44053512,138853
9a0cae4eddd49464,79700,69799616,144098,74013,69810076,144098
9a423aac8af79947,58785,48894629,137484,53101,48905543,137484
9a45d77f99cd4cbc,117227,107293687,129570,111574,107325572,129570
9a4b3972749b59ab,85331,75413367,131405,79670,75430707,131405
9a5d357be72e6b9b,108345,98434612,138548,102676,98445622,138548
9a616536c202f73d,33574,23657321,138502,27896,23673080,138502
9a77a9b06161f5d3,83166,73253190,130813,77506,73265031,130813
9aca14f2307d1616,62256,52317010,137054,56603,52356358,137054
9aeb5fed90badb1c,99113,89198088,139496,93430,89212583,139496
9af4ebb58234bd38,55920,46033686,137537,50239,46044220,137537
9af617acbfe6a58c,69626,59693042,131758,63969,59725606,131758
9afa045362d7f502,60478,50556879,137710,54806,50577938,137710
9b01a857acbf5250,113840,103937865,137339,108149,103948112,137339
9b05efdeda89aaef,73372,63435436,131651,67719,63471195,131651
9b1415f5995d29f3,108866,98954709,138722,103186,98966649,138722
9b51514bfc267637,97318,87415044,140497,91633,87425510,140497
9b7be25a9a6c6b52,72019,62095671,133370,66336,62118596,133370
9b7fe49760ecfb45,93931,84014671,139361,88251,84030976,139361
9b84d410f0e2b94e,95575,85678495,138637,89893,85688439,138637
9b86ab3d91cbb991,11506,1613515,138663,5823,1623805,138663
9b90c4cc2183c447,19052,9153094,136260,13364,9163900,136260
9b97333e67963a8b,84761,74854192,137769,79077,74863893,137769
9b9e98d4d70023ec,70451,60538936,148489,64770,60551097,148489
9baafd379d9a8221,24164,14273436,137537,18479,14284210,137537
9babfb6a45afd38c,73920,64033537,133264,68239,64043714,133264
9bfc4b57a5b43999,113426,103455112,140575,107803,103526223,140575
9c06d08d6ba1efc4,89514,79578430,138231,83823,79614352,138231
9c284ab2f9c3faca,41542,31653619,137765,35859,31664475,137765
9c70a62bf7b9c3c9,30053,20133515,135592,24373,20152209,135592
9c716fe65268a3c1,42420,32533687,138131,36740,32545455,138131
9c76a68fa0828c4d,82386,72474315,138810,76701,72485672,138810
9c82c653d25da3ba,106138,96237691,137053,100479,96247635,137053
9ca2447dedbdbe7b,107330,97414876,138138,101648,97430037,138138
9caa52082d23d116,67617,57594642,128514,61997,57716254,128514
9cd3816a75c06c75,92361,82413773,130735,86720,82461336,130735
9d13aa921e9981f1,65657,55737278,138234,59978,55757568,138234
9d3583aea8613d9e,77132,67198686,120427,71487,67230190,120427
9d626d4ec6e5fea9,24792,14893886,140227,19105,14908206,140227
9d70f6fdd0e47a26,10276,336565,137240,4624,376358,137240
9d7f2b1aaed6f3de,42049,32133770,137595,36366,32149393,137595
9d7fedfb41862502,64426,54514150,137703,58752,54525604,137703
9d9601847935ecf5,89489,79555094,142171,83800,79588870,142171
9d9d0d29014dafce,95919,85997889,138760,90240,86019545,138760
9d9ec72eb057a0a0,114370,104458304,138672,108687,104470055,138672
9dae218b96a0c649,66143,56225665,117711,60516,56241616,117711
9dbbd6c47adb62e0,14255,4316347,137418,8606,4358119,137418
9de0ec35580f90ae,86193,76294481,139000,80505,76304785,139000
9de262e971751e9e,75580,65656306,146200,69914,65679984,146200
9df9e381de62db2e,117098,107173694,130719,111449,107196983,130719
9dfee6d072a0e46b,107042,97118253,138964,101364,97141613,138964
9e1dccb63ec6eae3,81375,71455583,131594,75707,71474971,131594
9e1ef5a3a185fc94,87555,77654590,139005,81865,77664547,139005
9e28e13b873f82d3,16259,6336590,138389,10607,6366277,138389
9e3de362ec9fe07c,97159,87238641,139966,91478,87258898,139966
9e5fa3b548c39440,106764,96857753,137082,101072,96868593,137082
9e64dfb812ddfe9d,76535,66635719,147096,70843,66646543,147096
9e6980344074565a,79057,69134834,113356,73415,69155804,113356
9e6df3c9ad1d5c6a,27786,17893506,137796,22101,17907527,137796
9e833cf0dbc3f170,58636,48733987,136811,52953,48743433,136811
9e86be56cd317ff5,96262,86333278,131318,90611,86361516,131318
9e8806e3a1e2b32b,45463,35556878,137946,39774,35567051,137946
9e9544064816303b,101791,91877258,153813,96110,91891089,153813
9e9b15f9cff4833c,44862,34973921,138496,39178,34983392,138496
9eb28f61c0ff0cab,92783,82874690,139457,87104,82885143,139457
9ec23aaa546634e6,10634,733403,137882,4945,743148,137882
9ed6cf2fc410d312,96357,86433447,131951,90703,86457242,131951
9ed9efafdda43b4c,39102,29173689,138476,33474,29216416,138476
9ee9cf381b003164,86977,77033841,130881,81333,77076245,130881
9f05fd58603fe5c7,53330,43417118,137801,47648,43429507,137801
9f0642104040e017,76285,66373651,133893,70602,66384637,133893
9f17e26cd073af42,67703,57694497,129242,62069,57802125,129242
9f181c8727f080f3,81165,71273698,133886,75504,71282812,133886
9f187e5c5d047504,31282,21337306,137139,25636,21381464,137139
9f3170da5062a5ec,63902,53981584,128061,58261,54001735,128061
9f3186587c8f89cd,43904,33996317,139022,38202,34006563,139022
9f3bb5c3f46daf61,105542,95618083,139262,99863,95641441,139262
9f3e8efd2d582d57,19420,9513588,138350,13741,9524703,138350
9f8cec5e540bcb44,22449,12537093,138675,16765,12548087,138675
9fa9b2d293f4b7f2,54702,44793973,138194,49016,44804358,138194
9fbb2826adb58e80,33660,23756192,136868,27973,23765936,136868
9fc599acbab02cc0,36080,26173792,139051,30400,26188019,139051
9fd97cd607e198f8,15541,5633490,137675,9867,5647200,137675
9ff86b91e946739b,25308,15371878,128243,19641,15410822,128243
a0248ff8a9e5e84b,10693,796734,139023,5012,807075,139023
a0337fc8de68656d,63520,53634257,138141,57840,53644670,138141
a037435872116db3,91162,81241511,160046,85483,81262956,160046
a03cb75c6d246fdd,109306,99414711,137246,103620,99425552,137246
a066d057a6a98a61,89053,79106396,120739,83409,79152411,120739
a06b11d946daa0a6,37015,27073816,129290,31391,27128042,129290
a06bba330aeeeda4,85239,75313074,130928,79586,75338278,130928
a0726b3c6f6bf864,115909,105994568,137387,110230,106008622,137387
a07731e56e6af9f4,51998,42076948,137258,46319,42098182,137258
a07d2bdd9fa79f3d,68715,58812833,129685,63029,58822206,129685
a084644bab581669,30865,20956960,157637,25186,20969244,157637
a0a8181611a5eded,31586,21673407,137309,25912,21685320,137309
a0da91f1324b81fd,100214,90273623,132232,94570,90314176,132232
a0e318c1ba4eb002,52473,42545742,138498,46821,42573129,138498
a106cf716d01c874,45340,35433866,138690,39656,35444154,138690
a11b64cbcc1955a5,19742,9822692,128641,14100,9841451,128641
a124d90d1d4b4ca0,16556,6636832,137193,10851,6646200,137193
a145d904335f7419,64570,54674166,139114,58880,54685092,139114
a1609a0cd615b5ab,90684,80753175,130570,85016,80783637,130570
a1672216730a83ae,113396,103409489,129466,107776,103495495,129466
a16c75ba0bf89369,30962,21099117,337222,25316,21125139,337262
a16ca1bb087b827e,72050,62134027,133122,66367,62150150,133122
a17b4ee13e1513e4,91942,82034676,139048,86263,82045369,139048
a181826fad923eb7,90054,80135216,138947,84378,80154643,138947
a19294858a2af996,34467,24573471,137321,28783,24584030,137321
a1a3d56ec31d5702,29630,19714094,137856,23958,19731432,137856
a1ab1727f03043b6,115441,105497053,131357,109787,105539915,131357
a1b2c3eed94e9a9e,60536,50634372,138885,54858,50644655,138885
a1cb5e68dabd8a73,110791,100874755,138431,105111,100890347,138431
a1d112c764575ceb,94597,84673343,132046,88938,84696521,132046
a1e3ecdfc79de944,110363,100454578,138005,104690,100464892,138005
a1ebe865b071740b,45735,35816816,137651,40055,35834686,137651
a1f1bbbaf91772c6,93898,83978550,140143,88219,83998600,140143
a1f1eb5e79ca8a20,88550,78634502,138792,82871,78649999,138792
a1f4e158a7f8072f,83757,73837785,138905,78075,73856147,138905
a2071f9fb28a5f46,60744,50854078,138734,55061,50864214,138734
a20b210056811e3e,84442,74534348,137649,78763,74544844,137649
a21ed246acb4a58b,95106,85194426,138119,89428,85205739,138119
a221ed48b67ac449,46659,36733798,137554,41001,36759694,137554
a23213884721941c,36356,26457066,138215,30676,26468446,138215
a2321c6d8b1548de,28033,18113689,138145,22356,18135601,138145
a2394cbb39971ffe,39288,29373755,137283,33642,29401037,137283
a23952b7f34ddd2a,83916,74003102,151773,78232,74016300,151773
a24c6f8bef5980e9,117412,107493641,131217,111747,107511078,131217
a26fcc21114cd253,92725,82815824,142201,87052,82827177,142201
a27df4725ca3a5a0,32760,22836418,136683,27081,22859704,136683
a28e06ac7dec5193,44378,34480196,128776,38706,34490342,128776
a2c463ca96cdca05,45555,35657181,137347,39872,35667324,137347
a2ca7ac28e651c21,13621,3696727,138191,7947,3725629,138191
a2cfdec1f4254f6b,99208,89296322,133134,93523,89306968,133134
a310e577fb8145f0,92870,82974766,139353,87181,82984933,139353
a338fa40bf650ff4,68465,58552717,130381,62789,58565081,130381
a339c81b4549c0f8,52188,42257386,128644,46546,42287755,128644
a36515c9ce9573dc,62099,52157716,136268,56455,52198256,136268
a37dea4f2bc587fe,86829,76937332,103704,81186,76953866,103704
a389c8ac4c79d69b,78247,68332947,131014,72562,68346247,131014
a39117acd99400b5,114648,104754557,137218,108963,104765010,137218
a39271dcd0217777,92929,83035414,141043,87241,83046011,141043
a396f80572e16bd7,89765,79876999,153195,84084,79888804,153195
a398fe8c0c02db59,10368,436172,137973,4707,467317,137973
a39c85e4ccf9152d,61466,51574044,138597,55782,51584649,138597
a39f3178ba642501,85879,75960800,138673,80200,75979166,138673
a3cfdaf6e8464a1c,98532,88614575,138212,92863,88631784,138212
a3d638f6935f9546,68592,58674542,129133,62912,58690815,129133
a3dd6104fc3efd4c,65285,55394360,138957,59599,55404637,138957
a3e4ead8149457fd,26761,16836570,137922,21087,16866554,137922
a3ea88c6d3f189d9,80758,70838189,139912,75079,70857937,139912
a41214b214cbba80,101446,91554779,139199,95759,91564565,139199
a431da09fb35ce28,94027,84114714,139928,88345,84126326,139928
a43c4264b79eb397,11231,1316312,137383,5545,1330314,137383
a45d09e7bc325b08,101694,91774464,137609,96014,91793133,137609
a45ef52b4b9c508a,100940,91037618,155882,95261,91050045,155882
a466485bc4f4310e,90408,80456852,129431,84758,80507339,129431
a47887df7fe335df,32265,22353555,137274,26579,22365238,137274
a4b0f28a8fb17671,25739,15832101,129368,20054,15842720,129368
a4cb1180de601555,117258,107333498,130918,111604,107356730,130918
a4d3822004a98a4d,11821,1958105,338871,6183,1995919,338911
a523715ad22afb8b,48113,38196903,137040,42432,38213034,137040
a52dbe4746c612b9,61560,51674086,138325,55879,51684445,138325
a5431c50ddc44801,106046,96153795,131663,100390,96163436,131663
a54c4a0f985307bd,116135,106217944,138016,110455,106235571,138016
a55e9c40d32888cd,17689,7819698,340425,12039,7846653,340465
a5792edb888e3101,18398,8493527,137744,12712,8503008,137744
a5b988d2863a78c5,54734,44817117,137210,49046,44833981,137210
a5cf2ff3152dd088,94771,84857633,142842,89090,84870695,142842
a5d82435cde5a9dc,61030,51114295,138797,55350,51129736,138797
a5e7d5b193d3f937,37814,27897089,137636,32139,27917854,137636
a5ed2041c148fc04,11981,2039195,128711,6352,2081871,128711
a5ed9736cd00f19e,39377,29457081,138073,33719,29487856,138073
a63f4d67225c5040,119310,109375504,129377,113651,109409907,129377
a651b80a34e50048,35954,26037053,138514,30275,26057009,138514
a66330a802f238c3,49418,39513950,137549,43734,39524071,137549
a6809fec7cdab6f3,26825,16913651,138266,21151,16927984,138266
a682163de100a022,99766,89854639,139115,94087,89866560,139115
a69590c7bd43c15e,11322,1416734,138505,5632,1427028,138505
a696bb5a741d6fb5,89326,79353294,131668,83658,79426615,131668
a6a8a889d0e9abc3,100785,90894660,138629,95102,90905314,138629
a6c0250bec61a21f,70666,60773628,133471,64979,60783746,133471
a6c981fd301d7699,30339,20433619,138338,24654,20444211,138338
a6d32808eb10d2d1,100245,90313239,130790,94599,90345014,130790
a6e66c8515eddb31,46279,36358524,129360,40638,36378529,129360
a6e8b4f6a0f0b12f,28350,18435480,140019,22666,18452187,140019
a707b99e8ed3907f,35338,25416680,136211,29689,25450844,136211
a7094f0910837051,59071,49157399,137819,53392,49170482,137819
a722260c3423943b,19775,9844501,128800,14133,9875284,128800
a73a5e122198364f,60868,50953969,138059,55190,50968218,138059
a73aad3a4be49d2c,119249,109315685,131350,113593,109348151,131350
a73f93298fd9f60c,108404,98494411,137110,102728,98504632,137110
a744f5bf1434a61f,37081,27154275,141193,31454,27194608,141193
a757b66a5415f34c,66844,56954508,141427,61160,56965025,141427
a77348c10541381e,56545,46654013,137063,50869,46664133,137063
a77babd473e8cfa0,49972,40059734,136517,44292,40071753,136517
a785d600a557b743,52564,42634106,138705,46903,42664873,138705
a7902f90fd260439,81729,71817922,138611,76034,71828315,138611
a79114e0edc74285,47206,37296917,156671,41526,37308042,156671
a79ab5e5e0987e03,27579,17654209,129128,21917,17682386,129128
a79aea1f09dc1e38,76125,66214810,141296,70444,66225561,141296
a79c6b2607f67ea1,11414,1516435,136856,5731,1526307,136856
a7a733c648828154,54110,44198095,128796,48452,44209487,128796
a7ae78a66487bac7,77100,67178243,121650,71455,67198388,121650
a7b029b1e0008cf2,103811,93894673,139127,98131,93910651,139127
a8104b9e44221d57,71504,61575923,132790,65847,61604180,132790
a814842580dfbe75,40714,30804153,136791,35033,30814380,136791
a816da6188ceb38c,22635,12732239,130158,16944,12741203,130158
a81cd3edd7c43417,54420,44533615,136971,48754,44543964,136971
a81f9bb2dc0f1820,39525,29634240,138860,33845,29647671,138860
a83c736a82e567a0,84320,74434792,140859,78640,74445382,140859
a8489d872b07c7a6,26074,16156869,137553,20398,16176180,137553
a860159070bd14dd,103123,93214536,138213,97444,93224671,138213
a870738db4cd5c5e,93834,83914975,138960,88155,83934111,138960
a8822d6f0eb21133,60107,50172456,129370,54462,50206587,129370
a8a8b992fb0c62d4,53361,43453737,137882,47677,43464657,137882
a8d65df7faa71834,60966,51054138,139138,55287,51065747,139138
a8dbff5aa349dc6e,83415,73514280,137801,77741,73523850,137801
a8dfcea800c3d4d6,52769,42856925,137394,47086,42869273,137394
a8e15deaccd9c70c,30524,20633718,138165,24839,20644143,138165
a8e5140c5ec213b9,86315,76418229,138804,80632,76429026,138804
a8e90d41eae1db76,51212,41296937,136827,45530,41311946,136827
a8ea0028e69f2dea,32328,22417113,138450,26639,22428682,138450
a8f88c848ee543ae,46311,36380279,127943,40670,36410486,127943
a9017cb0f9e4ca8a,52799,42894798,137867,47113,42905222,137867
a92a193ad31843d6,65069,55157583,139424,59386,55168106,139424
a93b85420ebb0f36,79436,69497514,138284,73778,69536427,138284
a9463134566e9f5c,43639,33693492,128578,37939,33737973,128578
a94be7b4e56038a9,86440,76554249,138079,80760,76565463,138079
a971dde42b492576,119919,110001035,137017,114239,110018994,137017
a9734e40100a6b2d,18488,8593550,137996,12799,8603498,137996
a99d818c394125db,22128,12213736,138685,16449,12227301,138685
a9bf914d578fab6c,49040,39153651,137027,43358,39163143,137027
a9c080115d19aedd,102477,92558294,139081,96806,92577046,139081
a9e04772d5b50911,38069,28157109,137514,32392,28175382,137514
a9f891cefead851b,58458,48537164,137245,52795,48558627,137245
aa0343be0d0610d2,70227,60315487,146563,64550,60327765,146563
aa052c67eb0ad53e,65440,55553966,137619,59759,55564234,137619
aa1c256c7dd5c1ac,15670,5753335,137074,9995,5771952,137074
aa5c96aea3750ecc,15111,5196514,137507,9427,5212979,137507
aa86a639e50a6650,59508,49613873,137098,53822,49623264,137098
aaa52c3a215a32bc,18640,8716545,138251,12961,8739916,138251
aace6d4d727896a3,74233,64317346,132641,68551,64333260,132641
aaf029e60df2e72b,62494,52577085,137230,56817,52594122,137230
aaf571379b0afcd6,89957,80034873,138087,84282,80057388,138087
aaf6c4776c90b9ce,36204,26296843,137987,30522,26311043,137987
ab246ae46cd69d74,24260,14373712,138674,18579,14384677,138674
ab32ecb850fbdde4,68433,58514211,138844,62757,58533473,138844
ab66bd35fb3cfe86,87467,77565859,139131,81786,77575692,139131
ab6cc3a8747d78b0,69471,59534537,140260,63823,59571050,140260
ab7093678a45b6b1,49573,39673897,138328,43884,39683558,138328
ab7e651d7f32b185,10978,1056631,137900,5297,1077117,137900
ab842d1f5d54f943,86723,76814418,138835,81043,76825044,138835
ab8bc5e2cc7027b0,79788,69894014,136936,74102,69903816,136936
abd162cea48555a6,96451,86533427,131478,90791,86550554,131478
abd56f58369886fd,43449,33508742,128297,37764,33548567,128297
abe89405e867d972,29451,19517053,138098,23799,19554436,138098
abf793a3d7e2f556,94627,84695691,132074,88963,84727118,132074
ac0d5324485451a0,68036,58117776,139471,62339,58136158,139471
ac243c6f866c2efd,21920,12024603,137294,16232,12034645,137294
ac2d96ac900fca53,42356,32456947,137796,36673,32467146,137796
ac6295da9cd567cb,119280,109353693,131782,113623,109379597,131782
ac721fd62dd957cd,74390,64475755,133193,68704,64489920,133193
ac7bfd2cc1214c28,49225,39313708,137272,43545,39324615,137272
ac93948a52a631aa,60265,50334200,139003,54613,50365220,139003
aca08928be32d991,54080,44176348,129990,48422,44186225,129990
acb1cd7428afca73,73130,63235286,89120,67480,63251080,89120
acb5d093a9beb000,35246,25316526,136520,29605,25359832,136520
acdccaa3f0295d97,51593,41693668,137221,45903,41703902,137221
acfa72f9f3040ae4,78214,68298797,139942,72530,68314193,139942
ad1b5a534c9d9a77,113896,103998227,138196,108210,104007796,138196
ad3849060cf5c3db,37509,27596915,138988,31837,27616538,138988
ad3d7ac0d3e2fca5,103939,94016382,113353,98300,94037698,113353
ad49bfad475aaa0f,22418,12513625,138810,16735,12524541,138810
ad5976d45d6b6e3f,115616,105698439,137496,109942,105715644,137496
ad60029a7331e946,45524,35633902,137661,39839,35644222,137661
ad7899ee4ae45164,71247,61314640,119534,65597,61345962,119534
ad82e702a850af01,65223,55317415,139543,59534,55327029,139543
ad900d8ab0d816f7,114016,104100944,156714,108338,104117661,156714
ada9bff4c91236ff,11353,1453182,136928,5662,1462975,136928
adc93664740dd275,27089,17196655,99446,21449,17221965,99446
ae11be8942695e53,15914,5992068,128913,10288,6023737,128913
ae13e8d75c47ec9a,67162,57235071,129013,61487,57260470,129013
ae1f3e673a57d87f,15817,5897047,129272,10192,5996109,129272
ae31e58d91b9c1f3,40788,30895318,100012,35143,30911771,100012
ae3d0dfc5a760e27,16845,6933202,137101,11166,6945049,137101
ae562c7077027e06,110886,100974541,137923,105205,100986241,137923
ae5fdba51e9322a4,51310,41394593,136696,45625,41409540,136696
ae883805685d16e9,54670,44753871,137337,48988,44770405,137337
aea894a82eeff0c2,110306,100377956,138398,104640,100405844,138398
aeac34f942203531,21112,11271825,340539,15492,11300415,340579
aeb8cc305a4e2591,37175,27253586,136806,31543,27288631,136806
aefce292908c1901,93212,83295613,131176,87531,83310596,131176
af104d1ffc993a0f,21752,11814110,127646,16087,11851378,127646
af12c94e88e3b488,72461,62558182,134738,66774,62568676,134738
af1e4230882aa5b1,44184,34280619,126947,38516,34289807,126947
af3477e4ea7ce600,48651,38717132,138300,42987,38750848,138300
af4eecfb60c261ba,54541,44633987,137170,48868,44643745,137170
af6caa634b1937e9,28910,18993593,137799,23232,19013260,137799
af72e32f65cf5747,41217,31293520,137228,35558,31317395,137228
af82869deb85e1e1,99177,89273785,132875,93493,89283009,132875
af9798146c9236e8,36984,27051942,128351,31359,27100953,128351
af9a3eb0d5e9bc4e,72737,62817727,131825,67060,62836863,131825
afa73fe05ac511b8,64127,54177800,137975,58480,54226901,137975
afe693ddf87844f3,86690,76774591,139634,81011,76790853,139634
aff6cbb196f380e4,90771,80855086,142215,85094,80871344,142215
b009778f787e12fe,33115,23172060,128684,27474,23214286,128684
b00a58699ec269b5,37568,27673592,137834,31888,27686165,137834
b0145d75ba57c8f9,117130,107195640,129800,111481,107229577,129800
b01e2a73a169d0c9,54860,44953848,137265,49163,44964189,137265
b01fda9917454e7f,103406,93498252,139137,97716,93508880,139137
b02cf4d0f60c03bc,38495,28577044,137878,32795,28589355,137878
b044f155bc8c658d,25039,15153662,139045,19361,15167941,139045
b04959b0b87df406,116384,106477849,137797,110695,106487875,137797
b058d9c2344ce315,117896,107978079,137981,112216,107995849,137981
b0bbb41b4245759c,103467,93573236,130570,97778,93582984,130570
b0e1d47680962c68,83292,73393399,131718,77627,73403099,131718
b0e51bece67a9e27,66814,56918234,140204,61130,56928673,140204
b0e8116ed7ed47d1,75365,65433150,132107,69715,65464637,132107
b100d48d1fbc70ca,38786,28918433,333892,,,
b104e0c5249843b2,65754,55879433,339967,60099,55907590,340007
b1240d932138f476,78865,68953646,134695,73186,68965414,134695
b126c8416e3bcf2e,63210,53305825,137006,57522,53315461,137006
b128b64c09dcd5bf,23822,13912231,130389,18137,13921926,130389
b12a6cb498d4f538,117682,107794594,136623,112000,107805355,136623
b134f464e7f667b4,99970,90078312,102154,94330,90096799,102154
b14169d59cbe1a21,11725,1813258,138084,6046,1828603,138084
b1495ceac7c16ec3,35579,25676689,137573,29900,25688896,137573
b14d1a340a332f0c,79554,69634353,138284,73883,69653730,138284
b15c56ec6d26f174,110661,100738042,137949,104982,100760674,137949
b173f9269304384b,48886,38976922,137694,43199,38986544,137694
b17d0bd959344dcd,13282,3373751,137764,7593,3385168,137764
b18de625ea04272e,29717,19813743,138839,24035,19824062,138839
b19e23a02469bd40,75396,65455701,133548,69745,65495399,133548
b1d0f4357f67b3a1,33965,24053312,136231,28285,24064810,136231
b1db8a25dc9db222,110033,100093551,131014,104394,100131986,131014
b21cda638ebc9ba7,25768,15871994,128528,20081,15884332,128528
b221e76de1e7c2c6,116915,107042166,352958,111262,107070084,352998
b25e57795c38ef74,56138,46214035,129359,50483,46237832,129359
b2a14c4de563638f,70635,60733703,135716,64946,60743721,135716
b2b19875b9406c4e,111442,101534889,137386,105763,101546008,137386
b2d0a1dd7fffe486,39257,29333810,138878,33615,29373808,138878
b2d0dd08b17848a4,46809,36893822,137530,41135,36908961,137530
b2e2e20ddfebed66,42957,33014700,139396,37310,33057928,139396
b2eba578012e0c8a,64878,54956885,137551,59200,54978909,137551
b2f3c9efa2feea9d,73242,63311335,122235,67592,63340853,122235
b2f4ef41275cfaa1,73059,63153517,133596,67378,63162958,133596
b31380a6bd0d163a,29328,19391732,127405,23685,19428197,127405
b31bc7b91447b9f6,16813,6896838,138505,11133,6912338,138505
b36e824c0143ef65,62582,52677317,137939,56895,52687874,137939
b37acfbadd6b4e66,21396,11443791,111868,15776,11494788,111868
b3aad653d0abcc33,12899,2993586,138307,7223,3005503,138307
b3c10baad1ab683e,85628,75734589,139554,79939,75744547,139554
b3e91e9138079bca,115644,105734666,138017,109966,105744752,138017
b40e4688e5e16bb4,33084,23142517,128528,27442,23182569,128528
b419095e35915e03,106578,96674635,138384,100887,96685253,138384
b41dae06f8bc7526,44249,34361090,346376,38580,34386634,346416
b427988fd44e5408,95361,85454662,139325,89677,85465043,139325
b445073405018021,28473,18573386,137669,22784,18588672,137669
b45fee0d0db34790,70758,60856223,133356,65072,60866324,133356
b46a8cc0cd76f598,23628,13712383,130271,17958,13727128,130271
b4937604a62bbd0c,75090,65198058,105368,69445,65213074,105368
b4ace03458d794ed,54476,44556830,137222,48808,44575650,137222
b4b11935122a23c5,65407,55514119,138310,59724,55523630,138310
b4b50704474f2507,40057,30153704,138269,34380,30163929,138269
b4c015fcc2797e4d,90742,80815843,131755,85068,80841270,131755
b4c42f5a49c47363,72492,62593372,133908,66805,62604165,133908
b51e59b3ce26d413,18250,8333636,139480,12578,8349282,139480
b585c132851a09b4,53266,43354168,139649,47585,43365946,139649
b598253a61a49b26,56982,47077152,156507,51302,47088856,156507
b5a630926e896bc4,103026,93114627,137850,97349,93125705,137850
b5cd92cace9d5989,17811,7880200,129443,12160,7910466,129443
b5cdf009241870b0,43846,33933590,137319,38143,33946342,137319
b5e809f89ff0f53b,28503,18596577,137336,22812,18607789,137336
b5ebb2192f89ca9c,19614,9696570,137204,13933,9713617,137204
b60dd4296a93f0b8,63457,53557250,137711,57772,53567941,137711
b616d20755a475c8,51469,41556775,137525,45778,41568629,137525
b6171e8dc54c61f0,87104,77173120,130994,81456,77203517,130994
b61c5a28c4cbd5f5,53761,43836804,137108,48082,43861671,137108
b6445be80ee1d34f,113704,103774745,138276,108033,103803563,138276
b656f64916be55c4,33867,23953507,137420,28188,23967440,137420
b6665b10584be8f9,115160,105213217,129502,109525,105259484,129502
b66d72da325f3ac1,91974,82066716,139848,86295,82076379,139848
b66fadc396814fd5,58695,48797455,139141,53011,48807053,139141
b6820e697e1add37,88956,79037132,92914,83315,79052709,92914
b682314b28eeb22f,46690,36774077,137790,41029,36790254,137790
b6b09589a7d973ae,61189,51274832,137399,55505,51287873,137399
b6b5079e6786b4d5,111043,101134657,138097,105356,101144175,138097
b6b5a18cbad59e0c,93370,83455931,132231,87687,83469872,132231
b6bf7751e557670e,93801,83878017,139370,88122,83901168,139370
b6da56d123331c1e,33544,23633886,138258,27871,23644336,138258
b6deae6cd3d99932,46567,36633919,138030,40916,36666236,138030
b7117210f9ee9613,99701,89794927,139344,94022,89805362,139344
b7298720ad7ea0e4,20737,10773186,135632,15100,10837237,135632
b734d24490949794,39554,29657462,137191,33871,29668907,137191
b73993a37561e916,116569,106675073,137518,110885,106685101,137518
b782a74658dab177,82909,73015621,102958,77253,73030208,102958
b7adee88df7f0513,117289,107355469,130115,111634,107388354,130115
b7af6e3a54f91957,52030,42116852,155561,46350,42130838,155561
b7b4f46f526b0244,79466,69534745,137785,73805,69565921,137785
b7da4537f510587a,39615,29716752,137980,33933,29727794,137980
b7e5a5ef9e077d85,9957,38106,128548,4317,57141,128548
b7e6f8d3c155a0d4,24041,14135006,141306,18342,14145448,141306
b80c4ef8e73efc5b,109906,99955444,130415,104272,100004801,130415
b80ed3d0da81bfe7,64368,54437156,137419,58701,54468434,137419
b83643acba3b1e32,80886,70974412,139156,75205,70985643,139156
b83bae225de556f9,59292,49394015,137496,53607,49404695,137496
b83de2e09dddf216,97910,87994893,139407,92228,88009683,139407
b8442175b206d8e0,94921,85034872,138744,89241,85045804,138744
b858c28b05a0dab1,59978,50057638,129518,54334,50077224,129518
b87ab2e6ca204dc6,38690,28779833,154349,33019,28796003,154349
b87c5f09f832ea44,92638,82713276,131514,86976,82738103,131514
b8a6163c7edff0d3,21640,11691849,128863,15993,11739146,128863
b8dbd54ec86a201c,115674,105757934,137953,109992,105773057,137953
b90287267c43265e,95138,85217904,138906,89459,85237516,138906
b953cd388abfd14e,116689,106774707,137455,111009,106788223,137455
b95b7e241dfbbc65,12296,2373413,137700,6647,2400430,137700
b9625d33cba0364f,33397,23456917,137806,27740,23497254,137806
b972cf8a256a1a7d,32921,23059954,339593,27276,23084450,339633
b986e2e70f93d62e,98094,88159364,117178,92448,88192669,117178
b98af0276fb3120d,26454,16553868,139623,20769,16567883,139623
b98c30a5e8e62d2e,18833,8916668,137559,13152,8933069,137559
b99c442b6e1440ac,31614,21696759,138125,25937,21714191,138125
b99cfa018b0fa190,116951,107059040,101509,111303,107076780,101509
b99dea548c675786,39227,29296876,137376,33589,29340031,137376
b9c28b3c864c968f,87408,77494512,139332,81733,77507439,139332
b9f590f1f0e2ef44,71839,61933701,121642,66153,61942822,121642
ba21232655d8daab,37112,27177364,136424,31484,27224634,136424
ba4a089a0fa74c7c,26171,16256528,153632,20494,16274273,153632
ba4ee1ef8913a1a0,107575,97678271,139000,101892,97688989,139000
ba711e0956e22151,72431,62535455,145393,66742,62546646,145393
ba973c9bc67cb466,72584,62693186,132814,66898,62702644,132814
ba9b6e47fc759f80,16908,6993369,137639,11229,7009302,137639
ba9b6facbf793026,76747,66835820,147122,71067,66847832,147122
ba9e41ddae1a0239,80260,70355254,143326,74575,70365272,143326
bab20b44dda2d8ca,42637,32719714,154650,36959,32738618,154650
babf67209471c2ca,34874,24998510,335835,,,
bac12f916ad64e8a,64220,54274278,136636,58567,54319392,136636
badf60cc9e43c543,95854,85938361,139593,90176,85954328,139593
baf8578ce69dd076,102840,92954546,138266,97164,92969531,138266
bb0ae24f26e1da47,82006,72114676,140463,76327,72125550,140463
bb22bc9a2366eafb,60043,50101287,129645,54398,50142180,129645
bb3889ea4b9e6c62,111073,101174643,137125,105385,101184453,137125
bb3c0643c6e535cc,95544,85655100,140487,89861,85665857,140487
bb3ed051c75d41a6,94225,84282190,130701,88591,84324235,130701
bb42e84e9d8c2720,42795,32874870,128659,37151,32894096,128659
bb4adf6551c24bff,69716,59792655,129920,64050,59816256,129920
bb4cba00f7fd1753,111571,101654744,137743,105891,101670710,137743
bb514ff25b41072c,79187,69233226,126198,73544,69285773,126198
bb52bd8f8523a02d,12932,3025078,138113,7255,3039867,138113
bb830c0d08a8e0c4,116323,106415206,140195,110637,106425325,140195
bb8918c70ee93c58,64398,54474170,138150,58727,54497102,138150
bb922ffaf3ceac13,99580,89694747,139781,93900,89705164,139781
bb9ccd28408dff33,110823,100914831,137932,105142,100925196,137932
bba5ba4526509777,76909,66993601,134411,71227,67009286,134411
bbdd6104402a6abc,56755,46837218,138869,51076,46854932,138869
bc14c67f7bfc542a,23476,13576960,138620,17814,13587381,138620
bc1ab6ed79d7541d,55734,45833904,138262,50043,45843823,138262
bc22304da7e57f76,92200,82277401,116576,86561,82299427,116576
bc2d54b83d4899a6,67730,57732822,130723,62090,57829301,130723
bc2e44f8a37739e6,57420,47534098,138918,51740,47545023,138918
bc478b9dfb676a46,115095,105162078,132133,109460,105194864,132133
bc48e9bd0d19c66b,66423,56456092,133881,60779,56522921,133881
bc53dd77011d2ae4,108040,98095412,130566,102395,98138807,130566
bc65ff349763fa0f,49480,39573741,138044,43795,39584217,138044
bc8197d15670572a,54234,44332357,129026,48575,44342114,129026
bca182b856d50c23,101006,91094641,138295,95326,91106105,138295
bca7d5eb1cdeae55,88398,78497004,140677,82712,78507067,140677
bcad85b764e27392,42573,32657161,138509,36895,32672071,138509
bcd8b3cd2520da3f,93681,83794892,139917,88000,83805322,139917
bcf907d8eab3ffd9,49322,39413716,137764,43640,39423968,137764
bcfad94eed1b7ee1,61714,51797573,138690,56035,51814397,138690
bd060d67988d67f9,78118,68197983,138868,72437,68218074,138868
bd0931c4c8bfeb21,13250,3336588,137663,7563,3353156,137663
bd269ac6b01e7a10,69117,59197699,139033,63436,59216925,139033
bd35c01438104f56,21551,11591988,128926,15917,11650454,128926
bd493c6b033ff577,63082,53174018,138434,57399,53184955,138434
bd690a35a4de5912,115877,105958187,139038,110198,105976852,139038
bdb8026aa983412d,19356,9436896,138518,13676,9455608,138518
bdc84b01a0bc4114,117033,107103549,132040,111385,107132102,132040
bde1ee8f8c495fbf,69686,59752891,129901,64023,59785462,129901
bde9c9e31a363740,45433,35533571,137196,39745,35543841,137196
be0db5d6a1853e5a,76189,66274820,141513,70507,66288615,141513
be20fe3b92198cef,20643,10680450,111928,15011,10741114,111928
be2f832c166a1c76,76473,66573464,133780,70784,66583349,133780
be396663ae39016b,96512,86593245,131114,90847,86611455,131114
be43dc3348f8a3b6,113731,103814749,138723,108055,103831091,138723
be471d85c27e15e5,85113,75175530,131104,79467,75211981,131104
be4f6007bdad279b,114931,105014850,138528,109251,105030265,138528
be55405911f16550,10663,773298,137701,4979,784558,137701
be827cfb30704d97,98350,88416654,137273,92695,88449313,137273
be872deea79dc022,99363,89458166,139501,93672,89468046,139501
be87ba3d3020db55,32969,23076730,100776,27329,23090970,100776
beb12eeb7aad2956,38754,28836800,139573,33083,28858226,139573
beb16f7df351760c,50005,40093998,138591,44325,40104859,138591
beb32ff930e62599,117533,107615409,130444,111856,107631981,130444
beb4e5aecd794d84,109970,100033286,129464,104334,100069436,129464
bebae76731a5f9af,51966,42053777,138064,46287,42065715,138064
bed5c043517934a3,103436,93537750,156092,97745,93549491,156092
bee72c2bdfe5ceb6,89409,79453369,132143,83730,79508198,132143
bf228838104bc1c1,52683,42774010,137936,47009,42784377,137936
bf7480b99e24dfba,78833,68916523,134063,73154,68933225,134063
bfa68bdd61309589,27935,18017377,138538,22259,18037918,138538
bfacec70cf32513c,56171,46252360,128683,50515,46269525,128683
bfb27387d045819e,61746,51833841,137601,56066,51845100,137601
bfb85cc7467b1e66,75906,66013253,132439,70221,66022572,132439
bfb9d0f74df0a40b,62523,52614195,138676,56843,52624431,138676
bfbcd69dea319f8a,47302,37393895,137400,41621,37403970,137400
bfc9562022e7d4e5,40182,30277290,138228,34500,30286991,138228
bfd98cdd9956c07c,87585,77694652,139399,81904,77709672,139399
bfe27909263429f2,98127,88193723,133537,92480,88226625,133537
bff273a8a5a0b02b,60684,50793777,136487,54999,50804026,136487
bff56add2dde02b0,30493,20593706,138514,24802,20603766,138514
c0030caea741f8d3,104700,94814464,137977,99019,94824544,137977
c027a6baffb961b5,54984,45077187,138374,49292,45086611,138374
c02b6415d5f9610a,29264,19313786,129049,23625,19365243,129049
c03fdcd7ad289644,48467,38533576,136190,42817,38566523,136190
c045a9f4e027f5a4,27816,17916943,138990,22129,17929570,138990
c04d76973fde8077,101759,91837317,136968,96079,91859835,136968
c04ecfeb5fae4687,49874,39956455,136306,44195,39974157,136306
c0528eeae158d05f,52062,42197230,330741,46416,42224016,330781
c05d85e082e2862f,64339,54413933,138039,58674,54439231,138039
c0c4de97ad526855,14461,4553283,137031,8785,4567980,137031
c0d103e5a50dbbb1,27880,17993969,138737,22200,18006682,138737
c0d8f50fcfe5fa43,102388,92458034,139236,96726,92488743,139236
c0e3bd134f76cf2e,92899,82998349,139670,87208,83008935,139670
c10a5adf665bdd4a,93179,83273414,130849,87499,83282598,130849
c11cc92e5b3f6591,13974,4031937,129022,8343,4077268,129022
c12e10771cfebb16,47614,37713633,136663,41923,37723447,136663
c12ed86073bb1c78,94684,84773643,131852,89014,84783317,131852
c14c4fe8a4f3db37,111539,101618097,138311,105860,101638909,138311
c1603c974381ab8b,98591,88675942,132579,92915,88690511,132579
c1772f05bd48a3a3,87168,77234946,141214,81516,77267677,141214
c17e2516a22d5cf8,112682,102802043,181042,107011,102816674,181042
c1b295abcd615f0d,66272,56308555,133226,60640,56372066,133226
c1c4ac02f4373630,115063,105139792,112789,109428,105160709,112789
c1d06f2eb655d01b,40400,30513741,136688,34719,30524509,136688
c1d1dddfc3023246,76317,66413346,133392,70633,66423322,133392
c1ece168694c56b7,107756,97887746,385980,102110,97919357,386020
c20b4395f81be979,69948,60053278,132978,64259,60064193,132978
c2272218adf5796a,22039,12153564,138809,16359,12163802,138809
c2507143781fbea9,96100,86177518,115891,90451,86198356,115891
c25bda2b89c8ff75,118527,108634807,138356,112842,108644714,138356
c29657f5e7685609,91634,81734649,139140,85943,81744860,139140
c296daef5480e4aa,57046,47134183,138998,51364,47145463,138998
c2de912a9c70f2c2,94478,84533630,132132,88831,84576957,132132
c2ed062d6f8a2cee,113570,103614491,137071,107923,103669482,137071
c31141426fe5e000,58115,48174008,128704,52475,48215405,128704
c31bb202b1e6f092,112179,102174148,129387,106562,102278613,129387
c3269d6fbcc9ad6e,14007,4053856,129441,8375,4107219,129441
c3269e32c77cb126,67064,57163759,131935,61391,57173104,131935
c32ce1133c864090,103528,93635006,140230,97841,93644945,140230
c3447ccd42da08a9,104756,94837956,139293,99077,94856503,139293
c366c6b418b61dfb,67557,57550079,116672,61945,57654895,116672
c382bdc01f11274e,108612,98717962,138102,102933,98728635,138102
c3966edb722d43f2,15049,5137077,137190,9368,5150395,137190
c39be1deaf6120fe,79670,69775305,143371,73986,69785921,143371
c3ac31352a9c499f,84133,74234513,138470,78442,74244368,138470
c3b126c858153e2e,88276,78373446,131444,82581,78382611,131444
c3beba0fc316d0b8,40336,30436751,138129,34652,30447208,138129
c3d98666fbe57ff4,35151,25215520,139598,29516,25263852,139598
c3d9f1edf1baf371,97413,87498343,139030,91723,87512038,139030
c3dae40132a0f6ab,111713,101899537,376391,106122,101930513,376431
c3db6c9de5df4d7d,113514,103554708,137051,107877,103613402,137051
c3e50aca21ad785c,98985,89074597,138857,93303,89084600,138857
c3f85a5e4f76ff75,98318,88377452,142221,92666,88418144,142221
c3fcea5727f45855,62671,52774444,136891,56979,52784234,136891
c4000dafc2c1ef99,26486,16576970,136944,20799,16588507,136944
c41d7ba4f8b8d804,89179,79192821,129926,83527,79278590,129926
c42a9175133e7024,44773,34873684,135927,39080,34883371,135927
c42f1df5a8aab738,59822,49913923,138083,54142,49924667,138083
c432e40013039c44,58368,48437502,138668,52714,48468036,138668
c437cf2ac175b7d9,47675,37777334,137052,41992,37787335,137052
c4628e24ac620f93,110126,100194554,137949,104481,100226518,137949
c46f406cf1422b51,55887,45997280,156016,50203,46008723,156016
c4812f19ed1f25b5,42746,32853071,99034,37101,32868260,99034
c49a9be35ab4609d,20857,10913442,138055,15209,10957284,138055
c4a98c010d0919bc,37942,28033702,138257,32267,28050729,138257
c4f7221350ebd4de,82323,72414403,137785,76640,72425085,137785
c5125bd757bd6f5f,33306,23373980,138410,27656,23406323,138410
c5185efd70b600db,18129,8196430,136767,12467,8228927,136767
c529386b635d3fee,116354,106454556,137306,110666,106465129,137306
c54084c051dc7d34,72646,62753621,134118,66961,62763328,134118
c548997914058133,111321,101434835,139144,105640,101445035,139144
c54ee20935ab7bdb,88517,78597783,137653,82838,78616786,137653
c5564284f9363512,61220,51314031,138307,55536,51324054,138307
c577a177a89c272c,58148,48212501,129849,52506,48247608,129849
c5845bd66545ea1c,107107,97194540,137872,101428,97206463,137872
c59321488ec3161b,34125,24213790,138428,28443,24225180,138428
c5afc72268e40d33,23445,13553482,137745,17784,13563582,137745
c5bc710f40963e44,71779,61873245,133148,66098,61883405,133148
c5e2b72e87b438e3,57670,47753985,138015,51991,47770123,138015
c60a3e53398dca82,97627,87730807,116718,91941,87739560,116718
c612bb26d20efbc8,72964,63053629,135312,67285,63064615,135312
c64e0abcb422ea0e,86285,76394729,139589,80600,76405553,139589
c697eb94a08d5ecb,40869,30938886,128098,35225,30968705,128098
c6a31faa5241ba3f,30432,20533383,137033,24743,20544441,137033
c6bc25a08180f28a,47020,37134020,138080,41339,37144120,138080
c6c0ad6abea4e2c2,22008,12113668,138303,16320,12123511,138303
c6d01bffd244ec74,54203,44304189,129092,48544,44314179,129092
c6ddd331b4ee9534,24194,14296844,138319,18511,14307842,138319
c70be83b3dfb2945,89801,79917508,154918,84124,79928860,154918
c732b5cef1aa558d,94538,84595539,131200,88885,84637404,131200
c7380d7af6d12c1a,14727,4813196,137396,9051,4833152,137396
c7631745f9949d2e,15979,6051753,128480,10351,6088527,128480
c7652e4b7c56999b,70260,60340218,146536,64583,60360659,146536
c774a764f9d5f269,113240,103278502,114713,107632,103341141,114713
c795df23c5104728,86495,76580894,157826,80817,76596242,157826
c7ada69b3948dede,54765,44854131,139026,49075,44865358,139026
c7adae60e08b2bb9,100118,90175536,129866,94476,90217234,129866
c7d0c32a650d4edf,34745,24833680,138058,29066,24844835,138058
c80529f57a8d777b,45768,35853673,137554,40088,35867532,137554
c808eedf400347bb,68497,58574660,129989,62820,58596093,129989
c809942992452b63,26041,16133642,136948,20365,16146083,136948
c80bd440cf9e12a1,72180,62275010,143137,66496,62285336,143137
c813c0567a7083f2,20122,10193550,138277,14464,10222454,138277
c813f07a9b27f1b5,85943,76034660,138848,80263,76045480,138848
c822d7d9d172438a,115013,105120817,101161,109379,105139557,101161
c82bd619a1624bb8,86561,76653167,131313,80883,76663462,131313
c83a0f934261ef92,77989,68074580,140216,72309,68089933,140216
c851da510f23546b,87198,77274722,138111,81544,77298404,138111
c854232867873b62,24976,15076982,138624,19295,15087999,138624
c85508ba10c69459,75458,65533399,131396,69802,65557534,131396
c8654e3e9e520522,79909,69993979,136313,74229,70008976,136313
c87e69a20e653686,45897,35976617,136743,40216,35996645,136743
c88c7776bfad75c3,21780,11853888,140326,16111,11880206,140326
c8937b54640ce9f1,94385,84436104,132013,88745,84484725,132013
c8ad572de2ae7d20,109367,99474447,137133,103683,99484647,137133
c8b2496cfafd9cbe,90246,80333187,115409,84599,80344531,115409
c8ba410f6ea2ea9d,18608,8693213,137340,12929,8707940,137340
c8caea265138fd24,25373,15434258,131633,19705,15475392,131633
c8d03648e72be8ff,86100,76194599,139391,80416,76204779,139391
c8d8d492df0f9f51,29200,19252349,130275,23562,19302586,130275
c8e590b0bbb1bd67,24884,14993646,137635,19200,15006859,137635
c8fb6ae5a10b6b6e,48710,38793753,137594,43041,38809919,137594
c9023516256be26c,105639,95717651,138418,99960,95739030,138418
c90492174b4896dd,51655,41753763,137293,45966,41764139,137293
c906c9bb997e9642,70788,60893562,134016,65102,60903302,134016
c91280628ee3d00a,105357,95457986,138292,99673,95467929,138292
c91c10c3935d7f07,24762,14851987,128952,19076,14863227,128952
c943431e7a0838f3,57829,47917380,137442,52146,47928635,137442
c94c669d65147f44,56391,46477119,137112,50727,46491234,137112
c97df522d1ccd083,70419,60513811,135421,64739,60524262,135421
c9ae7fc1392e8164,73738,63833592,134649,68058,63844091,134649
c9d862319a19de31,72770,62853304,133061,67093,62870073,133061
c9df46f0098043be,42264,32373856,137610,36579,32384034,137610
c9e0fc6b6699c142,59261,49353845,137252,53577,49363183,137252
c9eb854214358bf3,100020,90100328,130299,94380,90120063,130299
c9f596ce3adeece2,97286,87374821,139654,91602,87385881,139654
c9fed312dda3f027,13156,3253544,137968,7473,3270227,137968
ca0366c1c7dabb9f,65721,55813925,138201,60041,55824591,138201
ca1bedff226c413f,44653,34752073,127056,38968,34761533,127056
ca30d9f48b782c72,45370,35457145,137963,39685,35470155,137963
ca3503b66ec96dc0,112877,102965310,137647,107207,102976031,137647
ca4b25e2d7a096e1,26890,16973667,138510,21215,16991599,138510
ca73d110d73d7881,34157,24253768,137699,28474,24263898,137699
ca928e70a9fe5a71,71169,61273506,82932,65519,61290042,82932
ca9b3684542b321e,116293,106377194,130014,110607,106392068,130014
caafc7730fcd6c02,85975,76058332,139847,80294,76074912,139847
cac2bc98b27c2855,113142,103220313,114057,107537,103240208,114057
cac673eb82a383b0,29232,19292015,129247,23593,19332587,129247
cac9cd0ba19dfdd9,28625,18733719,138769,22944,18745449,138769
caf12651274022cf,24853,14953692,138270,19163,14964886,138270
cb0d55a9f4176f9d,65935,56012920,130722,60284,56035384,130722
cb1d61f1b91c9d36,38408,28514198,137173,32728,28526597,137173
cb33d2f954103e77,74513,64613325,133180,68822,64622947,133180
cb58b835576a8091,104669,94774728,138170,98980,94785258,138170
cb66b3e3b66b5ee2,79612,69698146,140313,73935,69712322,140313
cb7fd3ff26fd4540,71986,62073157,132648,66303,62085301,132648
cb907c01fa4e23b1,75727,65813497,133680,70045,65830224,133680
cb92b2adcc9a8b29,77685,67773150,131329,72003,67784021,131329
cbae9373e43eca86,20513,10584265,112725,14884,10611532,112725
cc0f245ed6e6b1cf,55326,45413825,137909,49646,45425449,137909
cc1446192dfce193,103616,93698373,138972,97938,93715958,138972
cc24c4ed3d31df9e,103375,93474782,139111,97687,93484964,139111
cc3736220aecda60,31732,21833729,138427,26043,21844311,138427
cc3c22b965acf3ee,102930,93014212,136467,97253,93029317,136467
cc40d2c7e1f753c4,83853,73937999,139106,78170,73952885,139106
cc4ee6e103c95c11,82226,72314643,139593,76545,72325971,139593
cc4ff320d48de27b,32514,22613981,139220,26822,22624369,139220
cc54f6e3a0b8344c,112002,101998062,93417,106409,102099947,93417
cc8843656fbf7db2,53728,43813663,137318,48049,43828970,137318
cc88feec96cae509,38255,28353760,138206,32572,28365539,138206
cc9fc7bb14c176b3,57014,47100378,137566,51333,47113441,137566
ccbddf3ff100cde3,113303,103317556,114995,107692,103404875,114995
ccec0dfb1ea0c9a3,73857,63955935,134386,68174,63970030,134386
ccf72b8b250c0b5f,91512,81596915,141434,85826,81611514,141434
cd122f3a7695d411,41366,31453790,138947,35691,31466202,138947
cd3ee82f8a2ed090,62889,52973835,136596,57209,52989285,136596
cd45ab773345f07f,84823,74960273,336506,79177,74985155,336546
cd519d62c87bd8a9,96572,86653204,130797,90901,86671344,130797
cd5b1f7d444dc4b1,115974,106058429,137960,110295,106072873,137960
cd754aea88858010,61937,52017403,128813,56296,52036206,128813
cd802cf7aecb5120,64628,54734255,138995,58939,54744570,138995
cd843184892b9fd9,39165,29233764,137678,33532,29280133,137678
cd8fa6a4bf9d744d,22225,12319507,173277,16546,12332495,173277
cd97e9d1511582e3,19299,9413538,138704,13618,9423579,138704
cda87cfc5ff54b6f,80540,70654759,139899,74860,70665194,139899
cdd21b9a6d626bc5,107454,97554645,138189,101766,97565422,138189
cdd2e0c35b3ab937,51500,41593651,136703,45809,41604023,136703
cdd7b8da55482fcf,48274,38342767,127760,42629,38373004,127760
cde97a5d2ec2236d,62640,52736773,136348,56949,52747811,136348
cdec7b4ababeac25,82941,73038161,132837,77285,73048454,132837
ce0e5feeb8c121c0,104101,94153387,131073,98459,94200606,131073
ce3dec2064a0d771,112941,103045138,138687,107270,103055995,138687
ce3fd4e1fc954b3f,21724,11791760,128044,16064,11823090,128044
ce51e302b90842e9,44217,34302201,127181,38548,34316755,127181
ce64f596bd32f899,20152,10218038,137817,14490,10251315,137817
ce66aacdb585c2d6,54638,44716876,137724,48958,44737940,137724
ce6d27ae684186bd,92394,82453407,132444,86751,82492772,132444
ce8143648a39aa12,29600,19676906,138984,23932,19706144,138984
ce89bfa360805292,100277,90335306,130622,94630,90376860,130622
ce8dab994ded066f,66333,56355306,132224,60697,56432605,132224
cea118b767031616,48621,38693793,138357,42961,38720843,138357
cea3dcc02f760ff5,108834,98914712,138142,103154,98933914,138142
ceb1db4718453289,43545,33594108,129401,37851,33644486,129401
cebe00640e0b8201,77599,67677104,130440,71926,67697801,130440
cec7214a2752dc5a,99636,89718139,138603,93957,89735797,138603
ced32b22f693815d,95203,85293392,130775,89523,85303047,130775
ced6eba7cdd4c557,90022,80098475,138514,84346,80121445,138514
cf07cc9f29566cd0,13093,3176544,138332,7412,3196933,138332
cf1742d24e84d6f5,67194,57371352,345851,61590,57398238,345891
cf1b311ce7d5482c,44833,34933568,137063,39148,34943395,137063
cf28492a476cb83e,76411,66513577,133452,70724,66523384,133452
cf47ce80ac4e1245,50961,41073659,137279,45281,41083405,137279
cf6965892c665a1a,31702,21797032,138893,26016,21807131,138893
cf6c01655a29c09e,72400,62494923,142630,66710,62505775,142630
cf749e35d67a9f14,113085,103200996,100908,107481,103211885,100908
cf8318b7c17b437b,31008,21115719,99744,25368,21132149,99744
cf8e1a50e5234d25,25680,15774102,139823,19999,15789997,139823
cfb5944a2e7058cb,59135,49217143,137050,53455,49234276,137050
cfcd026437d7726f,99486,89594466,138041,93803,89604567,138041
cfdea4ffa86a70a0,24731,14816242,141525,19046,14833252,141525
cfe090cdd629913c,95297,85377165,142515,89615,85397200,142515
d03a670aaf3fdf7e,103155,93237830,138027,97476,93255021,138027
d0720c8beae7ced7,84572,74654411,137440,78892,74671704,137440
d08bf0c4f792031d,74667,64772967,131084,68987,64782586,131084
d0d342a35e83d5a7,75205,65273576,133419,69560,65304717,133419
d0f71750a94ed300,70820,60931024,120044,65135,60940378,120044
d12f438984dc2da4,53985,44073690,137322,48304,44085568,137322
d136e9562f3cb748,74483,64575827,132815,68793,64585547,132815
d142474b6be33071,51868,41953681,136808,46190,41968064,136808
d151cbb3e6cdc584,31314,21373407,136890,25666,21413186,136890
d15781c31c878b3c,98952,89034764,138933,93271,89051703,138933
d16757f5fb333f5a,21521,11551849,128976,15890,11620608,128976
d18ca600dfd946e5,16469,6573380,137781,10788,6583332,137781
d194c2a59c0892c6,59416,49513865,137249,53725,49523381,137249
d19799add3d946c6,102012,92078939,131766,96369,92111400,131766
d19e77ac89170860,65626,55713953,137804,59946,55726106,137804
d1b3e7748f1589d7,25560,15632658,129701,19885,15661872,129701
d1bf238b1ee47e4c,95700,85814652,139331,90021,85825744,139331
d1d7fd666ada9811,87963,78054677,139817,82281,78065052,139817
d1da445a22000096,71003,61093320,133480,65319,61102736,133480
d1e2e86978ac2398,11073,1156617,137643,5391,1172663,137643
d1e38ad31770aa61,28660,18773457,137258,22979,18785875,137258
d1e7a3a90a8b7bb7,101353,91455794,138092,95665,91466151,138092
d2034f5500ab7157,22815,12896284,128747,17137,12914549,128747
d23a67c80187adca,18190,8273361,137728,12523,8289970,137728
d23d030a81408ebb,42475,32556984,137930,36797,32575009,137930
d259e45f219d8abb,29865,19973926,139226,24180,19983615,139226
d26e0d58f3f4227f,118312,108414936,137844,112620,108425753,137844
d28c140a52ccc1ed,28564,18673408,137250,22879,18686371,137250
d29ff39e40b8e1a2,17940,8013887,140439,12287,8040111,140439
d2b00acd911b7a11,21364,11424796,113270,15745,11462311,113270
d2d48f4527e0f762,58606,48697097,136943,52926,48706487,136943
d2e318e6a56f6568,91226,81317589,156915,85547,81330370,156915
d2f43903a253cdca,83979,74073338,132421,78293,74083029,132421
d32f06568df6f8d3,48435,38494139,139444,42787,38534716,139444
d33a25d305a07d9f,116261,106355262,141226,110577,106365439,141226
d373379eadd60f5f,11199,1293124,137036,5514,1303334,137036
d377ff2ba9d88afd,41031,31093425,136447,35383,31130328,136447
d3b77fb6d92a86c0,73975,64065359,134951,68295,64075391,134951
d3c7ca9ee706e002,16718,6796894,139275,11036,6815416,139275
d3d243440d4bb6a6,63272,53357177,138180,57582,53371591,138180
d3d6eee0f97a2374,40213,30313574,137438,34529,30323723,137438
d3e2a5165106b5e7,92960,83074622,139561,87279,83084466,139561
d3e37727ba6e8ae1,47271,37353849,138293,41591,37370573,138293
d3f91e84863c393a,44900,35013791,137004,39219,35024842,137004
d3fe0f6056503226,28534,18633905,137868,22841,18645573,137868
d4049d33f2ed93b3,52380,42437450,137940,46733,42480128,137940
d40d4c0670b77f2e,78524,68615744,132084,72828,68625143,132084
d41186c6961f37a7,100150,90213322,131505,94507,90249553,131505
d43b42e3ab68c390,52106,42213938,100225,46465,42230991,100225
d4608ad2152ec023,45680,35793598,136738,39998,35803228,136738
d462c1f24adfb975,23948,14034058,129632,18253,14047947,129632
d48b5a28b08c2fab,73649,63733553,134119,67977,63748035,134119
d49d60cc60fa420c,67675,57672551,129209,62045,57775446,129209
d4a0225c129a4258,89649,79738201,138353,83948,79748945,138353
d4a6c022d4b79103,16168,6253588,137871,10526,6277817,137871
d4ac8cbaaf2dd97d,24823,14917350,138930,19134,14929694,138930
d4b1e73ac18621c5,72614,62715679,133375,66929,62725437,133375
d4b725822ad538ff,37360,27437131,139436,31709,27471177,139436
d4df30cb1bdd8927,18004,8073274,136819,12349,8103191,136819
d4e425bf4b1dd1a6,98411,88478332,139728,92753,88511031,139728
d513d536b59dbb7f,109336,99438173,139052,103652,99448782,139052
d51fbd54c87ef5ad,12204,2272892,135238,6564,2305612,135238
d52618a449388920,90086,80183977,138643,84409,80194853,138643
d5291e2929da0bfb,43145,33210578,137866,37487,33244305,137866
d53c0afb59e3e7b1,119822,109914890,137792,114142,109924931,137792
d53c2b0c664bd2d7,41425,31514178,136845,35744,31524879,136845
d54e8908acef9d39,16379,6473515,137943,10710,6483060,137943
d554488ee6297802,66024,56135667,81266,60398,56151358,81266
d5975299180b1d36,65495,55580409,156616,59816,55596420,156616
d5bad88377052885,78768,68853697,135140,73089,68867809,135140
d5c550a9099e5c02,56202,46292386,129150,50545,46302622,129150
d5cd5a682a02d842,16350,6436694,138047,10685,6454803,138047
d5e2e3851c62bcd1,32170,22253676,138056,26486,22268967,138056
d601a6fc680ce1f7,109711,99849344,390654,104073,99881951,390694
d613cdc21230a070,62317,52393941,136859,56659,52417295,136859
d66553e7d8d5d83f,78054,68134775,140305,72373,68154552,140305
d6828f2ecd2d7789,112359,102414872,137795,106702,102460046,137795
d687ddd74c480189,78680,68793554,134367,72999,68804454,134367
d696126f2a04c2fe,38827,28934853,98791,,,
d69ac33ee9d72c68,73465,63536125,133036,67808,63565256,133036
d6a2897813694ece,92330,82374892,130471,86689,82429561,130471
d6ad2425ead13194,20092,10156625,137218,14436,10191709,137218
d6bfdf17a48b9adc,81538,71615647,132378,75857,71636992,132378
d6c46a4422480bc1,101597,91678220,138758,95917,91696932,138758
d6fbc1b5ada553d8,21299,11386221,112484,15683,11397900,112484
d71e345746b43a20,104640,94737640,136920,98948,94747735,136920
d73c29ee4fa47d9f,35369,25453660,138269,29717,25480410,138269
d74bb4bc76a3c8f4,96133,86199666,131431,90484,86232873,131431
d74fee4368bcf345,18673,8753941,138011,12994,8772066,138011
d777b06fc5eeb3f9,69277,59357083,130775,63633,59376410,130775
d77cfb84992c22f7,54922,45013913,137946,49222,45023619,137946
d79bd4cd0a7c0183,65132,55217487,139495,59447,55231301,139495
d7b41a1af611f91f,69439,59494452,140222,63792,59538652,140222
d7b707c76c80d018,93339,83433541,132883,87656,83443765,132883
d7c15f3e747ac885,96542,86615518,131995,90873,86641120,131995
d8105022522d7d7b,10545,636232,136065,4865,645975,136065
d81621f60ffaed4b,10307,373910,138001,4653,407143,138001
d816adeeca24dab7,111873,101931902,70646,106286,101969032,70646
d832f71c779a35c7,40967,31032053,127881,35321,31065901,127881
d8433e6abde09f14,61527,51634135,137801,55843,51643729,137801
d848d9316951f995,32392,22494067,138525,26699,22504372,138525
d84a060ebe216be2,53825,43913777,137544,48147,43925682,137544
d854cb0821b48185,46598,36673685,137245,40946,36698525,137245
d858bbc9526c0cb8,23660,13752528,130668,17989,13761650,130668
d85b1a54f87975f5,84224,74334152,137576,78543,74344732,137576
d8916a96f906fbc7,47888,37973756,138022,42209,37987462,138022
d896e56fd6e51801,40151,30253962,138061,34470,30264629,138061
d8c259d84cc382d8,75047,65180464,339778,69397,65205737,339818
d8e5b5da52e9405e,52741,42833749,137308,47061,42844535,137308
d8e5bf99c9bceac5,23106,13193644,139196,17425,13205577,139196
d91a0fd82b87eb1b,57235,47333833,138011,51547,47343825,138011
d922906b20fa8829,98191,88253333,131318,92544,88290533,131318
d928875ed7b3d20d,19872,9932029,129930,14228,9972126,129930
d9452fef0ed6d801,106888,96994874,139521,101204,97006017,139521
d95882d44ecf62fa,88711,78798175,137557,83031,78811402,137557
d95f815780d7a816,66619,56695758,147902,60947,56720139,147902
d97bfc0f74cb60eb,85176,75235492,131460,79527,75275724,131460
d98e9af331fe2f26,102140,92195087,129990,96495,92240098,129990
d9d9b3240cebb9da,80071,70154000,134070,74390,70170828,134070
d9f4842dd4e47877,100460,90534509,137462,94797,90559840,137462
d9fcaa4bc60336ef,19387,9473810,139167,13708,9487674,139167
da13f5f8ba2526a5,113961,104074471,137103,108280,104084986,137103
da1c53abc7987fcb,36264,26373595,136456,30581,26387535,136456
da207fc2817e56af,95886,85974484,138583,90208,85986195,138583
da2ad8d145fb0be1,113785,103874641,137814,108101,103884855,137814
da30bcf1e7f11b66,99394,89494827,139919,93702,89504572,139919
da4b72f9db11940e,117929,108017514,154201,112249,108029735,154201
da55b7ef60db45da,85660,75774655,139141,79980,75785173,139141
da68cec0547e921b,90564,80615738,132517,84907,80663949,132517
da6f32bde9029fa8,30181,20273427,137333,24500,20283865,137333
da92f60cd4602003,68746,58834448,128210,63059,58844406,128210
da94ff5086b1082d,103219,93314697,138656,97537,93324638,138656
daa6aba479780005,50871,40973578,135342,45182,40983284,135342
dacc9f3330a6329d,16939,7029359,138731,11261,7041971,138731
dad49aec31195185,112652,102760808,154803,106969,102772210,154803
dad869a8b2ba285d,25888,15991935,128086,20201,16002875,128086
daddcf74f1c9523b,56667,46774588,138572,50981,46785264,138572
dafc9a27620581af,34405,24514001,139350,28719,24524605,139350
db1680c8e0992496,19236,9336742,138693,13552,9347076,138693
db83fed6e6b9f27a,34093,24176984,138457,28412,24193006,138457
db9edae244d7d79a,117742,107854652,137743,112062,107865385,137743
dbba48bee31f1c13,47109,37193871,137712,41430,37209062,137712
dbc71a7f4e652549,10337,412877,135781,4680,437036,135781
dbc8a7dd67ad9e6e,36951,27020190,128623,31327,27099933,128623
dbcda3a0d418c086,31672,21773561,137580,25989,21784176,137580
dbf6e18ffdf25e97,32728,22813363,136181,27049,22827973,136181
dc06402d6e38b012,95790,85874563,138583,90112,85889692,138583
dc130bc445a6af3c,23596,13675360,129190,17929,13695004,129190
dc1641b5fb4a1217,113457,103477899,134919,107829,103556660,134919
dc363d36678d6928,37479,27573440,137105,31811,27587904,137105
dc5cfa9ec7243152,42893,32952208,128506,37247,32992708,128506
dc7a2e93fb053afb,16043,6113268,136818,10412,6154726,136818
dc819d6014902a62,96050,86157842,102848,90401,86177795,102848
dc88acf8aa95c8ce,112122,102113280,130611,106515,102222337,130611
dca147a26f50fce8,16782,6873414,136631,11101,6883865,136631
dcc10397f594a54f,98650,88732737,115290,92968,88748606,115290
dccc57a00c66bc28,115559,105633552,131413,109892,105658525,131413
dceb119e2f8585bf,81914,72018234,160959,76226,72030296,160959
dd14ecf5b3cd82e7,118649,108734692,137307,112969,108748564,137307
dd1e26ab9ab777c6,57476,47557305,137495,51798,47576083,137495
dd38b11faf520a66,59790,49873814,136636,54110,49889276,136636
dd501f2d443dacc9,67932,57994664,141329,62251,58032877,141329
dd57c00e23df0586,50576,40653729,137585,44918,40676571,137585
dd5f6c8383f7b0fa,82876,72998473,334377,77215,73023134,334417
dd6ad022626e7689,69565,59616572,130423,63912,59664295,130423
dd8078e0a0fae5a2,75995,66075787,134584,70314,66094626,134584
dd84f2088499e8f2,37748,27833584,136834,32044,27846481,136834
dd9772026c290ab7,42386,32493783,137917,36703,32503382,137917
dda8bb9fc2b98677,90343,80412800,117132,84695,80441122,117132
ddba5735ad907eef,114618,104717597,137584,108933,104728180,137584
ddc3351706b4d539,15572,5656832,138315,9898,5674960,138315
ddf6a63220cde4fb,17433,7524732,137596,11756,7536359,137596
de19ba8953e94a6a,66078,56165862,118965,60452,56176478,118965
de1d63c9004aea69,39865,29953776,138558,34192,29964976,138558
de21c7814369a93a,21055,11129449,138261,15381,11155790,138261
de2ac05f93845a49,20827,10873386,137011,15182,10927713,137011
de4490a81b0378b4,27756,17853550,137609,22074,17864827,137609
de44b029ad0e69c4,57141,47234002,138132,51457,47243747,138132
de44ba14ab9c4650,110758,100843677,152687,105078,100859321,152687
de4abee8cd9ffccf,41156,31216893,138162,35501,31255998,138162
de4d441cb3aa1661,81823,71918754,140973,76135,71929197,140973
de6313e426d8903e,76779,66858064,131896,71098,66878834,131896
de73deee1ef18aae,31467,21537165,138058,25807,21566673,138058
dec8d52121295f58,76941,67035989,147560,71258,67047223,147560
dedb10a5f354eb8e,17001,7093424,138192,11323,7104430,138192
df2bd918bae377ec,72148,62235262,145128,66464,62248055,145128
df3fb4467c98f67d,63240,53333869,137487,57552,53343935,137487
df46ba414e369107,47921,38017041,156372,42241,38029260,156372
df4a65f2d0a30819,31376,21436932,137964,25724,21475664,137964
df4ae56f14adb19a,88244,78338208,139349,82551,78348975,139349
dfa28e8a9e658c45,34282,24373603,137753,28595,24383680,137753
dfb5f4f506d6eb31,99425,89534830,139251,93740,89545526,139251
dfbdc58a6c020e16,29050,19160688,120634,23413,19183797,120634
dfd3d027dfc12bcf,104821,94914996,138618,99142,94925241,138618
dfd47c4e569c75df,114114,104200646,136523,108435,104214262,136523
dfdf2f45b7bc38de,32453,22553724,138787,26759,22563901,138787
dfebd1d552f45f03,97255,87338212,139102,91572,87354760,139102
dfef3b4035451789,51373,41457045,137736,45687,41473093,137736
dff0ce85543e3e2f,25650,15733504,138322,19970,15753689,138322
e03154b4fcb924db,94058,84200501,346712,88420,84228324,346752
e03844a573508571,95422,85515835,139445,89736,85525692,139445
e0614fc92165af2d,71719,61810800,118991,66044,61819431,118991
e079d5483b2c7efb,74575,64678202,132038,68895,64688173,132038
e07a8c6db1797a05,118187,108274623,137698,112500,108286004,137698
e09500ea4f023703,105421,95534831,138318,99740,95545249,138318
e0b03da47e9050f7,30616,20716676,137520,24933,20726848,137520
e0b22778cc4dadb6,76845,66935621,146797,71164,66946604,146797
e1043dac467d3ea0,66393,56433393,133939,60752,56492860,133939
e11282c15e88056d,17032,7133605,138515,11355,7143841,138515
e116fa6df75120aa,69226,59334947,109278,63582,59347393,109278
e121c6176b673f6f,101854,91935606,131722,96173,91954130,131722
e1233af8d200023e,113677,103738324,138569,108011,103777019,138569
e12ebf780df28c12,72243,62335223,144524,66558,62345822,144524
e15e7d3bbbe6654a,31251,21314110,140416,25606,21350413,140416
e163394f019f45f9,106450,96534752,137823,100770,96550402,137823
e171757774867a6f,90278,80363279,118381,84631,80376521,118381
e172ae0c9c85df3c,68623,58712664,130320,62942,58722308,130320
e18e74b76685bd37,21807,11893199,136417,16134,11907313,136417
e1976e41801695aa,73497,63573496,134190,67838,63597878,134190
e1aa399536b3aa61,119855,109938260,138111,114175,109954847,138111
e1dd6652600134e7,43728,33799576,155040,38025,33829054,155040
e1ec4c6dd5a0312b,12834,2919608,155556,7158,2938132,155556
e2081e1fea2c5b1b,15141,5233569,138792,9456,5245785,138792
e21805632b52469c,23384,13493857,138514,17725,13503722,138514
e2211bfbb2ca0b72,36605,26693546,137607,30934,26711611,137607
e22adcdba36785ff,55106,45214211,139871,49420,45223700,139871
e239042939765f85,98255,88324538,131597,92605,88354494,131597
e239335828928d92,102802,92914747,138749,97124,92929401,138749
e261f05e74b38477,19904,9953641,128111,14259,10003118,128111
e29cacd50f98c476,107878,97948732,130477,102238,97977813,130477
e29ddd3c2dbab98a,31791,21896866,138276,26112,21908329,138276
e2b13d0b35c6b4ef,71689,61774823,141816,66018,61789339,141816
e2b189d4dfde0036,98708,88813211,130513,93021,88823325,130513
e2c251af636be863,119432,109515198,140753,113761,109532282,140753
e2dbde76c07bd156,89298,79315141,131223,83633,79397309,131223
e2e06c8e10359640,15475,5557090,138795,9801,5577254,138795
e2f31e706363d9ca,17843,7911945,129398,12192,7942228,129398
e310f7b111a247d1,96692,86794925,138953,91009,86805370,138953
e3394c92e36ed08c,32793,22873718,137692,27114,22892964,137692
e35516b6df9c827c,34220,24313422,137154,28535,24323073,137154
e35534ffd9864880,37300,27373858,138451,31656,27413474,138451
e35843d38f57e173,79406,69474272,138116,73750,69505477,138116
e3847dbcad2cc294,117562,107655284,140565,111883,107665321,140565
e3a1d3a04930b7e5,39680,29793684,137987,34004,29810653,137987
e3cd5874e158f79a,50102,40238325,332902,44455,40263113,332942
e3e52a0f037c7989,93433,83534861,139428,87747,83545853,139428
e3e8460c84cb8093,59929,50035785,97674,54285,50052593,97674
e3f57d3f00445fd1,82354,72437796,138496,76670,72453873,138496
e402383bf8091b52,81226,71333116,131328,75565,71342802,131328
e44c2ad6f2581727,40682,30773874,139432,35002,30784133,139432
e44f8544fea99928,64541,54634078,138112,58855,54644264,138112
e45158dc26072e52,46897,36993838,137170,41214,37004052,137170
e452cc1cb6f66691,112093,102068961,113555,106490,102191401,113555
e46ab6dd6551a995,29482,19553598,137698,23827,19584974,137698
e4a86a8da409b0d8,103889,93997260,102576,98250,94015322,102576
e4efd00979fbab83,78929,69013514,133081,73250,69031744,133081
e4fb7e11b8b087d9,109646,99734882,138934,103967,99746608,138934
e4fb9a7fff19200a,21266,11367154,98079,15651,11384694,98079
e52e2b50f1b6fdc4,34990,25058587,128675,29359,25101991,128675
e531ef459203dc3f,78463,68564517,132456,72769,68574447,132456
e5420339882b4d48,14164,4216855,138504,8524,4267351,138504
e54fa85b4f379b6c,35400,25477028,138520,29744,25510973,138520
e57bf2ff5077fb6f,80949,71056725,106500,75291,71070581,106500
e59f0cc5f57224a8,50813,40913581,136561,45129,40923752,136561
e5e06ce3500a1095,36325,26433744,138138,30641,26448390,138138
e60ee5220abc384c,106734,96834634,138314,101040,96845506,138314
e610a548286ba18c,118405,108498135,137799,112716,108508689,137799
e62583b97ab831ee,119639,109738005,137904,113949,109748080,137904
e62ee16060e69d87,17154,7253775,136585,11475,7263579,136585
e63cd77497b4d6a0,47523,37613782,137657,41836,37623284,137657
e6577cab73df627e,94859,84958484,138447,89168,84968480,138447
e66a6478fe8519ae,28225,18311903,128169,22546,18327346,128169
e6a3daf4ea2a6809,64250,54314111,138475,58595,54350036,138475
e6a41f5ba0859019,49385,39473948,138858,43703,39485112,138858
e6a89462a546cd77,46504,36573829,138182,40858,36604173,138182
e6d7e3f76b9311ff,43052,33113774,137309,37401,33151414,137309
e6dd87c43e41f661,54172,44272312,127781,48513,44281803,127781
e6fe8cf24954cdca,100973,91060831,137172,95294,91073645,137172
e6ff9a1c54dc0909,65162,55254252,138124,59476,55263864,138124
e704b98950db7a65,76877,66957702,130859,71195,66976135,130859
e7090b54a86b50db,54142,44232414,128992,48484,44241506,128992
e7138cfabc04d595,85145,75213310,132169,79498,75244281,132169
e72eb5002297cece,18309,8396820,138415,12631,8408430,138415
e73741a8b989e93f,92841,82938054,138255,87155,82948438,138255
e7423ba547c954b0,78402,68493420,133039,72711,68503335,133039
e74a43127df3fd21,14431,4517190,139444,8759,4534089,139444
e75817fe1554bfd7,98223,88293505,132218,92574,88322614,132218
e75af255cf73d925,99669,89754778,139231,93990,89768771,139231
e764fb0040447bce,49258,39337037,138220,43577,39357840,138220
e788a471058e1a6a,63365,53457112,137530,57670,53467269,137530
e7894781e977fa65,118058,108138151,140196,112375,108158008,140196
e78bbdbc2fef98fc,54355,44456996,138154,48692,44467622,138154
e7950a4d74dad324,59354,49453978,138179,53667,49464111,138179
e7a28364fa7674b9,84071,74174420,139016,78382,74184978,139016
e7abb1a3b7832db8,106857,96957731,138246,101173,96968950,138246
e7dd3da44e182bba,95452,85554707,139434,89765,85565641,139434
e7eee6919f1f299c,25006,15113748,138757,19325,15125250,138757
e7ff0398e04d2ba8,13588,3673397,137884,7914,3695816,137884
e801e445fefe25f1,74822,64912987,131687,69144,64922700,131687
e823000b7f38edc4,74984,65075037,142994,69304,65086008,142994
e847be3a99901830,38286,28394057,138646,32601,28406569,138646
e84aa1ef068a2add,112233,102236770,139400,106605,102332776,139400
e8761ce40330ab68,53392,43477078,138236,47707,43491455,138236
e89d4074d838a079,44119,34238950,333337,38451,34263683,333377
e8bd68fa3bdf3b2a,25710,15795741,128364,20026,15810929,128364
e8d876f8f5fbad3b,97661,87773772,132490,91978,87783399,132490
e8d9d22a3687b396,110854,100938401,139299,105173,100954417,139299
e8e363ece07034c1,74452,64553416,133561,68763,64563683,133561
e8f8417aa0e18f69,29955,20044988,138634,24275,20054799,138634
e8f9f7ee130a15e5,49005,39113709,137060,43321,39122957,137060
e92ad344bd75fe70,101323,91415248,139312,95636,91425834,139312
e9573d42520ab877,87802,77897847,157402,82122,77910443,157402
e962c1571bd2236a,33019,23098626,129786,27378,23117865,129786
e9635dca27c1473c,84163,74274453,138122,78480,74285484,138122
e9778aeca1055928,115349,105413452,129734,109704,105448624,129734
e989e64ae133d234,89924,80006157,157615,84249,80025711,157615
e999616059f90993,98679,88773604,132026,92995,88783102,132026
e99f423e1a0ad8b9,116071,106155071,139598,110391,106170492,139598
e99f99a6f23a10fb,84010,74097109,140599,78323,74109707,140599
e9a7a1cfc2dd3d69,117651,107754663,137368,111964,107765003,137368
e9a8b0b87b49e2bb,44712,34813302,135207,39023,34823968,135207
e9b9427421ba3f2e,113811,103914641,137406,108124,103924589,137406
e9cd2fe09f3fb569,32857,22936940,138954,27178,22957380,138954
e9e5776ab0e7e92c,35986,26073906,138955,30307,26092455,138955
e9fe423fd3a252fa,66207,56265900,118860,60578,56305938,118860
ea0f50874a73a0f2,101197,91294976,139738,95515,91305666,139738
ea1775842d9810b0,13941,3999831,128570,8311,4045218,128570
ea24f44f28151ce4,111970,101982289,92780,106379,102068218,92780
ea354ac6d0cc0b6a,38910,28978386,128445,33289,29060758,128445
ea4dee2c560d7c1a,40488,30573682,138240,34809,30587525,138240
ea565cbad67b398f,82511,72596605,130224,76821,72609936,130224
eb3863eb89d5c2f2,35696,25777151,137231,29995,25789129,137231
eb4a57a5f1b14148,117194,107255449,130361,111543,107293519,130361
eb6829fbfd15bf75,101261,91354716,139177,95576,91365258,139177
eb6be62a460e847c,108581,98694678,138233,102901,98705896,138233
eb8787fb548cfb5b,55611,45697191,137609,49925,45710263,137609
eb8dee6986b38eb4,18457,8556399,138686,12766,8566160,138686
eba31bf83bb5bd4f,52623,42697174,137376,46956,42723798,137376
ebc8a84771dd8483,15386,5493370,137398,9706,5505863,137398
ebc97717c792e542,40305,30413465,136962,34619,30424531,136962
ebe113d9438efef6,57109,47197281,138797,51426,47208400,138797
ebee68a302a59f8a,86006,76094216,137746,80325,76106073,137746
ebfef06c2ee02584,68955,59036446,140691,63274,59054992,140691
ec1eeb658181fe34,45586,35693712,137986,39903,35704201,137986
ec27c9839a4fd017,27697,17793824,138743,22022,17807602,138743
ec2d3f136b527c98,63608,53696863,154735,57929,53708925,154735
ec4b976f7ec156fe,36111,26197024,137593,30431,26216516,137593
ec63d93a248f2999,43817,33896869,137421,38112,33917085,137421
ec88a0edde93faff,117472,107556008,131565,111802,107571173,131565
ec9064d8ba020cad,88679,78774719,139278,82999,78785511,139278
ec92c5aee79dcacb,85782,75857787,138717,80103,75881868,138717
ecb2874ca928bc3c,17908,7971972,128688,12255,8006851,128688
ecbe2cb74a689bdf,24446,14533342,137265,18768,14550024,137265
ecdf9b226b8285f2,55548,45634120,138720,49865,45648236,138720
ed032a80a614cd2f,42989,33053699,138091,37341,33089305,138091
ed4cba8afcf4b9d6,21428,11472541,113064,15805,11526839,113064
ed5705275b015cab,19113,9213522,138424,13422,9223547,138424
ed934b9f3cc257d6,75757,65853017,130624,70072,65862582,130624
edb1966b57ab02ee,102235,92295476,140724,96586,92336929,140724
edcde07622033be5,119580,109674189,129675,113895,109683728,129675
edcff893f177d028,108769,98857944,157733,103090,98870364,157733
edd807ddf4376b73,80292,70394924,140737,74606,70405339,140737
ee2dabb204adf917,77229,67293303,133021,71582,67328075,133021
ee3e4239736403c8,107545,97654803,138243,101860,97665643,138243
ee4f131507705125,58338,48414069,138310,52686,48437564,138310
ee53455a2ff0b52a,97062,87157899,156385,91382,87169624,156385
ee6df76fd6a1b939,100908,90994479,137471,95229,91007938,137471
ee7432ca692f6129,115703,105794747,138148,110018,105804790,138148
ee98ce28df5e1d44,93736,83826721,141789,88057,83836896,141789
ee9c2c941a7a0b3b,49820,39933458,136317,44138,39943117,136317
eecbfd42e88e9625,103251,93338144,139052,97568,93350206,139052
eee467f99b364788,20391,10539356,338908,14758,10566119,338948
eee62cb559a4f62c,90311,80392803,116410,84664,80409531,116410
eefc07f1a6234696,18770,8853481,137739,13090,8869465,137739
ef38d8e7d3d1ed48,15017,5113850,138831,9337,5128101,138831
ef63330879f1849a,101541,91654816,138670,95859,91664656,138670
ef8d650510d58535,71378,61453271,133390,65725,61477031,133390
efac3656f4afbb07,47985,38073870,138611,42306,38085260,138611
efb17c1436f816c9,50359,40415822,139915,44713,40458665,139915
efb96cb9eb77b19f,105922,96013428,131716,100269,96023291,131716
efc046125643a67c,68238,58327519,180181,62564,58341430,180181
efe38771cb91d8b1,84919,74999435,129831,79278,75019115,129831
efe3c4c8f9a21cf6,95667,85774755,139367,89985,85785500,139367
efea91fadff15d37,41761,31839893,155515,36082,31862101,155515
efee4ef2d4f3b65f,44623,34712186,128439,38939,34721738,128439
f00857847c3fd830,78555,68655802,144987,72861,68665928,144987
f02ae428158e17e3,94447,84495852,132825,88803,84546234,132825
f0340fa1a03cda51,73307,63373424,133948,67656,63406546,133948
f0767f3b5f557dba,59038,49134138,137880,53360,49144611,137880
f0931c1c5dc84e58,35825,25913605,137778,30123,25927618,137778
f094790befebbaf9,115529,105595470,130198,109866,105628769,130198
f09817b2085c7c01,43482,33543876,128730,37793,33581369,128730
f0f5400ba25673c8,54048,44154330,101164,48391,44169624,101164
f182bb1f465037d4,73528,63596143,134039,67867,63627854,134039
f1879c561ca640e0,109808,99885193,113485,104176,99906660,113485
f188e9fbfa317a76,62225,52293887,137524,56575,52325240,137524
f1a1af238ca138b2,57326,47433879,138472,51639,47444170,138472
f1c7bf24f07706ac,50037,40134371,138898,44356,40144545,138898
f1d37d8c009940d1,94289,84335662,132254,88654,84387981,132254
f1f24b1bf211b849,92608,82675180,130670,86949,82707572,130670
f20c2d681e8a76e9,13029,3113430,137924,7350,3131347,137924
f2134da0bae49323,39735,29816913,137543,34062,29838271,137543
f24142c328b4ef00,88743,78879195,340159,83099,78907260,340199
f2493f9bf172da36,89239,79248030,131805,83581,79338881,131805
f26897f40257ce97,22913,12993084,135652,17235,13012858,135652
f26a2176ab52f2cf,44409,34502088,129097,38736,34511876,129097
f27d31398701f18c,22574,12671996,129268,16886,12681006,129268
f29da9df4358bdd7,117841,107954746,138355,112161,107965309,138355
f2a0ffcee92d453b,109121,99214526,137670,103433,99224979,137670
f2a2c76f87a8d9bc,20358,10452131,139233,14674,10462079,139233
f2c713e59d160981,81976,72081017,139293,76297,72091537,139293
f2c7e7190f7c5770,81042,71133285,132492,75384,71142220,132492
f2c976f8339a21b7,104983,95074693,138687,99302,95084879,138687
f2e44fc71ca2fc53,30680,20793694,138438,24999,20804312,138438
f2f06871d760e06e,54016,44137443,329781,48354,44162150,329821
f2fa7f5c04714c4a,96481,86564563,131968,90818,86580996,131968
f2fe0f7d61907eff,36508,26593691,137403,30806,26606075,137403
f3485930be52e7dd,69745,59814752,129984,64076,59844133,129984
f355462f6d4326b0,24413,14493386,137355,18735,14515449,137355
f37ec67558aebaeb,44471,34549775,128297,38797,34570706,128297
f394bdae15dc3ec5,80230,70318480,141227,74546,70330132,141227
f39e34713cb847ce,27364,17431906,128443,21719,17464708,128443
f3a08a0d77b54fa6,85360,75437084,140552,79696,75460549,140552
f3b09a73ec4301e8,111225,101334571,138177,105540,101345291,138177
f3b30bf456ea16d8,112259,102273550,131352,106626,102359303,131352
f3e225166a5a22c9,63673,53753852,136464,57994,53773069,136464
f4274766f49adea7,12502,2593491,138580,6827,2605210,138580
f429547480d453d6,24349,14433632,138561,18671,14448341,138561
f4386b9b6395f3ef,108433,98534709,137300,102754,98545459,137300
f43d3f82f6d18249,28715,18796846,138606,23038,18818220,138606
f453de04686a2c5b,16749,6836649,156821,11068,6848412,156821
f45ac7e6e1deffa2,10723,833435,138461,5041,844062,138461
f464464049aa9b62,117711,107818136,138928,112032,107829119,138928
f47529c600c36448,21978,12076575,136928,16290,12086204,136928
f487d54d9b4247d8,62465,52553898,137564,56791,52565591,137564
f494bb78b7940bb2,30768,20853728,138195,25089,20867762,138195
f494d106014f41a5,98061,88139478,116380,92415,88159696,116380
f498c8c3aac10c0e,31851,21956950,137394,26172,21967493,137394
f4a4ba1872fc7fa6,101477,91581222,156685,95792,91592170,156685
f4bf3556268255f2,77048,67157710,110530,71404,67171193,110530
f4c6285e3c474ad7,83446,73554337,138630,77769,73564278,138630
f4c72a5eb8c9c803,68900,59012696,129301,63218,59022816,129301
f4d6913fcf926155,31920,22033664,138713,26240,22044201,138713
f4f334ab139702ce,106977,97058500,139071,101299,97076981,139071
f50b1c24712d9ebf,118154,108238037,138773,112469,108254190,138773
f51ab7f79c85df15,32297,22393748,139186,26609,22404631,139186
f5291aab10182c6f,19205,9313321,137312,13521,9323345,137312
f53afe5213ac538c,103059,93154684,137937,97381,93165141,137937
f541f9d9f7432757,71409,61475569,131520,65756,61508171,131520
f54b11782871954f,38316,28425246,138621,32632,28439071,138621
f54b58ae82b9ed58,57203,47297352,138258,51517,47306833,138258
f55407d7b0a147ee,44802,34909845,137229,39115,34920557,137229
f55cb62857c96f0f,81505,71593315,132825,75827,71604561,132825
f56dfb1c74821544,115942,106035095,137945,110263,106045125,137945
f5978a861ee6f24a,76093,66186381,159432,70412,66198699,159432
f59c9cadbe3deb24,49128,39213657,136890,43448,39227178,136890
f5ad20433a84d10a,47491,37577101,137886,41806,37591403,137886
f5b10f3e360e45e0,115192,105235153,130061,109555,105290970,130061
f5c336a532143aeb,79154,69211936,124891,73512,69253921,124891
f5d9a9c19be5f6d9,99082,89174557,139015,93399,89184259,139015
f5fb354d6bddcaf6,118218,108314751,138580,112529,108324968,138580
f61d5c36ca5e8f20,74919,65015244,144099,69241,65025976,144099
f626e2d08d3c6ff5,26235,16319451,137842,20557,16338031,137842
f627f280558ce3cb,77450,67513234,131591,71792,67548765,131591
f6446e80c1be29fa,78616,68715942,135123,72931,68726465,135123
f64994aeed9d0254,15079,5173278,137692,9397,5187758,137692
f64db017d62d6f23,81853,71954385,138499,76165,71964823,138499
f6560c57a5d34dbe,40650,30733903,138847,34970,30749282,138847
f658e842b0ae5780,40275,30373508,136793,34588,30383450,136793
f675e47c581423a5,43267,33378074,119817,37598,33390941,119817
f6bf3f73519ed92f,67032,57113153,130004,61359,57131036,130004
f6da9e493b9e182a,109397,99497805,138010,103713,99508139,138010
f6fb8d089f053916,71034,61116103,135061,65351,61133705,135061
f71fb32e03e09bca,73091,63220418,338723,67437,63245131,338763
f72b358a8fad1210,95757,85838298,140287,90079,85856451,140287
f74bf9178a1406f7,40521,30597072,138680,34842,30620522,138680
f78d910310135896,91040,81154608,138851,85360,81164806,138851
f7b1cd33e743a434,58428,48513950,137298,52768,48528294,137298
f7c138743bd03866,73177,63256170,123784,67528,63276229,123784
f7dedcd654c53468,53695,43776952,136147,48017,43794857,136147
f7f22d3d8a87182b,30150,20233517,137731,24469,20249641,137731
f7fc4c45ae04396b,36386,26493871,138409,30706,26505946,138409
f8061bdac5445c27,51437,41533554,136944,45748,41543943,136944
f80646f45daab1e2,114146,104234796,138969,108467,104247599,138969
f833d79b35ea7d3d,50695,40785614,138310,45024,40795372,138310
f837f600f3c72732,102961,93054581,138767,97285,93065594,138767
f847b7eea56e83f3,70098,60178072,132098,64421,60197488,132098
f85a28c3dab507b0,118779,108858141,138489,113099,108879144,138489
f8684ba0492bed20,106703,96795281,139806,101004,96806271,139806
f8956fa044197dea,35087,25154243,129761,29455,25201237,129761
f8970e8239c88051,84041,74134735,139441,78353,74144813,139441
f8ab34b45a1fbdb9,46229,36336681,100288,40588,36351892,100288
f8b5f67534369c44,18737,8819241,135784,13058,8837203,135784
f8c2e4aa0f4212d2,30585,20693462,137208,24902,20704503,137208
f8d822fa0d1a3997,18865,8953538,138225,13184,8964885,138225
f8d93beb9fd2b923,22760,12874495,142233,17079,12884540,142233
f8db9260a0b611a5,53298,43393809,136501,47617,43404576,136501
f8e0f56d951dd1b6,111165,101257666,138015,105472,101267327,138015
f8ed4d0c3eec6138,41603,31713854,138374,35922,31723954,138374
f8edf2bf591ccbec,17498,7576425,136646,11821,7600323,136646
f8fbfbced868e835,96751,86854568,139490,91063,86865072,139490
f905610da51e9ed0,118961,109038069,114616,113313,109059313,114616
f90d684861dedfa6,30647,20753488,136913,24964,20764072,136913
f90f29415912564e,117443,107533813,131294,111775,107543942,131294
f912d147a23a4b34,31526,21596870,138360,25859,21626060,138360
f91cf57ef94085d8,76157,66238841,142151,70476,66257643,142151
f926863f87a87fad,51022,41133966,138393,45342,41143794,138393
f936be99be71e211,119701,109814916,138782,114020,109824835,138782
f93e484c4e145bcb,38006,28093869,138684,32330,28111588,138684
f965ed32d5c6057f,112285,102313379,130869,106646,102384661,130869
f966762079e34b14,116883,106974627,137727,111202,106984726,137727
f9971e456238693b,49193,39279612,136295,43513,39292644,136295
f9c620809f204af4,83006,73093207,131228,77349,73104966,131228
f9d12d850224d446,45308,35399942,137616,39625,35409993,137616
f9ef2c4601fb3329,95822,85914769,138753,90144,85925961,138753
f9f397e40563f8c8,44021,34142200,137851,38348,34152627,137851
fa01e121e0bef124,114866,104954754,138493,109187,104966472,138493
fa1824bf90ebd6e7,80694,70774365,138839,75015,70793522,138839
fa221e8204cde2c2,110096,100155254,141231,104453,100197106,141231
fa249216c0149d80,50197,40276482,128585,44554,40296150,128585
fa471f62aea83d92,50262,40319612,127858,44619,40360891,127858
fa549d20dc33b88c,12265,2333288,137688,6620,2368931,137688
fa65f3c7fe72b9c3,38942,29012388,128815,33320,29061775,128815
fa751dfad3a3c04a,23137,13259014,341155,17475,13283456,341195
fa78eb00f95c36e0,23042,13133907,139556,17362,13143560,139556
fac9163c810c7e0b,79758,69858523,135917,74072,69868528,135917
facca824de85b54c,49907,39993764,137303,44228,40007386,137303
facff0716368cb8c,62067,52134670,140116,56424,52166777,140116
faeffc1f60621085,98287,88353440,132213,92636,88386593,132213
fafc5b3ca3bd0fa7,72211,62305982,141751,66527,62315908,141751
fb25cb0d1bbe3ddc,111506,101594731,138090,105827,101606210,138090
fb2ae5ceec377f86,114963,105103895,358329,109324,105132381,358369
fb2b76fce2bfc53f,98561,88653555,132041,92889,88663397,132041
fb54971a8ddc1573,19022,9113678,138354,13335,9123829,138354
fb768465044f078a,20887,10936792,137964,15235,10986366,137964
fb7fe9560ccc9009,47429,37513639,136696,41746,37529377,136696
fb891114d5089f9b,48498,38557031,138962,42846,38597695,138962
fb926f9c3a00289f,85207,75273146,130779,79557,75306780,130779
fbb216f2c4e0d4b8,53546,43653682,136954,47859,43663999,136954
fbd84801e2cd618d,12141,2196255,137501,6507,2242966,137501
fbdb216975f13819,94192,84260080,132765,88559,84291519,132765
fc025ec94ec026ed,109214,99314863,138947,103522,99325017,138947
fc1c39fa8746535a,108802,98880966,136757,103123,98901610,136757
fc2a50e2cbf29779,26985,17073343,136815,21308,17090189,136815
fc591ff73ab05a11,15733,5858319,337713,10084,5903068,337753
fc63e848c63a85e4,43668,33734060,139458,37967,33768285,139458
fc69dc1ecc82f79c,84410,74494634,140028,78732,74509852,140028
fc6eee54a16f647f,95234,85315401,130442,89554,85333169,130442
fc8c0e7f7d821f8a,104581,94678346,137074,98895,94688638,137074
fca36c5833898131,21891,11993632,137767,16206,12003948,137767
fcc191986617591b,14344,4416381,137345,8684,4449082,137345
fce9ca75037c2b0b,96165,86233357,131235,90516,86264177,131235
fcf605ae1310684b,91387,81473406,131561,85705,81486589,131561
fd03997cd071e592,65837,55915513,114017,60188,55935799,114017
fd0dfd9886c97aca,82696,72797715,138157,77012,72807470,138157
fd0f93de2e5f0a9e,22160,12253687,137623,16481,12263913,137623
fd30133e249520d7,33457,23533506,137873,27793,23556563,137873
fd3a440bcb4e5ece,80135,70216168,133164,74453,70234644,133164
fd5143970b191a51,10457,536482,138086,4787,557563,138086
fd6149db56375a0c,117962,108057348,153187,112281,108069491,153187
fd64d926b72c5166,110629,100714785,138905,104950,100729223,138905
fd6d50866c70fe9d,44533,34612209,128567,38855,34633152,128567
fd81c70f1f67db51,33367,23433664,138408,27712,23467409,138408
fd955a8984eb1c7c,119886,109977914,156572,114207,109989784,156572
fd9df2f820b20006,23010,13093450,138192,17331,13109750,138192
fdaa5f81ee85cdea,57798,47894173,137470,52116,47904629,137470
fdc4c2f2771dc905,9865,0,343853,4220,28192,343893
fdc5cde40c9ee82d,94713,84795882,132073,89038,84812216,132073
fdc71a01ab4eae7a,21459,11496190,139099,15834,11559345,139099
fdde4c6f7b3c31a9,39962,30053566,136888,34288,30063911,136888
fde3bd37fc01439e,80324,70419118,142912,74636,70429352,142912
fdfb9bd55f3cca5f,19549,9636888,137275,13869,9649066,137275
fe23600797775aaa,68303,58400892,175456,62628,58414681,175456
fe2a933aea81645c,114587,104694395,136602,108900,104705471,136602
fe757707897e607b,114834,104914649,137378,109155,104934886,137378
fe840ddf71e992d1,115224,105273481,130204,109587,105323445,130204
fe8f021bf0fdd123,35277,25353673,137982,29634,25392607,137982
fe95227a32bf9529,102076,92133287,130753,96433,92176326,130753
fe9ddaf602cb5991,18520,8633777,138347,12839,8644307,138347
feef755fdd083c0f,108103,98175035,139729,102456,98203410,139729
fef11fbfbda5f974,57357,47457200,137803,51672,47466743,137803
fef94821f331625d,10487,573045,136408,4813,586386,136408
ff043703be51a6ae,23980,14072117,130231,18283,14082322,130231
ff0892770166246e,87010,77072938,130035,81365,77108706,130035
ff478c6fab2a3e36,105798,95920383,343347,100140,95948194,343387
ff4a237e9f476cc4,48145,38279596,338613,42497,38304577,338653
ff4c6f6aad84504b,14133,4193477,138695,8495,4237228,138695
ff7cd796ffe5c432,89382,79416003,132092,83706,79481191,132092
ff83a2c076062a11,47644,37754148,138666,41959,37764206,138666
ff85d65c42584b47,57574,47657290,137776,51896,47673440,137776
ffa00a365393d436,72553,62653799,133948,66866,62664096,133948
ffc84765e3691aa8,93401,83495237,142826,87716,83505942,142826
ffdc7c115fcfb51d,74328,64415776,132742,68644,64427644,132742
fff619b0863883bc,102623,92717697,139017,96936,92727836,139017
