content_hash,rtsp-0_pts_ms,rtsp-0_arrival_us,rtsp-0_bytes,webrtc-0_pts_ms,webrtc-0_arrival_us,webrtc-0_bytes
002a50f1997ab257,28781,18967500,106853,28765,18985795,106853
003e597ed838f1b8,20381,10562713,148182,20319,10574660,148182
0047dc434886b440,10570,739256,128332,10511,749387,128332
006a05816c1025c3,87330,77487456,118268,87320,77507382,118268
0091a32cd981016c,35469,25660284,133549,35414,25671159,133549
0094233e636d004a,33230,23402174,141653,33169,23412149,141653
00960893849ba323,22806,12961004,134752,22753,12984378,134752
00a64c3e41ac743d,62045,52224918,138206,61990,52236507,138206
00e5779157980d29,85468,75602905,131703,85448,75646608,131703
00ed3d51fb6d389a,60242,50401551,138536,60191,50420577,138536
0112f322a4293068,22120,12283605,135368,22068,12297759,135368
012ae5d3119ccb0e,101047,91225818,139614,100986,91236418,139614
013079cbb7fc5a86,74513,64660407,129810,74496,64690594,129810
013249a0c5186039,87428,77563241,130900,87417,77605702,130900
013c7c3d367f60b3,28611,18783147,141761,28561,18794696,141761
014cc79f1d19fb85,36858,27021555,139730,36805,27035659,139730
014ea9b27edbed75,35345,25522139,142624,35281,25533476,142624
015bac3d3c87c6bc,90778,80962597,142534,90718,80974180,142534
0164bd499bbd1326,53344,43520286,131395,53281,43531263,131395
017bd51c0d275221,85156,75322293,141313,85105,75334097,141313
018a632221512830,93076,83242273,141054,93022,83254592,141054
01a40000b97adf19,84564,74724397,131618,84512,74741801,131618
01b3a4813d672501,43264,33445267,139754,43214,33457272,139754
01b3d5b0f812f5ae,71231,61402554,142014,71180,61413862,142014
01d2f12f6608134c,93044,83206112,139628,92991,83221671,139628
01dfd775c462aa79,23882,14044437,144575,23830,14060519,144575
01e15d80c290f273,83443,73587546,118646,83425,73620631,118646
01ef95cc1c2cc54d,27223,17379980,130917,27191,17401174,130917
01f60fba9b06d29f,75335,65465482,139326,75300,65513924,139326
02040c922223179c,98363,88521295,134192,98313,88540632,134192
021e6c5b130ebded,53095,43261542,138669,53041,43273063,138669
02287e7569dbe46b,83065,73226010,140692,83015,73243277,140692
02322757c1216d30,117316,107502314,138727,117260,107513709,138727
024e7ed6c1deae80,113095,103260827,129995,113041,103273228,129995
0250d636972b9ec9,25591,15780485,135575,25534,15790731,135575
026ec9e506c12ca9,42609,32800406,133687,42559,32816965,133687
026ee4ad898ea57e,87680,77823529,133374,87655,77858039,133374
027bd220287bba1a,85435,75580660,131756,85416,75612988,131756
028be5d386e8c637,54520,44709121,131173,54463,44718983,131173
02a9ba55b7a11389,54578,44806264,354481,54575,44834173,354521
02d9d7a411f34436,13888,4063192,134804,13826,4073437,134804
02e95a116aad48af,23255,13400472,134270,23238,13432553,134270
02fa4f8670274833,39535,29701777,140878,39483,29712771,140878
033657fdfa26ebf9,96298,86463808,135201,96242,86476229,135201
0384400ceacc3793,71392,61562066,140946,71340,61573283,140946
038723ad8e187369,29554,19682565,132026,29486,19731380,132026
03a5289f3b46e291,14542,4720465,135758,14478,4730629,135758
03b2d98a9d017c26,81503,71647116,118558,81496,71680092,118558
03c38326e11aab5b,116976,107142407,139805,116920,107153246,139805
03e64014d6618043,96203,86366085,141164,96149,86381354,141164
03ee908c31bd9e78,88476,78641019,133704,88423,78653306,133704
04554c6af94d94b7,62109,52301208,137107,62056,52312632,137107
045a77da0bf7eedc,55936,46101454,138906,55882,46113786,138906
046a8f0529540bdc,91657,81801834,133439,91628,81835079,133439
046bfb289c4c0e06,49250,39421249,137947,49199,39431836,137947
04776f651815781a,62676,52819889,129065,62658,52853532,129065
04851283a5662c32,49763,39900482,133195,49744,39941108,133195
049cfed4acddbf5a,103893,94066430,141707,103827,94077355,141707
049ec31eea6d6c9b,63632,53800080,130734,63579,53811695,130734
04b220b5b8e0442c,94253,84422502,140838,94201,84434229,140838
04c113fc7c383874,96235,86400851,132074,96180,86412623,132074
0508cbe0dbfe0636,27253,17402348,132634,27218,17431109,132634
050dc32fe5a2aa00,101644,91820588,130548,101587,91831230,130548
052d62e806c7835a,65521,55685601,140690,65472,55699018,140690
058441d296978c11,72974,63161764,138397,72920,63177191,138397
05a88850901e98a0,53469,43660277,130941,53414,43670453,130941
0608d10cb7f9d821,66597,56722350,131034,66583,56774542,131034
06239b0555bf7995,24355,14540288,133887,24295,14551253,133887
0636f26f791fb4a3,50934,41104338,131437,50871,41115774,131437
063ff0e23fca124e,40935,31100378,133481,40886,31115619,133481
064327e1d81f1636,12051,2240576,136242,11997,2251222,136242
065d46d6edeadb0b,45905,36060567,134285,45874,36083401,134285
066d95aea37dc0ab,20504,10684491,145681,20445,10695829,145681
068c2f8a011911ab,13258,3392112,122027,13258,3435331,122027
06928e9507b0876c,113684,103844640,141592,113631,103861765,141592
06b4445cc1c4515c,63017,53182937,147102,62975,53196270,147102
06b46d161e1f5cbf,72648,62802208,142222,72622,62825994,142222
06caaa7f8f3b23d4,106272,96420953,130660,106253,96449634,130660
06f39ef8bd5b4e50,90403,80565877,139763,90356,80581291,139763
06f67d8086919e3c,40463,30640550,133757,40404,30652429,133757
07047fdae603e909,99599,89804369,321628,99571,89830336,321668
070a7fcc20c59d60,76334,66505007,138117,76269,66515918,138117
070d917ab5ee7de7,61179,51345037,137739,61124,51357758,137739
0728b80f23a7ced4,88251,78422974,144205,88201,78435227,144205
0737b8709ec747e5,118073,108222178,138001,118053,108256404,138001
073e569643697491,104499,94643345,131766,104477,94676221,131766
0745889cf1e66d5d,48944,39121405,138374,48881,39132056,138374
0745df86d4022e84,16121,6291207,132785,16067,6301694,132785
074bf87ccd840901,116568,106745602,138437,116505,106756338,138437
077476977264e025,15811,6000168,132840,15754,6010086,132840
078163620c1926d7,39163,29341455,140540,39101,29353041,140540
07993aef769cf079,11729,1878480,124760,11692,1913642,124760
07abfbee3f81cfbd,68009,58202267,142791,67957,58214073,142791
07b7f5b816c0f276,76995,67124986,138589,76978,67172723,138589
07c076ee36cfc439,109801,99966217,139651,109748,99979638,139651
07c868fe8fa7dad2,21330,11463069,134436,21308,11507664,134436
07e650b6adaf6c9e,73601,63780573,131601,73536,63791700,131601
07f04c2471623dfc,97108,87265023,118461,97089,87285122,118461
0801e38e48f889b2,82702,72863660,133113,82644,72879405,133113
083ea3f7d251bd34,100435,90538025,117431,100454,90611431,117431
0864e55131f379f5,24762,14923100,134826,24708,14939389,134826
087ba979033529e4,26750,16921779,142572,26696,16932979,142572
087c42488865a5a9,67081,57245279,139503,67025,57259116,139503
0888d099a01ee5f8,92665,82845792,140524,92608,82856111,140524
088bfc3a16bb32b7,66372,56587508,339235,66355,56614852,339275
088d919285b79fc2,104530,94681186,132385,104504,94707036,132385
08c4e5db32033a38,45094,35281795,140502,45047,35292827,140502
08cedcd9438a9ede,85532,75681109,132762,85511,75711222,132762
08e462bc1708513e,97459,87603376,133134,97427,87636961,133134
08e5f7649f592c50,80066,70225370,139074,80020,70244802,139074
093e755653da643a,95711,85882373,141016,95659,85893465,141016
094e3faad29218eb,12209,2382759,148383,12158,2394512,148383
0968c101acc10350,90686,80860408,129831,90629,80870276,129831
096e26c4d38db66e,54168,44304127,142427,54145,44345953,142427
098e47bd72f94ba9,64637,54780270,130531,64624,54814289,130531
099e4c1e4f8e93be,91716,81866175,132855,91679,81894148,132855
09a2140e60c3b4d6,102009,92180590,129153,101956,92191379,129153
09ad9b5e0cfb22ea,36548,26723998,131125,36490,26734471,131125
09d133ba2e5af01c,40999,31164772,133008,40948,31180729,133008
09d2bed67181e1dd,55711,45876120,151906,55659,45889862,151906
09de7871054af68a,102074,92242081,139042,102021,92253026,139042
0a0482a0c590ad92,46831,37000028,130629,46771,37010346,130629
0a0681f224851701,94686,84865995,141126,94629,84877001,141126
0a07f7ea3232231a,27130,17280014,132430,27104,17308475,132430
0a0cdeb67d425eac,106304,96442921,129940,106284,96482831,129940
0a156b2c021e76a6,32258,22356704,132855,32296,22435821,132855
0a25038e7be07293,27960,18121312,139918,27905,18137557,139918
0a3919ec2a47bc9d,93352,83500497,130652,93326,83529080,130652
0a49954f2db6cb6c,115767,105942517,139136,115712,105953466,139136
0a51b47b21c36712,96924,87093820,140861,96871,87105156,140861
0a94b917b9328e4d,28830,18987873,119346,28814,19006964,119346
0aa6de85e3e17025,47707,37841760,128527,47693,37885200,128527
0ab5791c78b3a83f,68325,58527655,346243,68298,58558123,346283
0abef4389cdbcd04,19969,10146935,172442,19916,10160682,172442
0ac194ec20de86f7,104859,95042184,138288,104796,95052491,138288
0ac383834b14d002,42391,32565157,140109,42343,32578046,140109
0ac6ad987fe8f134,73755,63942083,141772,73697,63953682,141772
0adfb94a18c9311f,83882,74042246,141080,83840,74061341,141080
0ae7c5adfd5dd2b8,15358,5500414,135646,15343,5536104,135646
0af913e8b9ff6c98,59425,49585218,139829,59374,49603717,139829
0b08cecdc7008aa7,23285,13423078,133882,23266,13462875,133882
0b101763a71293ee,79284,69442665,130467,79231,69462053,130467
0b1e5dc432f701d0,41588,31742987,134219,41540,31770009,134219
0b2b3fa748e40ef1,25291,15442824,134085,25254,15468737,134085
0b592ac734c73395,118650,108842479,139405,118596,108853182,139405
0b70b165a1604889,119620,109782800,141997,119567,109798481,141997
0b7e1fd6704d71e4,108358,98500677,130466,108335,98535526,130466
0b9b7a09d5f1b897,22838,13000305,133812,22785,13015678,133812
0b9d12fc5a4b8098,34935,25101923,142588,34883,25113711,142588
0ba3911156cc9447,49732,39862471,132958,49714,39909568,132958
0ba85dc67d3b2d49,21237,11380254,133428,21221,11414260,133428
0bae27c49305cfe1,72009,62180864,134547,71956,62192394,134547
0bc50ffa22cd6281,69714,59901875,138510,69656,59913136,138510
0bea8cd4d38fad39,107094,97262481,140423,107041,97273544,140423
0bf2f7979793a951,33354,23540272,133445,33294,23550212,133445
0bf8edaf27797fbc,67382,57545440,157012,67331,57561695,157012
0c103267d03abb96,33167,23341471,140905,33108,23351737,140905
0c41b1200bb6b918,47771,37920113,131480,47755,37949366,131480
0c6380b2106a45b1,30172,20341488,140652,30118,20352336,140652
0c7553cf4237d561,20569,10760152,132918,20514,10771059,132918
0c83452c14bcf788,98170,88300806,131141,98153,88347594,131141
0c8933d030db2592,94123,84285996,160839,94073,84303123,160839
0c950c12aef725e1,114278,104442313,138571,114242,104456027,138571
0ca53b9436b9ceb5,90082,80265305,138344,90029,80276370,138344
0ca7edc27f498c5c,18237,8402653,133565,18179,8414634,133565
0ca83b48b5c5474c,101331,91486128,140986,101285,91509551,140986
0cb60b3489356faf,49635,39780361,130864,49620,39812362,130864
0cbf721d5ecf82df,35190,25361872,142243,35133,25373100,142243
0cc09e30c37f7dc9,66964,57122158,141589,66922,57142282,141589
0cc3d1ad7ecdecb8,74449,64583140,129143,74435,64627155,129143
0cc5bdd158e120b5,14326,4500680,136334,14270,4511618,136334
0ce5e43c65be89b7,14978,5138166,119810,14925,5154884,119810
0cec9d27e9659410,111698,101862159,138822,111647,101876433,138822
0d19cd68b9731c0a,76899,67040177,128403,76886,67076070,128403
0d9f85fa1fc08490,115357,105542370,138736,115300,105552797,138736
0dcab899b3f61e01,73694,63864147,129111,73631,63874721,129111
0e254be4cb47c14a,106847,97023091,131558,106788,97033154,131558
0e4f4c47cbdf0f4c,74352,64487226,131226,74341,64530772,131226
0e63e81ae4c8f5c5,74576,64720267,130731,74555,64753918,130731
0e7d3e5dbb35dd4f,50555,40721613,139653,50503,40733085,139653
0e9d89c491001236,88850,79042192,139974,88796,79052434,139974
0ea98c38e7d4f2be,59588,49750811,153938,59536,49766993,153938
0eafd26a53494150,42127,32280701,133962,42123,32323177,133962
0eb558c328efb82f,27432,17600013,132069,27379,17610262,132069
0ef51bc0007273cc,116207,106362226,138681,116177,106385424,138681
0efa2499fc7fc2d1,29016,19205791,81671,28997,19221837,81671
0efb4edb296f4973,91774,81941464,136149,91730,81952898,136149
0f31741a35092fe7,11641,1792211,135903,11616,1818547,135903
0f55a30f2a5062b5,82053,72221967,140088,82002,72234423,140088
0f6f18b791d7235f,63313,53501748,139462,63260,53512426,139462
0f72a0211681bdbb,75135,65237733,130446,75128,65313079,130446
0f84835321081ebd,21801,11983393,135507,21745,11993297,135507
0fc44160777ee3e7,26686,16844846,139878,26632,16864485,139878
0fd1c85ae9a44229,51403,41565115,138353,51349,41581086,138353
0ff7cbc2af384fea,84002,74181956,140030,83947,74193215,140030
0ff80db655f040dc,79315,69480495,131209,79261,69493002,131209
0ff8955defb64a46,73347,63505062,138656,73291,63524876,138656
1009617e7c9a7066,101235,91390963,156169,101189,91414353,156169
101f8fd2f2b2ee78,93478,83625180,142662,93448,83656857,142662
103f1fdfe2bbed9d,27192,17339816,131505,27162,17370400,131505
104fc301a7707800,89132,79303561,148066,89079,79316194,148066
1061de01c3f4bd1d,82513,72681974,139860,82461,72692608,139860
106d7f4cd14a854e,21450,11600367,134476,21416,11627546,134476
1071ab000c2d34ba,93319,83462973,131065,93294,83496743,131065
107ffc9cdc00501a,64669,54802154,129649,64655,54846677,129649
108123a2bef2885a,116238,106385550,137856,116206,106416644,137856
108a0a0fac7d65f9,70023,60185551,139625,69972,60200460,139625
10b8f2f52e458446,66244,56401952,140387,66193,56422345,140387
10d50de70ab6761d,102423,92602285,139585,102394,92613491,139585
10dbefe049c84436,85596,75740911,133471,85572,75773662,133471
10e48cf4f4f397f9,20786,10942779,134061,20733,10964250,134061
10e8358b4c018f1a,18142,8305222,140713,18086,8320764,140713
113a03d0b92d2719,36341,26500282,132591,36298,26519151,132591
115d3eb7df8d7031,98979,89142723,142672,98930,89157622,142672
116bd63bc0e7ab0f,82793,72964779,131041,82732,72975265,131041
11a3b67f75ea04a7,14848,5020692,135134,14796,5031316,135134
11af51eb17d18730,50995,41181388,139149,50936,41192681,139149
11af6b289682cb8c,77740,67881439,136470,77721,67918191,136470
11bc40fd3ff6d119,51754,41900442,131019,51735,41932101,131019
11c9ba3a296a8380,25382,15543704,121331,25337,15559495,121331
11d806b66ca14b5f,35314,25484187,133050,35252,25494600,133050
12194fa2636a5117,84371,74542180,140004,84321,74553744,140004
123c96d83584a8f1,93255,83400893,132148,93231,83433106,132148
123e355d7c09b2f5,73217,63381845,139788,73165,63395327,139788
124abfc446830596,57714,47901966,140254,57668,47912922,140254
126503bd6dbe9b09,72678,62825530,137743,72650,62855524,137743
12a04fc80393722d,110890,101082195,139126,110838,101092657,139126
12cdd5a3e9f1cbb5,12683,2860281,135260,12619,2870665,135260
12e320f4fa897cf0,79091,69245002,138397,79039,69269447,138397
12e5a9b5be7ffe60,38569,28762114,143564,38517,28774046,143564
12f5daf6eb5732e9,26190,16360131,132870,26130,16370703,132870
130410fa026016e2,56964,47141636,139168,56929,47152465,139168
130ff53dc90bfa13,12307,2463428,137007,12254,2484835,137007
13288fdd9eb18d8a,105330,95502195,138921,105273,95513177,138921
132b549aae86ae11,65331,55525073,158267,65280,55537103,158267
1352a47cc697bf3b,11458,1583749,136109,11451,1635799,136109
137e541fd911b4b1,17798,7982031,144672,17736,7992631,144672
1388437fe17c6c62,95184,85329767,118016,95166,85362049,118016
1391dab963e49624,30485,20662916,132699,30428,20672796,132699
13a06ca21b487007,11129,1353599,380724,11124,1384590,380764
13b09988ed333d19,92574,82746374,141252,92511,82756682,141252
13baae2e1fb4ccb0,41154,31325378,141895,41095,31339317,141895
13c1e08fc64cf87e,54759,44891306,71589,54759,44932844,71589
13e02c1a2a5d08a9,66055,56241981,140399,65999,56253163,140399
13ed9b0ca8bb0d99,29103,19254851,98981,29080,19278121,98981
1401bf4460b2506b,69089,59281830,139024,69036,59292712,139024
141111a2b752cf0f,62263,52425182,139270,62211,52441576,139270
142a8323e4a3559c,36190,26340412,133868,36160,26367629,133868
145798d74598f678,69059,59242221,141875,68998,59253302,141875
145aecbb63aee73a,56778,46943996,141233,56749,46956192,141233
14661e4363306677,55775,45941566,139657,55724,45953400,139657
148c40c1a3bf7374,49889,40041268,138218,49863,40067286,138218
148f68a0badba082,88006,78183739,133328,87944,78194415,133328
1495f865f1609214,104769,94945728,143320,104714,94956813,143320
14d7c2c15391ee36,15781,5960081,133173,15723,5970003,133173
14d8033e59f7a18d,40047,30183045,133843,40038,30224824,133843
14dddcc46526a143,63283,53465396,140934,63229,53476831,140934
14de035bf65e2e68,53252,43420658,133182,53192,43431064,133182
14e3af51e7e8ef59,48758,38925271,137232,48703,38936777,137232
152458669baf217e,112118,102242965,129806,112104,102295711,129806
1536a12bf7638cdb,30454,20640439,133551,30394,20651235,133551
1568c5633d308a22,38625,28791477,132197,38575,28803232,132197
156bd2aab2d762ae,40346,30520577,133962,40302,30535047,133962
156d3a61d6727cf6,27639,17825033,140426,27587,17835572,140426
156f6d59002978bb,25621,15804564,142548,25566,15815664,142548
1582dcef55afcb8f,47075,37260222,131691,47020,37271268,131691
15934485ce91e5a8,38787,28949120,138837,38737,28965972,138837
15966d578c14d0dc,38047,28200312,133211,38019,28226338,133211
159ff2b557c693b9,32288,22379097,132284,32319,22465745,132284
15a8a1fd712ac6c7,35903,26049198,119496,35882,26080280,119496
15ad6650fe1d317e,36518,26701866,142442,36457,26714239,142442
15d46e9cfa2af073,53622,43781586,139546,53568,43800324,139546
15d76d4d57a98c59,19936,10100055,133058,19883,10113463,133058
15e14e7f533651ee,56424,46582634,132898,56370,46601469,132898
15e86c12872a39cc,87555,77700563,131580,87540,77733151,131580
15f855d0fe1e3018,115143,105322640,141305,115083,105334069,141305
15fb717a19ae0d0b,60971,51121457,138573,60936,51149293,138573
161625ce58e1bdc5,33942,24089785,134154,33914,24119888,134154
163e5f2c9eb4326b,114370,104525920,140446,114327,104547953,140446
16476f115963c5ea,25776,15940227,133695,25724,15954323,133695
1649f9612282daed,80684,70845287,138932,80632,70862451,138932
16559b80d5b9486c,96454,86626167,141209,96391,86637180,141209
166456e84a134b33,100615,90681125,131744,100611,90792672,131744
168c0d1bb2b2959b,36311,26462532,132557,36271,26489134,132557
169f6cd57af7a87c,109556,99742181,138952,109500,99753691,138952
16bd082d169acc40,93189,83345930,117499,93165,83365719,117499
17184c68a3c895ce,49602,39748251,133064,49587,39779272,133064
174e2c6d1b597225,57498,47661740,139393,57425,47676572,139393
1754c36d69a5d81c,67606,57781825,138420,67551,57793916,138420
1768677d405e3a9f,100126,90379785,342573,100147,90406949,342613
17691ce40ad464f6,47867,38019941,128938,47846,38043969,128938
17a514e68c3440dc,84249,74442807,144384,84198,74454516,144384
17e816cd26d7e428,58947,49101439,138598,58924,49124514,138598
17f156c14fa28bee,37234,27421570,140501,37177,27433549,140501
17f6abcafb781608,104016,94202218,139711,103957,94213228,139711
17f8befbd7b3503c,9982,160812,138328,9920,171327,138328
180c888a0fe84d92,35686,25843231,134603,35633,25864369,134603
1817f234445002d3,72857,63020519,130587,72810,63034428,130587
181c11f15fba7713,39010,29180302,133023,38954,29191496,133023
18250b5875976b53,65456,55621712,138944,65407,55634340,138944
182c7581d5edd6ae,22341,12520309,133295,22283,12530415,133295
186ae9d89415c6fe,63664,53824169,142247,63611,53843120,142247
186fb281b21803c5,36696,26860439,134223,36644,26873575,134223
18856b6fdd796100,60785,50924192,140009,60762,50963464,140009
18a4e54d572e07ba,78214,68400390,129887,78160,68410032,129887
18ba84a6e6154e62,112485,102642236,138969,112443,102663930,138969
18ddbf97af160d82,40376,30543148,133509,40327,30555849,133509
18f3f73c01950e1e,46548,36704229,142978,46496,36726768,142978
190b9a0a50c7b696,11520,1660546,136863,11509,1697834,136863
1914504fa2de9ad8,103831,94002620,141211,103768,94013329,141211
19165beac09c303c,81879,72021975,140151,81850,72057943,140151
19224b6fefae61a4,116018,106160541,128653,115997,106195466,128653
1926ffe11cc2b9ba,14450,4620330,134937,14390,4630715,134937
1939835c2dca258f,10663,839004,127748,10599,848887,127748
19500ce76225fe1c,65122,55301931,140882,65066,55313404,140882
197c5bb1b8b8fa9f,92511,82683430,132192,92451,82693074,132192
19857c1966bbcc89,61831,52001950,141255,61771,52012787,141255
19ab39c4427e711c,96956,87122183,139723,96903,87133950,139723
19bbcc9725d16eff,81995,72162267,140498,81952,72174316,140498
19c5c0b0a44789c9,109834,100002374,140028,109781,100013894,140028
19d4ee40b1a8f32a,61482,51642179,142588,61430,51660925,142588
19f3409527050225,22870,13089098,357541,22860,13119693,357581
19f63b68194c559b,21360,11500283,134312,21335,11537596,134312
1a43b201ba42fbc6,85252,75422239,140519,85201,75433255,140519
1a50f587dc9c23e2,90052,80241965,139465,89999,80253373,139465
1a69fe5df678e022,90808,80986125,138955,90750,80997730,138955
1a9186cc750e54bb,115478,105642109,137657,115427,105655922,137657
1a91d8417140fdbb,19005,9192260,107492,19001,9212966,107492
1ab10f26abc88f95,105922,96093209,137597,105867,96103759,137597
1ab1793272a29198,108509,98660805,130557,108472,98687015,130557
1acfdfd6f4e65acb,65871,56041979,130411,65811,56052008,130411
1ae1881a8758158a,54375,44540293,131622,54330,44553100,131622
1ae5611e49583145,60848,50984956,139572,60822,51026248,139572
1b04627abd19be98,46269,36444829,139141,46209,36456035,139141
1b2bbbcd3c48438c,18173,8341391,141013,18116,8352344,141013
1b352869dd6d799b,73662,63842389,142881,73598,63854739,142881
1b4830f62426853f,100402,90518153,124348,100424,90579787,124348
1b5d13d231ea525d,46385,36543581,129703,46334,36563314,129703
1b60271837a04046,68358,58541246,82052,68337,58564082,82052
1b73a80041ca0cd8,42246,32402490,145270,42222,32439775,145270
1b7cd1c4d7be2ba5,93970,84162877,142568,93918,84174282,142568
1b92bf4df5dd5907,32596,22760275,132411,32545,22774339,132411
1b967fc74a331fec,28740,18949350,349412,28719,18978786,349452
1b9f654c679c45d7,64412,54626760,337613,64396,54655900,337653
1ba1ffaaf2d995e2,98787,88947055,141046,98740,88965213,141046
1bad8a7ee4e57216,84181,74366535,144245,84129,74378786,144245
1bc07cb7424beae3,117224,107402149,138068,117160,107412340,138068
1bcd0a5f2d298bab,60656,50801913,141043,60636,50834144,141043
1be101d4ce694924,31186,21320427,133944,31175,21364183,133944
1c0593722bbb90da,95799,85981198,133891,95739,85992600,133891
1c236217879dbc37,24698,14860253,133765,24646,14875791,133765
1c2a756d15d9773a,86231,76385789,139565,86180,76408984,139565
1c5334fb1fa501ac,66179,56341876,140725,66128,56357131,140725
1c59d166256f65c8,15421,5563113,135867,15402,5598623,135867
1c8eccdbefde793a,93632,83801245,132972,93590,83812395,132972
1c9a40c82f619d24,26065,16223117,134315,26009,16242803,134315
1ca085242bd396ad,96484,86662468,141482,96420,86673186,141482
1cd67b96798451bc,112543,102705795,139161,112494,102721386,139161
1cedc0121f36a43d,78466,68628125,156031,78410,68645172,156031
1d0d8578df37f1f7,105362,95542254,138221,105303,95553756,138221
1d194b28f7109ad2,15574,5723151,135676,15540,5751636,135676
1d1c556c43978581,115887,106043694,113341,115868,106063948,113341
1d33b13a016bb8ed,99685,89841882,116412,99662,89862500,116412
1d34dc38bc430c7b,58250,48421452,138678,58189,48432546,138678
1d4ce09215ed2f22,46120,36280762,130856,46074,36297509,130856
1d5310914451aae4,67198,57381842,139396,67136,57392216,139396
1d68ac5dcb6fdf80,108479,98622891,130873,108445,98656658,130873
1d6f2b7918fbc334,97141,87285072,118240,97122,87317936,118240
1d9b9fbbd94aef8d,76489,66681835,139492,76436,66692773,139492
1da00a8443f17cd5,92543,82722525,142301,92481,82733288,142301
1db22873155d56be,93901,84083545,133519,93847,84093835,133519
1dc4ed9080a67265,68098,58261826,139882,68048,58276830,139882
1dca8fd789bc1233,103924,94102388,140931,103857,94113867,140931
1dcc6904c6c649e5,93139,83326007,106714,93116,83347288,106714
1de643af9291612a,74067,64222145,130345,74013,64244546,130345
1df1f3f1d5d52542,29977,20144365,157538,29926,20156613,157538
1dfa70fa40e138eb,22966,13124495,124453,22961,13143736,124453
1e07bff2f936f6ae,30235,20401774,139795,30179,20413642,139795
1e259d6d802161d9,14198,4360624,136755,14144,4376397,136755
1e2d508c766b3028,101490,91642629,131097,101440,91668104,131097
1e2f51688ed43b98,107566,97745667,137699,107510,97756309,137699
1e3228f71e705546,78751,68922994,137856,78685,68934349,137856
1e3f8c63f97e1601,86796,76980866,132800,86734,76990995,132800
1e5f65114b20c821,28426,18602259,131217,28370,18612919,131217
1e6b774e83355d28,111939,102125403,101846,111927,102142544,101846
1e788b13d0262129,21508,11663402,134411,21467,11685924,134411
1e8d4c07df7eddf1,51210,41365191,139896,51159,41388206,139896
1ea9fd34d8e84ac1,53798,43987189,121871,53787,44002666,121871
1ee4dedf95a1e08e,70320,60506391,104386,70303,60523578,104386
1f2faa26d23e59bc,85720,75863157,132178,85689,75897840,132178
1f36333c2614c878,104245,94383678,132277,104239,94423980,132277
1f43acfa851b3f13,100466,90557675,116267,100482,90642288,116267
1f511ad265b14fc3,44177,34323104,134126,44151,34364480,134126
1f827482f333bd9b,58497,48681261,137814,58435,48691605,137814
1f95d814db318556,10069,260962,138371,10016,272794,138371
1fb574945b603a81,69146,59313593,140071,69094,59324934,140071
1fb9a54181c0f67b,94804,84963495,135122,94751,84982086,135122
1fb9af26c4bb9717,106367,96502791,131633,106344,96544835,131633
1fd0949485924d5c,105890,96062026,137379,105835,96072628,137379
1fe5ec7a2a4cdb0b,89196,79407470,345131,89175,79434521,345171
1fea18f18a9b442b,94902,85063831,133090,94849,85079735,133090
1ffab4ee3fc9ac51,82576,72745977,161708,82523,72758121,161708
2021b111249e0de8,43110,33282890,143861,43054,33295819,143861
2023a5c11de490c6,88694,78865150,143741,88632,78876246,143741
2062b7c4cb54c123,74607,64742553,130190,74583,64785128,130190
20a2094d8f4594bd,104405,94561096,132453,104391,94582669,132453
20a960c8a77b01bd,94717,84902180,140288,94660,84913211,140288
20c4e89f051fb82a,116783,106942718,137327,116730,106960666,137327
20cbe61f5c173b63,44235,34400559,133588,44200,34420680,133588
20d9d79aaaa8741d,22466,12641737,141586,22402,12652751,141586
20dcb2a1da6e8f68,87710,77860907,133151,87682,77888509,133151
20df490806191118,17949,8102594,132830,17894,8125894,132830
20e0e13daf8e0340,20288,10460244,134143,20230,10470840,134143
20f21f724ea9f49a,41652,31870096,357578,,,
210940aeeb9d648d,57621,47801397,138187,57575,47831103,138187
210e0ecf113aded1,96075,86242591,142309,96022,86254470,142309
21262aeb74cc1d2b,106017,96228861,344491,105996,96255995,344531
212aaf07c1caf605,85123,75282451,141783,85073,75301680,141783
214b3d7ee179ecf9,84339,74506448,165451,84289,74520050,165451
214e09c9dd8dd6af,103576,93742022,138016,103523,93754121,138016
2159964234e577aa,115204,105382337,138883,115141,105393444,138883
2196fea6a5902f26,107630,97822086,138720,107577,97833597,138720
21ad6ed8f6aea4a7,79188,69346508,146956,79136,69366546,146956
21cfa60be8ba99a9,31311,21442595,132797,31291,21489280,132797
21d874b77b2d0f11,53127,43301811,140622,53072,43313907,140622
21d9105b00532b5f,17321,7460061,133802,17301,7498704,133802
21d97934bd77062b,33292,23464929,139958,33229,23474993,139958
21e678682ed88ca1,23729,13920444,134895,23675,13932149,134895
21f44cf2589587f9,67946,58124389,140334,67891,58136254,140334
21fea74c7b814010,39953,30082646,132769,39949,30130267,132769
22061140bf72a1d7,40589,30782121,142701,40539,30798144,142701
220c77f09db98981,59935,50105014,138674,59873,50115422,138674
221a432667db3f89,47991,38141706,139355,47961,38168919,139355
224e4b72c00213d2,87740,77885238,144125,87709,77919178,144125
227ccf853864aa9c,33198,23365281,140914,33138,23375976,140914
2286fd2ed0ff3e1c,108958,99122065,138099,108907,99136095,138099
22ac3f471fb59bad,16056,6226483,170578,16003,6239800,170578
22c0f13b63d161f7,109342,99505850,138485,109283,99519776,138485
2302f59e1466bc80,80301,70485160,137506,80248,70496092,137506
23080d405479a841,23522,13684835,145657,23476,13700770,145657
23099bbcc5edc2ae,115736,105902626,139570,115682,105914046,139570
230a70beea529658,21653,11822852,133445,21595,11832926,133445
2311e21889164d0e,87771,77920646,130648,87736,77947891,130648
232b7fdedda904f2,26622,16785505,139979,26568,16800096,139979
23507ee0407fe5c2,98689,88849855,140909,98643,88866868,140909
2356aacecb17c157,102697,92862606,142230,102650,92874986,142230
236dcd60c9d754e9,64129,54321838,140232,64076,54333013,140232
238e738f063f055d,11032,1200490,136222,10976,1211164,136222
23a09c10f19c2692,17917,8080132,133507,17862,8094220,133507
23b5a073f5cf0473,72709,62860136,129628,72678,62886067,129628
23b79f2a4f7cdaf8,115920,106065850,130915,115901,106097818,130915
23c81bd86b6d2193,69178,59341731,139315,69126,59355896,139315
23dd97885ad00bf2,44654,34824676,158977,44582,34838319,158977
241415bedafb2b5d,21990,12160129,133861,21940,12170886,133861
2430e31b9e46eeb6,92850,83006158,140706,92799,83032597,140706
24371296bc62e69c,77025,67162023,140256,77007,67204012,140256
2441a624412b27e4,86582,76746327,141896,86524,76759586,141896
2453b95c3a03e759,31371,21520475,133150,31345,21549553,133150
24566d007bc7f312,108656,98833767,138127,108602,98843770,138127
2475867ff0019452,48502,38664871,138083,48451,38680224,138083
2480cf89459e03d9,101169,91337360,184546,101123,91352349,184546
2498312c96e1786b,55840,46001795,140545,55787,46018571,140545
24b1ad0a1b807064,23031,13166150,124222,23025,13208647,124222
24e21b663c313dfc,46450,36603766,130064,46399,36628170,130064
24e6b687a9b0f76f,71295,61465548,161467,71244,61478297,161467
24f94de7582a19d2,76720,66905749,98540,76709,66927022,98540
2506c6bcd289b322,68848,59005248,139291,68807,59025823,139291
251bf9243219e7ee,41942,32080316,133060,41958,32140688,133060
251c93d515b47538,45810,35960281,132979,45782,35987689,132979
253a4eda21052991,102859,93020895,131821,102797,93035780,131821
2545bab68470f3c8,24731,14900356,133571,24678,14911508,133571
254886a125d45bab,42097,32240373,133398,42097,32293268,133398
25d66a6436d05672,92387,82560746,131693,92331,82571261,131693
2634469d852aa02d,72278,62464907,104402,72264,62483278,104402
263bdee9dadf1754,67022,57184979,138518,66973,57200329,138518
26430b59be926110,77677,67812974,112872,77662,67853116,112872
264bf5a721a05309,10848,1038730,126403,10791,1047808,126403
268eafefb5c6b3da,118259,108405739,139516,118224,108437874,139516
269693de800eb451,119873,110008861,129008,119857,110050442,129008
26969ef0053346cd,89510,79661118,131495,89489,79687552,131495
269b385968e61ca9,24666,14824729,144899,24613,14843957,144899
269e83a4e84b8460,88349,78505896,140124,88298,78526486,140124
26a0e9480d5ce9de,70402,60548656,134196,70385,60579774,134196
26a32018b3f75783,80153,70325445,139247,80096,70336429,139247
26accea7b0730f37,75497,65660270,130289,75438,65674711,130289
26afb269d2063dd9,23435,13582966,133704,23399,13612287,133704
26afdf74b51df890,70369,60525930,115363,70352,60545706,115363
26c3b167f28f215b,39132,29306396,139761,39071,29318098,139761
26c49a6a920dad75,89634,79780806,131359,89605,79812231,131359
26cb2d300ac93f80,22527,12705997,144825,22469,12717583,144825
26d76f77b500c930,111172,101342391,139740,111115,101353416,139740
26e1d39456f39748,51529,41686002,117705,51516,41706386,117705
26e6623de69fe47b,89035,79202199,140606,88983,79214172,140606
26e920f4da4ac20b,118706,108865924,138582,118655,108884179,138582
26fe527631dbbf80,23947,14105109,140302,23894,14125039,140302
270c82c79a4f67c1,15901,6082596,133874,15846,6092583,133874
272361c6939c6f08,85628,75763263,132515,85603,75805474,132515
273095679e88f319,56092,46261376,137771,56032,46271914,137771
27322184bb4f0b1b,13355,3480236,134353,13352,3532763,134353
2770e34c830ef485,47960,38105143,137772,47932,38137951,137772
2786af6e3b34998b,66500,56648498,131429,66487,56677523,131429
278b67ac987836a0,16532,6705225,140754,16469,6716258,140754
279b98b0302d654c,115640,105805286,156098,115588,105819241,156098
27ba6d35eaa972cd,77208,67360493,131631,77173,67385970,131631
27c248ae5ccc7f29,108772,98962326,139873,108717,98973497,139873
2811c8a7889dc8c4,75012,65126074,132118,75014,65189795,132118
282c5190799604db,106490,96642587,141858,106458,96668055,141858
283d39d7e227a93b,23849,14020000,131929,23798,14031605,131929
2875f8e75c7f491b,75730,65922123,138578,75676,65932729,138578
28a593d489a76db5,33135,23313665,142153,33076,23324757,142153
29006decd0bcab18,62014,52201607,139547,61957,52213399,139547
2917b3c696ac7df7,116299,106462042,137828,116262,106477252,137828
293065fd9f5c3a6d,29743,19925268,163276,29681,19938326,163276
2930f0c14173aff7,90241,80402416,140002,90196,80419255,140002
29343f0838e742ec,68196,58361741,139669,68145,58373488,139669
295fe203b69fb51e,59652,49821380,138180,59599,49832349,138180
2972391add81896a,65777,55945473,140572,65722,55956051,140572
297a1ff744746912,34902,25068046,138394,34850,25079924,138394
298c535e9f51da2d,42664,32824869,144482,42618,32844956,144482
2993d9446400f050,10602,779205,128787,10541,789285,128787
29a901776110055a,40679,30841905,142797,40633,30864912,142797
29ae4629b96be087,69774,59961757,139529,69719,59972946,139529
29cc49d6f06d51e2,36489,26662963,133592,36431,26673435,133592
29ffc270c971321b,10785,963408,133122,10726,974009,133122
2a02d2e6b74ccfb5,119939,110080752,129313,119921,110116491,129313
2a2036232bd0a42e,66876,57020487,131627,66843,57054169,131627
2a22bbd5bcecafe6,76769,66925135,114510,76758,66945055,114510
2a2a1f8a823fa5b8,67349,57504909,137799,67298,57527459,137799
2a4405520260fa27,74850,65015468,113911,74857,65026885,113911
2a842a034af90619,17128,7272779,120481,17114,7305249,120481
2aa702aa310722c3,50334,40522051,138222,50277,40532922,138222
2ac6009b4c7d690c,96266,86440924,132985,96211,86451681,132985
2adfd5fcdd261e55,65006,55161585,139313,64964,55184183,139313
2ae09de951f5aaa2,35283,25461734,141567,35222,25474056,141567
2ae493ea7131b291,77057,67201694,138463,77036,67235001,138463
2aeaa1006304d490,13418,3551794,133909,13411,3596010,133909
2af26b627e6bf7a1,36000,26140523,133450,35978,26177943,133450
2af8b297dc27ba27,101396,91562373,139643,101349,91574657,139643
2b08d4010f48bc40,74034,64200082,129105,73981,64211601,129105
2b3bb1d86fc84b09,101675,91844654,142587,101616,91856110,142587
2b55b17bc1bf9f31,80810,70982153,141166,80754,70992833,141166
2b6a0ae7cf9b07e9,71858,62040735,131905,71800,62050840,131905
2ba0f7fb4709545f,43080,33242828,132254,43025,33259783,132254
2ba51482b774189b,100066,90222260,140945,100029,90244041,140945
2ba6191bb27f4f1d,46210,36381480,139617,46155,36393303,139617
2ba63741afc92368,25472,15640339,133598,25419,15650750,133598
2bbb9391de64def6,72074,62241896,139587,72021,62252712,139587
2bd5e327ebdeb2e6,45648,35804791,123158,45622,35825037,123158
2bddcf102f494093,44438,34620639,133960,44375,34631307,133960
2bec2236338367bf,62497,52683088,100869,62481,52700401,100869
2bf4b02405b734d6,91120,81282383,133499,91068,81297622,133499
2c01c63c9a31ea60,119425,109593914,139055,119373,109604757,139055
2c1c36e22b643d7f,40434,30602812,133951,40378,30616041,133951
2c2bedbb3f90dcb3,37983,28140494,133036,37957,28161529,133036
2c2e4cbea3fd0b4d,48470,38641523,138518,48419,38652904,138518
2c4c0c077ac87c38,16940,7101715,143602,16888,7118596,143602
2c5bc677b0b4ab70,118837,109005032,155427,118785,109016831,155427
2c664c95ce901a6e,11671,1820405,136336,11642,1848851,136336
2c677b5cae53c9e6,87888,78060379,130492,87839,78070526,130492
2c7830690264330f,78782,68961719,138847,78716,68972439,138847
2c78bcf125be4c16,81026,71205463,139221,80969,71215797,139221
2c94ecda96944116,77801,67943022,126614,77777,67978497,126614
2c95cecf4a13ca6c,87171,77342225,140923,87117,77353289,140923
2ca96cd7dad497a7,16218,6380058,133387,16164,6395772,133387
2cb73cc01d64b996,12863,3023396,135394,12811,3041816,135394
2cd3deb0f7fbddd0,62424,52585011,138707,62370,52601496,138707
2cd93cb768f07cec,40744,30905721,164496,40698,30929454,164496
2ce137516cb66cf2,87946,78120814,132402,87891,78130799,132402
2cf0be6f2a96b5fc,111330,101505816,159479,111267,101518407,159479
2cf287bd9129e85f,99470,89623239,131730,99417,89647864,131730
2cf6692baff69e4d,67731,57901902,140373,67672,57912642,140373
2d08dc4f5ab864dd,24293,14462885,133461,24231,14473532,133461
2d0f81b855a43f64,77484,67675949,380829,77476,67707820,380869
2d2b14b9e930fe80,103862,94042478,139931,103798,94053584,139931
2d54770aa6273af7,16625,6804839,140539,16568,6816548,140539
2d5eb033b69ad3ac,109931,100148046,341082,109916,100175685,341122
2d73732ad758b117,81090,71282293,139478,81037,71293494,139478
2dbc0214f79cd335,73724,63900447,130646,73661,63910999,130646
2dbdd0e46a26ecbe,38294,28460413,133999,38249,28472268,133999
2dcc216cd82f9404,52999,43162769,139931,52947,43182266,139931
2dd44a475a211ea4,78066,68240502,130789,78010,68250798,130789
2e177255e1a5f9a4,78936,69121573,137354,78880,69132471,137354
2e19409ab76bbf46,96796,86962645,142242,96745,86974515,142242
2e20be187aeb4de7,16377,6545874,141683,16319,6556737,141683
2e4bb2c74e2d9a5c,28181,18344665,138569,28118,18358676,138569
2e4d8319f734286a,31720,21901698,133335,31655,21911632,133335
2e5e9e2fba9602c2,42066,32202960,133314,42071,32263220,133314
2eae7c7213aef7ee,61738,51900062,130236,61682,51915598,130236
2eb3b602a97cbe27,61769,51942239,142779,61712,51954473,142779
2f036266ff62511b,62230,52401620,138165,62179,52412598,138165
2f0494a5ff6a0341,23376,13520617,133499,23348,13553369,133499
2f07aa79df13a4e6,27549,17724316,138601,27485,17734306,138601
2f138cec5f37fb1b,101522,91681526,133348,101470,91699781,133348
2f2db48ee3b7357f,67447,57607094,138293,67395,57624494,138293
2f3a1df536b8f42f,70055,60222232,142405,70005,60234179,142405
2f530c4bc3216fa8,19755,9940004,133896,19694,9950143,133896
2f590ba5ac9d4b2c,75471,65624065,130090,75415,65648217,130090
2f7119b9ce129aea,37048,27220287,133456,36991,27230520,133456
2f851dfcca6767ce,17594,7760280,133134,17551,7771467,133134
2f86a3eca01ce9ba,37952,28100140,132421,37926,28129409,132421
2f88f4171ca2ef07,100992,91162341,139984,100921,91172571,139984
2f894c4428d9cdc6,60910,51061255,137352,60880,51088267,137352
2f984c48c94e614a,77892,68040686,130730,77858,68069478,130730
2f9d642c9a13aff7,100795,90900793,131677,100754,90972951,131677
2fa44e53ee20fddc,81276,71441948,139832,81224,71454109,139832
2fc93bc2670fc2e4,93782,83960894,132358,93725,83971407,132358
2fc9c37902a237a6,119970,110102554,128939,,,
2fe94ee53c4e07de,71644,61821998,140518,71584,61833729,140518
2fee50f620befcb1,15198,5338381,123497,15188,5375438,123497
3001cb3272a03f7e,41215,31401937,140653,41160,31418721,140653
30066b2dc9f9534b,42954,33120375,132840,42904,33133647,132840
30268480e155a65b,99350,89541219,132476,99295,89551917,132476
304bec67d4cd69a4,60816,50961390,137944,60792,50994097,137944
304f35b464f2c5a3,56995,47181522,139069,56958,47193242,139069
308a196645fc8c1b,99404,89563595,132602,99351,89582473,132602
308b52b9a848d975,20624,10794632,148995,20571,10806512,148995
30aaab07a40da6d9,18392,8562498,132805,18328,8573195,132805
30b966ed7ac191ae,73849,64040522,130909,73795,64051407,130909
30d7431b675c4431,77862,68001710,129291,77831,68038718,129291
30f9296d3eda0323,41307,31485403,140763,41256,31498645,140763
3104be9c37e20b0b,118167,108322259,137864,118141,108345673,137864
3176a1b9e0992af4,98281,88421072,133390,98245,88458425,133390
319ef19a20a7c750,32876,23053502,159802,32821,23065799,159802
31ae13a25c4a515f,107976,98188784,343545,107957,98216573,343585
31b46b5ba1e4cb34,117285,107465571,138279,117229,107476256,138279
31d0c306ab6d9b1c,32472,22582401,132786,32452,22650205,132786
31fe27ebbfc4960a,40553,30740346,133009,40502,30752781,133009
32069ee2979ff70c,28087,18261560,140322,28028,18272953,140322
321770cbf58eff64,86296,76465800,162074,86244,76477890,162074
322010248a6e166e,43172,33345128,140085,43113,33359257,140085
3234bce33665269c,97864,88003856,132404,97879,88042378,132404
3248b65832fa163b,29324,19422935,131960,29282,19502433,131960
324e5e175a7a97dd,110254,100386250,139108,110238,100432100,139108
32507c3aa30a649b,34292,24444309,143949,34251,24469920,143949
3257267c56f67b9c,20034,10200106,133558,19980,10211648,133558
326c06fef6862c91,104278,94421019,132106,104271,94455974,132106
326d27bdf1f8afda,101857,92040800,130258,101799,92050999,130258
327b28e5429f30d3,61515,51685366,161352,61463,51697900,161352
327dc2902b273cc5,93447,83601054,133278,93417,83624848,133278
32b7ca6bb6c7afa9,50902,41082090,142878,50842,41094170,142878
32e1b82f42e27c77,116880,107042742,138948,116826,107057858,138948
32e5c9b0d7fbefa6,111011,101182300,138601,110958,101192777,138601
33159ad4d32ee10f,56841,47021794,139005,56810,47032939,139005
333033365c01be64,72458,62600486,131521,72442,62635655,131521
3374859dba4f9493,68437,58581639,117995,68415,58613740,117995
337d648bead1b863,106110,96265663,114694,106094,96286403,114694
3391bab625455491,44028,34163477,133596,44023,34217933,133596
33a413c9352e3645,25039,15180257,124773,25014,15216385,124773
33a97a5596af245b,54490,44660343,130972,54431,44670097,130972
33bce8cdcf9852fa,96988,87146153,141671,96934,87166535,141671
33c13dbc0e2466e1,92785,82946218,140657,92735,82963613,140657
33c9e1a376d919aa,54950,45056444,129793,54940,45127398,129793
33f8ae5a790c7348,109310,99482412,139935,109253,99493145,139935
34197f7cd979bbbe,88906,79074115,141548,88854,79085922,141548
341ef447c37486bb,64458,54643679,100958,64447,54664955,100958
343a894aeefb8de7,103111,93282998,138876,103040,93294082,138876
344346cc328c96da,11065,1223747,137410,11009,1243378,137410
345248190736aecc,33794,23960121,132829,33737,23971676,132829
34620db1a1ac9832,116269,106422189,138210,116235,106447748,138210
346aae65daea8f0a,23914,14081373,140795,23862,14093712,140795
347b502667ef0f98,86827,77003155,132208,86767,77012669,132208
348060ddb93b92be,114216,104365064,138343,114184,104394568,138343
348ebe75ec1c466e,30043,20207880,138391,29991,20221021,138391
34a4fbe4bc13a209,95828,86003457,131916,95765,86014677,131916
34af26edd8a8fcd9,119154,109325697,139254,119094,109336678,139254
34b3f7eb4eacb89d,94379,84540815,132059,94324,84557262,132059
34ddaabe0e64a3c2,103705,93865655,138286,103648,93883276,138286
3534b6c6c2105593,33858,24046495,114473,33830,24060604,114473
357eaac15d50278e,45713,35860188,132135,45686,35890891,132135
35a6020cb6b2bf95,40405,30580173,132162,40353,30595648,132162
35af1eb32357833a,112601,102764997,137937,112545,102778593,137937
35e70a2d74d879c8,63975,54161845,139293,63916,54172857,139293
35eb00ffe30b3607,14134,4306825,173395,14081,4320806,173395
35f2b92acb5e7173,42922,33082879,132874,42873,33102650,132874
35fd12cb683bfb86,84306,74465050,131552,84256,74483547,131552
3627e7620285c045,103511,93682347,138795,103460,93693327,138795
3635bc2ccc9cd7a6,89238,79421148,82240,89222,79440563,82240
36565dc6ffe76235,12403,2563435,136073,12349,2581467,136073
365cfe88db2e942e,100643,90703519,130292,100634,90820681,130292
367abb21bb9473e1,61892,52073432,138417,61830,52083751,138417
367dd994ed2f2e79,115019,105180939,131012,114963,105196500,131012
368b89bd5cc51f42,101202,91364537,152518,101156,91381100,152518
369026d44db3a25f,78626,68801691,137035,78565,68813536,137035
369e12bd9a0c9c31,21268,11403060,135105,21251,11446297,135105
36b920cbbd5717b7,74162,64325295,139327,74107,64339799,139327
36c45c8aa4a81d30,23784,13940959,121207,23733,13962145,121207
36c559935a3e90ce,52805,42968623,160085,52754,42985333,160085
36d35e2f10c23a3e,114988,105147455,129189,114933,105165402,129189
36ea4452df5cbd7d,61061,51221453,138799,61018,51239069,138799
370f79f6ad6bb0c9,117007,107182566,138697,116951,107193524,138697
372ff6b1c4054ba8,51594,41730405,130814,51580,41771248,130814
373a69adcc8a9169,13449,3580323,135275,13441,3627800,135275
373ae29413d05d09,17740,7920153,133963,17680,7930696,133963
37471185a3707d40,14263,4423314,135021,14208,4440885,135021
37481be9707a7950,103294,93480932,132267,103244,93491850,132267
37505ed3d05878a3,77149,67302505,142291,77120,67327198,142291
3754c2fcd25f2fac,115985,106122415,128995,115965,106162456,128995
375e3ab674fb4be4,21141,11280123,133737,21129,11318730,133737
37ac93dba9a95bd1,62644,52779923,127809,62626,52822714,127809
37c8a73b7efa9dbc,83410,73567423,117179,83392,73587120,117179
37dce81b6eb2506f,92948,83105858,139433,92896,83125747,139433
380aab35fe4694de,24568,14724875,146292,24517,14747225,146292
380e8f4495dd2723,103985,94162456,140316,103920,94173640,140316
384a6cb61d6ba125,9873,31286,131368,9826,49954,131368
38720d2439a0653d,31518,21680214,133095,31473,21695625,133095
38730f54b37a199e,83163,73325943,140842,83112,73341805,140842
388e1ebee0c99baa,27067,17202622,133726,27044,17245829,133726
389cd3e8fef70a32,42986,33160509,133250,42935,33174513,133250
38cb6c57166c8d96,18078,8241610,142026,18023,8256599,142026
38d61930e964c57c,78185,68361812,130063,78131,68371641,130063
38e39cc5600102cc,44469,34660760,134104,44414,34671067,134104
38e61452ca6f8608,36954,27121459,139707,36899,27133146,139707
38ec92233d770ad4,67284,57445064,138668,67233,57462818,138668
39182736c1bba7f4,78401,68565583,137393,78346,68578786,137393
39479c524aa4c405,64035,54221532,138535,63979,54233360,138535
3951a72fcc214956,20226,10400298,134108,20169,10411413,134108
39b688ef7500c35f,107443,97622068,138271,107381,97633374,138271
39be17bfc0fa4f89,97427,87580816,132317,97398,87606367,132317
39f46becc8406315,94594,84766024,141821,94530,84776547,141821
3a0022f92414bef5,24503,14663092,133692,24452,14681411,133692
3a09e17183e94494,16501,6681401,141206,16439,6692791,141206
3a2997d7788addcb,36064,26202595,133236,36040,26242829,133236
3a66ab6c7e18a907,118436,108606001,138699,118382,108617257,138699
3a6a080bbfe3272b,27709,17901178,137789,27657,17912036,137789
3a7d2d2999d6b5d6,61861,52041543,137856,61800,52052261,137856
3a8a72e0e46dc514,99847,89983500,132685,99821,90024993,132685
3a8f24fbb1040458,27765,17925172,142096,27713,17943333,142096
3a9654cc490a88e0,63727,53901810,138850,63672,53912925,138850
3a97dacd0b207721,106580,96741872,138149,106539,96758171,138149
3a9d8d8eadde5894,58282,48447842,156061,58219,48460418,156061
3ac4ff7ee9a93694,99974,90120707,131458,99943,90151512,131458
3acfa5469a898f55,41123,31301432,140119,41066,31319390,140119
3ad7d13f6989ce19,33386,23562790,133482,33327,23572163,133482
3b0359d35a26bad8,97019,87227211,329491,96995,87254916,329531
3b059288b64530b8,102577,92760854,130925,102539,92770510,130925
3b05ff2063e4edab,103799,93968875,142840,103738,93980267,142840
3b2217ee2d90b008,58577,48763050,101090,58568,48778956,101090
3b2542a8985efdfd,90306,80465688,139267,90260,80484544,139267
3b45686b222e4eea,112427,102582306,139010,112391,102605347,139010
3b46bfc240fd45b7,17045,7232220,105716,17031,7253069,105716
3b5b5d99110d59da,107286,97460751,131047,107229,97471383,131047
3b5b9afbb659fb21,19153,9282832,132681,19147,9330942,132681
3b72528e5893cc2f,97832,87981497,132105,97847,88010026,132105
3b8ec31d868e2966,110978,101141674,135890,110925,101156127,135890
3b94bfaf9e21cc22,19249,9380028,132830,19240,9427008,132830
3b97b406e0e5e493,96139,86302261,140447,96086,86317587,140447
3ba0346f17f1c8de,55807,45964949,138597,55755,45985446,138597
3bb2a110496e199a,22709,12880581,135029,22657,12892149,135029
3bbcc952503e57d6,15452,5600559,134976,15430,5629217,134976
3bbdef31580d41c8,105236,95402520,140910,105181,95413890,140910
3bd656b77ad04282,39632,29801825,142442,39578,29813033,142442
3bef1647dd2145c2,102890,93062869,142818,102826,93073838,142818
3bf1a5cef4361a98,101766,91943268,132418,101707,91953514,132418
3bfcd33e4d2d65c2,72171,62341813,139984,72116,62352735,139984
3c074a6183c94a45,96392,86565391,143988,96332,86576831,143988
3c0b339c4121267e,119556,109720514,128365,119503,109733470,128365
3c28e3938348a7ad,89068,79226170,141687,89016,79246318,141687
3c3303286fb323ae,22741,12905576,147651,22688,12919695,147651
3c4dc5c1015e48f0,11394,1520150,126872,11391,1571354,126872
3c66f557c5442889,55212,45345821,140500,55169,45390243,140500
3c68e16ac1d8cdf0,99567,89725768,139326,99514,89744958,139326
3c77d78e30de68b1,111140,101302270,138516,111084,101318519,138516
3caeef37361d4cdc,53375,43560426,132350,53314,43571091,132350
3cd81ab3b709abb3,65241,55425229,139316,65188,55436175,139316
3cf8f61ea65d2b45,14069,4225329,149394,14017,4247854,149394
3d2c5b73d1c1ba05,51562,41708322,131888,51548,41739779,131888
3d32acc3a2ac2532,54404,44563572,130626,54355,44580798,130626
3d4914871703f9e4,103479,93642042,138573,103428,93656075,138573
3d5236bdcf7cf467,40967,31142336,143468,40917,31160684,143468
3d775264c55e749e,61208,51381581,138687,61149,51392125,138687
3d9a300adbaac35c,19523,9680442,135184,19488,9700448,135184
3da976fed50f2324,89541,79683375,131870,89518,79718764,131870
3dc0721b553704ae,83227,73386044,141336,83176,73405537,141336
3dc54acf2b1c1259,40078,30220465,134045,40067,30256394,134045
3dedeeb68340eaaa,107061,97225798,139014,107008,97239219,139014
3df938cb900e6240,38443,28620185,132552,38384,28630333,132552
3e26b0d66e270728,89604,79742882,131358,89577,79782975,131358
3e4988bee1e0a0b8,70531,60680396,131393,70511,60708752,131393
3e5dbbf99726e951,25442,15602924,134772,25391,15619981,134772
3e70484d8a6074c7,57339,47501767,139946,57277,47517828,139946
3e8f98c6885f46d3,51916,42076260,93545,51888,42091631,93545
3e9522f83f2e9c1e,32447,22559927,131803,32434,22625032,131803
3e9539805e68e112,117756,107967645,336940,117736,107995434,336980
3eac545753bcc7d6,25561,15740165,133624,25499,15750085,133624
3ec94cac43a05afe,82732,72901026,133479,82673,72911587,133479
3ed52c5b2b2ec002,112630,102802169,138482,112571,102812838,138482
3ee0dcb23f6e0982,113031,103204632,152921,112978,103216078,152921
3ee9f36f8b9f680c,33262,23441257,139363,33199,23451493,139363
3ef3c47adb9d14ba,111731,101885509,138376,111680,101908829,138376
3f0afbf7dd6a3431,80241,70422695,139024,80177,70433950,139024
3f262cc38636d2ac,17768,7942764,133656,17706,7953023,133656
3f5210c9903e60bc,118997,109160826,131039,118943,109174931,131039
3f5b42bfef04a3b1,106910,97100669,130275,106855,97111557,130275
3fc8bf9b17bb7813,86047,76226583,140315,85989,76238162,140315
3fc92925fcb4d299,10477,639744,131950,10422,655154,131950
3fd81a2f4822a395,33103,23281619,140581,33046,23292446,140581
3fdb5b2d941b27df,109279,99446099,138902,109223,99457143,138902
3fe26fd32c0cbba7,12275,2440316,135391,12223,2453109,135391
3fe743852589020f,13511,3641041,134828,13497,3688566,134828
3ff13614136d70c4,92355,82521286,133796,92300,82532073,133796
3ff3963adb4b4675,116816,106989718,182772,116763,107003097,182772
3ff5ca017b5b31ff,48852,39021196,137680,48793,39031724,137680
4008de99b465f0ee,85988,76161106,132859,85930,76171137,132859
403af0102b037ad4,39254,29441481,139622,39196,29452055,139622
404b78cf89906569,42450,32640467,131698,42397,32654931,131698
405653a3588d3685,11330,1458687,125634,11329,1507271,125634
405c60ce2082075a,86735,76918095,115340,86671,76927111,115340
406082c890c978e0,71456,61621749,139017,71402,61633981,139017
4062754c7f32f9ad,111546,101725620,138224,111490,101736931,138224
4064b9f687f5fc41,100096,90246380,141389,100056,90273578,141389
4080c133ddf28340,106817,97000822,131177,106756,97012059,131177
408e05ae98887664,66211,56365192,138218,66160,56388704,138218
40a691477b33af28,75857,66021712,138003,75805,66035324,138003
40c015946ea67895,89844,80005170,137959,89794,80022177,137959
40c5cf0f79ef2d73,111392,101563452,141153,111326,101574269,141153
40cbd4117dbdd47b,30664,20832751,144049,30611,20843487,144049
40d524f90f735704,32370,22456755,133693,32380,22548177,133693
40e10f9bf11692f4,65064,55225124,138709,65015,55242562,138709
40e198134809820e,85840,76001301,135040,85798,76018387,135040
40e694d0a2c328fd,64348,54504257,135333,64296,54526898,135333
40fd8f0e4ea266b6,81471,71627044,117692,81464,71647588,117692
41009bc4ba4f90ad,75389,65542126,140517,75345,65568140,140517
410da704637a2f75,86488,76662461,140644,86433,76673902,140644
412dce2f801057d1,20320,10482833,133913,20260,10498102,133913
4133bffb6573c803,60307,50465212,139044,60255,50484628,139044
4138978c7e5ffbb3,31025,21171898,126486,31018,21202989,126486
413cf72d46026d95,92010,82201025,133469,91956,82212290,133469
4143c11efaa581af,67762,57941684,139494,67701,57952894,139494
415dfae251826d7b,98308,88461052,133128,98268,88486455,133128
4175dd00c307dc42,28335,18521747,141128,28277,18533325,141128
4176e5e2f2c1e761,96893,87062453,140264,96841,87072636,140264
41a00f4bd33d97a2,91346,81481073,134074,91337,81523953,134074
41c32a668efa36bb,96360,86541084,132261,96302,86552443,132261
41d6f1756272ddfa,86456,76622346,141298,86402,76634518,141298
41de73b8bd26a1d6,34382,24543039,134568,34334,24560312,134568
41e1a932f51013fe,34621,24802841,131958,34565,24813163,131958
41e9a2d89a3e3e6f,112719,102902039,137836,112656,102912460,137836
41f558f36ebc820a,95592,85743219,132404,95553,85770398,132404
42088139d3786c15,56714,46880314,132133,56686,46891515,132133
421ff6ffd765758e,41812,31948338,134070,41834,32027151,134070
422f95a8bf2a5ef0,30826,20984151,131454,30773,21004241,131454
4230d5d9ed83ad4c,109056,99222399,139899,109004,99233475,139899
424c2c0e141f2f15,105204,95365879,139938,105150,95383255,139938
424e9821aa8d4e2c,27003,17140258,132978,26981,17180534,132978
429ac26b282008d2,65152,55325666,140724,65093,55337604,140724
42a834811fdf6376,110286,100422365,139349,110268,100464717,139349
42ab970e7c972436,49412,39581632,140307,49359,39592885,140307
42b55ce6e591185c,106963,97124950,143980,106911,97142093,143980
42c366978ebf9fc7,112573,102741715,136442,112520,102752803,136442
42c4f92744f3cc71,29715,19881339,138556,29638,19893790,138556
4303b31f6c73fa88,89665,79820606,131800,89633,79843315,131800
430acf0e430f4ce8,90208,80372270,159102,90163,80387743,159102
430e347e492a6841,109024,99183265,136462,108972,99202227,136462
43189eb6634be0c1,18453,8640151,132119,18394,8651490,132119
432db77146c4b165,17534,7682749,132726,17498,7711801,132726
4346ae2a3038ba95,43418,33581455,139205,43373,33600414,139205
4375366e0b14e472,70751,60900753,133140,70718,60928861,133140
43926602a88276ab,108743,98922115,138221,108681,98933332,138221
43a950b51714abf9,108926,99085988,139933,108875,99104016,139933
43b1115b78e45833,72828,62982222,130041,72784,63004856,130041
43c6e3bf45a6bfe1,63134,53306005,138602,63080,53317449,138602
43e7e5cfe7b34a0a,49316,39481375,138866,49265,39493570,138866
4428e87f9f395c78,86198,76362210,140806,86147,76376857,140806
442ba2853e1c1d6b,88035,78222904,144812,87978,78235168,144812
44319c53a7fb25a1,106757,96940696,129060,106696,96951708,129060
44331988dc4d3652,102171,92345042,118730,102147,92354494,118730
445318dfb564c105,81340,71501877,139188,81288,71518093,139188
445e90c7b6a35105,98391,88561559,135028,98337,88571804,135028
446527e5f2459821,86765,76944572,134179,86702,76954501,134179
4472a97db2c1e282,45125,35305694,141258,45077,35317089,141258
44834fdb38f93fa3,21173,11302784,134244,21161,11351157,134244
448f90f7304bb7ae,47045,37221698,129863,46990,37232029,129863
449e050b1d9e77b6,105664,95825025,142992,105610,95842088,142992
44aec84abf1a2176,64826,54962832,131547,64803,55004005,131547
44c8ddcb9a939ded,84031,74205897,142017,83973,74216995,142017
44cf9db64452cb89,103357,93540755,130427,103306,93550602,130427
44dc061241badaee,95622,85783121,145520,95580,85800790,145520
44ee775861ecea2a,91248,81404941,120712,91240,81425261,120712
44fd611daa7372ab,68066,58225751,138870,68016,58244843,138870
452f04737c051fa7,102392,92565199,143294,102364,92576133,143294
453877ffbde622cb,34352,24520235,132076,34307,24529763,132076
453c1d5486e03bdb,116449,106622216,138623,116396,106632602,138623
4549a714642d8100,23160,13300246,134264,23150,13338458,134264
4553b14c066bf91c,95377,85520967,132409,95354,85555249,132409
4562c93334d05ef1,45306,35467451,150715,45230,35479783,150715
45704fd62414f77b,32134,22268432,122733,32192,22311317,122733
4575c2443440b43a,51145,41312943,138848,51094,41323909,138848
45775708b008c098,18013,8182317,146616,17958,8193478,146616
4587dd7cc659a66a,116145,106302212,136953,116119,106323060,136953
45b4e1e1c0a61e08,24138,14303618,135550,24082,14316384,135550
45c50f5e19f64c3a,52110,42220028,130660,52059,42287684,130660
45d090255f413646,59904,50081572,139181,59843,50093301,139181
45d82e57ba5c1cd5,34681,24864514,143438,34626,24874860,143438
45fda28a1cb12861,43935,34062780,133663,43938,34125631,133663
461914efbf45ab00,49980,40141782,140109,49946,40158276,140109
46360002c22e5a92,28578,18740204,132631,28528,18755061,132631
4637cd74d9b0b19b,96763,86922623,141426,96713,86942026,141426
4640738a2b7e5a34,66533,56670556,130253,66520,56710497,130253
464755d2009e2b11,39040,29202781,133191,38983,29218033,133191
464a05e164edaa26,92065,82223490,132753,92013,82243212,132753
465ad9710b2bf2df,48051,38204692,138748,48015,38229651,138748
469fff3eabb54ba6,54316,44462576,132206,54278,44494291,132206
46bf4495d8709c46,29607,19760239,132471,29536,19785294,132471
46dc81708231a3e3,33504,23662832,132822,33451,23681758,132822
46e131afd257a5ed,87074,77242125,140645,87022,77253664,140645
46e4d0ca88e1074f,56122,46300080,130236,56061,46311546,130236
46e7f3178fccca35,89004,79162453,141409,88952,79181921,141409
46e8e96fb4a2dd18,99437,89600925,132449,99384,89615225,132449
46f72e00e1e4a1ea,32759,22943027,133896,32705,22952953,133896
4717c439855303c4,69275,59441905,140442,69223,59453416,140442
4728563f92ca019d,91536,81681292,134235,91518,81714244,134235
4729675870e5010e,15722,5900768,138311,15670,5911430,138311
472ef0a193600832,34229,24380417,134173,34193,24407005,134173
472fb44e9e4865f6,63349,53541807,139536,63296,53552781,139536
475f24602c784890,109979,100165255,103003,109969,100183403,103003
476cedea9ac8be19,29800,19981293,139614,29740,19992087,139614
47d11bf0875e742f,70120,60282153,141036,70068,60298128,141036
47d744cf4bee380d,72329,62484774,117258,72315,62505314,117258
47e3d94c388889cf,66906,57060304,130775,66870,57084762,130775
47ea3f416abd72e3,83324,73530088,357981,83300,73560355,358021
47f7fef7b0a30d76,113221,103385691,136880,113162,103398265,136880
47fabefbace934b7,96577,86762170,139885,96519,86772439,139885
47fcf8c368016889,50964,41142049,142848,50900,41152992,142848
480ec8ba15dda149,83541,73683408,132157,83521,73718388,132157
481503a0cd298ddf,67051,57221728,139599,66999,57233250,139599
4844d11100e5ef5c,10903,1062019,137472,10847,1080606,137472
484c68532ceb170a,10724,901267,130579,10665,911750,130579
48552b2dd3afaf10,57466,47625499,140979,57395,47644640,140979
486c5629c41989a4,14004,4163307,135213,13952,4182550,135213
487494212ec4721e,82351,72505438,138553,82301,72529636,138553
488a9a016f424eab,40646,30805734,139802,40600,30828384,139802
489103bde3456072,98915,89082483,141497,98867,89094096,141497
489a55538d352778,59218,49401997,140006,59165,49413337,140006
489dbf95c89cd07b,32397,22479936,132764,32399,22574730,132764
48c2c65c022c76e6,56184,46361531,138383,56120,46372411,138383
48c6e163b247cf19,27579,17761427,140069,27515,17771780,140069
48dc064caa4afe60,54258,44400131,130833,54226,44435822,130833
490437be3a030389,87235,77449860,352236,87220,77480085,352276
491881bb310bee63,112054,102191365,130394,112041,102231921,130394
4942368cf92d4423,20098,10260405,134915,20044,10275593,134915
495a597697505b86,10351,526552,170207,10299,540341,170207
496a304ea61b9e27,61579,51745067,158925,61527,51758749,158925
497713b4ab9132da,66565,56700190,130301,66551,56742098,130301
4978a2dcf081e700,88971,79125685,140683,88919,79149177,140683
498907f317dba1ca,56683,46850953,131589,56655,46860764,131589
498f2548a130ea45,89902,80082024,138389,89846,80093072,138389
498f521570ebc3b5,47642,37785660,115827,47629,37818900,115827
498f97e3378e6e55,110673,100845555,138324,110614,100855570,138324
49912f45bd1439f1,68757,58920464,131167,68724,58934961,131167
49a1df19fea1eebf,33449,23640417,133365,33394,23650053,133365
49a351feda888c44,12961,3120534,136453,12909,3139433,136453
49aeb878e1fdd3b8,82544,72705749,140515,82491,72721783,140515
49d5bf252464dc0a,60591,50749346,130369,60571,50768650,130369
49f7a1d81db2aab4,52459,42608119,157500,52381,42638387,157500
4a06f1c01f7e98df,118318,108482096,137766,118278,108496909,137766
4a10d78616c885c8,13058,3220633,136874,13005,3236239,136874
4a2d84039323a52d,27161,17302426,132528,27133,17338673,132528
4a61a761b0357b9c,24324,14500242,133589,24260,14510459,133589
4a652ce8b199bab1,98197,88323339,133607,98176,88375551,133607
4a9469535a718b55,106208,96342579,130813,106191,96385023,130813
4a97436fb132f425,43234,33421692,141152,43180,33438220,141152
4a9ee548ffa52de7,119491,109645511,137728,119439,109668887,137728
4ab134876babc3e6,102986,93145148,137719,102914,93163686,137719
4ab8e11a29d3553f,76930,67063864,140037,76917,67108491,140037
4af8cf5ee5f4df66,61091,51245050,139848,61045,51268958,139848
4b0fb6c80f14dd67,56457,46620291,132300,56403,46634202,132300
4b2e959b3fbc2750,55041,45160305,130672,55022,45218911,130672
4b41c2b9aa7b645b,46801,36963596,130327,46742,36978269,130327
4b4b7a9399f45d65,63439,53601677,139537,63387,53616565,139537
4b623e812b70377e,45155,35341749,141172,45105,35352619,141172
4b6e22cef5f47799,59128,49301493,139089,59086,49313168,139089
4b7c23a7e89b0382,40016,30160497,133310,40009,30193612,133310
4bbb2ff0b97728a7,108103,98251410,131875,108088,98280704,131875
4bd4976220219e74,112182,102321988,138360,112166,102360566,138360
4be793d1e479c468,51026,41204716,138163,50969,41215474,138163
4be79fba41fd2050,13601,3740602,136084,13576,3778374,136084
4c0613ea6d10fd63,63695,53861698,139868,63641,53873650,139868
4c3e5e85fcaedb26,37018,27182933,133884,36962,27195753,133884
4c6670eddd940def,64572,54704911,131245,64561,54749747,131245
4c696bb6e607f4c5,39823,29967812,121314,39822,30004112,121314
4c6a4fbebb638b9a,42858,33020565,134011,42810,33038975,134011
4c8733364977fc6f,65963,56141621,138628,65899,56152135,138628
4c9190ae4be035e8,49444,39605237,139909,49391,39621877,139909
4c92548b049f3b3a,43049,33220505,134019,42995,33235430,134019
4c9ecc908c57d556,57211,47365080,140265,57159,47388686,140265
4cb09bf9c038fb92,89992,80181966,138406,89937,80193384,138406
4cce0602a58f5375,74792,64986641,100948,74800,64997806,100948
4cce8f69b95d5527,103640,93802274,139745,103586,93818547,139745
4ced5cd679ae1f52,43329,33521667,140571,43280,33538472,140571
4d078409f08f6df4,45873,36020698,134300,45843,36051817,134300
4d0edd9510eed981,33699,23860243,133212,33644,23876965,133212
4d1c433fd7b99b23,98562,88743664,132147,98506,88753372,132147
4d1e62d159e34e5b,97928,88049027,133605,97940,88106356,133605
4d233fea44d2be65,101890,92080740,131105,101834,92091388,131105
4d422d59cbf2ee4e,51339,41501833,140860,51287,41517796,140860
4d452b145179b796,51275,41441485,139254,51223,41453897,139254
4d56317ff9309cb2,114185,104341709,136578,114155,104363545,136578
4d82678409739b89,90021,80205343,138439,89968,80216435,138439
4dab7725791d8338,40259,30420533,134269,40227,30442180,134269
4dd1438444e8390e,11991,2180480,135932,11935,2191135,135932
4dd6725014cb5b86,43709,33866635,119041,43720,33913117,119041
4ddf350b972b403a,31780,21962106,143151,31723,21971979,143151
4deb773f652e2e3c,45063,35241636,140608,45018,35252750,140608
4dfac2c8fc1bc4ac,85564,75703668,133104,85541,75741086,133104
4e2218f73255b0ad,24825,15027545,346831,24797,15056855,346871
4e27197f9ecd482a,58374,48553306,138762,58308,48564222,138762
4e28a09459a2c173,51308,41464822,137957,51256,41486050,137957
4e44cab7db637874,66024,56205247,138365,65968,56215659,138365
4e596634f695dfa2,56650,46828668,130881,56622,46838688,130881
4e6ec026b73e13bf,87010,77182820,143283,86957,77194341,143283
4e8764b656d64797,94998,85161144,133341,94944,85175906,133341
4e9530cb064b074d,110732,100922285,138789,110677,100934123,138789
4ebdf843ab647d11,91505,81640992,133097,91489,81682661,133097
4ec9818a1e2b738c,103264,93448135,131900,103214,93458427,131900
4ed0a0e6930ba3ff,96546,86725807,140857,96489,86736592,140857
4ee9cedfb8b82365,36579,26760632,132875,36520,26771464,132875
4ef0bc1bc5e37eac,86550,76722307,140883,86493,76733505,140883
4ef77aadb66e32d1,84845,75022199,140550,84782,75033004,140550
4f0193a043e07490,83508,73661096,133258,83489,73686465,133258
4f248a3782ee4aab,99104,89266645,141815,99050,89282757,141815
4f2498311191e536,26251,16431764,133530,26189,16442216,133530
4f8353b61a74cdcc,104739,94921465,133088,104687,94932831,133088
4f908dcbc875bada,41701,31883737,82017,,,
4fa98518c2d32095,28366,18544094,132148,28310,18554496,132148
4fb0f7b9bc93cf12,45936,36083268,134095,45903,36113888,134095
4fbbc8993b98c064,32422,22520716,133393,32417,22600497,133393
4fd41cde7eb79994,20753,10920091,133508,20700,10932249,133508
4ff6f921057305c8,16345,6521971,143132,16288,6532600,143132
500593344a638888,88539,78703412,131934,88484,78716148,131934
5005e08a19bd5ce9,58344,48521810,139912,58277,48532807,139912
5019a6bfc8add46a,105486,95662267,139337,105421,95673153,139337
501a14d6e3e99d28,34531,24702624,132920,34470,24712253,132920
502c595b8ba5b8ed,59308,49485249,139720,59245,49495999,139720
503dd96b6c51fc00,72522,62660992,130863,72504,62699168,130863
5053a1a733c2e43d,58852,49001287,137379,58836,49030066,137379
50640a48254561de,27490,17664179,141690,27432,17674645,141690
506a41812aea3a21,71109,61301892,140833,71057,61313548,140833
506dc2a0df16ca46,47561,37746564,99083,47548,37765943,99083
5071da30240de500,24200,14380661,134467,24142,14392391,134467
507560717a521f24,80332,70521933,138721,80279,70532841,138721
50812ac4308f7cc1,95471,85620785,131976,95442,85648095,131976
50895ca79b8f091f,74418,64560112,130328,74405,64595398,130328
50a89d65e9a394fa,17710,7880237,134085,17654,7890722,134085
50a948d94b60c655,72616,62760636,131321,72593,62793833,131321
50ad548846dbab9b,18575,8760268,133651,18519,8771984,133651
50bdadf4daf3176c,65180,55361651,138891,65119,55372736,138891
50c5dc7c170107d8,79220,69380344,130273,79168,69397691,130273
50f1e33806fde0ce,14816,4980133,134042,14764,4993687,134042
5123ea36ec98eae5,93663,83823715,132789,93618,83840319,132789
513b832f01615d90,102107,92307612,341437,102078,92337542,341477
515fe1d9b448113b,13026,3183231,135146,12973,3204186,135146
5174a33199acf52d,26524,16684297,143792,26471,16701842,143792
517a2c54e2052c69,25971,16140275,133313,25917,16150725,133313
518e3d411951edba,52486,42641235,137061,52411,42664025,137061
51955705b535d30b,12498,2663531,135482,12442,2675948,135482
519cdf87dbae77c2,119716,109928490,341051,119696,109955333,341091
51a8dc07b126731a,30546,20722442,132093,30489,20732439,132093
51b8f7a1e007d058,39503,29665869,141020,39451,29680968,141020
51bd73f35e7da0f6,39888,30020464,133956,39886,30066032,133956
521d96768674a7fc,15165,5312007,124511,15155,5342922,124511
52220ec16d5bc883,107505,97682504,140117,107440,97693344,140117
524aae610f7efa6f,76395,66581642,138532,76337,66593871,138532
525cf1b7036a2216,86674,76845233,144239,86612,76855867,144239
525e1a059df1949c,12371,2540450,136629,12317,2551446,136629
52868deefad4c865,64795,54940632,132900,64774,54972248,132900
529b97abfe627000,101076,91262224,140040,101016,91272745,140040
529e0d70d86e95f8,54887,45009062,129951,54882,45065624,129951
529e0dfe68957828,28489,18681947,143141,28438,18694270,143141
52b6dee1d08fa5bc,109121,99282369,140021,109068,99298809,140021
52baaa52e605007f,86077,76261996,140005,86019,76273185,140005
52bbd34bd91fa708,106429,96580694,130209,106402,96606618,130209
52c2bbd0d8612d27,42696,32861294,138117,42649,32875704,138117
52c6699f72630edd,61984,52162612,139519,61917,52173427,139519
52e586215c025824,20066,10222844,134276,20013,10243859,134276
52fc25e0ae4765a6,100587,90638425,117766,100588,90764091,117766
5346c75d4c10d19e,35936,26080283,133351,35915,26113131,133351
5355f02e952821f0,55321,45480498,132656,55262,45498568,132656
5369e4b02f36285f,12745,2923163,136246,12688,2933926,136246
536dd88d70041557,40493,30680225,133072,40438,30696850,133072
537197403e34d778,52870,43040345,131418,52819,43051042,131418
53a1485e12bf68c0,81178,71340306,130336,81127,71355664,130336
53a41f499c6dba59,89350,79483938,132549,89333,79527682,132549
53a61277a485218a,18664,8822583,133815,18612,8842043,133815
53b1b7505c88be79,29889,20081563,140648,29837,20092311,140648
53b735134db2a572,12653,2823466,137039,12591,2833886,137039
53e362dd4c5182d9,79058,69221646,138479,79006,69236216,138479
53e3f6a96eb90a2c,107474,97645539,138985,107411,97656901,138985
53efb7ae27584662,24231,14403463,135050,24171,14414229,135050
53f6334ea3431e24,43903,34040219,132972,43908,34093737,132972
54157ba126a4c31e,35589,25760626,134007,35536,25770751,134007
5417bcc0f8a79b24,108626,98802100,138110,108576,98813324,138110
541dcf329186c3b5,52626,42804984,138712,52566,42816528,138712
5426b021cc175de8,37329,27521778,140200,37277,27533940,140200
542f4483df434a2e,71827,62004236,129708,71769,62013879,129708
54343d1fa75d4db9,80715,70882113,139753,80663,70894070,139753
5469f56ea037f960,20535,10721799,143163,20476,10733030,143163
546fc07791e89f16,48349,38541200,138027,48296,38553022,138027
547f62fb5ab79e0c,30609,20800193,132681,30554,20810709,132681
548860b1ec681879,65714,55881599,138492,65661,55892441,138492
5494bd11b1d5574a,80459,70621562,137261,80409,70637212,137261
54b4d2f5cfcf7ea9,13949,4140496,134648,13894,4150987,134648
54b4e5b1edb99534,86361,76522241,139214,86309,76539739,139214
54c5d696b99eaa9b,31692,21864407,132615,31627,21873920,132615
54d6350dfa2e1da8,20350,10520568,135339,20289,10531162,135339
54dd814aad890773,116113,106262692,141125,116089,106290867,141125
5500781fdc582deb,21044,11189771,122987,21034,11220698,122987
550ae48f2e0f4aa8,63914,54084931,138575,63851,54095536,138575
551d0831fb87f302,72235,62447476,339989,72217,62476307,340029
5530b60dd0bc99f7,19639,9802692,133869,19589,9817692,133869
5531cc45a0e10b22,102729,92881937,114190,102679,92905182,114190
5545d35473fb6dd1,50587,40745279,140105,50535,40765144,140105
554ebfc69d1a52ca,113189,103362501,140714,113132,103373263,140714
55544c79d8403d09,90150,80345435,159023,90102,80358964,159023
5560af861f0d8a11,38474,28660091,132377,38414,28670840,132377
556b03c6209ee75c,21925,12093191,186187,21874,12107360,186187
556ba33cef052e79,104620,94781359,132914,104584,94797776,132914
5575550daf7979bd,54044,44180137,131477,54029,44221209,131477
558948b4a968bf4d,84120,74306221,140332,84069,74317754,140332
558ee547abe38aa9,58218,48381444,138053,58159,48395729,138053
55988eb27bc7c8c1,62165,52324816,139879,62114,52343227,139879
55a36863a968f6da,49380,39553818,141799,49328,39564406,141799
55ab058d58146a09,93012,83182542,140950,92959,83194009,140950
55ab8939b4a75e53,46983,37165066,138687,46928,37176840,138687
55d41c04216e9a80,69869,60061964,141236,69817,60073813,141236
55fef633b74ab274,71705,61880543,131687,71642,61890649,131687
5609f9ea78367b34,88755,78942159,140375,88696,78953102,140375
560fcb204966bfc3,71165,61325769,141042,71114,61342730,141042
56198fea6480e638,59277,49461689,140183,59218,49472803,140183
561c4f53802cafc3,55267,45421534,139032,55215,45445905,139032
562d5ed91066d1bd,97270,87421104,132973,97249,87447810,132973
562e7530d01f9a0f,21625,11800377,134562,21569,11811459,134562
564c10469b212110,55433,45602459,132072,55362,45613123,132072
565576393b8089b7,80903,71081981,139741,80843,71092715,139741
56871404a9778993,79830,69965602,138174,79814,70008537,138174
568bbfbbbf20b1ee,62612,52748586,129062,62595,52789091,129062
569cd097299ddc93,108167,98300928,131405,108152,98345274,131405
569d58a31342571c,118965,109123085,132607,118911,109143402,132607
56e43bba052ce92f,83130,73302180,140263,83079,73314182,140263
56f4964d726463a9,45186,35365210,139081,45135,35376017,139081
5703c12d66a1f9f4,21772,11960489,135501,21716,11970883,135501
5709f4a1b60087ed,115327,105505667,137855,115270,105517197,137855
5715be5e718edf4b,29945,20109155,162878,29894,20125155,162878
5748e83af4b3092f,95031,85202947,144715,94976,85214204,144715
5752791fa1b7a21b,44686,34848362,140139,44641,34865950,140139
576e198b11e362ea,70959,61125778,134170,70904,61137503,134170
578f0d340842dbf8,48790,38961115,137311,48733,38972787,137311
5795c0d59cb159d6,21077,11212459,134483,21066,11253873,134483
5796a44e7093968f,51691,41823045,132506,51675,41868830,132506
57b63e2cd6c3d0c8,72586,62722260,130164,72565,62763709,130164
57c2757ef8f6285d,86392,76562172,140868,86340,76574173,140868
57d329f88848524f,11815,1980512,136181,11766,1993147,136181
57d5038888b55ea6,22774,12938262,122869,22721,12950776,122869
57d8efda9f1fea59,98754,88923203,144280,98708,88934895,144280
5832038e2584f16b,44148,34300447,133594,44126,34335259,133594
5836dcf18f9a138a,67575,57741615,138282,67521,57753187,138282
58616d847684dedd,31575,21740073,132216,31524,21752714,132216
586ceb6f3ba3e9e1,87281,77467370,105377,87271,77487735,105377
5883adbae3214d02,70563,60702740,132114,70542,60740701,132114
58862e63df2d9fc7,100891,91042332,139459,100832,91069454,139459
5889ccb8e1b8585b,31662,21842068,143028,31601,21852503,143028
58a3590ca28e3b93,98474,88643326,132447,98410,88653274,132447
58a5b69ee0102aad,23979,14142296,142663,23927,14157484,142663
58a5f543480c4567,68939,59102920,132059,68889,59116111,132059
58aa4c1f6d8429f4,32496,22620216,133397,32469,22674062,133397
58e7aa923a8c49bc,114520,104701839,136503,114463,104712309,136503
58fab0c99c48f5fb,75443,65602063,139802,75391,65621270,139802
58fc13150c8629d8,68260,58425672,140018,68209,58437819,140018
5905e7cd8ab76ea3,41490,31660447,132914,41443,31675457,132914
590a15459cc0cfe3,45404,35562977,133720,45327,35573275,133720
593a12cc96de23ee,100843,90962979,132245,100793,91020374,132245
59497758a75b7b1f,12929,3083404,135670,12877,3107524,135670
597c00d4a2b8b188,25938,16102822,147885,25885,16117066,147885
598555e6cd4ae22b,62927,53082444,144285,62895,53105276,144285
599ebe2255a34cdc,21109,11240065,132451,21099,11287189,132451
59a6673e7041f7b8,112150,102282807,140929,112135,102328415,140929
59ab4aeedd4a32bc,11873,2040178,124948,11816,2050162,124948
59c0e780f388e048,99226,89402578,142446,99166,89413710,142446
59c2af028ba4b9b3,113748,103922347,138293,113695,103933051,138293
59c52e48c4bd3083,62740,52881457,138056,62720,52919376,138056
59efea789d1fb6bb,71018,61202326,142463,70958,61213687,142463
5a01d8dcb018c339,52404,42545698,139557,52328,42582641,139557
5a0af04d65ebde06,84533,74702186,141506,84481,74713652,141506
5a1238c936ba2f17,74728,64961364,360431,74731,64990557,360471
5a200091cc3ecb40,19582,9739978,132999,19539,9759131,132999
5a3feff7be425de0,19849,10040252,134298,19794,10050389,134298
5a7eed06620f949e,58627,48782050,112244,58617,48803467,112244
5a800dd6a023f8e4,26128,16300301,133837,26071,16311260,133837
5aad4c9aa98c14e8,118228,108382176,137995,118197,108406258,137995
5ab300f2b6ec2e0f,51949,42097170,122552,51918,42126489,122552
5ac62d3f5b2a53c9,37611,27781724,140448,37559,27792505,140448
5ad000e3fc348bec,50244,40425135,139621,50187,40435562,139621
5ada5ea745ae5e99,95152,85307796,118621,95134,85328626,118621
5af722452e65741b,70595,60740737,132630,70573,60773140,132630
5aff0d35a4b4efb3,60689,50825489,140158,60668,50866558,140158
5b05cf4025b813e0,46707,36862274,131358,46652,36885270,131358
5b112dc0986cb489,13291,3417953,121935,13290,3468186,121935
5b500f273b5b2220,53916,44053707,130675,53904,44093359,130675
5b60297ebcd79bdc,119759,109945556,101916,119744,109962338,101916
5b654dda670e2b5b,88380,78542310,140812,88329,78558062,140812
5b713b53f8aeb9da,111268,101442150,138061,111207,101452931,138061
5b7dc8f9e199e1ee,33763,23922867,132834,33707,23940829,132834
5b7de02b620ee261,110379,100522177,138376,110353,100556626,138376
5b7f28234e4361e9,85958,76123442,132195,85903,76136093,132195
5b81cf4061e91863,61150,51321729,139528,61097,51333779,139528
5b91a311721bd22e,110408,100562199,137549,110380,100586095,137549
5bbc3d9d38208f02,118804,108971771,154181,118752,108983300,154181
5bca3e1c3824f07c,84627,74800964,131998,84574,74812956,131998
5be9daf1cb9cfdae,48567,38735055,155352,48516,38748357,155352
5bf66710461a8adb,47609,37766000,114797,47596,37785856,114797
5bfc27a8bc402f7f,11786,1943746,136006,11741,1964231,136006
5bff67e4697db746,79252,69420662,131114,79199,69431604,131114
5c04f140fb95cf77,62547,52704913,129368,62531,52724414,129368
5c262ff01a13bdf6,20194,10363083,150650,20138,10374175,150650
5c3a48265691bb7c,106060,96246325,104480,106044,96263336,104480
5c3cbd3773172149,35127,25301547,141096,35071,25313956,141096
5c4eac53f5f767d4,36033,26180115,132892,36010,26210475,132892
5c7ad706e6a3636d,16972,7139876,131750,16920,7150389,131750
5c823db72d5f514d,68405,58561603,120147,68383,58582227,120147
5ca0e3dc6e951834,41276,31461663,141024,41225,31476721,141024
5cf7709a517ee050,105011,95182131,137633,104958,95192707,137633
5cfec1996f54d95e,119684,109845583,138815,119629,109861748,138815
5d14718a743a73d3,78530,68704127,152500,78473,68715626,152500
5d2de203324363e0,82608,72780719,131371,82554,72791192,131371
5d50e3c526ea7384,102922,93086083,137573,102856,93100040,137573
5d51f0f02d94bed0,96698,86862282,140457,96648,86876628,140457
5d8badb6162c2797,90562,80725654,139772,90511,80739776,139772
5da23df9f62ab814,48535,38701283,138207,48483,38712688,138207
5db57e28bfece722,109769,99942646,140945,109717,99953494,140945
5dbd9d64820c26e7,112214,102345214,137342,112196,102391813,137342
5dbe19c11232f355,26906,17054311,131948,26886,17084403,131948
5de89ffa2e237f84,102329,92500890,131852,102303,92511176,131852
5deebc0c60055beb,47390,37561296,138444,47337,37572202,138444
5df0589c5132cde5,11700,1843285,135190,11667,1878054,135190
5dfc5445d2d9262b,12896,3060513,136462,12844,3074985,136462
5e3d89df86196eb7,115082,105243142,132092,115024,105260179,132092
5e522bfd79d66d78,102267,92441160,133453,102242,92451844,133453
5e6cef3021e9984f,99502,89662953,143721,99449,89680018,143721
5e7390ef9a896bb2,106727,96902683,141680,106670,96913749,141680
5eb57b819e882096,13859,4040436,135433,13800,4050804,135433
5ee0f8f49276de45,68599,58743273,133612,68574,58776353,133612
5ee3b4d536a484e8,42157,32312393,132849,42149,32353505,132849
5ef936465961bf77,17225,7357753,119314,17209,7402462,119314
5f030ecb0e4079a3,14695,4880117,133198,14639,4890306,133198
5f0f60b81e6f01cc,39193,29364996,139415,39129,29375306,139415
5f234f512de551eb,60177,50341459,138660,60126,50355710,138660
5f62cbb480e6c981,99942,90084550,132586,99913,90119807,132586
5fd3a8ff7a06b598,11581,1720695,138087,11563,1759048,138087
5fd5e1c7b74566ce,117946,108083010,129174,117930,108124121,129174
5fdf4f84f6221113,48199,38361583,127938,48146,38377461,127938
5ff5d9e119316f37,38234,28400594,134000,38194,28412177,134000
6018a273d3e6fbc7,99635,89822232,106694,99612,89837920,106694
601c2ade5c04753e,98082,88203072,145417,98079,88261338,145417
6032b0cdd515f0d2,55872,46041928,140248,55819,46052918,140248
6048a4fcce3e082d,102203,92367357,132121,102179,92381908,132121
604c37f2f32ca58c,49919,40064650,138501,49890,40096893,138501
605d0718b43b8676,105578,95762266,138676,105519,95773065,138676
605f5a8b2f6b9de0,46923,37099994,130662,46859,37109953,130662
6063c07133d4d176,115511,105682335,138242,115460,105693275,138242
60643eceb1fc9d2e,93602,83760845,132098,93562,83778745,132098
607188a62f631680,104342,94483178,132684,104332,94519526,132684
608284fd74f5d6ba,46417,36581809,141802,46366,36596341,141802
6093112080337832,95101,85287714,104656,95083,85307374,104656
60955a05b2ac0c58,101267,91422704,140578,101221,91445762,140578
60a6b168e0585531,119587,109742690,131109,119534,109765617,131109
60b5428dfcb9375c,39920,30060214,131897,39918,30097649,131897
60df5a1d77872eaa,106786,96962653,129996,106723,96973027,129996
61426fc0d06b9388,28119,18285157,139425,28059,18296830,139425
6144d729c1fc21d3,56276,46461508,138796,56220,46472610,138796
61470a15eb5dd73d,41030,31202014,143023,40977,31220937,143023
61650cb12ffbfe18,71262,61426171,139518,71212,61440777,139518
61745e2c4e22475f,114090,104240744,130299,114063,104267740,130299
618aaaa2009a1aab,14634,4820280,135002,14577,4831267,135002
61b4491f7edcc667,94565,84742051,140239,94501,84752781,140239
61b5d5afd3b34560,16023,6182704,133539,15970,6201072,133539
61d9e66fe9f0a2e4,114491,104662474,140362,114436,104672769,140362
61ddbc099bf392ee,39568,29725728,141561,39515,29745618,141561
61fcf8fcc9d78a57,99718,89861919,117974,99694,89895261,117974
621c3af1c68a8c4f,79979,70125360,139033,79945,70157405,139033
623f0fbf94df0ae4,44782,34945819,141678,44738,34964035,141678
62619b07bd827cd2,10509,679727,132053,10452,690547,132053
6274969817cd6bc5,80748,70922400,140464,80694,70934282,140464
62793542a3917498,38384,28560208,132931,38330,28571283,132931
6280f792122ec851,93510,83662081,138869,93477,83688053,138869
62a19dd0b5e4c079,111610,101802294,138308,111557,101813803,138308
62daee601af692cc,113313,103485153,137523,113251,103495592,137523
62e1a3f09af58423,43017,33183106,133892,42965,33196587,133892
62e918a49919a64a,67109,57281650,138330,67050,57292927,138330
6311b060b126e48c,102794,92960560,129694,102738,92971583,129694
635041d52ae1c432,67824,58001929,140182,67761,58013431,140182
635f533a37fe13c8,78336,68500215,129578,78282,68513754,129578
637f13787e37cef5,60753,50900567,131087,60731,50930680,131087
6381f40cc7b6e3d0,14388,4560368,135448,14330,4570773,135448
6382b25790340c6c,105268,95442122,139324,105212,95453930,139324
638c9a716c82b67c,117531,107702301,139043,117479,107713392,139043
6392ff259cf23a02,91410,81541137,133834,91399,81587808,133834
63cf8ed0f496a7c9,72394,62540377,130152,72379,62571236,130152
63e477db5afa2266,25531,15702943,132868,25472,15712553,132868
642dd730dd14f429,60721,50860014,129658,60700,50899034,129658
645073e3f7fe8ea6,95769,85944879,132673,95712,85955247,132673
64582525eaf04f15,33324,23500269,133048,33259,23510233,133048
6460fae554c45fee,63193,53364867,138279,63133,53376609,138279
64a20d1c0213cdfd,76272,66445004,137177,76211,66456190,137177
64d9165e644a6967,97800,87959148,131642,97816,87977535,131642
64eb83c9311bfc29,56902,47081513,138852,56870,47092716,138852
650b5dcf4270dfbb,95944,86103615,132359,95892,86122354,132359
651bd83a9371879a,89931,80105361,138379,89872,80115852,138379
6537769df5501d62,76866,67000351,130502,76854,67043651,130502
653f23a5ac94af4a,26002,16162976,134409,25948,16179363,134409
65422da1e3e354a5,14573,4760542,135226,14514,4771266,135226
657d0c2b60a6aaa2,54823,44946332,121567,54822,45000727,121567
659af265f4bc2e1c,85690,75840839,132765,85661,75866999,132765
65a0aabf32a0d8ca,64733,54862291,130566,64716,54910045,130566
65c8a23a68a37419,91056,81220367,129642,91004,81233751,129642
65cb7aa330d9352f,79026,69185034,137112,78975,69203803,137112
65d2ca42a6d6652c,116082,106222121,129161,116059,106259810,129161
65d89f28daf557b5,74698,64850956,129539,74666,64875295,129539
65e547529fc3a9c4,41184,31361810,141528,41124,31374952,141528
65f32d04c782c78b,63470,53625158,138811,63419,53648332,138811
660aea37dc1fbe19,114860,105025875,158873,114808,105039364,158873
66587e98948087d9,52598,42781579,139112,52536,42792505,139112
665f2c8cfc901673,113812,103982226,138703,113759,103992813,138703
666ce28c1e87ecc5,27343,17500214,132776,27299,17520506,132776
66794ec1f67a383a,48080,38239810,129347,48041,38257838,129347
66843188ac200c11,67885,58064499,131914,67830,58075255,131914
6693b1661ee97fea,97397,87541075,133058,97370,87574636,133058
66957ac2ddf8173a,114764,104922350,139662,114713,104942358,139662
669e021ed970d580,33634,23800482,134437,33580,23811863,134437
66b200514b099fb3,14294,4460509,136073,14238,4471895,136073
66bac0adad24e5e6,108870,99062361,138575,108817,99073286,138575
67116de2fb26075b,27830,17988591,138267,27778,18007774,138267
6713a1916b733778,50304,40484877,138669,50246,40495723,138669
67a488ed51aa7e0f,79409,69632414,367313,79403,69663121,367353
67c2791c28acea68,37675,27841458,140131,37622,27853176,140131
67c4f55de52b5d1c,108419,98561490,130472,108391,98596729,130472
67c51b6fc6713757,93752,83921371,134317,93698,83931950,134317
67ca8d1abe141c57,80588,70745462,138787,80538,70765986,138787
67de0814fa04d151,52262,42375224,130973,52195,42439507,130973
67f53acbe94d3a8d,76643,66802149,129838,76592,66820725,129838
68249225e373b1e2,116685,106853549,139306,116633,106864247,139306
6831dff0f46140b0,77452,67606726,112194,77443,67628444,112194
68546e0786ceb544,39071,29240225,132778,39013,29250799,132778
68584669da034adb,23316,13460235,134107,23294,13493699,134107
6861060db98c2064,32068,22237934,125770,32133,22249420,125730
686e5a426225a7c3,34804,24965058,139439,34753,24983336,139439
6875752a858373b1,113960,104108043,130088,113935,104137576,130088
6890ab0e88badb43,89317,79461523,117173,89301,79493988,117173
6891ba5c43aa464b,20001,10175007,166308,19948,10187837,166308
6898ea56542356b3,66146,56305691,139274,66095,56324135,139274
68a4edf6ab3a696f,118933,109100717,130097,118879,109111624,130097
68c5ce022e1bcd26,103736,93902671,142290,103678,93914418,142290
68d2c8a0b2adf52c,20722,10882777,147856,20669,10900636,147856
68f56c3e955e6116,73904,64063080,133356,73851,64082206,133356
68ff6f054fe82ca7,75955,66120432,131010,75902,66132458,131010
690d1e63ee9fc4c6,118377,108542391,138936,118330,108555766,138936
693e656070ab5ca4,69435,59600501,131741,69381,59612868,131741
69442358e5c9b960,71360,61522168,141011,71308,61538151,141011
69668d609e50854c,108136,98273533,131030,108121,98314067,131030
69762da73f603866,91627,81764068,134691,91601,81805083,134691
697eae6e303bfa59,87042,77206773,142075,86989,77220055,142075
69839379cda3c2b7,48405,38564357,137240,48354,38583608,137240
6993adcd764791a7,39316,29501540,139546,39259,29511843,139546
69b62f41286dcd49,93383,83541126,133228,93357,83561053,133228
69d451ca71a002b7,42333,32501338,138776,42294,32522379,138776
69e32c75486de57d,35158,25325214,140276,35102,25337162,140276
69e544a87f4aa1bc,53406,43582826,132427,53347,43593521,132427
69ff71e33e950f1c,107535,97722395,139641,107477,97733510,139641
6a00213f1218a40c,49827,39962180,131014,49805,40004798,131014
6a0a749f05a9e563,89573,79720653,131296,89548,79750225,131296
6a0f4b3ca3f80f6d,98254,88383250,132818,98223,88432334,132818
6a2b710bb6162fa1,25689,15880652,135331,25635,15891684,135331
6a3082ea9f36a76c,77237,67382733,129740,77198,67414175,129740
6a48af13c7038303,92449,82621113,133419,92392,82630813,133419
6a6a0421f733b81e,48974,39161539,138035,48916,39172828,138035
6a6a598fc20978ba,46739,36900103,130165,46683,36916560,130165
6a6f8659cc464db4,22152,12322885,149179,22100,12335140,149179
6a93c1506bb8e5da,47422,37584588,137628,47368,37599937,137628
6ab158ebcbda2148,101553,91720875,131839,101501,91732723,131839
6ab92c9d6b03d68c,86889,77080976,133735,86835,77092051,133735
6ac15456ee5d6360,65682,55845171,138913,65630,55859455,138913
6ad59abaedc830f2,113436,103622327,139639,113379,103633339,139639
6ad9dbec536c147c,34040,24182951,132929,34010,24217698,132929
6ae35038d6583a0f,43483,33641817,140826,43438,33664314,140826
6ae590ab3ba2f4b6,47196,37359938,129483,47144,37373899,129483
6b0c2f90f6402516,75166,65280712,131303,75155,65343622,131303
6b3567ea104ab917,99815,89961022,133065,99790,89993353,133065
6b44d561d09203be,82946,73126017,140368,82889,73137221,140368
6b44fc8eacd4d2b5,94534,84705365,144257,94472,84716017,144257
6b4841e5f47c8f49,107255,97420680,129885,107199,97431910,129885
6b4cb1f793dbb82f,86977,77140940,132854,86925,77154146,132854
6b50829953719fc9,10382,567829,228485,10329,584513,228485
6b51466b319abc9e,89784,79944956,142523,89740,79963015,142523
6b561664233d3338,48820,38984449,137714,48763,38998202,137714
6b6f37efbb854c1f,78844,69021502,136941,78779,69031383,136941
6ba32e6b43f7d5b4,30578,20760192,132630,30520,20769950,132630
6ba9a098352ab9cc,109434,99605695,139182,109372,99615921,139182
6bada10bc958e04e,65554,55721801,139640,65504,55733507,139640
6bb6b7821239ee1d,78562,68730242,154754,78503,68741661,154754
6bcb550e71c1de0a,67915,58100710,133102,67860,58112335,133102
6bf734414bd48226,72554,62700287,130592,72535,62731786,130592
6c11e0161ae7b70d,112515,102682259,138323,112469,102694016,138323
6c5483a33a1c6d19,39101,29282747,144166,39042,29294210,144166
6c557f1010be86cf,37821,27977688,118353,37797,27998181,118353
6c69de709fd1374f,59715,49880578,132699,59661,49893283,132699
6c7ea42375b8ea09,83730,73880696,132053,83701,73907858,132053
6cc30316a70d3276,25006,15159144,126865,24982,15183613,126865
6cdbac83b2405895,29134,19275819,123691,29110,19312511,123691
6d10a3706f266a14,14167,4329383,133818,14113,4344607,133818
6d13febf767424b9,97058,87245054,106449,97039,87262651,106449
6d17bb4f961df79f,84722,74883077,132912,84664,74899578,132912
6d1c4e51022050a7,95890,86081228,134219,95836,86092421,134219
6d5c319b5cc8f6c5,91833,82001103,133575,91782,82011501,133575
6d6b12450d39ee45,72203,62365514,140536,72148,62380689,140536
6d6e7b2ab3d5bc43,19055,9212404,118734,19051,9232419,118734
6d8a349ac4b06924,90717,80882801,132693,90658,80894190,132693
6d9031cb9d169161,119808,109964890,114237,119793,109985060,114237
6db9ecbe669e5be3,47325,37484521,137650,47273,37503926,137650
6dcec2da4e241640,101459,91620489,129852,101410,91637646,129852
6dd2359b86fc1f38,18826,9001372,140073,18773,9012568,140073
6ddd36f5c924bda4,34652,24840245,133076,34596,24850467,133076
6e00bda02e74e7ff,100967,91125881,140160,100898,91145200,140160
6e190f52e20020ec,61675,51840465,132737,61621,51853201,132737
6e39ddb8cabf39a6,75044,65148595,132836,75044,65221962,132836
6e4dc3c7685c7822,70811,60964637,143274,70772,60988979,143274
6e5424cfaab7ef43,100819,90940655,131356,100773,90996088,131356
6e5846d7b631e9b4,73095,63281962,139967,73043,63292952,139967
6e5d28541fc278e6,70087,60245876,140221,70036,60265518,140221
6e8a34f76f421607,34261,24420043,132915,34222,24438836,132915
6e8d8e2f82f5eee1,10967,1140863,137475,10912,1151920,137475
6eb8421dce4b7b5a,94503,84681010,132153,94442,84691371,132153
6ed4f43394900801,39600,29761745,140885,39548,29777935,140885
6f05fbad3667f613,13541,3680239,134912,13524,3718726,134912
6f15edecd3811553,46862,37041690,140958,46801,37052997,140958
6f1788c36aef9016,75252,65367637,161439,75230,65432201,161439
6f349a8f637cf899,105108,95271781,155816,105055,95287369,155816
6f3baca0a5c9b581,105454,95625758,139492,105392,95637081,139492
6f73915bb0d46745,97206,87343213,131842,97186,87383672,131842
6fa5b893ff435d88,91023,81187517,149651,90972,81201803,149651
6fba8b8d911911c1,44088,34222845,133852,44076,34277815,133852
6fbd9a14ba04c6cf,10038,220918,138798,9975,231960,138798
6fd280796bca2329,14729,4920471,135671,14674,4931230,135671
6fd400ebb6e4148b,38414,28582833,133752,38357,28593587,133752
6fe7de81136ca25a,53063,43225104,140474,53009,43241442,140474
6ff6b816f951a6a7,77582,67727431,93457,77572,67757276,93457
6ffa7f9b42dbe05f,75415,65565505,138315,75368,65593910,138315
6ffe1923d06fca3b,38915,29080418,134519,38863,29093519,134519
703400ee5ca9be51,99751,89884144,132010,99727,89928982,132010
704589445411c733,72887,63059942,128841,72837,63070356,128841
7047ac28e805d086,85026,75186199,140936,84976,75205682,140936
7052576b62c2d10c,70500,60640414,131154,70481,60676880,131154
70574858f3f14dd1,106639,96800843,130576,106591,96816553,130576
706d9b801081780a,57089,47281823,139381,57046,47294042,139381
70710c7d383fbf37,22434,12604401,143715,22373,12615728,143715
7084dceb9fc16a51,43142,33321432,138890,43084,33335776,138890
70cb1aea94eb421d,52045,42157934,117220,52003,42223636,117220
70dd98aacbb508f8,59810,49981766,140276,59753,49993242,140276
70f4eb541ac07694,32227,22334049,133350,32271,22405709,133350
70fa02a98f1803f2,36890,27061497,139467,36837,27072822,139467
7102932957d9b508,49699,39839958,130437,49683,39876577,130437
710ddd461173255b,37449,27605660,141663,37399,27628200,141663
711f1e799db70d66,79155,69321691,138572,79104,69333656,138572
713d3068414ead7d,58659,48804070,130444,58649,48836138,130444
714f8e3959f47e21,64185,54349182,162238,64134,54364531,162238
715e64dc67e4c986,13773,3940384,135546,13724,3950689,135546
718263f70b219a09,93872,84061021,133400,93816,84072245,133400
7186f532ab1d8b13,97767,87936778,133372,97784,87947633,133372
71bcc2944f45b204,74001,64162696,143395,73948,64179214,143395
71bd2128932e8c1b,39664,29826004,142712,39610,29841895,142712
71e84e47079784f7,34167,24320280,133378,34134,24345292,133378
71eb69a032be2d55,42509,32700530,134125,42458,32715301,134125
7218551babde74f1,118739,108902045,137580,118688,108917262,137580
7231e8e485a74e40,105697,95860782,130447,105643,95874224,130447
723f5ef0ea81170c,16563,6741232,139937,16499,6751886,139937
7240c385a33edf16,95977,86141257,134259,95925,86155098,134259
726e7aea7ffdec4e,48913,39084513,137835,48851,39095146,137835
727869847abfbbac,57993,48161545,138199,57945,48173255,138199
728802218a345674,38503,28682387,131920,38445,28692300,131920
72884fe2a0077ffd,96329,86501157,134077,96271,86512056,134077
72ad2e51ffad50cc,35407,25585318,140365,35349,25596494,140365
72b0af08f2c8dce1,43295,33481731,139802,43245,33493816,139802
72b715824180699a,94091,84246132,140567,94040,84268671,140567
72c14a754d165f8f,100338,90506962,94098,100362,90516055,94058
72c2a777b02ad21c,32648,22820058,132180,32587,22830386,132180
72db57a1456e68c1,69743,59925266,138718,69688,59936585,138718
72e3e75e6b268383,45032,35204436,143173,44988,35220009,143173
72fc059e6201f5fa,21832,12022225,142130,21777,12033208,142130
7308d726cc0b85ea,119307,109485366,137415,119249,109495480,137415
730d4510c1fa5b44,56619,46806600,123367,56591,46822032,123367
7316b1cfaf13e052,29070,19229701,94456,29049,19245210,94456
732e5e748a26d4b0,111577,101762385,139460,111521,101773144,139460
7343b62bffa81d1a,79463,69648870,99070,79462,69670326,99070
73785a4c8137ce57,54288,44440187,131181,54253,44465527,131181
738749bb62c5ab05,30729,20900186,132267,30676,20910086,132267
73ba685f60bc6a91,18484,8662717,133201,18428,8673786,133201
73c94d1db1f67b41,80842,71005819,140269,80785,71019701,140269
73d13f369093188e,110614,100782613,140064,110562,100792664,140064
73d42a3d58ea405e,58692,48839907,129866,58681,48868972,129866
73e91feddb444290,89814,79981900,138761,89767,79992975,138761
7451f1f35c22f393,32571,22720185,132583,32525,22748792,132583
749b69a80b5dfd24,55157,45280425,130764,55122,45334716,130764
749dbb917d57bd48,69653,59825310,139674,69591,59836316,139674
74aaa15ab4369ebf,71424,61585744,139920,71371,61602608,139920
74cb14cf9f0acb6c,58466,48641504,138340,58402,48652572,138340
74e9f8ad9ef09db9,85929,76101147,133668,85878,76112393,133668
75096d9370e1bef8,29772,19948532,137674,29712,19959839,137674
7519e816cd51f865,28149,18321220,138972,28088,18333043,138972
753243212ab31075,43385,33545299,139592,43340,33566717,139592
753e1193a02329bc,57805,47985503,139322,57760,47995899,139322
75421d219569de99,57242,47401610,139318,57188,47420776,139318
7550ee2abd2514a1,57057,47241683,138776,57016,47253301,138776
757ada4a2bef36e1,94750,84940684,131590,94695,84951023,131590
7581eba7dfd1572b,99166,89342233,140112,99108,89353446,140112
75823b4f2dcb45d1,39740,29927103,108874,39740,29960891,108874
758e388e45973327,69622,59801739,139053,69561,59813298,139053
759329cfd95fff3b,19552,9703006,133323,19513,9730101,133323
75935868e1e7d540,41845,31980182,132138,41866,32044073,132138
759678a5c6e01033,60057,50241868,140274,59999,50252595,140274
75b80115d997a7a8,62866,53005698,140586,62839,53045000,140586
75b887a47e7dd9d6,60466,50625165,139724,60411,50644101,139724
75eed7df90e49b85,63851,54021726,139133,63792,54033101,139133
75f450846dc93eef,28212,18381592,141322,28148,18392899,141322
76244579ab1eb453,41092,31262232,143306,41036,31276656,143306
762cec7a7ad38c44,66341,56501661,139059,66289,56518380,139059
763e7c38a1385dd6,27035,17180081,132664,27012,17212742,132664
7642aaf0f80dd6f6,69372,59541863,138666,69319,59552883,138666
7644e47b1651b1ab,21205,11340388,135250,21191,11382937,135250
764f58627a0e328d,75553,65722138,130248,75488,65731348,130248
7650767548becdae,12529,2700475,136110,12471,2711304,136110
766290a885e492d5,45968,36121637,139299,45933,36145941,139299
76638ae50e5890f1,104978,95142191,138341,104926,95155335,138341
76850158a8ddcb7e,51056,41241670,139787,50999,41252276,139787
76895af0d02f9c30,59965,50141553,139312,59901,50152230,139312
76a0540e221e8ee1,58724,48861723,129370,58713,48902049,129370
76a5793a4bf29a80,89101,79263200,146538,89048,79279040,146538
76a94d653524ae51,117377,107562620,138253,117321,107573583,138253
76c89cdc18c63e4c,100558,90617273,116977,100563,90734356,116977
76d8e42133c6fae8,112935,103104751,153766,112883,103116940,153766
76de8739e934790c,13570,3703099,135348,13550,3747904,135348
76f5007a690879cb,54346,44500170,131400,54304,44524309,131400
7708bdc7f7a50a63,40775,30940208,133066,40729,30958902,133066
772f0d730e96cc9f,55903,46065371,138541,55850,46081417,138541
773d163da293d5ca,62076,52261350,138001,62021,52272050,138001
773d64df247617f4,62579,52726736,128837,62562,52756207,128837
7744e08902254dce,93722,83883692,133771,93672,83900155,133771
775c90338ab0e034,57530,47700062,130313,57456,47710863,130313
776559b61eebce34,74980,65103733,128831,74984,65157066,128831
777828ad6022ea92,13802,3963229,135422,13749,3979085,135422
7789bc70dd60f6f1,81789,71922113,139965,81769,71966896,139965
77aa0fe693c54459,96009,86181220,133219,95957,86192608,133219
77bc377fc6a049e2,44588,34746175,140937,44510,34757188,140937
77bc7188ebd07f40,65489,55661868,139911,65440,55673466,139911
77cd6bd1ca794430,119458,109622266,138960,119406,109636339,138960
77e483560c4dd80e,116751,106905390,137695,116698,106929572,137695
77f8b1b67174e876,92194,82362155,139893,92142,82373264,139893
7803e0d5a4a399ba,52290,42422044,142708,52221,42468765,142708
7813800106b8b306,100696,90765070,144848,100677,90874553,144848
7826e1d2b563c5d4,76834,66964272,114308,76823,67011846,114308
784f269187c95d0c,19373,9520361,133311,19356,9551618,133311
785d71da4457b2c7,96422,86602267,140324,96361,86613870,140324
78827fc6808c2eb0,18205,8380106,132272,18148,8391241,132272
7885a6774779a28f,40711,30870641,169704,40665,30897744,169704
78887b901c324610,14914,5080120,133707,14861,5091625,133707
789a15eae52920da,91891,82064532,134992,91833,82075098,134992
789c27adc0f36848,52902,43071688,132916,52851,43082310,132916
78b7124a349c7fd4,57591,47762878,142577,57518,47774306,142577
78c0035587f6908d,41337,31521715,140850,41286,31534897,140850
78c91cd8e90066d0,15870,6060010,133070,15815,6071055,133070
78d3349ecc307b35,95739,85922507,140873,95685,85934916,140873
78e3044b761252ff,82480,72641909,139597,82429,72657963,139597
78e7382c62c89531,93692,83861149,133721,93644,83871355,133721
78f462880981dded,84403,74573803,142530,84353,74585779,142530
78fb90d994f76706,44379,34560451,133149,44323,34571690,133149
790507d41fda4b1b,72946,63122056,140849,72889,63132702,140849
7906baba77f2e4a0,77920,68080166,129703,77883,68098175,129703
79096a8fddea66b3,71797,61982361,143276,71739,61993886,143276
792d594ef4f9524e,113928,104086062,130439,113903,104105324,130439
7956cef6b53b1e29,72107,62281871,139028,72053,62292590,139028
795d353f3653456b,79891,70041823,138338,79868,70068901,138338
796c1220b422bfd1,68663,58820196,130129,68635,58840256,130129
7971838fa1a3d24a,38173,28322637,132924,38138,28350886,132924
797ab4b8b5b005c8,17505,7660299,134602,17472,7682838,134602
7985153002d078e7,43997,34140896,133462,43995,34187096,133462
799354c4068d41ed,56060,46225060,138281,56002,46238273,138281
7993d541b14006cd,78096,68280706,131988,78037,68291081,131988
79d83d06d51c5cdd,87829,77983443,132892,87788,78007615,132892
79e969191387c0be,95532,85681315,132778,95498,85709589,132778
79eb5c0ecca318b6,76802,66945057,117112,76790,66978215,117112
79f2de5497265adf,108714,98885414,139114,108654,98895558,139114
7a1d9504e4d6fcd5,18696,8860264,134561,18644,8874151,134561
7a3ef1f877129866,13629,3780175,134771,13601,3807071,134771
7a5388735300d7ea,108450,98600727,130384,108419,98627350,130384
7a57b7d3efa776b3,118901,109065730,157289,118848,109080161,157289
7a7730768bc3a157,27098,17239968,131849,27073,17276384,131849
7a924c8c766335be,59338,49521530,138527,59276,49532835,138527
7a96c42a2e1b6523,79861,70001735,138362,79842,70038390,138362
7aaeb8baf6103707,10124,284266,138251,10073,301624,138251
7ab3d19b54d8183c,75825,65985201,138814,75772,66002882,138814
7ab6cb87e805a57f,50715,40881552,139503,50661,40893017,139503
7abf0aa47913ce47,45435,35600123,131457,45357,35609968,131457
7aded2b82b1561f3,115952,106100647,129667,115932,106129846,129667
7afaab20e47b97ca,115543,105705870,139111,115491,105721053,139111
7affdfe6380d9c11,67638,57805589,140912,67582,57817117,140912
7b3149cafd9a53d2,90467,80625642,139515,90419,80645166,139515
7b3c955a2ac34bfb,95859,86040925,132191,95795,86051881,132191
7b3fd52d28bff55b,34712,24901100,132921,34657,24910664,132921
7b433e3c67ce6492,75525,65700103,129785,75463,65709958,129785
7b5754902628820a,63568,53725259,139335,63516,53746231,139335
7b579cc47e0abc92,108991,99149020,159574,108939,99170209,159574
7b6b7c000813d1c8,77549,67703751,90783,77540,67724959,90783
7b6d64e32f806377,92324,82484193,135061,92269,82501024,135061
7b7be92826e0c6df,42304,32474246,140991,42270,32494699,140991
7b84a91074892aa2,55461,45640433,131356,55394,45650649,131356
7ba79f8687a77826,59747,49922187,142224,59693,49933716,142224
7bb31a7fa6183bec,49949,40101471,139338,49918,40127755,139338
7bc6beacf9c8f351,103203,93381980,138200,103141,93393001,138200
7bca846f03c1d677,59008,49161708,137902,58980,49186100,137902
7bd682e341264076,101364,91522262,139453,101317,91542119,139453
7be490abf1cb7cac,82286,72446551,141825,82236,72465059,141825
7be5a6ec5b438f79,75890,66061980,139556,75838,66072843,139556
7be77f2e87fc8f65,12435,2600254,135236,12381,2613216,135236
7be793526ef2fe93,113780,103945843,138868,113727,103958264,138868
7c1fd3b6842bbb18,65586,55745513,140133,65536,55764946,140133
7c2dcda365b9550f,16439,6605097,140625,16379,6617360,140625
7c43ca09714df15b,53948,44079953,130042,53936,44125016,130042
7c448f95ff5b7297,58820,48965524,137993,58806,48997870,137993
7c4f71fe16e9c261,40808,30963135,135819,40762,30991687,135819
7c7b76a353e0a147,70183,60345325,139152,70131,60361982,139152
7c860305978e3620,71944,62102520,130835,71891,62121748,130835
7c96579a87a1b375,79379,69542249,141337,79323,69557578,141337
7cd04306d639caf6,110094,100228598,128338,110083,100271532,128338
7cd28d79b62222ca,21567,11722788,134102,21519,11744529,134102
7ce550fac9fd7556,20162,10322942,133925,20107,10339835,133925
7cf25c0dab2c90f8,117880,108028429,130387,117865,108058345,130387
7cf7859e1fb6aa67,45500,35662861,132818,45450,35680724,132818
7d2dbcaccf3fd164,86704,76882565,141795,86641,76893857,141795
7d2ec83303c6c8ec,106239,96380688,129913,106221,96417187,129913
7d31198a9fd6f9a3,11265,1410422,130723,11266,1443303,130723
7d4a474b212cd4d6,38111,28260552,133942,38079,28288829,133942
7d4e9f93daababb0,68631,58780550,131632,68605,58808683,131632
7d5583adf4802231,106996,97162028,137810,106944,97174209,137810
7d57d74fcad3496d,49283,39444461,137605,49232,39461122,137605
7d604bda5799b254,14783,4945899,150217,14731,4962348,150217
7d61e1fc62638b0a,106551,96705454,137898,106513,96728866,137898
7d6653980b7f903f,111454,101625503,138052,111389,101636105,138052
7d715b10a7af42aa,113618,103780363,127455,113566,103795156,127455
7d8dba13930f3b98,77979,68142139,140997,77934,68157211,140997
7d8fb2541085765b,110643,100822229,138959,110588,100832658,138959
7db34fb016045801,103049,93221932,137776,102976,93232538,137776
7dd4867c977f6a99,66847,56982388,130359,66817,57023892,130359
7dd66a9269bcc972,111424,101602110,138078,111356,101613086,138078
7debbac6bcd0ef0c,20850,11020147,132537,20796,11030928,132537
7e0f968c4f6534e4,25072,15220394,134939,25046,15249941,134939
7e276f21f6879df2,76179,66342094,129601,76121,66355988,129601
7e278055ddef1175,83637,73781000,133513,83614,73815215,133513
7e3d2d85ebb1376c,100915,91066025,140086,100853,91093518,140086
7e45b8e095bdda77,105729,95883166,132597,105675,95906024,132597
7e6e2c3905b74f29,81600,71722598,131138,81591,71777890,131138
7e8a9d32e3db184e,47109,37300318,132250,47055,37311915,132250
7e9c55117dfeab3e,65034,55201637,139425,64989,55212782,139425
7eb79b3e10b7903f,73475,63640556,131955,73416,63653090,131955
7ec6b161e48ea087,64004,54185495,139734,63948,54196353,139734
7ecee2aed8aeae05,97579,87741163,133711,97537,87757653,133711
7ee61723cafa0821,67229,57421652,138291,67176,57433140,138291
7eef360c22db2a6c,24385,14562789,133383,24327,14573510,133383
7efa7ad33397af89,43742,33889199,133092,43753,33933596,133092
7efeef9767467c91,54106,44240137,130775,54088,44283855,130775
7f0fe860b8cd589e,82449,72605772,141343,82398,72626691,141343
7f17b5fa9fcdf2c7,96829,86986653,142203,96778,87006775,142203
7f2d321ac58cd2d9,114460,104627520,142829,114409,104638051,142829
7f48a75534fddac0,108327,98463248,131708,108305,98504753,131708
7f774a89c802cd9e,68879,59042809,140684,68835,59056510,140684
7fb01bacad3315df,97639,87876715,340138,97646,87911592,340178
7fbd0e74e01f4cc9,97334,87480975,132436,97311,87512335,132436
7fc00a2dd8402676,119122,109302181,137727,119064,109313260,137727
7fd65ebc76f44bbd,46180,36345541,138982,46128,36358077,138982
7ff4b9a755d4ac95,23128,13260098,133317,23119,13306150,133317
80280a2b42c0b649,54548,44742405,131554,54496,44752567,131554
8030ccb1a882f096,55404,45580179,131350,55336,45591516,131350
8057e49f24d9abdb,22557,12740368,133066,22499,12751282,133066
805b6630aed7ce9a,112397,102542257,137479,112364,102575053,137479
8075bd1f8f266473,98630,88826079,162651,98582,88838578,162651
8097d4a3dfa300a9,32316,22401370,131280,32340,22493468,131280
80ad42d89c4f9e69,111076,101242227,139029,111021,101253708,139029
80ae33112c890667,78812,68985171,138511,78748,68996272,138511
80c873c46403f926,89285,79441718,121120,89269,79462463,121120
80dcff11b6fa0d20,59996,50181324,138051,59936,50192535,138051
80ee633e65543c55,84091,74282430,140637,84037,74293901,140637
8123ea068562b128,36826,26985581,139911,36774,27004521,139911
812737d86303b373,101796,91980755,131027,101737,91991134,131027
814be84a871f97ec,38325,28483048,134250,38276,28502784,134250
814f34b06dc8429e,58789,48942190,142512,58776,48967902,142512
816920039dcb82b5,24416,14600282,133777,24358,14610700,133777
819a6ba3b895ec6d,51089,41281604,139576,51036,41292643,139576
81a104fa7032c835,88444,78605138,132447,88392,78621401,132447
81a6669f4091047d,98418,88584098,133599,98361,88595303,133599
81a9743206358576,113374,103562135,137471,113316,103572769,137471
81b78e9d7529b6fd,88601,78763236,132933,88544,78778626,132933
81c08d04eb5398b1,113252,103421838,136284,113192,103432332,136284
81de7eb93c9d98d3,48258,38441393,137735,48198,38452724,137735
81e690e869a9ae41,16594,6781101,140099,16535,6791731,140099
81fd6c55b3fa53bd,43548,33705306,141157,43502,33728878,141157
820553be7db2dd01,15514,5663427,134616,15486,5691468,134616
8207a17b59b1a080,11489,1620792,137247,11480,1666859,137247
821f604412d10d60,93540,83701075,134526,93506,83717973,134526
8220197aa424bc7b,29661,19821923,143151,29586,19839741,143151
822989dbffc6203a,65369,55560114,130717,65321,55571220,130717
822f5d806cc9ff1f,88218,78382522,142957,88169,78397086,142957
825901fecdef891d,94934,85100976,132668,94880,85112126,132668
825e3cec73844233,41877,32020671,132967,41896,32075635,132967
8264bbf1ec056d59,101706,91880510,129538,101645,91890839,129538
827816cbcd4d8501,49185,39344844,138360,49135,39363407,138360
827d523884000cb0,14603,4783341,134636,14547,4793852,134636
829bb2e7ad69baca,94472,84642889,144010,94414,84653497,144010
82a335642bc10141,13917,4100376,134291,13854,4110359,134291
82b92bb26b77bb33,77118,67260410,129609,77092,67295761,129609
82ccd13ded733c86,25321,15480369,134175,25282,15498532,134175
82e971bdaeed840a,84468,74625810,139238,84417,74646335,139238
8310459f877baefd,89695,79842877,131630,89660,79872877,131630
83372a5e01c2dc9b,119245,109422211,137481,119181,109432249,137481
834ad5a11664cd63,17884,8053482,144074,17829,8064385,144074
834efc08f7048d11,35376,25561556,140628,35316,25572665,140628
8359339958358db0,54199,44340096,131070,54173,44375987,131070
8376ebdc84f34b51,55967,46125056,140009,55912,46144574,140009
83839ff6046c5266,49667,39802397,130606,49652,39844835,130606
8385ebdf886a18c9,32675,22842847,135113,32610,22853130,135113
838864e9a92e9e54,16778,6941578,141713,16727,6956025,141713
839c81e413d01e08,36401,26565776,139771,36351,26578820,139771
83bd29a3b33c4ad3,116479,106645501,137928,116423,106656571,137928
83c11dba5dcf29a1,57960,48121556,139290,57913,48139010,139290
83d10d2c967dc9f9,37080,27260548,132890,37022,27271583,132890
83d1a7372ccce6e3,77614,67758673,119798,77602,67790175,119798
83e5f0feb00deb3a,20882,11044743,145807,20828,11060904,145807
83f272604f5345b2,23817,13980385,134632,23766,13995235,134632
8410a1d654924e57,26971,17102604,133818,26950,17149024,133818
842dbdede4ee5430,30075,20241506,140615,30023,20252954,140615
844a847e960379b0,110348,100485554,138428,110325,100525649,138428
848ab0cc486bc871,54791,44915349,94665,54790,44966458,94665
848c5cb0868cee64,11097,1261526,137425,11041,1275858,137425
849115c2ce83cca3,111236,101402175,138557,111176,101413641,138557
84911daf08e99e62,118288,108443182,138955,118251,108466590,138955
849460f76e8fa215,78970,69161822,137725,78916,69173291,137725
84b396a8e877024b,64507,54663138,114981,64496,54685201,114981
84ce0d1045f40ef5,35750,25920187,133101,35696,25930741,133101
84e6accaf7977cc0,66308,56465341,140199,66257,56486219,140199
84ff76826be20500,38265,28423176,133535,38222,28442827,133535
850770c32fb20616,94655,84842137,139872,94596,84852747,139872
8514ac2dfe3a8db2,87107,77265968,140967,87054,77285493,140967
851ab59930b21988,94156,84325168,158035,94105,84338397,158035
851c5d1a45733429,52655,42841583,139994,52596,42852610,139994
854c5641494661cf,67854,58042183,139746,67797,58053854,139746
8558286ad3062c45,48317,38501186,137018,48255,38511952,137018
8559e411e260887f,109464,99642487,140067,109400,99653187,140067
8565ac2532243bb7,80964,71142093,140542,80902,71152786,140542
858527b9b7d86ac4,63503,53661537,138907,63452,53682213,138907
859c98d7d1f7b01b,79738,69862328,130224,79729,69915414,130224
85a6774fb2afab90,115799,106007832,337728,115775,106034485,337768
85ac22f59788d6b6,57869,48064610,157444,57823,48076460,157444
85c9c4365b38b297,109185,99345715,139654,109131,99363074,139654
85cb845b6639002b,80271,70461978,139237,80217,70473303,139237
85e5e049c800a40f,51627,41760456,132309,51612,41804678,132309
85e796469bfeabce,81849,71985209,138234,81823,72027438,138234
862c20945d42bde8,23191,13322852,134163,23179,13369217,134163
8636950240639684,93932,84121029,133070,93878,84132032,133070
863f1fce90803bcd,31460,21602758,133208,31423,21637747,133208
867443ca0c387f68,81938,72085640,140221,81901,72115921,140221
86a68ae3a679ec5e,60435,50601493,138885,60381,50612868,138885
86c17d5e021cd19f,20960,11147868,111164,20951,11166929,111164
86cda5afd8bc2a07,30362,20540210,133440,30301,20550562,133440
86dd5d7d0fd9e763,23638,13822002,144547,23578,13833001,144547
86e380da7be8f819,106876,97061279,131048,106817,97071915,131048
86e3f3542b2c2d9b,90339,80502332,139047,90293,80516734,139047
86edbcf242523f7e,69925,60085750,140883,69875,60103136,140883
8712f9a1ae287e3c,87976,78161178,132849,87917,78171573,132849
87561083ed45d750,105517,95702152,138427,105456,95712789,138427
87b0fe3c47005dc1,83972,74142111,140673,83920,74153235,140673
87da4f5153522398,104437,94583168,130884,104421,94614522,130884
87ea49d26e71a24c,83822,73981923,139813,83786,74000469,139813
87fbe6ba881bb4b2,45680,35824877,118970,45654,35856413,118970
88049d7cbbaf9f00,74320,64465095,118825,74309,64497353,118825
88055b23d3cff0f5,104214,94361353,133858,104208,94391557,133858
882f735eadfa509e,102361,92541000,132007,102334,92551255,132007
885431fbd1676ebd,51372,41541692,139452,51319,41553172,139452
88553ba78ca8cf2f,42729,32901993,141049,42682,32918127,141049
8875770de222ec12,49795,39940127,131068,49775,39972674,131068
8878c525ddb63cb4,43580,33741640,140803,43534,33760267,140803
8887723eeb5b029e,97238,87380855,131620,97218,87416927,131620
88a83e7f3fd0a9a9,114698,104862431,140000,114648,104876321,140000
88cb299a58a30d1a,102516,92702084,139473,102482,92712565,139473
88e21ce0fa5619ae,93841,84021150,132127,93779,84031523,132127
8906dd71ca54020c,31058,21193032,125251,31050,21235438,125251
8913652f5aaabfd0,37579,27741604,140607,37528,27757397,140607
8923a94d08714dde,22920,13103393,86307,22914,13127123,86307
89643a83df12686a,20443,10622337,146278,20378,10633727,146278
896df2dd99d237cf,81664,71800493,130359,81652,71841825,130359
897bd26931a6fa44,54012,44140276,131525,53998,44189358,131525
8990006d3dd28e2d,105826,95985058,143558,105772,96004035,143558
89910b487eda44ac,40904,31063285,134081,40856,31085805,134081
89911f477f0d7a6e,112805,102965410,138667,112753,102982952,138667
89b22116225fb737,63105,53282564,143185,63054,53294961,143185
89b3ebdc73132db5,89873,80041962,138849,89819,80052714,138849
89b72c9dd87439a2,92291,82461407,135682,92238,82471745,135682
89bebe0654681f2f,119523,109685554,157225,119470,109702565,157225
89cd68d3508ca31d,73411,63580286,130759,73354,63591323,130759
89e1cf7f5f8e42e2,85870,76040915,132075,85824,76051864,132075
89e58646ac5a6053,110029,100184690,114922,110019,100206337,114922
8a11a1c6d725e424,116538,106722160,138596,116477,106732342,138596
8a140d5535fd68a5,91567,81703875,133480,91546,81744443,133480
8a19b712432e0354,31633,21804139,131888,31574,21814003,131888
8a233a65f6735c0f,17680,7842638,133302,17627,7858396,133302
8a323619375d6359,98052,88161347,133089,98052,88230059,133089
8a33d432661b52dc,44263,34423269,134157,44224,34448810,134157
8a3c999e26d60a1d,39405,29565257,140833,39354,29583302,140833
8a6504ee9526767d,110528,100682395,138943,110486,100705307,138943
8a6962717cf57698,55998,46162194,139973,55943,46176638,139973
8a740745136f8fbb,16471,6641686,141262,16410,6652413,141262
8a97974851c8a846,96042,86205458,143798,95990,86220280,143798
8ab863e4cbdc5950,28274,18445769,141836,28207,18456793,141836
8ac09f13e9d5feeb,38533,28720380,133341,38476,28730592,133341
8ac251faf79a8cee,92419,82582910,131110,92362,82595899,131110
8acd98a31073b4a9,61238,51421289,137623,61177,51432490,137623
8ace0d0a96dbcf84,81967,72122180,140771,81927,72145772,140771
8aeb30fd6c252f03,62803,52945195,138699,62780,52980928,138699
8aed29250decbec3,87492,77623319,133001,87479,77669869,133001
8b04b0e74d773ed8,44877,35051601,133341,44834,35062674,133341
8b0d788a532a3ce9,57744,47925466,139183,57699,47936412,139183
8b4a9b60ac3b248d,116049,106200303,128128,116027,106226743,128128
8b50274f667e31d4,71977,62141142,135917,71924,62155025,135917
8b527730a0a49829,58436,48605182,140320,58372,48616071,140320
8b6bf921ce3eac91,118465,108642242,138275,118409,108653242,138275
8b94608d3949c698,85810,75962963,131542,85771,75988169,131542
8b96e35c9d00bf96,72739,62900278,129588,72705,62916745,129588
8bb10d10a38dd42c,65618,55781917,139896,65567,55796471,139896
8bdb431ed80838c1,47261,37425224,138399,47209,37439518,138399
8be432560118220e,100498,90577771,117730,100511,90673983,117730
8bf3b86fa514250b,108231,98362522,129096,108215,98409103,129096
8c28940c1c6e671b,12144,2306656,154588,12093,2323079,154588
8c44bf327ef83494,87799,77960975,132973,87762,77977388,132973
8c4aa397b4a4b4a7,26343,16521083,132647,26276,16531548,132647
8c7be92a339c64c7,80182,70361888,139674,80122,70373309,139674
8c81845d1cf53f80,25198,15342978,133327,25167,15375793,133327
8c88d091f267ae3f,80124,70301947,138472,80071,70313304,138472
8cac6a7bf238e558,13480,3603059,134561,13469,3658567,134561
8cc8b5be9ae95de1,45532,35700536,134472,45483,35713778,134472
8cd49e1bf587367f,111361,101527666,129440,111296,101538583,129440
8cf20c0e89b82f7c,48170,38340001,130949,48120,38350667,130949
8d25fa33412b4415,17289,7422231,131673,17271,7466208,131673
8d3648396a0c4c42,11363,1498760,124560,11361,1540012,124560
8d4a6f30358581ef,91746,81901232,134779,91705,81924176,134779
8d5a2dad25132717,46329,36521647,138967,46276,36532653,138967
8d7813b52550c213,105761,95920997,130937,105708,95939002,130937
8d83294ad6c5e2ff,74638,64778756,130285,74612,64815984,130285
8da1f67ae62899be,52749,42941594,139937,52696,42952378,139937
8da77b90ea8695c9,46644,36812666,138503,46590,36823794,138503
8db037faefc4ac9e,55128,45242296,131353,55097,45306503,131353
8dd734803503f43a,112337,102481739,136742,112310,102514973,136742
8df229e3a95e0ac5,64066,54244949,138968,64010,54256245,138968
8df355656b9d81a6,107751,97922554,139836,107700,97933617,139836
8dfcb981e1313736,34199,24342810,133002,34164,24377519,133002
8e0a82359354f4e7,54726,44873028,58657,54727,44899311,58657
8e13c31da45964d5,82318,72481973,139452,82268,72496970,139452
8e1c5164fb10176e,105985,96146772,140581,105929,96163606,140581
8e5c66ddcd08af2c,21595,11760394,134549,21543,11773032,134549
8e740620decb02ae,22644,12805157,148216,22592,12823050,148216
8e94bd62b4836f4b,20657,10820053,133486,20604,10835003,133486
8ead59edb4f6a53b,66755,56900371,130049,66733,56933248,130049
8edb1f92a5f27385,101583,91743030,130875,101529,91761224,130875
8edcef5c48a21328,60339,50501721,139702,60287,50517587,139702
8ede080a94d01e99,82855,73042009,138896,82796,73052592,138896
8ee0c2b351f7810e,87139,77302773,140449,87085,77317100,140449
8ef50d70e5678686,19727,9903391,134698,19666,9913716,134698
8f22807699b7e870,20819,10982214,145607,20765,10996812,145607
8f262bd79f5fcfeb,106521,96682137,137248,106485,96698489,137248
8f4d56b0bd0478f4,94220,84382543,142207,94169,84398883,142207
8f4faf84f10f9f9a,48288,38464670,137482,48225,38474990,137482
8f8173defdbc6053,17564,7720252,134371,17524,7741644,134371
8f86085b53878f80,56746,46920162,131614,56718,46931535,131614
8f890b92e2df1038,36128,26280375,133332,36102,26306139,133332
8fae70f137a47fd8,10190,346923,155876,10139,368523,155876
8fd72b8d7a2b7b00,79950,70101885,139713,79920,70128937,139713
8fe8b0867965770c,78008,68181472,137062,77959,68192780,137062
8fef5b4bc372959e,52347,42481604,139192,52274,42525479,139192
8ff0e757ea0604fa,104710,94882248,139305,104662,94892379,139305
8ffb870d6aa1c22e,38755,28925717,164975,38705,28940387,164975
901ee36d26506e0f,11184,1369670,96554,11185,1391121,96554
902ee2922d25184a,43966,34100423,132732,43966,34156635,132732
90433f09ac2ea691,24262,14440311,134109,24201,14451808,134109
904daf9686195a6b,116420,106585738,138622,116370,106597511,138622
906f3d4affa60256,90113,80303329,139210,90060,80314687,139210
90834c39f9437d98,35718,25880319,133189,35664,25896288,133189
9092a8632d9cc244,91919,82102971,144868,91858,82114389,144868
90bb85b064d4b537,17444,7582566,132924,17417,7622232,132924
90ea5ec02c9c80f0,99288,89461061,134143,99224,89471777,134143
9107f61295d27537,23223,13360328,133738,23209,13402356,133738
915175f4af1f67ac,72361,62506958,131119,72347,62537976,131119
91603479a5cf0cc4,29442,19559945,131650,29386,19619663,131650
918ee8d9cf4fb230,15840,6022794,133875,15785,6032674,133875
91922de3d47d650c,50369,40561625,139980,50316,40572569,139980
91a1f60048e06c11,64097,54281648,139398,64040,54292200,139398
91a5833d92640885,107815,97982043,138114,107764,97993345,138114
91a5a0ee4c49ed29,119841,109987020,131189,119826,110018948,131189
91bbb5881dad76d6,98532,88721315,134166,98475,88731529,134166
91bc885c8b71bef9,75075,65180654,131925,75073,65252214,131925
91c48e8b148c4f5d,69339,59502304,142528,69287,59517898,142528
91cebefd8406c296,112306,102445389,137971,112282,102484456,137971
91d54533b093fe49,17004,7214674,384722,16985,7245282,384762
91fbd5cb689293c3,61120,51281604,139022,61070,51298016,139022
920067188162b281,31341,21480061,132482,31318,21519106,132482
92083b7cc3950db1,111043,101207299,139957,110989,101220828,139957
92439c5547b8d29d,32789,22980223,133136,32734,22990160,133136
925232ae753c4e3b,71198,61360478,131809,71147,61375502,131809
926127f32359e046,44557,34722438,144978,44478,34734709,144978
926b914dac50cf9f,47014,37199701,129404,46959,37210594,129404
926ba3d40fd18d95,76241,66421846,138147,76180,66432984,138147
927409f6c6484815,76963,67101566,138291,76948,67141169,138291
927455ad5e162d38,87395,77541159,133408,87385,77572580,133408
92848f5462a45203,107126,97302489,138799,107072,97313833,138799
928b26b64f4d3c12,99879,90021073,132558,99852,90057064,132558
92b1661938e16211,82916,73102305,141806,82859,73113810,141806
92bba96a7f252aa0,49857,40002138,142700,49834,40035785,142700
92d351d6a87cd456,76147,66320167,129994,76090,66331137,129994
92d3fedb8f175483,116598,106782201,137646,116536,106792262,137646
92dd0a8797fc018c,77325,67505885,139779,77276,67517005,139779
933def5a0f29b675,23345,13482866,134183,23321,13523012,134183
9344d4a6b5723ce1,76052,66220395,131070,75998,66231057,131070
934f6004f76f6972,53883,44031632,131509,53872,44060447,131509
93521a5b55212f51,112660,102842233,139118,112598,102852891,139118
935aa5a6de9aa0db,91088,81243404,136424,91037,81266614,136424
937a08a9621e209b,64857,55000257,130756,64831,55035136,130756
938b65a353917bb8,40522,30702862,133778,40471,30715116,133778
93a1742a27a8e51d,81372,71590142,360148,81360,71620665,360188
93a3d006103e8216,27927,18085052,140799,27873,18105224,140799
93aa56aec8ede4f1,20130,10300353,134984,20076,10311595,134984
93c2365c76185102,28643,18812561,139211,28593,18824246,139211
93f1500e9a3a26ee,73816,64000117,129408,73760,64010706,129408
94098a86ec7d083b,88508,78681162,133138,88454,78691414,133138
94280496f423a9aa,27520,17700914,137942,27459,17711386,137942
942ca4c9fb9dda9f,53850,44009327,130859,53839,44027389,130859
94384389123fc23c,92259,82422254,140150,92206,82436770,140150
943eb9a0979d2227,112021,102169307,130349,112009,102198926,130349
945c520ad481eaa3,32622,22783082,134822,32566,22800524,134822
945f54ce7499f719,111204,101365752,138464,111145,101382001,138464
9467ff1c7c80b9be,11931,2101674,124005,11868,2110772,124005
94750195047d1100,18545,8722537,132871,18489,8733411,132871
94890b99ba7c2578,68164,58325310,140046,68114,58342659,140046
94af185ab76b7fa4,23698,13880194,132795,23634,13891018,132795
94bac85f3948d71b,99042,89206952,142280,98991,89220812,142280
94d523c1e5850381,99318,89501039,133443,99255,89512166,133443
94ebf57db35f111b,90838,81020813,130445,90780,81030578,130445
94fbad59bc78be71,18793,8961510,139972,18741,8972263,139972
953bf6f07dface30,86017,76202841,144429,85957,76213859,144429
953ef0d3d5224fbe,91687,81843725,149596,91654,81866436,149596
957f041676eed981,34071,24220388,134226,34041,24249449,134226
95be5fc1254afee2,113127,103300849,130215,113071,103311843,130215
95c1b386067d1fb4,28396,18580133,133163,28340,18591304,133163
95e755603a8acb63,110127,100260540,128737,110115,100305095,128737
962bb348c5577170,51786,41922593,131507,51765,41963692,131507
96401bfa723378d4,110822,101005833,138658,110770,101016574,138658
96459a779148e3d4,51659,41800425,132491,51644,41836921,132491
96534182b1973ef7,46515,36680031,130316,46463,36693727,130316
9657744c5290d1c2,114610,104802568,139180,114558,104814215,139180
967537d665842989,67317,57481584,139108,67266,57495795,139108
9696cb5e61d02bd8,84151,74342118,140947,84099,74353288,140947
9697104e8729d14c,22055,12220297,134234,22004,12233120,134234
96b032c2ec2ed320,30139,20305175,139790,30086,20318237,139790
96cdcb2f6f08af8a,78719,68885391,138756,78655,68897476,138756
96e933bbb9c97cad,67139,57321655,139179,67077,57333166,139179
96fc51f28a23669f,11298,1431917,127157,11298,1475869,127157
9706ef86028891c8,19343,9480397,134792,19328,9521224,134792
970e56c72cddb11f,13658,3803034,135320,13626,3836306,135320
971301d087a66fe3,35782,25989021,356038,35757,26016760,356078
971af9be5709774a,89382,79520797,131270,89364,79559299,131270
972ac5af43ef4ba0,54461,44622926,131220,54405,44638097,131220
97327ee6b601422b,73129,63321636,138384,73077,63333051,138384
974df7359fa5a6b8,67793,57965220,138903,67731,57975928,138903
97650dc3ce179877,50872,41044404,131285,50813,41054702,131285
977c526be0846a98,97609,87763659,132759,97564,87786964,132759
97a18d1ee5f88cc3,81633,71760722,131919,81623,71810552,131919
97a1a9f0c9b93360,13323,3438941,124361,13321,3500051,124361
97c4d970206bbe48,43203,33381476,139277,43142,33394474,139277
97ddaddbf52208e0,11961,2140960,136758,11895,2151078,136758
980659c70a74a66b,115607,105765855,140147,115555,105786204,140147
9828d35f4d604d40,79347,69502566,130453,79292,69524796,130453
983839931adf206a,26783,16987994,349530,26757,17017325,349570
9866e61c72d75d60,91313,81445520,121451,91305,81490480,121451
98906b57322ce1e0,117466,107625444,139462,117414,107644142,139462
98c80e2accd9115d,20412,10585061,132164,20348,10596229,132164
98e5003439fe61fe,103544,93705782,138625,103492,93722398,138625
98f039ee57403bf5,47163,37324355,142461,47111,37341730,142461
98ff56c80a2cd1f9,113405,103585444,137865,113349,103596099,137865
9913270a0d190895,92916,83082299,140262,92865,83096478,140262
9915a634decb2086,39984,30120598,133870,39979,30161731,133870
992865bb2b924b70,56245,46425184,139597,56189,46436848,139597
99443912a6049b1f,37296,27481757,141609,37240,27492729,141609
994768c560a2472e,72768,62924145,141602,72732,62946725,141602
9950cb2fd4adee4c,15389,5540176,134755,15372,5567154,134755
9956ec723b5ebff8,36371,26542167,144260,36324,26553856,144260
9988c81c50509c32,18329,8500262,133940,18268,8510823,133940
998af7e590b4421a,82024,72186082,141126,81977,72203524,141126
99a8583bc1daa016,25809,15965671,150469,25757,15988156,150469
99b80d97e6746348,33537,23700276,133289,33484,23714756,133289
99c7afaf9ea2377d,84783,74962121,140541,84723,74974006,140541
99d98bb19dceb9bb,63223,53401521,138177,63160,53412439,138177
99deed3566d28187,81696,71832292,131456,81683,71873494,131456
99ff89ceecc5ba7d,90870,81062412,141540,90817,81073268,141540
9a04ed62505f0944,27461,17640227,132117,27406,17650340,132117
9a073427002a115f,108685,98861936,137656,108628,98872254,137656
9a0e329bcb3b3703,102235,92400934,131447,102210,92412320,131447
9a339b31cd1f0f5f,28863,19008328,120819,28847,19040174,120819
9a3674016621d585,25352,15523183,149697,25310,15534814,149697
9a3b40abe0e2f6aa,35871,26027388,121117,35851,26047617,121117
9a4e8699941feed3,29414,19520439,132577,29361,19591566,132577
9a6dbcf62871264e,96170,86342255,140601,96117,86354450,140601
9a7d91ac061db890,44206,34360176,132204,44175,34391559,132204
9a84bef4061c1bbe,69308,59465733,140839,69256,59486165,140839
9a958a4c9cdfe1eb,83853,74005607,140237,83814,74031093,140237
9aa3f77f9b737164,31090,21220234,133375,31082,21267795,133375
9aa6346bb13bc248,55349,45520490,131916,55286,45531502,131916
9aab7c5f1d70fe0a,61800,51964110,129782,61741,51977463,129782
9b1e23e2efbc5b06,65093,55261708,139669,65041,55272536,139669
9b2ec47a191570b2,74915,65059745,129702,74921,65093144,129702
9b32b563b0d26cdb,16656,6839923,132263,16599,6850075,132263
9b35e4c911292676,42480,32662981,133265,42430,32675495,133265
9b7639be4b950832,75224,65340246,130420,75205,65401408,130420
9b9b188eec1b21c3,103141,93322193,139188,103077,93333689,139188
9bd91ed0951649b2,15633,5800997,138397,15592,5812109,138397
9be2c82ca5d87f9d,110158,100300791,129734,110146,100335967,129734
9bf583870a5d778a,115050,105220855,130862,114994,105231287,130862
9c047778b71a18c3,107158,97326026,139685,107105,97336872,139685
9c0827e37731ed8c,68534,58682828,131525,68511,58712248,131525
9c17ffc2c463b734,82230,72422608,141846,82178,72434408,141846
9c5ff9084c9f5cce,29499,19619983,132526,29437,19676951,132526
9c642ae357bf9b78,98022,88123077,133487,98026,88199989,133487
9c69d5216923aa68,37142,27320104,132422,37081,27330957,132422
9c74fd33360ac8d2,90435,80602054,139375,90387,80613357,139375
9c7cd71dfeb69c7d,32942,23115876,162710,32887,23128229,162710
9cbd03769763f0a1,46769,36941591,140643,46712,36953465,140643
9cbfc9c9edf7bd71,101977,92142899,143051,101923,92154969,143051
9cc7b5afc58de3ed,83010,73202259,141255,82957,73213820,141255
9cc9d734ffdd5d0a,47836,37980167,131153,47817,38013166,131153
9cdc28e77f20cacb,117163,107342066,137541,117101,107352987,137541
9ce72f1f4624a791,56214,46401565,137887,56156,46412962,137887
9ce8a1f480f6dc9c,51177,41341577,139903,51126,41355433,139903
9cf13d7fe825ecbd,14230,4400472,136051,14176,4411403,136051
9cfb8ad562fd6050,112456,102605475,137320,112416,102633839,137320
9cfd352022464b89,22087,12260761,135804,22035,12271672,135804
9d01e0ab8fa0ac70,67168,57344996,137893,67103,57355828,137893
9d0dac498e82725f,32546,22682584,132903,32506,22723928,132903
9d2f17942c6cc11b,66275,56441696,139647,66224,56453786,139647
9d50fbc10f0ceb90,83792,73956293,138688,83759,73971142,138688
9d53d04b90bca6d2,114026,104180771,129513,114000,104203543,129513
9d636a892c796569,105393,95566003,140844,105333,95577049,140844
9d64868c6473588f,26873,17031977,132579,26853,17051599,132579
9d9d1df4cf983c5f,19280,9420245,134660,19269,9458669,134660
9da7e12ae4b81e7a,45217,35401900,141700,45164,35412937,141700
9dac16a170189da5,73538,63703033,131495,73476,63716298,131495
9dacaa7f029c540e,41457,31620413,133303,41411,31637623,133303
9db89dbc7e0f8050,114925,105093281,137840,114872,105103578,137840
9df7af7d4fd01daa,42890,33060478,132918,42842,33074588,132918
9df7dae9585c5f83,98819,88982526,141859,98773,88997832,141859
9e02484d4df92fd7,114580,104761854,136438,114518,104772195,136438
9e02f892d95de630,50068,40225034,139120,50024,40245969,139120
9e0fab76fef7d38a,23064,13204711,134247,23057,13242045,134247
9e22cd826b7227ab,87202,77366007,140983,87148,77381084,140983
9e541ed59a2fdbf6,66816,56960287,131003,66789,56993592,131003
9e5f7827ed579293,81307,71465799,141002,81255,71485609,141002
9e82ea2bb8667d69,25874,16041739,141958,25821,16053619,141958
9e8b7798131cebf6,114309,104465751,138626,114271,104487308,138626
9e958dc1f07d6ab2,34591,24780570,133326,34534,24790673,133326
9eaf371386bcfadc,47486,37660010,129830,47431,37669557,129830
9ec514e123a88d0c,79123,69281805,137477,79072,69301941,137477
9ec642c60f643d64,74883,65037842,131337,74890,65062516,131337
9ecf993eedd156cb,42826,32983066,133429,42779,33007082,133429
9ed27512908805fc,89478,79620581,130811,89458,79655871,130811
9ed8cd825abdd330,69683,59861791,139511,69619,59872356,139511
9ee79f86937b4671,95439,85583328,131311,95413,85616666,131311
9f052b59dcab9495,110702,100881971,137381,110640,100891769,137381
9f057f4022c40d78,116912,107082256,138854,116858,107092695,138854
9f0e0068c20605ba,50778,40944059,132021,50722,40956029,132021
9f15b81ed28d35e8,104311,94460796,131305,104302,94487947,131305
9f37159dd71b163b,12560,2723265,135139,12502,2738169,135139
9f383b17ca290325,66994,57161586,137563,66947,57172485,137563
9f3a2d0167f2d1a7,60624,50771553,131180,60604,50801976,131180
9f5b05dd58fc38c9,38691,28845465,139553,38641,28868861,139553
9f5c13470b2562c7,26557,16720021,132522,26504,16734686,132522
9f642b26afca2bc6,38203,28360328,133124,38165,28381125,133124
9f7fc364077df76a,72491,62622785,131756,72474,62667986,131756
9f96f7b13bede062,111299,101465418,137928,111236,101476708,137928
9f9e48e544b0101c,18299,8462727,133356,18239,8476873,133356
9f9f028756069276,89961,80141840,138350,89899,80152559,138350
9fb3b9afd232097b,59523,49692978,139731,59472,49703429,139731
9fb6734b8a40afc3,39695,29908909,350218,39688,29949861,350258
9fd94d7d930fa821,112276,102422165,138091,112254,102454177,138091
9fe8803025c74ffb,115839,106024499,100218,115819,106041356,100218
9feacc040e4c94b1,103172,93345590,138254,103110,93356362,138254
9ff4286d73cfcffb,112750,102941998,137241,112697,102953333,137241
9ff5815cd489e277,13090,3315115,388016,13086,3346526,388056
a026d881bf64a858,55376,45542711,131139,55310,45553526,131139
a039f5faed8643b7,32730,22920379,132912,32674,22930536,132912
a076d053f2475ae7,85658,75801116,131978,85631,75836107,131978
a07ccccc1aeaf0d8,29355,19460148,133366,29309,19532808,133366
a07fc3c32ed77da6,99073,89242601,142413,99020,89253733,142413
a0936895388c188d,33417,23600319,133437,33358,23609945,133437
a096ff72338773ea,111892,102108374,341316,111875,102135081,341356
a0b009bf58d996ef,86612,76782686,143390,86553,76793325,143390
a0c3062fa51ff86f,64315,54481427,137857,64264,54493447,137857
a0ca8de7ee70ce39,58312,48479901,129610,58247,48490140,129610
a0d3a019918babce,60371,50541733,138877,60318,50552328,138877
a0de301fa9204e79,81758,71886120,139719,81740,71936311,139719
a0f36b2337a36e6f,84212,74401070,133600,84160,74411995,133600
a0ff7b0ca8a248ab,56306,46483563,130744,56250,46494090,130744
a10e726aaa7f20d1,29384,19482826,133453,29335,19562251,133453
a11067ffcfebdd1d,44408,34582913,132849,44348,34594445,132849
a141e0552bdde6f1,102139,92324878,103404,102115,92344522,103404
a1478c832cffb178,36430,26601545,140335,36378,26614101,140335
a15210a6211a0fa8,65839,56002349,131123,65781,56017151,131123
a155b265843c91a5,46893,37063567,129605,46831,37073610,129605
a15ba75adc4c1b7d,99535,89702201,139865,99481,89713290,139865
a161b49292f41be5,119338,109522224,138079,119279,109532332,138079
a165704e561fae2f,85284,75489199,348561,85260,75519989,348601
a1727c006b279e6b,75700,65883833,141057,75645,65894658,141057
a17b05367f8ad6f3,15969,6160152,133634,15914,6170141,133634
a1a79c6ab260a702,94284,84446169,140309,94232,84462577,140309
a1b2dbc239e2cd1e,55184,45322048,142634,55145,45363079,142634
a1b8c7a480eefcd2,98503,88681666,133642,98436,88691503,133642
a1cc294a320821b0,66467,56626251,130412,66455,56644584,130412
a1cfb263d50fa473,47675,37820082,131308,47661,37852944,131308
a1d3eb8b3e8dfade,17652,7820151,134462,17602,7830217,134462
a1e5ea85a7a49f85,38079,28222852,133541,38049,28257300,133541
a1f78ceae1f95cfe,91803,81964013,133791,91756,81981919,133791
a1feb9adbceecafe,85750,75900822,132524,85717,75928432,132524
a202517115d8b0d9,88664,78840830,132573,88604,78851575,132573
a22378f04c9c3f01,116330,106485451,138608,116290,106508030,138608
a2285d8bdad4a145,28675,18841245,139563,28625,18853619,139563
a242f384151f08af,32344,22424980,133335,32361,22522105,133335
a26a7db83d221e72,79545,69687207,114448,79543,69721274,114448
a26aaa174d3ef4cc,58405,48581532,138922,58341,48592344,138922
a2810e3ed70d6e6f,68998,59180104,129922,68943,59190524,129922
a2941790d802e9d1,30267,20440088,132308,30211,20450251,132308
a2c80f6b8a7ec0da,44118,34260399,132880,44101,34306996,132880
a2dcfa3ccd7abcb5,64251,54422201,141992,64199,54433934,141992
a2e64806025fc0f2,50424,40585316,140031,50373,40602880,140031
a2ef7ed76f25b8dc,78304,68462108,128829,78250,68481731,128829
a30139d2ce84aa78,88571,78740789,132460,88515,78750977,132460
a30cc8fb23d554d2,30392,20562748,133507,30330,20572571,133507
a31914e24848e50d,65270,55461692,139118,65218,55473098,139118
a330e8e205cc4a60,30859,21022006,143328,30805,21037578,143328
a352578f80c416e6,66724,56860229,130837,66704,56901441,130837
a37e9863f7756462,10286,444021,138991,10235,464893,138991
a38a04e4fccce93f,24858,15045721,108515,24835,15064470,108515
a38b797b136c25ae,84659,74823134,131324,84605,74837101,131324
a391ba760c88087b,113000,103164807,153944,112947,103178494,153944
a3a33015ab0afaf8,112368,102505132,138164,112338,102545931,138164
a3b0d28dac6c3e3a,52714,42901892,141066,52657,42912559,141066
a3da7bd5cddb2e78,109898,100062725,138390,109845,100076633,138390
a3dfe3b68cb47b3b,73569,63740160,130125,73505,63750782,130125
a3e31e6d959cc9c1,77296,67470478,127099,77250,67479845,127099
a3ef7eb4c0c3cebd,53589,43744422,142210,53535,43768291,142210
a3f69cdb7438a6e9,53686,43845377,140050,53632,43864272,140050
a40a60f62a88507f,101427,91592642,131915,101379,91604781,131915
a41947030a756028,115265,105445709,139067,115208,105457309,139067
a420e7cf6995cb6c,18609,8799932,132498,18555,8811472,132498
a45ed0b5cc14f9b2,61329,51521750,138899,61276,51532460,138899
a4625041dc88894b,106143,96287858,130862,106127,96322333,130862
a4847307e38660b6,94836,85001141,133881,94783,85013792,133881
a48571226275bd95,115235,105422242,137319,115176,105433104,137319
a48a9b3ae821ba83,59872,50045183,140279,59813,50056379,140279
a49bff9d8c88c3b8,70152,60321833,139591,70100,60333666,139591
a4cded5ec9c3f227,69499,59660516,131339,69443,59676495,131339
a4d02b752b6e5305,27863,18021502,140069,27810,18040901,140069
a4db4bff0633b9ef,34561,24740235,133309,34498,24749614,133309
a4f37f3d0e8edc31,100771,90864552,129727,100735,90948785,129727
a4fb058ac2e3e865,108568,98725961,137839,108524,98745664,137839
a50eeb05d5866148,80934,71105448,139079,80873,71116144,139079
a51079ad3855412f,86944,77103451,132757,86892,77121616,132757
a55145c205216476,111988,102147233,129354,111976,102165708,129354
a5698f915dc18459,88095,78281010,132925,88040,78290771,132925
a58454529aeea33d,74238,64424697,102724,74227,64446703,102724
a58b817526b963df,28242,18421759,142527,28177,18433251,142527
a592351fd2b8567e,17475,7620089,133463,17444,7652387,133463
a5cade77d09e1fb4,49570,39725742,117015,49555,39746377,117015
a5d83239edc4b7ad,73632,63802622,130774,73566,63813598,130774
a5ec0b8cf42c5b86,73282,63445706,138928,73228,63460463,138928
a5fa83090b57767b,117346,107525570,137821,117290,107536427,137821
a60cc209d62fd3da,92883,83042224,139674,92832,83065388,139674
a622a5ad50f1b622,112838,103002135,137897,112786,103015392,137897
a62918dcd41d8a99,109216,99382328,139023,109161,99393809,139023
a64cb03b57333f6c,13688,3840219,134701,13652,3865723,134701
a6534b09181d805f,71519,61685600,140445,71464,61697667,140445
a6537c3c0cc612a2,109736,99902398,139266,109684,99914746,139266
a65b6ff8e7b63cab,98335,88483679,134206,98290,88513260,134206
a66c5fca9a629448,115445,105605643,138478,115394,105623131,138478
a697b590c7aacfa0,85320,75506557,104747,85301,75533499,104747
a6a3fe662a6fd743,24634,14800218,133889,24582,14812296,133889
a6c06fc2af277ab1,31546,21702684,132674,31498,21723612,132674
a6cb3de38b31fb48,26469,16660033,132848,26414,16670488,132848
a6e6ec9e25615a36,51817,42033075,357436,51795,42062026,357476
a6ef40bbbe2a5662,33974,24120278,133338,33946,24151808,133338
a6f82c6fbcfd756c,84875,75062113,139928,84817,75073635,139928
a72296d49d5931d9,78874,69061253,136196,78816,69072264,136196
a72b00bda60dc36e,22496,12681507,141849,22436,12692967,141849
a777940163498174,107350,97520782,130872,107291,97531423,130872
a78b30aadf9c3f8b,16811,6965456,141580,16760,6989197,141580
a78bff69cf56d6bf,32974,23141540,140538,32919,23151813,140538
a794027dece66bcb,82140,72322293,140813,82079,72333233,140813
a7a6dad823853e1e,17623,7783031,134540,17576,7800026,134540
a7b40346be114c1c,114153,104302016,137582,114124,104331803,137582
a7bbcc45cb0c5941,51864,42052500,77752,51839,42067315,77752
a7d36c783e253bed,25651,15841275,139065,25596,15851414,139065
a7de12e7ba1b8f52,58527,48746120,336883,58513,48772228,336923
a7dee513097323d9,46029,36183515,133575,45991,36207154,133575
a7ec48eb23f6a9a9,82670,72841149,134809,82614,72851886,134809
a7ee68e3ed0ece02,36459,26640363,132316,36404,26652422,132316
a82308d2b2af76b8,28896,19040102,132972,28880,19074180,132972
a82bffec00ad5063,56489,46660267,131152,56435,46670646,131152
a86a56855230fe97,72426,62562418,130584,72411,62603768,130584
a871a068e9838c53,71488,61661879,139291,71434,61673585,139291
a88af0a6624954ca,46612,36781562,139300,46559,36793506,139300
a8a491c40aeb9db0,42216,32362744,132740,42198,32408332,132740
a8ea82ec7aae7a78,114121,104264591,140954,114093,104299615,140954
a918307651c8655d,85188,75345991,140072,85138,75367185,140072
a92997c430e82392,9899,59546,131148,9848,77462,131148
a97c030195254352,104181,94325231,119757,104175,94357474,119757
a9825a355159dba1,70988,61162685,144281,70930,61173492,144281
a9ad9a6e89abbb57,22676,12840144,133705,22624,12853798,133705
aa034112a132ca5b,42004,32140628,133689,42015,32203134,133689
aa06f93a0551c144,82383,72542008,139321,82333,72561193,139321
aa0fca4b6d972d62,50127,40301465,139385,50077,40313106,139385
aa26256c6f4abee6,21012,11168925,124365,21002,11188886,124365
aa5910a58a5a1c80,10816,1000635,128906,10757,1010311,128906
aabd87a7c9ee28a8,68909,59080598,132562,68862,59090727,132562
aac234f0750de158,68470,58620829,133016,68448,58647479,133016
aade78e9ff1b9e0f,108070,98229117,131632,108056,98247459,131632
aaea17730bff9b91,100941,91102160,139174,100875,91119432,139174
aaed5f2526e9a16e,60144,50312876,139299,60093,50323547,139299
aaed805190132a65,95249,85383339,132124,95230,85427112,132124
ab05d0850c220c9e,48141,38302058,130119,48094,38318401,130119
ab0c449f54617dd1,36986,27160278,133733,36931,27171173,133733
ab2b79cdc08508b2,31751,21937677,132520,31692,21948197,132520
ab4d380cf73235c0,47740,37880070,130076,47725,37917729,130076
ab638cb4712a5cc1,114401,104563006,142581,114355,104578405,142581
ab745286bff83628,110439,100593534,138818,110407,100616876,138818
ab760accb68ab1b4,119028,109200808,130353,118973,109210939,130353
ab7bcca7d100d3c6,12020,2203346,135605,11966,2213675,135605
ab83d3fe70d361b1,70780,60940438,131885,70745,60958143,131885
aba0bc3c1a59cceb,10157,320572,137056,10106,334778,137056
abb6c08f532bd226,73969,64122625,130412,73916,64146701,130412
abb7e3ea93ce7baf,37265,27445224,140155,37209,27456533,140155
abd582375053009f,60209,50364979,139622,60158,50387803,139622
abe784cea4c829b9,90273,80442127,139474,90227,80453616,139474
ac0479750c1fce7d,110223,100362725,142077,110209,100401088,142077
ac0991ed8cf32d9c,43840,33962788,133660,43848,34030575,133660
ac11b9b80fd8533b,26374,16560049,132386,26314,16570342,132386
ac1d382f29adf094,85220,75381985,139810,85169,75397832,139810
ac2ef818bd5d998b,87363,77507701,119925,87353,77540580,119925
ac384d8f05362d6f,59619,49784620,156470,59567,49798849,156470
ac4a2021e52e7e6f,49036,39221307,137881,48980,39232264,137881
ac56f8182330e40a,81145,71305952,139818,81094,71323663,139818
acce6db507748837,90371,80542279,138612,90324,80553259,138612
ad3a81cc2c9f4faa,54919,45031256,129130,54912,45097196,129130
ad434b21aebf6169,97490,87652088,132889,97456,87667611,132889
ad4a4cd5da4f156b,45249,35441967,142608,45197,35453990,142608
ad66a722a468eced,60880,51021650,139344,60852,51057679,139344
ad9af0d56feda66c,59189,49361451,138274,59139,49372244,138274
ada498f75bdadb0c,17096,7252383,119075,17082,7272960,119075
ada553a2a1b0975d,85402,75545955,116109,85383,75579457,116109
adaaec12a263cc20,108833,99022287,139638,108779,99032385,139638
adb2e68ef4d31dd8,67977,58160070,128987,67922,58170635,128987
add1573b4326bf2b,108539,98702695,141895,108499,98717645,141895
ade1281ec86f5dc0,82198,72382291,141782,82137,72393187,141782
ade4656496ebdc2f,105858,96022087,138105,105804,96036394,138105
adfa37138e559666,116718,106882183,138866,116666,106895977,138866
ae14c99431e782c3,108802,98986098,140402,108749,98996266,140402
ae15c554a9c1ec94,102454,92625633,138392,102424,92635725,138392
ae2ca85fc53ce1cd,24601,14759940,132159,24549,14778731,132159
ae2e9ea846bb3297,28708,18865076,140748,28658,18886332,140748
ae33feb5fd8f36cb,77178,67328599,112079,77146,67355009,112079
ae3462230b4c3a01,28928,19062375,132089,28911,19105219,132089
ae418bf4cbae0de2,114829,104985500,138762,114777,105006841,138762
ae4b2ec97aa4a1f1,13745,3903339,135530,13700,3922405,135530
ae4bd73d60fef28c,73443,63604275,141734,73385,63621635,141734
ae558f637505f7e1,20689,10842711,134362,20636,10866723,134362
ae5fd8671cd65322,95216,85361028,132784,95198,85394104,132784
ae6056450f0c5e55,33038,23205552,141797,32982,23216843,141797
ae6a38a6a00d61c7,48228,38401934,140937,48171,38413321,140937
ae80e23f0ec67236,89414,79560721,132004,89397,79591865,132004
aec1f53d987badb2,55645,45820776,184959,55594,45834819,184959
aecbae5c3c3b2c34,30330,20500100,132258,30271,20510818,132258
aeebef9d495bb33f,19312,9442829,133873,19299,9489813,133873
af02bbc690cfe4f7,10011,183977,136957,9946,194541,136957
af1343b757931360,50522,40692298,137820,50471,40702578,137820
af1a7328a1e5b57a,18422,8599966,132433,18357,8611325,132433
af2af3dccdd3f7a6,83475,73618253,117915,83456,73652437,117915
af4313cd97b96689,55743,45901455,137516,55691,45921064,137516
af678109426598e4,77267,67415840,129846,77225,67444778,129846
af6c4a9c8cdd8adf,76611,66780255,129016,76559,66790640,129016
af7ddd23a4e8c486,92980,83142345,140805,92928,83157846,140805
af84591224d82557,101020,91202203,140036,100957,91213559,140036
afa143d166c56958,50841,41022247,142239,50782,41033451,142239
afab1e0946ac213a,35621,25783073,132769,35568,25798319,132769
afcbc2d97b9c776c,105043,95205758,140144,104991,95221418,140144
afe96c4d53d94574,104046,94267575,341218,104036,94296058,341258
afea5bc1b9964894,62295,52461268,137207,62243,52473225,137207
b0017cf934e060fd,88283,78446692,140383,88233,78461081,140383
b01f9f18cb6db197,79512,69667807,112132,79510,69689228,112132
b02430069985976f,86110,76302429,141058,86057,76313566,141058
b05088fa48ff764a,57774,47961939,139190,57729,47972747,139190
b0693bbb2adf6fbb,110791,100982413,139227,110739,100993143,139227
b0728302dfe8f93a,105954,96122044,138292,105898,96132907,138292
b07a0829bb87965f,49348,39521743,138935,49296,39532391,138935
b0821f9c7f91167e,63759,53925510,140420,63703,53936887,140420
b0963a9a71c620fe,57275,47442164,142625,57218,47453681,142625
b0aee00933f8cf85,105610,95800835,129635,105555,95811500,129635
b0b972d042c96fd1,107222,97386173,140719,107167,97401199,140719
b0ba8512e8d2cd97,116847,107012599,135585,116794,107024811,135585
b0d7c6645ef4d264,87460,77600806,132512,87449,77638388,132512
b0da73c033645e4c,27373,17539882,131549,27326,17550502,131549
b104997d07d1f0c0,81908,72061882,139661,81875,72086295,139661
b12b08d6a6e56aed,63406,53565174,138690,63354,53584363,138690
b12c37ef286076af,64605,54740130,129633,64593,54782636,129633
b12ce6d0767d4b84,16314,6479936,132289,16258,6491982,132289
b1365887daf7df8b,45371,35540454,133034,45294,35550743,133034
b15bc053bdb4bcb7,34135,24282685,132249,34103,24312808,132249
b16378d61d769cf1,89725,79880771,132076,89688,79903406,132076
b16971ab9d49b710,26312,16482627,133275,26247,16493763,133275
b185cb9eff54647e,89447,79582762,130546,89428,79624161,130546
b1d2148efc991eb8,29167,19295463,115542,29140,19343987,115542
b1d5829604780024,78498,68663972,151492,78441,68676282,151492
b1d8fc3943059405,11232,1388270,110276,11233,1408857,110276
b1f178c2a438f696,94026,84186666,140673,93975,84203763,140673
b1f72de860245741,36762,26922826,133066,36710,26939969,133066
b1fbb0d4e60e4e70,16746,6905982,140943,16695,6924379,140943
b21875788e76c927,68725,58880543,131291,68694,58903328,131291
b221a86aad4a2d20,46579,36741319,138493,46527,36758177,138493
b2958a9a9ee26611,117798,107984289,100537,117783,108003322,100537
b29650886c7ddef1,30010,20184547,158785,29959,20196212,158785
b2a8aee8f2d33e2f,108020,98206893,108226,108006,98224565,108226
b2aba684f8c495f4,35031,25201467,139551,34977,25211974,139551
b2ac816092698af4,64282,54447513,149608,64231,54461530,149608
b2dbebd8c668ad32,42362,32541437,139500,42318,32556689,139500
b2e1a6b939fdc381,109152,99322108,138710,109099,99332898,138710
b2ec7e2200b6c732,18361,8540094,133428,18298,8550806,133428
b304194e427e0ce1,73004,63184920,136835,72952,63200045,136835
b30466e08ad8431f,104828,95005650,139567,104767,95015914,139567
b307c38c3d45cd80,51981,42117243,119161,51946,42157904,119161
b313305f26c30844,87619,77761042,133376,87599,77796843,133376
b31d5542d79f4dee,91377,81503663,133528,91368,81555352,133528
b321c3248a043cbd,84753,74923332,145436,84694,74935874,145436
b3296636f31c31ea,107318,97482883,131157,107260,97495298,131157
b348e61aae49cf1a,118584,108765871,138720,118529,108776824,138720
b349bedae0c66449,114796,104962021,137806,114745,104974264,137806
b355b3db78af9a8b,96515,86702044,139682,96456,86712730,139682
b35d57b7d5d38abc,52171,42281133,132294,52114,42349209,132294
b371feaf71f36c0f,97550,87703325,132263,97510,87728537,132263
b388f1a3ac9f0621,50809,40980707,134489,50752,40991027,134489
b3a122aec7b4e819,29471,19582307,132075,29412,19648445,132075
b3abebb3f736b0e5,98947,89106578,142441,98899,89125797,142441
b3c275c130931132,76210,66382213,141323,76151,66393401,141323
b432cac379a8bae8,77950,68101849,128494,77909,68127951,128494
b45d5e91ee5451cb,36159,26302688,132087,36130,26336477,132087
b468349a94839ca2,69991,60161909,139505,69940,60173139,139505
b480898e54388241,39791,29947286,119369,39791,29972369,119369
b48e5192dfed02c6,117499,107662035,137802,117447,107677036,137802
b493eea8b156d0dd,50098,40261754,140473,50050,40275930,140473
b4a44c12c523b325,11758,1920574,137192,11717,1935920,137192
b4a6b22cc8560613,34999,25165444,139977,34946,25177779,139977
b4adca77e36e8e39,84814,74985990,141045,84753,74997979,141045
b4c14ac9fba1fcec,13193,3350847,125748,13194,3371223,125748
b4e40ff949d7a957,78689,68861885,138708,78625,68872987,138708
b4f2e30091700b94,40229,30380332,133288,40201,30407016,133288
b4f58b564fd155e9,42570,32760366,133063,42518,32773398,133063
b50ea08fc1619731,111108,101265793,139236,111053,101286358,139236
b535ecdc211f50c1,73506,63680784,133164,73446,63692158,133164
b5897a8ed0dabf2c,95562,85720823,132114,95527,85740621,132114
b59ea3152c1991f3,90499,80662222,140073,90450,80677097,140073
b5a809b4eb1e6e85,62956,53108342,153078,62921,53135617,153078
b5a859e6d40be75a,61449,51605107,140062,61398,51627599,140062
b5bb56c3b43e01a4,79609,69739886,127829,79607,69786583,127829
b5d13f7a4daa0a94,117724,107888941,158468,117671,107903515,158468
b5e8a59068daff2b,58187,48345136,139491,58129,48365166,139491
b602dd9a46d11b07,49129,39321438,139009,49076,39333016,139009
b60602be038367a5,67700,57865875,140893,67642,57878555,140893
b61372b3faa248ef,35063,25225336,141097,35009,25241546,141097
b65cdf775bce6087,101827,92004898,143047,101768,92015859,143047
b65e983bc8442e74,57653,47824936,138915,57607,47840567,138915
b69afae0a226ad47,109403,99582148,138202,109342,99592932,138202
b6b9f570a33ba8a3,22999,13145120,121943,22993,13176125,121943
b6e485d20189fca0,80008,70161708,137942,79971,70186958,137942
b6e788c356b11d00,50651,40821830,141191,50598,40832970,141191
b6eb9e22282d86ff,82082,72245448,138977,82027,72259977,138977
b710feec3dd354bc,52935,43101970,142161,52883,43118110,142161
b714d89a5da1b4df,95502,85643060,131905,95471,85679842,131905
b71df44cd95ddcf0,90624,80802097,138843,90570,80812924,138843
b7326e3d9c35cd9e,43659,33846516,108335,43657,33912130,108424
b7328d8d154194b8,83098,73261996,139833,83048,73276781,139833
b7431c3079275fb5,104890,95081908,138154,104836,95092322,138154
b746d65e220d5d62,110191,100322888,130996,110178,100368540,130996
b75de171ad57f787,86857,77040827,132062,86797,77051362,132062
b791d3cef37de5b9,101945,92102686,130053,101891,92122647,130053
b7aaf20b180622d9,81211,71364425,142909,81160,71389444,142909
b7be6319eb62c82a,63882,54061483,138654,63822,54072767,138654
b7d20bb335ea1197,107912,98082243,139610,107860,98093161,139610
b7d6b00fb9ae61a4,97991,88100542,130264,97997,88168462,130264
b7e6dc8d5286b852,28546,18704278,132033,28496,18724207,132033
b7ecc9719e24d84f,34412,24580404,134416,34362,24590464,134416
b815c14ef73429ba,113158,103322665,129460,113102,103335457,129460
b839ba8f02017505,98141,88262375,141150,98128,88319539,141150
b83c95df04391334,70840,61000417,131082,70798,61017394,131082
b84c497efde9bb22,31155,21282736,132833,31145,21333578,132833
b85460e247536428,11426,1560712,137923,11421,1604273,137923
b85a1ccedb33f933,76116,66282077,140766,76060,66293728,140766
b8654217b60f0d82,26282,16460128,133213,26218,16471312,133213
b866242c1ca69a47,59842,50021515,137227,59784,50033027,137227
b86bb3678dbcc4c8,118136,108282316,138397,118112,108314678,138397
b87b6fff02f684cf,93812,83983441,133143,93753,83994210,133143
b882d12cd20c08c3,78249,68440291,129804,78196,68450789,129804
b8932c34f4f91762,68503,58660598,131051,68480,58680317,131051
b8a93a4be849df0f,14102,4267195,174142,14049,4282410,174142
b8ab96e359e76742,55490,45680065,130762,55434,45690563,130762
b8aff35034fb6791,80621,70781694,138382,80570,70798371,138382
b8dce4b95aedec91,99257,89438192,116505,99195,89447450,116505
b8e71f99a22aaf1d,71049,61226109,140639,70985,61236687,140639
b911ddaa561a8b85,18729,8900322,134858,18677,8911067,134858
b9130f5273a177c7,102826,92982592,129967,102767,93003618,129967
b923ae9761fbdd65,51478,41666086,113469,51465,41684895,113469
b92fe913a3fd4f47,28024,18184757,138756,27967,18202553,138756
b93d375152102b4f,105075,95245403,158626,105023,95257621,158626
b946f8c915b88b9a,58756,48899952,128589,58744,48933996,128589
b94e6924a7ae1c2c,25501,15680464,134080,25445,15691015,134080
b9761bf61058af76,10632,800953,129041,10570,811342,129041
b9792bfb4829ce63,18268,8440231,133744,18208,8450986,133744
b9919ffdf6104334,59248,49425561,139433,59192,49436867,139433
ba7d0cacf97e2545,20913,11129360,360581,20899,11159024,360621
ba9a6e845578cebb,66693,56822610,131523,66675,56870157,131523
baa805ad793e3af2,107029,97202339,139923,106976,97214001,139923
baab82bb47edc8db,19088,9232981,121644,19084,9265200,121644
baea907939d3cb07,37919,28063016,133093,37894,28096749,133093
baf874e1a56e2b10,19217,9342469,132279,19209,9394672,132279
baf95f78437780cd,37482,27641441,140062,37432,27660557,140062
bafc72c1abc9c56a,119906,110040546,128479,119890,110083797,128479
bafca089a44d17a8,100004,90145283,144949,99971,90182457,144949
bb2d07bd672e7a47,63164,53341532,138638,63107,53352860,138638
bb4a76a433603a82,56809,46981479,138668,56779,46992766,138668
bb52bafc0065e2c4,22216,12380303,134242,22162,12393635,134242
bb62c21f352ec3d3,69243,59401728,138758,69192,59421510,138758
bb6c07c4f7288494,62987,53142603,144621,62949,53165441,144621
bbd0b1f2cd9bef69,38883,29042986,133448,38831,29061325,133448
bbdcf75ec469b06a,104650,94820825,131434,104610,94830796,131434
bbf51136a3175199,42540,32722921,132777,42488,32735649,132777
bbfe7cd07e0ea350,105299,95465706,139758,105242,95478121,139758
bc13c5b7f97c6af3,92130,82301027,131774,92078,82312704,131774
bc3d8c02d5b2d71c,99197,89366012,141021,99137,89376426,141021
bc447eceb1c5ccd3,59457,49621170,137143,59406,49635447,137143
bc4fe4ae225f287a,115112,105280736,129665,115053,105291273,129665
bc5ee44070929a9c,12339,2500825,137486,12287,2517776,137486
bc6c1b1e8f4fe41a,16250,6420007,133291,16196,6431342,133291
bca2006cb2c63396,58058,48221520,139157,58007,48236307,139157
bca8faa77985f9ff,42186,32340346,133214,42173,32379123,133214
bcc9753ea9dd2da3,42035,32180399,133685,42043,32234362,133685
bcd3379ab3bb2efb,87524,77661209,134140,87510,77703585,134140
bce3f014ee93a948,114340,104502182,138653,114300,104518131,138653
bd1a9f5201a2cda9,58883,49041759,138923,58866,49061191,138923
bd20965d18c3c1aa,91949,82125633,133912,91886,82136725,133912
bd544ea50a873c46,57403,47572807,138869,57336,47584032,138869
bd6539a6f28c8dfc,116943,107105609,138115,116889,107121461,138115
bd76e799e2f7d303,25412,15580206,133898,25364,15590899,133898
bd88183b5831692a,92818,82982406,141700,92767,82999613,141700
bd8d2e1ebd4fe841,117595,107762106,137763,117543,107773303,137763
bda174d21f61b43a,52685,42865115,139337,52628,42875479,139337
bde00866171f3666,96665,86826490,140677,96615,86843443,140677
bdf0f9fc7cb0aaa1,86520,76686300,141244,86464,76697526,141244
be156455ad31b0a6,109495,99682527,139792,109437,99693886,139792
be16f4b1ab77c93f,30993,21150463,124010,30986,21170898,124010
be98e91c35d1dc90,44909,35080527,134158,44866,35092872,134158
bea25ebfb84a89bc,61418,51581480,138668,61366,51595778,138668
bead7e21e5896fdd,19185,9320061,133383,19179,9363118,133383
bec159bc63b0dadc,50489,40665322,161490,50438,40677380,161490
becec75a8418f317,56934,47105301,140629,56900,47117414,140629
bee4da99c801f5fd,22311,12481841,143051,22254,12493183,143051
beec1581da9612ef,85370,75526311,116568,85352,75548196,116568
bef033317b4c625e,96106,86266179,139436,96054,86284734,139436
befc6daa5ae29d0a,44350,34520346,133020,44298,34533218,133020
bf04c2472e14635e,94869,85041316,133550,94816,85051503,133550
bf0ac5fba38c1745,82111,72282223,140121,82053,72293006,140121
bf1b2c32582b1a48,17829,8019801,131449,17773,8029190,131449
bf2200896a2f7965,30424,20600349,133843,30360,20610518,133843
bf82688bb072222b,60089,50281667,139038,60036,50292678,139038
bf9f50a9de17eebc,47804,37942089,129782,47786,37981053,129782
bfb3409d27d728d2,26034,16200325,134920,25979,16212170,134920
bfbba726f5958886,93107,83308145,345682,93079,83338392,345722
bfc0f11ec3f9f34b,14946,5105295,148906,14893,5124015,148906
bfdc5ee3bf29aa4c,55678,45850392,175650,55627,45864253,175650
c0247b19645203c7,17161,7297895,120966,17146,7337812,120966
c026c394c986b4c1,69561,59725322,137922,69502,59738892,137922
c02ed0b5d994fc8e,82977,73162210,139425,82920,73172979,139425
c030f5af26100bcc,108389,98522701,130441,108364,98566729,130441
c04ff62404c81f8d,70929,61103124,147672,70878,61114750,147672
c05870dd6ef8a446,117193,107365586,139544,117130,107376435,139544
c07d01585d16af1e,85091,75245721,141122,85041,75270100,141122
c08fcdc5c0c3aa43,43515,33681431,139975,43469,33696556,139975
c092cdda0337f8aa,97519,87680943,131695,97483,87697889,131695
c0a6e285875fbe77,65809,55980250,130936,65752,55990894,130936
c0b14fef06dbb526,78434,68601803,138651,78378,68612352,138651
c0b4a1b5072c068a,113498,103682173,137865,113441,103692823,137865
c0d22379cae5ef75,99911,90060920,131537,99883,90088635,131537
c0d48e5941f1a280,78124,68314032,141935,78069,68325681,141935
c103e3cb74490e34,17194,7320396,133139,17178,7371968,133139
c1260cd694827cb5,80779,70945898,138942,80725,70957468,138942
c126bfe70d175364,47898,38041753,129354,47876,38075820,129354
c12e47d6dee1324d,104560,94720939,132337,104531,94737019,132337
c14d7130aa99d431,44621,34786301,164006,44542,34798940,164006
c14f61cb22b262e4,44940,35103080,133360,44896,35124302,133360
c15d5cb1bd2e6369,45001,35180249,132612,44957,35190726,132612
c16f72b62340522b,85899,76063565,133801,85851,76077396,133801
c1a5da10620e04e6,50156,40325085,140065,50102,40336356,140065
c1b83c23f7213a28,80555,70721971,139482,80505,70733570,139482
c1f5e9bea88cc480,40288,30443057,133539,40252,30468342,133539
c23486c0b0ad0f2a,67479,57641751,139459,67427,57657650,139459
c2597997f0e9c6d8,52078,42180643,132941,52031,42255630,132941
c285d5da9ab18b0b,92227,82385704,139578,92174,82405286,139578
c28ad9a1aec0d775,14481,4660533,136825,14420,4671140,136825
c290712f4b1bebf9,19668,9840183,133807,19614,9850124,133807
c2a1ef57a29d3f0d,104469,94621117,133037,104449,94646508,133037
c2c2c69c20d9830e,57684,47861588,139447,57638,47872209,139447
c2d5cc5a0356a8a3,15262,5401858,135765,15251,5440555,135765
c2e12db721e1d425,113878,104064002,98685,113853,104081427,98685
c2e9d87822ade7d1,45338,35498334,120774,45260,35506776,120774
c2f2c664a1fc9f3f,35967,26102946,134043,35946,26145087,134043
c300978f79a31f58,118524,108705898,137600,118470,108716760,137600
c30cc99eb4441262,110556,100722162,138657,110511,100733769,138657
c30e3e902a2ec29c,31431,21580277,134113,31397,21608682,134113
c336993a63a201e1,44292,34460486,133618,44249,34477074,133618
c339ce74ba2789b5,65746,55921749,139388,65692,55933072,139388
c33b897341164029,71551,61722027,140476,71494,61733695,140476
c347fd1fb0ad6c83,61953,52125111,139191,61888,52136057,139191
c36129f32d5c91a7,58026,48185071,138900,57976,48204648,138900
c362c6604be992ed,113530,103721987,137244,113476,103732646,137244
c370d2563f60101b,50186,40361535,139154,50129,40372555,139154
c3756d0cf08e71d0,64917,55064407,141423,64885,55095313,141423
c37948dab50f38e7,39285,29465085,139518,39228,29475574,139518
c383b3d25eda4ba9,105794,95960772,130807,105740,95971784,130807
c385b6a769fc53e7,86166,76333548,140321,86115,76344615,140321
c38969b7cdc9cd5d,37706,27864959,139448,37652,27884677,139448
c3ae91cd7ab1ed20,53190,43360593,133295,53133,43370770,133295
c3bcb0f8c4012199,36220,26362901,133196,36188,26397976,133196
c3cddb029e895991,114956,105125703,158861,114902,105138426,158861
c3fa3ab046493bdf,75922,66083754,129083,75870,66099736,129083
c3fb17d13ec0d206,81727,71862530,143449,81712,71906739,143449
c40128ae918fbf77,60537,50727369,124178,60518,50741409,124178
c410e6b272213ff6,52431,42581528,139061,52354,42610860,139061
c41fbdcbac402b52,37515,27681636,141431,37465,27693592,141431
c427b5893f3e02f1,19494,9640792,133803,19463,9671725,133803
c42c830c65622e7c,100369,90507564,98947,100393,90545218,98947
c432ec1eaa168967,61297,51481745,139993,61236,51492659,139993
c4557cd21f6f0d8c,19815,10000519,134406,19755,10010537,134406
c4595435bf975c20,64379,54541064,132870,64327,54557785,132870
c48a3e2977159dae,69029,59202166,130799,68970,59212029,130799
c4983c16885df16b,21869,12061758,143198,21816,12072758,143198
c4c2fb8795504d25,10935,1098647,125613,10880,1112809,125613
c4cbf7bb6248308c,69805,59985258,138726,69750,59996617,138726
c4f33218621fc47d,102664,92823190,131849,102620,92841005,131849
c51c658f47503cd0,115576,105742201,138796,115524,105754051,138796
c51f3dd360e0b16e,40139,30280927,133789,40122,30317980,133789
c51ff93239a2c6a5,62835,52981987,141561,62810,53012847,141561
c5444e9d1ad78d2b,43612,33828403,353240,,,
c54f01bf38e33fe2,27314,17462279,132426,27273,17491552,132426
c54f23f4700b5b09,117628,107802357,138233,117575,107813617,138233
c55bc645f798e4bb,16908,7064437,133285,16857,7085890,133285
c57f26153cdc7359,39349,29541495,139258,39296,29552287,139258
c5811623f6d334dd,54229,44363839,140716,54200,44407056,140716
c5a9ee1822e3b4e7,16409,6581370,141338,16350,6592515,141338
c5b19e60e2de39f0,114731,104885962,139521,114681,104909572,139521
c5b9cb856276eccb,71674,61843748,128833,71612,61853471,128833
c5d201f90d2e1913,15603,5760503,135721,15566,5780422,135721
c5f4fc8aef5ef57e,12177,2342309,146643,12126,2355939,146643
c5faaa3b69a45567,44524,34683111,132402,44445,34693696,132402
c6082a7188fdec2a,71613,61781902,140056,71554,61792842,140056
c60884fe30700ce4,9954,121556,141734,9896,132355,141734
c609ef9e07f0208e,21299,11440330,134633,21279,11476782,134633
c60f5461ac4ffcff,56030,46201641,139589,55973,46213002,139589
c62580dd16ef0a59,47229,37401874,140905,47177,37412899,140905
c630bab37adb0add,64218,54380497,132218,64167,54395512,132218
c63235e297a894a5,84936,75122158,140404,84880,75133570,140404
c63f910a88498a9d,47358,37521395,138315,47305,37535896,138315
c64ae004fc81858a,107945,98105768,139163,107891,98122267,139163
c65e41dda82d86cc,68228,58401992,139874,68178,58414632,139874
c682b81c79804896,64702,54840203,130829,64686,54879186,130829
c6a0f70153304885,49476,39689295,351567,49457,39716813,351607
c6a565a5c47d1b4c,57178,47341402,139006,57129,47356099,139006
c6b853558ecbac7a,111485,101662251,138834,111420,101673657,138834
c6cab8a08a0444b4,102610,92800883,130412,102569,92811913,130412
c6e363403d417c37,14420,4583400,136086,14361,4597498,136086
c6f258115d62bc1a,31218,21343024,133571,31205,21396265,133571
c6f390702a5745e7,65994,56181898,139761,65936,56192811,139761
c7050beafa5c9300,21742,11923127,134509,21685,11933883,134509
c707643cfb9df729,95063,85270263,357698,95040,85300061,357738
c71203c8a87b6e97,16185,6342607,132488,16131,6362663,132488
c73bde83d4964133,108597,98762249,139318,108550,98775512,139318
c7661239e0a195d3,38978,29140489,133892,38924,29155676,133892
c76b086adfa36f0c,18514,8700109,133785,18458,8711607,133785
c777fcfb8bb6951e,107598,97782199,139007,107541,97792608,139007
c7850d4b374f117e,30108,20281524,139682,30055,20292173,139682
c79e46bcc9cedbeb,25103,15260529,133913,25077,15280953,133913
c79f418fe94874eb,70626,60780672,132011,70603,60805281,132011
c7c1fa5b1aedcb4e,53980,44101928,129864,53967,44157472,129864
c7c7300853e1c4fc,75308,65441905,139861,75277,65485786,139861
c7d0056cd1166c4e,114550,104725138,138055,114490,104735295,138055
c7e38b574221259b,41619,31780950,133740,41571,31799262,133740
c7eff976800ffef4,14036,4200047,133728,13984,4214341,133728
c7f1a3bda4898a56,90593,80762361,140013,90540,80772737,140013
c7fdbf89ddcc3fdd,92635,82822094,139994,92576,82832630,139994
c7ff933feefe4672,82639,72803001,132120,82584,72816577,132120
c8288c645bcd12cb,42420,32601575,139761,42368,32615097,139761
c83d7b8badf31019,82169,72346028,140199,82106,72356815,140199
c83ef0bc7cc16e8d,87917,78082739,132437,87865,78095333,132437
c84ecdf88a9e840b,29293,19400557,133808,29254,19471460,133808
c853432fb34fb408,116176,106325765,139693,116149,106354313,139693
c86f65c927b6f2a2,110761,100945567,137807,110709,100956791,137807
c87718593e5e0d63,99010,89182950,142860,98960,89194306,142860
c8b5f1a0b9601d7f,114893,105065098,153410,114840,105076341,153410
c8b62cc89e3cb812,111764,101922775,139752,111713,101941721,139752
c8c61dc79a2a514b,28055,18221240,140097,27997,18232919,140097
c8ec9b10bf340915,119184,109362259,138439,119123,109373439,138439
c8f3812cdc8fbf1e,91473,81603622,134335,91459,81650848,134335
c90fd77823b80ac2,102485,92662240,139254,102453,92672553,139254
c929b9891807a421,95313,85461057,133723,95293,85491210,133723
c95088eda49541de,119276,109462107,137983,119216,109472604,137983
c95ab540e0fba2d7,48727,38902111,141430,48673,38913436,141430
c96bc03aa08fb002,61612,51780256,130455,61559,51790774,130455
c972a7613ceccd9b,37643,27813412,142036,37591,27824180,142036
c9c1cd5a977a29bc,30697,20859940,131770,30644,20874482,131770
c9ccba09117ce4f5,77402,67587710,97856,77394,67608511,97856
c9d65b055a42abb7,111861,102022751,141202,111809,102038844,141202
c9f89e2c411e4bdc,55549,45739827,129471,55495,45750465,129471
ca0c63b2dc235c3f,50457,40621625,139287,50406,40635020,139287
ca0e56364dc87d07,25230,15380446,134480,25197,15407388,134480
ca0e70380244baf4,113651,103820734,130160,113599,103830972,130160
ca1179a775c1988a,38016,28163104,133802,37989,28194268,133802
ca1705fd46abe14b,100670,90740630,131045,100655,90846996,131045
ca29cb6863fb270d,74130,64301792,138231,74076,64313587,138231
ca3b9446f341c66f,76578,66740192,129166,76526,66754828,129166
ca51e42d27ea80b4,104374,94521110,132510,104362,94551891,132510
ca538db3c3d4f5a6,104798,94982092,138274,104740,94993660,138274
ca60d4cefb86ed99,96860,87022585,141112,96809,87038144,141112
ca6119332b3cfed0,61385,51545422,140086,61333,51562857,140086
ca8c75bb0eb3cddd,84691,74860648,131748,84635,74872114,131748
cac225cbfa59e557,97707,87902927,104629,97725,87913852,104629
cac903d7d9fc4e07,55589,45782068,141849,55536,45792686,141849
cac92bc30937c850,119652,109822166,137305,119598,109834273,137305
caf8902828f3b1d9,53654,43821701,140335,53600,43833742,140335
cb0d93920cb2b255,62197,52361457,137897,62146,52374571,137897
cb197a9db3daf7bf,117563,107725579,137883,117511,107741838,137883
cb2e057010f71ff4,34442,24602810,132807,34389,24620845,132807
cb6a8e85bb8b5c80,33007,23181583,141406,32951,23193054,141406
cb7493b59193dea0,71328,61488836,138084,71277,61506265,138084
cb752e72ef12b638,15663,5827263,155271,15618,5842423,155271
cb7ef75c57926755,27991,18161333,139918,27936,18172804,139918
cb856cd0d4281df1,113282,103461928,137841,113221,103472722,137841
cb91df8f2422fc90,74545,64682636,131863,74526,64722946,131863
cb971a3efc3e2b0e,70467,60602236,131066,70449,60644252,131066
cb9bca645f8e962a,75195,65302964,130744,75181,65373233,130744
cbbf8f2076432b38,26159,16323042,134779,26100,16336661,134779
cbd103dfc5917969,107686,97845606,139456,107635,97863909,139456
cbd6559ec56cb98c,34837,25005543,163583,34785,25016999,163583
cbea49cb97261387,25841,16002185,144102,25789,16020180,144102
cbed5f978cd73b22,91442,81581002,133224,91430,81620227,133224
cbf17b74d4cf8190,76546,66705060,137579,76494,66724615,137579
cbf6d9a4069503be,22022,12182434,132225,21971,12200265,132225
cc035d1a8618c0b9,33071,23242022,142998,33014,23252744,142998
cc13fdaf8bf36865,119060,109222691,129564,119004,109237333,129564
cc3518bf35968702,88632,78801444,133151,88574,78812078,133151
cc3a710fe3c7748c,26220,16400363,133083,26159,16410803,133083
cc3bba21c3757ff5,104590,94743257,131713,104558,94767360,131713
cca9150c139e15d8,84500,74662177,141015,84449,74678581,141015
ccaad992efd6f714,10222,383064,151371,10171,400263,151371
ccbfce4a27f27750,21958,12120254,133421,21907,12135592,133421
ccc13d9bf9bab939,92730,82922554,141117,92677,82933754,141117
ccc3e2d8a63d9aad,27670,17861177,139427,27618,17871563,139427
ccc8d7b70a221149,64946,55101432,137895,64911,55124216,137895
ccd6d9e08bddb554,69835,60022380,142018,69780,60033918,142018
cce7f464594014b3,33602,23760306,133264,33548,23779758,133264
cd03523f2215484f,36282,26440105,132824,36244,26459955,132824
cd0949ca2dfcea26,80652,70821832,139537,80601,70832487,139537
cd0ef3994b0d4656,91597,81741319,135462,91574,81775655,135462
cd4050d825a42d8b,51435,41647091,343637,51417,41676691,343677
cd437c9b32fdb0bf,91281,81425080,118983,91273,81458245,118983
cd508d86b887791f,69529,59702040,140972,69472,59713870,140972
cd65d36b70f916f8,47517,37730130,356170,47499,37758898,356210
cd6d9cf6812009bf,68131,58301684,139360,68081,58313655,139360
cd836885d3463ff5,83260,73422043,139672,83208,73437732,139672
cd8b8fb1968f1191,32702,22880178,132553,32634,22889843,132553
cd94330302e7665a,18922,9084552,144727,18867,9100547,144727
cd9a2cf2e9e3f81c,35221,25401786,141571,35162,25414286,141571
cda2ca062575122b,21538,11700160,134157,21493,11715516,134157
cda9c5f2044576dc,107848,98005271,137767,107796,98026734,137767
cdc0ca4f0c93e888,48021,38181279,138814,47987,38199303,138814
cdcb621884f5ff6a,31249,21380126,133020,31233,21426869,133020
cdda7c7ddc3c462b,115704,105864458,140164,115650,105881906,140164
cde8391238730188,32197,22311550,132625,32246,22374835,132625
ce02291e2c19aae3,94347,84506243,141247,94293,84525694,141247
ce036da33725ba47,22373,12553588,145359,22314,12565146,145359
ce1ad9e1dd0fea97,117848,108006353,130410,117833,108026328,130410
ce1f77da58608209,29526,19660294,133810,29461,19703640,133810
ce2ab15fe4f9debb,80491,70662051,139195,80441,70673073,139195
ce3cd06ee0efe51a,93222,83368190,131978,93198,83399111,131978
ce4b9310a3f5e0f5,41748,31904995,125844,41770,32025074,125933
ce50fc54ff229662,80038,70201694,138611,79996,70215820,138611
ce55a9eb9ea2f0c5,98884,89042737,142131,98836,89062326,142131
ce7f5cd6162b17dc,71766,61943327,132904,71708,61953262,132904
ce90533bbcf8613e,112870,103025613,138746,112818,103047362,138746
cead4953c848dee3,47454,37621307,137707,47399,37631737,137707
ceb3744c394a73bf,46299,36481364,138017,46237,36492166,138017
cee6bcfc81128688,89755,79920929,131670,89715,79933312,131670
cee7e68821f35ddf,84061,74242333,141142,84000,74253133,141142
cef1a2c1beeaadfb,48695,38860074,131169,48641,38873860,131169
cf35750682650d2e,72916,63082086,131347,72862,63093099,131347
cf40adfe8356a100,29635,19791241,132327,29561,19813441,132327
cf4b2d6118318d7e,113993,104140826,130126,113967,104170737,130126
cf6a0b9041be8010,59778,49944029,129355,59723,49955857,129355
cf7af980a3cacd21,98851,89006406,141582,98804,89029816,141582
cf918a7037bebf63,83700,73843258,133266,83673,73877622,133266
cf92feb6a9b5452e,103609,93765610,139744,103555,93787552,139744
cfb38b4144c5c9ff,12089,2280490,136004,12035,2291705,136004
cfb836e11108e5d3,102042,92204445,141288,101989,92220894,141288
cfdb4a192b74c5e3,109617,99802482,140149,109561,99814169,140149
d000752bb6f3946f,105547,95725670,139212,105488,95736937,139212
d0207426ead2c80e,18858,9025456,142266,18805,9037389,142266
d030716a44a841ee,74482,64620676,131473,74466,64659801,131473
d07bde3dcb423963,88725,78901807,138443,88662,78912637,138443
d0819842251253ba,70216,60381740,138794,70162,60393908,138794
d0912e4d2e985bd1,84596,74760787,132488,84543,74774392,132488
d091f6728e233a79,60026,50204971,140050,59968,50216775,140050
d095febf84ae0374,68292,58460494,132211,68241,58471569,132211
d09ec6b57595317f,90748,80922130,131746,90687,80932539,131746
d0a291b15079c3b0,81569,71700473,131161,81561,71746513,131161
d0cf81f05141e5b4,61706,51862643,131160,61651,51884478,131160
d0e49bc77b6dcb64,21480,11640658,134874,21442,11657324,134874
d0f0d8f8790eba24,106669,96842600,141758,106617,96853676,141758
d0fb472078455506,45601,35783902,80706,45576,35804233,80706
d0fd4c295dca0091,15011,5180480,135739,14957,5191048,135739
d12491bbf16e6e94,62455,52666213,331948,62434,52693566,331988
d1306f36267062e0,26653,16821267,140219,26600,16832849,140219
d13a97f867fe2f3a,109372,99542249,137965,109312,99552803,137965
d14521d239f9ae18,46239,36421278,138082,46182,36431968,138082
d156336a4612ad56,75670,65860018,128898,75615,65869976,128898
d1899bcb7df6c269,113586,103748630,157743,113534,103764956,157743
d18e734408ee1c87,46090,36242330,131053,46046,36267717,131053
d19d1c826ba4114f,60498,50706542,333590,60474,50733260,333630
d1a6d17f1fb06788,108200,98340713,130542,108184,98377930,130542
d1affedd7a08a6e2,73936,64100619,132611,73883,64114508,132611
d1b7f81b3ed7a376,30890,21110805,362488,30878,21138450,362528
d1c89ccb476bbe98,95652,85820773,131915,95607,85832264,131915
d1cae82cdcd26248,12622,2800280,135286,12561,2811591,135286
d1d686487d650c90,69404,59563902,130691,69350,59581666,130691
d1d6b38208059cc3,115390,105582269,139327,115337,105593256,139327
d1dcad541a6f53dc,112903,103065630,156454,112851,103081983,156454
d1e1221262066586,83668,73820772,133096,83643,73846281,133096
d1f23813fa02170a,31401,21552670,133552,31371,21578980,133552
d1fcac228f54c87c,75280,65401637,137594,75253,65457781,137594
d20c320394511053,52140,42241857,129050,52086,42318100,129050
d23fd4916d8fae46,22279,12444744,144365,22223,12457983,144365
d26cad3d5bc78059,107880,98042441,139715,107828,98057565,139715
d27e6e7f5d81126c,103233,93425884,160026,103181,93438031,160026
d2872337570ad3f6,41555,31720267,133446,41508,31738510,133446
d290c40de45efd80,10693,879217,127262,10633,889188,127262
d2b0868e7974418c,79578,69709117,129680,79575,69754779,129680
d2bca76cc523ee7f,80211,70385285,138652,80148,70396835,138652
d2e12dc811c0b48d,77516,67688431,74564,77507,67713490,74564
d2ebdb717fa6b0c5,57372,47541771,139562,57307,47553271,139562
d2ed81f4c62164c9,36729,26900361,132418,36677,26911728,132418
d2f349e96138571d,111666,101825772,138818,111615,101844897,138818
d3003080c292bc5a,107718,97882006,137734,107667,97895865,137734
d314a2410f3b9ede,49005,39185183,139601,48949,39196035,139601
d31ac5674605646e,117661,107825942,139512,117608,107838733,139512
d31bd8fcb70a7472,65932,56104535,141980,65870,56115252,141980
d333de90b07c1406,99135,89302660,140263,99080,89313787,140263
d33ab5e3c2822206,10414,591805,142178,10361,602669,142178
d340fe6ab43ba188,58123,48281744,139305,58069,48301744,139305
d365c5846422251f,78038,68204969,139217,77985,68215832,139217
d37ca346f052f5b2,105172,95342303,139681,105118,95353469,139681
d391bb169695f69a,53283,43460312,132184,53222,43471277,132184
d3951d88b99a975d,114431,104603435,145781,114382,104614286,145781
d3a39f1641795704,107784,97946062,139571,107732,97961891,139571
d3c2ef909c98ba85,83196,73362097,140805,83145,73373988,140805
d3ca927b216bedea,24074,14240618,135284,24020,14252729,135284
d3d518fba70f650b,18954,9174443,377459,18945,9205196,377499
d42b7cb65d0eeae1,74948,65081868,131002,74953,65125737,131002
d42ffc60c38a118c,23610,13782973,134347,23552,13792897,134347
d43caae0bf5809d0,19697,9880582,135038,19640,9891676,135038
d43e4d826b819ce9,15483,5640625,134858,15459,5660328,134858
d4514ed6289e32ca,64540,54682761,116330,64529,54717323,116330
d48c1b99627b9857,11551,1683370,135288,11537,1729015,135288
d493cc28bf2879bc,19435,9579922,132673,19411,9612078,132673
d49ad91b6184c94f,17981,8142541,134199,17927,8158886,134199
d4d07d81c5774406,86264,76423262,140441,86213,76443305,140441
d4f3de6948ffa2f4,29689,19845286,138516,29613,19867138,138516
d51108eae770c2b5,53719,43881542,138904,53664,43897372,138904
d514aaeda8345343,19904,10063062,134634,19851,10081819,134634
d53b24a9b3c87956,56153,46324011,141993,56091,46335203,141993
d581c994500da896,110316,100462213,139040,110296,100494641,139040
d5895e8865265987,21391,11540072,133512,21363,11567950,133512
d59499bc80d7abf0,25166,15320444,134789,25137,15345234,134789
d59c383637c6887d,54856,44976120,114005,54853,45033523,114005
d59d588539204978,119370,109562350,138100,119316,109572598,138100
d5a31a41f3787305,14664,4845355,148810,14607,4856146,148810
d5cacc8043159009,117913,108061205,131016,117897,108091081,131016
d5e825300aaa28bf,52014,42137395,118751,51975,42190654,118751
d60404f16c7997bd,117070,107240476,128657,117012,107251390,128657
d61d70b5ca1d4505,20474,10659891,132509,20413,10669896,132509
d621700aaa61047e,18761,8924484,143043,18708,8939295,143043
d62d79b00d0f8476,77354,67571303,362007,77341,67600954,362047
d634f0f07c300492,66785,56922310,130114,66761,56963765,130114
d663bb42670c1dd8,41061,31224599,133520,41007,31244460,133520
d667ae803dfac423,76427,66604921,138093,76370,66616606,138093
d6694f48f4c39782,26097,16260390,133698,26040,16274541,133698
d6728500b717516e,63076,53240193,130235,63028,53254094,130235
d67ced752eb7c832,113715,103882040,137339,113663,103893339,137339
d6a328f26452cd6f,112689,102865613,138393,112624,102875830,138393
d6a852580094d517,47294,37461302,138770,47241,37471975,138770
d6a9fc528c51e8ba,48663,38823266,129110,48610,38841085,129110
d6b90020e9e528b0,38852,29020470,132719,38801,29031163,132719
d6d85eba4b9fd21a,24974,15118667,123482,24951,15151830,123482
d6e99533c899bcbb,34967,25141788,140542,34914,25152696,140542
d6ee442ed4036be8,77831,67979862,127971,77804,68008256,127971
d7374c2d3b05ab16,45745,35900267,131277,45719,35923073,131277
d741217cb5041d0a,88129,78322492,142784,88078,78334621,142784
d7481f66cc9b6b72,107412,97585211,143042,107351,97596296,143042
d75f1c3014b65a54,75611,65800171,128790,75554,65810543,128790
d76a592d8d7e6c6b,75362,65501709,138504,75323,65540186,138504
d76e0bef1ce552df,25135,15283224,134516,25108,15313301,134516
d76ff5b3f7e4b824,17258,7399976,133108,17241,7435172,133108
d792de06470f4ff2,105424,95602222,139493,105363,95613727,139493
d795ed75b9298ba3,33909,24067016,121824,33881,24086476,121824
d7c824d20bfb9fef,50619,40782086,140014,50567,40797591,140014
d7cf1cd77fcbfd17,34104,24260358,133288,34073,24281829,133288
d7e2c93b1c9e3c5b,54076,44202347,131620,54059,44253280,131620
d7eb8d014bacc8ff,64887,55040434,130331,64858,55064500,130331
d815e883933d7447,59099,49261525,139063,59061,49277365,139063
d81a79e348735ca3,56337,46520254,130747,56281,46530155,130747
d82d2bf643205ab1,24536,14700197,133845,24485,14714639,133845
d853657d98d019a5,98112,88226805,140181,98104,88290800,140181
d88e83dc3bbec895,22247,12420345,134766,22192,12431253,134766
d897ec6b0ab5780f,33826,24027262,345709,33793,24052633,345749
d89b775e57f1989b,38820,28981909,142689,38769,28998753,142689
d8a028f21b4e29ba,52319,42445376,138304,52248,42497182,138304
d8a90410771cc2f3,28456,18640217,133261,28400,18651057,133261
d8bcd6a76150bef2,58915,49065297,139220,58895,49093127,139220
d8d2c96cfdff9a85,11902,2080699,137250,11842,2091822,137250
d8d8efa931122375,83291,73462167,141272,83239,73473322,141272
d8e070230f548a1a,25743,15903246,133451,25691,15920995,133451
d8e69359744cf496,51723,41856069,132674,51706,41901020,132674
d90b3d20010f6f81,39437,29601436,139588,39386,29615027,139588
d92499c3018fb64d,53032,43201395,138045,52979,43212711,138045
d92a76da4b36030e,37385,27545486,140098,37335,27562991,140098
d92cbbac913ce431,28961,19185325,374356,28943,19215709,374396
d92d2239abb0c225,110852,101042035,137557,110800,101052238,137557
d9436e7449b1dbf2,64976,55124899,139139,64937,55154083,139139
d94bc2a411bcea7e,78594,68764636,155295,78534,68776066,155295
d94f004e4da5de25,61002,51161791,138788,60964,51179770,138788
d96a35fe56013d73,50746,40921729,140918,50691,40933712,140918
d96b95658bcadb3a,91979,82161523,135885,91916,82172291,135885
d96d0f76516c2467,64764,54900554,132058,64746,54942894,132058
d9735e3824c965fd,101300,91462355,140673,101253,91477974,140673
d97dd6f71aa3240a,110468,100621988,137719,110433,100647056,137719
d9b15ec4c50e3513,80426,70588230,155549,80376,70605726,155549
d9dcb0045b3a7954,99783,89920812,131369,99758,89960534,131369
d9e408fd2744cd4f,69958,60121870,139231,69907,60136254,139231
d9e747419752636e,54433,44600516,130403,54380,44610482,130403
d9f84229dd59ae45,50039,40201491,138769,49998,40217004,138769
da2a4a4c078d3eda,32101,22247690,124313,32163,22278604,124313
da46619ba78e6d2a,76303,66481646,138111,76240,66493038,138111
da55c313294eb905,31815,22107938,368757,31876,22136361,368797
da5a6711a0d280d7,78369,68542369,140559,78315,68553788,140559
da5e7efc5fc530d8,81243,71401901,138571,81192,71421116,138571
da64a448be21b177,92481,82661126,133045,92422,82671261,133045
da6a1a95cdd35194,98226,88360791,132254,98200,88403979,132254
da93dd96df19a7f4,66629,56760188,130289,66614,56806579,130289
da9ba856863793bf,81421,71607124,101897,81414,71629158,101897
daa309433e20fa42,24106,14280654,136738,24051,14292858,136738
dace04c14ea04e82,65650,55821688,139347,65599,55832905,139347
dae1e7e56151328a,16282,6444565,145361,16226,6460133,145361
daf911d286a92176,37203,27381621,139998,37140,27392967,139998
daff17305ab71025,94411,84583088,145099,94354,84594450,145099
db0cfac860750152,10539,701624,129407,10481,716917,129407
db16a2d10772a0b7,42274,32450480,132528,42246,32466610,132528
db1ce504d71a9f97,47929,38081760,140312,47904,38107650,140312
db46c3191cd43de4,106398,96540948,131404,106373,96575277,131404
db50065b80debfee,79642,69780269,128971,79638,69819881,128971
db5d933cdbf14f55,50216,40401511,138294,50156,40412645,138294
db842d91e169a7dd,48883,39061173,137689,48823,39072207,137689
db8bb89a5bf74016,53313,43482427,130982,53251,43493223,130982
db8ef82eaa16a1f5,103955,94126168,140853,103890,94136814,140853
db99a539925ffa28,15543,5700227,134848,15513,5720940,134848
dba16dabcb024ca3,90991,81162219,138745,90940,81172938,138745
dba73dd678ee16ce,88786,78965975,141179,88729,78976352,141179
dbd9a0925889c2dc,26819,17009527,128957,26799,17026315,128957
dbe232ee579009b7,58091,48245208,140263,58038,48268744,140263
dc031c34ad3d2a04,56522,46682498,131758,56468,46699152,131758
dc0c2554bb14dbc0,111515,101702283,138874,111457,101713542,138874
dc0e95224416bdd8,56871,47045440,140145,56840,47056744,140145
dc4871079d6d792c,67543,57705343,140503,67490,57721765,140503
dc487989b311ae1c,44322,34483110,133889,44273,34505696,133889
dc639358f5e8eeea,83605,73743075,132352,83583,73782342,132352
dc6584a610054738,86643,76820880,132810,86582,76831150,132810
dc7ed7efc333db1c,102546,92723953,129591,102510,92733312,129591
dcb1b0f5150d7bf1,98722,88882668,142218,98676,88900343,142218
dcb3e8ab6aa97b1e,88065,78245042,131140,88011,78255865,131140
dcbe8d88feada6a8,53220,43397932,116807,53162,43407316,116807
dcccdcdd8a08e645,93287,83440774,131386,93262,83465384,131386
dce6a8240d08c989,12466,2640600,135934,12411,2651334,135934
dd2cff4527e6cce0,40110,30243114,134164,40095,30287591,134164
dd4bf1707247efc4,46675,36840034,130528,46621,36853024,130528
dd55e179144e953f,25906,16066736,147563,25853,16084215,147563
dd7a9bda2c2cd17b,30762,20922550,132400,30709,20939698,132400
dda3035425cc2c88,53158,43324052,131788,53102,43336122,131788
ddae4752dae7a3f2,35524,25682940,134079,35472,25701781,134079
ddbae8a0a6461151,109866,100025765,138631,109812,100044065,138631
ddbb7f320d85d625,10445,615068,137707,10391,625656,137707
ddbf267d4ad009fa,83361,73547551,104606,83343,73567899,104606
ddd3920d1b744d4e,81056,71242073,139070,80999,71252479,139070
dde1ffcab19dbcf4,37418,27581753,141919,37368,27595979,141919
ddeb4a32b1b6b1bc,74287,64444731,118176,74276,64465212,118176
de16e425a23fe1bb,77771,67921652,136560,77749,67948696,136560
de1774e3370a5d3f,115173,105345978,138376,115111,105356926,138376
de1f853f5378e8d1,21421,11562758,134429,21390,11598401,134429
de41a7be0d4018ef,94059,84222418,141755,94008,84237204,141755
de4e5bc38e5fe84c,46150,36322029,142979,46102,36333619,142979
de5344d76178e9d2,37547,27705355,140206,37496,27725278,140206
de57209e83f85665,93415,83563391,131961,93388,83592854,131961
de6c17a925028a9b,24449,14640534,134479,24396,14652318,134479
de74ab43502aa0ca,63790,53961736,139903,63732,53972898,139903
de7bd4595eb0969e,117410,107601860,136589,117356,107612865,136589
dea2ea375cb94087,19610,9780065,133325,19564,9790684,133325
dea555b4f4ca292f,43871,34000280,132878,43878,34061984,132878
dea7cbf27d683293,36664,26822678,134091,36612,26842186,134091
deae4356a7dff43c,100746,90842619,141807,100716,90924802,141807
def86ae9f3b67eaa,43807,33940240,132694,43816,33997635,132694
deffb37647123f21,103080,93245309,138420,103008,93257122,138420
df032b003f1033a8,29829,20021629,140464,29776,20032336,140464
df3c34af4862ff26,95681,85844819,142517,95633,85859828,142517
df73c4e5ea1ae34a,45565,35770510,363290,45539,35798318,363330
df831538bbd2f5fe,101615,91780794,130834,101559,91792527,130834
dfb5b06d0c94c7c5,10755,940899,138588,10696,951486,138588
dfc589f51e910eba,37770,27957629,110516,37746,27976311,110516
dfc96cc47cb02eb8,49520,39705948,100663,49506,39723598,100663
dfd1acf0b12b9391,16844,7000068,132980,16793,7022143,132980
dfd9c4021a4df381,12242,2407639,147284,12190,2420585,147284
e005d74877dba1ad,15294,5440541,136222,15282,5471772,136222
e00854f802932919,70720,60863000,133019,70689,60897610,133019
e020204698be9ae2,74385,64521643,130232,74373,64563525,130232
e02ca973bf375a59,118494,108682629,138933,118437,108694189,138933
e0350c63cb1f961c,36609,26799992,132117,36555,26812050,132117
e0536b678f337aa3,53524,43684355,142750,53471,43702517,142750
e06cd1c2a8f050a0,13226,3371464,121902,13227,3403434,121902
e08b924363d3b4aa,102761,92920969,131792,102709,92938790,131792
e09d44e58ac9c617,45999,36160959,135761,45963,36177630,135761
e0a100746a71d016,68969,59142203,141970,68916,59153516,141970
e0a2f4be5624048e,78154,68339856,127929,78101,68349508,127929
e0bbd738123a7e47,115296,105482341,138766,115239,105493617,138766
e0befdfee9e66c0a,112967,103130664,153423,112915,103146335,153423
e0cee71606fd4d64,94316,84482334,141155,94263,84494995,141155
e0efe263ad1f0b73,57928,48087949,138048,57882,48106372,138048
e0f7cdedba125b08,44845,35022371,144379,44802,35034163,144379
e1117bc184173add,71889,62080381,131489,71835,62091315,131489
e12bd16029d8a9af,14511,4683443,135729,14448,4693738,135729
e13026e723ce1efe,102954,93121848,137298,102885,93132579,137298
e133309dbcb0210c,53750,43966837,343333,53735,43994443,343373
e152e7d83a614d97,26719,16881531,140299,26665,16897080,140299
e1914f421ae08c58,117254,107442219,137786,117196,107452778,137786
e1c6f25296e3c955,38658,28821901,142509,38608,28837141,142509
e2006c140d0959e3,44814,34980325,132735,44771,34996655,132735
e213e55f7ef09976,106460,96602668,130239,106431,96637610,130239
e21d9ba13d4c12a8,77709,67841783,139947,77692,67886751,139947
e22c9961eefe7546,90656,80833286,139941,90600,80843854,139941
e2455f916fde01b3,9845,0,132232,9803,22529,132232
e24ff0f1103bf1cd,32909,23085085,161475,32854,23096687,161475
e26ff2caa2eb2af6,15692,5862191,146393,15644,5873565,146393
e283c223b5e41994,94967,85123500,133294,94913,85144470,133294
e289d598eec93838,77646,67777869,111269,77633,67822656,111269
e290f41e8ce95bd0,27402,17562065,131213,27352,17579272,131213
e29a02be2e4936e1,52542,42704910,138842,52467,42721471,138842
e29b782d8ebe10fc,81536,71669597,133006,81528,71714277,133006
e2e16c4ade665038,36793,26961905,143047,36741,26973774,143047
e2e71705301173e3,24941,15087094,123401,24918,15118862,123401
e2f14378cc607ef1,42794,32960508,133980,42747,32976803,133980
e320e30569deae7c,76019,66182852,131019,75966,66197149,131019
e32138c1bd487ad4,88186,78344694,131176,88137,78364202,131176
e3299345128fc02b,59684,49843404,130489,59631,49861732,130489
e32a62a7534a8fe1,55012,45120069,130096,54996,45189140,130096
e34c4c8aabb30229,40199,30342798,133768,40175,30377611,133768
e356f6275694992b,68787,58944441,142236,68751,58965641,142236
e357e5d695da3335,58155,48321516,139250,58099,48332681,139250
e3653704026128ca,42761,32924417,132887,42714,32940644,132887
e38afbdd18881a67,103017,93183187,139399,102945,93195175,139399
e3915422ae104f98,15931,6120492,135717,15876,6130611,135717
e3d49401754bc130,95281,85421032,132583,95261,85458592,132583
e3e22633ac7968d9,40317,30480490,133462,40277,30497735,133462
e3e88f0e3a07080d,68567,58720647,133043,68543,58745431,133043
e3f500b18baf8b34,110062,100206881,131236,110052,100239834,131236
e455454b56b96f82,92604,82782395,140485,92540,82792687,140485
e4714f8d35bcb86d,38142,28300211,132838,38108,28319638,132838
e47a49592cc37c72,22589,12780146,134171,22534,12791281,134171
e48a0495f5cc8b56,18046,8206106,140842,17991,8224238,140842
e492393ec8d60500,84970,75162350,140434,84918,75174788,140434
e4af77bed12f35e1,33666,23823025,133122,33612,23844032,133122
e4c29110c64ad416,50683,40845407,139349,50630,40861240,139349
e513a14070dd0a3b,104680,94843384,133705,104636,94857092,133705
e52e0f3f7ebeffa0,30795,20961955,143508,30741,20973247,143508
e53da0f397a517f0,31488,21640379,133337,31448,21666099,133337
e558caef4ceab0bd,85500,75640489,130504,85479,75677395,130504
e5741d417993fa05,80995,71181972,140236,80936,71192896,140236
e589cbcbfc22cc46,100866,91002929,143046,100812,91045532,143046
e5a5f8353d2865ed,24169,14340530,135332,24112,14351445,135332
e5b2d7176a815e13,70247,60422145,140690,70193,60433068,140690
e5c22b07462f7a5b,10319,480867,137853,10267,496810,137853
e5f28d8a6407b0a2,32844,23026546,168359,32790,23039041,168359
e5fa5f708568096b,46060,36220230,132433,46019,36238176,132433
e6084f7597ba1323,49066,39244668,138549,49010,39255121,138549
e60f2d7495b5c9ef,34749,24941538,141270,34695,24951760,141270
e6105bfda7b9ce66,52968,43125398,138834,52916,43149954,138834
e61402c959c22a78,13831,4000417,135738,13775,4010245,135738
e62bcde833ebb4f7,63046,53206883,142040,63001,53224755,142040
e62fdd328dc26cc3,103447,93606147,138337,103396,93624867,138337
e63a3ec3e215712c,98592,88783225,145179,98538,88794813,145179
e640dd359b6e2b53,59039,49201651,139998,59007,49217115,139998
e675bb4d85e3f627,109248,99422615,140499,109192,99433490,140499
e68836cc17626054,13146,3329589,87491,13147,3352826,87491
e6caf473d5163d89,101110,91306224,161614,101062,91319277,161614
e6d167ea6b60c562,31280,21420212,133399,31262,21457986,133399
e6d617ed5a103017,82824,73002360,142461,82761,73014066,142461
e6d8b200c748ac19,118041,108182694,141286,118022,108223845,141286
e6f310e152674a6a,21712,11900438,134276,21655,11911166,134276
e6f32e3ff45c7b8a,12714,2900185,135021,12655,2911498,135021
e72e576fc0f7bbd9,30204,20364913,138815,30149,20382858,138815
e72f85944b0eb661,45842,35982852,133428,45813,36019937,133428
e73bf7bd14341e05,33569,23722622,132483,33515,23746716,132483
e744c7fee2400507,28304,18481471,140551,28236,18492483,140551
e74a113f9c861258,19120,9260439,134685,19115,9298361,134685
e76c1db7d2766b02,41522,31682960,133562,41475,31702714,133562
e77fcaeff6437407,115672,105840767,130241,115619,105851080,130241
e7928f82ec631d7b,83761,73932872,144226,83730,73944481,144226
e7a23131a71b741e,36923,27085206,140749,36869,27101136,140749
e7af6be18084d4ce,48631,38801428,138964,48579,38813563,138964
e7b0b701787a7540,48111,38280042,129739,48067,38290261,129739
e7b6059c85ec670d,63535,53701752,139886,63483,53713469,139886
e7e00e778e4f1c34,29200,19315428,117946,29170,19376891,117946
e806ba2edcf99f33,74667,64816375,131671,74639,64845415,131671
e8148295f8f76fee,88316,78482244,140440,88266,78493810,140440
e81a7a9de86f0907,59555,49724762,158062,59503,49737150,158062
e82a96ec550215b7,119091,109262770,141362,119033,109273748,141362
e83bfba4bb94f08f,117132,107302538,138846,117072,107313782,138846
e83fffc19a776a6c,92697,82882326,140074,92639,82892815,140074
e85742b3fed04c0c,60403,50565341,139808,60349,50580723,139808
e8a0af5236f153a7,13387,3520013,133287,13383,3565227,133287
e8b69a14ef28cdf9,37738,27939123,347686,37709,27968908,347726
e8cb50eb88758592,73184,63345110,138755,73132,63362899,138755
e91821613fe8eef9,104149,94304979,118048,104143,94327095,118048
e9184e61cba4bc87,113063,103226457,129264,113010,103240572,129264
e93455a5818cbb1b,57560,47722184,131099,57485,47737860,131099
e97c4e40e47c2a5f,63821,53985454,140175,63763,53999210,140175
e99938b84a04d8f0,74194,64407642,346967,74178,64437695,347007
e9999f1474d743bd,15086,5269247,87071,15076,5293792,87071
e9a72a96ab3561e1,59069,49224985,138203,59034,49246733,138203
e9bc751a383c2aaa,50009,40165377,139773,49972,40187293,139773
e9c18445f443a6c6,36096,26240393,133344,36071,26274303,133344
e9c69b563b3f1358,96731,86886331,142524,96681,86909655,142524
e9d344554636db98,34007,24160533,135334,33978,24185078,135334
ea0f3a5fcf2f511f,35556,25720670,135280,35504,25733615,135280
ea497cda8fc8c88b,78905,69084528,138034,78849,69096405,138034
ea583306b78989f3,75987,66160667,130863,75934,66171051,130863
ea5bb078d5823ec3,114248,104402149,138675,114214,104426045,138675
ea62427f38b408cf,70435,60580102,130188,70417,60612337,130188
ea62a8f6c960ede8,114666,104825915,137976,114616,104844293,137976
ea68c7cc4178096a,97174,87320973,132598,97154,87352028,132598
ea6b643c73ea1e2c,83912,74082344,141735,83867,74093823,141735
ea78075df6b7785e,62772,52921769,138858,62751,52951169,138858
ea7c94b358fb63a6,69467,59622428,129616,69412,59645005,129616
ea9e644e070de269,86328,76495591,156647,86277,76508625,156647
eaac22246d32f080,80095,70261771,138358,80046,70273385,138358
eab0e726fcbc8370,33730,23900443,133373,33675,23910822,133373
eab94c91a30139d9,98446,88621004,133156,98385,88631280,133156
ead41eb0d16ebe31,29263,19360319,132872,29227,19440424,132872
ead5d414c0c11dff,27610,17801258,139619,27556,17812550,139619
eae9c5872abeb573,54981,45079795,129957,54968,45158496,129957
eaf35e69b5d48e7b,73379,63541832,138825,73323,63557235,138825
eaffc9c966fd882f,105140,95302186,138402,105086,95317471,138402
eb29517273d670ee,48599,38761138,137060,48547,38777241,137060
eb4fb25c4e247c37,52232,42342653,132895,52168,42409515,132895
eb5007e50ec19e3c,57837,48021478,138000,57791,48032326,138000
eb5668452c2f5c69,95346,85483586,133499,95324,85524003,133499
eb5d21e827508375,87587,77722868,132401,87570,77765342,132401
eb8c64a003c493f1,54637,44863278,337472,54642,44893845,337512
ebb126d61709497e,72139,62305500,139619,72085,62317243,139619
ebd3769ae4b220d2,117100,107264065,139880,117041,107278146,139880
ebd5e0ff5841aa9d,87858,78020813,132472,87813,78035778,132472
ebd85e2d719a354f,110498,100645301,137813,110460,100675828,137813
ebdca2b4bac855d5,116508,106682456,139650,116449,106692832,139650
ebea80cd390257d0,30942,21129508,112319,30935,21147027,112319
ebf8418e53972bde,72799,62960214,129936,72758,62975877,129936
ec07b94eae7a5645,102299,92463356,131494,102273,92476033,131494
ec0acad37914fbdc,27798,17965218,163305,27746,17978230,163305
ec0faf9232ec3e7f,117692,107862185,138500,117639,107873699,138500
ec107a45cf21c207,109703,99864540,140798,109651,99882293,140798
ec59a9998fe47424,118197,108345710,138634,118168,108375728,138634
ec5d482e5551791f,111828,101985832,138829,111777,102006930,138829
ec7f83dd1d6a23ff,19404,9542883,133120,19384,9582158,133120
ecaf53900a3607d1,109650,99840710,129765,109595,99851982,129765
ecc1f2a09b375363,69591,59762004,139975,69531,59772986,139975
ed06bc19aad1eabf,107191,97362455,140424,107137,97374091,140424
ed15fcbf7aa7233b,30298,20462701,133615,30240,20476537,133615
ed3a237d69668a7e,57435,47601652,140176,57366,47613363,140176
ed41beb0b5df5e60,12592,2760548,135345,12532,2770606,135345
ed69f7f22747c620,80523,70685544,139205,80474,70701956,139205
ed975b6d5637a631,40872,31040586,134742,40824,31056050,134742
edd9907395c2a44a,57145,47305409,139680,57099,47323109,139680
edf331d61af4239f,60941,51084787,139212,60909,51120009,139212
edfbbe1f1eb0726d,49098,39281963,137438,49041,39292914,137438
ee44a0b231ec4ed6,43775,33911599,132699,43785,33966193,132699
ee49e31e1ba5e4e4,88939,79101991,139609,88887,79117040,139609
ee6d96c00f72021d,59159,49325182,139937,59113,49336619,139937
ee7a9e5a589ee5dd,41973,32103262,135460,41986,32172441,135460
eeb131f1f75e5e6a,88817,79002375,140825,88760,79012580,140825
eed652e482be7e43,35654,25820501,134834,35601,25831208,134834
eed9c177a061ff39,35095,25261779,141097,35041,25273877,141097
eef4f5211f572791,103390,93582747,142888,103339,93593750,142888
eefeee67ae573158,61923,52101623,139166,61859,52112557,139166
ef22ee46badcd7b3,23464,13620007,132994,23425,13641768,132994
ef2cd3d0cbab30a0,117038,107205725,137258,116982,107215926,137258
ef96b747b2da7606,87649,77800966,132042,87627,77827315,132042
ef9d005dbb5ebe0f,56369,46560152,131538,56314,46570325,131538
ef9d014dd0f07b85,70900,61073937,140973,70852,61086362,140973
efa3fda9de7a4a33,11612,1760649,136664,11590,1789684,136664
efaac96360be874b,88413,78582733,141107,88361,78593459,141107
efb91faeb768edfa,50275,40461478,139532,50217,40472582,139532
efca079923e9a744,74098,64262580,143620,74044,64276740,143620
efcba15c508ba1cb,108296,98441048,131311,108276,98474175,131311
efda204acc323f7b,104098,94285029,104713,104093,94303323,104713
efed42fe56f05286,16154,6320182,134436,16100,6331238,134436
eff7c9964fddb46e,23668,13845704,140469,23605,13856547,140469
eff9d05e98ac3dff,41780,31925733,122453,41803,32026124,122453
f00100251414a2e7,63600,53761496,138428,63548,53778557,138428
f006711c09eded27,48437,38601219,137394,48386,38615777,137394
f00fda38853f61ef,71581,61745666,139765,71524,61760045,139765
f017a2e64c29884f,39470,29642008,141161,39419,29652653,141161
f0301ed2c7b45d49,91861,82041692,135731,91806,82052362,135731
f03f4ad5913757f0,14881,5045747,148432,14829,5059339,148432
f05bda015c520ea8,67415,57583793,150884,67364,57596211,150884
f05d8671f854ca19,52837,43001542,139174,52786,43015526,139174
f08121b77d0a0401,79673,69802169,129307,79668,69850778,129307
f08236201f157fdf,58977,49124765,138302,58952,49154654,138302
f083abb8902637e5,12775,2960279,135160,12718,2971112,135160
f093c83e9545f89a,43450,33605017,139637,43405,33633849,139637
f098600376111095,112245,102381850,136980,112225,102422603,136980
f098c6b2762c7183,12809,3000517,135138,12755,3011351,135138
f099917c59fd4f47,11844,2019095,124855,11791,2027838,124855
f0a9394851812c40,106610,96765361,139078,106565,96788234,139078
f0b0e90cb280b7c6,57307,47466041,140278,57247,47485369,140278
f0b9e39d256ac836,34502,24680044,131837,34443,24689573,131837
f0c4a94a44116cbc,68818,58981766,139181,68780,58997283,139181
f0c7422b7132da5e,75106,65202847,131453,75101,65284112,131453
f0d33ecf1b7a6204,72042,62205045,143278,71989,62220605,143278
f0d47811c5a4f2f3,55239,45381637,139978,55191,45417134,139978
f0d877e5108868a7,49218,39381271,137851,49167,39396652,137851
f0e6c58d1aaaf8da,66418,56604231,100265,66406,56621743,100265
f0f532d25e1fade3,76457,66641912,139038,76400,66653087,139038
f101af93c442d4ee,100722,90802211,139462,100697,90900203,139462
f11842ce2e4a418b,38354,28520272,132887,38303,28531714,132887
f11c3c4af423cb95,39224,29403551,139663,39158,29413894,139663
f1506d94a3da83c2,20257,10422848,133675,20199,10433997,133675
f15b82d0e3d21095,107380,97561016,130930,107321,97571985,130930
f179a1e80b0a1b12,24011,14180063,132668,23958,14190719,132668
f1912ffca2a1ab3f,13716,3880424,134599,13675,3894280,134599
f1a142928b4a9818,56554,46720297,132240,56500,46730791,132240
f1c32c78344cac04,84436,74602263,140755,84386,74614658,140755
f1c9b5a4d2947c15,61267,51444576,138023,61203,51455766,138023
f20bd7c2c3dca1c1,91201,81384460,83488,91194,81406545,83488
f2100c1f9b076a9d,36251,26400625,132043,36216,26428642,132043
f21dde5efe968a13,41245,31425711,140495,41194,31439151,140495
f24d99df5a3c95e3,76675,66889403,357677,76660,66919494,357717
f2681c7480b5194e,22183,12345270,132285,22130,12361013,132285
f27f38cfd43bfc3f,90926,81086113,140538,90875,81105000,140538
f28d1f08eda49181,79920,70073386,138717,79894,70098132,138717
f2a25461e52e68d2,10254,420574,136703,10203,432652,136703
f2a6a6df2da3c6d6,9927,81709,131333,9872,104496,131333
f2ae3f890922ef0e,15042,5254827,390196,15027,5287492,390236
f2bf5550014a035f,30516,20700172,133116,30459,20710672,133116
f2c10d35a3525e64,68694,58842411,131638,68665,58871090,131638
f2c761fc0ac0d2ea,65424,55587095,159719,65375,55603732,159719
f2d2a10bd3af2915,65301,55485162,139076,65248,55496332,139076
f2e6b07135da86b8,25260,15420242,134282,25225,15437901,134282
f2e6e46aa4c12d0f,23580,13760265,132380,23526,13770854,132380
f2f07a2e7203eae7,103673,93842257,139349,103617,93853372,139349
f2f4b895d23fcefe,108264,98400495,129394,108246,98441454,129394
f2fc79a0e1e5d8ff,24794,14960272,134355,24740,14971511,134355
f310f5601c2caec6,45468,35640367,132326,45396,35650577,132326
f3139d646ae81da4,23552,13721483,140470,23501,13732020,140470
f346ff3fe05f8001,116359,106522017,137163,116316,106537099,137163
f36cc5ff4b74cfd3,12994,3160373,136079,12941,3172448,136079
f36dc4f2f8da86b5,91152,81370628,356401,91139,81399928,356441
f3866831eca28376,34322,24481818,141892,34279,24500056,141892
f3ae71d9894c2012,96610,86802718,140302,96558,86814372,140302
f3bab700d2e14933,34869,25044647,158927,34817,25056167,158927
f3cc2dc93d95d64a,73035,63221551,137928,72983,63237495,137928
f3d53ee79b24bc23,32165,22289072,121710,32219,22342393,121710
f3f9ab140463ab5a,69211,59365162,138832,69159,59388636,138832
f40784674d6c8fd5,34472,24640288,132880,34416,24650104,132880
f413c6b402274452,94625,84802314,140225,94559,84813027,140225
f416d57411e56c9e,79768,69900414,130077,79758,69946649,130077
f4298ab12a20022c,38946,29103203,134532,38893,29124710,134532
f43932b1b51f04a5,37173,27344264,142803,37111,27355610,142803
f4443601ca08825b,15230,5378664,124336,15219,5407687,124336
f445c94cac8d3656,66936,57082347,130302,66896,57112933,130302
f44abdfcca8dd408,93572,83723696,134056,93534,83749433,134056
f488eddb543600f7,17353,7500009,132633,17331,7530105,132633
f49aa922fb30a28f,62327,52484563,138065,62275,52505383,138065
f4a6db5f8d8c3dc9,65902,56080543,132629,65841,56091463,132629
f4ab1d637c0206e8,63252,53441541,138618,63197,53453312,138618
f510e5e0643aacd8,62359,52521522,137581,62307,52537317,137581
f515f932e99e1b74,106699,96864604,130203,106644,96875887,130203
f52abbbb67f291a7,76365,66541742,138289,76299,66552317,138289
f52b25e50eb95855,106335,96480558,129568,106314,96512555,129568
f53723356a5e5804,83572,73720680,132010,83552,73750311,132010
f5562a7addc2fc30,118010,108142634,129740,117992,108192049,129740
f559ca8ce090ce88,118869,109028144,136590,118816,109046346,136590
f56850c9318afbc3,117977,108120689,129723,117960,108155467,129723
f56fa2aa776fd1b0,109088,99246059,140263,109036,99266228,140263
f56fc6beb382447b,84906,75085822,140510,84850,75096862,140510
f582efde6f20fb25,37886,28040455,134232,37862,28065427,134232
f5a92aa2f596bb06,29231,19337805,132570,29199,19408910,132570
f5c9f588c6b579d4,79706,69840268,130078,79699,69884233,130078
f5dc104ff7e59bbf,31604,21780197,131353,31549,21789585,131353
f5e0465a4c5bb5cd,41909,32043245,133395,41927,32107577,133395
f5e363bd2e14c1c7,71735,61920835,132635,71675,61931827,132635
f5f06109ec46b550,83942,74106190,141088,83894,74121134,141088
f60d3a0bca87399c,44058,34200207,132611,44049,34247334,132611
f62daa7d52b3aec3,52569,42741355,138481,52496,42752503,138481
f639f17a88e1ef7a,52201,42320042,130398,52140,42378813,130398
f64ad9ba0004dda5,109525,99705806,137554,109469,99716010,137554
f6667b04f60195d3,109587,99765851,140203,109531,99776738,140203
f668dcda8742f643,29580,19720366,133760,29510,19758755,133760
f68e316ecd3bcb61,32521,22660150,132976,32488,22699580,132976
f6a287081ebcad7f,66661,56800425,132068,66644,56838550,132068
f6a59ef1bf6e8653,75640,65823861,140449,75585,65834351,140449
f6b00a57dfdffca9,37111,27284919,144347,37051,27296385,144347
f6bbf8d8bd851d76,61547,51712170,158350,61494,51726153,158350
f6c9482158abbef6,100035,90182298,139967,100000,90214555,139967
f6d020eed581fb79,113343,103522079,137703,113280,103532696,137703
f6e4a2d69627db82,44971,35142429,144025,44927,35156949,144025
f6fd8336cf1403e2,92097,82260733,131667,92045,82274842,131667
f706e95762197960,59369,49561623,139063,59316,49572796,139063
f746fbaff42e6a55,46483,36640074,130308,46432,36660972,130308
f773411d7e61d67c,60275,50441673,139512,60223,50453471,139512
f785ec857b5ed033,119215,109385952,140061,119153,109396238,140061
f7922491c31c0d4c,103768,93944780,153205,103709,93957044,153205
f7c36432bfcfd991,51242,41401682,139711,51191,41420273,139711
f7db528a9e3a4845,62896,53042668,140267,62866,53074342,140267
f7e52fe7db8379e3,118347,108505531,138438,118303,108526006,138438
f8023f87882c2228,81819,71961827,139317,81796,71996749,139317
f8041cfd112008e7,118771,108945740,157992,118719,108958190,157992
f80852e58f48523a,27284,17439845,131362,27246,17462114,131362
f809315488461c06,66089,56282164,141195,66037,56293409,141195
f81658ecda911527,26589,16761830,141096,26536,16772794,141096
f82b8d5bddab9920,85781,75940759,132324,85745,75959001,132324
f8335fd19c138be3,89164,79325918,132557,89110,79342224,132557
f83c89684f465a62,78657,68825313,139620,78595,68836466,139620
f84dc0cbcfbe50bf,85058,75221918,139614,85008,75236799,139614
f850919907b6ca4f,110585,100745607,138851,110537,100763134,138851
f8737fc3fc965a7b,17414,7560075,133381,17389,7591767,133381
f87d41b77b97f952,44750,34921878,141806,44705,34933748,141806
f88b1f7e194d21c1,82763,72942664,143631,82703,72953846,143631
f88c39fdae8c9eb6,29859,20045081,139004,29807,20055149,139004
f88d67eea7203bb3,70658,60802925,131414,70632,60835584,131414
f8b682c5456cf86b,97365,87504812,133431,97340,87544090,133431
f8fadf75c7326a87,80872,71042138,139204,80814,71052279,139204
f900babd329fbbe0,53556,43720348,132481,53502,43733804,132481
f91e17609f822ba4,112086,102220501,128913,112072,102263631,128913
f92acd86b31895dd,75769,65961724,138709,75717,65972854,138709
f93924a5058c229e,92163,82325427,144523,92110,82341380,144523
f949a270e7a63310,73249,63422165,140827,73196,63433127,140827
f960106b2ae3643b,16089,6259824,131266,16035,6269601,131266
f96305fda6676996,45777,35922773,133054,45750,35955421,133054
f976f771dc29ec05,111796,101962339,139550,111744,101973621,139550
f97a2962f79df701,14357,4523468,134863,14300,4534535,134863
f9992fec12be0510,41369,31561625,140429,41318,31576985,140429
f9a21dfdede6d73a,103325,93503435,132806,103275,93513694,132806
f9cf2781b5e8736f,73064,63245027,139164,73012,63257066,139164
f9d46dd29918a73b,15326,5463443,135562,15313,5504393,135562
f9eac15bf9272861,35437,25620223,132924,35379,25630227,132924
f9efadc74c16c736,80370,70561915,138829,80318,70574619,138829
fa066aae4ecb3826,63944,54121568,138463,63880,54132370,138463
fa0cd7005231ed36,118105,108245417,137541,118083,108283498,137541
fa203d122d193b41,75582,65760547,131190,75514,65769987,131190
fa382915c19a0c98,31123,21260305,132389,31113,21300398,132389
fa3b5c11e12a8337,76083,66242131,128966,76028,66261092,128966
fa5199616d0f40e0,27895,18061273,139617,27841,18072390,139617
fa5547404dfe7c9f,24910,15066257,121429,24886,15086674,121429
fa7d6b127cd1efec,19464,9602355,133043,19437,9641779,133043
faac2e15abaf407a,39856,29990673,135187,39855,30034244,135187
faae3e113bca5065,94188,84348865,140022,94137,84366542,140022
fabe123fb5142509,59490,49661615,138301,59439,49672386,138301
fac064e24ff82c7a,73786,63963980,129756,73730,63974756,129756
fae04d18c520ad46,44718,34881826,141353,44674,34898997,141353
fae7dfb7c5569907,110946,101108996,158174,110894,101125290,158174
faf658f29641e02f,16689,6882156,144105,16636,6892888,144105
fafb2ca735f9e48c,23096,13227264,133178,23089,13274272,133178
faff717d3e0412ec,114057,104202657,129330,114031,104234873,129330
fb027f4d17f0facf,26404,16582350,131920,26346,16592423,131920
fb09bc630d6d431a,82885,73065632,139830,82828,73075851,139830
fb330ce11b0c0b08,52376,42522140,140469,52301,42554089,140469
fb4b34e688023eb6,118555,108742466,140068,118500,108753595,140068
fb4cd4b906e935e3,70689,60840550,132097,70661,60866083,132097
fb4f04505fffeb60,40841,31000860,136172,40794,31020396,136172
fb5c1910562c8183,23493,13660152,134045,23450,13670452,134045
fb7b2974f2d4518f,61643,51802503,131727,61589,51821345,131727
fb7c42924bc7a244,86425,76585887,140409,86371,76603045,140409
fb887984f0cd5cde,116630,106822221,137716,116576,106832518,137716
fba1e7fb3bf0122a,67511,57681624,139354,67458,57693428,139354
fbb327e54ae0ab74,35820,26006899,106977,35800,26023974,106977
fbc55e80d6d497eb,40170,30320162,132564,40149,30347884,132564
fbcb329354a6ee39,94441,84605219,131105,94384,84618493,131105
fbdf64487c30d82c,70279,60489140,348462,70257,60516592,348502
fc0fc7bff8268211,95409,85561109,132776,95384,85586415,132776
fc3ac87a7b448f5e,113845,104047609,339988,113815,104074573,340028
fc51e587ac5e5649,26938,17079937,132164,26918,17116482,132164
fc6289b9add55cf5,79800,69942291,141866,79787,69978421,141866
fc8039330587ddfc,18110,8281491,141998,18054,8293152,141998
fca0ba5cce745dae,53437,43620186,130956,53379,43630288,130956
fcb8df88be0a60ec,104946,95105302,138797,104894,95123635,138797
fcd63254c2cafc90,19785,9962629,133958,19725,9972560,133958
fcdb0d1ea70a181c,57025,47205091,139296,56987,47215909,139296
fcdbbfdbd2ee21c8,55099,45220086,130912,55072,45277002,130912
fcef30a75135744f,26435,16619940,132510,26377,16630368,132510
fd14a6592a347cc8,97960,88073445,143934,97969,88139222,143934
fd14ba4f219a8afc,41425,31584128,133368,41379,31607765,133368
fd2e1da8168e3be5,67669,57842061,141292,67612,57853747,141292
fd2f3e1d601ee8a5,11000,1164013,137316,10945,1178675,137316
fd4d008a82635d37,118407,108582586,140558,118356,108593785,140558
fd60ca3378be44ed,52514,42681422,138955,52439,42692518,138955
fd8191fba0fcd2c2,23406,13560289,134274,23374,13584544,134274
fda7cf618afe2bc5,22403,12580172,133702,22343,12590828,133702
fdad1e551faa41de,97302,87443616,133095,97280,87480670,133095
fdb760b6b94b6eba,97896,88026334,132668,97909,88074179,132668
fdb902d041a197a8,116389,106562303,138189,116343,106573721,138189
fdc8146e5266906b,101736,91920874,131295,101675,91931495,131295
fdee80376003f1bd,56586,46786021,332831,56554,46813379,332871
fe009395dbf998f4,18890,9060095,133090,18837,9071273,133090
fe018616eb8eedb8,62391,52561551,138554,62338,52573373,138554
fe08f673d0ade97d,73315,63481668,138650,73261,63493173,138650
fe254d1cc128db13,65210,55401659,137667,65156,55412570,137667
fe269fc0faa88efa,55071,45182455,131092,55048,45248759,131092
fe4bb9d52e1cf9ce,62709,52843625,140755,62690,52887129,140755
fe507118a6711ffb,71078,61262331,142185,71016,61272851,142185
fe5dc2b5ea29c237,118615,108802232,138383,118560,108813252,138383
fe602ac861aa1516,35253,25425784,142235,35193,25437277,142235
feac0cac80456117,113467,103645494,137326,113410,103655944,137326
feb33ae5dd715551,77087,67223395,128235,77064,67264810,128235
feb8c4915c87c9dd,15132,5290917,127872,15123,5309911,127872
fed6ea76e07e92ef,55294,45443558,130308,55239,45472377,130308
fed8e433b00b5c1d,61032,51185060,137631,60992,51210208,137631
ff2ef55c4b230189,15751,5923486,134823,15696,5934139,134823
ff34226bbd14fe75,82416,72581906,139548,82365,72594292,139548
ff41e2699dcefeff,37854,27998460,122168,37830,28031570,122168
ff4a3b21274af974,17383,7522507,133232,17360,7561187,133232
ff59e6f02d33de97,70870,61042222,140697,70825,61052657,140697
ff7d8c58c14e4131,16875,7041958,144552,16824,7054220,144552
ff8112c297d86415,106175,96320551,129446,106158,96352777,129446
ff8270c7b9911cb5,54138,44280050,129548,54117,44315135,129548
ff8d09d49e85dcc9,24043,14202980,135796,23989,14221159,135796
ff9211137805ebf6,38723,28881381,138376,38673,28900953,138376
ffa47ce178916d80,46953,37141668,140018,46896,37152906,140018
ffc9bddba551ddca,55520,45702160,130568,55466,45712017,130568
ffce827f955b0a83,90530,80702064,139920,90480,80713534,139920
ffd84a5f43ef0053,21683,11860173,133923,21621,11870588,133923
ffdef80264a5d6ee,90958,81122069,139103,90907,81136491,139103
fffc03e0dd5dedb5,100528,90597387,116542,100537,90704141,116542
