content_hash,rtsp-0_pts_ms,rtsp-0_arrival_us,rtsp-0_bytes,webrtc-0_pts_ms,webrtc-0_arrival_us,webrtc-0_bytes
000592c4685bb13a,101544,91661771,130710,101442,91673493,130710
000df81804596dcc,62561,52702234,138329,62414,52714499,138329
001060fbf8e3d020,102442,92583301,140899,102304,92595665,140899
00209ee60382a072,92448,82573806,136969,92322,82586537,136969
0020cc1ac95dca00,20783,10925092,138804,20635,10935050,138804
00431aaaca85b06a,35564,25701945,139692,35430,25714973,139692
00bf2661163a03a3,88681,78822663,138852,88538,78836313,138852
00cdb601dd05c0eb,17990,8120016,128967,17851,8129255,128967
0108ae63c61e55c9,20966,11120093,129966,20826,11129229,129966
010b913f40a61c59,116770,106862898,137270,116641,106878275,137270
011eed3498234270,114295,104443698,129749,114158,104454782,129749
01334000dd497d96,103313,93431119,131799,103214,93442630,131799
0138751fa6ab3414,99758,89866550,138447,99646,89879484,138447
01388967fc40c5c9,16622,6761580,137848,16481,6771331,137848
013f25575bd5e840,16181,6325029,139625,16034,6334788,139625
0151cfde038ac20b,100327,90466027,156577,100201,90481733,156577
01776fe316cd76df,67659,57776997,137784,67487,57792602,137784
01909be1dbd50c33,53499,43611796,115026,53413,43624099,115026
0199f019744269c7,112028,102162871,136544,111874,102180152,136544
019c801199ca93e7,37586,27721966,139254,37452,27735180,139254
01a6beb615385cba,64227,54364975,154026,64093,54378027,154026
01abf9188a409b9f,106259,96386394,139087,106115,96397468,139087
01ac3002b31559ec,35380,25540278,129431,35242,25554072,129431
01af8529e8e5dbda,116443,106562674,130899,116385,106574197,130899
01c225a977ce8840,114819,104941914,130291,114711,104952513,130291
01d202a448b72ce1,19068,9201175,136598,18934,9211235,136598
01db9a020e376335,87655,77802971,137229,87508,77814618,137229
01e3f76f99928b0b,85227,75362310,136548,85093,75374612,136548
01f036aff4c874d6,55525,45620465,129069,55450,45632295,129069
01f74c7d2d8cccd7,59143,49282126,136887,59010,49294384,136887
021545d4c17caf54,104493,94626456,138286,104348,94638125,138286
0215fb1794ad8a36,78628,68743073,141411,78534,68755832,141411
021bacaa302189fb,81570,71706239,139647,81424,71718503,139647
021d0eb9068dc1b5,27460,17605309,139937,27315,17616953,139937
02412b3e7d89c207,41846,31985488,139889,41722,31995306,139889
025681e5e3e64f52,35660,25802405,142657,35525,25815822,142657
026056c1db10fbe9,84687,74806833,138227,84561,74818996,138227
02636157bb59d9c1,96670,86802609,137310,96531,86814017,137310
0264cfed28519866,69058,59175882,131713,68988,59265275,131713
02b7a93208c65c12,88740,78882611,138294,88589,78894502,138294
02d6e156245f7da4,93617,83709368,129986,93557,83773069,129986
031c9552778fc61e,64009,54162648,137083,63869,54174592,137083
0339a58f701e7196,65965,56120936,130989,65825,56132289,130989
03627a6d7f3991a9,15317,5444877,138904,15181,5454901,138904
036e3cecbfcd3ae2,81379,71506307,139595,81243,71518579,139595
0382f97eff15c5e0,39731,29864999,137997,39592,29877631,137997
038a78ba6338494e,67301,57358080,112956,67235,57386283,112956
039053f4425a3bb4,106096,96226731,139375,105959,96237786,139375
03960aee4dcdd851,117011,107146413,138399,116856,107156609,138399
03cc726185c85945,52772,42921957,138121,52627,42932103,138121
03cc94fbf3cb31c2,46211,36366022,99298,,,
03d928cdad6e925f,32186,22341979,139378,32047,22354039,139378
03e8a14e92617d00,14882,5025164,137140,14736,5034924,137140
03fcc3624fa6c10b,118699,108826883,138569,118568,108836767,138569
040b0aa199e97907,19676,9782664,131672,19569,9793336,131672
0418b1bbaf1dce2a,105434,95541737,130797,105351,95553857,130797
04249b8ad3e6ca4a,64849,54980479,128027,64717,54991050,128027
04423c59b743ba83,82383,72490325,130452,82298,72501113,130452
044cc47a85d8d357,85817,75946162,139295,85683,75958450,139295
045faf6e479df6c1,113859,103983970,131285,113723,103994756,131285
046886e6c4c86b22,95716,85823597,130380,95648,85834309,130380
046a26603d6022b8,119142,109266659,138076,119006,109276330,138076
046d79810525323f,110516,100663460,140405,110370,100675231,140405
046fb974ca9bd1ea,53366,43556089,387947,53272,43587810,387987
0478a998cc075aee,15382,5521400,137048,15245,5531511,137048
047a4f76418376d7,95838,85963220,140832,95746,85976734,140832
04845c003c175e82,106513,96646235,138469,106360,96658353,138469
048fed0241696e67,50708,40862031,137990,50566,40872014,137990
04a78a8d02dc1ab6,63775,53900892,130442,63633,53913110,130442
04ae2607fd9bf56e,23533,13661926,129055,23420,13672153,129055
04c284d31ca46a8e,94183,84333304,133780,94035,84344598,133780
04cc062c83dde77a,97129,87262906,138761,96993,87274033,138761
04eb87ac12ef0d0a,61728,51842610,130281,61603,51852981,130281
04f0e79fbe07fc05,33360,23521762,138477,33223,23534620,138477
0504e5296d0db31d,35882,26022202,138584,35737,26033319,138584
05108b026cc8c0e7,93585,83687440,132591,93527,83772261,132591
0521be3575b75859,22334,12485085,138069,22194,12494368,138069
055fdd87ac5b38c4,65733,55860597,128753,65591,55877402,128753
0569640bd15e6532,38370,28500480,130873,38235,28511040,130873
057335ca68a2c9e2,52180,42325546,137922,52037,42335402,137922
0574c47a9a871ee0,18198,8344779,137584,18053,8354076,137584
05a0449a23523209,57517,47601965,128198,57442,47627639,128198
05a94b44794c85aa,84627,74741082,129391,84511,74751724,129391
05b0693291e142f7,104856,94986412,139182,104724,94999080,139182
05c613f456dc5966,37125,27261961,138802,36967,27273955,138802
05ce8c560782fdff,24151,14291221,129057,24015,14300165,129057
05d28f65c3d7f8f5,114721,104846149,115063,114614,104856549,115063
05def5f7b2b48150,118391,108483943,130723,118299,108494106,130723
05e74fc726acfc83,82576,72685390,141529,82477,72696897,141529
05ee660719399d7d,28816,18920024,129501,28729,18931554,129501
05ee7dcf811d299a,34612,24727415,131667,34525,24738133,131667
0605654a714b5bec,14598,4724717,137091,14462,4734693,137091
0606833d0416b5aa,81848,72002460,138131,81710,72014959,138131
0621d4b1f5afd822,44332,34454192,94645,44219,34461513,94645
062bfa114b657a76,98531,88662828,137815,98392,88674195,137815
064be3d2976fd5db,19515,9632757,130584,19414,9642133,130584
0675f6fd81d9661c,70438,60585773,137736,70299,60597438,137736
068ec28dfd3e8cd9,107728,97861285,127950,107590,97873251,127950
0696ac79accfc855,88889,79041550,131869,88747,79053395,131869
06ab1bdce65c77b5,116475,106584716,130662,116414,106595416,130662
06b2f3b4ef476233,57938,48065570,138013,57789,48078375,138013
06d3482bfc337b70,83530,73662458,137479,83390,73675186,137479
07357cb23c540498,71211,61342700,139366,71046,61356925,139366
0738908e153e4ff7,78933,69073868,138060,78788,69086623,138060
0750d28908a3b14b,69090,59199633,140822,69019,59266332,140822
0780cba2a381b5d6,58170,48325093,137339,58037,48338885,137339
07841d5904956f19,116507,106606909,131032,116444,106617097,131032
07981f380daf01bb,28460,18585077,139241,28333,18597085,139241
07a2135a202146d5,61513,51620783,130369,61421,51632011,130369
07d2f934c4fd248e,49617,39742802,131223,49481,39753181,131223
07d55998b7c4abd9,86588,76701270,130882,86481,76712690,130882
07e6f7d70a93009e,39446,29581351,136299,39313,29595476,136299
07f571c11300ad20,20502,10641931,139502,20364,10651769,139502
07fe771ac057ec16,69219,59322404,138315,69140,59337014,138315
0801115e6dacfd91,84893,75042628,137659,84744,75054807,137659
0831d7f476c22cfe,84834,74965823,137221,84679,74977405,137221
0834d6f257a20be1,85387,75523678,138158,85250,75535448,138158
087e388a5175a9bb,56783,46925386,137913,56641,46938446,137913
08890c382f42b759,13360,3501506,137798,13225,3511926,137798
088ac5791c6c7108,116902,107023459,139317,116729,107033472,139317
088af29534f2b292,30316,20444996,138537,30183,20456203,138537
0891e73a28f4bf17,91035,81165718,154809,90904,81187199,154809
08a2f3007d5d73ff,92295,82401497,130835,92191,82412601,130835
08a352c8295fc605,38175,28305298,138204,38042,28316708,138204
08b297f97b6d4e34,80489,70600929,129605,80393,70612770,129605
08c3339d043b2c99,101822,91962922,138841,101682,91977230,138841
08c5b7c5c9260da2,15941,6062062,130314,15816,6072253,130314
08cda246c4ff3451,77031,67182668,139588,76885,67196302,139588
08e46b60b1f98330,99992,90126383,137924,99830,90138387,137924
0913f2d0c1bbfa98,14380,4541472,138481,14243,4552016,138481
09396464624e2590,20188,10341594,138618,20044,10351406,138618
094824098c659194,97644,87743408,130052,97561,87753918,130052
0954dd13e61da225,52649,42782432,139829,52511,42792399,139829
095660fc61c095fc,80917,71062625,139205,80767,71076613,139205
0959784e2c318692,39542,29681793,138626,39409,29694229,138626
0987e8c2e33d611f,119524,109663547,140338,119376,109673890,140338
099162b3d821cc87,83274,73402538,137481,83141,73414310,137481
09995fb853ccf802,21281,11419013,138303,21142,11428841,138303
09a0d0346ea46621,39315,29445342,139443,39156,29460357,139443
09ab480a6587248d,14789,4924098,141260,14648,4934073,141260
09bceebf7ff0d90a,117602,107743337,139548,117460,107753879,139548
09d821c88365fce6,76291,66425448,141824,76156,66436968,141824
09e2561a04605255,101608,91725224,141318,101500,91738075,141318
09f3cb62962ed431,25946,16081547,138089,25807,16091616,138089
09f71faa3891ece5,84535,74641225,129110,84430,74651703,129110
0a3185d37095df86,26858,16960132,129410,26762,16969718,129410
0a34dc22ad92925c,79826,69985739,157482,79690,70001678,157482
0a3ede823259321e,50958,41085456,137998,50822,41100178,137998
0a3f9716f0715a89,57674,47780800,129489,57583,47793345,129489
0a41e37eaf27556e,58288,48428565,154271,58156,48442037,154271
0a5adfa7b91ae0c3,61545,51661034,130668,61449,51674047,130668
0a98d835b585bbf6,90242,80330679,130256,90167,80342093,130256
0ab6dff5aa5f08d6,67501,57582997,129725,67366,57594995,129725
0abaf4b772667b1a,17680,7799990,129717,17572,7810119,129717
0adf935b77686a15,25184,15260559,132091,25078,15270132,132091
0afa49a8588dd436,110761,100881882,132068,110597,100893029,132068
0afcd7fb6209254e,40537,30660189,128963,40390,30672831,128963
0b03de331b09d73d,67554,57663141,142410,67397,57677206,142410
0b371d9e31582359,64481,54622055,137144,64340,54633219,137144
0b388bd2c2317e1e,51272,41421944,138532,51124,41432179,138532
0b3ac64b008fe4c8,37810,27945785,137969,37671,27957608,137969
0b4c42c88acc8772,117475,107606722,138999,117338,107616343,138999
0b4f9eba65b591b0,112157,102301654,129188,112003,102313986,129188
0b543ece2d43c5e2,58451,48585377,137755,58316,48598144,137755
0b557d8aabf702b0,27706,17842815,136884,27573,17854477,136884
0b5e56a1e9415127,61386,51482838,129617,61301,51494144,129617
0b63e9e1f51c62e8,86272,76388689,131035,86191,76402405,131035
0b6e1dabc6d632be,54446,44581966,138484,54315,44592732,138484
0b706d2de7186b0d,15509,5664877,102545,15403,5686370,102545
0b92b449c5e75a17,51365,41522279,137993,51223,41532178,137993
0b9dcde58ecc5fd7,21152,11286826,137785,21014,11296861,137785
0ba85b532e2e03ae,96763,86902706,138083,96619,86914773,138083
0bba90ac9ae16d91,23181,13340044,128872,23044,13349934,128872
0bc0cd5500430093,11758,1860055,130009,11658,1869167,130009
0bc3817e71cac2db,20628,10761642,138566,20485,10771438,138566
0bcb925bad96ac3f,47953,38020457,129986,47870,38031206,129986
0be019c2f5eddc54,110362,100503315,139243,110224,100514541,139243
0c8d990b030dd01b,75261,65422424,137128,75123,65434598,137128
0ca7a59bc640ac59,112222,102361495,128868,112068,102373391,128868
0ca97ac56cb82a4c,91813,81943819,131550,91675,81956017,131550
0cb4a29e267e1815,104304,94443028,139248,104167,94457920,139248
0cb944b2af67c0ea,57910,48042163,137635,57768,48058774,137635
0ccb54bc94f51dab,47832,37922646,129269,47775,37934441,129269
0ccfb65bc73f311c,23905,14060311,130702,23769,14070231,130702
0cd9a0a3ab224c22,41003,31142039,138927,40882,31152256,138927
0cff7f21e1c1cf41,109890,100043432,139863,109746,100056029,139863
0d45ce596fb71efb,71694,61825474,136996,71555,61836552,136996
0d4b56b3ac9725dd,101204,91343503,142084,101068,91356564,142084
0d52324000c34adc,38757,28860383,130255,38661,28871974,130255
0d930d24fb7b7e75,63832,53965915,137731,63678,53979597,137731
0d95d75ffd85f832,99542,89641811,131441,99457,89653458,131441
0d9d7e2bda6e966a,13937,4042415,130570,13823,4052868,130570
0da4f2985995bf0e,77715,67862710,139953,77580,67876061,139953
0db00d0ce545e1b7,66408,56541750,132140,66271,56553419,132140
0de5b79dab4e9b5e,118757,108883522,140476,118614,108893061,140476
0de6315dd2640a42,114421,104581742,130329,114285,104595718,130329
0e1bf5173c47257e,88063,78202748,139254,87927,78214238,139254
0e27ce6f516ad1a2,23659,13807041,138660,23542,13817717,138660
0e3a1621e3fa6240,107580,97705914,130144,107470,97720184,130144
0e3fc491db226d59,25295,15401998,140665,25154,15412919,140665
0e4c5d0f76459f92,65162,55316525,95944,65088,55356813,95944
0e55b9c47e2f1264,13968,4080260,130923,13849,4090305,130923
0e64ac3487a5e93b,22689,12821653,139119,22557,12832163,139119
0e84e8b2cb5d6410,34899,25020439,130621,34793,25031967,130621
0e8faf9a9efb38af,60063,50222180,136641,59933,50236849,136641
0eb52b60f38736a9,36221,26345169,137593,36088,26357213,137593
0ec0b2029ad39c86,100643,90782761,137437,100503,90794893,137437
0ec920761f1713bf,96074,86222970,139054,95924,86235004,139054
0ed49c7ddcdc909f,107993,98146255,139427,107860,98158166,139427
0edcdc93628a6d1e,80172,70306257,139053,80041,70323948,139053
0f05771a05e1e486,66121,56247953,160942,65991,56269102,160942
0f1a183cb67318f3,99029,89182214,131836,98894,89193562,131836
0f6059d30970efeb,106882,97006488,138436,106746,97017877,138436
0f62869082b5ee93,22363,12530210,185947,22233,12543405,185947
0f7fe3bd8306fbbc,67390,57460560,127988,67297,57473379,127988
0f92aeb2effabaa3,80267,70448782,342435,,,
0fbd0316791cf662,103281,93408771,130360,103182,93424997,130360
0fd72be70a816263,14662,4801493,138555,14525,4811121,138555
0fd7f131225d265c,49649,39781027,129930,49511,39791019,129930
0fda39c02f971588,18947,9101490,138422,18806,9111999,138422
0fdf7cd8b1f0de85,114357,104505756,141889,114220,104518449,141889
0fe92680afa77139,60633,50782078,136812,60485,50795868,136812
1040b5032314c6b8,107425,97541611,128892,107336,97554623,128892
107255311734eae5,100887,91042878,138624,100751,91055426,138624
107811c1f384f84b,11822,1921558,130452,11720,1931197,130452
10c1b7c01252ce0e,111544,101681839,129951,111383,101693266,129951
10ecd3fbbc7c3ee4,91716,81843548,130316,91580,81854768,130316
10ee076d797de4e4,109686,99823730,142108,109535,99837315,142108
10f6e4f06b0794c9,105115,95246384,138947,104980,95258446,138947
1105ddfcb6ee91f0,50461,40605625,159446,50318,40617913,159446
110714221eabf8a9,73778,63922427,138285,73632,63934554,138285
1147d8dd931da417,55008,45164565,138151,54870,45175561,138151
11522aee828b34dd,16686,6821146,136740,16541,6830884,136740
1174dc6ee5a163ed,44587,34663084,129274,44447,34672933,129274
1175c3415dadf587,58200,48362125,137654,58068,48375177,137654
11848a0f9eb2809a,53335,43472739,138366,53197,43482861,138366
11932f80eb341ab3,43359,33488011,136763,43222,33497642,136763
119cad7eeb5ffb4b,75479,65608292,137791,75344,65620183,137791
11a663607c8f208e,56280,46441992,137795,56150,46456852,137795
11d3ce545f26dd59,51636,41740566,129553,51571,41750987,129553
1203658e70d11fe7,85194,75337862,159128,85061,75352438,159128
1209f1cc28017018,47174,37305858,138919,47043,37319203,138919
120dd9bc350d7fcd,30790,20911655,130034,30698,20924780,130034
12101f109d0924bc,32401,22541999,139810,32269,22556001,139810
121f8face3d8d735,34645,24760350,128467,34557,24772490,128467
123fd2c5ee2e9fd4,36286,26421575,137830,36152,26435866,137830
125a9c5f255758f2,31250,21401976,139162,31104,21415065,139162
1268da6e96042ed9,103661,93782963,137471,103539,93794421,137471
1271538a0b2ab46e,72767,62862760,129214,72669,62878280,129214
128266c24932d345,23721,13861693,138764,23601,13872103,138764
12906fbe66a6ce7b,116688,106762122,130573,116586,106773048,130573
12a0b78750356318,62497,52625191,136058,62354,52636722,136058
12ced3c8c309f9aa,44196,34321616,118256,44084,34330316,118256
130051300571a02c,94550,84685635,141608,94414,84697989,141608
130a4489acc9ca37,116743,106834312,138012,116624,106851609,138012
130b4e68a0f26c99,35692,25825841,138672,35556,25838015,138672
131f061f245234c9,83024,73182489,138225,82885,73195909,138225
132b855199fbeeda,65936,56083138,130217,65796,56094547,130217
132dbc8a6e099b3f,78087,68222247,136544,77957,68233548,136544
1332546fce299aa5,79888,70043052,139184,79757,70056176,139184
1333998a26975e6d,110485,100626518,138180,110341,100639353,138180
134f45902d5250ff,96381,86509534,158626,96250,86524561,158626
1356e9fb67106597,76941,67082464,138079,76801,67095519,138079
13785b317b11debe,63979,54125543,138652,63839,54137465,138652
13789219f4922bc6,109744,99883348,140597,109586,99896531,140597
1378cc0ad065584c,41907,32061964,138768,41785,32072744,138768
138d692cc1db2540,98659,88803210,139590,98514,88815399,139590
138d8d24fe7f8488,61844,51981754,135432,61695,51992473,135432
139cfd9f5fe4b9a6,53564,43663031,130007,53476,43676715,130007
13bcf2e2c6689693,33001,23120149,129584,32893,23131672,129584
13bf66f13c598865,24909,15014422,131406,24850,15024039,131406
13c60cde97b71f63,80236,70366198,139602,80105,70378346,139602
13d4f03de69286d3,16092,6224125,141017,15947,6233612,141017
13d9516752a175c5,93836,83942850,139228,93747,83955465,139228
13d990c36473c155,35467,25601566,137023,35333,25613448,137023
13e371a5bbe380ac,75317,65445889,139211,75183,65457959,139211
13ee922b064a8501,42088,32221987,138814,41938,32231224,138814
13f22e5bbc5dca85,15972,6100087,129834,15843,6109125,129834
13fa2e66f64e7fe1,117879,108026556,138490,117738,108036520,138490
141575fb7f722f27,72860,62962929,130258,72752,62975127,130258
1416513bc7cee88f,36066,26221895,139154,35927,26233114,139154
141f77e1954f6e44,105240,95365166,114439,105164,95408437,114439
1424032cb7a274e3,109715,99845486,128871,109558,99856014,128871
1429435155118b4e,103721,93846063,138124,103591,93857791,138124
14298af8738b40b3,73935,64082567,140129,73784,64095032,140129
1441e43c4efca309,80709,70834642,139650,80594,70847276,139650
14510c6bcb20554d,100704,90846233,138463,100559,90857734,138463
1455a66dba73b049,68548,58700655,129103,68403,58714237,129103
1475563d0c43312b,118422,108521896,131071,118328,108531806,131071
147d0b86b5628007,78403,68531742,128972,78318,68625879,128972
14a6b6cf0cb5b45c,41434,31564991,138570,41275,31574567,138570
14eb7f508f42556f,12483,2642006,138814,12347,2651637,138814
14f88261f37a3869,47430,37562572,130166,47293,37575993,130166
1503395fcd67d7cc,98034,88183006,138383,97884,88194986,138383
150d93635dfe7b95,21755,11802710,128972,21681,11812267,128972
152c0dd5f8a8423f,15721,5840039,129553,15612,5849246,129553
15467f84dfae8312,52835,42981907,137343,52684,42992129,137343
1549935cdd2e9cfb,108967,99103002,138584,108834,99115789,138584
155e042cd6743085,56401,46544418,151613,56270,46559311,151613
1569a576d43f1b48,49023,39165328,136686,48876,39175118,136686
156c90aa5462b42c,117040,107183549,139888,116885,107194149,139888
1583c3c701563288,97452,87569607,130956,97381,87596401,130956
158a99b968969e13,16428,6562196,142337,16291,6572831,142337
159f05eb4d8fa40e,62837,52985564,138205,62701,52997943,138205
15a01775b8884555,100612,90746535,136321,100474,90758366,136321
15a0b2c701e40e8b,87057,77186224,137267,86924,77198871,137267
15a49b3e41edbb7b,76259,66401451,130987,76125,66413293,130987
15aac86488d34d3b,59677,49800412,128088,59580,49813575,128088
15c132befd763614,44956,35085528,137121,44793,35095371,137121
15c1cb98023f0b74,66837,56966071,138373,66702,56978229,138373
15c44a7cea1bd55a,116797,106886343,138273,116659,106896522,138273
15f258addd21c618,40134,30262217,140230,39969,30273193,140230
161e287fb2406b8c,27344,17481686,138662,27182,17491608,138662
164570941dbd1f23,95684,85801556,130099,95620,85813637,130099
1655662f93a9dd97,29186,19305340,138860,29053,19317833,138860
16958d3281c2b214,17869,8000210,130249,17746,8009439,130249
169b83450764936a,90813,80966476,139174,90677,80978495,139174
16b9cfdaf9a6c656,48094,38185514,136002,47964,38196923,136002
16bce48b39d63854,67884,58046107,157959,67749,58059588,157959
16ccb44fd05fe86b,66056,56183423,130613,65926,56200820,130613
16ccd0e87e028960,24345,14483221,139668,24205,14493007,139668
16cf2d7648819017,117664,107803427,139632,117518,107814010,139632
16dddfb0a2fb743f,87998,78126169,138713,87864,78137465,138713
16f8d262b310663c,102786,92943188,139689,102645,92955802,139689
1701a8be8c1ae4a3,83837,73986330,140358,83698,73997964,140358
172d80b7bbf3cb8a,40036,30168727,159067,39877,30181351,159067
173350c4a5d8791c,113047,103137085,130974,113002,103150360,130974
17462535ea92d3e2,87747,77902649,137812,87610,77914338,137812
174f5ed89cd4f3cc,60601,50741916,136473,60454,50754798,136473
178a24e3c733a8da,101075,91206308,138638,100942,91218994,138638
17933377aa3b9b08,106291,96423283,140317,106146,96434673,140317
179bcb4deeb38439,55428,45552486,113297,55354,45576680,113297
17a9731d771baffb,56037,46181871,137440,55886,46196863,137440
17ad8c3729aed666,76882,67005992,139330,76752,67018949,139330
17b31632040ab830,110299,100443175,139335,110164,100454908,139335
17b4d9c7674d4a50,22559,12685687,142040,22431,12695809,142040
17bff7c0711faa41,96700,86842881,139380,96560,86856429,139380
17e870862c212074,32466,22601874,139279,32333,22613183,139279
17f59e588460c6e8,100674,90822860,138011,100532,90835593,138011
180a5ef4cb404c6b,83654,73802844,138529,83508,73815080,138529
180abd00de2379d5,23935,14082519,131582,23795,14091376,131582
180b4ccde8edb930,63474,53580814,130616,63384,53592615,130616
1824b9aec90f91ad,97008,87162978,138297,96873,87174915,138297
185e1ccf3f8991e8,33923,24065060,137862,33774,24077297,137862
18be4dedeea89ef4,38208,28341779,138277,38075,28353768,138277
18f78075d64c7846,70697,60810931,131893,70642,60823682,131893
191d8366cd919505,116157,106303472,139207,116012,106313372,139207
192af65ae2d9aab1,46099,36225080,138543,45968,36236060,138543
194054742799653e,111905,102062094,130089,111764,102072734,130089
1956210ef61a34ec,46484,36584470,141968,46389,36597447,141968
196804224bfb161b,111166,101282020,132234,111019,101293983,132234
196aacd75678bd7e,44364,34474937,122463,44250,34484339,122463
196df077d19c1d78,12520,2681915,141198,12384,2692199,141198
1986ba1c9af94295,10814,943877,142056,10677,954519,142056
19aef382c9dd9963,45443,35582025,139295,45305,35592263,139295
19b2d40094d18fbd,71350,61501302,131971,71202,61511916,131971
19c13064cda79c51,27490,17641845,138189,27345,17652938,138189
1a10fa31bd8b4ea2,80585,70702660,139022,80484,70715119,139022
1a1867fd8e81111b,12706,2840115,129705,12568,2850063,129705
1a7b1cfed4148080,56466,46602056,137891,56334,46615278,137891
1a7c7d27cccad162,25851,15980462,131246,25715,15989782,131246
1a8d4b1bdc975979,98467,88602855,138684,98329,88615074,138684
1aa4f170419ff446,58673,48822020,138015,58530,48839528,138015
1ab0181e415c495e,85512,75662909,139186,85370,75676467,139186
1ab88ec5794c17f9,60881,51042652,138243,60748,51057433,138243
1ad1bfa54cf3d8de,52680,42822098,139424,52540,42832935,139424
1add45539144b961,104801,94962904,138346,104665,94976477,138346
1aef12ba23550291,38630,28722360,130570,38546,28733247,130570
1afb3103085fc22d,20566,10701469,138069,20425,10711400,138069
1afc654c5f8b4479,73522,63662226,136901,73387,63679534,136901
1afcb4e4473ab373,18763,8902559,129736,18616,8911392,129736
1affac4d3390fde1,62653,52802494,138451,62506,52817121,138451
1b24f8104ca7ebc8,37213,27361772,138681,37065,27373882,138681
1b2c922f4205457e,44818,34922361,129525,44627,34932458,129525
1b41083ab80777a1,40390,30545342,102140,,,
1b520011996e9e2b,41721,31862068,138648,41593,31871723,138648
1b5d31dc2c92abdb,89424,79563755,132638,89282,79576455,132638
1b5fb3b0da7ae832,103840,93983087,139020,103691,93996538,139020
1b6f66402cdca633,27898,18041685,138674,27761,18056034,138674
1b77ad734bf84356,43078,33225107,138400,42935,33235597,138400
1b83d5e327d0aaff,65107,55300564,412166,65022,55340147,412206
1ba55961dc5ab2f6,20597,10725255,140600,20456,10735134,140600
1bbbc3a10c024379,52865,43022069,137793,52723,43032738,137793
1bc3c57c189d287a,22047,12140507,130340,21854,12150044,130340
1be29c09f9eb8962,101731,91863018,138521,101607,91877797,138521
1bf506c7176f67cd,83242,73369139,157579,83109,73382729,157579
1bf56e12fb641905,59279,49433577,97928,59207,49477132,97928
1c321652a3918dfa,65528,55622515,129653,65429,55633188,129653
1c4ae4d3ea587c97,72951,63063578,130860,72828,63074953,130860
1c5d17e28a95f07e,109977,100106436,139650,109817,100117440,139650
1c7009fc8f4db092,72443,62630892,360130,72349,62665418,360170
1c71b301268c1fbf,74177,64305895,137036,74045,64316757,137036
1c7ca911d0275013,57089,47222040,137387,56957,47235208,137387
1c851d6025a107da,67633,57745700,136941,67462,57764100,136941
1ca1817a17199589,115908,106043238,137989,115763,106057287,137989
1ca5ce713d099391,72127,62282265,137513,71991,62293411,137513
1d332a5b8e873130,51669,41780835,130484,51601,41790965,130484
1d3788112d856f9e,115041,105161868,130181,114920,105171170,130181
1d428d3824863ac2,31878,22021835,137874,31740,22035080,137874
1d42f812cfd30805,10110,222160,131225,9983,231141,131225
1d5d02203c8ff6b2,45474,35605424,138280,45336,35615808,138280
1d61e0baa3e62eaf,90114,80244937,118337,90048,80261328,118337
1d78fd3f012a0c11,77529,67662397,137343,77397,67674262,137343
1dbf4056a11ff31c,77402,67542381,137258,77269,67555345,137258
1dccfa9c042c8141,102092,92246211,137690,101960,92258889,137690
1de16f82da8b753e,51335,41482018,138015,51183,41492406,138015
1e11ea1a5ba1802f,12245,2381597,138774,12085,2391694,138774
1e3a88540ea00cfa,65647,55762406,138839,65525,55773677,138839
1e48ce930164f2d1,62208,52345567,158117,62074,52360254,158117
1e535792d1dce49d,108471,98607140,139474,108323,98618212,139474
1e58f3226589b9ca,19199,9324747,138228,19063,9334639,138228
1e79f4c99627d9ec,78814,68942386,138455,78693,68954544,138455
1e7a9d96d8e15392,27770,17905520,138333,27636,17916900,138333
1e7fea451c827113,70376,60522480,138827,70232,60537878,138827
1e9cd5d3de1c3311,47238,37372996,136952,47106,37387219,136952
1ee4c44dfdb32a62,24624,14781909,140142,24483,14792629,140142
1eeac81e14c4e9e5,86557,76661232,130205,86455,76672333,130205
1ef637ef181b7b15,35255,25402465,138755,35110,25414456,138755
1efb815d02282977,116629,106701751,130566,116544,106713009,130566
1f146e20f248920b,68300,58440836,129742,68161,58453061,129742
1f173ebe5b3efa6f,33448,23582056,140342,33315,23594886,140342
1f24e622bc9777c3,46453,36560489,130502,46361,36573176,130502
1f478766f1724f0c,48835,38964991,137351,48691,38976193,137351
1f703ec0c2a01761,75978,66126131,139215,75840,66138482,139215
1f839195a007981d,31940,22081513,137859,31799,22093414,137859
1f92ff2cef6d37ed,92536,82662955,139079,92394,82674683,139079
1f95deba2a7b3c78,42959,33102029,138903,42810,33111751,138903
1fc355c963410293,24470,14604892,138782,24325,14615609,138782
1fc7149593ffbcad,17838,7960057,129910,17718,7969096,129910
1fd2cc2fe1380f62,54886,45042305,138920,54744,45055108,138920
1fd8a050a0263cad,62684,52825740,137338,62541,52837136,137338
1fe6adff3932cb16,22023,12101932,140621,21840,12111374,140621
1fecef362b67e558,112984,103092782,129544,112948,103115063,129544
1ffde8ef5dcd7905,105402,95503588,130999,105321,95515729,130999
203440f50bd13a3d,34742,24842487,131136,34650,24854035,131136
203b8194dd7b4669,51507,41635095,130615,51446,41661603,130615
20422ba5c553420c,30478,20605447,137976,30344,20616587,137976
205451cb27233ec0,51917,42042179,139916,51809,42053182,139916
205dd75bce25a1d8,50828,40961882,137778,50694,40972146,137778
206729eca03f1ca3,118727,108850309,138481,118590,108859633,138481
207398aeb155c493,37183,27324748,137731,37036,27336853,137731
20b327b1fb398a39,86106,76242682,138857,85968,76253825,138857
20b8433a3b911c62,21564,11703396,91943,21518,11711864,91903
20cc3cbf0ed254d8,114476,104603815,130727,114343,104615113,130727
20cdaf67e3cbb071,27576,17705133,139078,27444,17716782,139078
20ec0b4f610aecab,35629,25760422,130141,35494,25771174,130141
20ef56a40574aa74,18793,8941988,140792,18645,8952640,140792
21241f602bada99a,23844,13985517,138892,23714,13994948,138892
213d6d668426ec97,32280,22441844,139124,32144,22455015,139124
218ecd3cb92dc56a,26710,16866014,102426,26616,16883669,102426
219fb4d7f83dbc77,104707,94862899,138309,104569,94876219,138309
21c8a14de83ff303,72735,62840939,129394,72639,62853453,129394
21ca1fdc81f3a80a,27430,17581621,138296,27285,17595057,138296
21cfa579287a5956,107265,97369267,130332,107185,97429386,130332
21cff6d28dc29653,12158,2283934,129317,12013,2293532,129317
21d778fa28baccba,45880,36042478,141841,45746,36057044,141841
21f87ce4d6c5a60d,47983,38060461,129569,47891,38072105,129569
220413203995ac38,18855,9001629,137317,18703,9011734,137317
220559202b16ab7d,25656,15785611,138701,25521,15795436,138701
220f4697a2f45efb,68487,58622681,130327,68336,58634766,130327
2213f047e5e6b09c,92624,82762850,138890,92465,82775337,138890
22181ad33cf77549,90672,80803841,138902,90505,80816052,138902
223eb256fa160346,35498,25645412,157975,35365,25660674,157975
225ada0c17e10d5e,28975,19081758,139278,28876,19095189,139278
226119cceb9a875e,112473,102623065,138498,112352,102641037,138498
226a070587e4601f,18700,8840708,132973,18557,8850621,132973
226ccbb4957ca195,44617,34700752,131584,44471,34711199,131584
226f60ce48a82853,36858,26966268,130012,36761,26977366,130012
22799468e5c584d1,118786,108923306,138152,118637,108933626,138152
228e805c1fd496e7,68205,58340884,130129,68071,58354139,130129
22cf51363e877596,116193,106419717,347606,116134,106447528,347646
22e540d9e90e6e54,54316,44445512,138269,54186,44460527,138269
22fe7b8078cbe495,72704,62812079,129775,72610,62824056,129775
2311300cbc604fb3,104021,94183138,137674,103884,94194714,137674
231e74517f351d62,34805,24920283,130566,34709,24933434,130566
232e14b4588e695d,73362,63522738,139549,73228,63535287,139549
234779de32ec0847,27961,18101752,138636,27820,18113077,138636
234b6929c831c29b,81633,71782498,137516,81484,71795107,137516
234ec5cf8c2d212a,30575,20749224,352695,,,
237c8d966c92d7e5,59585,49700569,129682,59500,49718295,129682
238f58ab3e79328a,92771,82921408,130896,92627,82932106,130896
23a936e1d44571b4,25066,15140716,130919,24989,15150558,130919
23c0c921541d5672,105338,95443942,131050,105260,95454415,131050
23d42844232715e5,51947,42065669,138836,51833,42076885,138836
23e4cc8abf268fb2,102538,92683184,138388,102395,92696309,138388
23ea004c84714d61,19645,9760368,129742,19540,9770944,129742
240a8dafab21e4e6,32908,23021108,130551,32814,23031816,130551
240c66db64260679,25213,15300158,130096,25098,15310230,130096
244f9cf638200fa3,114671,104826681,101370,114564,104848793,101370
245fea2109333337,48255,38381843,137683,48083,38394108,137683
2474218359bc5df1,77776,67923568,138041,77639,67934669,138041
2485ef4cd72b4f18,35531,25668633,137330,35398,25680600,137330
249c8e3dcc9b0eef,16340,6501886,139466,16204,6512638,139466
24b6674190fa7ce3,58023,48161985,135007,57864,48174601,135007
24d0b6c4cb37b595,93744,83841261,129340,93672,83853317,129340
24d741500349dd18,89762,79886586,138934,89629,79898478,138934
24d750f6d5e4e8f9,18020,8161627,139297,17876,8171199,139297
24e7d324cdf1afb3,91321,81463012,140273,91182,81475321,140273
24efbf95259a4e0f,105019,95146270,138381,104885,95158456,138381
24f151374233ba68,31431,21584264,140981,31296,21596893,140981
2543252547887438,62989,53122199,138272,62865,53134843,138272
254443b82bc19818,94957,85106147,138309,94818,85118140,138309
258e28bf4f57cf08,82269,72424319,101758,82172,72479443,101847
25beb3c70f882a04,65011,55140938,130045,64877,55151306,130045
25c6f39468951447,53723,43822386,129718,53623,43831754,129718
25cb7072ed9c7dc1,85914,76042659,138131,85780,76054547,138131
25ccc65d76c8b6ed,11610,1765946,101493,11512,1782990,101493
25d2b70aed3071c6,42840,32965189,138337,42712,32974597,138337
25d86c1fe968f335,82163,72305908,156249,82027,72320202,156249
25dcd25de7b8685a,90335,80421540,130334,90245,80433374,130334
25eea92be2ed587b,78534,68640849,129004,78445,68652399,129004
25f1b2c9bb722bba,37332,27484727,136663,37197,27496727,136663
25fb44fae0a6eac1,11002,1142050,138154,10856,1152151,138154
260eb147eb94e5a4,80889,71022557,138318,80744,71034986,138318
261eeb7bac95e5a2,93082,83222834,138755,92945,83235445,138755
262f9f01ca40167d,53935,44061794,137186,53801,44071933,137186
2632b22d84dfda26,117849,108003187,139062,117708,108013580,139062
26392d0d7440e92c,90452,80541854,132426,90334,80554141,132426
263cee2f716a64d6,72066,62222247,137877,71929,62235147,137877
26471b9396cffb82,97613,87721495,130219,97533,87733489,130219
266e41248f0518dd,63717,53840843,129978,63587,53852910,129978
2690314d4475a494,49426,39561922,138520,49295,39572470,138520
269d5f1a514a347a,98907,89063017,138760,98768,89079790,138760
26f42a973a9cc1a8,31370,21522389,138260,31225,21533728,138260
26fbdb5af643a53a,28912,19020779,131679,28819,19034600,131679
2706228cecf21364,19101,9224486,138166,18967,9234875,138166
272154a350712c0b,30980,21100356,130552,30871,21112040,130552
27371256954ef5cc,110107,100246002,156255,109974,100259979,156255
273f6fd26e9151dc,95987,86123072,139382,95853,86135487,139382
27544efbfba4a916,43613,33745200,138599,43468,33755139,138599
2777edb0416928b9,97581,87683839,130770,97504,87695053,130770
2779dddb46e3d226,45725,35862424,130408,45577,35873791,130408
2781c834902df7ca,104109,94242827,138094,103975,94254490,138094
2795ba92fdd24ef6,52296,42425607,138122,52165,42439646,138122
279619113b9eb388,49490,39644979,98806,49358,39663821,98806
27a7f7915d077cf3,18138,8285131,137135,17993,8294445,137135
27d7f55aa84c301e,73301,63462213,137462,73168,63475629,137462
27d91f6c52bf89bb,73271,63426022,138367,73137,63437027,138367
27f23191a4c9ba5a,119022,109183736,139614,118884,109193463,139614
2809273ce9614513,35973,26122029,140225,35823,26133130,140225
282526c589da6b1f,74026,64182795,140724,73885,64196123,140724
28294b436bb62166,98937,89086462,138898,98802,89105023,138898
283fd25f0104eb7e,25915,16053068,139162,25777,16064108,139162
28431e2627421aeb,27047,17160240,130842,26937,17170179,130842
284fd0c885b16565,19263,9401445,137716,19126,9411421,137716
285710a9f194732a,101351,91466445,130586,101257,91477686,130586
2867741152c9dd02,36572,26690012,130102,36501,26715325,130102
2894b76c2016a10d,73154,63302638,139071,73006,63316211,139071
2896cc27e470925c,11725,1829633,130529,11626,1839097,130529
289db48387777766,86138,76328269,340872,86044,76365529,340912
28bffaa0dda12167,38725,28822237,130529,38634,28834155,130529
28cc57d8a3fc3d15,117818,107967055,139670,117677,107977211,139670
28dc9af4878bc672,76665,66781304,131333,76564,66792882,131333
28f228caab45189f,16557,6684862,139437,16418,6694860,139437
2924355895c72b46,32877,22982581,131247,32785,22993161,131247
2931f67314c666a7,108565,98706849,139001,108421,98718234,139001
2961e19500fea779,15689,5802219,129872,15581,5811808,129872
296515ecfd859346,71565,61702362,138356,71427,61714644,138356
2965edb5899339ce,56368,46504698,152533,56238,46518383,152533
2992dd1082c41a11,28331,18462180,142116,28205,18481885,142116
29b92ba881c07737,12039,2160325,131994,11915,2170183,131994
29c150e9b04732e0,63567,53680700,129686,63466,53695394,129686
29cba21fe6ea358d,52896,43053076,137465,52756,43064131,137465
29cceb4618736da9,119554,109703292,138988,119405,109713239,138988
29ed978904c6009a,101791,91922897,138333,101657,91935254,138333
29ee82e5175f929a,107393,97501861,131478,107307,97513812,131478
2a034f57bcc42516,43796,33945391,139504,43656,33954922,139504
2a1c3f4eeb08c8a3,35788,25925367,137462,35648,25936836,137462
2a533cd928c77440,81969,72102620,139099,81836,72114870,139099
2a5b97fceda0839e,115561,105723271,138835,115427,105735766,138835
2a659ef913de8ab1,15848,5962298,131607,15732,5971827,131607
2a7e7372501fc9a7,28298,18426808,129638,28172,18438241,129638
2a8466bbecc2fd44,27738,17882114,139350,27605,17894197,139350
2ab2e2467b0c9ad9,65074,55204248,128239,64939,55214327,128239
2ab7c38f9df180be,32094,22241621,137665,31944,22253172,137665
2ab8c23e79d99b41,14945,5084829,139177,14795,5094976,139177
2ac7f99e50f4dfe9,41033,31181961,138682,40915,31191988,138682
2ada042dd7c46283,66001,56161343,130398,65867,56178681,130398
2af7eaf8bdc721a8,70221,60362154,136489,70085,60375145,136489
2b0179a8120b6513,80977,71122370,137109,80828,71140490,137109
2b18f792c22f31b5,119110,109243364,139481,118974,109253131,139481
2b2170839abedf22,82877,73006021,138655,82723,73018157,138655
2b52527150c91f93,110826,100962025,131926,110665,100975874,131926
2b59ff7852514b8c,17274,7404857,138028,17138,7415268,138028
2b5b86615a1b4289,23565,13702286,142394,23451,13712775,142394
2b7ff1a6d0297001,65404,55500618,128981,65321,55517308,128981
2b805729500c7ecc,57001,47162310,137806,56865,47176165,137806
2b8a4d53307c1cbf,64194,54335240,149558,64061,54354052,149558
2b8fa50ad9f427d5,70315,60462656,140611,70174,60481264,140611
2bafc9835a72148f,38879,28988158,137606,38762,28999368,137606
2bc5f017796534d2,93303,83443703,129436,93157,83456029,129436
2bd85a7eb83d9f4f,76041,66202374,138169,75904,66215469,138169
2bddb827a72fe2d3,86401,76501451,131029,86315,76518303,131029
2bfbaa686d8cd317,56530,46662580,138302,56396,46675618,138302
2bfcc6ab156ebbc9,48068,38162470,140363,47948,38174553,140363
2c185d009e9c5346,90395,80481343,130617,90291,80493669,130617
2c4baee30756973a,99183,89322753,138314,99047,89335513,138314
2c756becc7ad90b6,70999,61081375,131559,70893,61094448,131559
2c873350bd44db1d,108061,98223004,138740,107928,98236040,138740
2c946450ac3ad2c7,44706,34800318,129723,44541,34810223,129723
2cad563563d624e9,108344,98481980,132186,108203,98494167,132186
2cbff74e74ab708b,32717,22822274,130727,32636,22851499,130727
2d1266a3e0242178,39855,30001754,137952,39710,30013871,137952
2d1baf99e849feb5,45632,35780863,131486,45488,35792426,131486
2d1edaff9d5acdc7,16718,6843116,130197,16572,6852152,130197
2d21396bcd625126,40760,30881825,138700,40603,30893396,138700
2d364145842963d2,84278,74406809,129686,84186,74420492,129686
2d394d1a63818f92,74057,64206097,138068,73920,64218180,138068
2d428967cdb9acf8,37934,28081841,139373,37789,28093990,139373
2d6b10f72a6bf678,118093,108226478,138480,117955,108236319,138480
2d6f70c87d93b344,17551,7665413,131457,17446,7675243,131457
2d6f9cc5814420ff,111262,101381614,130078,111113,101392846,130078
2d7c838a5b345f0a,10556,684774,138280,10421,694862,138280
2d855b1be448da30,71788,61923081,129680,71647,61935412,129680
2d86453894b9a026,103506,93621557,130630,103400,93633676,130630
2dc26eb733f1fce6,22720,12843606,129562,22587,12853464,129562
2dc9092bea34c509,28848,18942105,130910,28760,18953453,130910
2de8cbadc75f3f91,31340,21484882,138175,31195,21496772,138175
2dfb180b5e6fbf62,40973,31105233,139160,40850,31115371,139160
2e002622e5694bb7,57283,47477553,395747,,,
2e05cf57e0e9a1a5,67240,57299995,94157,67187,57384488,94157
2e0cc09ac98373af,101762,91886254,137901,101633,91898025,137901
2e1bf6e058c6e4a2,46608,36722002,138992,46497,36735276,138992
2e34e0870888be0a,86736,76862490,137787,86600,76875321,137787
2e52a300061577d3,115462,105622978,137529,115328,105634214,137529
2e5e1d932516974a,46516,36621718,137423,46417,36633299,137423
2e65f16406dd8cc9,66654,56806935,138070,66520,56818420,138070
2e75ece6ed96b03d,82606,72722353,137395,82503,72734678,137395
2ea57c2bd7719998,28589,18721703,138216,28457,18733449,138216
2eabf18cdf968f6a,43455,33585427,138641,43317,33594910,138641
2f282b128c4d5a37,24280,14421538,137864,24142,14432619,137864
2f349f1191c056dd,21843,11876269,131037,21740,11888677,131037
2f3ae43974a45174,52458,42588549,137232,52326,42598668,137232
2f3dfd08fb5beacb,51180,41322115,138364,51038,41332931,138364
2f56e85a2270207d,118260,108386715,115812,118172,108395251,115812
2f61d641c93a7c9f,84658,74783479,142284,84537,74797574,142284
2f8ac4f05f7c6961,76821,66946265,138232,76701,66957926,138232
2f92124a32e0722f,77837,67985808,138317,77696,67998246,138317
2f9654916ba38ee4,51605,41702422,129919,51541,41712335,129919
2fac120b2134a98e,67177,57266426,92860,67132,57382942,92860
2faeea782e4d91c5,65819,55962302,138618,65664,55975310,138618
2fb6f31e87ad92d5,74818,64923111,130050,74714,64933819,130050
2fc27a2591b1af4a,89860,79986683,139159,89724,79999368,139159
2fedfdae523522fd,113986,104121746,130145,113847,104133287,130145
2fee1dd2a12b314a,38938,29061598,136793,38809,29074124,136793
2ffc6887fc3d7046,61288,51413900,112395,61205,51440010,112395
2ffec65d8d1a3bea,103378,93483506,130026,103277,93495128,130026
30005a7e3ffddc74,47020,37181782,137872,46885,37196613,137872
30171bb1584a24e0,96946,87102879,138467,96811,87117215,138467
30310dc57220dc25,33150,23285046,137791,33014,23297712,137791
30349986e5ba20b8,116569,106651168,130063,116497,106662216,130063
30494ea050ec34b5,90785,80942997,139640,90645,80955838,139640
304e59b2e3c3a7bd,98876,89022736,137757,98731,89040727,137757
30698e4f8a61f7ce,93395,83608386,341195,,,
307a448fdb35c950,80648,70762511,138235,80540,70774344,138235
308eafc70b173180,50676,40825454,139550,50535,40835455,139550
309079b7d9d38bad,86617,76723328,130869,86505,76734774,130869
3093de0715d99677,20844,11001716,138647,20703,11012081,138647
30d9b25ac1dc67fe,108439,98583612,142362,108293,98597440,142362
30f32d507b8f8e96,39170,29321588,137091,39025,29334602,137091
3109c961bd1b8e36,44229,34416852,359970,44116,34444913,360010
312148082ec6f3de,13619,3744804,115320,13525,3753295,115320
312d3fd5236493e0,95238,85365463,142185,95106,85377965,142185
31402f36612b957b,82698,72822585,138569,82581,72835027,138569
3143a9fe9cbf9706,33120,23261791,138319,32990,23274170,138319
3144cd240f7c286f,84472,74581437,131126,84374,74593216,131126
31464bc9de8db041,115682,105822942,137713,115547,105835627,137713
314e5230c4fa112c,66990,57153476,99130,,,
3151ad32b8ec874a,59490,49600478,129038,59413,49617514,129038
317578d27e8028d7,67332,57401120,129965,67257,57414481,129965
3189414fa22798e2,113524,103663356,138956,113365,103675451,138956
31940a0f396eb67b,102347,92482711,137574,102211,92495609,137574
31949466dc36dd2c,71533,61662779,139285,71396,61674485,139285
31a95ae91e458930,74533,64648294,131713,74450,64726491,131713
31b5e318a34b0166,48866,39002336,139750,48720,39013850,139750
31c320c1d5819540,43581,33721824,138601,43438,33732385,138601
31c52dd71aece748,95958,86085929,137832,95833,86097041,137832
31d8a96edeffb956,89075,79203724,131282,88945,79215227,131282
31fbb0438b70fef1,109322,99421846,131052,109236,99433117,131052
31fffef49ba0cd68,31782,21921763,139454,31647,21934313,139454
3202f8aabc48370c,15785,5902356,130825,15673,5911963,130825
323124df8bcb1b0e,92985,83122561,137344,92849,83134348,137344
323495505f8c586d,95746,85861051,128969,95673,85873512,128969
324bb0000a2fcb9f,89455,79601087,129093,89311,79613580,129093
3253b7cb178bbd50,65497,55600642,128495,65404,55613402,128495
325fba28e8a15efd,107076,97206912,139478,106931,97219427,139478
32a330f405c23b40,65340,55440583,129284,65262,55451600,129284
32db9c4d34652df2,77868,68022676,138932,77725,68035122,138932
32fa8c7ee38dbf2d,42528,32640320,129519,42435,32649374,129519
332fca07ccfad1b1,86464,76563712,130865,86373,76575582,130865
333639ca555af08f,26662,16848861,347276,26563,16875867,347316
3350b2db953ecd0c,70792,60876840,129387,70730,60893847,129387
335889bec84302f5,79229,69362372,138092,79069,69374696,138092
337782ac5615abe5,13116,3261932,139179,12970,3272203,139179
338502db6b489230,110455,100603176,139169,110313,100617468,139169
3391cc586ff04a5f,85291,75423330,138362,85157,75435540,138362
33a351232662b0fa,58547,48685717,137793,58409,48697786,137793
33d1f5b02bb89952,63281,53393585,115354,63201,53410802,115354
33ecfa70a41b760b,88921,79083779,144723,88787,79098380,144723
33fa3c59b8790b86,73489,63625236,155027,73354,63644045,155027
340bf1e89c210b09,85574,75722664,138385,85428,75737179,138385
340f938039717f1f,75414,65545693,156817,75280,65559530,156817
341469d7fd0a454f,34107,24260600,130961,33970,24271800,130961
341825ab5798f8de,117725,107866718,138762,117576,107876903,138762
3428d837c715eee8,103034,93162917,138238,102902,93175124,138238
342e66ddda2a770e,28524,18661613,138500,28395,18674657,138500
34345513f1cfed23,113607,103765974,130650,113468,103778066,130650
3438cf158d9d071b,19133,9261464,138184,18998,9271508,138184
344489002a97ae02,27992,18141925,138839,27851,18154198,138839
34692e081aae1796,88178,78304356,113643,88075,78317609,113643
348f978130ba58c5,87781,77942532,137821,87644,77954621,137821
3495fc38a5ae9adb,61450,51560901,130796,61362,51574144,130796
34aae47c6e41d326,116983,107123058,138458,116826,107135191,138458
34b619d5db8f6370,113421,103526040,142749,113241,103538655,142749
34b9725fd16e5bac,63804,53942594,140631,63656,53955441,140631
34f1b4ec91d77ec5,108749,98903104,138663,108612,98916043,138663
351223f50d2fd71b,105857,96002911,138178,105704,96014568,138178
353265d995e429c8,102411,92543067,139071,102274,92555013,139071
353c5d2bb9c2ba98,29480,19641648,137102,29345,19655446,137102
356762f23a7f6b64,29730,19861724,139054,29596,19873367,139054
3571f3487a0abd73,26255,16405305,138270,26116,16415942,138270
3583fecc73dc7f1e,39229,29381911,138523,39083,29393496,138523
35a415f34794044f,43983,34105384,138030,43849,34114627,138030
35b5007c5259e8ec,46786,36920303,128753,46639,36931352,128753
35bf5b2d1259154c,108280,98422155,131685,108142,98434850,131685
35c027189b7be019,20722,10861796,139848,20574,10872215,139848
35c50106405e7c3b,31311,21461558,137411,31167,21474039,137411
35ce6437d8240bcf,21312,11442863,139862,21173,11452921,139862
35ceeb8b218cc46f,98182,88342695,137860,98045,88355530,137860
3614337f22d04a66,11094,1241496,138361,10943,1251315,138361
361f691ca70f7bac,14758,4900250,131719,14617,4910181,131719
362a4486f66fac39,53660,43760625,129551,53567,43770416,129551
3650c9dad61b5ff4,107107,97289013,342360,107007,97330013,342400
365162ed9d5e5835,79196,69325748,137917,79038,69337648,137917
367ceb2d6226c472,20341,10465008,138852,20205,10475014,138852
3681add76a6869be,73842,63982321,137875,73691,63994235,137875
36859a86c7edfbdf,58353,48490837,154246,58220,48513251,154246
3694ff514d326874,113729,103863143,138433,113595,103876201,138433
36acdb72f3d57157,46547,36662068,138592,46445,36675331,138592
36dab50c5e76c561,30260,20421616,138369,30124,20434575,138369
36ed3f3df8471111,97976,88106765,139257,97825,88118569,139257
373f59589f3068ad,95207,85341438,130655,95075,85353640,130655
376019339da42180,97162,87303376,139511,97025,87317505,139511
377a5ce2dc464f01,95588,85701125,129015,95534,85713528,129015
37829c04fb3ab8a3,74339,64465585,138136,74206,64477529,138136
379d18acaf77aaea,67855,58005267,136824,67713,58016793,136824
37bb5c854709a961,115163,105302255,130671,115028,105313768,130671
37cd99590b507f28,39947,30101903,138798,39810,30113051,138798
37dbb92b92240260,102314,92446392,139718,102179,92464677,139718
37dbd813d61cea07,115971,106106705,139715,115822,106116262,139715
37f798be19de8bd7,41562,31702011,139489,41405,31713633,139489
37fc6511f01482b1,78215,68345745,138730,78085,68357216,138730
381d0e8f86f08e96,89140,79266314,137404,89009,79278967,137404
381f47c05799c97b,97947,88083281,139635,97804,88096045,139635
3853a2c11bcc1b39,72411,62542841,138714,72280,62560657,138714
3856bba721237762,93925,84043136,138670,93814,84055697,138670
385e14ba7c0c32c8,96885,87043024,138822,96746,87057295,138822
38690811ec90236c,72378,62506017,138476,72247,62524576,138476
3872557b72a422e2,23469,13600373,131084,23357,13609979,131084
388e99ee7c177a37,71851,61984809,140524,71708,61998437,140524
38967dc726833ca0,116824,106923408,138375,116677,106933909,138375
389fbfac52ab42bb,48674,38804333,141919,48536,38817535,141919
38b5651b9b984631,45313,35450793,156341,45177,35462628,156341
38b5e4f9ccde8534,44494,34559426,120100,44368,34567533,120100
38c97ecb56668ba8,58483,48622068,137980,58348,48634002,137980
38cd88dd21a68d8d,65466,55572531,129046,65377,55583952,129046
38de6019d757aa52,102216,92346158,138410,102082,92357663,138410
38e146d5783df191,69249,59344327,130017,69167,59355549,130017
38e8296bdce2b52a,109802,99946430,137552,109660,99957582,137552
38fd40e3f551e69d,40729,30845714,137552,40574,30857217,137552
390b35c9e4af760c,14436,4565011,139596,14301,4575141,139596
39173c666111dc1d,70823,60898884,130072,70757,60919398,130072
39228d764764b3d8,19230,9361792,139649,19094,9371801,139649
394a7acec8f9849c,21184,11321516,138455,21047,11331943,138455
394ab46ef613757f,47335,37465102,138008,47201,37478002,138008
3970012517f6c4b8,86368,76462867,129401,86284,76479213,129401
397e3b9bde595a11,79643,69782402,137308,79504,69795467,137308
3984a01db594253c,87220,77348203,136494,87085,77359266,136494
3986267c60866d60,70664,60788600,116228,70610,60799230,116228
399c284f942babc0,50335,40465631,139938,50197,40476651,139938
39b2c098530d8ee4,105559,95681897,131561,105462,95694247,131561
39b89fa43011dd6e,63346,53442763,128190,63264,53453393,128190
39d3e0f784541bbe,81726,71865830,138257,81581,71876943,138257
39e1d3f0278bed35,110729,100859346,116788,110567,100871239,116788
39e628113ac8b911,54606,44742278,139718,54472,44752076,139718
39feb8b2dbc913eb,38565,28669547,130505,38485,28680554,130505
3a05dd6c5efcb127,117787,107943496,138723,117644,107953655,138723
3a0aebdc2ebc822b,52034,42165617,138089,51898,42175087,138089
3a22bd9c6a24e6ea,102570,92706666,139214,102425,92718673,139214
3a22d5e48e872cdc,33481,23605475,138655,33348,23617800,138655
3a2f4f6df296ebe9,118028,108163709,141415,117890,108173408,141415
3a58fa6c845a063f,73097,63225810,139200,72946,63243632,139200
3a5932ce7d3db8e9,110697,100824420,131367,110536,100834955,131367
3a6abea2b3f7b26c,18731,8880613,131574,18586,8890360,131574
3a974e9e066ef22c,39413,29556251,156737,39280,29573027,156737
3ab83059572573c9,60848,51002003,137368,60715,51013918,137368
3abd5fa002370f52,119857,109986261,141766,119720,109996249,141766
3ad063f487f365a4,16994,7142083,138945,16846,7152271,138945
3ad5b9cf6a3a04f7,25429,15561846,139676,25263,15572503,139676
3ade779b2908db7e,94271,84421720,131567,94123,84433175,131567
3af4d0789f4b0d88,63119,53245484,137775,62994,53256976,137775
3af6a8964e9b3411,19166,9301414,137602,19031,9312471,137602
3b0627e6aa1af4b2,95109,85242866,139196,94978,85256700,139196
3b18cf13e92a15a9,32368,22501859,138420,32236,22513147,138420
3b573cd946fee21c,24563,14704533,141149,24413,14714664,141149
3b5b5eefb4006a67,112286,102423366,139760,112129,102435455,139760
3b670ebb7abb7e20,47735,37856808,128909,47689,37868826,128909
3b745c01250e9e3b,90843,81002685,138542,90707,81015015,138542
3b9094e90fa5a8d9,89923,80129386,340768,,,
3ba48153b5536be3,115312,105463020,138214,115164,105473391,138214
3bcee4a0e5e16b5b,42153,32285539,139191,41996,32294888,139191
3beb6fa20ca70fdd,36889,27000541,131321,36786,27011086,131321
3bfb72d3948e74d0,54575,44705542,138449,54442,44715540,138449
3c169419766c8e76,15100,5261539,138399,14963,5272367,138399
3c6c6435e17f588c,55951,46081887,137385,55808,46099451,137385
3c799a77b02ef225,20470,10601684,138655,20332,10611472,138655
3c7c9758dc169e0c,73242,63402614,138535,73105,63415577,138535
3c7dcb7d297c3914,113324,103401934,130859,113183,103413984,130859
3ca61c3c5626f9ee,89892,80034302,139132,89755,80046996,139132
3cc13f00cd9cea4e,22494,12624948,157823,22367,12635927,157823
3cc47ea19e579bec,83990,74122530,137805,83858,74133459,137805
3cc54099d24a455a,40697,30822439,141954,40544,30836066,141954
3ce126de8cf49ac5,79358,69488810,156150,79222,69502498,156150
3ce483f03d4fcf40,18542,8681505,138258,18405,8691964,138258
3d097efaeb15e097,38057,28205296,138602,37917,28216731,138602
3d18a6d078dc5db2,102817,92966830,140023,102679,92979074,140023
3d3a8fb7699faaf2,77002,67142344,138231,76850,67153429,138231
3d81ee50f39ad72f,20905,11061525,138162,20765,11071634,138162
3d8b47d7e8bb4641,104175,94303257,139831,104041,94314899,139831
3d9d3b456a7c78eb,95174,85302142,130264,95042,85313976,130264
3db6248f059acee5,53628,43722456,129812,53537,43731474,129812
3dcb66758033c187,118989,109143232,138610,118844,109152850,138610
3dd9f4d4d1eb8b21,26164,16305075,138300,26013,16314502,138300
3dedc63f20710e73,106324,96462883,138277,106177,96474986,138277
3df33dfcfdd2f143,51023,41161990,137233,50886,41172657,137233
3df790e3099f05ed,105190,95345848,101172,105115,95393256,101172
3e141cfea005a6c7,13208,3361390,137956,13066,3371577,137956
3e21200318712d3c,117995,108124337,133134,117858,108133922,133134
3e26024b4bf2cea1,19922,10042165,129606,19788,10052035,129606
3e2bceba2a7ed81a,111664,101802995,137723,111525,101814719,137723
3e50175d16e72cbf,12187,2321723,139929,12038,2331372,139929
3e56e5f658adc9af,37272,27425577,138564,37138,27437459,138564
3e64b97754913137,86938,77085939,139261,86798,77098141,139261
3e7041b6519f0119,33674,23805512,138881,33537,23819124,138881
3e89cebb22a5f55b,82759,72882627,139263,82630,72894661,139263
3eb056326e9859d7,85666,75822529,137978,85524,75835149,137978
3ebca6acf758bed1,91845,81981399,130575,91706,81994692,130575
3ece02596262a062,119707,109863254,139312,119567,109873393,139312
3ece401c48e01e03,90590,80703858,131246,90432,80714705,131246
3ef0ffa236853a72,96349,86482700,138033,96218,86497235,138033
3f28251637536d6e,79704,69845714,138550,79564,69858169,138550
3f2956786737bf62,54947,45101986,138180,54809,45115155,138180
3f4a0e76cdca579c,114173,104323149,138662,114025,104335714,138662
3f53689e5bfe3d78,31221,21361836,138799,31069,21373267,138799
3f6c25c52825f9fd,96016,86162916,137635,95874,86175108,137635
3f7bfb7e2e522925,54763,44901979,137307,54620,44911422,137307
3f8a1964dcff6d79,56751,46902161,137113,56606,46917039,137113
3f8d0ea4e1395878,75917,66066203,138172,75779,66077959,138172
3fad179b0224f798,103811,93946381,138666,103666,93958477,138666
3fb95035b219457e,70190,60327108,138072,70055,60339180,138072
3fe1309820854aa9,119303,109443595,138995,119165,109453807,138995
3ff752c22f011cbe,117347,107483266,139023,117212,107495132,139023
4006a2a5b6d63033,61902,52045420,136829,61764,52063116,136829
40175d7c0a5f56db,104954,95094281,137728,104821,95107626,137728
403929de31f0bc90,88711,78846051,138611,88564,78858678,138611
4054d4b59cc2d180,112536,102683480,130663,112417,102699777,130663
40ae29da25fc6e00,43766,33921751,137701,43623,33933248,137701
40cc70f83516b439,71158,61282820,139589,71000,61294631,139589
40e44cdcc79170bb,48040,38120484,129473,47929,38131515,129473
40f017a123539c6c,54825,44965462,138313,54678,44974853,138313
415ce1d31076f891,60538,50681866,136273,60396,50695502,136273
417e753b167b708b,115493,105646375,138286,115359,105655887,138286
418c471dc2358a46,53964,44085174,138552,53823,44098619,138552
418ce5dd33626291,14145,4281660,139360,13994,4292047,139360
41c28c9ca31d8263,12216,2345044,138188,12062,2354917,138188
41ce23d4ecc9a15a,32781,22900811,131431,32698,22913189,131431
41e41bebdaa35fd6,84055,74186440,139701,83923,74199333,139701
41f7cdc1ed7c6643,87410,77542780,138924,87269,77555168,138924
41fa82a4e422a784,75763,65902584,139126,75618,65914128,139126
42133678b561fe3c,44735,34822086,129227,44563,34831186,129227
422e045248131fcf,70855,60921075,129270,70784,60942460,129270
42300efa15d6b7e7,108902,99043070,137921,108770,99055789,137921
4233445ac2dc535a,58828,48982212,138492,58689,48993452,138492
423fd2d2cfbcf9a5,71913,62062242,137749,71767,62075056,137749
4241626163ddda29,67362,57422971,128799,67278,57435007,128799
4244e16a033de3d2,83561,73702711,138421,83420,73717414,138421
424a58ec86ba68bc,36764,26862478,130191,36681,26873765,130191
425bb39c1d54cc54,38909,29021837,137466,38787,29034378,137466
427b476a8c74bd02,18380,8521829,138878,18244,8532148,138878
428f85a2ed5034b1,58053,48201972,137232,57905,48216304,137232
42c4a72740e9a188,55095,45225251,137291,54963,45237330,137291
42e7972c3fbae1ca,78054,68186281,138528,77924,68197863,138528
42fbd29e50ad80d7,103958,94106251,138698,103818,94119236,138698
42fd617a5fb165c6,60726,50865440,138282,60582,50877740,138282
430cd21e8672e78a,91566,81722988,140582,91430,81735853,140582
4326f4091c004c60,92801,82961188,130114,92662,82973058,130114
434e108e0bd6916d,27078,17182369,131206,26964,17192563,131206
4352e58a93f33103,111723,101866398,138408,111585,101878085,138408
4356b688a4c7d3b4,31162,21301710,138506,31022,21314614,138506
43810d40efd17245,48930,39073059,138769,48781,39086566,138769
43851c3b1cea9ad6,55893,46022829,141096,55764,46045584,141096
43a6bfac17b4ecfc,87155,77285652,155114,87021,77298934,155114
43b063b90c977354,17930,8060319,131127,17799,8070267,131127
43b5671e7d3cd348,55161,45301878,137116,55029,45314888,137116
43c384ce1bf2f973,16301,6461384,137403,16165,6470714,137403
43e48cd3d736c835,40166,30301763,138299,40003,30313657,138299
440654d99536c951,78351,68509976,122270,,,
4442bd98641ce9e1,31556,21683766,130986,31424,21695315,130986
4447f99b59582f9f,34076,24225653,140923,33939,24237839,140923
444bfd6c5d57868d,34837,24942424,130885,34738,24954351,130885
445452ae42a4f087,61638,51742398,129729,61529,51758252,129729
44606084655a0d91,49803,39942686,130968,49655,39953222,130968
44959f291b375c42,102725,92869336,157672,102578,92883023,157672
44b51dc1a32a0057,113195,103251920,138131,113109,103267385,138131
44c746a5f5f992fa,88373,78483397,131376,88264,78494191,131376
44dea5443b900bed,13780,3880309,130567,13682,3889742,130567
44f06bb00e616ba2,24408,14545538,139418,24266,14556006,139418
44f3bddc56399144,98999,89147616,129426,98864,89158912,129426
4513d39bf1560d2a,87001,77163009,137910,86864,77175435,137910
45225525c232c047,18980,9142161,140319,18844,9152979,140319
45632659a8e373cc,114018,104143791,130708,113878,104155348,130708
457337fcec7fa209,52151,42302313,138886,52007,42316040,138886
457a0215c27cc71c,33209,23345033,138323,33061,23356090,138323
45a00a3be20ed79b,74242,64365768,137547,74109,64377257,137547
45a6de1aa2380609,27402,17545325,139317,27257,17557399,139317
45b638123c7b32ef,100141,90303405,139900,100011,90324001,139900
45ba711f9c1a9081,107903,98063363,138897,107766,98076980,138897
45c8c9ee0fb60fe1,46259,36385510,114718,46174,36482435,114807
45ca3fa19dc802f3,118959,109106998,139250,118814,109116976,139250
4604624895bce8ec,40634,30760831,130469,40483,30773295,130469
46125a58e9c6bf4c,95869,85986651,138658,95769,85999347,138658
463cf3c8aff72b68,107232,97347260,131254,107153,97428509,131254
4648af080c9949fc,93983,84102693,137860,93856,84116042,137860
465395602768b71b,111421,101543680,141207,111264,101557266,141207
4659f07a3f2e9216,77369,67505709,157024,77236,67518889,157024
466b9791b899e2ea,41153,31313094,138598,41040,31323696,138598
4674822d62749d22,100050,90202900,138792,99913,90225540,138792
467f9616e8a8dbd5,58515,48662500,139303,58378,48677085,139303
468a23d089faf7d7,94927,85082789,138486,94785,85095566,138486
46909b90ef7aa877,83684,73826306,138974,83536,73837696,138974
46a0d0abd255166c,51794,41901852,137807,51711,41912493,137807
46a8961d9f60a6f8,50926,41062194,139313,50791,41078277,139313
46ac2772e20239be,73996,64141372,130360,73849,64151699,130360
46c6e4cb35d1a4a5,95490,85603546,114541,95441,85654111,114541
46e2d88705f5d80d,10588,721577,139498,10453,731903,139498
46f18137a33c92a5,41369,31505233,157208,41219,31516879,157208
46f998f64062f701,99247,89383136,139377,99110,89395060,139377
470760fabd170199,25721,15851410,157791,25586,15862444,157791
470d1a61510dc915,13813,3920027,129965,13712,3930107,129965
473f583572b53286,10258,401462,138290,10104,411634,138290
4756b86bdd2adcb4,48453,38605341,138041,48317,38617604,138041
47690dbae79a5d63,42282,32421766,138351,42122,32431483,138351
476e7bfe7e094a8c,45248,35384789,153717,45113,35396890,153717
477ef7961574d040,68609,58761020,130357,68469,58772149,130357
47954175a36c81f5,97799,87922943,137972,97691,87935807,137972
47a6161d5a433be1,18669,8802473,131255,18527,8812547,131255
47e002bd1eaca4af,42218,32345298,137594,42055,32354745,137594
47fa5e3a4f8bf189,117695,107843312,138967,117548,107853712,138967
4814c4620e1c9a6f,71381,61541406,131930,71244,61554685,131930
4815ffb42a447e2f,59174,49313871,137664,59040,49328269,137664
48184933f7705c76,73683,63822561,139782,73543,63834624,139782
485926ed518bc0f7,39025,29161845,138578,38875,29174028,138578
486a32077757e0c8,45848,36000637,131284,45707,36011345,131284
486ec269b2d21a2c,60093,50245472,137880,59964,50257774,137880
487d68e5b2285610,117910,108066877,159929,117769,108078883,159929
48a31b9342d63ee0,94988,85143496,141310,94849,85154683,141310
48d49869f01cb537,68363,58500971,129816,68221,58511292,129816
4915713a4209ee28,45127,35282687,137817,44984,35292756,137817
491dad820aff3755,93896,84002745,137683,93793,84014959,137683
492eea0e6fca15cd,114638,104809791,347999,114526,104839483,348039
4941cda6b9841fc2,97291,87422835,138015,97150,87434397,138015
4953ecbf161b1531,44791,34900508,128697,44606,34909939,128697
496468c045e4be07,61162,51302261,138759,61024,51314645,138759
4964ba615f4d33c1,32939,23060457,131035,32840,23074138,131035
497ffe59b6ccad88,101318,91444415,113394,101224,91472176,113394
4996cc80cfeadaa4,66439,56580952,129802,66301,56598434,129802
4996f495b8b36675,70599,60730474,101268,70521,60747312,101268
49b23cd235c8e719,67825,57982110,137679,67684,57994133,137679
49b36955869e6277,106605,96746468,139000,106458,96758109,139000
49d92e0d56ce7643,29037,19141680,138115,28931,19153919,138115
4a19d96daf52924f,69373,59480721,129901,69272,59500548,129901
4a3b63ff8f25fe0f,43827,33982382,139044,43687,33991751,139044
4a415379f00a1e9e,47638,37772818,112275,47595,37784051,112275
4a5e6be66805abce,94486,84622966,139893,94350,84636235,139893
4a686ecdc7e4adbb,56814,46962061,138031,56672,46974862,138031
4a710a9575bb421a,53815,43925794,139015,53703,43935604,139015
4a79f49c5f63e898,92920,83061529,130960,92785,83074771,130960
4a88950fcccf0739,48148,38245204,138567,47999,38256645,138567
4a891e240e084438,109258,99361489,129663,109175,99373830,129663
4a9423fbca1b2dda,80310,70465817,101790,,,
4aa8c0ec7c13eece,92325,82441473,131215,92218,82452983,131215
4ac6976506532417,88468,78583187,129314,88352,78595370,129314
4ad3e7905a8f893b,41213,31365222,138654,41100,31375430,138654
4ad99826a768d084,116715,106803799,141069,116605,106820025,141069
4aefdde2ac54074b,97549,87661769,130390,97474,87674765,130390
4b0bceaebe94df83,83776,73922870,138257,83624,73934791,138257
4b0fcfd1a35997b6,85041,75202654,139322,84905,75215577,139322
4b3b9ae34e4d1153,103752,93882905,138371,103616,93894133,138371
4b548630c8c0b4cb,103002,93126352,138615,102870,93138669,138615
4b65c65fc7311b27,77561,67702513,139151,77428,67714914,139151
4b6b8fb037ed8a9b,83745,73886170,138620,83593,73898241,138620
4b8c1e229f3b6786,64914,55043098,130457,64781,55057478,130457
4ba3e4dc283e3506,68173,58314148,130593,68039,58325297,130593
4ba97582b0e756b1,112952,103090940,128809,112919,103104166,128809
4bd0c62aae67fd14,68825,58962163,137557,68694,58983083,137557
4bd29e909aa90456,58798,48945483,138406,58659,48956930,138406
4bd753f159a83522,21924,11962525,131142,21787,11971854,131142
4be3a7fcc58452eb,43735,33881834,137786,43584,33891530,137786
4c0566d71a11bd46,58766,48922135,138171,58624,48934959,138171
4c07c2e55eb31367,90508,80603351,130712,90373,80614392,130712
4c4c472a58b81096,35226,25365470,138631,35081,25378042,138631
4c5a8b02daf85519,17712,7822015,130346,17603,7831316,130346
4c5b1ac1f1ea1814,110330,100466730,139492,110193,100478669,139492
4c633728728cd688,10081,199991,129965,9958,209017,129965
4c702f47797c3dad,30043,20184905,138893,29895,20195972,138893
4c78e16d0b81c383,69836,59965247,137887,69677,59977585,137887
4c854145cb13d09c,111754,101903159,138794,111615,101914887,138794
4c8605d74e7eb12f,66746,56902467,139475,66612,56914793,139475
4c93be67639f5531,72282,62422946,140022,72128,62437074,140022
4c987a154b8d22c5,36949,27062330,129611,36834,27073750,129611
4cbf1c4258edc165,81787,71942509,138807,81645,71956115,138807
4ccf51cbe3f1669e,74630,64722987,130627,74544,64734215,130627
4ced27623fd833d1,107011,97143232,139529,106870,97155235,139529
4cfd28f9904341f2,79796,69946072,138379,79660,69958534,138379
4d0f7405cd3c2f6c,103781,93923013,137482,103641,93935231,137482
4d6473da3bdc2254,43704,33845025,137747,43555,33854936,137747
4d75cbf7d08d61a6,24376,14522021,139459,24235,14532618,139459
4d8dc7ba24eee08c,60969,51102246,138706,60835,51122434,138706
4d9a062747a0d780,87283,77422942,138534,87148,77437668,138534
4db993f8d2d38909,91413,81562768,138944,91269,81575292,138944
4dc3e89efb8ee723,81506,71645696,157045,81364,71666133,157045
4dfb9566827d74e3,11438,1564814,139562,11301,1574963,139562
4e0a8dccf6664224,54021,44172013,135800,53876,44186330,135800
4e1d296e6de42935,109510,99621856,131274,109398,99633456,131274
4e3826c37882632b,51540,41657184,130802,51479,41670949,130802
4e3946f8cb180bd4,22000,12062486,132051,21828,12071524,132051
4e39556267e8976f,28177,18325124,137986,28037,18336098,137986
4e3c05e7ffa6f6e5,26760,16887907,129446,26666,16897586,129446
4e40a78807cae308,22196,12323510,139691,22028,12333567,139691
4e5c2ae8c46c76c9,75543,65682506,138776,75407,65695727,138776
4e624022cf734f93,18885,9041681,139283,18743,9052650,139283
4e6267da86a8abb4,34261,24401942,138423,34129,24414880,138423
4e750464421fe18f,35314,25465356,138892,35176,25477415,138892
4e85fca7e7b02b7a,33030,23162141,141126,32917,23175028,141126
4e8ed9d71be8fc54,15879,6000302,131214,15760,6009817,131214
4e963665486c4a69,16810,6945716,139564,16659,6956038,139564
4e9a141c410d0eb5,42687,32802865,130508,42581,32812317,130508
4e9b0fe89186d5e8,97419,87547482,129810,97348,87595502,129810
4ea194eea7ff2a27,45506,35642053,138931,45367,35652659,138931
4ec158a0fad19327,25126,15202266,142394,25036,15213375,142394
4ee54a3b85bb3c60,82352,72468303,128998,82266,72481553,128998
4f04fea984f54ad3,106129,96263215,139469,105991,96274527,139469
4f108a37b6e2cdb9,119646,109803399,138306,119504,109813653,138306
4f2d2969e8205044,102664,92803018,138646,102513,92814550,138646
4f32293eba8e205d,65307,55401524,128714,65231,55412897,128714
4f3f9f81352d320d,52328,42461860,137563,52198,42475229,137563
4f420d18a5f67269,37966,28105336,139207,37819,28116446,139207
4f43c1f71492fea6,67527,57620925,130343,67381,57631593,130343
4f614d0c3bd3141a,117282,107423583,139218,117148,107435894,139218
4f69af0172dd476e,50020,40182187,139570,49884,40192917,139570
4f9ba6f41d698d2d,110075,100210386,160853,109942,100223415,160853
4f9f6b8ac2f42d0d,48520,38682116,139512,48384,38694777,139512
4fa6bcf411bf7c33,89204,79342844,139688,89072,79357216,139688
4fce87b010db0c8d,91099,81227530,129206,90968,81239203,129206
4fd7e1fb59c09472,104646,94803372,139220,104505,94815727,139220
4fea14a3a6830536,11853,1960243,131257,11749,1969241,131257
4feadccfaba37be7,90727,80866163,137707,90577,80878873,137707
502192b40b111e1e,15037,5185021,137909,14896,5195107,137909
50246f4e4657963a,63199,53354834,99962,63120,53397079,99962
5032ee604709ad72,13458,3585150,139025,13322,3595543,139025
503eba1085ea0ddd,85849,75982625,138444,85715,75996382,138444
50464387bda0a5cb,109628,99748967,129745,109491,99760787,129745
504b07d5ee300318,104922,95063074,138733,104790,95075506,138733
50625838e9338300,96133,86282765,137331,95984,86293847,137331
506c73bd09e4b761,93552,83664902,116924,93495,83771520,116924
5076f36106a76dcc,69281,59381054,131307,69195,59393028,131307
50792e9ede9194e8,39260,29421824,138714,39124,29434343,138714
50848e498c976447,91290,81421750,130185,91153,81432718,130185
508b0833e8ea932e,40852,30981901,138126,40692,30994271,138126
508eef7797b314f7,112254,102383374,129654,112098,102393755,129654
50948f829e0eb5ec,65434,55540663,128248,65348,55558327,128248
509b938f9d6f2cef,47206,37341864,138297,47074,37355828,138297
50ac404eede30b7f,81161,71322393,137622,81029,71340701,137622
50cc2991a860da9c,38597,28700261,129589,38516,28713962,129589
50dc0c3141fa7ef7,31041,21162389,129940,30923,21174167,129940
50dc541d8d07c6e4,23340,13508351,349682,23223,13535618,349722
50e983e04a06a5d2,19981,10102184,130313,19838,10112147,130313
5105532cd1377de4,19770,9880503,131071,19656,9889615,131071
51138c6a8f7f4522,102249,92386257,157638,102115,92406272,157638
5129dfed53de6079,46960,37105185,137995,46814,37117881,137995
512c5f4b2790fcec,47271,37401680,136637,47138,37413548,136637
512e0876d0a3d1bf,118814,108947049,139505,118660,108956612,139505
51354bf7d80cc812,56689,46825404,138404,56547,46838608,138404
5178e1163803053a,31751,21881613,137693,31617,21893266,137693
517d970783a2ab81,13716,3819795,128932,13621,3829493,128932
51871812748bb201,47768,37878764,130152,47719,37891514,130152
5187baa798351ee7,109161,99288507,130702,109080,99326270,130702
5188d2362b4b8a7a,77592,67725895,138513,77460,67738108,138513
518927c09d7582dd,14290,4441414,138314,14143,4451605,138314
51980a53c02eb5ef,77901,68062624,139645,77766,68077258,139645
519b88898e0e808f,88560,78683471,130611,88435,78694138,130611
519e955c9753be4f,67145,57252268,95348,67102,57381870,95348
51a36671bac97d26,115940,106083147,138327,115793,106095879,138327
51e31da2f358efbd,91781,81921620,131089,91644,81934892,131089
51e693f2c45da504,63022,53162419,138403,62898,53176798,138403
52062b8c6f8617f7,13997,4102174,129765,13874,4111100,129765
527b8d4b2581b6d6,55980,46105122,137672,55830,46121979,137672
5292569629c50660,115193,105326118,141430,115054,105336550,141430
5319f0643f09b4db,96261,86422937,138194,96126,86437735,138194
531ea32bc1ae62af,44397,34497047,123371,44281,34505832,123371
5363398607739cf8,105976,96126632,138868,105863,96138670,138868
53640dbec11c49e1,11692,1807589,131744,11594,1817498,131744
537925e52fd9bf72,84776,74902686,138641,84633,74914715,138641
537e8edf32da507e,78151,68282542,137966,78021,68293746,137966
538950bbdebb929a,34960,25080503,130817,34844,25092449,130817
539078d5257b7777,46066,36201697,137748,45935,36213826,137748
539bb136759b26dd,17434,7607249,342310,17325,7637427,342350
53c11cd1c51178ba,49956,40105564,140351,49816,40116435,140351
53d38790d802b0b2,71468,61602352,138372,71307,61615509,138372
53e249744c0a838d,99279,89469258,348279,,,
53eb06f1ffbe4f66,55378,45533348,98316,55305,45575632,98316
5414143ce4b7edd2,86337,76441019,129560,86254,76454787,129560
542fb50f48f5cc55,93334,83480520,131314,93187,83492726,131314
54430c5a58d8f92c,58642,48782326,137766,58501,48799561,137766
545699b8a0bb2a0f,61932,52082334,139016,61793,52099295,139016
545701029c68619a,31132,21261431,136383,30998,21273155,136383
545c13900a365c0d,42250,32382082,139321,42083,32392129,139321
545fd4719a246178,94125,84261913,133142,93962,84272540,133142
546b35f178662d41,98369,88502912,137387,98233,88513860,137387
546d93aad42376ab,67768,57922346,137519,67623,57934190,137519
54729a99cc062aab,114112,104245520,129754,113967,104255788,129754
547d54401b482af8,59457,49562363,129416,59382,49598075,129416
547e79c268c42b75,86526,76623290,130913,86428,76634454,130913
549a57f0495eef2a,47581,37744305,99277,47539,37768455,99277
549e63e0216febac,58982,49105128,136356,58851,49116210,136356
54b3c7b819aea97a,70031,60162570,137884,69899,60174390,137884
54ddeb030f97ada0,68044,58189148,178884,67911,58205208,178884
54fa1e450c22f97b,60003,50162466,138524,59870,50181291,138524
5518b0473f6d8ad8,105273,95387597,131888,105197,95423539,131888
553323eec664948a,43674,33821779,137723,43526,33832008,137723
555a58a927bc31bb,21661,11739306,120264,21605,11748203,120264
556311a85c582981,109064,99249018,342392,,,
55631b2d095f4c64,12129,2262130,141399,11990,2272232,141399
559d491aee8296b0,12738,2880367,131011,12598,2890551,131011
55b6bbaf9910093c,74371,64502539,139073,74237,64514274,139073
55c076e93e6d8a86,30918,21040509,130789,30816,21053056,130789
55c2d76fc6291b3e,106667,96822846,137918,106525,96835816,137918
5607d577da2a1ddb,76193,66328488,155164,76060,66342671,155164
561aae1af83144f2,43140,33302137,139482,43003,33312187,139482
561f0acd6bd94be2,88498,78621578,132073,88380,78634154,132073
564f7b8573f3a6dd,86304,76410775,130583,86222,76422526,130583
565f47ea5cb31d29,26630,16761592,138050,26494,16771114,138050
5674585ba24dfd5e,69342,59442909,129915,69246,59461515,129915
56761ebefec09e67,37778,27921484,137149,37641,27934478,137149
56a6b0a80e1a0ce7,72161,62322408,138491,72024,62335291,138491
56b8c9372b8533dd,65676,55802047,137257,65547,55814792,137257
56c337a0001f6be8,105740,95866766,139761,105610,95879114,139761
56e37d3d828391cb,63745,53862925,130837,63610,53876725,130837
56e73ba01887d8f6,93049,83186646,139949,92913,83198373,139949
56fe2c080ecc0d16,99150,89282698,137151,99014,89294561,137151
571b2a3032e1e96c,37301,27461612,137297,37167,27474797,137297
572a18948f875be0,72890,63001104,130489,72777,63012534,130489
576f7c31bc715dfc,22305,12461700,139551,22162,12471340,139551
5781451e5b0b269d,94388,84523895,143385,94253,84535659,143385
578875a1eee5f4ab,90881,81042889,138931,90747,81058132,138931
579416442309bc9e,34709,24820348,130540,34620,24831993,130540
57a01bd568e7eef5,65587,55701933,136819,65478,55721203,136819
57b3b6d4b2b2140b,50174,40313780,138169,50039,40324055,138169
57b44890c2ae3287,75142,65282474,138579,74984,65294614,138579
57d6e33b52984ec5,83209,73342507,138203,83076,73355882,138203
57dbe1cfa44ec796,28023,18165271,138370,27879,18176308,138370
57e0cc4f9075f57f,114786,104901980,131425,114678,104911574,131425
57f05a3a0a4ad032,52804,42945481,138985,52655,42955752,138985
58023697662b1501,66781,56942494,137715,66646,56955372,137715
58038d5853004c0a,114326,104481799,131129,114189,104493036,131129
5808d89c67ba5a58,16654,6784667,136591,16511,6794285,136591
5820f45d93728ade,115342,105486287,138029,115196,105497349,138029
5824c5dd7bc03671,13177,3325266,140432,13035,3335154,140432
5827a1c3d637ff79,95367,85551061,354192,,,
583a4c10d1ffa9a6,55323,45517056,392455,55239,45557514,392495
583afca09e209266,92168,82263173,129494,92073,82274577,129494
584c3dee3ee257fc,71974,62122464,138140,71825,62134252,138140
58512836a620b9c7,67419,57482539,129596,67316,57494027,129596
585ccb2cfc1e9f6c,106636,96782865,137142,106489,96793790,137142
586bbbc0b81af765,43228,33362162,140168,43093,33371803,140168
587048d29635c921,107844,97986204,137813,107698,97997746,137813
587202d6d3d18a9e,53993,44121772,136743,53846,44135677,136743
587d0ea133e9ffe4,71079,61180793,129503,70947,61194633,129503
5894751e9f38b01d,50366,40502380,139835,50228,40512631,139835
5896fbcb1c79f566,91988,82144052,105719,91896,82168512,105719
58ada1f15bb4e225,10621,764673,156690,10486,776311,156690
58b0eb3fa75ea4eb,65243,55358006,130778,65168,55370422,130778
58b4c0988f62871c,111941,102101597,129817,111808,102119839,129817
58be7ebd5cc754c3,30074,20221699,138265,29924,20232521,138265
58ca327c76d61a9a,29600,19725032,138791,29468,19738631,138791
58cde607457030b0,40505,30620487,130144,40358,30631102,130144
58d81b2b04bd276f,113348,103442050,131760,113197,103460833,131760
58ffac123347e539,65371,55462601,130493,65291,55478500,130493
59042fafa0d6ba8b,119368,109503441,139027,119228,109517250,139027
5909dd7dee0ee756,20220,10381676,138173,20082,10391348,138173
5954387b83e55740,46901,37044563,140284,46756,37057255,140284
595c0035b9eb275e,25512,15661769,138986,25363,15672824,138986
59614f59e8025a4f,117380,107506662,138692,117245,107516564,138692
598b4ee3dbb1e66c,37007,27141762,137124,36878,27155463,137124
5994d4912f106f3a,88590,78721096,129438,88461,78733471,129438
599b2bcd44291425,81066,71222430,137878,80934,71236540,137878
59a08afb144d38bc,35020,25142527,141887,34894,25154092,141887
59b01f34968211c7,50076,40205388,137445,49942,40215486,137445
59ba330461920147,53174,43305451,137181,53039,43320058,137181
59bba67ad9b45702,60569,50705113,137734,60425,50718738,137734
59c029fc607d213f,41122,31281946,138266,41008,31291907,138266
59c8c56524d584e3,79977,70105973,138869,79818,70118643,138869
59dd84ed6abd8404,82448,72561214,131012,82359,72573797,131012
59ed08a2767ac45f,56594,46725476,138402,56457,46744423,138402
59f3b513004adfaa,119615,109763140,137519,119464,109772670,137519
5a124c90e437c552,51572,41680494,130051,51510,41690200,130051
5a4b64fc3897227f,38338,28466694,128658,38203,28477065,128658
5a56da4d99ced22b,115223,105363274,139547,115079,105375084,139547
5a5b24fee874d27a,109539,99643743,129270,109422,99655646,129270
5a5f1e429178d589,73810,63946103,139921,73662,63957290,139921
5a8381ad5999f702,72492,62647687,100157,72403,62675695,100157
5a8de558809f898e,26347,16501755,138583,26208,16511985,138583
5ad44069ce9f75a8,106729,96883116,139157,106617,96895058,139157
5af7b22398f4dcea,95778,85883074,129988,95699,85893901,129988
5afe4bfb458c3146,96478,86603225,130738,96346,86614713,130738
5b3ccd9788e4a1dd,99818,89942923,139111,99694,89956238,139111
5b57b9f8ba76a126,91536,81686144,138312,91400,81697657,138312
5b5b88e7f16b1724,75825,65965822,138038,75675,65977751,138038
5b66fc5d64bfcc54,30012,20161472,137751,29866,20173747,137751
5b6c281f09abce48,60787,50941804,136704,60648,50961350,136704
5b9d6eba48ed1be7,27315,17444975,139573,27157,17455740,139573
5bb0327bab596beb,16032,6162241,129538,15896,6171026,129538
5bc0dc093575783d,47671,37801618,113797,47627,37812987,113797
5bc42b8d1065892d,62240,52371305,152197,62106,52384173,152197
5bd348f53c183703,69751,59902342,138552,69608,59914309,138552
5c0cb1295bc955ef,60346,50482269,138387,60213,50496195,138387
5c1b296be238b5df,12070,2182410,130608,11941,2191313,130608
5c2494ed4ed0fe96,29888,20020864,129313,29749,20031768,129313
5c38d752fd0c7975,80392,70509752,130219,80298,70576006,130219
5c739999ca823ae2,25348,15461598,138752,25189,15472427,138752
5c777712129af45e,55290,45425805,138245,55156,45443879,138245
5c906637e04fc46c,94454,84586585,138599,94319,84598044,138599
5c93e53a455470dc,19326,9461607,139007,19187,9471542,139007
5ca68c3fd4aceb96,70474,60704842,365377,70421,60738192,365417
5ce8a2c7aa668a1c,37873,28021877,137475,37731,28034255,137475
5cf0463e92fac36e,102161,92322817,138364,102027,92334937,138364
5d0e12d84038fb41,96732,86866382,139376,96590,86879330,139376
5d16d6901036a0de,113578,103726573,137826,113436,103738835,137826
5d294e98706ec319,61482,51582857,130143,61392,51594333,130143
5d3cf70580b9662e,14027,4140685,130692,13899,4150309,130692
5d3d5614e145fefb,31718,21844284,143203,31585,21857693,143203
5d3f33bf8ef79f66,16590,6721663,139197,16450,6731785,139197
5d47884f0db73dcf,47702,37834900,130898,47658,37846793,130898
5d4c554395b987d0,117161,107323174,138363,117025,107334696,138363
5d51129946100533,10229,361171,137247,10081,370993,137247
5d51ddffe2f2095d,89609,79763356,142287,89476,79781992,142287
5d5d0c43b4ae31ce,66532,56682272,137800,66388,56696841,137800
5d98b2242d95875f,68140,58282654,139386,68007,58294343,139386
5d98b4189b4fa60d,78963,69102833,140294,78812,69115356,140294
5da2004d4393509f,32570,22726122,103104,,,
5db05537b2a7a06c,27608,17741922,138610,27476,17753649,138610
5db3d87501c20d6b,45281,35424389,153060,45145,35435941,153060
5df1fe63f4aaeae8,78844,68965601,137528,78718,68978411,137528
5e03e3db4073d396,27802,17941730,138843,27668,17953874,138843
5e0600a1f5e23f8f,60663,50805207,137163,60519,50817279,137163
5e11094d15a96d8c,42780,32902879,140948,42662,32913134,140948
5e1177c8969dad3d,50554,40701992,138268,50407,40712247,138268
5e1d39f90337f444,48228,38345558,139659,48052,38356854,139659
5e2a35c2c36dae1a,26566,16701649,138294,26430,16711530,138294
5e61dba57076290c,67113,57251636,71526,67073,57380963,71575
5e8ddb0e4fa8c0dc,53846,43962038,138554,53729,43972209,138554
5e9215257616d631,102755,92901612,130920,102609,92912986,130920
5e9514c946657fd2,42431,32546281,131951,42340,32556457,131951
5e983f145d997733,62121,52282224,137088,61987,52294048,137088
5e9f8bbf9f87cca4,16873,7021711,138935,16722,7031628,138935
5eaa60903128b940,80106,70242442,137967,79976,70253813,137967
5ee0f63a623a8c69,80425,70541265,129447,80331,70576929,129447
5ee52e536487646d,21216,11344578,136752,21078,11354443,136752
5efcc12e6b2e67b2,10654,795332,154056,10518,806529,154056
5efee2e2f40fdae7,94154,84302024,133030,94003,84313308,133030
5f04780c60b8881a,92953,83085400,141703,92818,83098229,141703
5f099ea4368af183,59328,49452926,114164,,,
5f09ddcce4c6832d,59974,50122112,137357,59828,50140346,137357
5f0a7421a310147a,93240,83381895,133063,93098,83393407,133063
5f1b70bb38fb7eac,109921,100082883,137303,109784,100094774,137303
5f440d27323259e2,31654,21785239,138955,31521,21797167,138955
5f53033f02a2632b,108312,98444393,131945,108173,98455551,131945
5f57771ab8c51b00,62370,52502155,137708,62233,52515305,137708
5f7f758007574952,82729,72845937,138494,82606,72858585,138494
5f8cecabd2e954c3,69901,60042533,138267,69747,60054671,138267
5f98131666597fa9,36036,26185008,139229,35897,26196197,139229
5f994dc68ca57a7c,61607,51720532,128768,61503,51739711,128768
5fa3bd9e0f4ded21,15155,5292852,138790,15020,5302896,138790
5fa3c7364afb8f0e,112093,102226247,138245,111940,102238540,138245
5fa416963a34961e,14975,5121836,139876,14823,5131580,139876
5fccac4ced59837b,88130,78285076,100224,88027,78308163,100224
5fcd5726de4e04f9,67271,57321415,121217,67211,57385308,121217
5fd84fe5139b3189,92232,82343242,141152,92134,82355594,141152
5fddd40306f0f04b,102123,92283310,138310,101991,92294824,138310
5fe0c34b7ded739d,76097,66225773,138642,75964,66237135,138642
5fec4a617c8bbf06,119801,109962272,132991,119663,109972328,132991
5ff3106f1bcd3039,34868,24980439,130502,34765,24991734,130502
5ffd992a3ed9a968,22400,12568166,177175,22272,12581648,177175
6005007bf84b2d52,29006,19105033,137969,28903,19116384,137969
60097e281e13e4ee,69693,59840758,129611,69550,59853344,129611
6009d04280c0a31d,52005,42142315,138394,51877,42152760,138394
600b234508cd778a,21629,11718938,95617,21578,11726396,95617
602b973389bf715c,43048,33201752,138149,42905,33212551,138149
60365c60a3f4ad90,15476,5647800,346914,15365,5678339,346954
603d6054436c3e7c,55040,45202098,138321,54905,45215396,138321
6058e312bcc788dd,59111,49242270,138363,58978,49253590,138363
6069a0f12cda2443,92565,82702696,138320,92417,82714575,138320
607854a5aa88fca2,16241,6401832,140529,16103,6412246,140529
607ef813a0214868,97227,87362759,138371,97088,87375696,138371
607f968afac9f850,30542,20680197,129978,30407,20691588,129978
6099d8af11434c97,63249,53374036,113695,63170,53398244,113695
60a36fd2b7f253af,25819,15943869,129967,25683,15952999,129967
60a7a30e1d3401c9,43952,34082029,139277,43817,34091816,139277
60cc8d3c886b6369,83121,73282979,138890,82985,73295644,138890
60f0904a1074a120,14173,4304891,137534,14016,4314600,137534
611144296e439782,54051,44195459,138957,53908,44205380,138957
61136c0a85247391,46843,36980710,130180,46684,36991802,130180
61294d3ba94fcf04,13023,3165119,138640,12877,3175402,138640
612e01c62a4dfe1f,44648,34722730,130054,44495,34732351,130054
615561338ecb9c52,51732,41842258,140391,51658,41853537,140391
615cff4a2fa1eb2f,119239,109366300,138165,119102,109375644,138165
616c1aca71094391,59797,49925674,136816,59679,49937716,136816
6181a6b547a864f3,64387,54521991,136223,64250,54538909,136223
619650028a4c0915,104768,94923047,138846,104630,94935255,138846
61a4f5b10e30f5ed,60033,50185656,137637,59904,50197256,137637
61ad1af36a84245f,73715,63846136,139711,73572,63857163,139711
61ae8f8dbfe0280a,117632,107766884,139056,117489,107777044,139056
61b5f05c58cb82f2,17209,7341740,139082,17074,7352011,139082
61f73ce3053c032d,25883,16022330,141458,25745,16032204,141458
61f7dc3012213055,34359,24485557,139434,34226,24497269,139434
620e3fa49b88e793,32033,22181987,139950,31887,22194779,139950
62128a64e69168d5,49085,39225075,136836,48938,39235362,136836
62166f726cb550f9,14086,4204115,141888,13946,4214202,141888
6226201951234fe3,78182,68322306,137835,78053,68335325,137835
622dd7059167edf9,51396,41596290,385436,51327,41642581,385476
6245d7721d13b59c,63920,54065594,136960,63780,54078555,136960
6276012e1e8ef5da,47141,37282098,137144,47010,37300509,137144
627f1a82c0319ab2,119889,110021704,129547,119752,110031601,129547
6297b6170d8cc0dc,46872,37020887,130685,46723,37033763,130685
62b37e15424b85bc,112673,102928092,345399,112643,102959275,345439
62d1dfb743b7fb5f,75794,65942556,139011,75646,65955305,139011
633506dd21fddbff,56243,46402362,139093,56113,46421275,139093
6337edc7170afcb4,69999,60131722,156549,69867,60146484,156549
6343fa23985ae058,93649,83741440,130786,93587,83773882,130786
6347097815ec8d8a,108502,98643257,139573,108352,98654975,139573
635956307350fecd,46357,36460721,131557,46270,36484885,131557
63625467d29382bc,105651,95766167,137496,105538,95777921,137496
63d0613bb6e03b7e,33061,23185233,136963,32942,23196963,136963
63f2e2edc62c9473,90274,80353834,129934,90194,80364669,129934
63f368165259a344,52554,42685381,139029,52420,42696058,139029
63fb54cf79990116,43861,34024299,139500,43725,34034469,139500
6418920235cf7a7a,10435,584742,139027,10293,595011,139027
641931e1c593f027,78722,68842520,138864,78617,68854845,138864
644095780a4dfc85,70761,60854939,129248,70702,60874134,129248
647277b5cfe43f2d,87379,77505770,137188,87240,77517892,137188
64d305a690271c95,86676,76803320,140734,86553,76817560,140734
64e5e4f1cebd211c,18445,8581565,138960,18309,8592642,138960
64f66eafbc688c6d,111995,102125589,142208,111843,102145010,142208
64fcca2b8c61c553,75638,65782713,139128,75499,65795824,139128
65046503527efdaf,57643,47740466,128917,57556,47751700,128917
650be3354d0967d4,42464,32580245,129353,42372,32589399,129353
651934ff47d80801,27641,17781402,137539,27508,17793384,137539
652444d2d7338a66,106006,96162994,138716,105895,96174681,138716
6532e446bb3e7e36,23151,13302404,131243,23014,13312602,131243
654ceec2d7ba4632,47894,37968283,129354,47826,37981057,129354
654d32129d6b3289,98815,88963023,139379,98667,88977371,139379
65505eda7b46a006,54479,44605480,138950,54348,44616044,138950
655cdb6aad1ed411,114508,104643635,141599,114375,104655480,141599
656520e5cd25a9ee,16964,7105019,139181,16815,7114774,139181
65677ab9dc1eb198,103631,93746266,138740,103512,93757696,138740
65707e0b146751c5,62338,52465347,138892,62201,52476595,138892
65b1f1b6c0e55241,116034,106183315,138469,115884,106193050,138469
65b831f711dbe398,10685,821219,137971,10550,831370,137971
65b9c6591865a530,19579,9682374,130922,19477,9692928,130922
65bca7b25f65ee64,91196,81325242,140789,91062,81337764,140789
65c258fa49b77f81,50430,40565339,138749,50289,40576223,138749
65cca785c27e76bf,66377,56502781,129776,66242,56513526,129776
65e5032e131372f5,39701,29841704,137520,39563,29855279,137520
65f674157557b165,72799,62901017,129466,72697,62918125,129466
661af0ce3e28c184,108182,98322854,138062,108047,98335817,138062
661e12205af8795d,105497,95604305,131633,105408,95614899,131633
661f3d516d4e0e8f,71026,61103709,131756,70911,61114977,131756
662f1efb6a4a853e,106575,96722941,138662,106425,96735422,138662
6636ca06f666c1b0,81282,71422787,138966,81148,71436245,138966
66452c8bff6779c3,113167,103228470,136875,113091,103243365,136875
66644577535d40e2,56658,46802044,137862,56518,46824019,137862
66a4a7f3910c945b,70283,60424507,130740,70144,60439830,130740
66bbfb2e3ed42724,67921,58084553,151714,67788,58097895,151714
66bf2ac365b7b8ab,82480,72583280,130847,82390,72594309,130847
66c63c03c92b8638,59768,49902579,139943,59655,49916459,139943
66c94878bd397753,107933,98086793,138889,107800,98099372,138889
66d5764716eca5d5,78754,68865955,138782,78643,68878570,138782
66d62f32707897ee,118060,108203109,137869,117922,108213496,137869
66df981fad6ece3a,16122,6261343,137446,15973,6270819,137446
670910ac5753b583,94772,84921590,130138,94628,84933607,130138
671e81e7654dcc09,77684,67826107,138170,77550,67838186,138170
6755863c4ffc78f0,17086,7241380,137711,16946,7251843,137711
677790b374825266,12834,2962090,130365,12691,2972100,130365
67a14660f42041dc,105369,95481508,129918,105290,95494865,129918
67c9671c3d96679a,64129,54262370,138655,63996,54279568,138655
67c975d19bcae509,104271,94403268,140228,104135,94415905,140228
67cd4422a5318e61,78021,68162845,138839,77865,68175242,138839
67d71dd3d7e943c3,28116,18261833,138785,27967,18272844,138785
67d832415f50beb3,113016,103115007,130379,112975,103130614,130379
67dd444f63d62b30,83901,74063007,140560,83765,74076190,140560
67e554051ebb8cb7,69577,59702769,129569,69427,59714058,129569
67fc61e5420add74,96447,86581190,128890,96315,86594067,128890
681bb63683190a2e,28670,18824857,100131,28584,18852130,100131
6835fcea8dd708b9,17402,7541499,138567,17265,7551833,138567
68571402aadb0194,57794,47900704,130420,57679,47912574,130420
68625ad904afdc4f,47302,37441821,138038,47169,37455631,138038
68675ae471297638,56183,46341906,137646,56048,46360219,137646
689636fabb1feb36,84184,74367922,339312,84083,74399722,339352
689b4058da0540fd,46002,36142072,138356,45871,36154228,138356
68a727ffbd8a1f1b,41752,31901998,138028,41626,31912103,138028
68a759881930c624,100735,90882789,137839,100588,90895684,137839
68a86cbd83d5f64d,110139,100272123,154925,110007,100284749,154925
68aadc7ac96f1104,72829,62940934,130042,72724,62957302,130042
68baf8a1c0b16505,67686,57821931,136287,67524,57834650,136287
68bb3329b75a55f9,34327,24462010,138745,34194,24473903,138745
691947606f9cf955,18477,8605015,138595,18341,8614708,138595
6928929fc3693ef8,42561,32680449,130324,42466,32690309,130324
69349cbf704edc0c,39381,29521743,137198,39225,29533316,137198
693e6b4b1cc776cb,39763,29902605,138083,39622,29914462,138083
6949d41758b2dd0e,13652,3767071,131183,13557,3777416,131183
694a089c7e7cad38,39574,29705182,138623,39440,29717192,138623
695553f80164777c,45160,35321899,138463,45023,35331995,138463
6958034a5564648c,58735,48881915,137328,58589,48893369,137328
699a0dc99dcdbd5a,75732,65865736,137934,75588,65877506,137934
699d7c668b662175,41498,31642122,138575,41343,31651978,138575
69afe0aeb7f3b311,76633,66743068,130445,76534,66754492,130445
69c248fe6665276f,43643,33782202,137269,43497,33792670,137269
69ebf3c6ccafea5f,115844,105983335,138405,115702,105994674,138405
69f174463a6132fc,71321,61463184,132392,71173,61474572,132392
6a23419a00ce3be3,70407,60562462,138677,70264,60575521,138677
6a2eeea3a245f5bb,111574,101703703,129643,111435,101714385,129643
6a4690731371a3e8,75171,65322423,138444,75025,65335610,138444
6a5a9f6a31782424,74598,64700938,129552,74513,64728709,129552
6a6d85350866f85c,102970,93102895,138387,102837,93115564,138387
6a76c5862d0e45ec,31462,21621809,139243,31327,21634095,139243
6a84cf2c5c60bd23,33179,23321641,137513,33037,23334797,137513
6a84ec9939273cbf,85979,76106125,139010,85844,76117966,139010
6a851a52dea525be,80859,70985866,138345,80719,70997993,138345
6a91c16e848213e7,36382,26521824,137774,36247,26534523,137774
6a96e9ebfc81dfa7,80830,70962532,138694,80696,70975445,138694
6ac5e360fb97bb08,103231,93386711,102057,103132,93413335,102057
6aca4ea6ae9a0750,26286,16441680,138548,26147,16451546,138548
6ad6c489f35fcfa3,31814,21945209,138872,31679,21956310,138872
6ad6e6bad045e70e,60475,50605575,137465,60336,50617042,137465
6ad830ca3dbe22d6,109479,99583935,130125,109373,99595087,130125
6ae2f69dfa765575,29302,19441826,139797,29144,19455070,139797
6af5767a6f2e7ddc,100021,90163045,139064,99869,90181478,139064
6b0b4b32b107a0a6,75200,65345734,138321,75057,65357684,138321
6b0fb4c406033e42,85727,75882880,139544,85589,75894118,139544
6b1dc8618f1d68d9,99605,89707307,139044,99515,89719842,139044
6b1fca81af4768e2,18049,8185025,138602,17901,8194238,138602
6b32399b42c97cae,15910,6040042,130353,15788,6050270,130353
6b464f410856083c,60248,50385376,156987,60118,50399502,156987
6bb854e14c9a2cbb,87503,77642822,139234,87357,77654642,139234
6bdc8eedf8c0c623,32433,22565373,138597,32300,22576560,138597
6bf25f62628c0732,69634,59781259,131313,69487,59799713,131313
6bf6b942d33ba486,44928,35062415,140368,44763,35072736,140368
6bf8acd0f90716f5,51086,41222169,139042,50947,41232916,139042
6c12521389c9316b,71293,61440762,129140,71142,61452447,129140
6c50c1838477e2c3,110204,100341664,130580,110070,100353088,130580
6c5e7858556ca467,96977,87126080,137622,96842,87137904,137622
6c65abdf05445080,97259,87386139,138577,97120,87398314,138577
6c69054cbaba6a70,68727,58860847,129706,68597,58876974,129706
6c6cfc1852a5eff6,19358,9501633,138087,19218,9511859,138087
6c829de3bab5a249,47076,37205108,138278,46945,37217529,138278
6ca61425510e61a1,20099,10241337,137323,19942,10251473,137323
6cabf166b325c3ae,57704,47802617,129295,57607,47814196,129295
6ced20feb7896466,14694,4824664,137326,14556,4834565,137326
6cf3de2e60169037,33768,23902079,137602,33628,23913661,137602
6d10d040c7b6355f,101513,91623669,130827,101413,91641005,130827
6d11b0695d01a9c7,81601,71742700,139657,81452,71754322,139657
6d3dc7cb8bcf824e,76536,66661297,129400,76442,66674144,129400
6d48072711339367,95523,85625693,130480,95473,85654883,130480
6d550d94a271f55f,58861,49022616,138824,58726,49037789,138824
6d57420a09482594,36188,26321936,139890,36055,26334279,139890
6d72e50883352e35,11187,1341403,137910,11045,1351525,137910
6d789f8a75b38eae,23275,13402601,131419,23137,13412690,131419
6d83fd5bec987590,11885,2000284,129770,11779,2009462,129770
6d939a1900c68ffd,81663,71814100,137727,81518,71827518,137727
6d95841264781f6a,83623,73762529,138082,83479,73774107,138082
6da32fc7648be98b,90756,80903019,139980,90606,80914902,139980
6dbc6d71443dc7ad,35078,25203889,138670,34941,25215011,138670
6dccdb634fbba953,68455,58600665,129389,68307,58614583,129389
6e04be7f5eb5f395,97738,87845243,141243,97641,87857806,141243
6e30b75edd060803,105887,96043127,138354,105745,96056206,138354
6e83fa59ea7afe16,106418,96563177,139102,106265,96575311,139102
6e9946bd2b2252e6,51457,41612937,101198,51397,41652592,101198
6ea3dcc3e42a377c,64544,54685660,139179,64400,54697246,139179
6ed4e2c660b108a6,74121,64282683,138794,73985,64296056,138794
6ed907fb7157a9b4,79262,69385506,137099,79099,69396840,137099
6f053c5dc8676c51,83592,73726224,139346,83449,73737976,139346
6f107cd5b1ec3cff,37095,27225043,138328,36945,27237717,138328
6f17d48749775aea,106849,96983104,138821,106713,96995622,138821
6f1b45d0d76f4924,63086,53222151,137407,62962,53236750,137407
6f3353002b79c70c,35138,25281888,138572,34989,25297004,138572
6f391a8cf8a26aec,101270,91425178,100169,101164,91471485,100258
6f3b3d11000f1eaf,50303,40442027,138475,50166,40452932,138475
6f42496f02331026,50523,40665320,139375,50377,40675549,139375
6f6018e4bca0b8ee,15559,5687074,131091,15453,5697269,131091
6f9509c2a54f3468,12673,2804737,140005,12536,2814740,140005
6f9e68413ac064dc,37400,27561824,139406,37264,27574639,139406
6fd0cd6bb0f1b8a7,69663,59803520,131065,69521,59822322,131065
6fd7b09f0746d090,51701,41802732,129614,51630,41811914,129614
6fd7d67f3daca0d6,54701,44842031,138278,54562,44852447,138278
6fe25a42d1748483,69966,60105244,155177,69834,60119274,155177
7000a20219c0f49d,113299,103367070,139235,113169,103379752,139235
700dae3f6e8518c4,43518,33662000,137314,43378,33672521,137314
7019883ff53c4975,54543,44682189,138991,54410,44692643,138991
703a5307ce3b4e4a,107816,97962930,138429,107665,97976736,138429
7079819a818a8afd,118931,109083487,140256,118784,109093236,140256
707adb9636f71b94,97370,87525494,99999,97287,87594807,100088
708642adc72ba3e3,89300,79441446,131751,89164,79454108,131751
70955abae0a4b64a,114914,105023424,128873,114803,105032899,128873
709974cc135aa353,12961,3101465,138773,12811,3111342,138773
70abc2cfa55af82d,32619,22745444,114481,32540,22848363,114481
70ac8f61dfb8b06a,17775,7900192,130271,17662,7909858,130271
70ca53366810fcc0,87122,77246316,139182,86989,77258393,139182
70d5582eb2484d0a,98281,88442915,138502,98145,88455253,138502
7115822d13b943c9,49393,39521656,137105,49263,39532717,137105
711d8b660a6a3fa4,55226,45362293,139081,55093,45374357,139081
711de56efbafa03a,110891,101021963,131773,110756,101034559,131773
712aa6147ebab8d7,110578,100729691,141051,110444,100748193,141051
712b3ef7eb9112db,83715,73862778,140001,83565,73875058,140001
712e053d47b41147,91259,81385287,141403,91123,81397356,141403
7145b19c28344b2c,81539,71682594,138487,81394,71697936,138487
7153827e838cdcdf,60314,50450910,154896,60182,50466398,154896
71543f1ac7f073d6,102062,92222917,138562,101927,92238299,138562
716da228ea3d4ae9,85481,75622668,138363,85341,75634451,138363
7182d6bb31944da2,106482,96622791,137643,106330,96635947,137643
71863e9774d1fd3d,37618,27762014,138972,37485,27775627,138972
718bcab4385221db,38500,28625332,114204,38421,28668481,114204
718fc15bbbaa2507,63506,53602885,130258,63412,53614027,130258
71929629c53ebe13,112317,102462787,137172,112164,102474979,137172
719675c39f04cb54,100197,90326972,139647,100072,90344723,139647
71a8c86cefdf381a,53692,43800454,129346,53596,43810105,129346
71ad9416c16e12be,21814,11846831,129873,21721,11855725,129873
71b2959cf556a981,13875,3980246,131009,13769,3989162,131009
71d7a86f61fc8dbd,19832,9942354,131339,19711,9951502,131339
71d978d00afde402,30949,21062446,130140,30843,21074367,130140
71e2cab9c8f097d7,86909,77062468,138124,86765,77075552,138124
71f9b6d364d3e69b,33546,23684956,157019,33412,23700169,157019
71fe17341dedac2d,17055,7205048,139419,16915,7214588,139419
72158960f8e2faac,17518,7643232,114378,17413,7652828,114378
721688bde526187b,61668,51780770,129905,61555,51797336,129905
7224604307b44cf8,12929,3064125,129752,12782,3074073,129752
722b2b529c6301ec,91163,81301485,129760,91031,81313981,129760
723000c2c50e95cf,66870,57014065,137756,66735,57025996,137756
723a5543b12434ee,57387,47512884,114754,57316,47624304,114843
723bd9fc054d7362,103989,94142999,138316,103848,94153914,138316
724732423659d63d,106194,96329432,137901,106054,96340729,137901
72546b323a03da9d,42121,32262089,138312,41968,32271748,138312
72b69e52200dbb5b,119272,109403192,138415,119134,109412839,138415
72bbf4828e00fcec,76790,66922942,139736,76675,66935902,139736
72eed7593856ca8c,90700,80842943,139869,90546,80857453,139869
7339710ff6b3555d,73067,63202328,138054,72922,63222646,138054
735d2b2584eaa4a0,95808,85921447,129560,95722,85932991,129560
7360439bcb837296,58321,48464801,153643,58188,48484999,153643
7365794d0dc6c2ee,39510,29641791,138279,39377,29653052,138279
736d10146e37c872,96104,86253483,139302,95956,86264956,139302
7388f38b7d988d65,87251,77382846,139506,87116,77395223,139506
7391a4d2032bc628,25005,15080431,130165,24937,15090898,130165
73af7f38e53f8174,112411,102563492,139289,112288,102575706,139289
73c84b75d062c16f,20935,11084868,138282,20795,11094535,138282
73ccf4446baacf94,17176,7305086,139600,17041,7315512,139600
74037c6cb01e2edb,64978,55102789,130113,64845,55113554,130113
7415f92b629f7259,71501,61625859,139339,71363,61637796,139339
74218f1cf96bd2bd,25539,15684880,137105,25393,15694712,137105
742340279dcd2bef,114265,104421819,129619,114124,104435424,129619
74312121ffdfbed7,53238,43365533,137963,53103,43379326,137963
74437b84740ea6f3,39794,29945076,157768,39652,29961037,157768
744d1e10ca8c25f9,70126,60262300,137439,69993,60275432,137439
7457190b0eb8dc0a,27866,18001779,138594,27730,18012892,138594
74841c9a3fc059f6,41184,31341774,138236,41071,31352020,138236
7495730b0b72ba61,76471,66586831,132191,76379,66597683,132191
74d7b2b80235132a,23307,13442006,141464,23169,13452681,141464
74d92b55898e0095,80740,70862481,138256,80621,70875682,138256
74f96723158a9ac8,20814,10961495,137994,20666,10971749,137994
752cce872ae6f47f,57057,47185820,138873,56925,47197608,138873
75679f6b8e6a711c,26436,16565139,138787,26302,16575683,138787
756ef528ec8ce161,27929,18064966,137898,27790,18076388,137898
757d22738fbec70e,60281,50424744,153556,60150,50442426,153556
75a7e14a6ef0bd2b,29273,19405422,139136,29120,19417700,139136
75c88b5f91dd6e38,49115,39261954,137805,48968,39272628,137805
75e52f21ac597769,55461,45571991,115160,55387,45588097,115160
75e8561d425b5a67,88529,78661450,130213,88408,78675042,130213
75fb5f31cd424bb4,73965,64104656,130592,73818,64115243,130592
76188419c0eefa09,48202,38321973,138261,48034,38334328,138261
762a1e73fa9813d5,47492,37719348,355582,47440,37758152,355622
762b1238a5dbe130,56626,46762182,138177,56488,46779036,138177
76465c7c30253c4b,39083,29221664,137161,38923,29233458,137161
7653befd73fd6f11,75701,65842475,138422,75558,65855691,138422
765718d4bb957d3b,108869,99003490,140249,108737,99015238,140249
765f81dc819b0121,16272,6425394,139016,16135,6435245,139016
766650778a2f01e0,115618,105746638,138539,115483,105756210,138539
7669033467a92a77,24054,14182316,130517,23917,14192601,130517
766c621ad218624f,112887,103017503,117075,112856,103029413,117075
7675cf8db29780bb,98846,88986365,137956,98701,88999383,137956
768cd2b51b9d700b,76390,66545149,99553,76285,66593229,99642
76999877cd139a74,68695,58823049,129995,68565,58839898,129995
76ff1354f06fa08c,51242,41382019,138325,51096,41391993,138325
77313ad779491413,118211,108367176,102258,118123,108384573,102258
775d8851b8338ce2,110267,100403494,141012,110132,100415308,141012
7767bbc993613d9f,68976,59131426,99948,,,
776e6ab99f3b0e00,75446,65585010,153776,75312,65599469,153776
77a3230496a12461,55714,45820808,130697,55621,45834557,130697
77a704892e374f86,38401,28588809,347352,,,
77a8669646a07a91,118609,108723192,138300,118495,108733112,138300
77ac206f04468185,94301,84461701,132036,94163,84473602,132036
77c8b89a7b8caaf7,113826,103961760,130507,113690,103975558,130507
7808ecb00c8de8f3,60695,50842027,137615,60550,50856394,137615
78092a10374a52d7,95620,85723258,131060,95564,85734471,131060
780ef49ebf28e761,33706,23841855,139125,33568,23855085,139125
7823a2d2a12f5bd7,52925,43082070,138604,52786,43093334,138604
7824ae87e8283733,63658,53780883,130045,63541,53794416,130045
785a5b70a4440c87,114606,104743255,139602,114472,104755551,139602
787164d7baf28b47,98499,88626178,138250,98361,88637321,138250
7875f781cd0b52e6,64259,54402301,137427,64125,54415955,137427
78865aec6966884b,104142,94266299,138907,104008,94277452,138907
788fa66c722d2fd7,30611,20766156,101424,30509,20816396,101513
789b9854e5e6631b,46668,36780916,129894,46546,36792125,129894
78b1818585b45d9c,10464,621516,138648,10323,630906,138648
78ba014696dee2f3,113955,104093223,130071,113817,104105300,130071
78baf16ede37bd3f,57548,47640553,129307,57471,47652243,129307
78c74fcb436b03ec,96916,87066337,137917,96781,87078865,137917
791c239794159472,41627,31761965,138851,41467,31772757,138851
79242741ee56a253,25267,15360301,130798,25135,15370454,130798
7965d09513a6329e,65877,56020692,128231,65725,56031180,128231
797bde72c5eaf830,46421,36520581,130668,46331,36531044,130668
797c02a67904797a,22908,13042719,130894,22763,13053071,130894
79aba6db498bbe88,14631,4761867,138484,14494,4772096,138484
79ac10051e735a15,66218,56351434,155304,66087,56365929,155304
79e398fefe4265b9,37746,27881788,137993,37610,27893901,137993
7a022142f50f1343,41280,31441596,137311,41160,31452083,137311
7a42ce6fee2784d5,22999,13142483,141085,22847,13152901,141085
7a43a80be9172ba2,75084,65222205,137330,74926,65234979,137330
7a543e61fcc4fa43,94646,84781589,130741,94507,84793389,130741
7a5815ffbe000973,61098,51224983,137156,60962,51236656,137156
7a6fa08880f088fe,40913,31045791,138758,40785,31058412,138758
7a9602b087b8ca10,28944,19044661,141543,28848,19057481,141543
7a96d6649c794f88,65210,55335846,114024,65135,55358051,114024
7ac306d13bd34f97,109385,99483839,131000,109293,99494281,131000
7ad30c87636d7099,70728,60833115,130688,70672,60851989,130688
7af1b2cf34ddb1eb,69402,59502521,129167,69294,59518351,129167
7b109d5f882356ad,95459,85584185,118065,95410,85653321,118065
7b18bd8064c1bbd0,92263,82365140,129510,92162,82375457,129510
7b1b8de74e0bd6ea,52393,42521846,137062,52263,42531630,137062
7b24b550005ac82e,115812,105946965,137778,115671,105957365,137778
7b4ae0d13a33cb76,18315,8445190,139946,18179,8455102,139946
7b53e7ecd54588b7,116877,106986821,138350,116712,106997172,138350
7b563f73367b22af,67579,57684948,129244,67413,57699678,129244
7b6bb2290de78fb9,51886,42002181,138762,51786,42012727,138762
7b76058ee81e0fbd,87441,77583200,140440,87299,77595668,140440
7b7b7471f20f7bba,58916,49045923,138251,58785,49058289,138251
7b9aebcfc625cdb5,117756,107903387,138871,117605,107913723,138871
7babb5fa15523ab3,45215,35348454,157426,45080,35359396,157426
7bb557ef4e91c1e6,96163,86322652,137668,96024,86334719,137668
7bbb7bea299edfd7,95335,85463503,130084,95200,85474565,130084
7bc4455bdd181baa,42000,32161687,138031,41878,32172609,138031
7bdc75a9ec1046cb,33327,23481778,138999,33187,23494172,138999
7be7920f12dfa998,73872,64005616,137695,73720,64016980,137695
7bf4863c18836290,72035,62186131,138803,71898,62198223,138803
7c1bf5d04cef6486,32247,22402324,138722,32108,22413758,138722
7c38a84bf9e59ed6,75855,66002369,137903,75704,66014380,137903
7c3cbe1cb4a32350,110393,100543352,139465,110254,100557197,139465
7c551173bd546e5b,55805,45920591,129493,55695,45933575,129493
7c62eff24e8d14d1,23813,13962052,139055,23686,13971826,139055
7c87e3d5ac0660dd,113248,103302906,137426,113141,103315837,137426
7cadc154651066eb,22815,12940461,132427,22677,12950404,132427
7cc7a88af340dad0,101670,91803295,139255,101555,91817251,139255
7cd3916c55128f5f,75026,65162686,138085,74881,65175544,138085
7cea24d438bb901d,113109,103181399,130959,113050,103193430,130959
7d24dacebe47815c,52426,42565415,158547,52295,42577183,158547
7d2be309d0bf017b,29244,19381970,138934,29098,19397374,138934
7d7ae73dcea86952,33297,23445296,139257,33158,23456796,139257
7d7f9f2ef99b2516,107549,97661809,131136,107444,97673691,131136
7d81c685e9d3f50f,98212,88366151,139270,98078,88377119,139270
7d8de07e3d5e9189,79141,69302482,136965,79005,69316242,136965
7d9575c2de8a9835,92887,83021426,130677,92752,83033452,130677
7d95770849ff2754,77623,67762525,138259,77490,67774345,138259
7daf5eb5d9e1b5ce,17371,7501654,139116,17234,7511877,139116
7dbc6512d4f6779e,48338,38481924,138140,48184,38494555,138140
7dedba156f54e7ce,57420,47532387,115170,57349,47625086,115170
7e2022a1c818a525,27109,17222284,141735,26991,17233358,141735
7e21f4038533a81a,56094,46242170,137912,55947,46254910,137912
7e239cf28476d454,21000,11160450,131752,20861,11170151,131752
7e264688319b79fb,40602,30720575,130991,40452,30731744,130991
7e295d958e291f3f,48175,38282493,138617,48016,38293604,138617
7e2b45630d1c72fa,48706,38842114,139257,48567,38854154,139257
7e3575c606181080,28751,18869032,130857,28666,18880135,130857
7e465a165b2aa58e,30348,20481690,138035,30215,20492519,138035
7e4f7df3feaca05b,92388,82503525,142819,92272,82515125,142819
7e53c571bfcc28b3,105590,95705665,140888,105489,95718568,140888
7e585fa16a22b31f,39824,29968197,137189,39680,29980476,137189
7e68d0348303c09d,23029,13181482,138187,22883,13192009,138187
7e84bbcddab864ef,81443,71582289,137513,81304,71598879,137513
7e93d029b8540162,105305,95421854,130634,105228,95435188,130634
7ea34fe63851734c,25096,15162820,130684,25012,15172990,130684
7eac4661582836bc,86190,76344687,98645,86109,76367761,98645
7ead056ef432eb33,32970,23082408,129952,32867,23093661,129952
7eb2c8efe246bcbb,115102,105223525,130203,114975,105232825,130203
7eb6f19fe91da626,98243,88402687,137912,98109,88414758,137912
7ebc12c2e182eb9d,38662,28760487,130035,38577,28771914,130035
7ec57e185c94806d,75606,65742496,138719,75468,65754264,138719
7ec9995d8b3f8232,24941,15036536,130259,24879,15047281,130259
7f14363cce14f8c7,90304,80381522,130780,90220,80392205,130780
7f2673ad8c439f79,46756,36880506,129230,46616,36892032,129230
7f2c18f9fdaadacd,95302,85441490,131917,95168,85454258,131917
7f392d0e09cdca62,12099,2220144,130176,11965,2229487,130176
7f5974535bda1872,22624,12762039,140202,22494,12772750,140202
7f5f0631d4ede66c,12275,2421704,139219,12123,2432216,139219
7f64b75dff8db42b,114883,105001644,129608,114773,105012564,129608
7f8b0624a58e2ebe,90424,80503427,130840,90313,80515054,130840
7ff216e182d491be,41690,31825258,139106,41561,31835542,139106
7ffc6db0c91a1d2c,117249,107382944,136997,117115,107392630,136997
8010fd7b52fc2194,64575,54722055,137003,64429,54733855,137003
803390f4226add16,16903,7053130,139521,16754,7063150,139521
8037dc25ed7336d9,23437,13564192,116656,23325,13573124,116656
80568399dc87adba,38967,29085062,139162,38831,29096338,139162
80864aa15eb425f5,82319,72446478,130857,82234,72480529,130857
80880d7f71258fe5,67740,57882266,137882,67583,57893397,137882
8094591e54fce851,53206,43342311,139861,53070,43357292,139861
809759711fc074f9,29793,19925163,137819,29658,19936252,137819
809b1b7664cf9f79,24532,14680468,132173,24384,14691283,132173
80a2b45cca168e5f,28208,18361498,138067,28068,18373302,138067
80b4345510e6d682,54414,44551267,153976,54284,44562410,153976
80d53544079ddb72,15067,5221455,138309,14926,5231673,138309
80d91e0eed34431d,26380,16541704,139140,26243,16552670,139140
80dba9f2e313eb6e,61962,52105544,137494,61823,52116635,137494
80f7b6d7d5514812,60817,50965008,137501,60684,50985676,137501
810d36364c43a43a,87564,77706170,139115,87414,77718273,139115
811274875a64ec73,15188,5321780,140063,15053,5332485,140063
811370fda87a8c44,111358,101483116,138717,111204,101496282,138717
8114ee5a77e045d5,70884,60943160,130435,70807,60961738,130435
811e4d1f3d7ed53e,46814,36942251,130425,46661,36953735,130425
812a8352600e5691,71820,61961084,130586,71678,61972959,130586
8142d8599909a7fc,14565,4701465,138825,14430,4712076,138825
81753335c485a218,10500,661497,139012,10363,672247,139012
818b84b67f8875a1,29127,19241672,138498,29005,19253328,138498
81a6d5fd5de7d15d,108408,98541836,130390,108264,98553297,130390
81b538f1f623b56d,48961,39102005,137506,48809,39112020,137506
81e0af2c97fb7cf7,34423,24561916,140001,34288,24574270,140001
81ea9f39a357d358,30381,20524791,155783,30248,20539028,155783
81fe83c1f20c8efc,101140,91267992,128726,101006,91278994,128726
8208a0fe954e3e5d,27017,17120453,131485,26910,17129687,131485
820d0a26eb5a0ac3,113446,103563047,138043,113264,103574860,138043
8211c522ec52fd60,28147,18301831,139478,28004,18314259,139478
82201d4710bcc47b,82416,72521346,130693,82329,72531933,130693
8234c5279ab8e7e3,57735,47840675,129568,57633,47853669,129568
825772bd7c2d4d22,24844,14972296,114828,24787,14981161,114828
82624861fa402262,73332,63485660,139192,73198,63498127,139192
8286f1637c7844c8,58255,48402450,138246,58123,48415983,138246
829d88beab000e22,89641,79802978,139087,89508,79815598,139087
82b5d3cfb9f0dac2,34196,24325654,139425,34064,24337677,139425
82fe3ab3bcfdb935,71882,62022527,138525,71737,62035338,138525
8300cd90098dc091,14319,4464818,138716,14172,4475212,138716
833e8d7b6fa2139e,93806,83903371,142001,93723,83915866,142001
834b5174ee882a66,84921,75066169,139209,84776,75078079,139209
83553fdb3714d08c,84022,74162818,137830,83890,74175012,137830
835ce4c2a80075a2,16461,6585558,138482,16324,6595194,138482
836257d437f48f2b,68858,58985142,136155,68726,59003300,136155
8399f36f3eb5bdd3,117570,107707126,139169,117430,107717323,139169
83a199d0af454bf4,84951,75102606,138850,84806,75114955,138850
83e0222f364c3feb,94615,84743906,132282,94477,84755707,132282
83eaa67a8c2d8365,68076,58212118,136134,67943,58223955,136134
83f8164633eb801e,30886,21000434,130101,30787,21011808,130101
84033cf8116024ec,72542,62669712,130181,72453,62688586,130181
840a4affb235e381,68394,58541385,131322,68250,58555336,131322
84207c0c7b8d249d,81346,71482753,138968,81211,71494959,138968
8426fcf8f248ecfe,45537,35682041,138944,45398,35694191,138944
846e2117479c5ac9,108657,98803266,139313,108512,98815840,139313
847cacd587013044,18348,8481348,136919,18212,8491059,136919
84a1c09d70d80b51,77434,67565894,139557,77302,67578215,139557
84cf844eb36d83d3,37488,27624467,154372,37355,27637732,154372
84f3a02273e498e2,32750,22860551,131335,32668,22871943,131335
84ffa38d7d1a8436,82002,72126281,139371,81868,72138275,139371
85122d2e161b5224,53020,43181889,137399,52883,43192711,137399
851d66e9e75d05b1,30510,20642346,139034,30375,20653575,139034
852185187ab4e860,25483,15621617,138127,25323,15631710,138127
853a9c93deb99563,63314,53421109,132305,63234,53433387,132305
853f760e866b9424,74088,64242448,137467,73951,64253386,137467
854455549ea3dc15,22144,12262391,142304,21963,12272641,142304
856b27e7f83995f1,30227,20381983,139459,30091,20394931,139459
85794398b985cba4,14260,4404463,136734,14114,4414644,136734
85a0be3fec824bdf,115071,105201570,129714,114947,105213920,129714
85a358ac308feffd,94012,84126451,140800,93877,84139636,140800
85d18b7e1d7d7c2b,110609,100763400,140212,110475,100780499,140212
85f068ab9a4eaeb2,107698,97835029,142040,107566,97847602,142040
8603502c22b8d6ab,115715,105846423,138887,115579,105856009,138887
862ade7996180758,96193,86346003,138237,96056,86358896,138237
866971c4fe711c74,69934,60076907,156781,69803,60090470,156781
867b370beb21eb4b,55835,45942308,128868,55719,45953705,128868
8690a3c22c7c5c19,119585,109726758,139120,119434,109736689,139120
869550cd32196ce6,88276,78383253,129705,88171,78393792,129705
86b21feb1bce0d29,76697,66822788,140599,76593,66835517,140599
86b62880c06aaa2c,62176,52305612,138235,62042,52316800,138235
86c2b1dab2fce127,12641,2781096,136268,12504,2791422,136268
86d8ce2633b6024d,111390,101506530,138684,111235,101518657,138684
86db3e9ec416f290,46390,36482572,129277,46301,36493005,129277
86dc29d6e24ee735,43109,33262027,139054,42965,33272058,139054
86f3212f992344d3,41245,31402182,138219,41131,31412097,138219
86f4b912bf9e56f8,25786,15921929,139828,25650,15932895,139828
87227c40e9157d77,108150,98283004,138249,108016,98294643,138249
8744b3d5aa50cf55,99698,89803122,137840,99596,89814715,137840
874c676a83b40251,102632,92766417,138623,102484,92778396,138623
874e82131b3fcb82,108836,98966451,138743,108705,98978053,138743
8752e21b7c892ccf,116002,106143541,139672,115852,106153402,139672
875d97b631809ea9,36701,26811773,130179,36624,26823009,130179
8778a34d08536e92,42930,33065261,137684,42786,33075052,137684
877b73b900de9776,104676,94826769,138274,104538,94838703,138274
87801aecc7273157,54348,44481994,138401,54218,44495200,138401
87a6479a48b9018d,93470,83625767,102910,,,
87b2fde8bdc2e5c1,105620,95742982,138600,105513,95757485,138600
87b976896f0cc3bb,55557,45660837,129707,55480,45673904,129707
87cec5a22d295737,66501,56642239,137514,66359,56659485,137514
87dd01d22adf53ea,43294,33425421,138424,43158,33434728,138424
87e99fd409c38a77,71630,61762426,138780,71491,61773694,138780
87f8faa2cccc39d0,96575,86706556,137613,96440,86725064,137613
8812901771169c08,73747,63882365,138345,73603,63893239,138345
88332a8f04b7f532,72574,62691884,131050,72485,62704088,131050
8846ff382091b89f,99509,89603553,130231,99427,89614389,130231
8872637064174bd5,28493,18621533,137847,28365,18634188,137847
88889f8628b9e446,98563,88702849,138617,98423,88716172,138617
88b88e395c2fe800,13489,3621552,138347,13353,3631714,138347
88ca6617086684c7,29950,20085429,138301,29808,20096974,138301
88d571fe72186842,106698,96846313,138966,106584,96857967,138966
88dda7eff31c8ed9,49361,39485191,137672,49231,39495224,137672
89150b7708f503cf,100424,90561349,129220,100296,90571875,129220
892a160ad9972323,44462,34538918,119388,44340,34547982,119388
89725081b54a6fd1,40068,30200206,128795,39907,30211404,128795
899b19d48dc0da1b,66685,56842131,137414,66551,56856615,137414
89b34ecca68daa43,109355,99461712,130803,109265,99473036,130803
89c59bbe70a00b4c,79517,69663036,139595,79381,69676422,139595
89c7ee5612b998bc,59647,49760705,129716,59555,49775624,129716
89cc32353723d0fb,58610,48745563,137562,58470,48757525,137562
89d1623b99d471ec,79581,69722598,139270,79443,69736046,139270
89fa7e84eaf8e09e,34580,24705077,113707,34493,24717883,113707
89fc93181beb4b69,82638,72745568,137440,82530,72757698,137440
89fca22506002ccd,117507,107642951,137177,117369,107653104,137177
8a0bcbe74470047e,12392,2553387,138066,12254,2563897,138066
8a1f0113469ef8ff,96855,87002770,138095,96705,87014733,138095
8a21bcebd9ddfb8a,47461,37600490,140407,47322,37613360,140407
8a226a21226a53ba,56124,46282355,137549,55984,46295307,137549
8a408757cfb53c06,83403,73542568,137553,83268,73562729,137553
8a521ba58bce8264,107669,97801756,130004,107543,97812870,130004
8a5479d6298aa4cf,74879,64986185,136797,74765,64998505,136797
8a5506b32df83625,32064,22205385,138747,31916,22216425,138747
8a724fddc6a1867c,85882,76006115,138973,85748,76018579,138973
8a76f6e3eabe4317,51764,41865529,138071,51685,41875328,138071
8a85b7780f4c48cb,99380,89505443,115566,99301,89609040,115655
8a94cb2c4144dcfa,35108,25241855,138212,34965,25253806,138212
8b12652d9b678982,94421,84563121,140868,94286,84575510,140868
8b2dc2792dde173d,80360,70487694,129527,80267,70575065,129616
8b2f5d5e34401470,80769,70885676,137650,80646,70897274,137650
8b39b8c0adad05a4,92682,82826851,140689,92538,82838280,140689
8b464273bdc04728,48282,38421940,138321,48125,38435486,138321
8b54c1fc3817ab4f,99573,89683750,142477,99486,89696558,142477
8b8c247451ef0f30,110923,101061956,130741,110788,101075393,130741
8b9b6799a00af688,100581,90723535,142660,100446,90736985,142660
8ba699c60b24cffd,94356,84483748,130915,94221,84494360,130915
8bb919cd227f03f5,53754,43860677,129998,53651,43870008,129998
8bc6f5d3209d1c39,54080,44221761,136959,53938,44231370,136959
8beac76b54f52c2d,85636,75782758,138247,85486,75795086,138247
8c0eec79ce34588b,14913,5061275,137879,14765,5071913,137879
8c20dff07fe88ec9,93209,83344913,130878,93067,83356738,130878
8c2ed1161b0ea72f,60216,50345138,137238,60086,50357609,137238
8c6c789648b5ff3d,51211,41345345,137878,51066,41355488,137878
8c7dfe6bc8583d3d,34391,24520423,130485,34258,24530973,130485
8ca228e91a61ae77,47862,37946365,140616,47801,37960519,140616
8caace54b11ac295,24000,14160309,130581,23862,14171077,130581
8cb9e252cc00e4ce,84229,74384811,100926,84138,74419389,100926
8cc5d235777d5343,65848,55984028,128702,65697,55994488,128702
8cc6fe71351ce717,118640,108746524,138313,118520,108756074,138313
8ccc397b8eb87e80,113641,103802051,131090,113504,103814181,131090
8cd03817e3842c01,91067,81205742,156275,90936,81224344,156275
8cd55f68032b70b0,17583,7700019,129827,17478,7709281,129827
8cdbb07682549143,75947,66102578,139197,75809,66114999,139197
8ce939e655762464,38996,29121844,137865,38853,29134013,137865
8cee37b1f5e772b3,77272,67402668,139194,77106,67414964,139194
8cef00456c1f8856,71598,61725603,137941,71460,61737415,137941
8cf702b9695e52d0,48365,38522114,138487,48225,38536369,138487
8d4991c3dc9b5038,72346,62482609,139423,72216,62500835,139423
8d6db0a0975c4457,86043,76182547,137996,85907,76195457,137996
8d82678eb803a083,68518,58661530,130134,68364,58672803,130134
8d913917ca9678dc,18917,9065005,138123,18776,9075250,138123
8d9e17c8e4f34257,51826,41941962,137448,51738,41952557,137448
8dc133c8674ce5b4,76129,66262593,138093,75996,66274496,138093
8dd4c6627e1591c3,74565,64670273,130009,74481,64727548,130009
8dd6efba51aeb660,11471,1601496,138543,11333,1611331,138543
8dd8176f810a5d59,16151,6301465,138105,16002,6311203,138105
8de5ec1deed8c5a6,32530,22708853,347950,32427,22758669,347990
8df09374e4374e6f,46931,37081841,137772,46785,37095298,137772
8df263c67c3bccfe,14469,4601460,138213,14334,4611836,138213
8e014c5840ba7d31,91352,81486223,137643,91212,81497595,137643
8e0e714f9a6463a1,82544,72661544,130114,82448,72674802,130114
8e1463fac5509552,80947,71086104,138896,80792,71105160,138896
8e146e59c5c169f7,117539,107683560,139707,117400,107694141,139707
8e1fd29885ef1862,21249,11381455,138182,21110,11390943,138182
8e2301b062abfaac,12009,2120209,130133,11889,2129224,130133
8e26cd317f73d146,36918,27040463,130803,36810,27054595,130803
8e280a4eb67219da,100294,90426603,159397,100169,90440643,159397
8e3f58ba5d63362f,37554,27685221,138783,37421,27696980,138783
8e4ae351f67d902a,80203,70342712,138911,80073,70360825,138911
8e4b917abee49fe2,109658,99781657,130391,109514,99792696,130391
8e5121f08604f4fd,85418,75562732,139031,85280,75575621,139031
8e74f6801b35dd13,104430,94566791,139056,104288,94578627,139056
8e7625962781a9e2,49742,39880616,130789,49598,39890723,130789
8e891e8d9142077e,25568,15721592,138198,25423,15732573,138198
8eb50085fe058703,52063,42201915,137520,51921,42211754,137520
8ece585172a4dcbe,96638,86766077,138488,96501,86784429,138488
8ee32e20fc8ba709,23060,13204999,139428,22915,13215373,139428
8ee909b4f275bedb,37715,27845251,139645,37579,27857593,139645
8ef5a78a400a3acc,88829,78982889,139784,88688,78995472,139784
8f305fac6c0809db,88405,78521224,130076,88295,78531497,130076
8f3b634697628f38,113891,104022069,131966,113755,104034192,131966
8f4bca29e76e6dc2,61991,52142325,138555,61852,52153071,138555
8f5ffd5eb49faefc,61756,51880673,129627,61626,51891734,129627
8f6b454f22a6aa11,64355,54485667,137525,64219,54506448,137525
8f7dd281fbb006da,83054,73205754,137870,82918,73218017,137870
8f7fa4a298bdfbfc,13906,4020382,131068,13796,4030253,131068
8facc9495ccb47f0,87595,77742777,138284,87444,77755081,138284
8fb887bd20203205,111452,101583369,139969,111294,101596367,139969
8fba423fceaabb37,15591,5709081,130278,15485,5717998,130278
8fe82517d6db3c38,25156,15221394,112703,25058,15230198,112703
90262c5ffcab9753,77466,67602511,139293,77333,67615402,139293
9057264522745ea1,111133,101246409,116490,110987,101256274,116490
908ec56a50f5919c,75382,65505725,138182,75248,65518618,138182
90bb64b20f6f270b,84597,74703112,129968,84486,74714843,129968
90c5b31232ef021d,95928,86062676,138047,95811,86077249,138047
90c8f9c32766a2fa,18606,8740010,129820,18466,8749633,129820
90c934d16fffd865,30196,20345234,138167,30060,20356103,138167
90d1b6d87a837dc1,13570,3725340,102794,13476,3743467,102794
9105b3f15da12d57,107297,97401705,130679,107216,97430227,130679
9112104cb1213f2a,84863,75002680,138754,84703,75013880,138754
9127eb23784087eb,25978,16105022,138890,25838,16115161,138890
912b742f25df29f7,53875,43985329,137999,53753,43995054,137999
9134a30b72333c49,111198,101321608,130232,111050,101334870,130232
917b460272a270ed,67446,57520862,129669,67333,57532540,129669
9183d0a5487163d2,33954,24101832,138290,33804,24114005,138290
91a44c93e00a6573,104554,94702797,137431,104406,94715506,137431
91bdda143dd2edaf,106041,96203207,138912,105928,96215986,138912
91d8731b81e03c7b,15006,5161755,140267,14863,5172580,140267
91e25c08e928215b,11374,1501288,137799,11238,1511405,137799
91ec5f71782d4981,59553,49660884,129020,59472,49677174,129020
91ef96bac93be240,29418,19565172,139041,29278,19577048,139041
91f17c334571f6bb,118578,108683429,139960,118468,108693063,139960
920353d465d98324,63442,53542996,130587,63355,53554903,130587
92187e07e2bfd460,34773,24880611,130403,34680,24892039,130403
9223e74d9ed5218e,72005,62162691,139113,71864,62175371,139113
922b3dffd4907933,101851,91986250,138119,101706,91999227,138119
923df3c6f5295772,93681,83763234,129022,93616,83775044,129022
924d13840dcdf328,73618,63746054,138816,73481,63757244,138816
92634d5502c1c70e,15445,5581415,138164,15306,5591557,138164
92651db7f408e965,28429,18561489,137961,28302,18575585,137961
928f9b881efb66f3,78468,68581194,131291,78382,68627588,131291
9297b52175e487e6,64161,54309995,182706,64028,54335285,182706
929cd9d243fd2b78,17338,7465072,139067,17202,7475889,139067
92ad0a62b5a569eb,89578,79723382,129577,89445,79741495,129577
92b6c29cb23d3bfb,114850,104964050,131370,114742,104973871,131370
92bc0096ad3c797c,84344,74451039,131094,84251,74462300,131094
92e9562d466241d9,42719,32840532,130474,42609,32850196,130474
92fb7c1c903695c7,76008,66163102,139299,75870,66175302,139299
9315cdca905fea4a,16934,7081524,139061,16785,7091867,139061
9319692913471074,53785,43902367,138924,53678,43912576,138924
93226a7eb1f86fbb,107786,97922919,137909,107636,97934647,137909
933ebf3034d689a6,57851,47965829,137802,57723,47985018,137802
933ef8db4b948b08,104336,94466667,140321,104198,94479504,140321
9355a19a500ce2a6,54794,44942167,138573,54649,44952665,138573
936ac78f41560f43,65705,55825302,137970,65570,55836958,137970
937fa0019632b56b,36490,26645706,101953,36406,26713781,102042
938af69dadd7b52a,54260,44422180,139036,54127,44437541,139036
9396b70bcd8cda80,88031,78162537,137391,87896,78173685,137391
93a260968604393d,110236,100363996,132385,110102,100374933,132385
93a39731ac2f8d06,71133,61242031,137912,70983,61253931,137912
93c5f0d4348770af,59915,50062033,137726,59772,50077353,137726
93e3a0a7ddfba6d2,109598,99727001,131119,109468,99738811,131119
93f601fbf663c1bb,12897,3042296,143025,12751,3053406,143025
93fa59d3154a88b8,111100,101226772,116678,110955,101240433,116678
9408672ae9a314c3,72314,62446220,138126,72183,62457298,138126
94657c8f23607eec,31011,21140499,130126,30898,21152664,130126
94664fc2b76d76b4,55193,45325086,137440,55060,45336167,137440
947429f99604f79d,105769,95903082,138618,105632,95915090,138618
948ef64ea1ac3014,115372,105523422,139206,115226,105533539,139206
950027dfe360d3a7,110641,100802252,132813,110505,100815301,132813
951463a6d87a7cbc,23628,13761677,138726,23512,13771325,138726
95283ffee2fa36b8,14057,4180169,130790,13923,4189498,130790
9551fe8fd2e83127,62529,52663181,139202,62384,52674897,139202
9555e7cd19856f67,84440,74541182,129935,84343,74552348,129935
955efc75b45d8d55,10846,980214,131450,10707,989615,131450
956a1103795592d2,53905,44023671,137987,53777,44033818,137987
956e8661967bf579,85010,75163049,140772,84865,75175283,140772
959ac4dd882058d2,93146,83281712,131003,93006,83293169,131003
959f8f360bacf0c4,65275,55379787,128834,65199,55392974,128834
95a2c5141f64daf6,108934,99066558,139077,108802,99079061,139077
95b3a02474ed7533,102031,92183597,137960,101888,92197539,137960
95cac6ac1350eecd,33642,23782080,139500,33507,23797143,139500
95f15ef60bcc495d,59738,49860851,129769,59631,49872285,129769
960c5bc2bf0f01d2,117411,107543364,138145,117276,107553472,138145
960cf817c9db8d8e,101172,91301804,129912,101038,91314098,129912
9616f206a6779462,115524,105683221,138475,115390,105693588,138475
9616f4728f4803b2,69462,59580969,130596,69341,59593876,130596
962c5b824d61241c,48739,38865384,137984,48598,38878186,137984
96804545725a2dca,54916,45065713,138350,54778,45077592,138350
96a0208ffa21c338,64667,54822033,137277,64524,54834256,137277
96b85988beeeb6e4,59046,49182047,138064,58915,49194198,138064
96c39c71464d9208,39638,29781845,137392,39502,29795049,137392
96edc3aa7f088df9,104207,94346223,157824,104072,94361060,157824
973188ca11eb3c15,26194,16341517,137549,26042,16351500,137549
973887d264cbc6c9,101576,91701341,129330,101471,91713091,129330
973c3fb49689d2b0,21693,11758919,116188,21632,11767398,116188
973d0f8da68c5076,70063,60202387,139455,69930,60214650,139455
9767398e470291ee,85258,75385677,138469,85125,75397885,138469
97805ef493db615e,102000,92146584,138392,101858,92158390,138392
97918739d776bbd1,69186,59282228,137554,69111,59294034,137554
979fad53b5b5fd20,96511,86641418,130667,96378,86652777,130667
985037c088fae6e2,112443,102588378,138174,112321,102599697,138174
98794ff847ef8130,76569,66683205,129843,76473,66693644,129843
988aa24968d590c6,83338,73466151,139822,83205,73478074,139822
989519e6bc4d831f,107044,97183380,139543,106901,97196869,139543
98974378340608f6,91227,81361406,130694,91092,81373964,130694
98dfbe4ba48b2743,47924,37990593,131356,47849,38002602,131356
98f018e9cf9e1200,103691,93822778,137162,103565,93835446,137162
98f3405a09cdc7bd,99847,89966327,138647,99717,89978829,138647
990aa6bb3da0f3e1,68760,58900885,129143,68629,58920575,129143
9949d9b41fb31f3d,109110,99266355,103616,109018,99325544,103705
996ed955288eb970,104367,94503206,139701,104228,94515379,139701
99810da1cd579c57,31102,21224633,142427,30973,21236363,142427
99981a78d0de1f90,66593,56742389,137828,66444,56754305,137828
99b22919fdc9cf93,75112,65245472,137941,74948,65257990,137941
99d344ee1303f011,114979,105101866,130778,114863,105112134,130778
9a2a603df61fffc2,87836,77966061,139415,87702,77977768,139415
9a365dac66526040,16842,6981766,139001,16688,6991718,139001
9a39eef193da7927,108781,98943014,138858,108646,98956721,138858
9a479a5ba18ac9e5,50585,40725543,139325,50436,40735871,139325
9a55ac5b59c4e17c,35912,26061920,139086,35766,26074633,139086
9a716dbd99d0997f,56153,46305412,136888,56017,46317807,136888
9a74c0d02b768b50,35285,25441859,139312,35143,25454066,139312
9a7ae9a65601f772,55622,45720636,129850,55540,45734246,129850
9a8575775079d537,24216,14345568,138649,24079,14355002,138649
9a8df749fe8b787c,91474,81623045,139551,91325,81634924,139551
9aa8c29f932f0a2b,28363,18485480,137642,28237,18497214,137642
9ab0cc3f76945464,26040,16181909,140406,25897,16192319,140406
9ab1d282c37ae122,89547,79701546,131340,89408,79721587,131340
9ab6aaca7209b6ea,57881,48002072,137712,57746,48022148,137712
9aba82f19fd85011,61418,51520830,130679,61332,51532943,130679
9ac1e12763fc0ff2,55589,45682555,128716,55510,45693829,128716
9ad84895333ba369,62900,53062335,138978,62772,53084591,138978
9afa0f33ce260d20,48483,38641669,136943,48347,38653431,136943
9b05b04d4a0d9639,82513,72621381,131171,82420,72632194,131171
9b0716ae5012e3ca,52093,42225258,138357,51943,42234612,138357
9b0e7c74b562cea3,64882,55021101,130268,64750,55033917,130268
9b122b12670c12cc,83467,73602518,138619,83330,73620476,138619
9b2e8d9d6e4ed443,30414,20552034,129991,30281,20563568,129991
9b3ecdca605da7fa,95076,85206291,138464,94945,85218796,138464
9b4d9a6b23320e4d,11276,1405024,139317,11140,1415017,139317
9b6948c0e0bc4b31,25035,15102476,129649,24963,15112230,129649
9b9e9d143a9ef9dc,55684,45780933,129695,55595,45793530,129695
9bb484ede9d36e8b,92652,82803112,139838,92505,82816192,139838
9bd14bc4389f1a00,118326,108430838,130199,118237,108440300,130199
9bdbcbb991637d0e,119677,109826758,138461,119537,109836804,138461
9bee5f9f4901cc88,71106,61205294,140168,70965,61217052,140168
9c051c583a6b1cd0,83084,73242690,138970,82947,73254589,138970
9c17f84835b14173,51976,42102311,139649,51854,42113263,139649
9c378cbc278423c3,66313,56443608,131030,66180,56454879,131030
9c62b46269d7794d,19802,9920179,130771,19684,9929908,130771
9c6958bf2bdc3a2a,42349,32504654,99987,42259,32520431,99987
9cacc6d1e96b7d26,44278,34438157,84547,44166,34451101,84547
9ccc739d6e5ccf88,30165,20321864,139650,30029,20334956,139650
9ccd9cc75a9380b3,26317,16465237,139554,26178,16475064,139554
9cfac16542c258d7,96045,86186687,140543,95895,86198084,140543
9d06e6f3d3c0561a,73651,63782613,139524,73512,63794129,139524
9d0cb2ae71153163,70158,60302527,139310,70024,60316159,139310
9d2ac2523f72e7a8,11917,2022211,129648,11808,2031099,129648
9d2ee629375c019e,77152,67313680,137940,77016,67326197,137940
9d3469403dc2c89c,15413,5544717,138261,15275,5555104,138261
9d37f47ebdff663f,110859,100984163,131066,110723,100996696,131066
9d45f7682fb15b05,114204,104346586,138576,114054,104357619,138576
9d5958db442e2c04,61131,51262438,138876,60994,51274617,138876
9d609f8c6643a117,69122,59223082,138601,69051,59267443,138601
9d78a51f304b65db,49522,39667101,130502,49390,39677297,130502
9d9567822bc0d8fb,34229,24361999,139995,34097,24373896,139995
9d9aeda74e998e28,104523,94663029,138595,104377,94674917,138595
9da76330da75185b,45012,35162329,139334,44864,35173364,139334
9db2959a840053a8,64728,54880865,129843,64588,54891161,129843
9db94804fbd519bd,64816,54945878,138519,64684,54956740,138519
9dc13136411f94a8,91942,82126337,327646,91843,82158322,327686
9dd74aef4e95ea2b,77498,67625892,138400,77366,67638144,138400
9ded69c672e0720f,20534,10665502,139628,20395,10675598,139628
9e0344c4bf8cfc7f,113761,103886746,139576,113626,103898943,139576
9e05ca0fa7dbdbcc,37996,28141956,139286,37847,28153302,139286
9e58fea22e994438,108719,98866108,137801,108581,98878063,137801
9e5acfcc280da64e,72216,62345640,137658,72058,62358041,137658
9e60211a89962b3a,68332,58462650,129360,68191,58474055,129360
9e688d3b1130fb88,109031,99163160,139089,108898,99175025,139089
9e693d8d8e1cdf8c,15753,5880295,129854,15643,5890123,129854
9e879f7a16b5a607,69155,59246600,138985,69082,59268630,138985
9ea70f2427c280a6,82788,72922831,139232,82653,72936169,139232
9ebbb3bf05932e07,112598,102744114,130810,112479,102754838,130810
9ee52a1087383c58,104889,95022823,137238,104757,95034102,137238
9f10b143feb3b56e,95021,85182912,138847,94886,85197194,138847
9f1864a1790b565a,80616,70725973,138318,80512,70737945,138318
9f1f5ea3c5103390,70942,61003022,130782,70852,61019831,130782
9f42b0328eff36a7,87716,77866134,138397,87579,77879084,138397
9f600f4be55e7540,80009,70142500,137908,79848,70154384,137908
9f7f49c1da21fc94,92506,82626014,139316,92370,82637743,139316
9f827879dd307603,96793,86942906,138835,96647,86957238,138835
9f90aa170a2c14c9,70253,60402442,138223,70115,60415213,138223
9f9573c1276e9c39,22120,12222408,131456,21927,12231491,131456
9fb7a1cac148b3d3,105465,95582108,132646,105380,95595307,132646
9fb9a947c50a7369,68578,58722610,130005,68438,58733829,130005
9fedebbfc7cde314,23752,13901873,138241,23630,13912168,138241
9fee00cbd802c3b9,35756,25902165,139160,35617,25915703,139160
9ff4d34b82fac33d,62306,52441877,136464,62171,52455493,136464
a02a8a7be01ef9f0,83498,73626014,139233,83360,73637985,139233
a04abdb082714900,46163,36349431,346420,,,
a04b5b550f190130,87187,77325114,152755,87053,77339596,152755
a06760d2da4c7cf8,69520,59640948,130385,69384,59652659,130385
a06b05b2bf67cb0d,57994,48125074,137497,57832,48138096,137497
a09887478e3d101a,12770,2902550,131095,12630,2912944,131095
a0cd93210da243ab,114234,104383306,138994,114085,104395388,138994
a0d234337d97e793,84717,74842653,138695,84586,74855116,138695
a0fa3e83fa341cd9,117444,107583257,139143,117307,107594040,139143
a0ffaa57f953a305,10019,140270,130309,9905,149333,130309
a1019c1040b23038,99061,89223345,141403,98927,89237077,141403
a122d583db8d1d51,38088,28242084,138856,37948,28253140,138856
a1242eed1dc0e5d8,96316,86446257,138232,96185,86458610,138232
a13b3b2cdc1e27a1,17648,7760274,130258,17541,7769544,130258
a15bf5af24875166,84980,75126002,138149,84834,75138493,138149
a15c82034787192b,30855,20962419,131677,30759,20973641,131677
a15e1402a087c335,40821,30945186,138519,40662,30956106,138519
a174b4ad49dcdf8c,89331,79463291,129513,89194,79475559,129513
a174e8a22fbd8926,41401,31541612,137037,41247,31552531,137037
a176a4dd988963fb,102847,93002913,138553,102710,93013918,138553
a17a9210fcba024f,79611,69745776,137331,79473,69761131,137331
a1b5cc598958a285,78310,68489509,345310,78207,68530614,345350
a1b883375a8b4c42,73401,63562692,140282,73267,63576613,140282
a1c5600041975c9e,116850,106963473,140523,116694,106975084,140523
a20be2553b82b69d,37903,28045318,138904,37760,28057162,138904
a21163838495f2fa,88309,78421845,131014,88203,78433409,131014
a2123432a72bf2bb,82818,72946451,139379,82677,72957662,139379
a23dafda96a46d90,95556,85661396,128751,95504,85677758,128751
a2420ad9fb983337,16526,6661349,137339,16387,6671587,137339
a246519752213a0f,34140,24302125,140775,34004,24315435,140775
a2543453676a080d,87089,77222813,139086,86956,77235478,139086
a2be4768c421c8fc,90645,80765449,141949,90472,80777885,141949
a2c68ca09a47a88b,101010,91143132,140024,100877,91154621,140024
a2d0a0d95b1a4825,37242,27402124,138122,37105,27415673,138122
a2e343d6d2bc62d7,36733,26840512,131165,36653,26853226,131165
a2e5f9b68bcf932c,97829,87946287,138309,97714,87957876,138309
a2e6cdd04e3b8d69,45410,35545854,139719,45273,35556423,139719
a2f2144b3bfe08c7,28396,18522167,138633,28269,18533986,138633
a314d9ea363acf35,76226,66361092,129780,76093,66372374,129780
a330407d42148136,116539,106629147,131392,116471,106639747,131392
a337be57cb500045,34530,24685863,102962,34443,24715029,102962
a34ab47e00f0b604,10878,1021822,139682,10738,1032171,139682
a362692acb6b1aae,21949,12000542,131664,21800,12010045,131664
a3628cd0597c9b03,21785,11824762,130014,21702,11834073,130014
a3a2e70e18b238b0,89486,79623125,130326,89339,79633627,130326
a3c7988c732333f4,110547,100703782,143194,110409,100721824,143194
a3ce5194c100faab,19548,9660286,131269,19446,9670662,131269
a3d0db11b09c3dc8,41531,31665796,140264,41375,31676402,140264
a3d75c4dca5c313e,89108,79243143,141804,88977,79256585,141804
a3db0b932d6f9c6f,23372,13525269,100875,23260,13542879,100875
a3db95d6bed7fb32,101639,91762770,137876,101527,91774639,137876
a3ebbd503d4e48ba,91597,81744998,130246,91461,81756790,130246
a3f80ba17f03f96b,64760,54922490,140667,64625,54935703,140667
a41a88240b1aca4e,12333,2481397,137526,12183,2490913,137526
a43343ab2dd9f5c1,38848,28964935,139806,38738,28977532,139806
a43d226ed2d282a5,19892,10020293,129900,19763,10029528,129900
a4401b15416a3c8a,104615,94763042,139397,104464,94775059,139397
a453b67d1cabc4f3,103195,93369739,343200,103088,93403584,343240
a463f20910fc9eae,31400,21560472,131815,31263,21573369,131815
a48030cbfef87069,23874,14021316,130184,23741,14030268,130184
a4c53f6cf98cf972,114947,105062035,129394,114833,105071415,129394
a4c6a1e6dca0fd74,100230,90363282,141376,100105,90376914,141376
a4cadaf9fbad3a29,35345,25501891,138571,35207,25513517,138571
a4d469b2efc23c94,93866,83966429,139714,93770,83978459,139714
a4ed2f2d07be57a3,87966,78102778,138810,87832,78115262,138810
a5466458824d3ef8,95271,85398426,113046,95138,85407868,113046
a5686fadcf51787e,81126,71282695,137981,80994,71301263,137981
a56a00be60faaefd,35166,25305185,138130,35012,25318848,138130
a5bfecdfa123e43a,40326,30462110,140525,40191,30473522,140525
a5e6de29d8a0df8d,50860,40985199,138172,50726,40995091,138172
a60025c29421a9f0,91627,81782178,132212,91491,81794000,132212
a603e2133f102907,105051,95183980,138690,104917,95196180,138690
a60e03cb7d8bce5b,77989,68122631,138798,77831,68134404,138798
a61527f6bf68d90c,80553,70662738,139387,80454,70674930,139387
a652aac642af7c9d,105528,95641992,132687,105435,95653664,132687
a6713528877f8ee9,112505,102646485,138467,112385,102664441,138467
a6949d25451097d9,118873,109006779,139728,118716,109016857,139728
a6b01034d9d7431e,68889,59022445,138306,68757,59034582,138306
a6fad36e2e0e2971,17025,7181525,138886,16883,7192119,138886
a707d6ece12a013f,80042,70182398,137728,79884,70195266,137728
a711ef0f32373665,74694,64800899,129675,74604,64813665,129675
a7313358d03e447c,33416,23545189,138356,33283,23557827,138356
a7345f7138afef5d,69491,59603045,130918,69362,59614428,130918
a7569b11c1243751,31846,21981642,137778,31709,21993879,137778
a766db638acde02a,88340,78461251,130280,88234,78473634,130280
a780c8f7cca93a12,104077,94206613,139086,103943,94217705,139086
a788a56eec8d664c,49864,40020972,131090,49722,40031467,131090
a788a6c9c109fc72,49772,39920604,130330,49626,39930811,130330
a788b869382ff188,38450,28606008,103219,38360,28667580,103308
a79a3f81dab08427,84504,74603484,130791,84403,74615363,130791
a7a3d52e09d1c0fa,63949,54102070,137805,63809,54114905,137805
a7a70cdfd88b148f,74500,64626171,114746,74417,64725548,114835
a7b7bd05d996c59e,56905,47062013,138279,56765,47075602,138279
a7ba5219deaf86d6,35818,25961790,138726,35677,25975297,138726
a7e8e23013843c94,115780,105923733,140458,115641,105934912,140458
a7f9fc8078ee8ff0,98402,88543036,138545,98265,88556999,138545
a808fa5b28017eea,106544,96683551,139573,106391,96696182,139573
a82cfdc079ee9c55,103537,93645596,142162,103428,93657980,142162
a830721446f0d452,106355,96486342,139110,106206,96497414,139110
a836c1a852c98ba7,79423,69562482,138142,79287,69576295,138142
a844079b23c9943a,80075,70205783,138793,79944,70218667,138793
a84ef3bbb46837ec,27198,17321526,137924,27064,17331942,137924
a8608ddc1df9fdde,68269,58400890,129272,68131,58412341,129272
a861e902d976655c,54732,44865243,137659,54592,44875414,137659
a89217de6963eeed,107329,97441613,130368,107247,97455065,130368
a894116d95f2e512,22783,12917370,113792,22647,12926249,113792
a8a359ae50ac9d0a,13684,3788857,129108,13589,3798416,129108
a8a495f5ad247fec,98627,88762853,138193,98484,88775871,138193
a8add2831f797ef5,34015,24165169,139802,33878,24176996,139802
a8b75d9f7841f476,85355,75486232,139993,85219,75498075,139993
a8fb43e72e05f508,97768,87882752,137477,97666,87894851,137477
a9457785656e286e,118454,108561947,130605,118358,108571280,130605
a94e2ba8488f2048,54138,44282194,136498,53996,44292168,136498
a955ccd1950d67ef,81036,71186370,138628,80904,71198944,138628
a957a8f1de597b31,113551,103703326,139478,113406,103717443,139478
a97068ef53513e22,49711,39842680,130920,49569,39852114,130920
a9837407642152df,40665,30782877,130189,40513,30793258,130189
a9aa1f7caa8bdeed,61066,51201826,136689,60931,51215881,136689
a9d7a4e25fe4e77d,57219,47345162,137872,57086,47357785,137872
a9da0daaa1f53b34,80457,70563415,130931,80362,70577821,130931
a9e9224eb936ea96,24594,14738754,128856,24443,14748424,128856
a9ecfd3508f5feab,115747,105881681,129632,115609,105891585,129632
a9f7417ef83054fb,85543,75686240,138677,85399,75698240,138677
aa0f39132260f4ef,11502,1641659,139090,11364,1652288,139090
aa161b15e0c57a26,87686,77842762,139275,87545,77856226,139275
aa398fc507d029d9,63862,54002316,138518,63705,54015686,138518
aa49d2489284fce4,108688,98842880,137451,108547,98857804,137451
aa54042915b630de,33830,23965308,139781,33687,23976498,139781
aa5f3157d46cacc6,45040,35185846,139066,44894,35196005,139066
aa614dab671b1d16,85096,75226010,138257,84963,75237358,138257
aa6ed35626458ab8,64698,54843676,128316,64558,54854488,128316
aa82be3bbea0f5ac,63890,54042411,137877,63746,54057502,137877
aa8b316a51d854a5,92200,82301599,129399,92104,82312123,129399
aa9b0e3cc25a4377,44113,34283916,346501,43996,34308831,346541
aaa266d78c6978d2,48424,38581987,138342,48288,38595293,138342
aaaaa48e112d4307,30660,20785707,115340,30571,20817235,115340
aacf19efb51a7e1b,31280,21425338,138422,31137,21437519,138422
aad609b58bf89320,18260,8421639,138468,18122,8431678,138468
aae2ef143bbd0e85,78692,68805581,137156,78590,68817303,137156
aaef5153876117f0,75670,65805878,137324,75529,65817242,137324
aaf30b39d7714b4e,30725,20840014,128239,30635,20851259,128239
aaf865b579f7ea83,10940,1081888,141550,10798,1092787,141550
aaff656ca93615d6,57453,47554579,130794,57381,47625872,130794
ab1229a37c02d232,89729,79862588,138007,89596,79875692,138007
ab1ad725f92f10a5,117097,107246608,138146,116957,107256795,138146
ab223e9b3fd309fb,82994,73142541,138354,82847,73155505,138354
ab61b22cfdf86201,19952,10080208,130606,19814,10089858,130606
ab7e2a293d991c91,107519,97623591,129953,107419,97635083,129953
ab84f1c7f3efe77c,40943,31081745,138261,40818,31094442,138261
ab91f52b8ffde7c4,63151,53338153,396823,63061,53379008,396863
abe0e670172f2276,100391,90526286,158251,100264,90540049,158251
ac0083c92320ee3d,107488,97601661,130635,107392,97614080,130635
ac1a642f6b6509ec,71943,62085529,138058,71796,62097749,138058
ac2acfed296b5637,37650,27793213,138657,37516,27806539,138657
ac335c29bc157ad8,87534,77682614,137724,87386,77694538,137724
ac3f762697ec5470,61194,51378215,402048,61102,51419506,402088
ac4313f7647a40dc,84087,74222820,138797,83954,74234620,138797
ac4378761fa6ade0,57966,48101787,136494,57811,48116863,136494
ac4d95ecfe656fbb,36637,26740318,129656,36564,26751243,129656
ac527bdd50815b63,43486,33621928,138377,43347,33631653,138377
ac628f4be6a36e78,86433,76541644,131292,86345,76559505,131292
ac8205f8ea383c37,64419,54562139,138163,64280,54575228,138163
ac8577871aecc689,45098,35248736,159170,44954,35260356,159170
ac8d1100b8669296,84311,74428885,130686,84219,74441009,130686
ac9735985f870e4b,24692,14917250,344117,24630,14943070,344157
ac9ef688d0690ca5,59079,49205200,137427,58947,49217249,137427
acb8347d9725ffa8,22170,12299924,129222,22000,12309024,129222
accbc7ab352cb650,114573,104707021,138542,114439,104718793,138542
accc377b007977da,12991,3141723,138998,12843,3152980,138998
acf90c4a252301f6,46035,36165649,139705,45904,36177073,139705
acfda40e6ad70477,117126,107283164,138329,116986,107292985,138329
ad02bfaf6bbbe602,93365,83504589,142107,93216,83517870,142107
ad03b4ddd53fd30e,101971,92123227,140624,101830,92135820,140624
ad1378013aaa1114,109773,99923135,137994,109627,99938603,137994
ad1afe95d7731ec6,98152,88303745,139447,98004,88315293,139447
ad258c267c936b1d,52988,43142498,138880,52848,43152973,138880
ad2d9ffb99e34873,38306,28445002,157359,38171,28460022,157359
ad89711a0ee8bc96,113397,103501924,131706,113226,103521254,131706
ad9062bf32748a1d,42810,32941851,138262,42687,32951999,138262
ad9436313cc86917,98722,88862528,136802,98573,88874611,136802
ada02c0d05eda1dd,62466,52602207,138344,62325,52619044,138344
ae0142a7de417c78,18510,8642307,138856,18373,8652125,138856
ae036303945e2c57,45569,35705411,138438,45428,35717811,138438
ae229c3b255920e3,22276,12425173,139140,22132,12434849,139140
ae3b1f1db4c7fd4c,113223,103275273,137550,113126,103289187,137550
ae4e67caf07249c7,56967,47122046,137575,56830,47134599,137575
ae52449390ff9bd1,57186,47321855,137002,57053,47336488,137002
ae5d07ca699506c4,31686,21820091,129427,31552,21832908,129427
ae6736c208755d00,35943,26085409,139199,35795,26096948,139199
ae6cc202cceb4802,49054,39201995,138659,48907,39212734,138659
ae7a135c8119c11d,11406,1541288,138300,11270,1552358,138300
ae7cb15b7f946136,50108,40242239,139446,49974,40252705,139446
ae8979e76414c0e5,9894,0,129821,9793,9455,129821
ae8e74ef509e2750,71238,61366224,139175,71077,61377718,139175
aea19a145abb9e45,100263,90386759,139074,100137,90398769,139074
aec018a6524f17af,61001,51125607,138455,60867,51143555,138455
aedf5b13c769a55b,29826,19961499,137697,29689,19974082,137697
aef004771b11e11a,13843,3941922,129668,13740,3950946,129668
af16081e4f2e4722,65906,56061109,131397,65763,56073966,131397
af1ba1336a1dcf2c,77338,67465785,137508,77205,67477780,137508
af2af16f615bc4aa,72249,62382661,139063,72090,62394648,139063
af48b3d661f94e46,60443,50582372,139739,60305,50595534,139739
af4d9bf65f91c6a2,111814,101964128,131297,111675,101975429,131297
af4e81a9ff13f7ce,86764,76885882,138178,86622,76897845,138178
af5498ca01583e3b,27169,17284957,138107,27040,17294900,138107
af6ef7446c8b24bb,15221,5345037,137981,15086,5355062,137981
af8d6b4c82b06317,26133,16281727,139434,25984,16291723,139434
af8e46bc62ecd2b6,36827,26944375,130223,36736,26957771,130223
afa0fe4f46c8a517,41968,32122069,139414,41847,32132414,139414
afa436434fc077e0,53466,43592313,114398,53380,43609383,114398
afbc8fe1ab682936,112125,102263254,139069,111971,102275166,139069
afc84c71c406a206,64606,54745547,139190,64458,54756544,139190
afd1b069b1f18101,10316,461548,139076,10162,470901,139076
afd839aad1ab5962,112381,102523017,137691,112256,102534488,137691
afe4b52e8ddcc9c8,98691,88834985,138445,98544,88847641,138445
afff05e4b877cae2,43261,33402006,138209,43126,33413085,138209
b00af53933cd7c0a,49207,39362045,139071,49067,39377580,139071
b03df81742d40ddf,79454,69586097,139855,79318,69598390,139855
b03e76c575e83489,37037,27164935,137354,36901,27176971,137354
b0554bd59b2fbb1a,12363,2521530,137513,12223,2532482,137513
b07672c3a622fe3f,49458,39628517,346789,49326,39656114,346829
b07cfa16509385af,97516,87621297,129476,97443,87632692,129476
b0998ebe7b671adc,20405,10545175,159793,20269,10557412,159793
b099feee0b6716ff,50615,40762152,139747,50464,40772700,139747
b09a7593c78eaaaf,82194,72329181,138019,82058,72340920,138019
b09d67f939984e5b,43019,33165802,139611,42875,33176361,139611
b0a887b8284273eb,100856,91006319,139118,100720,91019293,139118
b0c57dcaaff4ac1e,49834,39980895,132043,49684,39991179,132043
b0c5831af8652dd3,46292,36407727,131558,46207,36483206,131558
b0c5a031182a81f9,11125,1281469,138194,10982,1291158,138194
b0e1da7eb60c6382,63687,53802680,129245,63564,53814373,129245
b0f7b4e4c464e3cb,36004,26161526,137854,35863,26173539,137854
b1209e082d2f67cc,48576,38705603,139208,48440,38718209,139208
b128a9464e3baef6,62957,53085665,138375,62833,53104662,138375
b13377f8d2cc9db4,33738,23865332,139044,33599,23877078,139044
b135a0fee0183f3e,74403,64589545,352670,,,
b139d8abde7f099e,106915,97043251,139516,106778,97055900,139516
b13ad59216f5e623,118548,108646204,137540,118443,108655806,137540
b1408e1ef41064f1,46131,36261878,138324,45998,36273462,138324
b1796b98c08de20d,116064,106215591,138992,115917,106226255,138992
b19f2f6535a10760,89043,79181578,131578,88913,79194432,131578
b1c08248dfd245ef,111231,101343589,130224,111082,101355121,130224
b1cd75a3d7356377,45378,35522212,138985,45241,35532721,138985
b1ee902668a06caa,119738,109890543,161144,119598,109902051,161144
b203a188748f7f7d,119921,110063954,142086,119785,110074725,142086
b20550330c7881c9,42749,32862696,131205,42635,32872241,131205
b22049757e692bff,57251,47382097,138116,57118,47394219,138116
b230e42857268f78,11156,1304933,138921,11014,1314846,138921
b2b5e6b83b5ba635,42592,32702546,130777,42495,32713163,130777
b2ccdf4c805b1a4d,84120,74245936,137116,83986,74257519,137116
b2cecc5525ea8a85,98783,88922628,137142,98631,88934472,137142
b2d11dcbe707e58a,93272,83421882,132108,93128,83433499,132108
b3125423a0b81f4c,43390,33521967,137831,43253,33531943,137831
b330f12c10d24a4d,33610,23741288,135785,33475,23753767,135785
b35c6e3af315c453,35596,25724215,131694,35462,25735520,131694
b376bfb6354be0d7,79021,69162462,137547,78863,69173674,137547
b37a5a01d553364c,37153,27301504,136866,37003,27314128,136866
b3a3d90cde2987b5,115650,105786370,156526,115514,105797336,156526
b3de4eabd573a225,41784,31925322,138288,41658,31935704,138288
b3e16a9f708bbcdc,44874,34985798,138653,44693,34995491,138653
b3e36f612308c848,31072,21200654,131591,30949,21213600,131591
b3fb39af2649d561,24811,14943147,102801,24755,14951994,102801
b3fc74354a2494fd,44081,34216349,137987,43946,34226070,137987
b40a6f71fe9ea52d,44016,34144486,138030,43882,34153871,138030
b4127aa6a581c6d2,27372,17521822,138300,27223,17534457,138300
b4165a00da840e8a,48011,38082581,130467,47910,38093159,130467
b41c820ac16790d1,44901,35021786,137510,44723,35032200,137510
b4481fe04a06c6b9,107639,97763821,142569,107519,97777288,142569
b4506200c3f1ca77,92417,82542678,137545,92297,82554465,137545
b488e1e482e45cfc,119461,109603138,137523,119317,109615610,137523
b49d3d03efa19d65,20374,10501681,138466,20237,10511033,138466
b49fa421aa18d4bc,103600,93722867,138497,103486,93735830,138497
b4a620e2e4e610b9,84152,74283794,139088,84018,74294836,139088
b4ad8542973b5c6b,57484,47580324,127927,57411,47626745,127927
b4b983adee619315,25600,15762165,140259,25463,15772423,140259
b522c94aba2dea15,109417,99521676,130717,109321,99533039,130717
b54ca99d4b8185c4,47398,37540513,130604,47262,37553306,130604
b573a24bb6883867,48394,38545428,138307,48258,38557847,138307
b57455e88d82a172,41876,32022242,139441,41753,32031916,139441
b58f64415857fc8d,36414,26545421,139501,36277,26557617,139501
b5a94a77033772e8,69312,59421016,130543,69222,59440941,130543
b5c3007cc6940fe0,45937,36065613,137261,45806,36077058,137261
b5d7f382bad84075,74209,64342499,138962,74077,64355406,138962
b5d905b2bb1b5a8b,39606,29741811,138388,39471,29753562,138388
b5de4a26428697c6,62745,52902150,136127,62605,52916181,136127
b5e0b5f2c86cdf6c,27835,17965240,138802,27699,17977206,138802
b5e78b6e8bca1825,76728,66846086,138044,76620,66857520,138044
b5f0a4af11083db9,56433,46573453,137074,56302,46587297,137074
b5f3c95e9437a3e6,88211,78326476,131173,88108,78337718,131173
b60353258b9d766a,106947,97083210,139583,106808,97097196,139583
b6512d4ad7c21309,91505,81662755,137689,91366,81677058,137689
b65285458def5a48,39916,30065384,139174,39779,30077115,139174
b654b5c3bfb81017,37067,27201738,138291,36923,27216093,138291
b65b04cde4667ba1,84408,74503424,130178,84314,74514011,130178
b65c9d994e87d1c9,111604,101745498,131452,111465,101758172,131452
b666249a318c1bd5,47109,37242007,139005,46978,37255287,139005
b6974c678cf28f99,68641,58801112,130936,68505,58817385,130936
b69d02181181b175,66185,56325215,156411,66055,56339245,156411
b6b980bde29e22e0,111513,101641826,130846,111352,101653718,130846
b6e1903582f7a528,52360,42485081,137248,52230,42494608,137248
b7054f835b186477,78565,68681145,130565,78475,68694254,130565
b72adc3a14aff5df,86967,77122570,138184,86827,77134600,138184
b72bc78d3b2d2da8,100826,90982870,138306,100690,90996977,138306
b739b52b44052cc3,106761,96923227,138439,106649,96935474,138439
b76ed7055f80f102,83371,73502501,137635,83237,73514967,137635
b775351c2ef23ced,109569,99682203,130726,109446,99694133,130726
b7862fd954820064,116346,106473836,112895,116292,106483473,112895
b792caf3ca747e4a,106980,97106585,138502,106840,97118566,138502
b7991b25e73611a7,25321,15425354,137933,25171,15436475,137933
b79e1d53453d3268,73010,63123561,132230,72876,63134578,132230
b79e79f4723da482,45601,35740435,129652,45459,35751121,129652
b7b4a1fa85c0893c,73039,63163281,142572,72900,63179373,142572
b7b7a5bd0ad7d5b0,41093,31242001,139278,40978,31252355,139278
b7bca82fea13c8b3,102694,92842732,138207,102544,92854693,138207
b7cb769e89214cfa,27257,17381610,138550,27112,17392480,138550
b7db51714e29f5fb,42870,33001769,136721,42737,33011524,136721
b7db66af54dd26ad,99478,89581484,130846,99397,89611629,130846
b800507d85db4d2a,96824,86966522,139764,96676,86978418,139764
b81209393bbf1690,29097,19204907,138542,28981,19217414,138542
b83984ce9f51b14c,93775,83863485,130551,93698,83874803,130551
b84dbbe40b213edd,23782,13925104,137731,23657,13934773,137731
b873fa056a4b4612,84376,74481359,130622,84282,74494283,130622
b87b47e74961fab3,99412,89527620,131170,99333,89609872,131170
b8ec8bea04410e40,105828,95966658,139653,105679,95979078,139653
b8f6ab4375f959de,113139,103205351,141209,113071,103219352,141209
b90a990e046864d2,38787,28902340,140886,38688,28914830,140886
b93b1b7f1a05bfef,36319,26445060,138940,36184,26457077,138940
b96a36746a1c15d2,27520,17681673,138799,27384,17695024,138799
b96cb7ac8d5c2f5f,11341,1464820,137312,11205,1474766,137312
b98becc15d1af23d,77240,67365864,139056,77076,67377461,139056
b9a6ec94841fb080,38027,28181875,139294,37883,28194003,139294
b9b1960d16be1871,114387,104543409,139509,114250,104555396,139509
b9cfa5f6a758a8e6,88244,78361370,130579,88140,78373889,130579
b9d808afaa0b2074,62868,53022329,138156,62732,53040876,138156
b9ded89b46b36d2d,63054,53185942,139094,62931,53198007,139094
b9f5d2b43168f1a8,77061,67206161,139301,76918,67217274,139301
ba0b80369cf31659,58081,48225200,137272,57937,48238126,137272
ba26f264a3d7e94e,103443,93561450,128641,103340,93572798,128641
ba2ac9a87061037c,25754,15881231,136245,25619,15890974,136245
ba2d1ad114eabf52,56721,46861962,137408,56577,46874780,137408
ba49f850cbe13299,116659,106723920,131313,116566,106733842,131313
ba668bedab47e6c7,44525,34598397,117200,44395,34607211,117200
baa4d3b77d52d4c3,82098,72225581,137437,81964,72245339,137437
bac69c51a5d1a495,119769,109921823,129533,119629,109931114,129533
bad15075b866e855,68237,58362788,129786,68101,58373288,129786
bade3944f2e0abd2,25374,15484864,138117,25207,15495459,138117
baeb1e183de1c715,20128,10281718,139406,19983,10291887,139406
baebeef6e1e75985,14203,4341445,138089,14042,4351538,138089
baf7f824be3bf04f,111634,101769446,141637,111496,101781226,141637
bb0cfccdb111e612,65762,55901037,130522,65614,55920685,130522
bb0d877ccec9e409,49895,40044790,141043,49755,40055485,141043
bb114fc2c09e6737,50206,40342104,139172,50071,40352634,139172
bb1d2e859744f2ca,40198,30324825,136589,40062,30335510,136589
bb1f80794ee349c7,24249,14382689,138964,24111,14393349,138964
bb20e11030134289,56936,47085461,138869,56799,47097975,138869
bb246ef563a8ead6,60506,50642038,137249,60365,50653990,137249
bb29d3099918139b,60410,50545734,138101,60274,50558698,138101
bb2e01f179f90feb,25240,15322210,130640,25116,15332236,130640
bb430e27b6e13934,85450,75586098,138087,85311,75598724,138087
bb50040e2e1f2dc7,40101,30222204,130488,39938,30232579,130488
bb538800379bf298,45969,36101908,137849,45838,36112832,137849
bb589b42005c5601,90178,80286731,131625,90110,80298685,131625
bb6a9bdd40102c23,53532,43641034,131405,53445,43655145,131405
bb6afe98dc9d934a,37521,27661763,138319,37388,27674681,138319
bb721687901138ad,79051,69202564,138488,78903,69214823,138488
bbcb674c172e91ee,89517,79661410,130248,89368,79674134,130248
bbdad9c3de1362fa,81314,71446087,138193,81180,71458269,138193
bbe4564687101b98,102881,93043272,139591,102745,93056537,139591
bc0821ea7c5cf043,15817,5940075,130489,15703,5950036,130489
bc082f5612577c6f,86011,76142713,139088,85875,76154431,139088
bc21fc21415bf998,20753,10901681,138626,20603,10912474,138626
bc55eaf9ac423637,24973,15058469,130020,24908,15069050,130020
bcbf1b71c7da1588,50795,40925638,139334,50661,40936252,139334
bcc93158d987e0ce,28784,18891180,130960,28698,18902940,130960
bce8510b7059c1e5,29665,19804708,156109,29533,19819458,156109
bced62106dc3a0cd,86239,76366576,129262,86158,76379983,129262
bd03e5ea419ff09d,113923,104062140,132212,113785,104073711,132212
bd1074e6b4b9e3a6,89393,79541362,130385,89252,79554848,130385
bd46592fc4bda76f,65558,55663130,140205,65454,55680564,140205
bd67e6b51d22b627,98753,88889167,157705,98603,88903008,157705
bd8caca72c68cb44,48803,38941798,137866,48660,38955583,137866
bd8ea8c5860be5fa,66623,56782415,135972,66485,56796296,135972
bdb025f5bacff0ee,10199,324149,142798,10057,333639,142798
bdc20657b91dd135,81250,71382366,137604,81117,71394556,137604
bdce92af55b45f99,73212,63362931,140117,73067,63375116,140117
bdf24053d19bf819,10287,424634,137281,10128,434972,137281
be12c7e16d6ad069,99876,90002917,138621,99739,90014957,138621
be5080fab9d73584,99117,89246704,138558,98982,89257920,138558
be51eac674c22704,38818,28925585,137724,38714,28937663,137724
be5808ceb08a1f4e,93713,83803727,129853,93644,83815062,129853
be5aa1515747c1e8,17305,7441554,138686,17170,7451827,138686
be74d9d2d689d776,29761,19901913,138529,29627,19914756,138529
be8546fb65b2b19e,105946,96103179,138906,105830,96115434,138906
be9e92c6f0162d0c,58704,48845209,137353,58560,48861223,137353
bea2dc7d34e90443,34487,24668796,346822,34385,24708002,346862
beaf8562e9aac383,40791,30921809,138652,40633,30935543,138652
bec1e47498a4fcaf,80522,70622904,130168,80425,70634239,130168
bed75881b50b209a,102937,93066857,139382,102804,93079217,139382
bf212fdd337a1f02,94211,84361683,131954,94063,84373727,131954
bf2211a16ae76dbd,51149,41282849,138277,51008,41293655,138277
bf5059a0a6d5b6f0,100519,90644121,131689,100387,90655899,131689
bf6cc24002767a3f,107361,97463618,130365,107277,97475494,130365
bf928e459476e028,44984,35122311,139981,44823,35132375,139981
bf9a2bf2d16e8e1c,52617,42745214,137186,52481,42754890,137186
bfbf8c4f45b95085,33984,24141565,136637,33844,24154340,136637
bfdb578706f6a427,13328,3461292,137299,13193,3471363,137299
c00ffaa567bd2c90,59615,49722407,129457,59527,49741156,129457
c013ac2a4faf5892,66088,56220720,129976,65958,56238710,129976
c02c4b3aff776ad6,77746,67886233,139449,77610,67897433,139449
c03add0951940708,69025,59153618,130689,68956,59264093,130778
c03b36726831c916,10375,524921,137076,10234,534467,137076
c06d8d2267a91cf4,59393,49500876,130595,59320,49596369,130595
c086654072fe46a3,57121,47245244,137480,56989,47258001,137480
c0927bc1cf0f8119,40570,30682039,129415,40421,30694003,129415
c0950e7539899fe1,25402,15522162,138388,25226,15532612,138388
c095d02ddcb574ff,101383,91501538,129767,101289,91513166,129767
c0970b63f80580c5,87626,77766242,138692,87478,77778167,138692
c09eeee17bf731c3,104584,94726298,139216,104434,94738289,139216
c0abdebb39f8f1d1,79486,69622622,139002,79350,69634896,139002
c0cf93587686e887,71757,61901187,130514,71617,61913456,130514
c0e62cc0b268a806,119208,109342938,136758,119071,109352579,136758
c0f9491d8250f897,98122,88266369,138845,97974,88277905,138845
c1082742344f5ea9,40262,30401898,138165,40127,30413615,138165
c13d78405fb5a06a,27139,17261639,137817,27015,17272368,137817
c154826fb860a7ce,99934,90066588,138730,99785,90078897,138730
c15ccfe64aab2a97,37456,27588480,157795,37323,27601283,157795
c174f0644126d662,20276,10405009,138192,20140,10415061,138192
c1925b279351bedb,9926,40040,130136,9822,50182,130136
c1b6d6b16da5fa5e,53076,43205280,138575,52941,43215319,138575
c207fb22bfe15a0d,39885,30041931,138887,39744,30055119,138887
c23c3b4d354c27db,71185,61306163,138315,71019,61317473,138315
c24f3ff17ed4db6e,12304,2444917,137609,12154,2454394,137609
c2518b9d238389c4,36100,26262015,138837,35964,26274610,138837
c25262e74eacae4e,46324,36429314,127912,46238,36484039,127912
c26432a07a2865ed,100109,90263296,140558,99977,90281885,140558
c2804a44fed2a7ee,24876,14992237,117132,24818,15001594,117132
c28816013e35046b,92710,82861313,130400,92567,82872973,130400
c290d597c8417e18,98968,89125778,155408,98833,89140451,155408
c29cf499cd03df2c,29633,19765228,159231,29500,19779511,159231
c2af030ffb98748d,11534,1664925,137838,11395,1674638,137838
c2ba5f48f3824b81,61353,51461009,131754,61269,51474229,131754
c2c4bbeae21e8021,97707,87821438,130099,97616,87833210,130099
c2e821ab7321f55b,32217,22365507,138987,32078,22377337,138987
c2eb314ed17715c3,101881,92023099,138446,101731,92035393,138446
c3196d2d438f1bcf,30104,20262012,138441,29964,20275242,138441
c326c242e62a7807,22656,12788332,138691,22526,12798542,138691
c330bd9648b21709,104240,94369402,137404,104104,94380487,137404
c3381e6a6b8eec0b,23120,13280281,130890,22981,13290581,130890
c35efe89223d868c,67210,57283685,95144,67161,57383689,95144
c3621b15190b0ac2,13749,3841818,130481,13652,3850937,130481
c3841ff717f80b31,91132,81263269,141535,91000,81276163,141535
c394d42bfe1c3464,52957,43105175,136888,52817,43115681,136888
c3c72676d4c9d4c4,21974,12040202,130401,21814,12050172,130401
c3cea69baeb1210a,44430,34518080,123614,44312,34527115,123614
c3d1a8440a96358f,11033,1181335,138238,10886,1192025,138238
c3d6e8895342ca48,88799,78946310,139114,88657,78958604,139114
c3d9bb9e7440187d,118358,108461885,131013,118268,108471975,131013
c3dad92b34aab3ae,70914,60980810,129270,70831,61000153,129270
c3e3d20301fcbc3f,111845,102001761,130907,111705,102014259,130907
c3eb02af51fdd9ae,84747,74865947,138089,84610,74878392,138089
c3fc18d4fe0ec00b,40883,31022390,139164,40726,31037086,139164
c3fd6f1ba637014b,94678,84821638,131710,94538,84833782,131710
c4088618a5327171,56066,46205059,137434,55919,46218269,137434
c42279edc6942ecb,101449,91563610,131196,101352,91580872,131196
c44d85bb98407761,31191,21324968,138040,31045,21337291,138040
c45390c30a9ee96e,113274,103343312,138805,113156,103357980,138805
c470aeb10b03c2a1,67474,57561011,130562,67350,57573429,130562
c47719338526e1c5,79673,69822320,138053,79533,69834607,138053
c479f1cdb157fc9d,26072,16205366,138923,25927,16215559,138923
c4837cbb8576a9fe,99637,89743028,139775,99543,89755314,139775
c4899c00abd9e2fc,95898,86022925,138300,95790,86034506,138300
c4a76fc89f1726e5,84805,74942735,138778,84656,74955976,138778
c4b3b0ef6a9538a4,39141,29285443,138283,38996,29297274,138283
c4b5ab0599168440,113079,103159162,130669,113028,103173403,130669
c4baf38542ba1c35,89795,79924298,137936,89661,79936238,137936
c50174ea7cbffe38,92855,82983139,130005,92720,82995170,130005
c510d880c91a66ec,77807,67962480,138597,77668,67974684,138597
c52c8fb3c428a5a8,19739,9842444,131133,19628,9852274,131133
c535448841a183c0,115009,105123806,130024,114892,105133178,130024
c53cc555a38b71d7,92103,82210031,129257,92011,82222393,129257
c55d9291641700c4,32125,22282035,139662,31983,22293348,139662
c56efb66c360afa5,16211,6361618,139477,16063,6371279,139477
c57b6504405d3911,74967,65085542,138869,74835,65097824,138869
c58fb55ec05c3ebc,37363,27521640,137705,37227,27533356,137705
c5a8ad90fe64d043,80679,70802770,138464,80568,70814567,138464
c5b0cc440c5b30a3,79735,69882523,138122,79594,69894645,138122
c5e1c94542c21f39,69606,59740720,128718,69449,59758899,128718
c60db55c9624314b,21054,11182596,131264,20917,11192545,131264
c615f3ab6faacfe3,10169,300030,130600,10032,309421,130600
c62874ebbb1226f7,63536,53640799,129273,63439,53652531,129273
c62b3d6871cb166e,21725,11780926,129167,21658,11790689,129167
c62babc8f5881a1d,24656,14807205,137650,24516,14817947,137650
c63692277d5d9d2c,15285,5421414,138460,15150,5431830,138460
c64507340fad9fa5,115133,105262152,131472,115002,105272232,131472
c67821aaf12b89fa,16493,6621612,138744,16355,6631891,138744
c6c36bf7a6015a34,99214,89346015,137913,99078,89358061,137913
c6d23123b28696db,50239,40365663,139580,50103,40376548,139580
c6ffa28bb0555556,97097,87226266,138717,96961,87238854,138717
c704ad7286d11608,12423,2581408,138426,12287,2591253,138426
c7329c54b09b29b6,106162,96306167,156159,106023,96320683,156159
c7365e99ee5634e5,65617,55725051,137037,65502,55742660,137037
c73cec39f426e109,57823,47942591,141521,57702,47964481,141521
c75227526bebd0ac,37841,27981948,138920,37701,27992882,138920
c7729eabfa83a3c2,33893,24041791,139223,33746,24056130,139223
c7926de6ff272d11,48898,39041971,138422,48751,39055319,138422
c7a354283d6db9a5,86880,77022871,139536,86724,77034959,139536
c7bea4a9e16529a3,110042,100183256,138494,109886,100195840,138494
c7c9e6362e2eae29,99963,90103085,139761,99807,90116401,139761
c7d58a0c9211bb3d,67796,57945389,136278,67654,57956250,136278
c7d95912e1b85bc0,29920,20062081,141067,29780,20075996,141067
c7da379c9c74c235,61786,51920948,131117,61650,51932699,131117
c7df97309890b92b,20308,10441584,138709,20172,10451787,138709
c80bc80428c97c3d,106387,96522974,137827,106236,96534643,137827
c80d9da16fed8fef,93114,83246200,138600,92976,83264721,138600
c82261e62739525b,113794,103923418,139238,113659,103935454,139238
c855c9a8249b8daa,12608,2744923,158738,12472,2756497,158738
c8639fc1206cd5dd,112629,102782793,143302,112510,102795270,143302
c865eef7608a213d,73125,63262320,137409,72969,63276162,137409
c86b9ad1bb3a2125,12803,2940039,130248,12661,2949963,130248
c8874517cac7d5b7,101042,91182911,137629,100909,91195613,137629
c88f4009e57a2e06,112854,102992999,113586,112824,103004171,113586
c8bc95d9b292fe21,107199,97325034,113568,107120,97427748,113568
c8c5bac5d8c1d475,43549,33685036,137048,43408,33694537,137048
c8e0b913c3e707b3,10346,501807,138956,10202,511373,138956
c8fb74dff0b711ce,107874,98023375,140047,107728,98034901,140047
c900c6328fa537ea,99667,89766458,138739,99570,89778257,138739
c9050f0a49e4447c,119430,109563826,139770,119288,109577886,139770
c9154ea78792f1fb,91382,81522857,138936,91240,81535290,138936
c92779666dec9c72,58418,48562146,138485,58284,48576119,138485
c931b10039ab7313,119336,109467104,139208,119197,109476762,139208
c950b4bc919a6fb8,52241,42402223,137798,52107,42417515,137798
c95a4039aba4b43a,82066,72202365,137784,81932,72222138,137784
c96b26a663dbe06b,78874,69002503,138355,78741,69015026,138355
c97b9c0ef27410a8,30758,20880390,130070,30667,20892203,130070
c9c32b16d508b56c,70095,60225677,137936,69962,60238715,137936
c9c66e68117b1dda,68011,58158401,170057,67878,58173292,170057
c9cb86f90c6d5881,114753,104865833,116595,114646,104874496,116595
c9db84c8aa0c5c08,95141,85264775,129780,95010,85276000,129780
c9dc00472b7554f4,26010,16142041,139089,25868,16151804,139089
c9ddad16708c2a85,97917,88043165,139331,97781,88055768,139331
c9e765a2d8eb8ed3,116313,106445181,101076,116259,106454405,101076
c9f85e69e37f88f2,71266,61402465,138144,71104,61414243,138144
ca118e2007fa58e0,74451,64606654,102692,,,
ca11df6ea43274b1,33578,23711074,154884,33444,23725519,154884
ca2e495e28293cfe,43423,33562018,139095,43285,33572100,139095
ca3490c3c7af7e0f,29215,19341822,139313,29075,19353365,139313
ca54cdd56e5e4d0a,17120,7281543,138390,16983,7292127,138390
ca618b8821a2506f,63597,53702699,130398,63491,53714240,130398
ca872cf9240f1c80,48609,38742128,138232,48472,38754746,138232
ca891ef0feb5bbca,69780,59941987,136655,69643,59954463,136655
ca9f8f893268ab04,72921,63041420,131868,72803,63055185,131868
caa314b3b3b8ed74,106450,96586726,139333,106299,96597896,139333
cac5ea993aab3afe,63378,53480611,129112,63296,53492065,129112
cac8770fc32b63e3,25456,15585059,137780,25292,15594932,137780
cae0fdc0ebf52ab6,109226,99332327,129230,109144,99343604,129230
caf3c3a517bcd818,18228,8381820,139679,18083,8391679,139679
cafa0500a368f904,113373,103472882,130488,113212,103491767,130488
cb38b07f59ece254,73587,63722629,139786,73450,63735576,139786
cb5289f976d4ddd9,39112,29262155,137937,38964,29275274,137937
cb59ff88f94cc695,103928,94082859,138422,103784,94095033,138422
cb5cf5aa8bf63156,61576,51682979,129988,61477,51695409,129988
cb6d2d8fd90beaed,30692,20808193,133285,30603,20820387,133285
cb6e3253279190f0,102601,92742962,139003,102454,92757181,139003
cb7a51af2cbcebf4,90937,81066684,140630,90807,81078508,140630
cb88849e9fbfe994,43196,33325524,138804,43061,33334855,138804
cba2d639b740fc3c,77956,68086090,139102,77800,68098136,139102
cbb19056c8316737,105710,95843155,139330,105586,95856027,139330
cbce16becf929554,90048,80211322,333369,89983,80244103,333409
cbda7b1da838400c,29360,19501840,138476,29205,19513512,138476
cbeed3f9b586a0da,22877,13020642,130873,22734,13030760,130873
cbfb4a36031fdc6c,86793,76922929,139965,86645,76934310,139965
cc0fada2a204fef2,116411,106540464,130434,116354,106552732,130434
cc3a6a32d01170dd,101911,92063153,138078,101768,92078711,138078
cc415ff89f3bf069,67606,57722608,139895,67430,57742435,139895
cc4b2916a2f289b2,113472,103603290,139574,113305,103616568,139574
cc4d75458461bd3b,59206,49342201,138421,59071,49355569,138421
cc67e06ce9ad166f,96223,86382722,138027,96086,86394665,138027
cc6f83cae853c84d,91002,81129826,161157,90872,81152384,161157
cc7b8f11c9e171ba,117314,107446916,138197,117180,107457126,138197
cc88d213fe7870b3,68425,58563252,129781,68279,58574039,129781
ccba29184365116b,79391,69522462,136932,79254,69534377,136932
ccc58b8522990fc0,87347,77482620,138559,87209,77495713,138559
cced51e4c2a8ba7a,102378,92506030,137887,102242,92518093,137887
cd02ef00b559a9a2,110171,100301816,130264,110038,100313231,130264
cd06963959164e57,117941,108101859,130722,117802,108111196,130722
cd229a8fa330cd2f,60936,51065973,137574,60803,51079450,137574
cd4636e45946a6b7,62081,52242097,136733,61947,52252952,136733
cd4907560b5a745d,116379,106507497,131922,116324,106518176,131922
cd75deaf29acd6db,39200,29345011,138504,39054,29358304,138504
cd7e5968ba31472d,19483,9610590,131584,19382,9620189,131584
cd971472566421c5,18109,8261981,139999,17963,8271737,139999
cdc4f32207661df5,22095,12200217,130880,21901,12209953,130880
cdd513fe665eaae6,89827,79962849,137949,89692,79975320,137949
cde293b34327bd66,40358,30528294,347553,40224,30568996,347593
cdea940ee3a8f31c,81694,71842451,137560,81549,71855221,137560
cdee376c9b32ceb4,45817,35962683,129754,45676,35974812,129754
ce09531e58f671a1,81217,71345971,139547,81084,71366045,139547
ce0fcbfe8f218569,22846,12980324,130571,22706,12990715,130571
ce2f62f1c08218c1,51117,41245410,137837,50977,41256487,137837
ce3ecc186aeb402b,94864,85005508,142086,94715,85017712,142086
ce4e06054e8d86d6,43326,33464872,156230,43190,33476608,156230
ce558d3ca52d7134,101107,91246263,158373,100973,91262172,158373
ce6789b9d7f83d2c,22752,12880397,131233,22618,12890112,131233
ce68f18933663c51,81006,71162918,139058,80869,71181416,139058
ce69be8deab25d8d,26225,16382045,140241,26084,16393278,140241
ce6b4cd76a4dfbde,71053,61143024,142151,70930,61155073,142151
ce93edebf6e6cac2,64096,54225333,137830,63963,54237675,137830
ced3186d230236fb,14231,4381400,137045,14082,4391687,137045
ced8b98c863f371b,48771,38902383,138182,48630,38915810,138182
cedc860b36fb386e,35725,25861565,137520,35587,25874244,137520
cf4653314e83f1e5,82226,72407295,339037,,,
cf5edbe53f0c7562,11660,1785229,114179,11562,1794407,114179
cf76a67cb71cd4c8,74725,64822823,129999,74632,64833910,129999
cf8c010c39b413bd,17807,7922112,129977,17691,7931901,129977
cf8ee4f7e0fa13ee,101236,91408531,342155,,,
cf9adfd45986911f,12575,2705148,137230,12439,2714899,137230
cfdc47a25e991116,38532,28647521,130747,38453,28669457,130747
d004e403bd03662a,100487,90621885,132438,100357,90633927,132438
d05e7779825b960d,88650,78782676,137411,88513,78794823,137411
d06a3b1542be104f,98063,88206204,137531,97917,88217588,137531
d06edeca58ee11cb,87316,77446379,139076,87179,77458931,139076
d0711bee8d9a6a2c,90081,80225011,80936,90016,80251645,80936
d087f659fb7ccac8,42186,32322003,139299,42026,32331768,139299
d0976d3360ff5a41,54638,44782293,138856,54502,44792117,138856
d0b32ffb8d8a91ec,13522,3708192,346527,13423,3735781,346567
d0b95e5ceb403813,71662,61802287,138070,71523,61815417,138070
d0b9946f568f6353,82906,73042738,138300,82746,73055399,138300
d0dddd583553edc1,55745,45842696,129546,55647,45854017,129546
d0e8bd480285af5b,26922,17020671,129954,26823,17030124,129954
d0f2875fff1b422b,29697,19827755,136841,29564,19840184,136841
d0f3cd978646e020,66902,57128615,399527,,,
d0f85b3a97bea1ce,32335,22465250,138390,32203,22476319,138390
d0f9a02be2e5dc85,48641,38780373,127907,48504,38793298,127907
d10e819ba784e866,88860,79006707,141111,88718,79018660,141111
d112003b9ccc8588,103346,93461578,130211,103246,93473831,130211
d1191cd2d426e89c,85129,75262790,139004,84996,75274980,139004
d11b26fd76050570,62715,52862374,138939,62572,52874658,138939
d121adb101f9a5db,40440,30567271,128969,40294,30602067,128969
d140d1f101960504,119399,109526984,139192,119258,109541502,139192
d152437b797714d4,52586,42722066,138479,52451,42732466,138479
d16f7f92aa84cfd0,72671,62781247,130323,72579,62793068,130323
d18278cab58dd640,99331,89485811,99234,,,
d1b7766b459eb44e,75511,65642647,139138,75376,65655041,139138
d1bc94ade295a3de,50740,40902151,138163,50604,40913302,138163
d1e03eb8183239d5,29067,19181546,137542,28956,19194725,137542
d20422165026993e,100796,90946326,139647,100659,90959499,139647
d20b03f5079d1129,73554,63686043,141216,73418,63697584,141216
d21267a052e63b6b,115283,105423411,139105,115131,105433461,139105
d25191b5c4d87dd0,86496,76601138,130132,86401,76613458,130132
d2525618ee3b05c7,91444,81586279,139436,91298,81597750,139436
d25b3acb879bd908,84566,74681111,129745,84458,74693415,129745
d25f0c0732caa9c8,51054,41185318,138246,50916,41195176,138246
d286c13a02011368,79326,69462468,138150,79167,69475984,138150
d2ba99c824eecf74,54510,44641928,137746,54379,44652905,137746
d2fc503b35454fa7,93178,83321613,131521,93038,83334660,131521
d33773effe31a782,36979,27102503,141898,36857,27114621,141898
d341929aa32a0253,88621,78745022,141733,88488,78756483,141733
d34dc82a5ff9a98f,32002,22141830,138539,31858,22152643,138539
d35846a9d97fad69,44145,34301613,105646,44033,34316390,105646
d36d987c64365dcd,20069,10204666,138680,19911,10214936,138680
d373f65306c00ac9,74788,64901143,129540,74688,64914901,129540
d37d5a3626d281e6,89362,79501462,131279,89223,79513663,131279
d382903926bd0930,107756,97885159,141316,107612,97897077,141316
d38562563a1e754c,116126,106266363,138802,115980,106276120,138802
d39d856d4fbb7c80,118669,108783297,138529,118544,108793016,138529
d3b116db20d7e2e3,16395,6523876,130299,16259,6532825,130299
d3c1d9465ea25bf8,66562,56705400,137225,66416,56716855,137225
d3c8ec001675f5de,20691,10825213,138758,20545,10835308,138758
d3c9f4bec59874a1,99905,90043120,138930,99762,90058745,138930
d3e92b4abc215962,100360,90489212,137516,100233,90501263,137516
d3fa4d2c8a731427,75055,65186051,138070,74903,65197755,138070
d401238af9ac859a,10140,261182,130990,10008,270100,130990
d404f96f6dfb6c91,79857,70008718,136248,79726,70021117,136248
d41022eeaf53a797,94803,84945729,142979,94657,84957817,142979
d4261180497f2026,74997,65122431,138494,74858,65134186,138494
d4455900dc1c10a5,31588,21725714,161706,31455,21739046,161706
d44a65d6f0b6b352,32497,22641858,138160,32364,22653043,138160
d462870bc0d51813,14534,4665064,139007,14398,4675038,139007
d475b1997dc456ac,108595,98743174,139188,108451,98756559,139188
d47f0e5b319e57fd,51857,41965163,137783,51762,41975649,137783
d49976d2790a5344,90536,80641167,129927,90393,80651737,129927
d4b8327ffad68bec,71725,61862073,136545,71586,61874312,136545
d4c6a0b6ab857128,54167,44321455,135872,54024,44332279,135872
d4cf2e58e6b3c079,110009,100143208,139579,109847,100154192,139579
d4e15257b5378aab,27227,17345124,139833,27088,17355617,139833
d4f912914601c698,36669,26780505,130127,36595,26791584,130127
d504accade9f475c,28620,18808282,348828,28526,18842284,348868
d50cb83005351ed8,97676,87781524,129842,97589,87792893,129842
d51ef8bd41707482,110794,100921586,130001,110628,100933353,130001
d52400e9ab5f6e71,34046,24201873,138839,33909,24215248,138839
d529a16fbad7d673,69869,60002285,137694,69708,60014498,137694
d5542b5ccdfd9f01,67978,58129670,235619,67845,58151712,235619
d56fdb7d048a4a2b,9957,62141,130942,9850,71604,130942
d570d6c1b04a3e64,62434,52565371,137173,62294,52583462,137173
d59b8ee75b0881c3,119077,109207153,138703,118941,109216457,138703
d5a8cea1cb68495d,94097,84224587,123102,93938,84234687,123102
d5b6116e34f7ffd7,53270,43402098,138817,53134,43412171,138817
d5e309be72755b5a,46727,36843012,130917,46593,36854831,130917
d5e48ac634fdaf30,78247,68382445,138112,78117,68394301,138112
d617abd396728446,90480,80581291,130591,90354,80594576,130591
d62859d0bcbc9895,86821,76962532,137532,86667,76974916,137532
d64292487e110e8a,97323,87508791,346745,,,
d64820433bde97eb,42655,32780836,130772,42553,32791016,130772
d64bb856e5c2667f,94241,84383895,131598,94093,84394374,131598
d6523eaef1c2395a,49987,40142326,139121,49847,40152376,139121
d6639942f478230e,38693,28800221,129279,38605,28812446,129279
d6801e67ca94bdbd,69432,59541517,131186,69318,59554010,131186
d681e12e48766d50,59521,49622431,130002,59442,49641186,130002
d68882c4cb809227,60124,50281963,136559,59995,50294748,136559
d6a491ef1cb71881,66152,56285223,153956,66022,56298916,153956
d6a609cf23561669,55128,45261966,137486,54996,45273406,137486
d6a9bd068260fd11,109861,100006061,137145,109717,100017727,137145
d6c8b94eb26a707f,90364,80443553,130408,90268,80454152,130408
d6c8d56ca8ecaeae,108534,98683365,139427,108386,98696676,139427
d6c9089e53efc810,18574,8705052,139399,18435,8714879,139399
d6d135eca92292e7,42496,32602154,129750,42403,32611524,129750
d6dc56bc79a8cc18,44676,34760875,131610,44518,34770293,131610
d708265930616cde,17241,7381559,138029,17106,7392308,138029
d7171f80406da879,112566,102721806,130571,112447,102733621,130571
d71c1bbb2e704808,80800,70923406,138744,80671,70936137,138744
d7551b85f1c3d0ab,14349,4501365,137974,14202,4510912,137974
d765b0123182dbd0,13393,3532790,138683,13258,3543310,138683
d76735220ffafe5d,109290,99383688,131636,109205,99394974,131636
d7b43569c701c3c0,69721,59864643,141595,69578,59877737,141595
d7b4e7046ff157ac,108376,98504085,130432,108234,98515967,130432
d7ba834ecdfa2196,62622,52763311,138618,62472,52776222,138618
d7bbfb1b22548d98,79549,69686364,138305,79412,69698230,138305
d7d19d57b4c09133,64291,54425930,139587,64157,54438267,139587
d7e62fd458ff9566,27285,17421418,137382,27134,17431828,137382
d7fa43c1809b55ae,97859,87983047,139807,97737,87996906,139807
d8025ed498424b51,97888,88006485,138845,97759,88018581,138845
d80f75f55b79ce38,35049,25180497,131081,34918,25191703,131081
d8151c970829f2d1,108117,98246329,138264,107983,98257743,138264
d82bc498c1a2e766,11309,1441636,139712,11173,1451888,139712
d83f7af0969b82cd,69549,59680853,129360,69406,59694671,129360
d8438d66595d1747,73456,63589020,155888,73322,63608495,155888
d85b1807ec08914d,100080,90226327,138512,99948,90245073,138512
d88dcad1701c4d6c,108627,98766532,138039,108482,98778586,138039
d8b12da033dfa471,17960,8084122,140777,17826,8094299,140777
d8b37555eeb9c12f,98435,88566457,138860,98298,88578167,138860
d8c6218e6ce8ab91,32814,22922925,131101,32728,22934298,131101
d8d85186c05eccbf,107150,97305795,100432,,,
d904308a0d5fe5d9,43919,34056014,140163,43785,34065829,140163
d91685a17a9044f1,34678,24782286,129771,34589,24794088,129771
d92a38056366f61a,11948,2060036,130426,11835,2070205,130426
d94dca07a6415b5c,53597,43700476,129414,53507,43710683,129414
d959e8310aa9efaa,105147,95328925,340864,105058,95378932,340904
d9665ffe4b1ac2f1,59238,49417378,397910,59142,49474372,397950
d9900efc0992b536,76759,66882602,138499,76648,66894769,138499
d992f7bf160773ec,81475,71605507,137742,81335,71625145,137742
d994c87a05e4bd1d,72980,63101185,131599,72852,63116078,131599
d9af4a101b651800,24502,14640669,131652,24355,14650832,131652
d9b0302f9e6d22eb,33862,24001808,138532,33717,24012868,138532
d9c270b4117dd581,114142,104283459,140571,113996,104295216,140571
d9e89311043f7a1e,14115,4240397,131455,13970,4249834,131455
da15e845f8195916,87869,78003122,139754,87735,78014922,139754
da18e320186f0225,75575,65705757,137830,75438,65718229,137830
da1d0c0240ff2261,71436,61565277,141343,71277,61577402,141343
da505002353fcd76,32155,22313315,139145,32016,22325802,139145
da54e7c3b12e1a5f,114080,104223625,141771,113937,104236044,141771
da5bc3d121df54f6,116096,106242934,137811,115950,106254064,137811
da72a8bd57184c41,103410,93521664,130244,103309,93532810,130244
da8644c1bf42c1bc,118293,108408740,130540,118205,108418896,130540
daac754862d5c207,50492,40641737,135965,50348,40652340,135965
daafd9a640178b46,20874,11025290,138905,20735,11035666,138905
daca5d0965ddf2d8,61816,51944761,141153,61673,51957100,141153
dae6039c40dc206b,24438,14581462,137820,24295,14592423,137820
db02ee1b82efa247,57612,47702576,130848,57529,47713894,130848
db08e5448b7002b8,55652,45742323,128435,55567,45753834,128435
db0b3ec7d80d1ba6,22527,12661791,139234,22400,12672036,139234
db0febcc14101fd4,70346,60486142,137811,70204,60504626,137811
db434d87179e2f7e,11566,1748949,352101,11463,1775800,352141
db4355ae9d8b2feb,68922,59114774,379520,,,
db730f9ccbc5d2ca,31909,22045270,138827,31770,22057193,138827
db87ff24bf436c81,35434,25564092,140806,35300,25576505,140806
db96647e6100a190,81818,71965652,137288,81680,71979863,137288
db9e1736c15d82e5,58386,48522017,136758,58253,48539893,136758
dbbb7d33f0593ab4,45663,35811508,128841,45518,35823022,128841
dbde7e12916feb5f,101416,91541475,129657,101321,91554199,129657
dc1a142e7ae0e7f4,11063,1204804,138971,10914,1214997,138971
dc1c42ee9d5e193a,36253,26381809,138867,36120,26394167,138867
dc36cba4584211a2,59014,49142027,137278,58883,49153344,137278
dc38eb59ddb92a0e,31500,21661674,138315,31364,21674971,138315
dc3ad386f8edd14b,56336,46468421,156627,56206,46482441,156627
dc4e5a9b92ca2f62,110987,101123735,142612,110853,101137056,142612
dc4ea1260d290c90,41658,31801803,138690,41503,31812429,138690
dc846966e328f7f3,29448,19601753,138844,29308,19612969,138844
dc84fbf8ddb53e12,59360,49472344,114875,59288,49595597,114875
dc944018218e77f2,52122,42261859,136450,51965,42271533,136450
dcdcee9ef5ffc0e1,65791,55924912,141540,65636,55944159,141540
dce42f96f5ee0f71,105798,95943098,139053,105656,95955645,139053
dd0b6ced5134ed5f,111875,102023948,131395,111735,102035024,131395
dd18471b4e79cc40,103100,93226591,139454,102966,93239319,139454
dd231d47916b16c1,92478,82602488,137229,92347,82616106,137229
dd2d9a3326dc12e8,60756,50902149,137901,60612,50919711,137901
dd30cb365a9e9ae4,85322,75462609,137909,85187,75475669,137909
dd373422fdf47817,50271,40402010,137539,50135,40412521,137539
dd46f5bc33f7f3ed,94069,84203752,144388,93917,84216615,144388
dd4dfae656d413aa,83807,73962555,138117,83665,73975652,138117
dd69f44cf1ebba05,29982,20121620,138066,29838,20132654,138066
dd73b64e584c1986,103474,93583543,130550,103370,93594070,130550
dd80c440b37faabf,35196,25342045,139949,35048,25358368,139949
dd984d8159d61986,116957,107086426,137212,116795,107095744,137212
dd9a6c817b0ef98f,93018,83162982,138787,92882,83176016,138787
dda7480f183e3a7f,91748,81881274,130065,91611,81892537,130065
ddb2624fc520fc29,24118,14260408,130871,23982,14269540,130871
ddc8a5d9e471c206,49680,39820553,130464,49541,39831146,130464
ddcdbe2854325600,110955,101084210,131991,110821,101095770,131991
dddf660800577d2b,91878,82003355,129624,91738,82015392,129624
ddf5622b06d9943b,80139,70282734,138691,80008,70302659,138691
de0af45d1d0be7bb,18637,8780322,131516,18496,8790180,131516
de4c29e2c6939b92,90146,80264355,115054,90079,80274650,115054
de52e2b2589a0574,29389,19541730,138785,29246,19557042,138785
de7dc344d2a43fad,105916,96074303,139086,105778,96087419,139086
de8728330a62d84e,18824,8965225,138118,18674,8975330,138118
dea70199a97a3636,10972,1105306,138820,10828,1115416,138820
deb6808f8ea237e9,55776,45880477,129161,55672,45891117,129161
defaf12e2145d968,108215,98346466,139486,108079,98357467,139486
df5d02fb64e186bf,48122,38221743,137707,47982,38233933,137707
df69b8bd1f6bf303,114050,104182251,131168,113908,104192788,131168
df78108f13873665,50893,41022415,139597,50758,41032701,139597
df79b1017eebb509,96414,86545304,152660,96283,86558699,152660
df9729021df59256,17743,7860212,131062,17632,7869900,131062
dfa9f50a396efaee,108999,99126480,139276,108866,99138848,139276
dfaac34c9c5f3979,103899,94042916,138162,103745,94055669,138162
dfabd30a05228bfe,110424,100567018,140266,110283,100578395,140266
dfd2e105c719f942,104399,94543375,139451,104259,94557545,139451
dfe6d9c4eb3653fa,19389,9567731,341837,19284,9595908,341877
dffbdf7facd28308,103569,93683143,138907,103457,93694882,138907
e009cc21b8ac9fb9,117067,107223269,139262,116925,107234845,139262
e00bdcfa8c71e73a,94709,84843643,130587,94568,84854899,130587
e0459eafa59bdecd,99789,89903064,139035,99671,89915524,139035
e068c4d5c92d32c4,45346,35481851,137737,45210,35491979,137737
e0868f019bb29105,28880,18980336,130559,28789,18991587,130559
e0ad957b33b76d9d,54670,44813628,138330,54533,44824116,138330
e0bf0ed1c76603a9,102475,92606704,138730,102335,92618446,138730
e0c89f3e8a7e099a,94582,84721592,131181,94445,84734453,131181
e0db0c17206a1a3b,10908,1043932,130990,10767,1054247,130990
e0fbe9748697c183,26501,16641630,137375,26366,16651574,137375
e16a749f5d30139d,52490,42622324,139563,52358,42632339,139563
e1ad023037e28121,62273,52404802,153252,62138,52417064,153252
e1af6a5e8a74475c,48992,39142242,138206,48843,39152556,138206
e1b1514ecc6550a2,21897,11940416,131253,21772,11950347,131253
e1c09a4f3c84fdfd,18168,8321554,139309,18024,8331307,139309
e1cfe8023b365c12,44556,34641238,132853,44421,34651369,132853
e1d3c87a7fd829e1,30823,20940197,129724,30728,20954014,129724
e21314a8aea6ea4d,9989,100086,130562,9878,109339,130562
e219681125c5575d,24312,14445278,138655,24173,14455930,138655
e21f9549ad1e2e1c,55923,46046041,137555,55786,46068268,137555
e22e0332bd86df61,116600,106673251,130462,116521,106684250,130462
e2387285bc18ca07,61239,51394857,100517,61157,51429338,100517
e24703a793fae7c3,118157,108350082,349410,118064,108376989,349450
e2488c827838f172,19294,9424898,138522,19156,9434653,138522
e28e0f1e24ac57b0,42900,33041970,139177,42761,33053013,139177
e28ea1058d1f63de,28085,18224835,138047,27937,18235842,138047
e2b839869220b733,39055,29185261,138531,38897,29197522,138531
e2bcc904a4627f77,26533,16665022,138640,26398,16675487,138640
e2e4a8aba0e99903,62776,52925393,137907,62640,52937854,137907
e2e6eec316ecb768,57765,47862658,129865,57657,47874260,129865
e31890a6076ad39c,22939,13080425,131679,22792,13090317,131679
e341685f480d47f9,26468,16601711,139009,26333,16612129,139009
e36ed844ebf00610,89172,79303074,139526,89040,79315035,139526
e37032e7d269fcfb,105681,95803191,138772,105563,95815012,138772
e377e8ab16658fb2,116930,107063288,138312,116765,107074812,138312
e37c7a81bcedddca,26985,17082689,131307,26882,17092263,131307
e37f13dafc5721ac,100455,90593603,131960,100326,90605809,131960
e393c066b84adb92,113497,103626624,138311,113334,103638232,138311
e3a1567ba1732b62,101481,91601592,130329,101382,91619980,130329
e3bae9426255b6a8,19429,9588376,123896,19329,9604727,123896
e3d1592fe27fd6d2,36604,26711935,130152,36532,26724050,130152
e3dfda0fa2c24259,94741,84881429,130840,94598,84892495,130840
e3e072fe15f1d306,74849,64963098,142147,74739,64977096,142147
e3ed90f1bba2e37e,51304,41445529,139797,51153,41455745,139797
e3eda8c7fcb2f229,112190,102334753,140121,112037,102346846,140121
e3f57f16c2c742be,61874,52022385,138675,61730,52042528,138675
e40092f31ac8d4ee,50990,41122014,137726,50854,41137227,137726
e41a15f5330a7051,78278,68422897,139307,78148,68436107,139307
e440294fc17f5dc2,21345,11578651,342571,21295,11607215,342611
e44314dece35bb18,92136,82241315,130698,92043,82254758,130698
e4591fda9dc40c6c,28718,18846978,130297,28633,18863419,130297
e48aeaea2c38e242,78118,68245667,138385,77989,68257612,138385
e493e42eadafb3df,79080,69225557,136327,78936,69237573,136327
e4a6b80511b0a24b,29331,19465237,138727,29177,19476727,138727
e4b0d53a51651cc4,49295,39425361,138015,49165,39436274,138015
e4cb1ed58f131e3e,33800,23941738,138560,33658,23953592,138560
e50990df895b06f3,38240,28365378,139507,38106,28377776,139507
e572c5fbd96a08d7,54227,44381778,137103,54084,44392252,137103
e5812a11dad7be05,50646,40801889,138039,50503,40812105,138039
e5a0f21016e4024d,22249,12401708,138390,22103,12412589,138390
e5b17b7fa9a37df8,115432,105586687,138559,115298,105597296,138559
e5d4a1f65b535aa5,13296,3424829,139153,13161,3435085,139153
e5e62d33734c9517,53302,43441979,137623,53165,43452209,137623
e5f3d1f405e30f6c,48309,38445025,136892,48156,38456878,136892
e60649db78a5f70e,60160,50321997,137268,60031,50335036,137268
e60831d51bcb97f5,56844,46985153,136796,56702,46998245,136796
e631d211edc14125,91661,81821566,131466,91525,81833365,131466
e64328c9d910a7ec,115876,106006956,139684,115733,106017923,139684
e6491bd12b3ed446,64450,54585403,137782,64311,54597021,137782
e64a9c6d65cc0640,118126,108263371,139300,117988,108273533,139300
e665484ed28a1f79,32652,22767705,131318,32573,22849528,131318
e67f38bfc74b28c1,14726,4860166,130419,14586,4869708,130419
e6823a58bdc51e77,14852,5001986,140273,14707,5012377,140273
e68c6bbadf9bd088,39348,29482171,139400,39187,29493493,139400
e68dd7082a9fe05a,53417,43572984,101523,53332,43598700,101523
e6c13ce95c19d978,79921,70082536,138710,79787,70095532,138710
e6cd88895d523dc5,72640,62741178,131068,72549,62752512,131068
e6df76fe91372d34,94518,84661717,130999,94382,84674401,130999
e7099acb282f0e3a,20040,10181277,137039,19886,10191565,137039
e70b85462f34805e,79765,69922655,138142,79625,69935524,138142
e72991bc75f0f149,55864,45980500,128546,55741,45992085,128546
e73324461bf0722f,42989,33142277,138436,42843,33152882,138436
e762918e7951f4c2,94896,85042751,138051,94745,85055597,138051
e7638c4f01d6f1cf,103869,94006445,138095,103715,94018387,138095
e774831670f8a9bd,10050,162499,131820,9932,171607,131820
e7749d1301b388f0,104738,94886245,138450,104600,94897654,138450
e7989dd30824b2df,89236,79364849,130391,89102,79376254,130391
e7a0591f9467a7e2,109448,99562020,131496,109347,99574791,131496
e7c6474db0d15e8d,62050,52205416,137836,61917,52216274,137836
e7cb6f4cc72a5929,111694,101843033,138187,111556,101857348,138187
e7d3ab3fcf12fb71,11220,1381497,137706,11082,1391607,137706
e7d9f9fc19a7c3d4,64040,54202111,137468,63903,54214841,137468
e7f67126ee84105c,87934,78073754,137298,87800,78086463,137298
e811ead7dbbedea9,17899,8022542,131848,17772,8032074,131848
e824903879ae96cd,54855,45002109,138448,54706,45014539,138448
e83afb6878bdfdf9,102281,92422821,136276,102147,92442791,136276
e8404fda789d8f8b,73903,64042414,137822,73749,64054461,137822
e868585ae73d5967,23966,14117549,114645,23823,14126097,114645
e86f2f3e3a7ba478,57154,47282141,136201,57022,47293828,136201
e88d3914bf368393,27674,17815865,158874,27541,17829431,158874
e8944db8a1cf3dfa,111295,101423592,140915,111144,101437752,140915
e8a2d197c359dfe1,22592,12721672,138180,22463,12732207,138180
e8b345bc3395a9d0,59856,49985091,137601,59725,49996526,137601
e8c6505ec281145b,52711,42845322,137793,52569,42855760,137793
e8e44352c2149ebc,46990,37142201,138907,46845,37155272,138907
e91e885ef114ecdb,89268,79401346,130930,89133,79413552,130930
e921ea61ebf8f210,42314,32487876,344491,42201,32513335,344531
e926f21d95a17471,19862,9980095,128895,19738,9989248,128895
e92b102fcf391942,24087,14220412,130594,23950,14229431,130594
e930d12bcac94f79,100921,91083119,140005,100785,91095489,140005
e9505369eafc4df3,77121,67282583,138106,76983,67293980,138106
e95ca6d1595801ec,88770,78922803,137120,88625,78935758,137120
e968b38e56e0e156,98005,88142673,137755,97848,88154362,137755
e96b68ec718ce2dd,46577,36685155,136918,46471,36696712,136918
e97c3c467868bc47,94834,84981515,131292,94687,84994792,131292
e9a5fdcb49708f6a,33267,23421836,138529,33125,23435639,138529
e9c405c02096e1a8,56875,47022068,137978,56733,47034388,137978
e9c69d8f883dfa49,88095,78268319,341938,87983,78298872,341978
e9c6f115b3e63079,74275,64402748,139858,74142,64415706,139858
e9d1f6f9cab803e3,55493,45594280,132316,55418,45606767,132316
e9d47e14de447e58,99445,89549677,130426,99365,89610742,130426
e9d4c55a6bd3c53f,67712,57845272,138263,67554,57856136,138263
e9dbcf280403ff56,81881,72042621,137892,81744,72055095,137892
e9dec88a8fdb8585,95412,85564205,78901,95345,85652700,78990
ea02a2057b3c21c9,76972,67105902,138770,76826,67117563,138770
ea08b4cb59adcf7a,72607,62713904,130687,72517,62724948,130687
ea1547ced7091f0b,76354,66528576,345873,,,
ea3646513e490d6b,13085,3224862,137669,12939,3234517,137669
eaa2c9ba30dc4067,112349,102486270,139325,112223,102498121,139325
eab139263d369d01,21596,11704174,93152,21548,11718279,93152
eac8641263234eb5,118486,108595306,142535,118387,108605326,142535
eac8ae8c72a1b226,82935,73082642,139260,82786,73097119,139260
eae1fe3061171e23,78597,68703083,130015,78505,68714832,130015
eae4ac813f1e5b7e,104987,95122915,138449,104854,95136337,138449
eaf3f591fd16e9bd,16748,6880322,130272,16601,6889931,130272
eaf9527c7f96a1ab,82669,72782777,139454,82557,72794839,139454
eb031c4a3290bb30,83435,73574177,140507,83299,73594223,140507
eb16cf69d080a0bf,81412,71542701,138945,81274,71555981,138945
eb42938b429986ce,37683,27821620,136539,37548,27835059,136539
eb4c01b1e6413252,35850,25985066,137741,35707,25996076,137741
eb57814588bfbcd0,86706,76826618,137544,86576,76838690,137544
eb710ea81242599e,16062,6200311,130555,15921,6209784,130555
eb75c5ba3991cb3f,29157,19281907,139588,29029,19295458,139588
eb8720d58c65a2e9,115402,105563306,138558,115265,105574926,138558
eb90309ff67ee559,95652,85761246,129468,95592,85772276,129468
ebb315a8ce8f4a37,18079,8221410,137324,17926,8230899,137324
ebc78ecc1eece0ac,106227,96362959,138500,106085,96374898,138500
ebcfaa95ee84d10b,78783,68902260,137223,78668,68914237,137223
ebd1ede0c02abbae,106818,96946466,137350,106682,96958157,137350
ebffbfb347c2c014,111327,101447147,139638,111175,101458466,139638
ec0dd92fb3a87e56,81936,72066040,138366,81803,72077612,138366
ec26a6a6eebe74e4,15624,5740145,130987,15518,5749922,130987
ec457ee557ccf9b9,77305,67442557,138878,77145,67455777,138878
ec45c7a60ea56eb6,45694,35840439,129923,45547,35852839,129923
ec4f50d41e827ceb,25689,15824632,138773,25554,15834726,138773
ec56d915409936d3,49925,40081871,138067,49785,40092526,138067
ec6896043ac538fa,49176,39325701,139304,49036,39341602,139304
ec91792919337591,22969,13102437,130599,22819,13112564,130599
ec93b3190922c9d3,96607,86742729,138231,96471,86761708,138231
eca544a6468209e0,29535,19665124,138733,29403,19677320,138733
ecc1e9eb9b73d59a,41466,31601836,137858,41304,31611830,137858
ecebebb357ffa475,64513,54662183,136987,64371,54674704,136987
ed0a08abb1eba19b,62021,52182134,138679,61884,52194717,138679
ed1c20c3e95efb52,32846,22960424,131197,32757,22972504,131197
ed29dde809b91bca,75886,66042848,138914,75744,66055270,138914
ed3ac6f6320ef7db,26102,16241897,139657,25955,16251347,139657
ed49ea2d3beb4343,102507,92643188,139908,102366,92655762,139908
ed559d790e68310b,109831,99982867,137364,109688,99995495,137364
ed694ed0f3b598b1,75230,65382465,138141,75087,65393531,138141
ed784ecf1d9507ba,108024,98183754,138870,107891,98195025,138870
ed8e0dbea7146468,59426,49540515,127452,59352,49597236,127452
eda0ac9a1464778e,52210,42362044,138554,52067,42377170,138554
edfbee2149b8f275,36539,26667936,131625,36468,26714500,131625
ee0a017321f1aa61,40294,30425343,138499,40160,30436785,138499
ee20c832dc797952,10782,919910,129602,10645,929871,129602
ee2149dba7f46a1e,82034,72162543,138141,81900,72174361,138141
ee30fd9c8836e26b,28240,18404945,157065,28110,18421341,157065
ee44aaa725f4abbe,86648,76761248,129724,86530,76771951,129724
ee4aec76bd3706e7,107964,98122736,137126,107830,98135245,137126
ee5bb2075a236cf5,107609,97727970,130111,107494,97740924,130111
ee6bc3d27656a322,47366,37500476,129553,47231,37512858,129553
ee72171982f7faa8,44846,34962418,140934,44664,34973126,140934
ee826f147dd0081c,14501,4641594,137854,14365,4652237,137854
eecb7485c4c6b56d,112061,102202903,137964,111907,102217766,137964
eed2e16582292959,17469,7623805,99507,17364,7645119,99507
eee9532bb40977f7,74307,64442252,137354,74174,64455828,137354
ef0384e82792e589,103164,93303263,139641,103029,93317125,139641
ef0ac0c0b559c182,16780,6922180,142018,16630,6932655,142018
ef257da42c5ec8b7,73184,63326095,138932,73038,63337232,138932
ef3544f82d86d0c6,33237,23381941,138961,33084,23393856,138961
ef5dc33a65dcdff9,55258,45402425,138713,55124,45420557,138713
ef79601cdfbd5d67,91910,82043437,142847,91768,82057064,142847
ef8213884d0d562f,13146,3301579,138902,13002,3311453,138902
ef8981a245113639,75350,65482426,138646,75216,65495904,138646
ef8b1e03bc7239a6,19036,9165454,138102,18902,9176168,138102
efc61a569e8f3192,17616,7721765,128987,17510,7731300,128987
efd837b62a1ebc72,56499,46625559,139433,56366,46637782,139433
efec56ff08110e6c,97484,87591611,130583,97412,87603559,130583
eff6b71f5af192f2,20438,10571407,155444,20301,10582711,155444
eff737b53719135f,82131,72262458,138069,81996,72279925,138069
f00be75540a85134,59827,49961870,137340,59703,49977495,137340
f061e32f0a8e8594,22072,12162490,130249,21868,12171348,130249
f0669af5aeca259e,15656,5780328,130305,15549,5790041,130305
f067941c37bcb49d,30445,20582181,141163,30312,20595038,141163
f07955f7d451ac5d,11979,2082002,130185,11863,2091095,130185
f092e5d487950d89,119493,109626501,138542,119347,109636403,138542
f0a1bae454f8ed44,38120,28281981,138698,37983,28293977,138698
f0bae5bdc4b76e3c,79110,69262692,138503,78966,69273732,138503
f0d8793d88bf0e8b,42624,32740462,130054,42525,32749814,130054
f0f7e8d6dbdcdea3,105084,95222930,138282,104949,95236803,138282
f1127711f3026336,34990,25102416,129816,34870,25114337,129816
f11905875e6979a0,77207,67342327,137476,77046,67355367,137476
f121c741b2a1972b,101941,92086502,138421,101800,92098754,138421
f14c01d6cbbed4a1,118901,109043586,140370,118745,109054108,140370
f17ecee9ca514da2,66345,56480818,130461,66211,56493355,130461
f18809e38c8f7cf6,57339,47493513,96278,,,
f18da86aac7914ab,36446,26628700,349323,,,
f19a0851fca953ea,26793,16909980,130456,26699,16919945,130456
f1a7d07ec526008b,74909,65022541,138403,74788,65035059,138403
f1afb2227e72acbe,85605,75745935,137859,85457,75758516,137859
f1b8fc7db84da1c2,97041,87202869,138909,96905,87216189,138909
f1c835ebc6dabb02,28557,18687026,137182,28426,18696209,137182
f1ca9640e6decaf5,89697,79833661,137713,89564,79846306,137713
f1d71504c2cfb802,28054,18201464,137878,27909,18213785,137878
f1fdc16ed03f03cc,36796,26900681,129610,36709,26912081,129610
f21e4a88d50fcfd6,83868,74023116,139570,83729,74034664,139570
f23108ff3d337bde,26825,16932000,130462,26730,16941888,130462
f25fb9ea0732080c,58111,48261921,136572,57967,48275023,136572
f26e4b8b462194f8,62402,52542267,137752,62263,52563438,137752
f2774bc41a4739bb,59886,50022116,137205,59749,50034826,137205
f286e4788f3118f5,63628,53740966,130679,63516,53753256,130679
f299d8fe558d61b3,76439,66564473,114039,76347,66594022,114039
f2eac82d2b9084bd,66470,56604625,140253,66330,56623190,140253
f2eb7489b20cc40c,13425,3561701,139742,13290,3572319,139742
f2f8cefd72920be7,78436,68553808,130054,78351,68626737,130054
f304c17011918950,81756,71902940,138907,81611,71915021,138907
f30d61fdcd9168f9,10750,881565,138882,10613,891883,138882
f31199116059ab00,33513,23642087,139836,33380,23654857,139836
f3146cd57f496c0e,56563,46702147,138839,56427,46715774,138839
f319682c4601c432,23404,13544476,113391,23293,13553435,113391
f31abdfa329597a2,20158,10305124,138684,20014,10314578,138684
f31f97438eff2880,13240,3401329,137641,13103,3412155,137641
f32b70a8f0480463,34455,24585137,137388,34320,24596731,137388
f33684826f3333b3,76912,67042819,139426,76777,67054678,139426
f3469348a20e64a8,117217,107350116,159350,117083,107361305,159350
f3622681776f18e5,50141,40282129,138541,50007,40292385,138541
f36ce33bccb67c68,83307,73442563,138527,83173,73454756,138527
f36f21ce2e7e36cb,11790,1899535,128019,11689,1909353,128019
f3718ced1d75469f,54197,44344734,137900,54054,44354871,137900
f3a4a602777e8e88,70971,61040173,131438,70873,61051272,131438
f3c3f51bd8b4d4a5,49240,39402007,137907,49107,39417689,137907
f3cdc0c9303e0402,90210,80308537,128761,90138,80319897,128761
f3fa2d19a5490382,58578,48722337,139040,58440,48736604,139040
f423c2472c155e5f,76602,66721081,130143,76505,66733460,130143
f42cff71aad78b94,23091,13240240,130396,22946,13249977,130396
f437bd831b86c77b,64636,54782198,137435,64487,54793259,137435
f45536fb10faf780,56008,46142406,138200,55851,46155120,138200
f45b3df790225104,39477,29605036,140030,39344,29616956,140030
f47c0ce785bbdf49,45756,35901107,131434,45606,35911902,131434
f4d6c17fcf891e1b,21871,11900113,129370,21757,11909432,129370
f4eecddb09ee807c,10404,561285,137719,10263,572088,137719
f4fd1c7783f3e06f,113696,103826180,142507,113562,103839022,142507
f50df98f1c2c683b,54109,44244933,137373,53966,44254434,137373
f516d3349735c1d1,15350,5481477,137930,15213,5491376,137930
f536add8948bcd04,63411,53520975,129941,63326,53533392,129941
f551a418585b53f1,89010,79144051,146373,88880,79157178,146373
f555aeba708c56a8,90618,80741524,131550,90452,80754235,131550
f557ac2cfb6c62f9,29857,19984899,138527,29719,19996004,138527
f563f7f7d348068d,40473,30589202,130384,40327,30603122,130384
f56dbe90f798c885,90563,80681670,131581,90413,80693733,131581
f5731b2320a20433,53108,43242109,138551,52973,43252067,138551
f5ac8741d73ba251,92357,82463535,130339,92245,82474903,130339
f5b046137755561c,114541,104683581,139851,114408,104696160,139851
f5bca593d344141b,88978,79106136,132621,88848,79118005,132621
f5bd6eec63661314,26954,17060539,132022,26853,17071160,132022
f5bddd6d81f418aa,34929,25051928,131036,34818,25064684,131036
f5db294378a6211e,78660,68782445,137222,78563,68795204,137222
f612e541c334ec5e,45786,35940793,131169,45641,35952509,131169
f61fa6e47248f7e2,74938,65062117,136969,74812,65073919,136969
f63025ba16b6be82,68793,58924734,141182,68662,58943147,141182
f6327e4ba7d566e5,111018,101189604,347130,110885,101229610,347170
f678547f602567f9,78501,68603023,129395,78414,68628431,129395
f67bcb787b9b12e6,13053,3201622,139456,12907,3211829,139456
f68d355c5ab29511,50398,40541886,138050,50259,40552936,138050
f6a0d071cc1f0955,12866,3000079,130085,12722,3009693,130085
f6a43f2d76ebf7d3,20011,10142476,142009,19862,10152912,142009
f6b2775aab3ab8ab,22461,12593735,151491,22334,12604273,151491
f6b82f864222849c,118844,108983218,138706,118685,108993917,138706
f6c1ffdc92f01278,111051,101207044,104616,110922,101231603,104616
f6dbbd376cc06741,107456,97563573,130195,107364,97574824,130195
f6eeab50b01c1676,47800,37900743,129444,47747,37912454,129444
f6f8059a7f3dc0a7,61034,51162931,138293,60899,51180919,138293
f719944e770f2390,86851,76985853,137969,86690,76998404,137969
f729dedf07c2ce45,62591,52725615,138669,62443,52737605,138669
f72c8b20c9555811,100550,90682102,131236,100416,90692854,131236
f738141705cea564,19708,9820339,131541,19600,9830375,131541
f755b534910ecbc5,83957,74086487,139043,83825,74098259,139043
f759260a83148834,52742,42882193,139150,52599,42892751,139150
f761a30272225c72,104461,94603139,139327,104319,94615776,139327
f76e7e33cadb0e02,101700,91826831,139530,101581,91838734,139530
f77b5806b58d4dea,85761,75922600,137382,85624,75934819,137382
f788a966d8b12830,10718,844854,139675,10582,855598,139675
f7893a339de63c9f,39669,29805142,138003,39532,29816484,138003
f78f761c479cb580,66249,56380948,130370,66118,56392288,130370
f799ca51439c5897,31972,22105139,139877,31829,22116153,139877
f7b25f2cadf8a3ef,100977,91106590,139116,100844,91117734,139116
f7c78a324e97ff46,36350,26481790,138651,36215,26493136,138651
f7d44678d8a86cf2,36156,26285247,137574,36023,26296732,137574
f7f53dadf08fb640,92071,82188209,130439,91979,82199909,130439
f7f720fcf006076d,85161,75302838,139202,85028,75316317,139202
f7f74144ad4830d6,49328,39461972,138708,49198,39472529,138708
f806ce316b4d0742,93955,84066633,138848,93836,84078942,138848
f81316fb8916cc2d,68108,58242614,139688,67975,58254826,139688
f81eb1f73b2d85d4,109194,99310532,130161,109112,99327095,130161
f82d2ee24bbd7891,56213,46364988,136842,56083,46383625,136842
f835f1e47c8c89bc,87473,77606516,138159,87329,77618379,138159
f8387bc307365055,70631,60759086,113090,70578,60769278,113090
f85ee1994e69ac36,41814,31961890,138761,41690,31971972,138761
f865b8a8a0667c18,85697,75846056,139441,85559,75857720,139441
f8845d6d055f1c39,78904,69042608,138161,78765,69055464,138161
f88fb992914239f5,98337,88469251,156109,98201,88482524,156109
f893e7ae683493be,100765,90922747,137311,100625,90935586,137311
f8a98cd99402bb5c,21120,11262348,141804,20982,11273405,141804
f8bf067304852022,83176,73306476,138960,83043,73318792,138960
f8d72f0f60b53417,44049,34181435,137315,43914,34190861,137315
f8db9e54015831f7,15253,5381504,138435,15117,5391623,138435
f901863307c135b4,14820,4959940,129648,14677,4969390,129648
f903b7410e7a6433,41062,31205337,138610,40946,31215127,138610
f9113da05650bc8a,23220,13380413,130677,23083,13390411,130677
f928baa8a7229ec5,72096,62245584,138399,71960,62257918,138399
f985d23e5980b576,41938,32085639,140162,41817,32095390,140162
f98c7b4263165740,29568,19701619,138430,29436,19716880,138430
f98f4681e1c0643d,103131,93262847,137888,102997,93274067,137888
f9b4092de0cac6b9,42055,32185183,138900,41907,32194570,138900
f9b7cab597b9ff4f,46639,36745493,139334,46522,36757870,139334
f9bb04bb5c6df0d6,103067,93203011,138962,102934,93216660,138962
f9bc2988323a18d2,77091,67242332,137415,76947,67253520,137415
f9ddfb2d13535ee2,23690,13830606,139490,23571,13840853,139490
f9ee18e5e89b9de2,92740,82883543,131268,92597,82895187,131268
fa089b496c7c8bb1,59944,50085143,136787,59795,50103441,136787
fa0aa13c262743aa,58140,48301928,136959,58004,48315320,136959
fa114eea1b5c2783,64323,54462440,139359,64188,54481316,139359
fa149a89de782983,58949,49082127,138186,58818,49095134,138186
fa1c78653a61dd15,86074,76205878,138308,85937,76217819,138308
fa22b17482283f78,88436,78561382,130818,88323,78577228,130818
fa2b71c6122b6046,79294,69423162,137858,79129,69434447,137858
fa2b9c8fc509f6dd,92038,82166185,130559,91947,82179611,130559
fa3f195ffcc2c3a9,61321,51433355,115040,61238,51451176,115040
fa4981de5b336e55,108248,98382965,138047,108111,98394413,138047
fa672f1e33fa59ec,96542,86683328,141061,96409,86697637,141061
fa6820acd12d974a,32685,22800228,130119,32605,22850538,130119
fab33892c44784e8,54381,44525218,155822,54251,44537147,155822
faf207a09d3f6882,115253,105386842,139593,115105,105397228,139593
faf6f16363913236,57580,47680493,129128,57501,47694705,129128
faf79aaf100c68ec,90970,81102579,137790,90840,81115885,137790
fb0779604d445524,82965,73106366,140595,82819,73119151,140595
fb1477265cac26c6,34294,24425480,139460,34162,24437774,139460
fb1f5b3617fa2934,93519,83645237,114373,93463,83770808,114462
fb3ea11db243ddf5,21087,11220483,130892,20950,11230090,130892
fb5d766935eadee3,46698,36820910,132080,46570,36833461,132080
fb70ffb930f0b0dd,53141,43282314,138917,53006,43297629,138917
fb721bf0fb660ba9,24184,14322170,141569,24047,14332105,141569
fb85282ec50d9047,26890,16981924,129150,26792,16991494,129150
fbc937b81241b43a,59708,49822175,128791,59606,49833230,128791
fbcd0f1ed6fadcdc,19612,9720234,129726,19509,9730059,129726
fbce4111e299cf2c,49554,39689052,130010,49420,39698694,130010
fc05fdf2f511d0e2,111483,101606941,139742,111324,101619258,139742
fc10fccf919f3a91,26598,16725172,139006,26463,16735648,139006
fc123afd25706f21,54978,45125175,137431,54840,45137448,137431
fc2ec534e3aed6ae,99728,89843177,140564,99621,89857229,140564
fc2ecdca2ef8f369,42399,32523951,113997,42308,32532355,113997
fc31a6245ab2151b,18413,8545505,139877,18277,8555777,139877
fc336d7902083d13,66715,56865557,138522,66581,56877246,138522
fc3d2bafde8e083b,23597,13725414,137159,23482,13735983,137159
fc58f43f312a243c,23501,13640146,128905,23389,13650225,128905
fc59860e72550b23,77654,67802744,138562,77521,67814813,138562
fc71def4dbc0146f,64946,55080836,129843,64814,55092410,129843
fc8c513fc4f43e12,33090,23221617,137484,32966,23233315,137484
fc9be31ec982b5c5,74662,64761199,130386,74574,64772342,130386
fca7ad3ce6460cdf,62806,52962248,138816,62670,52975489,138816
fcc385cfa6a12f9b,89991,80154783,100666,89925,80232530,100755
fcd271425a630aca,12453,2604811,138659,12317,2614463,138659
fcfe31c97da49a24,76852,66982430,138374,76727,66994727,138374
fd24ab998cb3625f,76323,66462348,137964,76188,66474524,137964
fd2c8ac5de6b730d,82847,72982569,138748,82699,72995929,138748
fd38e61a830555e7,60379,50522374,138430,60244,50537596,138430
fd69b089e3a6adbb,119175,109306827,158964,119039,109317706,158964
fdb2b13d02cae118,66282,56421483,132837,66150,56433318,132837
fdcecaf76b98920a,85946,76082655,139057,85812,76095113,139057
fde528069290eef1,52522,42661939,136695,52389,42672774,136695
fde70af3fbe235cb,74756,64861056,130448,74660,64872763,130448
fe0dbc16616b929a,98596,88726290,138927,98454,88737743,138927
fe15ff0440057bc3,81095,71245696,138011,80963,71257285,138011
fe67c5f822c5df5d,65043,55182627,140463,64909,55195222,140463
fe86455baa2ec8b3,49586,39720650,130960,49451,39730634,130960
fe86e5583751635d,40230,30361760,138207,40094,30373310,138207
fe873431265294be,111784,101942004,130847,111646,101954394,130847
fe8f868b0a0fd18d,41595,31725315,138175,41436,31735868,138175
fe9476259219d045,38273,28402330,137065,38139,28413773,137065
fe95c068465ffa1c,49146,39302166,139912,49004,39313114,139912
fe9b563201747d80,44763,34860841,131346,44584,34870097,131346
fea97db5be100d29,30135,20285207,137424,29999,20296268,137424
feaa022dd247671a,92594,82726358,138997,92440,82738011,138997
feb3fa2e4daa9e2b,20660,10801799,139755,20516,10812492,139755
febbce12dfeda118,98093,88242959,139266,97946,88255417,139266
febf87e331648f26,87901,78042848,138472,87767,78055837,138472
fed8865e5565bc87,78992,69126296,138656,78836,69138375,138656
fef4d7f64d2a7438,22221,12361665,138736,22062,12371358,138736
fef9ea843dc61352,41336,31465096,139312,41189,31475381,139312
ff310aaf11bf753e,76504,66621083,130258,76411,66632188,130258
ff3305ffed9014bf,94041,84164516,148369,93897,84177378,148369
ff3306ce101371b9,97195,87326630,137985,97057,87337633,137985
ff5dd7c8e6757f5e,61698,51820603,129769,61579,51832651,129769
ff6fd02268a33b9f,31621,21761719,137217,31488,21774845,137217
ff7cedd3736155b7,76162,66302299,137609,76029,66315468,137609
ff9304ebce93ede2,16002,6140376,131009,15869,6149512,131009
ffc5b466abf1a563,45069,35221864,138495,44923,35232434,138495
ffd9fb2b5ca59013,39980,30141848,137168,39843,30153915,137168
ffdfd1c73b8642e3,118517,108622964,137453,118415,108633762,137453
