content_hash,rtsp-0_pts_ms,rtsp-0_arrival_us,rtsp-0_bytes,webrtc-0_pts_ms,webrtc-0_arrival_us,webrtc-0_bytes,webrtc-1_pts_ms,webrtc-1_arrival_us,webrtc-1_bytes
003cc60964aca707,20040,5059205,130623,20047,5075400,130623,20033,5069383,130623
00552eed76c80ec7,49317,34400821,138810,49282,34413875,138810,49272,34411259,138810
006678014ad2a264,66468,51560729,136916,66437,51571976,136916,66422,51572012,136916
0079572eb773bb32,75041,60124056,140770,75010,60136656,140770,74991,60134176,140770
0084cd603d4759c6,70507,55601115,138328,70467,55616191,138328,70452,55611547,138328
00905ab9246da97e,88547,73601950,141484,88509,73613291,141484,88495,73613477,141484
0090675a9b2b9ab5,47328,32422811,149394,47292,32438257,149394,47277,32433696,149394
009f92d2fb991581,110101,95181885,139539,110068,95192200,139539,110053,95192258,139539
00abe79bcc51bdd6,38092,23159682,130788,38086,23169743,130788,38085,23170032,130788
00be87fc98f012f2,27276,12360264,136860,27242,12370699,136860,27225,12371079,136860
00c3e7ebd4913be8,39768,24834934,131113,39808,24876174,131113,39773,24845312,131113
00eff049f82a849f,47771,32863879,137954,47729,32874489,137954,47713,32878777,137954
00f1b6aa0a249312,89604,74702518,130849,89564,74712038,130849,89549,74712415,130849
00f7bd638593370c,34048,19100908,129879,34048,19110622,129879,34031,19111026,129879
01137d59748f01aa,88309,73334200,96672,88319,73341814,96672,88305,73341962,96672
011d53bb292e67b4,63164,48223766,137076,63147,48234201,137076,63132,48234615,137076
012f77028139a76b,96381,81461596,139152,96354,81472405,139152,96338,81478171,139152
01500220847acec4,115488,100600426,131076,115451,100610368,131076,115436,100610730,131076
01663f777b40ef15,46219,31304080,138785,46181,31317741,138785,46165,31314822,138785
016e5ddc6b84b2b7,59366,44452254,137424,59325,44463018,137424,59311,44463362,137424
017992fc4eaeaf93,92018,77125978,103262,92030,77144579,103262,92015,77144144,103262
0182cca4909c16d9,72957,58041397,139669,72924,58051791,139669,72909,58052038,139669
0197e36fb41bf4f7,81500,66587915,157138,81471,66600901,157138,81454,66599565,157138
019c0aaa50791020,67507,52562049,131100,67506,52571960,131100,67493,52572144,131100
019df40e609aa571,89814,74900412,132480,89780,74910274,132480,89765,74910686,132480
01d9e178b7cfa3a6,71000,56084747,139370,70972,56095804,139370,70952,56095947,139370
01ebac6cb610786d,86901,72001989,142573,86853,72012602,142573,86838,72012822,142573
0204703b9b4800b7,30287,15400711,138040,30252,15411807,138040,30239,15412028,138040
023ab1e64e3832a6,21099,6200081,136642,21053,6210733,136642,21040,6211060,136642
024efd3cd3448b75,74003,59084319,138698,73971,59094732,138698,73956,59095107,138698
025e54f3ccd42fb2,113383,98480738,132658,113336,98491784,132658,113317,98491725,132658
02691a2075d8eb42,81222,66324630,138183,81185,66335138,138183,81170,66337957,138183
02809315c23f3bbc,66788,51881161,139306,66747,51894829,139306,66733,51891721,139306
028f18f91c61ca65,17442,2544253,137795,17405,2554830,137795,17391,2555498,137795
02c39c551f94d9f1,107180,92281536,137859,107136,92291908,137859,107120,92292297,137859
02e62b3fe8346438,53549,38639676,131460,53506,38649789,131460,53491,38650055,131460
02ea3105cc57b775,73335,58400161,132056,73334,58410198,132056,73319,58410855,132056
02ed2b48bf913d55,73021,58104678,138918,72986,58114934,138918,72971,58115391,138918
02f047feffdcb41c,82773,67860976,137565,82744,67875228,137565,82722,67873779,137565
02f335a68fec1f6b,37304,22400390,136665,37257,22409950,136665,37242,22412510,136665
02f3d8cc9526507f,43038,28079131,129492,42943,28088406,129492,42921,28093357,129492
02febac7795f640d,89879,74962496,131527,89845,74972052,131527,89830,74972307,131527
02ff4defbf8df0d9,51337,36432322,138294,51308,36446213,138294,51288,36442299,138294
0309c62133060db5,62428,47505625,129272,62393,47515554,129272,62381,47515832,129272
030bd87ed1dc01f1,50901,36000984,138921,50853,36013541,138921,50840,36010904,138921
030c7afa782cf921,114953,100002799,131444,114956,100012989,131444,114941,100013291,131444
03132d901de4417c,61497,46600669,136516,61452,46610417,136516,61440,46615070,136516
0358bb6693efd76f,78135,63159807,129751,78142,63173096,129751,78127,63169781,129751
0367544bd4a34f33,28953,14060325,137774,28912,14071372,137774,28897,14071225,137774
037a48717b86b0b1,57038,42099264,129380,57039,42112303,129380,57040,42109471,129380
03a46b6ebcbd2b98,50721,35804731,138987,50692,35817013,138987,50672,35814558,138987
03c4977e92b23189,29496,14573224,112774,29541,14603690,112774,29500,14595125,112774
03d0daa0d3abf0d4,89262,74344923,139486,89226,74355916,139486,89214,74356271,139486
03f1a070d2a468db,47457,32541211,138201,47417,32553530,138201,47402,32553865,138201
0414cf893f626b2f,28294,13400755,137775,28253,13411512,137775,28238,13411615,137775
042664c3143e2c11,15829,920197,137866,15793,930738,137866,15783,931048,137866
0430486807c591f3,28545,13643157,151852,28515,13655331,151852,28496,13660008,151852
043b66a6b14419ff,73707,58801372,139065,73667,58816057,139065,73653,58813880,139065
047239d8120fe4cb,106592,91660594,132281,106600,91670288,132281,106584,91670711,132281
048302a9fd537648,41824,26861037,129022,41850,26871182,129022,41830,26871122,129022
048bd47348321a17,15892,1033185,378950,15900,1065095,378990,15885,1064282,378990
049848d592eec3fe,48427,33481203,128774,48429,33493461,128774,48415,33490763,128774
049fdd8ccdfa83f4,64049,49140732,136322,64008,49151208,136322,63991,49151552,136322
04b070a7c9538200,26653,11740462,138466,26621,11753416,138466,26601,11750232,138466
04b9634c3e46d1e3,74542,59641173,138229,74494,59651337,138229,74479,59653858,138229
04bfb3d86400f71e,117763,102845549,139759,117727,102856322,139759,117712,102856650,139759
04c21d4594fcd0dd,52411,37462126,132631,52417,37472180,132631,52402,37472615,132631
04eb845f23ec0ce8,21287,6400716,139160,21252,6411427,139160,21237,6411819,139160
04f02f7bc4a153f0,113267,98342925,131442,113248,98355791,131442,113214,98356091,131442
04f828c3b674798d,102374,87461886,140479,102338,87477157,140479,102323,87474712,140479
050fdaa2871e0d63,99261,84360419,131972,99218,84370717,131972,99200,84371057,131972
0520aa7d173b1be4,34411,19500507,138283,34362,19511652,138283,34346,19511920,138283
052173e224ac0d0e,86036,71121287,138732,86006,71133899,138732,86000,71135527,138732
0561d3bb24838fed,60413,45521029,138721,60395,45531506,138721,60360,45531864,138721
057c32ab78117942,16152,1200321,129469,16162,1210196,129469,16146,1210555,129469
05a01ff7e6979bbe,114402,99483592,134111,114373,99496284,134111,114355,99493878,134111
05ae310d8c1ecad5,81131,66224097,137103,81084,66234529,137103,81069,66234958,137103
05b052c12ff1bb46,48523,33581442,130209,48521,33593769,130209,48507,33591052,130209
05b541985343385e,42012,27061286,129538,42015,27071085,129538,41997,27071168,129538
05bf0e9fa3f3348e,46156,31240947,139706,46119,31251214,139706,46103,31251472,139706
05d4d13027eb4e13,43985,29081219,130814,43946,29091154,130814,43928,29091517,130814
05d5eb011e7b1091,30408,15486421,154169,30375,15498745,154169,30359,15499057,154169
0625edfd857d87c5,61410,46500868,137802,61361,46511068,137802,61341,46511393,137802
062fbc9e405b473f,83590,68724943,333797,83596,68763269,333837,83573,68749999,333837
0671741287885aab,91438,76523804,132431,91396,76534265,132431,91381,76534459,132431
0680a0981c3dc160,66347,51460886,137768,66316,51476183,137768,66302,51474306,137768
068c4a2f7a341fd5,46720,31799532,130779,46716,31809588,130779,46698,31809853,130779
06df8a57172c3a16,22311,7400252,137194,22252,7412637,137194,22236,7410050,137194
06ea657f7688fd39,53764,38863896,131046,53727,38874155,131046,53711,38874607,131046
06fb5018cf5e4743,27147,12221415,132217,27115,12232267,132217,27099,12232563,132217
070cbdeb70d03fd4,22050,7104115,137595,22037,7114638,137595,22023,7114834,137595
0719516791e9407c,87997,73147399,339450,88012,73174825,339490,87998,73176055,339490
071a8b9f9e8898cd,83274,68381039,137199,83236,68392049,137199,83221,68392331,137199
07242be4bfeab08a,57196,42259508,130692,57186,42270977,130692,57185,42269289,130692
0726f3a58d4e4727,56195,41279596,130716,56154,41289255,130716,56139,41289616,130716
072923327872611d,118445,103525046,138177,118411,103535011,138177,118395,103535382,138177
07390fb52014f9bd,85542,70664813,330830,85528,70689661,330870,85522,70702948,330870
073dcc3c90fd17e5,63224,48300827,136803,63196,48316084,136803,63182,48316095,136803
0757a8e4693804d4,97673,82761753,139678,97643,82772097,139678,97624,82772395,139678
075e1defe293586d,66534,51620948,137863,66502,51631367,137863,66487,51631685,137863
076410f4937427bd,116264,101345248,138719,116235,101358109,138719,116219,101355320,138719
0765e9cde20fb168,16546,1640582,139178,16496,1651084,139178,16480,1651356,139178
0769e2b55fcdc361,16024,1093102,130051,16038,1102400,130051,16023,1106730,130051
07755b728a0c3578,49940,35020964,138639,49907,35031723,138639,49898,35032077,138639
07784262863f3b41,50505,35579596,130951,50499,35594645,130951,50478,35589301,130951
0790a3cbd3fd11ac,83307,68421139,137118,83272,68431738,137118,83257,68431794,137118
079f47417400503b,60600,45687678,157438,60572,45699670,157438,60553,45703986,157438
07b77012cc63796e,58933,43990851,130696,58938,44000569,130696,58924,44000933,130696
07cf6395f6bdacd7,101813,86901780,139600,101775,86912385,139600,101763,86912654,139600
07e81e5a2ce74aed,69561,54619912,130965,69554,54629451,130965,69540,54632197,130965
07f29a03cc5a5785,45994,31079531,131089,45959,31089503,131089,45943,31089804,131089
08245f4ba50f7172,96197,81263233,132347,96190,81273529,132347,96174,81273858,132347
082be0198dda7541,104845,89900479,131867,104843,89910477,131867,104828,89910932,131867
082fd2f6561b647c,110610,95677881,130561,110608,95687770,130561,110594,95691931,130561
0845b011be626062,118977,104061858,137734,118970,104072348,137734,118955,104072677,137734
08498050c2060a40,66049,51124372,138332,65981,51134782,138332,65966,51135087,138332
085895316fb51df6,68983,54064173,136719,68949,54077324,136719,68936,54075232,136719
0859d4d10fe3aa1f,91120,76207922,138641,91085,76219413,138641,91071,76219068,138641
085d3d68bd4c0b9b,35625,20703634,138343,35592,20714561,138343,35577,20714655,138343
0870fdc7ce15e5ce,94779,79884757,138090,94747,79897712,138090,94732,79896524,138090
08740637d2cf036c,33079,18164065,137307,33053,18174683,137307,33030,18174989,137307
0880e38de1f625ba,75783,60881247,138464,75733,60892010,138464,75718,60892252,138464
08b0a83c3c1ea8fa,39832,24879513,130885,39870,24890931,130885,39836,24891208,130885
08baac85fca628c9,70122,55212494,138549,70090,55227564,138549,70075,55222818,138549
08d3fa06446063ac,91743,76822750,131488,91713,76835137,131488,91693,76832440,131488
08e087ccd92df261,75754,60844894,138541,75706,60855813,138541,75689,60856043,138541
08f49941f2750612,62244,47344255,138908,62209,47354613,138908,62193,47354987,138908
090e54829a35a9be,74420,59504310,138202,74378,59514560,138202,74363,59514990,138202
091ac44c21135b76,46282,31411562,371066,,,,,,
092643beb0608ba9,95319,80422032,140860,95274,80435004,140860,95258,80432382,140860
09434f07f04f652c,31616,16670193,129053,31631,16686107,129053,31617,16681187,129053
095b0e2f3901fff3,30537,15620574,137998,30503,15631265,137998,30485,15631641,137998
09778c98074ab97d,104906,89963000,131775,104897,89973298,131775,104882,89973718,131775
09956e9bc11ab68a,107240,92342931,132634,107202,92352808,132634,107192,92354664,132634
09abc7ae4c84e739,112048,97140544,131877,112008,97151205,131877,111993,97151516,131877
09b1730a09786e6a,76087,61184183,155645,76055,61204055,155645,76040,61196238,155645
09bc14e4907ca393,59723,44804780,139744,59691,44817899,139744,59681,44815010,139744
09c1b34b03c564d2,61642,46724144,137922,61610,46734167,137922,61595,46736966,137922
09d73a078f818377,60535,45621185,139236,60512,45631650,139236,60488,45632087,139236
09f8a13027e66b96,66757,51844185,139250,66718,51857497,139250,66703,51854328,139250
09fc5c0f0e6adbd6,15076,163742,137163,15039,177155,137163,15027,173925,137163
09fcb5ff82bcc94a,119489,104581755,138367,119457,104592439,138367,119442,104592704,138367
0a1e38fa033cea9a,68018,53121268,138711,67973,53131718,138711,67958,53131982,138711
0a27eae0f60a1945,76185,61264673,138048,76151,61275728,138048,76136,61276022,138048
0a3e3bedec2b9a44,106035,91140475,132003,105998,91151298,132003,105983,91151666,132003
0a504e8926814cf2,97054,82141619,138912,97019,82154378,138912,97003,82152059,138912
0a73d5fe3ff40906,20155,5183083,136496,20130,5194536,136496,20116,5194803,136496
0a7e3e2ed3543c2f,49875,34961062,138916,49842,34971865,138916,49833,34972132,138916
0a87c3423f30f8ca,108745,93820705,131843,108733,93830836,131843,108732,93831183,131843
0a96cb5ba4ebabc6,114101,99201867,139322,114058,99212941,139322,114038,99212628,139322
0a9a8563dc426379,90009,75147858,345654,90013,75176335,345694,89998,75177021,345694
0a9ae01d4bbca2cf,71279,56345645,132584,71273,56355381,132584,71279,56419041,132584
0a9d8fe1fd399c2d,17258,2351103,140842,17217,2365302,140842,17201,2361769,140842
0aa10b30c6eb5da1,98544,83641845,139979,98494,83654852,139979,98478,83652299,139979
0aa41421e9088dbf,74481,59581147,138312,74437,59591631,138312,74422,59597020,138312
0aa95344cd3f3bae,98913,84001827,140192,98884,84017172,140192,98865,84012706,140192
0acd4ba7201a986b,38567,23680452,137665,38533,23692618,137665,38518,23692379,137665
0ad231676e5055e9,112479,97560933,131144,112444,97573467,131144,112429,97571032,131144
0ad5549e640f0c2b,45306,30399445,129952,45275,30409232,129952,45257,30409547,129952
0b204d79a5a34bad,45468,30560467,137198,45435,30570715,137198,45416,30571046,137198
0b210b4a81926922,18391,3459217,131628,18366,3474747,131628,18352,3469181,131628
0b5ec3b25b1e0845,35373,20480255,136492,35336,20493229,136492,35323,20490126,136492
0b6d408ff8df9860,19370,4464076,138257,19325,4474634,138257,19307,4474992,138257
0bb3f65a958fda22,108370,93461656,138500,108336,93472080,138500,108321,93472272,138500
0bc808cf639c449f,22110,7180529,138912,22084,7191859,138912,22070,7191576,138912
0bcd30defc9cb064,63669,48743958,137000,63640,48753693,137000,63623,48756245,137000
0bd02d50f5049aa5,53456,38537537,116721,53417,38546747,116721,53402,38547060,116721
0beea9af8eea7d38,33853,18931267,112168,33860,18940057,112168,33843,18942470,112168
0c042dba6fe37ee8,38300,23380547,137786,38255,23390540,137786,38248,23390918,137786
0c1a7675fb2e615f,17849,2995683,395064,17867,3030059,395104,17852,3031443,395104
0c1cf9e290b35b56,32703,17803669,135994,32663,17814209,135994,32648,17814718,135994
0c30101f28d56af1,50472,35540130,130354,50468,35549793,130354,50447,35550171,130354
0c3d327ca946ac83,78361,63421215,137141,78309,63434194,137141,78293,63432089,137141
0c4192fef1987723,115639,100724743,141278,115605,100735410,141278,115590,100735964,141278
0c44260f6aa0fc9c,117537,102622001,139823,117505,102633232,139823,117490,102633487,139823
0c5ee26f97f69fab,111985,97080312,130750,111948,97090324,130750,111933,97090535,130750
0c69577de7f1ab06,39408,24483680,138363,39374,24494124,138363,39362,24494529,138363
0c7e66ae171ac85c,81630,66765331,333257,81631,66793299,333297,81616,66794715,333297
0c910e074bb3017b,32213,17226600,129351,32228,17236705,129351,32213,17242069,129351
0c91b0f85e108033,76744,61826220,147329,76711,61838229,147329,76696,61838535,147329
0c93ef7b54d8ce30,52892,37984509,139888,52848,37994889,139888,52829,37995311,139888
0ca7e73730a212cf,63252,48324203,138511,63219,48334298,138511,63204,48334786,138511
0cbc1d03acc6e216,53914,39001002,139144,53879,39012205,139144,53869,39012333,139144
0cef3e9e286780ef,70155,55241077,138684,70123,55255772,138684,70108,55251147,138684
0cf860b50daf779f,93543,78645165,139139,93507,78655953,139139,93492,78656320,139139
0d17d677fb4a8c87,62395,47483815,155339,62360,47495532,155339,62348,47496279,155339
0d182b0a35234f9c,93574,78681762,139104,93538,78692268,139104,93523,78692434,139104
0d259d052012ebfb,23028,8120311,137391,22980,8133581,137391,22964,8130605,137391
0d4835145a3a7aa2,68393,53480885,137785,68360,53491629,137785,68341,53491953,137785
0d501fa283fcd14b,79677,64807586,339652,,,,,,
0d5753a8c4c8a0c1,33015,18100497,138444,32990,18111508,138444,32967,18111837,138444
0d82e742e16021eb,85042,70141199,137726,84994,70151516,137726,84979,70151808,137726
0d8ceb1dbda78113,113354,98440924,131836,113315,98450567,131836,113286,98450873,131836
0d8dececba5b67eb,35282,20380754,139086,35241,20390950,139086,35233,20391346,139086
0d9cfc61ff602638,80945,66041323,137840,80907,66052120,137840,80892,66052369,137840
0da830856e28b260,86127,71220889,136050,86087,71232092,136050,86078,71232049,136050
0db8a91b76a65af4,61294,46364092,137882,61274,46374633,137882,61252,46375012,137882
0dc95781b88c50a1,33393,18484009,138264,33351,18494403,138264,33329,18496798,138264
0dcd2872178b88d2,31155,16240493,137789,31122,16250706,137789,31107,16251088,137789
0dee0aaeb7b06b83,104108,89221504,138323,104073,89232602,138323,104058,89232758,138323
0e03e73c8560b451,35848,20912230,116239,35881,21038775,116328,35854,20947756,116239
0e0a9d690324ad50,105912,91005500,139550,105868,91016186,139550,105852,91016533,139550
0e16289a4d32201e,92230,77280190,131708,92237,77290098,131708,92222,77290480,131708
0e19e68dc1a2615e,54762,39842292,131510,54713,39852622,131510,54698,39852766,131510
0e3c987f1e2f4abe,93421,78521584,139385,93381,78534507,139385,93366,78532775,139385
0e478cb7c2348834,25449,10540630,139827,25414,10551863,139827,25399,10551610,139827
0e6b840e7d6745bf,86097,71182194,139020,86060,71193150,139020,86052,71193594,139020
0e89d6c913c7adf5,116554,101641959,139251,116520,101654634,139251,116504,101651997,139251
0e8cdead8c858be6,114008,99101775,138739,113971,99113085,138739,113946,99112235,138739
0e9fb810737b6610,119368,104481959,139701,119334,104493182,139701,119319,104493552,139701
0eba2234753a9acb,97737,82828557,159020,97706,82841807,159020,97687,82840818,159020
0ec883d48f4cbbd4,46781,31859428,130271,46767,31869125,130271,46750,31869447,130271
0ed0104d4945ac1f,101749,86841800,140386,101713,86853031,140386,101701,86853235,140386
0ed1990c168fe52d,104390,89481606,138716,104362,89495353,138716,104347,89491485,138716
0ee4b18e5382deb2,67571,52622100,131440,67565,52631877,131440,67552,52634017,131440
0f4d053994cb7093,88490,73540548,131734,88467,73550556,131734,88453,73550897,131734
0f676970d2a5dad8,83396,68481161,137575,83363,68491962,137575,83348,68491790,137575
0f73626e784b41cd,60200,45301201,139496,60185,45312081,139496,60143,45312334,139496
0f87db0c90725a1a,80324,65421413,137339,80282,65431464,137339,80260,65435881,137339
0f9d65f0bdfada93,119038,104121869,138594,119022,104133551,138594,119006,104132942,138594
0fb34b82726425d0,50990,36101243,140883,50958,36111981,140883,50939,36112244,140883
0fec325f386aed5f,36225,21299296,130829,36218,21309522,130829,36195,21309873,130829
1025a17e4da9e5d2,55665,40761056,138840,55612,40771116,138840,55597,40771460,138840
102699d57c1fd3d0,41982,27039421,129333,41991,27049508,129333,41972,27049721,129333
105b919caf48c2bf,96618,81721552,139018,96573,81737547,139018,96560,81734580,139018
109b661abe5c2474,80295,65381098,137444,80260,65391670,137444,80238,65391689,137444
109d76c3cfd3be36,43862,28960627,137486,43824,28975845,137486,43804,28970925,137486
10ad8c674e6093af,87780,72844188,132734,87802,72854379,132734,87766,72854662,132734
10bcafeb7eb50d14,97021,82105065,138788,96988,82117932,138788,96971,82115308,138788
10e82b85c1711d28,29447,14554178,98927,29492,14597971,98927,29451,14575966,98927
1114e1499bdf9116,22339,7440259,137903,22295,7455619,137903,22277,7450709,137903
11233da4d26551c7,103034,88104955,133128,103032,88117328,133128,103008,88114667,133128
112cdcf3160aa330,84269,69361146,137874,84215,69372056,137874,84197,69371926,137874
113da86b385b5e1e,80116,65184798,139312,80123,65194997,139312,80095,65195465,139312
114d117c3a946760,62947,47999442,129140,62955,48008649,129140,62941,48011300,129140
114fc3522f05f5d0,37677,22816918,400192,37687,22849387,400232,37682,22865867,400232
1164b1b0148b89bd,97960,83027651,132022,97965,83037772,132022,97951,83038010,132022
116daf77c75462e6,71503,56579923,131325,71490,56590088,131325,71493,56595179,131325
116e93d41cfef8f1,44983,30061934,131173,44929,30074583,131173,44919,30074837,131173
1178ad52e6fe4914,102470,87560644,131237,102432,87571252,131237,102417,87571318,131237
11a145e94236d295,64141,49243888,155268,64096,49255529,155268,64081,49255938,155268
11ad124833575d82,18534,3618992,130621,18476,3632083,130621,18462,3629451,130621
11b490c3abd16986,98090,83142265,131397,98091,83151981,131397,98077,83152287,131397
11c036fdd5823de8,87875,72953080,138080,87888,72963726,138080,87854,72964087,138080
11e58a7b515b4346,107901,93001650,138266,107857,93012026,138266,107842,93016601,138266
12040e82001e16ce,98816,83901643,138974,98787,83914520,138974,98768,83911773,138974
12244912d8f69b22,68328,53421158,138770,68297,53431998,138770,68278,53432162,138770
123ef87fa9c1d3f1,24290,9400667,138912,24252,9411339,138912,24238,9414654,138912
12441568933b31ff,48888,33980668,138072,48839,33991930,138072,48824,33992171,138072
124ff66242f2eb7b,31833,16991136,401970,31861,17026023,402010,31846,17025537,402010
1255cfa7af72e497,102690,87744735,122338,102737,87863026,122338,102708,87755383,122338
1258d93e81ec9f5a,71161,56286234,338233,71151,56313172,338273,71145,56333595,338273
125a051cb67929ee,45961,31041757,131192,45926,31051303,131192,45910,31051603,131192
1274b0cbd2d24026,69146,54224498,138216,69109,54235321,138216,69097,54235625,138216
12dac234aaa074ba,45040,30121307,130886,44984,30131197,130886,44962,30131489,130886
12e9350d9a4b0db7,30076,15163893,137338,30028,15174081,137338,30003,15174468,137338
12f0d77ccff567dd,87496,72627493,340541,,,,87477,72660955,340581
1302dde84a49b503,39929,24979498,132017,39960,24992762,132017,39926,24989383,132017
13072f5a9351771f,100955,85981570,139163,100976,85994467,139163,100961,85994313,139163
13109308107cb965,46564,31621156,130172,46576,31633470,130172,46558,31631438,130172
136d4a3f5d9c79dc,78640,63744428,138199,78610,63755478,138199,78589,63755441,138199
13787e7d0a6ad555,51862,36944789,139552,51828,36955437,139552,51815,36955821,139552
1389261b8f0dd565,78831,63921411,137706,78799,63936236,137706,78787,63931514,137706
1395ee26d060980a,17288,2380509,139667,17245,2391384,139667,17230,2391621,139667
13a090619875fd9d,23120,8220445,138638,23076,8230997,138638,23060,8231357,138638
13c43fd1e3eeb092,64019,49103637,136956,63979,49114713,136956,63963,49115009,136956
13d72254acd02b59,38719,23809202,152147,38688,23820716,152147,38673,23821108,152147
13f8c31c897a2719,58965,44019647,131298,58970,44029335,131298,58956,44029727,131298
140675049250c187,25525,10632115,98532,,,,,,
1407581881cc048a,28447,13543356,155058,28419,13556197,155058,28399,13555673,155058
141e4fcc631c8ecb,81886,66941539,128731,81888,66951248,128731,81874,66951597,128731
143302cdd60a573a,99953,85012619,131515,99983,85022658,131515,99963,85022698,131515
144275c51d9517d6,18894,3982941,153233,18867,3999361,153233,18847,3994591,153233
1457b3f59e40d1fa,77223,62279443,127635,77228,62288770,127635,77213,62289036,127635
14646a8b3b4a16a3,103384,88473645,139704,103325,88483996,139704,103310,88484350,139704
147aafea3b863245,35219,20320381,137139,35175,20335713,137139,35170,20330624,137139
149f1b74ea6625ea,64891,49959424,128966,64883,49970126,128966,64868,49969291,128966
14dec0ff0eee6a43,44593,29639281,129471,44606,29649736,129471,44602,29649997,129471
14fcc5aad3d5539b,20912,6000270,137708,20875,6010392,137708,20863,6010796,137708
150c194d22e279ea,71867,56962213,132915,71826,56971821,132915,71802,56972376,132915
151a82be986e1d18,38533,23640775,138511,38492,23650986,138511,38481,23651396,138511
153b72d007934a76,69918,55004427,137964,69864,55016820,137964,69849,55014367,137964
1551ffd96140dfc5,29264,14343411,136339,29230,14353852,136339,29219,14354310,136339
155be32eb80e4dd9,59886,44964419,138241,59852,44977656,138241,59842,44974863,138241
155c7be1fe5a3766,30342,15423878,137323,30310,15437911,137323,30294,15434174,137323
156fe1b91f3edb62,61382,46464244,138051,61340,46474812,138051,61320,46475107,138051
157ce79d3e306b2d,79896,64959983,130947,79930,64996288,130947,79899,64970798,130947
15a94e61ef92cbb0,47079,32183905,136421,47045,32194752,136421,47030,32194485,136421
15c6760e478aedfc,42990,28019427,130212,42919,28029513,130212,42896,28029689,130212
15c963a935a30e14,25768,10821070,130095,25788,10831358,130095,25769,10831757,130095
15e82ea07f197a82,15012,100146,136961,14976,111041,136961,14964,113679,136961
15f27ea5a4c6af41,115282,100364982,138156,115231,100375693,138156,115216,100377885,138156
15f4a8af58d34f7c,81949,67004656,136563,81947,67014895,136563,81933,67015309,136563
15fd80caea9d7599,26160,11242753,139518,26111,11253150,139518,26094,11253547,139518
1602ad14422cc172,16940,2023822,156444,16908,2034861,156444,16893,2037948,156444
16037fa0cec9c262,79717,64824376,100272,,,,79712,64884351,100361
16085dad9af7ed62,17069,2160510,139938,17034,2171034,139938,17019,2171381,139938
160ba1bb187c8c68,17005,2083781,139677,16971,2096819,139677,16957,2094043,139677
160d45768ff58ba3,45404,30484111,138191,45372,30494185,138191,45354,30494570,138191
1628017dc9afde60,60013,45100832,138412,59977,45114476,138412,59966,45111144,138412
1628645f9214c6fe,49220,34303896,137126,49186,34315012,137126,49176,34315297,137126
16694011bc2fb2ed,40403,25500591,137934,40352,25510419,137934,40341,25512971,137934
167c5bcd2d15bb68,94297,79362551,131413,94284,79373141,131413,94269,79373293,131413
16949bccb0d52811,40144,25201413,130002,40139,25212325,130002,40110,25212247,130002
169a2d3d8888e059,95225,80321441,138494,95181,80335598,138494,95166,80331613,138494
16f777cae64031e7,66218,51328108,159281,66185,51340536,159281,66170,51341022,159281
16ffb3cd08605a02,39192,24300425,137220,39152,24311596,137220,39137,24311570,137220
170dfe6591cacc0d,39161,24260506,137537,39113,24271364,137537,39106,24271664,137537
171394fc5bd1afe9,41213,26320668,138375,41172,26331415,138375,41157,26331644,138375
172ad275c21c4f9e,84416,69521215,137911,84374,69531675,137911,84359,69531907,137911
175f823fc6477e8f,68522,53604892,138518,68483,53615587,138518,68465,53615900,138518
1766a17283b81b52,19980,4980954,129992,20000,4993536,129992,19986,4990905,129992
176a1228d3be3536,93794,78881323,138142,93765,78894284,138142,93745,78891598,138142
1772cb4ae3d3e9be,62915,47961407,130109,62925,47971284,130109,62910,47973748,130109
17a59b27f1f75099,104653,89711116,132253,104663,89722669,132253,104648,89721650,132253
17b8207ce98120f2,39686,24793473,99593,39727,24849755,99593,39692,24817597,99593
17bb10a5ba43773b,87143,72224674,138541,87110,72235056,138541,87095,72235365,138541
17e3d3f9a990d5e1,97086,82181467,138066,97050,82195087,138066,97034,82191368,138066
17fd8609d133e9e2,104261,89345541,138843,104232,89356344,138843,104217,89356625,138843
1835dad6acc9917e,63733,48820714,136407,63704,48831883,136407,63687,48837737,136407
1839b6efeefc8fcd,69370,54429709,131005,69375,54442520,131005,69360,54439421,131005
185665a25e15520b,18620,3720244,137532,18572,3730473,137532,18556,3730983,137532
187a32e15d5af217,35657,20740137,136032,35623,20750272,136032,35608,20750640,136032
1883f01f27ec03de,79863,64919499,128213,79899,64995304,128213,79868,64929271,128213
18873b5585326452,89358,74442819,132306,89318,74452591,132306,89306,74452964,132306
18c15cd1cde86e5a,112203,97300913,132325,112155,97310843,132325,112140,97312335,132325
18c507f977865767,19184,4280236,136694,19151,4290853,136694,19132,4291187,136694
18c8ab8e5db84dac,110165,95244926,137764,110132,95255383,137764,110117,95255742,137764
18cb753fafc35244,15422,520566,137455,15377,530910,137455,15359,531291,137455
18d3cef6971fa445,81566,66644195,138516,81535,66654498,138516,81519,66654908,138516
18e208162b309c99,88911,74021632,139853,88873,74035572,139853,88859,74033445,139853
1901b7ae6ef5b478,48740,33820558,137017,48715,33831436,137017,48701,33831422,137017
1903fd5cd1e03202,103482,88562470,141358,103416,88572725,141358,103402,88573185,141358
190d792a2db561a1,113976,99061828,138960,113940,99074861,138960,113917,99071900,138960
1921cf0d01c04c38,54011,39100991,139668,53977,39117217,139668,53966,39114704,139668
193fadc5001ac565,79242,64341064,138206,79192,64351958,138206,79183,64351949,138206
1940c01b3b9909fe,60633,45719690,130680,60603,45730255,130680,60585,45730649,130680
19529496270aef55,14914,0,136355,14880,13953,136355,14866,10387,136355
19664cadda24975a,31317,16400230,136592,31280,16410960,136592,31269,16411373,136592
196f116b8eda1878,98185,83242331,130738,98179,83251999,130738,98165,83252355,130738
197f3a634f46e133,93297,78382803,132926,93253,78392824,132926,93238,78393166,132926
19895dc7d774f913,54044,39124658,140267,54009,39135735,140267,53998,39138164,140267
198acbe7ccf6e2cc,56721,41804128,137750,56687,41814916,137750,56674,41815404,137750
19affffcc23545d7,76344,61441042,137914,76307,61457334,137914,76292,61451963,137914
19bf4a6fdcc1c5f6,61265,46340786,137313,61251,46351422,137313,61229,46351705,137313
19c9d5ed037daa83,57165,42221697,130519,57158,42233625,130519,57158,42231317,130519
19cb2386d4cc36f0,52089,37180898,139169,52050,37192809,139169,52039,37192245,139169
19cc675611324b5b,16662,1760528,139178,16613,1774344,139178,16598,1772822,139178
19e1e0e0ab5adc85,54494,39557026,115576,54491,39566231,115576,54477,39566458,115576
19f841979cff2f2a,86993,72101540,139789,86961,72112019,139789,86941,72112286,139789
1a009b2c3205a6d4,103328,88441733,138424,103292,88452084,138424,103278,88451987,138424
1a01d9984947ceb8,83683,68763889,130343,83699,68788283,130343,83671,68774038,130343
1a06aead0ae98778,52659,37724776,139653,52636,37735857,139653,52621,37736200,139653
1a0b31cb698fb7df,38944,24040478,136654,38908,24050245,136654,38893,24053801,136654
1a162e1f32e9e8a7,65919,50964197,136524,65867,50977658,136524,65849,50974857,136524
1a532a284a8a9a5a,91054,76141491,138421,91020,76151954,138421,91005,76152298,138421
1a6177e00ca06b76,115608,100700916,132312,115573,100711279,132312,115558,100711195,132312
1a7209fd55655fe7,35189,20281041,138187,35144,20294295,138187,35140,20294628,138187
1a7373ab335b089b,117919,103005240,138355,117877,103015161,138355,117862,103018115,138355
1a94dbf43cf81d46,119069,104145401,139034,119048,104156027,139034,119032,104156437,139034
1aa99bb6005d012b,30472,15562907,151954,30440,15574614,151954,30423,15574953,151954
1aaa11a5a6af0bff,46596,31659585,129597,46606,31671604,129597,46588,31669255,129597
1ab3337b85666dcc,105084,90160459,131985,105043,90173173,131985,105027,90170060,131985
1add76dd37d7f012,106221,91300291,130587,106186,91313502,130587,106171,91310467,130587
1ae7d695a0375fa3,102881,87940970,133022,102911,87951757,133022,102883,87952114,133022
1ae89b7a75769de8,102000,87101745,140035,101954,87114484,140035,101941,87112897,140035
1aea7b05c71f2d6d,42914,27921090,140274,42882,27931893,140274,42857,27932175,140274
1af0682c36c9b44e,87240,72325015,139355,87206,72335517,139355,87193,72335855,139355
1b083b192505c8f8,115865,100960696,131707,115826,100970270,131707,115811,100974491,131707
1b0bb3f5e93c651a,91905,76982714,132570,91874,76992684,132570,91855,76993084,132570
1b42f58014f674a9,77288,62341188,129581,77289,62350990,129581,77275,62351226,129581
1b59ebbf718d6582,75636,60721130,138531,75613,60734294,138531,75595,60735825,138531
1b677a0c29341531,112993,98060876,132374,113025,98075904,132374,112978,98070803,132374
1b6f5456131ccbd5,15602,683687,138583,15569,693646,138583,15559,694067,138583
1b9a965e394fbd04,17101,2182776,132003,17066,2195339,132003,17051,2193133,132003
1bab73778d991d68,103546,88625424,139394,103512,88638061,139394,103497,88635201,139394
1bb5b4130d39f180,104293,89381799,139941,104265,89396376,139941,104250,89391924,139941
1bbd7c8928671564,99323,84420480,131596,99277,84433415,131596,99259,84430487,131596
1bbe1084cc4179a6,50376,35451168,131027,50375,35460837,131027,50354,35461140,131027
1bc70cd39397c215,18149,3199081,131071,18164,3209347,131071,18150,3209564,131071
1bcff0d1dd4f4e97,19788,4853428,116437,19826,4867202,116437,19812,4862326,116437
1bf501025e2e28a8,67346,52422746,114344,67348,52432641,114344,67335,52432762,114344
1bf78b49f253abb6,87433,72521578,139888,87391,72531944,139888,87382,72532311,139888
1c0f83cb39500ab8,25481,10615849,398500,,,,,,
1c73fc1aa10b4331,27435,12576570,397484,27447,12610530,397524,27432,12611364,397524
1c78e923745ea4f0,65048,50121278,137834,65029,50131694,137834,65014,50131920,137834
1c7b62abe1339a6f,106068,91180668,132648,106031,91190901,132648,106016,91190809,132648
1c949e12a199c198,61527,46623959,137689,61482,46634014,137689,61473,46634397,137689
1ca2f825a261a2ce,27883,12940956,130209,27874,12950526,130209,27860,12950899,130209
1cae206bc6f67bbd,88657,73723794,130338,88589,73734010,130338,88575,73734397,130338
1cb06ae180e52c6e,116976,102022403,131136,116973,102034578,131136,116958,102034284,131136
1cb712ccbe5d5cc2,29814,14861228,130017,29830,14870538,130017,29794,14872467,130017
1cb9ff950322dbe6,75009,60100300,133141,74978,60115003,133141,74959,60110132,133141
1cc74fe64c917ccf,104718,89762705,131746,104725,89774667,131746,104710,89772173,131746
1cce7798aec4c3b7,71311,56379919,130956,71305,56389651,130956,71310,56419918,130956
1ce26272767064e2,34080,19139244,129977,34078,19149364,129977,34061,19149709,129977
1cef0b6486d89757,50536,35603239,140240,50527,35613383,140240,50506,35613838,140240
1d0fc5f70984d2e6,88684,73760160,131493,88611,73770242,131493,88596,73770538,131493
1d188975ba98e628,20534,5640183,137041,20491,5650082,137041,20476,5650476,137041
1d1ca480176feb30,38415,23520745,137166,38372,23531355,137166,38357,23531580,137166
1d430f3ce8bd99fd,108401,93528790,348377,108394,93555550,348417,108389,93571487,348417
1d45400bb4b8a04a,42131,27199385,129525,42109,27209583,129525,42091,27209921,129525
1d5c42d4296b6f24,58084,43181192,139928,58046,43196529,139928,58031,43191646,139928
1d84cd44e59cca7a,23744,8800840,129867,23752,8810944,129867,23733,8811144,129867
1d9733a022f4036a,113471,98582235,141494,113434,98593567,141494,113419,98593859,141494
1db5266d9082cebf,71064,56161305,139053,71036,56172248,139053,71015,56172458,139053
1dc248d2c437ee5d,86526,71604443,137825,86493,71614727,137825,86478,71615176,137825
1dc336aa21224249,98603,83705094,137522,98571,83716040,137522,98549,83716356,137522
1dd349561acd2b62,72491,57584921,138220,72443,57595202,138220,72433,57595684,138220
1ddacdd68e99b9e2,107120,92221958,141309,107074,92234668,141309,107059,92233950,141309
1ddc15690c1090e7,51369,36461291,140860,51340,36472053,140860,51320,36472324,140860
1dfd336a5a591a64,21929,6979341,132199,21936,6989095,132199,21922,6989441,132199
1e080dbc450f8c92,48209,33300603,137302,48178,33311998,137302,48158,33311706,137302
1e135a326eea5307,24084,9161985,130235,24053,9172455,130235,24036,9172702,130235
1e591622611f566f,17955,3032481,117029,17978,3045255,117029,17965,3045058,117029
1e8a50dd8e93d141,26524,11613174,147798,26495,11628828,147798,26475,11624047,147798
1e8ccb3c147a5af1,51993,37081227,140849,51957,37091705,140849,51945,37096742,140849
1e8d6448747f54f3,49284,34366540,135325,49250,34377476,135325,49240,34377822,135325
1e917f2d183247ad,18679,3783551,137647,18643,3796819,137647,18628,3793967,137647
1e92f7032e447722,91654,76760423,132973,91616,76770818,132973,91601,76771082,132973
1e94277a1295fffc,100699,85776850,115942,100743,85786111,115942,100729,85786289,115942
1e9e3c6d6bb67a6d,114921,99980614,131966,114927,99990436,131966,114912,99995371,131966
1eb7349a33b0b133,64172,49280798,136370,64132,49291735,136370,64117,49291770,136370
1eb7a046bd11c5c1,56226,41319767,131280,56184,41330147,131280,56169,41330427,131280
1ec2c80c8142133e,42833,27819717,131397,42839,27835107,131397,42813,27829429,131397
1efd9163c22f1df8,21835,6879031,130482,21852,6889074,130482,21838,6889432,130482
1f175178bc7ac3d6,111232,96260339,130918,111201,96270016,130918,111186,96275690,130918
1f1a5b905ae67093,63988,49080543,135765,63950,49091783,135765,63933,49091750,135765
1f2eec8e6b039994,54615,39681977,131232,54594,39693175,131232,54580,39693542,131232
1f57af42bd402c72,78960,64041068,137133,78925,64054417,137133,78915,64053296,137133
1f8d6e418ff33182,30251,15360386,136705,30212,15370466,136705,30204,15370918,136705
1f9e6cf706be4d5b,38975,24071729,137471,38938,24082073,137471,38922,24082347,137471
1f9f079894da09da,44626,29679475,131436,44635,29689482,131436,44631,29689791,131436
1fa4376c5572b11f,29904,14962325,139070,29901,14972832,139070,29868,14973049,139070
2003690f5879ce51,110229,95321958,139191,110194,95333024,139191,110180,95333272,139191
203cdf5318716782,97364,82465258,137918,97326,82475393,137918,97311,82475738,137918
204730511dbea442,100049,85102753,132935,100074,85112671,132935,100054,85113023,132935
2052f6a82d564f2c,84092,69161229,137693,84073,69174249,137693,84049,69171640,137693
2082bc191cf43fd4,93958,79066195,105214,93956,79085150,105214,93941,79086790,105214
2089671f9aa763ed,18362,3421108,130879,18344,3433593,130879,18330,3430516,130879
209b55c6897142fc,72242,57325964,131238,72206,57336259,131238,72191,57336451,131238
20af901d9950aacf,118884,103960404,130771,118887,103970337,130771,118872,103975227,130771
20b17db184dd8c15,46123,31203842,137363,46087,31213890,137363,46071,31214186,137363
20b61054b1320ce8,84385,69484406,137425,84343,69494916,137425,84329,69495223,137425
20bb0f30abc62ebb,118790,103860447,130217,118800,103870344,130217,118784,103870695,130217
20dc13061035ae06,119586,104681645,137412,119554,104696796,137412,119539,104692157,137412
20f11ed9a9a523e5,64641,49765991,337717,64630,49793780,337757,64615,49793572,337757
20f51c77cd957b34,58301,43400849,137851,58252,43411301,137851,58237,43411673,137851
20f6fd3850581c4c,42940,27942781,128689,42895,27952186,128689,42871,27952438,128689
211af52a7f132e26,48016,33100512,136970,47987,33116347,136970,47967,33110942,136970
21606f43e454f645,20449,5543681,137953,20406,5553403,137953,20389,5556385,137953
21a40a414e1abe41,44955,30039791,131831,44906,30050058,131831,44897,30050296,131831
21a541f59856e443,105404,90485160,139084,105376,90495550,139084,105358,90496158,139084
21bcf46a65b342e8,35063,20160695,137020,35026,20170867,137020,35005,20171138,137020
21cec6da438fe59e,37968,23019325,130556,37976,23028799,130556,37977,23029266,130556
21d3cd54bec41bba,26459,11543864,137521,26431,11554804,137521,26411,11555211,137521
21e2421a497c4b42,99074,84161448,137889,99041,84172144,137889,99022,84172628,137889
21fe89ad4cfce9db,21867,6919182,131332,21881,6929279,131332,21867,6929680,131332
221be7fa10bb6ea6,93077,78161941,140868,93041,78172353,140868,93026,78172781,140868
222afce666707417,119248,104345483,138555,119206,104356139,138555,119191,104356457,138555
224a1d01de4d25f8,43449,28542916,150100,43428,28559234,150100,43405,28554228,150100
226bdbd82189e390,78582,63684394,136593,78547,63696951,136593,78528,63694725,136593
22722d6ca6e82184,20752,5840199,137245,20718,5850948,137245,20706,5850949,137245
228b435e4b4efb0e,97575,82661428,138166,97546,82671362,138166,97527,82671825,138166
22b42b3c822c724f,42189,27259128,128790,42152,27269134,128790,42135,27269384,128790
22b5be9058941677,15796,880329,138021,15762,890430,138021,15751,890850,138021
22bd59b879c82525,83089,68181318,136723,83049,68191765,136723,83022,68192203,136723
22be5a721db5fa3d,49692,34800983,138999,49652,34811440,138999,49641,34816809,138999
22c1ab6497b3f85a,50781,35864258,137409,50743,35876499,137409,50724,35873971,137409
22ca487ae0997074,96829,81921691,138271,96798,81933159,138271,96781,81932455,138271
22e3317a41c9f0e0,91500,76601616,140008,91454,76613610,140008,91439,76613560,140008
23158465dd7301f3,57707,42820909,138629,57672,42831660,138629,57657,42831926,138629
235c1ba64cccb6a5,27728,12779838,131208,27738,12789387,131208,27724,12791455,131208
23675a9c91440d64,73587,58659767,129638,73565,58669733,129638,73551,58670157,129638
23a7d3b708e9e2d8,109574,94661956,139714,109538,94672527,139714,109523,94672762,139714
23ac991a5e3222ba,100113,85180657,132476,100132,85191018,132476,100112,85191279,132476
23cb0b7311bf5ce3,70599,55701188,139264,70553,55712710,139264,70538,55712958,139264
23f0861fc424df9d,64111,49203911,136366,64065,49214883,136366,64049,49215058,136366
23f4e8c48c72b7bd,56411,41501788,131554,56363,41513845,131554,56355,41514015,131554
23f602aa4b4fb527,26043,11119147,130159,26019,11132547,130159,26002,11129099,130159
23f7ddae70915b94,44465,29531154,131288,44482,29544583,131288,44479,29551531,131288
240484a8448378c8,47895,33000549,136856,47862,33013454,136856,47841,33010482,136856
24243ce719e66a63,76439,61541462,138412,76397,61553034,138412,76382,61553258,138412
24283c4d7ca296f7,59030,44081572,130257,59031,44091110,130257,59018,44091492,130257
2471092eb322a430,90693,75780641,133298,90639,75790494,133298,90624,75790950,133298
2477585c28129301,65229,50340983,137065,65195,50355871,137065,65178,50351767,137065
248ffccc14923678,37212,22303829,137694,37171,22314201,137694,37156,22314593,137694
249bae2d6a810926,105943,91041698,138698,105897,91052128,138698,105881,91052412,138698
24a351904871c411,25736,10799118,130749,25758,10812026,130749,25739,10809018,130749
24a61e6f82a45a06,50629,35704300,139269,50612,35714455,139269,50592,35714883,139269
24c9b7d2f05c13e7,94936,80024938,158566,94904,80039863,158566,94889,80036717,158566
24e64a6f9c4214b6,63397,48484351,138022,63343,48494769,138022,63328,48495177,138022
24e8dd015014a4fa,26188,11280607,136547,26133,11290908,136547,26117,11291295,136547
24ed78a543b99bca,66973,52081194,138977,66933,52092199,138977,66918,52092244,138977
250234329e6aa680,24172,9260794,139347,24124,9271426,139347,24108,9271759,139347
25280df129ac0a0c,100416,85500426,132110,100375,85510339,132110,100357,85514852,132110
252d0a4f780dbd94,113689,98768538,158280,113660,98784291,158280,113639,98780045,158280
255abd3fe580e358,75725,60821470,140219,75684,60836819,140219,75666,60832415,140219
255eea325ee682b8,81435,66521182,137762,81406,66531309,137762,81390,66531694,137762
257628345f1b5dc4,40083,25139444,131227,40091,25152619,131227,40061,25149454,131227
257c91e4c886b7ee,53167,38248315,161359,53135,38264578,161359,53120,38260450,161359
2582e73b90871d77,82587,67700847,136094,82555,67716320,136094,82539,67711400,136094
258b9201b6bf6fc7,92796,77900562,132914,92751,77910227,132914,92741,77912779,132914
259866639e98b3d9,117950,103042076,140015,117905,103052827,140015,117891,103056648,140015
259f5eb6720d8960,29962,15040147,136630,29944,15050801,136630,29914,15051106,136630
25c1a0243e07ce7a,91561,76661902,140369,91518,76672196,140369,91498,76672551,140369
26091e02b31a5129,42588,27635846,91014,42659,27787971,91014,42629,27646829,91014
26192a0eb687d6a7,32674,17780695,138125,32632,17792041,138125,32617,17791767,138125
26402824c517c89a,67931,53020891,137798,67874,53031158,137798,67860,53031443,137798
26482bc2d8467b8f,53487,38580173,134308,53447,38590522,134308,53432,38590694,134308
26556c1fdd8125a9,48769,33844030,138932,48740,33854633,138932,48725,33855059,138932
268bba538147f695,96559,81644945,139037,96503,81658144,139037,96488,81655243,139037
2695206bcf99a8a9,73617,58700011,131443,73591,58710794,131443,73576,58711057,131443
26999ffc28bf4a05,109349,94441867,138598,109316,94453044,138598,109301,94453167,138598
26a2ab9531103e95,56567,41680849,138721,56535,41692092,138721,56518,41692270,138721
26a8fa7314745f14,15700,783203,135971,15667,792804,135971,15656,795477,135971
26b8c3471c50fe6e,52599,37659838,132091,52586,37669617,132091,52571,37670022,132091
26d8105dc9afcac2,43547,28626597,137276,43524,28639586,137276,43502,28636564,137276
26dcbc085f4a68dc,62526,47603293,140118,62488,47613554,140118,62477,47616636,140118
26dfe49c08bb8225,58021,43104690,139239,57985,43117380,139239,57970,43114916,139239
271ce0e006738ec2,46500,31561237,129229,46516,31571019,129229,46497,31572421,129229
272f27bf3ff6f2fa,90107,75184823,117385,90117,75194481,117385,90103,75194726,117385
273f1d8e2433c057,68048,53161351,138859,68015,53175694,138859,67998,53171675,138859
2780019b2f1f04b9,100649,85757282,104588,100693,85774676,104588,100679,85773877,104588
279b27698a68d127,85975,71061368,138075,85951,71077744,138075,85946,71072369,138075
27a5c9f2e25d7be2,93329,78420634,133458,93283,78430304,133458,93268,78430767,133458
27ac426d99ca17fc,95412,80505137,139275,95371,80516225,139275,95353,80516680,139275
27ad060c0374a730,84503,69584571,137058,84474,69594669,137058,84458,69595100,137058
27b7ec7775e6d714,108776,93842821,130992,108761,93852548,130992,108760,93852996,130992
27c148058b31bf6b,104196,89281905,140345,104137,89292627,140345,104122,89292994,140345
27c7b7914d15c663,21673,6754009,130586,21696,6764927,130586,21682,6766609,130586
27dd5b58680c7f3b,52776,37860954,139382,52731,37871616,139382,52716,37872014,139382
27ddee8952360d57,114679,99785549,93554,114693,99806883,93554,114678,99806021,93554
27dffc925cfc912b,51683,36780810,138680,51638,36791030,138680,51620,36791466,138680
27f439f14bd251fa,21771,6820543,131655,21791,6831602,131655,21777,6831739,131655
281a95f62d4b2a3a,76153,61241303,139505,76120,61252700,139505,76105,61252865,139505
2820b670f6215967,76937,62021228,138670,76903,62031424,138670,76888,62031689,138670
2843d70cf94627a1,94421,79500101,130496,94394,79510996,130496,94379,79510931,130496
28485edaec82b3e6,36547,21660521,136619,36512,21671191,136619,36497,21671609,136619
2856181ff707fa50,105973,91081688,139047,105934,91093242,139047,105919,91093400,139047
286f0992e3af9201,25223,10303900,137708,25191,10317057,137708,25176,10314169,137708
28700e9f4989a342,66188,51301250,137884,66153,51312275,137884,66138,51312294,137884
2887d5984c7c613a,96708,81821404,137911,96673,81834121,137911,96658,81832729,137911
28bf116a9038bf5f,63426,48520779,137382,63372,48531231,137382,63357,48531605,137382
28ffdf41214e8426,59424,44504499,138635,59373,44515909,138635,59358,44516054,138635
2907b89792d97c15,86653,71741228,138239,86617,71755449,138239,86602,71753772,138239
2909d43ee653eb03,37427,22540680,137369,37392,22551771,137369,37377,22551374,137369
2943e9ba8499edde,119651,104741890,138041,119617,104753363,138041,119602,104753077,138041
29484429f315fb8b,28327,13440212,137143,28294,13455306,137143,28277,13450768,137143
2966416aa928fa2f,66851,51944236,137334,66806,51954733,137334,66792,51955047,137334
296ff720eb099b3d,86779,71864569,138325,86737,71874410,138325,86722,71877223,138325
298c31878b00d32b,88575,73625518,139565,88530,73635833,139565,88516,73638966,139565
299b617ae4f73ef7,33485,18586625,136319,33447,18597205,136319,33437,18597442,136319
29ce6c306227c41b,107210,92320551,131250,107172,92330492,131250,107160,92335226,131250
29d7f168e0b24935,92564,77641692,139374,92525,77651881,139374,92510,77652218,139374
2a0b9ee4d1738be0,79024,64104539,137916,78986,64116045,137916,78977,64116148,137916
2a190915a6914f84,118380,103465404,137691,118346,103475407,137691,118331,103475996,137691
2a19e73d90f002c0,25385,10469010,138935,25352,10480134,138935,25337,10480334,138935
2a21826394195ac6,75517,60582039,130957,75516,60592152,130957,75496,60592535,130957
2a45d009687ec285,101684,86765152,139765,101649,86775901,139765,101637,86778267,139765
2a52dbe0df9542c3,78164,63196438,130350,78165,63213050,130350,78150,63206903,130350
2a8ae65f66ceaf99,43014,28041317,128951,42930,28050879,128951,42908,28051150,128951
2aba57eb4ba65bce,57860,42949867,151969,57827,42961391,151969,57812,42961339,151969
2ac1f308d987e30c,81253,66361253,138297,81216,66372281,138297,81201,66375680,138297
2aca1d926089ae21,58363,43464389,139072,58328,43477311,139072,58310,43474314,139072
2acb40e166dcc7fd,81533,66620803,136375,81503,66635054,136375,81487,66630711,136375
2ad6374899704a49,88277,73298307,96539,88290,73305905,96539,88276,73306079,96539
2ad6b1d4fec1b6c3,85478,70567881,155249,85445,70579977,155249,85426,70580449,155249
2ae5c9cdacb9bfb2,79150,64241047,137570,79106,64256351,137570,79097,64251364,137570
2af4643c770e3c72,19756,4833762,114340,19795,4843180,114340,19781,4843119,114340
2af4c0a846ca84ed,56753,41841031,138099,56718,41852173,138099,56705,41852173,138099
2af7178e2908ec43,52315,37371969,131133,52324,37385730,131133,52309,37382202,131133
2b00d68197b34600,101907,87001747,139823,101866,87017114,139823,101854,87012322,139823
2b064edb8cdce553,69592,54660087,130591,69582,54670273,130591,69568,54670803,130591
2b08eaead7dbd2ff,22021,7080811,140908,22014,7096408,140908,22000,7091965,140908
2b4889ff977c1ca6,94688,79801846,139598,94654,79813350,139598,94639,79813620,139598
2b5873a84e5e8f38,19340,4440428,137849,19297,4455419,137849,19279,4450641,137849
2b6d2bf1c7129647,53611,38701745,131456,53571,38714297,131456,53549,38711801,131456
2b744b9c31fe75db,81789,66847699,129379,81794,66858015,129379,81781,66858340,129379
2ba2a42e57fc90bc,53424,38504680,139150,53387,38516142,139150,53372,38516556,139150
2bd2b30093c8d850,98978,84061866,139800,98948,84072092,139800,98928,84072389,139800
2be73b1c130f21d5,57227,42299560,130196,57213,42315596,130196,57213,42309615,130196
2bf4889d4ef8b972,17351,2452654,132051,17314,2463059,132051,17300,2463083,132051
2c047acf34ff9f6b,46959,32060473,136987,46915,32075170,136987,46897,32070579,136987
2c0d57af235c82a1,75902,61004604,139733,75865,61015076,139733,75852,61018154,139733
2c1a1c45e84a0bc5,118282,103364559,140706,118248,103375045,140706,118234,103375478,140706
2c1e8d45cbefe3ba,39865,24919767,131068,39901,24930274,131068,39867,24930586,131068
2c30b1a9ea66c347,119871,104965587,138493,119828,104976412,138493,119814,104976532,138493
2c36068853f7b665,119522,104605262,139078,119490,104616328,139078,119475,104616736,139078
2c3ade4a3d7a0b3c,111696,96784505,154509,111663,96796001,154509,111649,96796310,154509
2c44937e0363ca38,87087,72201322,138312,87055,72212611,138312,87038,72212662,138312
2c4811f15c647db9,80472,65581096,137858,80432,65596281,137858,80420,65594371,137858
2c4e543a824f1afb,114039,99125347,139394,114000,99136662,139394,113976,99136923,139394
2c56c3d557fc1cc6,80786,65864505,137372,80752,65875243,137372,80737,65875484,137372
2c8534731482ef4c,32462,17520710,138217,32404,17535770,138217,32389,17531259,138217
2ca7e533deaa1a5c,56003,41084114,137826,55968,41093976,137826,55953,41096625,137826
2cc7c27176270ad4,113914,99001601,138538,113880,99017930,138538,113857,99011997,138538
2cd0591372673667,119554,104645237,158646,119521,104657413,158646,119507,104657650,158646
2cd795f6cab980a1,107682,92763883,140038,107646,92776145,140038,107631,92773782,140038
2ce5de14afc9075c,114435,99520938,132856,114406,99533422,132856,114387,99531108,132856
2ce897789e195c57,24380,9483911,137593,24346,9494734,137593,24332,9494962,137593
2cfdb5823592c5db,57288,42361444,141897,57266,42373298,141897,57264,42372788,141897
2d23a5263c29905e,113118,98180497,131276,113132,98192879,131276,113089,98190107,131276
2d323772e3530496,88881,73984379,138168,88843,73998398,138168,88828,73996044,138168
2d396b76ef665b88,113148,98220545,132126,113157,98236578,132126,113115,98230942,132126
2d7708500e69c466,37119,22203715,137982,37084,22214422,137982,37069,22214688,137982
2d8e1198eff69743,45751,30843922,137698,45705,30854057,137698,45688,30854452,137698
2d8e91110f724759,40521,25623718,138032,40488,25634204,138032,40468,25634517,138032
2da9fd6eccb4f4f4,55268,40301852,130905,55296,40314491,130905,55277,40311891,130905
2dbe7378a46849ba,63830,48921188,137835,63799,48931824,137835,63782,48932046,137835
2ddb259b2a5d4452,23273,8380336,137497,23236,8390587,137497,23221,8390923,137497
2df780cae4c77767,62590,47680829,137574,62550,47696020,137574,62540,47694262,137574
2df8a558dbce09da,45500,30583398,136232,45466,30593297,136232,45448,30593650,136232
2e18e08cb1f05653,41760,26814154,131161,41789,26824289,131161,41769,26824550,131161
2e190721f576a517,110068,95145255,138900,110035,95156257,138900,110020,95159029,138900
2e23d264d439f799,19494,4596132,137884,19457,4607026,137884,19441,4607393,137884
2e3ce90b5ed873c5,79992,65059731,128638,80018,65069604,128638,79988,65069854,128638
2e46c1f59953e8a4,119618,104705031,138588,119585,104717726,138588,119570,104715406,138588
2e49f09fab2d9801,116144,101245068,138088,116106,101255382,138088,116092,101255769,138088
2e59bb5f1723a8d9,39960,25019634,131416,39988,25029778,131416,39955,25030104,131416
2e747b4ca8406896,21738,6798226,130799,21760,6808399,130799,21746,6808779,130799
2e9645ac397945c2,34807,19903205,152220,34779,19914881,152220,34757,19914987,152220
2e964b00cb852c03,62058,47161136,138282,62016,47171423,138282,62002,47171596,138282
2ecb235add21ab16,21375,6460202,137367,21342,6470581,137367,21328,6475422,137367
2eda85ce6d18d6eb,23362,8443986,138338,23331,8454309,138338,23315,8454744,138338
2f0fbf6902e51eb6,117602,102684900,156975,117569,102696449,156975,117554,102700040,156975
2f6144f115dd132f,114533,99622802,144886,114503,99638548,144886,114483,99633289,144886
2f719e0eb73a3dff,79212,64302242,141256,79163,64312780,141256,79155,64313230,141256
2f7d8f66ba4fe4ed,119714,104802036,139062,119678,104812673,139062,119664,104813125,139062
2f95e60022e3ab95,56688,41780827,136850,56655,41791763,136850,56641,41791952,136850
2fb31ea5c82b3935,85817,70883242,139988,85803,70897252,139988,85800,70893801,139988
2fc7d0b0a073ef47,89512,74602762,132393,89464,74614805,132393,89452,74612861,132393
2fdd3f71bbe315e2,84633,69720801,135778,84603,69738554,135778,84588,69731761,135778
2fed6d892b1a1a8a,106785,91860458,131843,106783,91875056,131843,106767,91870702,131843
2ff51133d4235157,38183,23242712,139831,38162,23253215,139831,38158,23253623,139831
2ffcf85ee01ae35f,64448,49541255,138436,64415,49555944,138436,64400,49556107,138436
3010627894b638c2,110003,95085304,139234,109970,95095988,139234,109956,95096334,139234
3015fb4708d7bdbb,92293,77342770,132612,92295,77352698,132612,92280,77353073,132612
30166a83b01e2ad7,25103,10203480,137253,25063,10213686,137253,25053,10217689,137253
3027b09ea2a5de46,35158,20243792,137553,35114,20253593,137553,35109,20264973,137553
302aa6782df86522,89294,74381572,139037,89256,74392218,139037,89244,74392495,139037
303663ff1d83d18d,99230,84324204,131386,99190,84334443,131386,99172,84334739,131386
30440076d225218f,117981,103081820,139319,117934,103092973,139319,117920,103093159,139319
304ceeab491a609d,94540,79624611,137410,94496,79635561,137410,94481,79635903,137410
30511e96f3d54219,87619,72689113,132161,87648,72774117,132161,87610,72699666,132161
3062095e8d198dbb,17566,2680401,139266,17532,2690923,139266,17517,2691296,139266
306e702fb19c5c17,35560,20640789,138192,35527,20650783,138192,35512,20653463,138192
308518360b6526a3,38880,23963598,136852,38846,23973546,136852,38831,23976068,136852
309360ddd1720627,67188,52281535,138820,67155,52292209,138820,67140,52292487,138820
30a30e3eeec97dbe,98153,83220271,131139,98150,83230177,131139,98136,83235044,131139
30b5bacccaa9b461,105348,90461699,138984,105313,90476453,138984,105300,90474164,138984
30b7e04c501c6da3,85786,70859552,128563,85773,70874960,128563,85770,70869465,128563
30c6296c487f6178,50751,35841077,139564,50718,35855288,139564,50699,35851159,139564
30d5a186cd4fb098,57133,42199699,129506,57129,42215010,129506,57130,42209511,129506
30d5f71827a76924,43706,28800673,138300,43679,28811482,138300,43657,28811716,138300
30ff7b0b3cae718b,110356,95487976,342659,110353,95515653,342699,110338,95516671,342699
3107971b1cc9088d,19821,4872901,115028,19858,4882008,115028,19844,4882261,115028
31160cdc9875927f,43738,28823866,137481,43709,28837137,137481,43688,28834088,137481
311724cbb609efff,15765,846529,155232,15730,858179,155232,15720,858368,155232
312bd8657ba0be71,105436,90521855,139518,105407,90532270,139518,105390,90532587,139518
3133722e6029f231,24949,10042675,139474,24903,10053334,139474,24889,10053631,139474
31372bdf834f6074,50930,36041071,139078,50895,36055568,139078,50877,36051114,139078
314345401286e186,24980,10080444,138543,24935,10091141,138543,24920,10091385,138543
314fae1a5375ada3,117066,102122677,131107,117049,102135819,131107,117034,102133589,131107
3186629f181641a2,46627,31699399,130845,46634,31709999,130845,46616,31710331,130845
31b0c062c9950037,119099,104181815,138373,119073,104192310,138373,119057,104192571,138373
31b1df513524cedb,107090,92180541,131764,107043,92191202,131764,107027,92191298,131764
31c84923118f8aa8,74068,59161301,138033,74036,59171487,138033,74021,59177727,138033
31d8104cd70374dc,71246,56323279,117154,71240,56341947,117154,71246,56418238,117154
31deae701e92f8b8,17817,2900846,138864,17782,2915783,138864,17768,2912796,138864
31e567cd7f4ce6ca,54645,39719550,131310,54619,39730047,131310,54605,39730345,131310
320d9b012d0b0905,68361,53452467,137760,68329,53467665,137760,68311,53462865,137760
320ebe5008bb0b12,78863,63944548,137175,78831,63954704,137175,78819,63955081,137175
3217cc6ae10c00eb,52199,37307505,103970,52210,37326657,103970,52195,37328897,103970
322a5083eda91a8c,26101,11190449,130292,26065,11205547,130292,26048,11200488,130292
322fea61af659418,70847,55959933,131851,70817,55977190,131851,70802,55970889,131851
3275365496b69f52,29753,14801201,130341,29779,14811133,130341,29742,14813275,130341
327e6d3c6cb06d7b,75296,60360245,133670,75317,60370806,133670,75296,60373541,133670
328417e00cee4a3d,71718,56802070,139587,71681,56812377,139587,71679,56812627,139587
32864b5277f075dd,118103,103205488,138569,118066,103220113,138569,118051,103219560,138569
3286b26ea7b0af20,119128,104222054,140059,119097,104236921,140059,119081,104234299,140059
32b35fc08c3293f5,98057,83120051,130314,98060,83130082,130314,98046,83130304,130314
32bc6a90f7494f7e,102624,87703515,123257,,,,102643,87753506,123257
32f664aaf444f803,40054,25101380,130221,40068,25113883,130221,40036,25111499,130221
33031b8f3797814c,18180,3220853,129004,18191,3230397,129004,18178,3230765,129004
330897350bacd933,75813,60921319,138479,75773,60933444,138479,75758,60932946,138479
330b53969f3840f1,95066,80145187,140064,95030,80156147,140064,95015,80156401,140064
331436c786e15a6c,115253,100341673,138358,115208,100356840,138358,115193,100354255,138358
331ab6f819173e5b,53102,38192439,138907,53070,38208413,138907,53055,38202793,138907
3323dd0967b3f027,86429,71504567,137649,86396,71514382,137649,86382,71517005,137649
332cbf1424602b42,90057,75164962,102294,90067,75183413,102294,90053,75183914,102294
333ca0a9342cf466,96165,81222615,131541,96160,81233351,131541,96144,81233730,131541
3359c8a60dda535f,21472,6560395,138129,21439,6571695,138129,21425,6571986,138129
336292c100354843,76120,61207240,136778,76087,61218527,136778,76073,61218742,136778
3378041e2b4adeeb,116296,101381791,138626,116267,101396145,138626,116251,101391842,138626
339d74352b326770,82519,67624106,136051,82485,67636543,136051,82471,67633885,136051
339ffd14d78bc34b,82965,68061490,138578,82931,68072802,138578,82905,68072820,138578
33c5800da442b66d,74727,59841001,137803,74695,59856536,137803,74678,59851822,137803
33d2f58cffe6caf5,28672,13760426,137093,28640,13773289,137093,28621,13770364,137093
33f1c9e805ec7941,31772,16822820,140359,31769,16836830,140359,31755,16833279,140359
34071ac0ac8eaabf,44047,29159336,129687,44011,29169829,129687,43996,29169920,129687
342cf5ec4a00d47a,38445,23544128,138514,38404,23554149,138514,38389,23554703,138514
343e6ae3c77bd5ec,65609,50610983,126797,65651,50634017,126797,65631,50628654,126797
344405bbd6035d1e,97242,82341993,141712,97198,82353874,141712,97182,82354083,141712
345ba65b236d7db8,32357,17380321,136393,32335,17390473,136393,32319,17390867,136393
3490ae4d456c183b,49476,34564218,137458,49437,34574134,137458,49426,34576746,137458
34971b658a612c38,56350,41443584,141992,56301,41454229,141992,56294,41454590,141992
34ab81ed973d2fb4,106940,92021696,138795,106919,92032024,138795,106903,92032386,138795
34ba7453a0bdc958,76313,61401337,138884,76277,61414186,138884,76262,61411701,138884
34da660d6ee442fe,70067,55181116,138088,70033,55192003,138088,70018,55192347,138088
34db8414e1749251,118315,103401649,137836,118281,103412307,137836,118267,103412694,137836
34dd41b53208888f,82740,67824695,138803,82711,67835208,138803,82690,67839128,138803
34f67d8a0e971efa,65729,50741595,140398,65744,50752423,140398,65725,50755045,140398
34fdcde3615b45ed,65577,50589468,129943,65623,50633089,129943,65603,50627677,129943
350665b943515473,100356,85442394,131342,100330,85453181,131342,100312,85452317,131342
3537f86bb9d6872c,43643,28724068,138687,43618,28734968,138687,43596,28735416,138687
3539f946aa4e33f4,86747,71841220,137698,86707,71851795,137698,86692,71851965,137698
35441cf8a6fdf1a8,83151,68244716,139739,83106,68255082,139739,83090,68255593,139739
35488e2097bed173,112545,97624186,140363,112508,97634774,140363,112494,97635150,140363
357b7951a99e2fb1,20880,5964088,137428,20844,5974121,137428,20831,5974520,137428
358fb446c9c0a3e3,95623,80704974,138483,95590,80715484,138483,95575,80715909,138483
359a2c6ad494158e,114629,99770025,354405,114637,99799408,354445,114621,99800081,354445
35bd7a5a451427bc,113882,98965815,140066,113849,98980224,140066,113826,98976761,140066
35e1d315d8d3abba,57762,42844224,138148,57730,42854828,138148,57715,42857974,138148
35eff872871cd674,80384,65481112,137788,80332,65491875,137788,80322,65492059,137788
36049146cc954b0a,30727,15820291,137747,30687,15832002,137747,30667,15832080,137747
36062fbcb1bc7837,40316,25400668,138242,40268,25410661,138242,40245,25411064,138242
360da9474c50e09e,21343,6423883,137255,21310,6434152,137255,21296,6434572,137255
3610060c444086cf,83813,68861678,129634,83827,68873533,129634,83799,68871136,129634
3636a0d1bff48ecf,34383,19463572,137715,34339,19474497,137715,34323,19474906,137715
3668b60740a7a3e1,47049,32160899,138288,47012,32171967,138288,46997,32171835,138288
3674e045d0d9e86d,98783,83865019,139033,98754,83878054,139033,98735,83875938,139033
367cc4ecca83738e,42072,27121299,130488,42063,27131137,130488,42045,27131570,130488
3690e5cad4d5c614,34110,19178959,128954,34106,19188993,128954,34089,19189228,128954
36e3a5dbd97ed3c8,15861,943501,138122,15825,953530,138122,15814,953912,138122
36ee2ea615a0f917,107553,92641693,138782,107520,92652163,138782,107505,92655067,138782
3703135bcc026ac2,24729,9819302,131588,24689,9829706,131588,24674,9829916,131588
37077d53afba27d1,112111,97203053,131309,112068,97213289,131309,112054,97213554,131309
37259d7d9385fd15,53795,38901489,141891,53758,38912682,141891,53742,38913047,141891
37304d404486d7e0,55907,40985104,137817,55872,40995162,137817,55857,40995537,137817
3749f6ed6420a739,32410,17447573,156214,32370,17459513,156214,32355,17459898,156214
3763ff99ae36f271,58427,43540905,137525,58394,43555083,137525,58377,43550791,137525
3773544dc5a42e03,48977,34080461,136991,48931,34090267,136991,48919,34095182,136991
37741882f6b28066,102721,87780684,132527,102767,87863815,132527,102738,87790302,132527
37a86154bbdba8be,55526,40601011,139775,55477,40612929,139775,55460,40611837,139775
37b83d1c16036815,91407,76501452,139349,91366,76513243,139349,91351,76513203,139349
37c579d2bdf9f661,100984,86019390,139693,101000,86029446,139693,100985,86031650,139693
37d82e4389e13b05,82901,67984172,137280,82869,67994257,137280,82844,67997022,137280
380a8c12d1b3aa66,89133,74224073,155128,89100,74235969,155128,89087,74243306,155128
380f93e5d75a3008,88431,73460249,132280,88421,73470115,132280,88407,73470459,132280
3819588f1303835c,61804,46884070,139161,61771,46894080,139161,61756,46896625,139161
383ee023a030770b,117826,102905787,139990,117788,102915750,139990,117773,102919766,139990
38416a04fc852601,49507,34600591,137229,49466,34610786,137229,49456,34615999,137229
3893232a07415f3b,102341,87421932,139642,102306,87435383,139642,102291,87433177,139642
389b4dba47ee05bf,31003,16103864,137967,30972,16114258,137967,30951,16114711,137967
38b8d729359a3c06,92680,77763956,140621,92628,77776659,140621,92603,77773942,140621
38bb0d357152a22d,77383,62452796,137972,77378,62463306,137972,77363,62463708,137972
39121f07104e9f0c,48458,33519343,129716,48460,33532438,129716,48445,33529031,129716
3912ab89f5686344,55499,40564223,137142,55458,40574472,137142,55441,40574850,137142
391ce80676a9d6a8,79334,64441194,138351,79293,64453049,138351,79278,64452150,138351
3977135f40d8d06e,46751,31821468,129886,46742,31831435,129886,46725,31831172,129886
39aee52ac402bb69,71129,56221081,138614,71099,56231605,138614,71076,56231837,138614
39d9d2a5c9c2ecd7,57582,42692464,138736,57544,42702791,138736,57533,42703044,138736
39dbd5f8f9a384b8,80086,65161300,137761,80098,65175824,137761,80070,65173962,137761
39dce064278233cb,112448,97522801,131472,112413,97534476,131472,112397,97532394,131472
39e1efb6087d130f,65997,51064377,138008,65916,51077095,138008,65901,51074678,138008
3a0ddfbc61b5d55a,40837,25924164,137364,40801,25934828,137364,40789,25935137,137364
3a0ef01f2a732036,79613,64701186,138614,79580,64712767,138614,79565,64714286,138614
3a2a8247e3b5b5c0,52805,37901302,139540,52755,37912230,139540,52740,37912590,139540
3a5435b2b794c9ed,86005,71084423,136707,85978,71097816,136707,85973,71094516,136707
3a5e24a755c3c2cd,75967,61081140,138049,75933,61092012,138049,75918,61092316,138049
3a678506fc84b4a4,109916,95021827,139419,109876,95032078,139419,109861,95032438,139419
3a71ac632c733d90,96589,81681604,139426,96535,81695186,139426,96518,81691971,139426
3a8d1c6ba14ab777,46532,31599150,129411,46547,31613254,129411,46529,31608768,129411
3a9f81e72980d472,55328,40361852,130885,55341,40374627,130885,55323,40372443,130885
3aba590cfc09897e,40933,26020799,139059,40894,26031183,139059,40883,26031536,139059
3acaec47f01fc8e9,74695,59801542,138536,74658,59814179,138536,74644,59811600,138536
3ad1f8c92a4d0da5,77785,62905961,120844,77818,62915375,120844,77803,62920497,120844
3ade67f57b726396,65700,50701748,130156,65723,50712336,130156,65703,50714947,130156
3ae27ab98c2f5615,71838,56939778,130661,71793,56953632,130661,71778,56949260,130661
3af472f199d2bdda,59853,44941039,139634,59820,44958242,139634,59810,44952225,139634
3b126a6e64025bc8,40772,25860800,138491,40738,25871295,138491,40725,25871519,138491
3b13063c506e954b,69713,54779893,130909,69686,54793118,130909,69671,54789955,130909
3b16683bf7e851e7,105113,90200273,131250,105066,90215673,131250,105051,90210086,131250
3b282e0e15259cf5,67960,53060974,138007,67912,53071660,138007,67897,53071891,138007
3b2d0a50d0007135,44656,29703129,140240,44663,29714100,140240,44659,29714370,140240
3b2db4fef577161d,56381,41479510,129676,56331,41489855,129676,56325,41490128,129676
3b33ea2413202b53,45339,30422825,138543,45308,30432602,138543,45290,30435009,138543
3b48c1afd7e6da9f,75116,60224108,103368,,,,75119,60251459,103368
3b56aa33eb915846,41951,26999431,130192,41964,27009167,130192,41945,27009586,130192
3b6a5caf7879a7a9,72673,57781201,138542,72638,57791932,138542,72623,57792094,138542
3bb29d045827a279,107714,92801514,137605,107678,92813925,137605,107663,92811318,137605
3bc8090627e5b502,39441,24520309,136144,39407,24530297,136144,39395,24530727,136144
3c310d49c3a51b83,70381,55464585,138414,70345,55478740,138414,70330,55475192,138414
3c39cebaa0bbb39c,89573,74680428,132149,89531,74690399,132149,89516,74690729,132149
3c3b882d596564ec,109107,94205035,137203,109065,94214994,137203,109050,94218236,137203
3c45d894345e5f22,39801,24856802,129592,39840,24877738,129592,39805,24867415,129592
3c4b6629aac319b8,29529,14592404,113366,29573,14611171,113366,29533,14604459,113366
3c56a80c96552d40,51052,36161104,139641,51020,36173290,139641,51000,36170871,139641
3c6f0f6ab0d27a80,22080,7140331,137441,22061,7151642,137441,22047,7151876,137441
3c79e393626992a8,86622,71704013,136374,86587,71714525,136374,86572,71717363,136374
3c7ba130f43ce563,84729,69821316,138955,84697,69832404,138955,84682,69832593,138955
3c8a07dcb77d8593,85227,70341398,139338,85193,70352983,139338,85181,70353244,139338
3ca607984cc89e1f,32917,18002823,151548,32893,18014866,151548,32870,18017723,151548
3caa2d538a226b94,85849,70921027,136547,85834,70934351,136547,85831,70931296,136547
3d112a8e5b437a9f,54733,39819879,132606,54690,39835120,132606,54675,39829977,132606
3d2897dd21588e95,111922,97003967,130451,111887,97013774,130451,111872,97014085,130451
3d33070901b532c0,44688,29740597,137108,44691,29750760,137108,44686,29751054,137108
3d629fdb85edc604,15360,460104,136786,15315,469782,136786,15300,473027,136786
3d680d61ba118975,106909,91984263,140669,106892,91995057,140669,106876,91995323,140669
3d755b7647e39344,54820,39919931,130523,54771,39930157,130523,54756,39930479,130523
3d7a8325e2c3a10b,40202,25279508,130534,40183,25289603,130534,40156,25289916,130534
3d7ae68d7c32d772,114597,99680912,133609,114567,99691526,133609,114546,99691793,133609
3d7c74469062d887,62151,47247400,155732,62104,47258584,155732,62089,47259048,155732
3da2c5c8ea94c46e,99569,84645075,139307,99533,84658214,139307,99521,84655603,139307
3dbbe114c3952df1,81468,66561421,137547,81439,66571728,137547,81422,66572050,137547
3dc8dbf88acd2de3,73367,58440130,132676,73364,58450408,132676,73350,58450662,132676
3dd425d528c10be1,113946,99025060,138745,113911,99038321,138745,113888,99035530,138745
3de191f563d40907,94234,79300298,131394,94226,79310440,131394,94211,79310799,131394
3de28838dd4dfd8e,84357,69461186,137748,84312,69471728,137748,84297,69471956,137748
3de9bc77cfc0a40f,84665,69744076,138018,84635,69754799,138018,84620,69755135,138018
3e0555fa0e9dc1ad,42746,27731595,129267,42786,27791418,129267,42757,27746640,129267
3e157a249c1109e0,94810,79921533,139181,94778,79934515,139181,94763,79932108,139181
3e2164dace0e0fd4,18650,3760319,137118,18612,3771200,137118,18597,3771576,137118
3e4e2a062b6d2b89,29167,14243309,136240,29133,14253705,136240,29123,14254077,136240
3e5ab14b169f946e,60352,45460957,138261,60336,45476850,138261,60297,45471422,138261
3e5bba0e54ed46b0,58053,43141026,139149,58016,43153934,139149,58001,43151686,139149
3e870bbc48a43a29,97117,82212963,139353,97080,82223933,139353,97064,82224277,139353
3eb200377e803000,107456,92541670,138778,107423,92554330,138778,107408,92552296,138778
3ecd4b921fb201ea,80265,65344189,137495,80238,65354850,137495,80215,65360332,137495
3edf282986dbdcab,69402,54459639,130164,69406,54474997,130164,69391,54469721,130164
3eef5cbcc4444dde,51744,36844611,138516,51710,36854994,138516,51694,36857878,138516
3efd2e30d8961621,69467,54519800,130954,69468,54530261,130954,69454,54530577,130954
3f22059108a7b421,53047,38161237,138909,53012,38171835,138909,52997,38172106,138909
3f26a0ac9d006309,103299,88402029,140066,103253,88412126,140066,103238,88412545,140066
3f2efff16d28c5ea,48329,33409326,132995,48333,33420016,132995,48319,33420247,132995
3f3bd169aa35e57b,71408,56480067,132581,71399,56490376,132581,71404,56490797,132581
3faa53e38500af3f,26588,11679997,136064,26558,11695912,136064,26538,11690235,136064
3fd3d9aafe28ffb8,67035,52140864,137212,66996,52151186,137212,66981,52151453,137212
3fdaa4ca6fa31a18,97456,82562109,137551,97418,82572236,137551,97403,82572544,137551
3fde013d2f05419a,100764,85819521,133095,100806,85829907,133095,100792,85830112,133095
3fe7bb3feeef0b9b,33805,18912257,97869,33811,18933773,97869,33795,18934698,97869
3fef6a95b07e1936,20975,6063386,138109,20935,6073360,138109,20923,6073833,138109
400bf5adb39a8e23,79273,64364571,139319,79226,64374958,139319,79212,64375303,139319
4044d7abf4c28990,78389,63461092,137192,78328,63471899,137192,78313,63472019,137192
40658bfe2d4dfe09,91281,76364610,142106,91244,76375539,142106,91229,76375926,142106
406ae262c153351f,24599,9689110,153790,24564,9700494,153790,24550,9705805,153790
406ed358c807a4f9,103416,88501519,138744,103356,88515553,138744,103341,88511576,138744
40865608b54a0c5d,67872,52961486,141124,67825,52972448,141124,67811,52972698,141124
40873076e8748847,112265,97362809,131527,112231,97375132,131527,112210,97372622,131527
4087f6840d990b6f,23089,8183658,137123,23045,8194284,137123,23029,8194390,137123
408d5c4543ce4e58,105200,90301807,137651,105155,90316609,137651,105138,90312456,137651
4096f091a8353389,74573,59681034,136882,74532,59693527,136882,74519,59694493,136882
40c01869e7f02f00,71471,56539757,129880,71460,56549478,129880,71464,56549847,129880
40c3ca26ae1795e0,85623,70702860,127873,85613,70725316,127873,85611,70724532,127873
40cb9e17426a0ffe,29721,14779144,129615,29752,14789206,129615,29714,14789534,129615
40d5b9f0f5c402de,48241,33370131,361712,48239,33402556,361752,48224,33403516,361752
40dbc32a708c4d77,107331,92442427,137939,107294,92453013,137939,107283,92453308,137939
40e97080e8e7425b,116394,101481846,138846,116364,101492250,138846,116348,101492746,138846
4119bf25f08f1c42,86685,71764724,139222,86648,71775601,139222,86633,71775842,139222
4119cc61d83a1b39,83213,68321262,138453,83173,68332325,138453,83158,68332357,138453
413c6f9ef13fb324,39991,25041742,131056,40015,25051678,131056,39982,25051949,131056
415ef1e96009f127,92447,77502638,132277,92430,77514027,132277,92415,77512022,132277
41600e2495530185,51143,36224032,138192,51116,36236999,138192,51095,36234238,138192
4161d7270958ab6d,23524,8656047,400728,23525,8692072,400768,23510,8688782,400768
416237662f810277,111761,96860175,179261,111728,96873274,179261,111713,96879826,179261
417ce295c12ebaf3,92261,77320456,132853,92266,77331865,132853,92251,77331454,132853
417d62edf5afa4b2,16633,1724091,139885,16584,1734886,139885,16569,1738915,139885
41aca7e28bf50a5e,90751,75840296,133280,90702,75850826,133280,90687,75851269,133280
41e157c0d96dd623,65972,51041089,137690,65900,51052446,137690,65883,51052579,137690
41e55a3335261349,77655,62740903,136684,77610,62755994,136684,77595,62754279,136684
420495b03b2cf511,50229,35336860,102734,50230,35360770,102734,50208,35354008,102734
420a3e17d528ef6b,22282,7363980,139146,22217,7376958,139146,22202,7373970,139146
4238588c64c30667,21803,6842569,130684,21822,6852493,130684,21808,6852792,130684
423ab4eda5491d5d,47927,33040689,137363,47895,33055808,137363,47877,33050913,137363
424a439ea3526f97,74356,59445018,139428,74318,59454739,139428,74303,59457560,139428
4281e9d04706ba81,76687,61801369,138460,76653,61812186,138460,76638,61812303,138460
42909b86e9c2c203,45436,30520827,137564,45404,30530910,137564,45386,30531266,137564
4293a52a1415da09,111825,96913826,137520,111792,96924412,137520,111777,96924534,137520
4298abbc5c3d69e4,28089,13180159,136424,28039,13190656,136424,28025,13195661,136424
42a522df282b485a,118195,103300686,131923,118158,103311217,131923,118147,103311586,131923
42e627256d4f20b2,89199,74281456,139040,89164,74294682,139040,89151,74292991,139040
43229769da763c07,113296,98380409,131213,113271,98390752,131213,113238,98390866,131213
43497c278218ff44,78497,63584179,137395,78441,63594287,137395,78426,63594695,137395
434c4fb2617e0cd1,96926,82010790,153904,96894,82022546,153904,96878,82023031,153904
4396ff1bd73cf3a5,104813,89862554,131522,104814,89872097,131522,104799,89872398,131522
43c0e6e31efd9392,66248,51360701,136421,66215,51371306,136421,66200,51371539,136421
43e6fe0cda6aedfc,116329,101405372,139745,116300,101415787,139745,116284,101416169,139745
44606688d468626b,53265,38346146,143945,53231,38357587,143945,53216,38357934,143945
4465dc3dd8fd862d,95818,80901630,138982,95784,80915285,138982,95769,80911888,138982
4485ebeeafd5b6fb,78335,63384487,137917,78290,63397881,137917,78274,63395023,137917
44908ccc0002cfd2,27600,12659299,130970,27617,12669365,130970,27603,12669733,130970
4495c9dfc5beb4a2,60924,45979528,130716,60957,46053686,130716,60932,45990144,130716
449dfaea5e1833f0,71658,56739761,131017,71629,56749703,131017,71629,56750009,131017
44a55cd023095894,92476,77540457,132838,92454,77552086,132838,92439,77549744,132838
44a61b4a1d771437,60107,45200992,138931,60090,45249433,138931,60056,45212099,138931
44bca79ab736dcc0,27664,12718826,128735,27679,12729109,128735,27665,12729493,128735
44d82b12a1c81981,35913,20961011,128998,35945,21040518,128998,35918,20971105,128998
44ecca4c9e7c59c0,34742,19823491,137350,34714,19833368,137350,34692,19833860,137350
44efa00151d31ba3,79928,64982133,131129,79960,64997160,131129,79930,64992647,131129
44f46f6752c72938,63957,49040907,137211,63921,49051528,137211,63904,49052126,137211
4513ea5bb6e1f9a3,35251,20343589,137615,35210,20354384,137615,35202,20354775,137615
4551e47a1920b35a,34470,19563455,136677,34427,19573954,136677,34407,19574249,136677
4555998e8032a5bd,49348,34440862,138549,49313,34455402,138549,49303,34451235,138549
458792da1a28a682,91344,76441575,138328,91305,76452648,138328,91291,76452821,138328
45a6cd466633f5cd,46370,31450327,131275,46389,31546240,131364,46371,31543209,131364
45bc96cbe56705f8,31487,16551461,114281,31508,16565669,114281,31494,16561435,114281
45bd52644a7bd770,105229,90325321,139190,105189,90336617,139190,105170,90336967,139190
45c48674bbb377e4,39100,24200819,138941,39056,24211708,138941,39041,24216727,138941
45f8c4e2b3684028,113025,98083123,131882,113053,98092997,131882,113007,98093291,131882
46254108bcfade51,111954,97040598,132470,111918,97050362,132470,111903,97050698,132470
4630aae8a682fac2,119964,105061682,137723,119916,105072171,137723,119901,105072441,137723
463f728ea7647565,84002,69064865,138435,83998,69078369,138435,83971,69075471,138435
4667cc42c8edc44e,91375,76464886,138287,91335,76474900,138287,91320,76477852,138287
46737117040b5240,53200,38280799,138069,53167,38291029,138069,53153,38291409,138069
46938fe97f3dfd87,104358,89442341,140137,104329,89455211,140137,104314,89455049,140137
46a9b617612087b4,59512,44604454,139624,59469,44618669,139624,59449,44615335,139624
46af252767b3b730,87968,73051905,139176,87967,73062860,139176,87935,73063146,139176
46b7066e6ca3e38b,23395,8480257,137138,23364,8490978,137138,23348,8491186,137138
46c424ccd660b732,80688,65767068,153187,80656,65779845,153187,80641,65779687,153187
46cbf7bc20c4cfd2,39223,24323737,138119,39184,24333964,138119,39169,24336769,138119
46cd947b71775da9,38503,23603698,138182,38462,23614446,138182,38452,23614903,138182
46d112523152bd01,107618,92704185,131966,107584,92713995,131966,107569,92717208,131966
46d7ea24e2476adc,34015,19078985,129087,34018,19089442,129087,34001,19089620,129087
46ecbeb8648a7254,86308,71421406,137885,86273,71432840,137885,86258,71433047,137885
4708af1d1476d079,54791,39877648,130614,54737,39887364,130614,54722,39887738,130614
47111f08ce5dfce8,80023,65083405,139640,80045,65093619,139640,80015,65096586,139640
474e4348a5f0dc01,101522,86602833,132451,101488,86612719,132451,101476,86613038,132451
4752ec20a90ba623,72990,58081230,139404,72956,58092025,139404,72941,58097211,139404
47530f27442151db,64825,49881731,130825,64820,49891474,130825,64805,49891711,130825
476d4b336d98909e,85011,70104064,135698,84966,70114004,135698,84950,70114567,135698
4772300664d0a3c5,82311,67401029,136793,82257,67414522,136793,82242,67412050,136793
4787956508edfe69,27534,12611993,112734,27552,12625476,112734,27538,12625019,112734
47d6fc4a24a27533,45563,30661044,138800,45527,30675730,138800,45509,30674096,138800
4829837aee7689dc,105142,90224174,141574,105090,90237407,141574,105074,90234751,141574
482b3644dc13a382,99697,84781712,139053,99659,84792149,139053,99648,84792435,139053
48513211fa908c4e,107149,92245040,136787,107106,92255634,136787,107090,92255974,136787
485e4164fa3647a0,41557,26640477,136996,41527,26650718,136996,41507,26653518,136996
4876851383398af3,105055,90122884,132413,105020,90135024,132413,105005,90132780,132413
48baef9ea2fe31f1,103642,88723900,131792,103609,88733725,131792,103595,88734098,131792
48f7b4591aa1ee58,97769,82860318,131858,97737,82874273,131858,97718,82869965,131858
4926c4e36b46d9a3,25831,10899502,130911,25845,10909992,130911,25826,10910386,130911
49351030fc76a2fc,21131,6223394,137376,21083,6233619,137376,21070,6236529,137376
4935b532c53aeac5,21960,7020876,139753,21963,7031635,139753,21949,7032033,139753
493df6c84f868420,58580,43661033,139090,58550,43674043,139090,58531,43671602,139090
496d0b0d7f5897ae,91184,76265079,139631,91149,76275552,139631,91135,76275959,139631
49938d9216a41662,52921,38021046,138958,52877,38031883,138958,52858,38032219,138958
49b00cf730325173,34142,19200830,129542,34134,19210912,129542,34118,19211191,129542
49e6c34c779bca91,84152,69224365,137146,84122,69234278,137146,84099,69234768,137146
49fbfa01280e7046,37024,22103930,138475,36992,22114447,138475,36978,22114801,138475
4a3f854cd514b7ad,32646,17740435,137174,32591,17750443,137174,32576,17750832,137174
4a675a626e007483,102438,87520616,132609,102401,87530402,132609,102385,87530809,132609
4a6b87bd9468ca26,56288,41379688,130780,56243,41389743,130780,56228,41392529,130780
4a802be655751768,70752,55861176,138819,70716,55872913,138819,70707,55872470,138819
4aa1a3626a16aecd,38817,23900661,138390,38784,23911217,138390,38769,23911592,138390
4aa7684d7f6e4e4b,58271,43364328,139393,58223,43374818,139393,58208,43375157,139393
4aaae8ed41c9ae46,75423,60482913,133990,75435,60493335,133990,75414,60496050,133990
4aaf4bf5ee777359,92068,77148205,131406,92080,77158116,131406,92065,77163290,131406
4ac577ae77f46fb7,72273,57360272,133904,72236,57370639,133904,72221,57370982,133904
4ad252314277924c,112017,97102521,131631,111979,97112748,131631,111964,97112993,131631
4ad3297eb87e4a3d,100444,85522376,129950,100397,85531708,129950,100379,85534254,129950
4aedacf3347e9ef7,111492,96585707,139659,111442,96595780,139659,111428,96598735,139659
4af08843d5d9f2f3,51208,36300967,139282,51181,36317155,139282,51160,36311453,139282
4af7e1f2abf7b78e,68802,53901334,139048,68758,53913743,139048,68743,53914335,139048
4afd960826a1452f,97705,82801721,138201,97674,82812559,138201,97655,82812843,138201
4afe112a0e32e600,113624,98705339,139153,113595,98716233,139153,113575,98716462,139153
4afe39441cd04148,37936,22981080,130301,37946,22990491,130301,37947,22990871,130301
4b298bc068da2b2f,60892,45948497,130462,60927,46052795,130462,60901,45962450,130462
4b4777fb9d6b80a7,57612,42721039,139390,57574,42737267,139390,57563,42737378,139390
4b4bae06277539bb,32592,17680315,137007,32534,17694976,137007,32516,17690431,137007
4b61e002869c8ddd,65841,50864261,137697,65819,50874654,137697,65801,50874946,137697
4b63add10754f691,103861,88961422,137952,103829,88977537,137952,103814,88971842,137952
4b698bbf0ee23afc,67443,52499862,131306,67445,52509671,131306,67431,52509972,131306
4b6c058976b567c9,67220,52305021,138979,67187,52315345,138979,67172,52315691,138979
4b82482066e77d96,24887,9981062,141184,24839,9991760,141184,24823,9992049,141184
4bb8fd4689bca78a,95971,81051734,130629,95971,81062594,130629,95956,81062635,130629
4bc56c217ea3d8d6,72764,57844647,138262,72731,57858966,138262,72717,57855730,138262
4bc93f6d8f5692b4,83845,68899792,130036,83856,68911675,130036,83829,68909402,130036
4bea0375569192bd,27973,13041320,130558,27948,13051450,130558,27933,13051689,130558
4bf1cd0ce7db6a31,22583,7675224,158844,22554,7693757,158844,22538,7687186,158844
4bfbb9ef49b55b13,58209,43304896,139338,58165,43315631,139338,58150,43315894,139338
4c1ad9471622c684,21569,6715386,399344,21586,6749593,399384,21571,6750637,399384
4c37a1b72931c319,39736,24812743,113838,39776,24855882,113838,39741,24825407,113838
4c5309be65f72a0d,119995,105101775,138461,,,,,,
4c55827c6ef92749,59395,44481042,138982,59348,44492333,138982,59334,44492296,138982
4c65877d2d357412,35000,20083363,135625,34966,20093215,135625,34945,20093565,135625
4c68669c02871a98,74782,59864380,138448,74754,59875198,138448,74735,59875370,138448
4c70061e9fec1b26,104967,90023071,132786,104948,90033017,132786,104933,90033346,132786
4cb1d1f23feeab26,45098,30199493,130758,45050,30209611,130758,45035,30209834,130758
4cb30ed183dff94e,96471,81561467,137832,96429,81575662,137832,96414,81575714,137832
4cb8b04790325c87,52347,37399642,130956,52356,37409222,130956,52341,37409669,130956
4cd4e172de0fa71e,76970,62057283,136804,76935,62067608,136804,76920,62072710,136804
4ce1ea640484a401,114192,99285333,140171,114143,99295469,140171,114136,99298229,140171
4ceec1b9f631df38,59187,44241891,131705,59174,44251680,131705,59160,44251982,131705
4cf068685ee5b742,82340,67441092,136986,82295,67455993,136986,82277,67451202,136986
4cf2e21a2d3e2528,70413,55501291,139013,70376,55515035,139013,70361,55511795,139013
4d03e61f1f2721ec,31520,16573432,130092,31540,16587844,130092,31526,16583196,130092
4d186123ad50e62c,35312,20420496,138166,35272,20431796,138166,35263,20432059,138166
4d2244b9d9dc9868,71897,57001772,141675,71856,57012058,141675,71838,57012335,141675
4d2d95716602afa0,29874,14938863,128600,29878,14948953,128600,29844,14949223,128600
4d4cbe9c64a00103,47169,32280632,137013,47135,32290478,137013,47120,32293106,137013
4d5b9ba2f7550a43,94450,79522418,132318,94419,79532301,132318,94404,79532637,132318
4d6cd3f4b5697fc8,26218,11320391,138017,26174,11335126,138017,26157,11330959,138017
4d70d223f3eaf371,89542,74640288,131811,89492,74649807,131811,89480,74651792,131811
4d9160f006e6bc01,54982,40060725,116089,55041,40151752,116089,55022,40070879,116089
4da46d243d0abcb8,26395,11480388,137460,26366,11491909,137460,26347,11492217,137460
4dab6c8924665713,75328,60382549,131687,75348,60392792,131687,75327,60393455,131687
4dae2cac5e8dfe48,57006,42059485,130526,57008,42069424,130526,57010,42071589,130526
4dbfae06db00bd6f,37905,22959051,129252,37917,22968587,129252,37918,22971964,129252
4dc6fd6284552d88,66662,51742009,131833,66627,51754379,131833,66612,51752752,131833
4dcc14660684b1fb,47489,32580488,137078,47448,32591472,137078,47433,32591552,137078
4dd694fe4727b9fa,102154,87261470,138313,102120,87273844,138313,102105,87274055,138313
4de19909bfbb60e0,48617,33691984,137308,48607,33702840,137308,48593,33702437,137308
4decd5c1e6d8e870,16721,1824230,139245,16685,1834811,139245,16670,1836953,139245
4df9c03998fb767f,74664,59764768,138695,74627,59777919,138695,74613,59775005,138695
4e22c01319e7f0e0,76873,61961119,137591,76840,61971723,137591,76825,61971958,137591
4e488b9d538fdd2d,89102,74184072,151568,89068,74195237,151568,89055,74199344,151568
4e4b43005159032e,43579,28661540,139270,43556,28674275,139270,43534,28671802,139270
4e566c7add738061,72081,57161003,138059,72048,57171352,138059,72034,57171728,138059
4e6b1678831115b5,114889,99941229,131793,114898,99951267,131793,114883,99951454,131793
4e72e3e4395e00e1,95568,80681586,138371,95533,80692576,138371,95518,80692581,138371
4e78b96f5a0cea11,16691,1800751,140411,16653,1812331,140411,16637,1812331,140411
4ee28324773695f9,115046,100102778,131971,115038,100112908,131971,115024,100113280,131971
4ef50337ecfd3b80,44382,29489665,99130,44401,29509831,99130,44398,29527523,99130
4ef93c8f66067baa,76593,61701238,139176,76553,61712502,139176,76538,61712615,139176
4efb885fe3386e2b,91841,76920518,132890,91810,76933964,132890,91791,76930629,132890
4f00395c80723abe,18449,3518741,129464,18411,3528197,129464,18397,3528611,129464
4f0aa91838977f7e,92828,77940681,132671,92792,77951269,132671,92777,77951510,132671
4f0bc04f8f5f22ab,40022,25079364,130791,40042,25091700,130791,40010,25088946,130791
4f10bacbd712b904,97640,82725089,139035,97610,82735855,139035,97591,82736294,139035
4f2b28a42647d781,100176,85240310,131763,100186,85251496,131763,100167,85251636,131763
4f435822c7f0285e,47139,32243870,136815,47105,32253849,136815,47090,32256192,136815
4f46bb87b5157f92,113057,98120694,132527,113081,98131221,132527,113035,98131108,132527
4f83e5d0b2c9031f,112801,97871857,132867,112844,98001627,132867,112794,97885345,132867
4f8b58e5e9929944,28414,13500236,136606,28386,13510559,136606,28366,13510963,136606
4f9338cd74514b9e,100797,85841725,131566,100837,85855176,131566,100823,85854658,131566
4f96a60a6b245481,82012,67081218,138343,82004,67091629,138343,81990,67097520,138343
4facc02c687de337,30135,15223748,138262,30084,15234214,138262,30069,15234774,138262
4fbef0612e798706,30163,15260530,137880,30112,15270794,137880,30097,15271116,137880
4fc23beb48f19a33,68078,53184553,137547,68049,53197692,137547,68030,53195002,137547
4fc4ddd528c2a058,31034,16140523,137522,31003,16151526,137522,30982,16151943,137522
502cd4e5325a9984,58773,43909315,353484,58774,43936062,353524,58759,43937932,353524
503472e1ed98bbbe,61901,46984065,137801,61865,46994120,137801,61851,46994508,137801
50407ca527c2c76c,86932,72041851,140854,86896,72056889,140854,86878,72052101,140854
505219f7d0e6c7c8,111033,96037647,95909,111060,96046007,95909,111045,96046018,95909
5070a61596da3918,21162,6260431,137924,21112,6270998,137924,21099,6273679,137924
509978b3141bcf17,57957,43040683,131900,57923,43052996,131900,57908,43050271,131900
509aa792cd0a8e65,88401,73437603,117022,88397,73446777,117022,88383,73447042,117022
50a14353d8d3b71f,40996,26083642,138514,40954,26094741,138514,40944,26094815,138514
50bdd818e3364ae4,90140,75204678,117029,90150,75218663,117029,90135,75213786,117029
50c53e26c53f7a6b,93608,78721771,139570,93577,78737494,139570,93558,78732198,139570
50c982065e909fab,96321,81384968,138776,96302,81395273,138776,96286,81398012,138776
50d5007d0d81171f,22368,7463495,137462,22328,7474127,137462,22308,7474558,137462
50eb6c5cfe1d6024,67005,52104482,138121,66966,52114869,138121,66951,52115328,138121
5104b61514bfe4a1,66403,51484230,138385,66372,51494641,138385,66358,51494961,138385
510cbba57c2ac07b,43770,28860610,137866,43739,28873846,137866,43718,28870750,137866
511010281dd43dd8,85072,70181509,138253,85033,70192024,138253,85022,70197646,138253
512261bba8f14bbc,116490,101582053,139637,116459,101592846,139637,116443,101593119,139637
51334a83f6a17ef7,42043,27099246,129759,42040,27109691,129759,42022,27109960,129759
513ddb4babfea841,72178,57264310,157273,72144,57275698,157273,72129,57276135,157273
514ad82abe4d28c1,78416,63484144,136258,78348,63494227,136258,78332,63494609,136258
5166f6386828fb66,22776,7860211,136994,22744,7870538,136994,22727,7870863,136994
517ba7a93165d46c,67410,52467197,130656,67412,52477117,130656,67399,52477486,130656
5183b7ff86dcd121,104781,89840367,131593,104785,89854706,131593,104770,89850285,131593
5188c3d8680a883b,47585,32680413,136804,47539,32691685,136804,47524,32691901,136804
51ca441cd69b665c,67755,52822156,130898,67728,52832376,130898,67714,52832583,130898
51d0eaa1444ba15c,17688,2780794,139774,17655,2791632,139774,17640,2791953,139774
51ecc6f8ee9da61c,18020,3076651,129818,18042,3086321,129818,18028,3091182,129818
51eedba840e41d14,71375,56441989,131347,71368,56452473,131347,71373,56452661,131347
52528784bad79ff7,59217,44279794,131450,59201,44289279,131450,59187,44289750,131450
525ebd65fb04aad4,76532,61624571,137442,76491,61637654,137442,76470,61634885,137442
5261395aa7a948dd,73399,58462207,131004,73395,58471957,131004,73380,58472346,131004
526864a288febf42,29594,14638836,128358,29636,14648085,128358,29595,14650549,128358
52896c0a8dad6c66,27245,12323684,137835,27211,12334067,137835,27194,12334483,137835
529176830e357db5,104936,90000694,133287,104922,90011458,133287,104907,90011329,133287
52b384d91af1e94e,99041,84125291,140211,99010,84138003,140211,98991,84135329,140211
52bc10e02dbaf305,46187,31280654,136664,46150,31291912,136664,46134,31292232,136664
52d670ba7100ee0d,117666,102748396,138883,117633,102760041,138883,117618,102760013,138883
52e7f3f59d1149c7,26684,11780755,138620,26651,11794978,138620,26632,11790901,138620
52f103c76f0a0fea,38358,23443877,136740,38300,23454078,136740,38292,23454488,136740
531450858bed1c21,103093,88180898,133784,103075,88191842,133784,103052,88191512,133784
53185e52e43353d8,59571,44681075,139454,59533,44692253,139454,59518,44692510,139454
535360b39f2feb7c,89037,74124137,154300,89004,74135813,154300,88991,74141214,154300
535b16054de3d0af,82252,67341101,137456,82208,67352020,137456,82193,67352316,137456
536d32399ed858ea,110198,95282057,140151,110164,95292711,140151,110149,95292816,140151
536e2cbca084347c,101970,87061909,138248,101925,87072804,138248,101913,87073103,138248
53795cb62af14627,104620,89688795,133362,104631,89703891,133362,104616,89698579,133362
53949a4060d35766,106004,91105145,138913,105967,91115332,138913,105952,91115810,138913
539d41323c2e6cd8,38785,23863672,138186,38753,23874231,138186,38738,23874609,138186
53bc4d15a231edb3,41274,26380484,137641,41236,26391071,137641,41221,26391430,137641
53db9bd025dc3356,57377,42460657,136995,57341,42470873,136995,57337,42476212,136995
53dd4b1199a645c9,25639,10699159,131505,25666,10761451,131505,25646,10757045,131505
53e97eadb602093a,56099,41181913,131393,56062,41194850,131393,56047,41193875,131393
53efcd0769fd1728,94848,79961313,137662,94816,79976033,137662,94801,79971864,137662
544ad4de4c4319a8,85510,70600988,136910,85476,70611928,136910,85457,70611378,136910
547760abd7d13444,17473,2580552,139669,17436,2591246,139669,17421,2591498,139669
5478859ce05e643c,43135,28201224,130563,43056,28213996,130563,43041,28211047,130563
54793ba7166826db,24113,9201007,141978,24076,9217709,141978,24060,9214671,141978
5482f2ca93390566,15172,260210,137133,15132,270639,137133,15121,271106,137133
54832eb2973ff62b,99105,84201499,138511,99071,84212660,138511,99052,84213071,138511
548e832f1c9ad959,118821,103882564,130565,118829,103891983,130565,118813,103892357,130565
54b6ed6098df9996,29360,14443572,136954,29324,14453733,136954,29313,14456147,136954
54c0828b0ac2122f,24855,9941664,131832,24809,9952440,131832,24793,9952219,131832
54cbd1de96f5c5ba,39505,24583502,136616,39470,24595981,136616,39458,24593970,136616
54ccc322d7b1b3bf,93235,78323416,133795,93195,78335794,133795,93180,78333288,133795
54cd50d218a50283,116208,101321846,138857,116175,101335941,138857,116158,101335023,138857
54d071fb4e3b034f,117385,102485017,137741,117350,102495434,137741,117332,102495802,137741
54d9fb90a085fde7,77077,62184473,98963,77083,62203127,98963,77069,62203929,98963
54df2208b3c9c95d,51590,36684709,139511,51551,36697916,139511,51532,36695583,139511
5503707ebc539577,62653,47740850,137357,62611,47751174,137357,62601,47751547,137357
55058775a2a5ec45,33732,18820211,136472,33699,18831125,136472,33682,18831384,136472
55103de18f5975ea,67989,53084247,137380,67944,53095261,137380,67929,53095451,137380
5513b60c00f62d02,98486,83581731,139792,98434,83593190,139792,98420,83593443,139792
553389dfbd750a48,26902,12000394,137304,26858,12013627,137304,26840,12010859,137304
5553e1e5bd4204ef,56257,41342003,131803,56213,41351606,131803,56198,41354020,131803
55754732321cee71,20235,5283299,136907,20183,5293863,136907,20168,5294188,136907
557815e5b864eb6f,72460,57561606,141485,72414,57576775,141485,72400,57574391,141485
55c19237f1f7f768,65894,50941099,138612,65852,50952419,138612,65834,50952671,138612
55dcfdd52bb496d0,107521,92604979,138772,107488,92615783,138772,107473,92618425,138772
55ef7d787870d287,43086,28139656,131077,42990,28149035,131077,42975,28149417,131077
5601edeac1547f20,106970,92061672,137709,106945,92073327,137709,106929,92073153,137709
561a7fbabd87ea84,69016,54100953,138033,68982,54115737,138033,68969,54111504,138033
563c88e80f58c350,55939,41020949,138985,55904,41031365,138985,55889,41031699,138985
5663d3a5420aa93d,52057,37141171,140205,52019,37151686,140205,52009,37152039,140205
5688af6ab4f9ebb5,76808,61884898,138863,76776,61895184,138863,76761,61898296,138863
568f0b7b9bff4547,100829,85863936,131169,100866,85873884,131169,100852,85874202,131169
56a19b5900ab1f85,74880,59964457,138313,74852,59974826,138313,74832,59975301,138313
56a56675c2f3c284,74388,59480989,137818,74348,59492577,137818,74333,59491944,137818
56c455b413bd23f5,86216,71321308,138606,86173,71335954,138606,86160,71333993,138606
56cbbd5695f23496,91312,76401675,139659,91274,76412477,139659,91259,76412914,139659
56d0d83d26977ab8,47741,32840585,137489,47699,32851850,137489,47682,32857255,137489
56d6b5e11d647d23,46026,31101670,130866,45991,31111323,130866,45975,31111657,130866
56f16beef3ba33ae,51807,36921224,139147,51773,36932123,139147,51758,36932444,139147
570b1fb21d9866f5,52250,37327531,118541,52260,37339298,118541,52245,37336744,118541
575236194af8c497,118042,103141689,137463,117993,103152163,137463,117978,103152449,137463
576c6fea8b86109e,96352,81421555,138963,96329,81431580,138963,96313,81434462,138963
5778d05ac8ac5be9,75198,60266492,132402,75223,60349593,132402,75201,60279867,132402
579b9ab879f2e029,112768,97849411,133213,,,,112761,97872178,133213
57a2042e90cfe07c,21223,6324076,139108,21185,6334781,139108,21171,6335245,139108
57a52707d2232ee2,119159,104245494,138991,119122,104255695,138991,119106,104256141,138991
57c65e69d9c1db93,109762,94861767,139065,109718,94872902,139065,109703,94872980,139065
57c82baecce2b301,15546,660280,138261,15511,670279,138261,15499,674783,138261
57d93dd7322a7687,43296,28400536,137013,43252,28413139,137013,43236,28410320,137013
57dd0a39bd03e26e,83940,69001162,137769,83944,69012060,137769,83917,69012438,137769
57dd483e02926c05,31067,16180363,137650,31035,16191452,137650,31017,16191823,137650
5834b33255a4aa88,90547,75621593,138717,90520,75632896,138717,90505,75632358,138717
584f726199393da8,86590,71681005,135483,86555,71691645,135483,86541,71691999,135483
586d4654514a8f2c,89727,74840253,132045,89691,74850520,132045,89676,74850780,132045
58874145d89320c7,38213,23281393,138132,38186,23292079,138132,38182,23292363,138132
5895698ec057d9cf,40642,25727023,156633,40609,25740109,156633,40595,25739674,156633
58a5176f63e36bf5,67725,52800078,131372,67702,52810829,131372,67688,52810278,131372
58c755d4d6e942a5,34294,19361248,129744,34266,19371685,129744,34249,19371765,129744
58ca4cfa541569cf,101468,86580491,132654,101432,86590712,132654,101420,86594183,132654
58cc5e68c0764b0b,101074,86121603,139133,101067,86132403,139133,101053,86132596,139133
592d1b83e5444a6e,26778,11863748,138095,26741,11874579,138095,26722,11874810,138095
592e66ae673a84d1,52444,37499897,132718,52447,37510834,132718,52432,37511000,132718
593a00ae976eb760,108306,93385001,138884,108273,93395123,138884,108258,93395701,138884
596561600805215e,106527,91605681,116558,106536,91636793,116558,106519,91635439,116558
597ce74b04221783,46658,31721202,129167,46662,31731312,129167,46644,31731687,129167
597deb8708a3e30a,50005,35084002,138193,49971,35095177,138193,49962,35095573,138193
598754a5b4199b1f,69831,54920039,131044,69782,54935463,131044,69767,54929867,131044
59b2fd17e553abf1,118165,103264992,138042,118128,103275958,138042,118117,103276250,138042
59d44d0056049788,68263,53344334,139155,68234,53354699,139155,68215,53355009,139155
59dff15a8902be3d,116721,101790550,132538,116735,101801469,132538,116720,101801314,132538
59e834777cf931eb,108553,93620349,131278,108549,93630181,131278,108550,93634661,131278
59eb6777f6affa8b,74634,59741364,139659,74597,59752175,139659,74583,59752521,139659
59f71c58fd94c051,43187,28279468,129941,43135,28295981,129941,43116,28289539,129941
5a017de30683c03f,105258,90361718,138972,105217,90372856,138972,105199,90373140,138972
5a0741b89321bef9,28829,13931492,136988,28789,13946059,136988,28771,13942043,136988
5a14953ccfa265d0,83461,68541256,137969,83428,68551762,137969,83413,68552097,137969
5a1ca91502b0c2d4,18506,3581156,130988,18455,3593125,130988,18440,3590537,130988
5a4555bd63988331,78992,64081267,137965,78956,64097032,137965,78946,64091537,137965
5a4b55bebc3335e7,112898,97961529,137459,112938,98004333,137459,112889,97973067,137459
5a6bdffd146ae677,95474,80581522,139244,95433,80593643,139244,95418,80592740,139244
5a89de41daf16be0,63369,48460994,137565,63312,48471731,137565,63297,48471904,137565
5a8f80126910df7d,43161,28239504,130279,43091,28251071,130279,43075,28248824,130279
5a9c77cca684981f,92197,77246076,132050,92206,77256324,132050,92191,77256721,132050
5aa5a800c2898b85,57795,42880960,138475,57763,42891535,138475,57748,42891374,138475
5ab6c9254a45e2ec,39038,24123368,137333,38997,24133901,137333,38981,24134502,137333
5aba306dbd3e2d6b,61740,46827546,156169,61707,46840080,156169,61692,46839851,156169
5abf66cbd963ae9c,79304,64401381,138318,79257,64411572,138318,79241,64411899,138318
5acb0deaa032c94f,69889,54981083,138564,69833,54991825,138564,69817,54992156,138564
5ad4959f25c79228,119746,104841516,137337,119709,104852330,137337,119695,104852524,137337
5b027887eefa9067,64202,49304104,138029,64164,49314167,138029,64149,49317343,138029
5b0551bf0c1d6c6a,100237,85300250,131153,100237,85310092,131153,100218,85310462,131153
5b2c42b45a1d55e8,32488,17545852,136924,32421,17556543,136924,32406,17556831,136924
5b42e018723d4ba6,27309,12400691,137287,27274,12411365,137287,27256,12411591,137287
5b48060deaf2b772,66694,51781384,140493,66658,51795390,140493,66643,51793277,140493
5b5df4b1755f92ca,112142,97240581,131700,112097,97250770,131700,112082,97254175,131700
5b67cda5d74a8bb3,32567,17640621,138264,32492,17653151,138264,32476,17650521,138264
5b6e5ab9cc004f91,107061,92143830,132277,107019,92154438,132277,107003,92154834,132277
5b75294314bef38a,81597,66681719,138563,81566,66691524,138563,81550,66691927,138563
5b8f53bf8451fc6c,29783,14839298,131079,29805,14853428,131079,29768,14849232,131079
5bc79a1b5499a4db,61020,46079487,130071,61047,46093507,130071,61022,46088878,130071
5be5379735aff35e,99985,85040115,130385,100013,85049968,130385,99994,85050379,130385
5be83c801a82b2ab,118228,103340823,132791,118192,103351381,132791,118180,103351597,132791
5be909e1c1df9438,55752,40859661,130750,55712,40869567,130750,55697,40869857,130750
5bfcd3fa26726afe,105630,90721697,138991,105600,90739774,138991,105582,90732645,138991
5c0d241f97c5b2c9,54304,39359675,131305,54315,39369445,131305,54301,39369745,131305
5ca86fd14defec2b,99793,84928757,343960,,,,,,
5cbc25cdfbaa4f41,31285,16363638,137504,31249,16374360,137504,31237,16374735,137504
5cf752b7bfbc0df0,88852,73961060,137047,88812,73971953,137047,88797,73972071,137047
5d11d72882cf9e73,58146,43241090,138810,58106,43251475,138810,58091,43251752,138810
5d20021783a12be9,83526,68606820,135633,83492,68620150,135633,83477,68617585,135633
5d2b10506202acd7,53233,38321795,144178,53200,38333428,144178,53185,38333693,144178
5d7208546560f493,20477,5580080,137060,20434,5590496,137060,20417,5590831,137060
5dafa8edf32790f1,109948,95061736,138060,109913,95072652,138060,109898,95072984,138060
5db41592a6ff000d,78194,63220003,130630,78188,63233128,130630,78173,63230540,130630
5dc3b79bbe3c2d23,104163,89244959,139113,104106,89256038,139113,104091,89256401,139113
5dca26edb334d99c,87401,72484865,138829,87361,72495866,138829,87351,72496468,138829
5dcfc1541a5b1dff,44897,29964266,137957,44862,29975225,137957,44854,29975311,137957
5dec2b62a84a389e,25010,10103875,138419,24965,10114511,138419,24950,10114732,138419
5ded8a0a2104ff6f,63515,48621598,137510,63474,48631836,137510,63459,48632067,137510
5e0df3583163008e,115015,100080506,131624,115011,100091171,131624,114997,100091173,131624
5e238a54b0dfac15,65514,50548168,114038,65565,50631536,114038,65545,50626033,114038
5e2f3e74e2b324bd,41646,26752790,97844,41676,26793387,97844,41656,26781121,97844
5e59c13c2c4c85a2,110513,95580411,131193,110514,95590787,131193,110500,95591069,131193
5e64e4ed1a0f1e71,110971,96005160,93117,111007,96012438,93117,110993,96016311,93117
5e6d6a317aefd0e4,65481,50528889,112166,65534,50630779,112166,65514,50625253,112166
5e79392764229ba6,115106,100180752,132291,115089,100190626,132291,115075,100194038,132291
5ec4508597bb1196,41028,26120508,137293,40984,26130577,137293,40974,26130935,137293
5ecb885f1762f782,23242,8343493,137999,23205,8353719,137999,23190,8354165,137999
5ed860ef83c18650,78927,64004093,136665,78894,64017206,136665,78883,64013959,136665
5edbf8c7e7a1857a,54463,39521749,142769,54464,39532695,142769,54449,39533037,142769
5ef0a10240367660,36430,21520431,136610,36375,21531780,136610,36359,21534642,136610
5ef141ca8c481483,18709,3820359,138067,18673,3831131,138067,18658,3831492,138067
5ef39ccee1597249,71534,56602081,131269,71518,56614301,131269,71521,56612520,131269
5f048a5683dc0a92,40868,25960788,139289,40831,25971893,139289,40820,25972191,139289
5f066d5873b45b06,46467,31539437,129602,46484,31549814,129602,46466,31549906,129602
5f15b1f7c5d552b4,61996,47087178,154835,61957,47098594,154835,61943,47098831,154835
5f1cf9b9c3b4efc4,59247,44321418,141121,59226,44332450,141121,59212,44332639,141121
5f22ba89b2fb648b,21408,6483435,137815,21375,6493574,137815,21360,6496616,137815
5f3b0de1b5f6db88,45157,30259299,130489,45112,30271036,130489,45097,30268721,130489
5f42202238d67b60,74603,59712212,137505,74566,59722862,137505,74552,59727969,137505
5f52cfca5b1a23cf,59667,44781184,138385,59633,44792085,138385,59622,44797633,138385
5f5e40146d9630f1,32023,17102350,114622,32057,17111299,114622,32042,17111510,114622
5f5ea2667cfa3b8b,56973,42037219,115789,56976,42046688,115789,56978,42052147,115789
5f7f318e5b2c3452,70317,55401230,138702,70283,55411698,138702,70268,55411825,138702
5f88ef03cb6557e4,85133,70241319,138476,85096,70251831,138476,85086,70257131,138476
5fb76ad8be0edaee,53361,38444886,138873,53326,38454706,138873,53311,38457718,138873
5fbb6c931dc3e879,40172,25239485,131467,40161,25249308,131467,40133,25249648,131467
5fc73dd2f4b1c246,117212,102282916,131718,117166,102293160,131718,117151,102293546,131718
5fd957b51e41eac4,102501,87582865,131813,102462,87593290,131813,102447,87593362,131813
5fdfbd0d50062166,70815,55919754,130593,70778,55929907,130593,70769,55933136,130593
5fdfc4cc51c08dac,31802,16856968,137700,31794,16870829,137700,31780,16867309,137700
5fe3a507a4ce0d63,58901,43968779,132080,58906,43978709,132080,58893,43979087,132080
5fec85e09664b723,48048,33123647,137168,48019,33136748,137168,47999,33134452,137168
60189e1abb908b12,109731,94825292,138964,109688,94836418,138964,109673,94836695,138964
604c4fafa8c21757,20367,5443430,137529,20301,5454203,137529,20285,5454505,137529
60607e0319567fa7,119933,105025500,139183,119887,105036324,139183,119872,105036540,139183
60c83862f265b21c,18563,3659192,131364,18511,3672209,131364,18495,3670706,131364
60dab76089057086,96068,81122409,132276,96067,81133032,132276,96052,81133347,132276
60de4ff26569c2df,16429,1500612,139439,16403,1511137,139439,16388,1511501,139439
60ed31f67e230bf0,80656,65741205,138411,80624,65758525,138411,80609,65757851,138411
60f2610faa270e3d,67122,52204330,138244,67090,52215261,138244,67075,52215575,138244
61155320d8db6f31,64544,49623801,138330,64510,49633741,138330,64496,49636105,138330
613132f665dbdf80,109885,94985191,138732,109845,94995883,138732,109830,94996219,138732
6134e8b783fbbb9d,102974,88040804,133942,102986,88053787,133942,102960,88050978,133942
614dd4cff739f2e6,119424,104505458,138881,119392,104515472,138881,119378,104515911,138881
6156037b86357d3e,72305,57382686,132497,72267,57392934,132497,72252,57393263,132497
617d091f0100e661,109228,94341818,138000,109193,94352434,138000,109178,94352684,138000
6196d754e26a8ce4,33144,18223560,137458,33116,18233937,137458,33093,18234283,137458
61a002cdbc40ad90,65200,50277178,136788,65161,50287864,136788,65146,50288151,136788
6211fdf304a7c89f,47295,32383266,152998,47260,32394685,152998,47245,32395016,152998
6214e44c55e5fe1a,88794,73882657,132357,88740,73894852,132357,88730,73893035,132357
621ce3c5404de8a4,47616,32703454,136702,47569,32714171,136702,47553,32714454,136702
62459d1243eda7a4,109167,94265227,138281,109124,94275200,138281,109114,94275515,138281
624f65b50fe84dc9,67155,52241297,140302,67123,52251931,140302,67108,52251972,140302
6254bebaf51c271f,113208,98280523,131448,113203,98294115,131448,113165,98290234,131448
625e4c1b944c29c9,20314,5380639,136473,20235,5391013,136473,20220,5391339,136473
62875bc0bc19158d,67785,52859664,130122,67753,52869993,130122,67739,52870243,130122
628cf171ac59c28e,57318,42384781,138289,57292,42395770,138289,57289,42395955,138289
629e44d7fb061601,16972,2060214,138038,16939,2074882,138038,16924,2070405,138038
62c857e2b2c5c07b,104875,89940763,131937,104870,89951247,131937,104854,89951234,131937
62dd2aff91519451,108273,93361514,137221,108241,93372228,137221,108226,93372523,137221
62ecb57643384990,89166,74250332,155529,89132,74262803,155529,89119,74263011,155529
6344fbbec3c7e5ed,16875,1960426,139298,16842,1970843,139298,16827,1975389,139298
63785a4618dd2cfd,89388,74480086,131033,89347,74490042,131033,89335,74494800,131033
638c164ad36bd9a4,119841,104942210,139165,119800,104952967,139165,119785,104953414,139165
639f76a477b828f4,66629,51719686,130409,66596,51729898,130409,66581,51735501,130409
63c728d76fe968e2,26247,11343527,137299,26207,11356746,137299,26187,11353661,137299
63cc3153c4d1e5eb,29845,14899282,128867,29855,14909296,128867,29820,14911482,128867
63e78fa4d1c82ec2,69530,54581860,130765,69527,54591521,130765,69512,54594166,130765
63ea0cfa2f0b94ec,26746,11840435,137577,26711,11856972,137577,26692,11851367,137577
64034804b377b17c,90663,75742709,132558,90615,75752796,132558,90600,75753043,132558
6405b60f3b3af74c,92506,77581896,141539,92478,77596670,141539,92463,77591895,141539
64180a700d855cad,88057,73174135,104435,88077,73182752,104435,88063,73184743,104435
6419281108fec447,101297,86380427,132089,101234,86394923,132089,101216,86390248,132089
641d78ed32c3c7a1,27943,13019297,130372,27923,13030169,130372,27909,13030516,130372
6423395691a5891a,27027,12140345,135729,26992,12151980,135729,26980,12151981,135729
642a298c3b27f335,22527,7640382,137514,22498,7651148,137514,22482,7651416,137514
644bf40048141ef9,78280,63325300,138398,78251,63336686,138398,78236,63336961,138398
644ef03aa1cf9cb3,55207,40239591,130180,55246,40251935,130180,55228,40249315,130180
645508054fd644be,67379,52445161,132413,67381,52455912,132413,67368,52456040,132413
6460c1fbf348f35e,28205,13303939,137350,28164,13314528,137350,28149,13314762,137350
646ce4988d803f2a,80354,65444556,137118,80304,65454473,137118,80293,65455025,137118
6473bfe9a4197f50,70722,55824687,138831,70686,55835533,138831,70677,55838986,138831
6495b0c79ecc30b8,16057,1114729,128157,16071,1124555,128157,16055,1124904,128157
6497fe2c1855b20c,68553,53641091,138037,68512,53651510,138037,68494,53651818,138037
64c9cce28be63822,40675,25763714,156014,40642,25775364,156014,40628,25775793,156014
64ce11b24b366d2a,42652,27667544,93610,42714,27789166,93610,42684,27675511,93610
64d9d37f3a544164,70691,55801256,138554,70653,55812195,138554,70642,55818401,138554
64fcdd9aa6961c84,75666,60744592,139001,75637,60755239,139001,75619,60758288,139001
650eeccbb95752e4,89945,75042200,141539,89910,75056705,141539,89895,75056597,141539
653e8b8f82a37f71,84032,69101189,137546,84024,69116617,137546,83998,69115722,137546
6557e4cd3d75e5c4,15044,140519,138337,15007,155798,138337,14995,155866,138337
657d481f6815c17d,23428,8520925,138791,23397,8531546,138791,23381,8531798,138791
657ea3bc67c9f151,73494,58562542,131385,73483,58572125,131385,73468,58572533,131385
6580ca90ce002b97,96764,81844891,139071,96733,81855329,139071,96716,81855772,139071
65a16623da4063fe,93172,78261676,139611,93134,78273976,139611,93119,78271451,139611
65a80c30d72fadd4,87464,72561781,140148,87420,72573265,140148,87413,72573585,140148
65c149ebd0ab7c3f,86717,71801528,137896,86678,71812072,137896,86663,71812336,137896
65dc3d634a0daea0,37243,22340304,136924,37200,22351226,136924,37185,22351635,136924
65e6c12906b397fa,28031,13102566,129359,27993,13112394,129359,27979,13112628,129359
65e7c542d6cbb384,60261,45360954,138721,60246,45376725,138721,60200,45371090,138721
65f02e8b9c952140,77625,62712849,137884,77586,62724467,137884,77571,62724184,137884
66096b7805a0a5f4,88148,73241105,61417,88168,73261678,61417,88154,73262097,61417
6609ccd134d5075c,83243,68344478,137424,83205,68355279,137424,83190,68355694,137424
661272f01ef47fd9,48491,33559510,130938,48491,33575196,130938,48477,33569480,130938
66182095fb699abc,18992,4080118,137537,18964,4091258,137537,18944,4091590,137537
664634b0447526df,100206,85262519,131629,100211,85273029,131629,100192,85273408,131629
664a551ab61cd801,90205,75260035,130377,90213,75273762,130377,90198,75273922,130377
668f182a84b1bc15,33269,18360503,137559,33236,18371132,137559,33213,18371470,137559
6695ed92f51fb2cf,53947,39041275,139914,53912,39053389,139914,53902,39053079,139914
66b001676d4f8252,94203,79264389,131487,94196,79274324,131487,94181,79274648,131487
66bab528ec8adc48,36164,21221159,130182,36169,21231666,130182,36145,21231910,130182
66d9336c9f41b522,85912,70984228,137240,85893,70997132,137240,85889,70994137,137240
66d953166e8825e4,58677,43760889,137751,58646,43770755,137751,58627,43771160,137751
66d9edf9cfc380be,65416,50490909,100136,65472,50629016,100225,65451,50623865,100225
66e2e3abb59c7e63,97801,82882569,131875,97769,82892175,131875,97750,82892503,131875
66f8268567482fde,39897,24942373,133982,39931,24954170,133982,39897,24952496,133982
6703346f75317e81,84327,69421256,138428,84272,69431333,138428,84258,69431737,138428
670e2386827c3155,36488,21583647,137645,36444,21594475,137645,36429,21594867,137645
6721d767fe4cfc24,62685,47826628,343769,62693,47855877,343809,62678,47856499,343809
673102512d0f2183,23680,8739370,131437,23689,8749678,131437,23671,8750015,131437
6771da0efcee01fd,102912,87980637,133240,102937,87991369,133240,102910,87991502,133240
677c7930eda910d8,116362,101442073,139209,116332,101452268,139209,116316,101452613,139209
67a84409c0785d4f,105851,90942297,139988,105811,90954649,139988,105794,90954986,139988
67aaa0c154923863,101269,86342741,131550,101205,86354498,131550,101191,86352211,131550
67aded5dd099ed10,37365,22463719,137592,37324,22473605,137592,37309,22473997,137592
67d8cf5bdd7d9616,43924,29019366,130588,43882,29031657,130588,43862,29029166,130588
6806af7a3108e505,55047,40102860,130984,55103,40153297,130984,55084,40113595,130984
68360e2fdcb0ae14,41395,26480713,138238,41367,26493820,138238,41347,26491078,138238
6837a44c565dfcba,99838,84945952,103874,99855,85012743,103963,99835,85007649,103963
6843174ddf7d31e6,69976,55080936,137533,69936,55096210,137533,69917,55091237,137533
68438fdc256f1057,73053,58141462,140622,73017,58151784,140622,73002,58152205,140622
6851021ec33f0d4c,73826,58921529,139910,73773,58932004,139910,73758,58932356,139910
68514caf6108f737,30569,15660419,136864,30535,15672436,136864,30517,15671204,136864
68830334ab6f6add,93109,78201485,138458,93073,78217861,138458,93058,78211706,138458
68a324728234aa1f,71597,56680267,131982,71575,56690009,131982,71576,56690580,131982
68afaaf6a13cb0d4,96442,81521576,139358,96405,81531549,139358,96389,81534512,139358
68b00e4b82d5d360,42216,27300961,139981,42173,27315731,139981,42156,27311553,139981
68c3e775433218b0,46402,31472201,129587,46420,31547405,129587,46402,31544055,129587
68da841b766aa163,95785,80864772,139012,95752,80877483,139012,95737,80874763,139012
68f2cd2b02c4b86b,90236,75300427,131103,90243,75323792,131103,90229,75314444,131103
69211c792488736b,70035,55141332,139633,69998,55151583,139633,69978,55151974,139633
693245acea1c7bcb,68863,53964638,138680,68830,53977520,138680,68809,53974887,138680
6945a725b9218b49,56502,41604919,138864,56470,41615519,138864,56453,41615824,138864
6946117161970f7c,63134,48200666,136037,63122,48211598,136037,63108,48211699,136037
69569c41e5585cd8,108617,93680323,130784,108612,93690451,130784,108612,93690804,130784
697de36bca149a18,16185,1240476,139431,16192,1250961,139431,16177,1251422,139431
698ccd117b62dc5b,25574,10651699,115473,25602,10759469,115562,25582,10755125,115562
699553787f95e113,111576,96681689,138379,111532,96694161,138379,111519,96694323,138379
69a13f6df9f7cc1a,94480,79562570,142094,94446,79573255,142094,94430,79573673,142094
69a51daf7757cf8a,103211,88302476,143490,103161,88312954,143490,103140,88313415,143490
69fbefc1a37cb004,108338,93421704,138587,108304,93431872,138587,108289,93432268,138587
6a1945abe05b33ff,94328,79400383,131854,94312,79410097,131854,94297,79410484,131854
6a49de23f84a51ce,77476,62541824,135585,77460,62551986,135585,77445,62552276,135585
6a81eb211d6f1552,37150,22240540,137976,37113,22251133,137976,37098,22251454,137976
6a83e0b3ee3dea14,20566,5680082,137104,20531,5689950,137104,20519,5693098,137104
6aa4535e0646a284,54400,39459603,131217,54407,39472958,131217,54392,39469890,131217
6abfe0e551bdcdf9,94266,79340379,132312,94255,79351029,132312,94240,79351345,132312
6ad23bdf300fb5ef,24918,10019086,129543,24870,10029228,129543,24855,10029540,129543
6b11ee4fd97f4272,36072,21139008,128299,36092,21149472,128299,36066,21149785,128299
6b15e96066fdf386,111608,96721762,139053,111573,96732455,139053,111558,96732690,139053
6b199183b0acb133,48648,33720553,137091,48635,33736168,137091,48621,33734496,137091
6b1b824e43747099,54239,39304452,118437,54252,39313789,118437,54237,39318287,118437
6b2906cda120b7e5,66131,51224048,137578,66082,51234187,137578,66067,51236920,137578
6b2b961ee9c1850b,23212,8320148,136923,23175,8330765,136923,23160,8330980,136923
6b3260842df27bf7,110481,95547895,132919,110482,95557638,132919,110468,95561078,132919
6b35bd0009a21f63,62818,47887530,129819,62831,47897979,129819,62817,47898264,129819
6b41ec67c2c7b912,67476,52539924,130514,67476,52551109,130514,67463,52551291,130514
6b6dd40d0c639ceb,61837,46921263,137204,61803,46933891,137204,61788,46932683,137204
6b84d5982d8bcf0b,73796,58884617,138193,73743,58895111,138193,73728,58895443,138193
6b851819be383c03,37181,22280617,137013,37143,22291197,137013,37128,22291405,137013
6b949aa21ecc0cf0,62979,48039708,129890,62985,48049870,129890,62971,48049885,129890
6b9e169b5c4fb090,101652,86741547,138874,101618,86755870,138874,101606,86753847,138874
6bb373f533fdcefa,92915,78000153,131191,92881,78010525,131191,92866,78010825,131191
6bdeedaf99e93c50,111336,96385752,138020,111264,96396095,138020,111249,96396384,138020
6bfc9702252029dd,20098,5117319,138602,20090,5128148,138602,20076,5128531,138602
6c08065815a5992c,51895,36980835,138815,51861,36991780,138815,51848,36992119,138815
6c2d512b50e122a4,42302,27412035,137278,42265,27425629,137278,42248,27422298,137278
6c2e074ad3d441c2,110906,95973619,95665,110947,95981754,95665,110933,95981798,95665
6c2fdd657ae22c49,43213,28302871,138724,43165,28313244,138724,43143,28313586,138724
6c32d1fcf786ef0c,36458,21560436,137565,36412,21571301,137565,36397,21571334,137565
6c3d4b69313a257d,25042,10140720,139176,24996,10151105,139176,24981,10151551,139176
6c7352701997322b,33111,18200275,137096,33085,18211124,137096,33062,18211457,137096
6c7cd9855e0ae427,52506,37562006,131641,52505,37572672,131641,52490,37572910,131641
6c8572574c06bac5,26620,11703514,139211,26589,11717061,139211,26570,11713990,139211
6c8bb43557768775,32056,17121860,114949,32089,17130332,114949,32073,17134347,114949
6c9d555bf3e0a7a0,93359,78462052,142491,93313,78476580,142491,93300,78476627,142491
6cc2ecc19893c2a8,22168,7240523,139053,22129,7251036,139053,22114,7251401,139053
6cd6b82386223a2a,77320,62379483,127830,77320,62388986,127830,77305,62389350,127830
6d1f0772aff33d52,97210,82300552,131744,97169,82311479,131744,97153,82311591,131744
6d241f8d84bf1ce1,27822,12879211,130112,27822,12888892,130112,27808,12891470,130112
6d32e49ddd51a09c,91776,76860422,132684,91746,76870556,132684,91726,76870864,132684
6d349969c3526c08,74261,59344580,137814,74226,59355217,137814,74211,59355720,137814
6d37cbd4422087ac,114760,99828056,123555,114773,99838088,123555,114758,99844137,123555
6d3fd70ae5af5acb,24503,9583832,139465,24469,9594549,139465,24455,9594922,139465
6d5c8c49d5b19c53,73526,58600044,131669,73511,58610330,131669,73497,58610503,131669
6d602f141c5fae98,109414,94505091,158574,109380,94517690,158574,109365,94518080,158574
6d66e03fbf1fe4dd,113325,98402716,131298,113292,98412743,131298,113261,98413103,131298
6d894f1ac5cd4474,97542,82624693,138939,97513,82634997,138939,97494,82635432,138939
6da32aa536a374ea,30789,15880395,136810,30746,15890714,136810,30725,15891159,136810
6da51702beb5c100,38623,23703622,137319,38592,23713874,137319,38576,23717954,137319
6db7edce8260d470,109284,94365365,139123,109251,94376958,139123,109236,94377207,139123
6ddc67fc18ebb722,36992,22080511,137480,36961,22093432,137480,36946,22091484,137480
6dfa266068d0e30c,34649,19760559,137873,34622,19773789,137873,34600,19771136,137873
6e0d7c84f339c088,20816,5902230,137758,20781,5912428,137758,20769,5912830,137758
6e12c7fd4a2f13b4,79767,64846513,130272,,,,79774,64885202,130272
6e43b9c14b325a1a,45658,30751303,137657,45617,30762636,137657,45600,30761704,137657
6e487901e1e6cd07,79831,64890075,128513,79868,64994483,128513,79837,64899365,128513
6e6f10d6b9798b04,94599,79701432,138158,94557,79718124,138158,94538,79711890,138158
6ea068a9881d4002,82488,67601126,137108,82455,67615152,137108,82440,67611181,137108
6ea9096a8c43f403,30942,16043951,138127,30911,16057293,138127,30890,16054453,138127
6ead0735851e803f,73886,58984455,138558,73849,58995746,138558,73832,58996143,138558
6eb6c1f3fa018e93,110448,95525342,114705,110450,95534358,114705,110436,95539282,114705
6eb8f5baf78125c7,86962,72065628,140983,86930,72075886,140983,86910,72076236,140983
6f26f49e23b26439,22647,7723573,138390,22618,7736190,138390,22602,7733638,138390
6f366dd0dca9b771,39632,24776884,400588,39661,24830254,400628,39633,24810502,400628
6f5e9ec217c8d013,27372,12462895,137345,27335,12477662,137345,27316,12472915,137345
6f74e4b6b447c5b3,30911,16020573,137352,30875,16036907,137352,30857,16030978,137352
6f993397205475b5,49973,35060695,137799,49939,35071815,137799,49930,35072184,137799
6fab011fa1eadcb1,115398,100501967,140204,115355,100514130,140204,115345,100514308,140204
6fc73ada712fc3ab,72337,57420009,131931,72297,57429646,131931,72283,57430022,131931
7002356abf99f3ae,64480,49567156,153053,64447,49578750,153053,64432,49578728,153053
7018e6eca9672bcb,92386,77442938,132047,92378,77454361,132047,92363,77452232,132047
70287b2e2370301a,45688,30780987,138653,45646,30791180,138653,45629,30791542,138653
703cb85679d5177a,55080,40124900,130557,55134,40154150,130557,55115,40137874,130557
703e11c3062588bd,60076,45161065,138922,60037,45171178,138922,60026,45171595,138922
7056534699d15b7a,117794,102882059,140200,117757,102897413,140200,117742,102894476,140200
709bf13b2f0d7fd9,50960,36064592,139527,50929,36074577,139527,50909,36075059,139527
70a66995bdcde1d5,66309,51423999,152009,66276,51435253,152009,66261,51435596,152009
70b961848cc701c8,79181,64264540,139243,79134,64275205,139243,79126,64275561,139243
70ee9281beb135a3,109018,94104886,138679,108972,94115148,138679,108965,94115476,138679
71026304b44794a8,48679,33743768,137345,48663,33754158,137345,48649,33754545,137345
7121e6efa340ec9a,97148,82241736,139523,97110,82256970,139523,97094,82252588,139523
71258069f4104b68,115958,101060757,131913,115915,101070244,131913,115900,101073098,131913
7136822b0a239d27,16310,1363574,137725,16304,1373904,137725,16288,1374313,137725
713f1a75ac80b016,58178,43281368,139608,58136,43292986,139608,58121,43293130,139608
714732243ab4b8fd,15484,583330,137520,15445,593440,137520,15430,593878,137520
717bc77df7a03114,38271,23343636,137626,38232,23353933,137626,38226,23354406,137626
71c36d7621fe3172,105598,90682025,141206,105568,90695688,141206,105551,90692643,141206
71dc9224533f66d1,109638,94725374,140177,109599,94736423,140177,109585,94736757,140177
71eea04e7e2bb811,70935,56021021,137587,70908,56033863,137587,70889,56031116,137587
71f1745b5037bf89,98367,83445220,138997,98337,83456923,138997,98323,83458022,138997
71f24c3f0da8410f,41889,26939132,129246,41909,26949723,129246,41890,26950006,129246
7205e07c5f8255eb,62786,47865622,131816,62799,47876216,131816,62784,47882451,131816
723037dac45e76ed,70538,55624698,139394,70495,55635224,139394,70481,55635672,139394
7243e2d87b724731,38062,23119389,130861,38060,23128935,130861,38060,23129357,130861
72474dffc12a7a4f,84536,69621106,137586,84506,69632220,137586,84491,69632522,137586
725459f39aa4add6,44497,29552940,129150,44514,29563188,129150,44510,29563434,129150
72862508996bd8e4,105882,90981888,140519,105840,90998349,140519,105823,90992688,140519
728fe283d554863b,33301,18400633,138217,33266,18410919,138217,33243,18411282,138217
729cddc17493d4df,47108,32220787,138469,47075,32231540,138469,47059,32231805,138469
729da4cb6e4c5fc2,42965,27979293,130058,42906,27988649,130058,42883,27989252,130058
72a33b565278a6e6,22680,7760600,138507,22651,7774064,138507,22634,7771376,138507
72b9af7df4150f1f,89230,74321393,138813,89195,74331665,138813,89182,74336268,138813
72d8578f3ec2def3,117270,102362218,140738,117214,102372895,140738,117203,102378955,140738
72dc400d03ff81a6,45873,30983792,156040,45836,30994967,156040,45821,30995414,156040
72e90cc8ae17162d,91152,76241439,139142,91117,76253375,139142,91102,76252390,139142
7306078d224d2d4a,103768,88862352,143145,103736,88872622,143145,103721,88877262,143145
730e9ee005182905,88181,73253300,71678,88200,73266324,71678,88186,73266833,71678
73450e8adbe537a6,61587,46700869,138133,61552,46711764,138133,61538,46712111,138133
734adbc78af9ccad,24320,9433016,138566,24284,9443406,138566,24272,9448275,138566
73ce8a5b9202ed9e,22225,7303679,138388,22173,7314187,138388,22158,7314593,138388
73d37cdeed6fd6a8,103922,89021983,140625,103889,89035230,140625,103874,89032141,140625
73dcac8d03cead2f,48554,33619521,130624,48550,33631895,130624,48536,33629237,130624
73e7b981f206965b,25352,10445447,139432,25319,10456753,139432,25305,10457039,139432
73f87b4bcd289c8b,107000,92085114,138889,106969,92096452,138889,106953,92096701,138889
742acfad655e5a9d,44133,29219603,131622,44099,29230373,131622,44084,29230777,131622
7434376609c4b7c4,92416,77480269,132149,92404,77494834,132149,92389,77489789,132149
74478b279c013eca,93512,78621684,140142,93476,78632518,140142,93461,78632930,140142
7465062573d67145,41589,26736595,398603,41608,26776872,398643,41593,26772195,398643
746cadf48cbe3448,50440,35501608,131035,50437,35510925,131035,50416,35511285,131035
748bc7f10c5358e9,111413,96490624,152759,111345,96501847,152759,111331,96506217,152759
74c91057e5a0b42d,59950,45041433,139418,59915,45052437,139418,59905,45052709,139418
74d57f42ca8c5a81,37087,22180427,138117,37053,22191224,138117,37038,22191552,138117
74e1657d1115cd55,15235,328097,137654,15192,341285,137654,15182,338485,137654
74e53093ea72d69f,68138,53244668,138513,68109,53257202,138513,68090,53254630,138513
74f7d11cbae6c0eb,103983,89085553,140099,103948,89095865,140099,103933,89096209,140099
750bb4d152a9736e,18303,3359424,132577,18297,3369057,132577,18283,3369475,132577
750c1b3c8ee5604d,18420,3481269,130634,18389,3491179,130634,18375,3491349,130634
750d926c77401c94,81284,66384581,137873,81247,66394782,137873,81235,66399188,137873
753430084a642a14,44264,29343246,140080,44229,29353757,140080,44214,29354232,140080
7569e8aec4d47bf5,84697,69781013,136707,84667,69791532,136707,84652,69791491,136707
756ca883bd7a9c83,78042,63083740,130332,78064,63093737,130332,78050,63098786,130332
756cba21f72c8536,88823,73921780,140562,88773,73932580,140562,88759,73935139,140562
7579396d05157afa,115800,100885096,138799,115763,100895039,138799,115748,100895493,138799
75899205f584cdb8,59542,44641187,140092,59498,44654672,140092,59478,44651918,140092
758fb6671c6e5ab6,77256,62319318,127496,77259,62329390,127496,77245,62329531,127496
75e9daaf0df88a38,47647,32740822,138551,47599,32751008,138551,47583,32751380,138551
75fbfac04961a70d,89912,75000238,131905,89877,75010028,131905,89863,75010376,131905
76026136c25f0400,59482,44580920,138515,59435,44596115,138515,59417,44591128,138515
760c3f2fe0d8d013,118757,103820733,129789,118769,103830220,129789,118753,103830674,129789
7638b12748001c93,53642,38739696,131337,53602,38752596,131337,53578,38749621,131337
764b181fd9524f82,55144,40179763,131719,55192,40195992,131719,55173,40189764,131719
764ccbfddcb43bdc,66819,51921072,137830,66777,51932180,137830,66762,51932177,137830
764f06bf54daf2e6,33424,18520622,137634,33380,18530850,137634,33358,18532332,137634
766c42dac118c4e4,31900,17015991,99240,31936,17031124,99240,31921,17032283,99240
767cf8074ab12e26,64264,49364591,138593,64226,49374730,138593,64213,49375064,138593
767e4134ef61327e,64080,49180830,137678,64036,49192162,137678,64020,49192161,137678
767ebf0afc3b98cf,20341,5420204,137356,20272,5431915,137356,20257,5431406,137356
76cade234410ea17,56036,41120733,136979,56000,41130333,136979,55985,41133003,136979
77280e970c022ad6,102579,87682591,79976,,,,102580,87752810,80065
772f06d23f5044ae,51021,36124632,138657,50989,36136997,138657,50970,36134320,138657
773060370f88188a,103673,88760497,132141,103641,88769968,132141,103626,88770362,132141
776f6c9b9eee5872,84980,70081181,137874,84936,70091692,137874,84921,70092002,137874
777347ad4a1a9bbc,81757,66825779,129241,81763,66836145,129241,81749,66836471,129241
777d71c3dbccd5b5,109669,94761832,139315,109629,94772261,139315,109614,94772566,139315
778f6a52a6a7a008,65297,50474073,339203,,,,,,
77a9edca3b50fc20,19918,4936804,129901,19947,4953942,129901,19933,4947918,129901
77b32ee1dd54e48c,45241,30321479,131887,45211,30331695,131887,45192,30331876,131887
77d2812e58d0eae8,90721,75817667,116747,90669,75829895,116747,90653,75829921,116747
77dd59f00d80ada3,22745,7823868,138604,22713,7834823,138604,22697,7835133,138604
77ddc8f3a4fe15cc,24534,9624074,158195,24500,9635921,158195,24486,9636394,158195
77e58259530e2e6b,36895,21980495,137718,36866,21991218,137718,36851,21991308,137718
77e8e4f2b2a56a1d,68741,53841415,139874,68697,53851849,139874,68682,53857571,139874
780b9d75206ba57c,104075,89181690,139413,104036,89194878,139413,104021,89191917,139413
780f3d3b27b5b5e7,95193,80281440,138418,95151,80291618,138418,95136,80292011,138418
781e15e97b2750f2,51402,36484822,139506,51371,36497574,139506,51351,36494871,139506
783e17d69a50e839,61556,46661039,138719,61512,46670945,138719,61502,46671359,138719
7849094b2cab6f6e,41695,26772411,115733,41725,26796181,115733,41705,26790846,115733
78709f3ba7c4e60c,56785,41871519,138019,56750,41881866,138019,56737,41882111,138019
789030a83014896f,115457,100562060,140082,115416,100572781,140082,115404,100573178,140082
78a1edb3553745f3,57524,42620900,137838,57472,42633778,137838,57457,42634029,137838
78b6236e7fd22a74,33175,18258987,129320,33146,18268728,129320,33123,18269087,129320
7918f0313eb1b541,36342,21423773,137001,36308,21434305,137001,36287,21434556,137001
791a7bb6b7e745c8,65639,50637412,129660,65675,50647971,129660,65656,50648336,129660
792923debe77ba85,64761,49830362,130419,64756,49841020,130419,64741,49840281,130419
7933534f15da20b8,30632,15720490,138127,30596,15732062,138127,30577,15732329,138127
794f89c97d59a60a,50871,35964478,138797,50819,35976836,138797,50810,35974181,138797
79856278c82b06af,108176,93261531,137734,108144,93271892,137734,108129,93272219,137734
79c53d152af624df,108808,93880280,130684,108790,93890256,130684,108788,93890654,130684
79ca027145e16051,60292,45384410,138694,60276,45397327,138694,60229,45394506,138694
79cef49f824d0581,84181,69261086,137681,84145,69271232,137681,84122,69271635,137681
79dbb54b00caaf6f,111178,96200587,131466,111166,96210477,131466,111151,96215555,131466
79dfeb298ba150d2,63925,49004235,138405,63891,49014709,138405,63874,49015096,138405
79e6227b938048c8,54206,39284392,115561,54219,39293643,115561,54205,39294436,115561
79ea0a5bffcab530,41793,26839237,130207,41820,26849587,130207,41800,26849959,130207
79eaad5147042c31,115927,101020702,132298,115886,101030003,132298,115871,101032578,132298
79ffe39c0f33673a,88213,73265730,74161,88231,73275084,74161,88217,73272521,74161
7a067d77f6a5e657,37274,22363521,137528,37229,22373333,137528,37214,22375956,137528
7a25186fca93758a,56441,41539549,130554,56393,41549358,130554,56386,41551865,130554
7a45fd5f239e287e,76840,61921431,139330,76807,61933740,139330,76793,61933899,139330
7a808e17ee934a01,45127,30221532,130712,45082,30233460,130712,45067,30233682,130712
7a95111e25e575dd,112609,97701642,138359,112570,97712685,138359,112557,97712742,138359
7aacd8b3ec45a245,69743,54820000,131987,69711,54830553,131987,69696,54830971,131987
7aafe8c0af80e1fc,44198,29279435,130258,44164,29289709,130258,44149,29289971,130258
7acbedc312cd0b72,102534,87669322,352977,,,,,,
7ad3cebef423f3bf,111520,96621616,138533,111473,96632371,138533,111458,96632523,138533
7adbecfe1e8c6849,23460,8544394,139530,23428,8554631,139530,23412,8555074,139530
7aecf358c3ff27e7,83182,68281117,136746,83135,68291568,136746,83121,68291896,136746
7af9382c633dc23d,73556,58622090,130617,73538,58632486,130617,73523,58632783,130617
7b06556105e55b83,59336,44421008,138377,59301,44430824,138377,59287,44433893,138377
7b0b6801b5466e9b,58998,44059560,130894,59001,44069480,130894,58988,44069779,130894
7b3cbaabb3b1d796,66076,51161151,138946,66013,51172113,138946,65998,51172376,138946
7b45183d88ad82fc,100502,85598728,132249,100450,85608572,132249,100438,85613801,132249
7b5f41d982878f2a,18272,3320982,130653,18271,3330656,130653,18257,3331113,130653
7b630807d921b9dd,40230,25301350,129370,40204,25311426,129370,40178,25311701,129370
7b7a6db5e1c7bc29,72828,57921134,137516,72796,57936820,137516,72781,57931509,137516
7b810de6ae0cd6d5,45069,30159857,130088,45013,30169784,130088,44996,30170124,130088
7b83b49aaa147e4a,97488,82601225,136902,97455,82615274,136902,97437,82611278,136902
7b938934cb0c330a,50660,35740949,139180,50639,35751111,139180,50619,35751525,139180
7b9ee66eb83e0fd3,18084,3139153,130683,18104,3148712,130683,18090,3149106,130683
7bc616efa476929d,26492,11588346,183802,26463,11607984,183802,26444,11602470,183802
7bccb5c977e21dc7,27340,12424095,138738,27304,12434284,138738,27286,12437181,138738
7bd22d1f51991d62,90172,75226979,132194,90181,75240791,132194,90166,75240700,132194
7bddc5f8be1566ce,106413,91501435,138197,106375,91514357,138197,106359,91512891,138197
7be931ce8b176e7c,43832,28924016,136840,43796,28936789,136840,43776,28937222,136840
7c221a97361beb5b,75695,60781440,139797,75660,60794503,139797,75642,60793426,139797
7c2ac4692bb957f4,36766,21849012,152349,36737,21861025,152349,36722,21861379,152349
7c5634d307115654,32182,17204633,129286,32203,17215203,129286,32187,17215516,129286
7c68de210955a4b7,57406,42483916,137759,57365,42494425,137759,57360,42496922,137759
7c7a3f3e047fad18,45626,30720591,138081,45587,30730880,138081,45570,30731194,138081
7c92e1343e0cace6,101938,87025300,139218,101896,87036469,139218,101883,87036719,139218
7cb681feebf9fd15,74230,59321320,139378,74195,59332900,139378,74180,59332897,139378
7cceeafc13952001,18806,3920295,138456,18775,3936101,138456,18757,3931164,138456
7ccf7b2042a1fb6c,113786,98865066,139116,113756,98877950,139116,113734,98875292,139116
7cdc7555856003c3,113087,98143002,132239,113106,98155781,132239,113062,98153630,132239
7ce2755cbffc624e,19215,4303665,138853,19180,4313758,138853,19161,4314230,138853
7d336f62420f6ec4,98308,83381569,138822,98287,83392272,138822,98273,83392456,138822
7d3b3be23f51be62,30048,15140731,137871,30008,15151780,137871,29981,15152068,137871
7d67863ec641b263,82135,67204246,138302,82110,67214658,138302,82096,67218148,138302
7d6b6f2c52332c51,27115,12199051,129891,27082,12209996,129891,27067,12209933,129891
7d6d0242e933cea4,95656,80741792,140440,95623,80752930,140440,95608,80753008,140440
7d7f2aced4d4bd09,83027,68121125,137269,82990,68135992,137269,82964,68134053,137269
7d83fe266b760535,79365,64464649,138931,79327,64474854,138931,79311,64475226,138931
7d96cfacc3fea792,70253,55343928,154833,70220,55355379,154833,70205,55356178,154833
7da0a576c1a68397,73855,58961075,138199,73813,58975953,138199,73800,58973858,138199
7dcce3a5b736cb17,46321,31428100,99714,,,,,,
7dd9ab2935c1b5f8,90780,75880202,131803,90731,75889914,131803,90716,75890359,131803
7ddfc5de3844e7bf,34839,19929076,152968,34810,19940426,152968,34789,19940665,152968
7de2a830c305f88e,77192,62249687,129162,77197,62259494,129162,77182,62259552,129162
7e03a11cd1fdcbcb,69255,54363049,104493,69261,54379845,104493,69246,54379516,104493
7e0695c6cc4f3e1a,61708,46801178,138024,61675,46816263,138024,61661,46814426,138024
7e10efe8dde3e869,115737,100822725,139885,115701,100833070,139885,115686,100833352,139885
7e1107319ca07c4c,71566,56639985,130993,71547,56649291,130993,71549,56651792,130993
7e354465e575ec7a,63604,48684784,136844,63576,48694785,136844,63558,48695269,136844
7e47a9dd71e42007,92593,77681247,137393,92548,77692356,137393,92533,77691592,137393
7e5d0e316937dea5,82370,67464272,137402,82329,67474714,137402,82309,67475038,137402
7e8d36af93352a32,108929,94004932,138004,108896,94014907,138004,108891,94017590,138004
7ead97a85e7e49ca,108241,93325187,138853,108208,93335267,138853,108194,93338046,138853
7ed702239fad29a4,76250,61341039,138015,76215,61356089,138015,76200,61355439,138015
7efd4882245a89ee,62307,47421209,138293,62273,47431768,138293,62257,47432078,138293
7f045a80cd7e4225,87208,72301493,137810,87175,72317172,137810,87161,72317169,137810
7f091c723ddc49c3,84761,69844490,137367,84729,69855671,137367,84714,69855647,137367
7f1171bf749ffe18,51273,36361060,139893,51245,36373688,139893,51224,36370849,139893
7f44d483fd1e83e0,24202,9300271,137775,24152,9311409,137775,24137,9311555,137775
7f930db3010f7a94,55787,40899684,130619,55751,40909703,130619,55735,40909955,130619
7f941eda05d0c820,101409,86502722,132568,101361,86512986,132568,101347,86516367,132568
7fa8954918357c0d,104486,89628883,350640,104495,89658588,350680,104480,89658674,350680
7faacc4313a18d90,111122,96120445,131830,111128,96130223,131830,111113,96130545,131830
7fadbdf8f6ab079d,57465,42560708,137637,57414,42571653,137637,57407,42571978,137637
7fe261642ca84246,60665,45743501,141021,60631,45754020,141021,60617,45756522,141021
7fe79ad950c800e7,114283,99386133,141162,114246,99396791,141162,114236,99399983,141162
7fe7b9d24901a780,84793,69881183,137486,84760,69892203,137486,84745,69892576,137486
7fec5d9f5f74e42c,80623,65704554,138925,80591,65717917,138925,80576,65718450,138925
7ff8c1bd473870aa,94749,79861471,138389,94717,79873595,138389,94702,79872888,138389
7ffea5992a3f872b,33700,18782165,137183,33668,18792095,137183,33651,18792436,137183
8011bf1af152a2d6,47520,32603785,138151,47478,32614578,138151,47463,32614928,138151
801a7dbcaa2786ac,73271,58339796,130702,73271,58349822,130702,73256,58350237,130702
804cf6fff2d4e784,82043,67104458,137695,82032,67114840,137695,82018,67115147,137695
8052780a9b07935d,76470,61564921,139410,76427,61578792,139410,76412,61576040,139410
80824096218864ae,57672,42780855,137565,57634,42791784,137565,57622,42791991,137565
808bb1dc5529f96e,58393,43501250,140733,58358,43514158,140733,58340,43511157,140733
808bd16f9e6c15ba,22809,7900436,137394,22775,7911816,137394,22758,7912074,137394
80cf147d469a76b3,26932,12040244,137023,26893,12051539,137023,26881,12057005,137023
80de9e04be524354,39343,24423827,137439,39309,24434070,137439,39297,24437129,137439
80df7284ed74c5b5,108438,93545958,102816,108435,93562916,102816,108436,93583621,102816
80e3e8c4bac4041f,113818,98901842,138760,113787,98914851,138760,113765,98912026,138760
80f7b16d223b714f,90810,75920227,130750,90771,75930183,130750,90756,75930556,130750
80f95e1e8d26c256,60956,46001603,130812,60988,46054745,130812,60963,46011278,130812
8110d50a825f0836,86247,71344428,137045,86209,71354930,137045,86192,71355374,137045
8117114281506d5f,95033,80121585,139485,94998,80137441,139485,94983,80132395,139485
81233f0d92b750eb,53882,38963488,141795,53848,38974367,141795,53837,38974674,141795
812816a5c958a3e9,85316,70401200,137374,85284,70414366,137374,85268,70412893,137374
8133e76f97800aef,61114,46179629,130761,61130,46195109,130761,61105,46189560,130761
813759950457dbf6,48145,33223749,136838,48115,33234997,136838,48096,33235280,136838
814d32a5993f38f2,98945,84025235,138788,98916,84035975,138788,98896,84036258,138788
81513c712f28d98f,26993,12100326,137313,26955,12110257,137313,26946,12110695,137313
815d951246a6c6f9,111259,96282524,131638,111217,96292899,131638,111203,96293233,131638
816cde12a3d42af7,111284,96321025,132378,111233,96330664,132378,111218,96331002,132378
817b295a8c1806ee,99009,84101619,139740,98978,84112530,139740,98959,84112708,139740
81848cf33ef5fe47,51960,37041387,139921,51925,37054699,139921,51913,37052856,139921
818bd1afd43ac055,111002,96021450,95496,111034,96028918,95496,111019,96029071,95496
818bfe6eca09512a,27083,12171630,137390,27050,12182476,137390,27035,12182102,137390
81a493712729c4b3,58515,43600993,138851,58486,43612072,138851,58466,43612096,138851
81b016942696b02b,95443,80541611,138809,95401,80551800,138809,95383,80552199,138809
81b35eab98fc1b59,52688,37760862,138678,52660,37771813,138678,52645,37772070,138678
81e3d6d410f990cf,87905,72981824,139111,87915,72993130,139111,87881,72993287,139111
81e52abfe4880320,98514,83605300,139711,98458,83619623,139711,98443,83616113,139711
81e5e58f90a6943e,102244,87325406,139541,102211,87335997,139541,102195,87336323,139541
81f0549804fedc4c,101876,86965524,140073,101836,86976022,140073,101824,86976447,140073
81f3ae7cf94b700c,56859,41966174,101414,56862,41985976,101414,56864,42008032,101414
8209f751dc654067,24447,9560316,137464,24413,9571582,137464,24399,9571764,137464
822207ef0a8e3224,87024,72125407,141519,86992,72138182,141519,86972,72135347,141519
8236345e65ff8951,32540,17603466,137120,32456,17616372,137120,32441,17613379,137120
8252facc2f846aac,66598,51684409,137884,66565,51694635,137884,66550,51695019,137884
825b6c5654e9b637,25893,10959024,130177,25898,10975577,130177,25880,10969319,130177
8265afc25c8290ef,75392,60460303,132483,75407,60470669,132483,75386,60471093,132483
827e0c8a390d557b,56132,41221435,141711,56093,41237909,141711,56078,41232384,141711
828057f602b723c0,60230,45324758,139076,60215,45335037,139076,60171,45335487,139076
8284b0b1f2f80aed,50811,35901085,139100,50768,35913615,139100,50750,35910851,139100
82b2843336362696,86809,71901214,137286,86765,71912888,137286,86750,71913726,137286
82b488d9a95405a7,74945,60045004,158478,74916,60063163,158478,74896,60056879,158478
82d21a5bab16b3c9,54336,39399765,130904,54346,39410397,130904,54332,39410671,130904
82fbb4070ff13f31,30881,15980242,136782,30832,15991086,136782,30821,15991456,136782
83041c69b46ff8f0,90457,75521426,138461,90444,75532479,138461,90429,75532783,138461
830745b6cebced57,69624,54682324,131683,69610,54692597,131683,69596,54692774,131683
833bcd5e617ed04d,116913,101971871,131974,116917,101982862,131974,116902,101982216,131974
8385561ef508690a,40901,25984061,137689,40863,25994995,137689,40852,25995416,137689
838c7577377dabbf,82869,67961007,136888,82839,67970987,136888,82814,67975276,136888
83c2a8d6de690475,99199,84301962,139977,99160,84318187,139977,99142,84312624,139977
83e6c3726daba6dd,73915,59021370,138485,73878,59032327,138485,73861,59032620,138485
84053b60f352d81c,119008,104085095,137789,118997,104095431,137789,118981,104095818,137789
8405f56e024f2790,30375,15460411,137788,30343,15476199,137788,30327,15470892,137788
8419a622e7451204,76500,61601291,139184,76456,61616793,139184,76441,61611428,139184
8420e03801b644e3,73431,58500010,131335,73425,58510205,131335,73410,58510595,131335
84593aa76dad4e09,103181,88262965,132380,103139,88272680,132380,103118,88273320,132380
848dd31901078bd6,114793,99848422,120788,114805,99858025,120788,114791,99858423,120788
849441f81963b947,34353,19440403,137024,34314,19451790,137024,34298,19451932,137024
84a863d8031da398,48799,33880798,137842,48765,33890876,137842,48751,33891248,137842
84a8db01400c7caa,29014,14120364,137469,28975,14130113,137469,28960,14132726,137469
84ab8d7a09062036,34618,19724066,138240,34591,19736913,138240,34569,19734191,138240
84b43b1939020e34,23871,8939151,130808,23870,8949648,130808,23852,8949979,130808
84c89d2793037742,62850,47909418,129356,62863,47919527,129356,62848,47923952,129356
84f3030ecb5db354,68489,53581527,141297,68453,53595343,141297,68434,53592211,141297
84f9957c253ba76d,88948,74061590,138324,88915,74076263,138324,88900,74073881,138324
85089e6aa6ae9730,98278,83344109,141574,98261,83354883,141574,98247,83355197,141574
853bd9088f2da481,77946,63015257,127563,77976,63025629,127563,77961,63025891,127563
854ab25ea496973c,109136,94241893,139843,109094,94255855,139843,109080,94256094,139843
855d5da29243b8c3,100268,85340573,132832,100261,85350730,132832,100243,85351084,132832
8566f0848a02cd4d,96648,81744927,138527,96610,81755309,138527,96592,81757882,138527
856e2ce98484dfb8,99384,84484266,141647,99350,84495612,141647,99329,84496010,141647
85b19fcb0f46346a,58613,43701111,139758,58583,43716669,139758,58563,43712437,139758
85cd99713e805a75,60321,45421776,138588,60306,45434119,138588,60258,45431778,138588
85ce9e606aaca696,17905,3012641,102919,17928,3037799,102919,17915,3036706,102919
85d70bc97f0318e6,62182,47280730,136171,62133,47290483,136171,62119,47292827,136171
85d8a0602bf51cdb,48709,33780887,139111,48689,33791075,139111,48674,33791504,139111
86117f9ee45bb689,87337,72421493,139318,87300,72432386,139318,87289,72432688,139318
8626e7c53c1bb576,104014,89121864,140229,103978,89132811,140229,103963,89133031,140229
8639551407c7dde7,40491,25600385,136764,40455,25615706,136764,40439,25610542,136764
86616b16762795ab,36638,21743747,136654,36605,21753926,136654,36590,21754377,136654
86691f112c7fa5bf,52718,37801268,140114,52684,37813306,140114,52669,37812852,140114
868a67fd7136f62e,41493,26580366,135947,41464,26594945,135947,41444,26595775,135947
868dea376b7dc962,32619,17703419,136953,32565,17714144,136953,32545,17714521,136953
86ad05a85dcd57c2,43417,28507042,175499,43396,28524853,175499,43373,28519896,175499
86bf1f930d568e6f,32384,17420219,136781,32352,17431542,136781,32337,17431664,136781
86cee14f0bd02fdb,104229,89322134,139820,104174,89333628,139820,104159,89333964,139820
86d1dd5b1f34fedf,101131,86180507,132308,101108,86190136,132308,101094,86191959,132308
86d4e6ddba67b33f,41728,26791987,115725,41758,26802589,115725,41738,26803081,115725
86d986e8ae6274e6,64675,49786548,122552,64671,49799919,122552,64656,49802281,122552
86de9ecfbb613705,66912,52004545,138462,66864,52014792,138462,66850,52015093,138462
8706592296f2cea7,81192,66301328,137589,81153,66312231,137589,81138,66312120,137589
87131344d1baea93,90930,76040251,131617,90893,76050697,131617,90878,76051008,131617
872c9a124e373cdd,99168,84261713,139408,99131,84274728,139408,99113,84272123,139408
87345d194b3e112c,59125,44181899,130766,59119,44191409,130766,59106,44191772,130766
873875475a63dfd4,112962,98020411,130742,112997,98032895,130742,112949,98029958,130742
8743cb5b485e3a5d,57494,42584109,138573,57437,42594526,138573,57430,42597516,138573
8796543b3ca54ce4,108869,93942344,139984,108844,93954923,139984,108841,93952977,139984
87993cef52a81499,111205,96222584,130226,111183,96232764,130226,111169,96233159,130226
87bbb07ebc058f21,23777,8838850,129454,23783,8849075,129454,23765,8854821,129454
87c5d03ddc49d676,31990,17073235,113045,32025,17082019,113045,32010,17082162,113045
87cbe52b079be21a,117126,102200634,131074,117098,102210537,131074,117083,102210954,131074
87d69deaf5b3b4a1,114984,100040746,132957,114984,100050657,132957,114970,100051054,132957
87e3b1a314f26eb9,104538,89646111,103054,104549,89664749,103054,104534,89665237,103054
87e5943eea8d8e8f,91872,76960358,132813,91842,76975856,132813,91822,76970471,132813
8824c81cb055800b,30221,15323413,137145,30182,15333486,137145,30174,15333876,137145
88276980f3ccde11,55298,40339763,131197,55318,40350059,131197,55300,40350323,131197
8829f3f88c9974b1,113850,98942151,140449,113819,98958682,140449,113796,98952802,140449
882c6526bc9bc93d,85164,70264482,136855,85127,70274854,136855,85118,70275191,136855
8877c6245e5b13cb,59755,44841067,138928,59723,44858312,138928,59713,44851585,138928
887be07e80879ede,25256,10340435,138244,25223,10351796,138244,25209,10352125,138244
88a99ca03a280d1d,97425,82524512,136927,97387,82534472,136927,97372,82534933,136927
88bde04c24952732,31123,16203552,137381,31091,16214329,137381,31075,16214693,137381
88d55896381278aa,81675,66782026,99866,81681,66800258,99866,81667,66800079,99866
88e598a8cab74315,86157,71244079,137388,86112,71254622,137388,86103,71255146,137388
88f4509d8dc64dd1,70967,56061254,139386,70940,56076122,139386,70920,56071535,139386
890a640a94102be3,70783,55884590,138814,70747,55894887,138814,70738,55897991,138814
890b895915fc0619,108988,94081475,137711,108947,94091545,137711,108940,94096146,137711
896a6601a14e3ae9,20126,5160051,136710,20111,5171829,136710,20096,5171744,136710
89a123abcd4649ec,83558,68641007,136855,83524,68654725,136855,83509,68651127,136855
89b2a3857dfcc8ff,49600,34700755,138074,49555,34711747,138074,49544,34717405,138074
89cfe62d46b6c978,55112,40146966,130158,55164,40158510,130158,55145,40156548,130158
89d1203dc3eab5dd,49036,34141066,138546,48992,34153735,138546,48982,34152458,138546
89d6ac4a2d0dab87,19886,4914783,132589,19918,4925772,132589,19904,4926089,132589
89e40ca859f7414b,34589,19700741,140019,34557,19718537,140019,34537,19711645,140019
8a054f5346f3cc43,44927,29999342,129923,44885,30009255,129923,44876,30009584,129923
8a065bc16396e42d,34558,19660909,136893,34516,19673770,136893,34499,19671100,136893
8a079fb997e42c60,67902,52984725,137764,67849,52995062,137764,67835,52995334,137764
8a187630207d2d52,83971,69041495,138671,83971,69052429,138671,83945,69052809,138671
8a1f53903ad82a1f,76624,61724421,137140,76586,61735131,137140,76572,61735442,137140
8a2167155e47a473,30600,15691713,136082,30565,15703829,136082,30547,15702746,136082
8a3120e950ad7083,43675,28760703,138184,43649,28770920,138184,43627,28771228,138184
8a5c05784de69f0b,80502,65604111,136297,80469,65616917,136297,80452,65614860,136297
8a611511716abbd2,68295,53381170,138530,68265,53391484,138530,68246,53391712,138530
8a844addf67a158b,117415,102521956,139679,117379,102532359,139679,117362,102532687,139679
8a8adb7a2bec7fe4,17655,2740495,138991,17622,2750692,138991,17607,2751151,138991
8a906f9323570e2f,34529,19623517,136628,34487,19636084,136628,34470,19634014,136628
8ac0b423c4b8dc0f,83058,68144217,136516,83019,68154276,136516,82993,68154719,136516
8ac25e7c8c3e72ca,106625,91700205,130649,106632,91710661,130649,106616,91710972,130649
8aef312cd919fe12,44432,29508993,113752,44450,29517024,113752,44447,29538740,113752
8afd4a12ca8786b9,47710,32803944,138367,47667,32814124,138367,47651,32814577,138367
8b004b33efc8cba5,20943,6040083,137197,20905,6050369,137197,20892,6050720,137197
8b11c63d8ca14a97,58868,43946444,117251,58874,43955616,117251,58860,43955863,117251
8b1c9c43d7214831,65545,50567414,113239,65594,50632292,113239,65574,50626901,113239
8b23735adf4b7cfa,96958,82041449,137473,96925,82051931,137473,96909,82052171,137473
8b3daaba8b49bd16,61869,46960797,137851,61835,46975158,137851,61820,46973953,137851
8b44571cf00bccd6,101015,86061860,139063,101023,86076255,139063,101009,86073852,139063
8b67d200c1857d1c,92100,77170607,132610,92112,77185216,132610,92097,77180201,132610
8b710021991338e4,41152,26243968,136986,41107,26255368,136986,41092,26255622,136986
8b89db636df2dd4c,90576,75645189,139539,90543,75656101,139539,90529,75656205,139539
8bca30deab0256aa,74100,59184536,137848,74067,59197335,137848,74052,59195173,137848
8bd679548a2c6dcd,20262,5320166,137101,20201,5333510,137101,20186,5336438,137101
8bd944a08968e1cc,103449,88524926,138752,103386,88535051,138752,103371,88535483,138752
8be12ed1fa49d2cf,83781,68839801,130371,83795,68855309,130371,83767,68850007,130371
8be6b6bd2eaefbd4,119683,104765286,138320,119648,104776169,138320,119633,104776420,138320
8bebe047874c3c15,58548,43624515,139019,58519,43637148,139019,58499,43634533,139019
8bed38102c10ab03,71196,56303420,102536,71191,56320170,102536,,,
8c0c4f55c39d76db,32151,17182787,130417,32176,17192563,130417,32160,17197280,130417
8c0eb3458cba2137,109824,94921474,136681,109775,94932275,136681,109761,94932511,136681
8c10cfe03de74de7,61205,46281021,137236,61205,46296079,137236,61182,46291413,137236
8c205a2ac1a75f3b,66501,51584033,138235,66470,51594291,138235,66455,51594622,138235
8c2352b25a91d34c,77126,62206193,128643,77132,62222642,128643,77117,62216681,128643
8c2d26ed4c5de498,62212,47320784,138106,62172,47334868,138106,62159,47333601,138106
8c3f7d72e41c12fa,23934,8999187,131026,23926,9008698,131026,23908,9011022,131026
8c70f5c9c0c36123,51927,37004420,139733,51892,37015422,139733,51880,37017641,139733
8c7147e75c1846fa,78765,63846907,136202,78734,63857359,136202,78722,63860798,136202
8c74901c0fd7bb30,105469,90561757,138906,105440,90572366,138906,105423,90572534,138906
8c825a14001d4838,98693,83801679,139153,98661,83814684,139153,98639,83812457,139153
8ca84c180f467960,41857,26899101,129136,41880,26909181,129136,41860,26909560,129136
8ca929ff0a0d75b0,106847,91920448,131478,106839,91930000,131478,106823,91930389,131478
8cad46e1291433db,22427,7540399,138076,22392,7556172,138076,22380,7554759,138076
8cf888ec26347b5d,49723,34824302,138309,49685,34834643,138309,49676,34837789,138309
8d05b16927c77e81,37396,22500471,137454,37355,22510335,137454,37340,22510820,137454
8d2f71dbd8eba920,73205,58282989,114851,73206,58294899,114851,73191,58294419,114851
8d3734236ab70475,100144,85202836,131407,100159,85214753,131407,100140,85212910,131407
8d4ea3560377a09d,68616,53704543,139877,68571,53718172,139877,68553,53715238,139877
8d6a75d37e55d950,81822,66879831,129326,81826,66889173,129326,81813,66889600,129326
8d81c42fdbbc5d46,95850,80941788,139181,95815,80954660,139181,95800,80951903,139181
8da51085cb9fea82,77445,62504721,137170,77433,62515263,137170,77418,62515577,137170
8db1aadd522b19aa,26557,11643302,154582,26527,11658486,154582,26508,11655051,154582
8dba28e3f28b5e7a,81347,66461179,137971,81312,66475351,137971,81300,66473776,137971
8dc97e38b315a027,29328,14420472,138084,29292,14434684,138084,29281,14435742,138084
8de9fa8fbb600711,72612,57721152,138867,72577,57732820,138867,72562,57733163,138867
8dec5f2d4a931f28,98338,83421699,138642,98313,83432512,138642,98298,83432757,138642
8ded3fa0dd16ed11,16907,1987469,159684,16875,1999668,159684,16860,1999997,159684
8e37cf67fc0ca2ae,97607,82701645,138941,97578,82713172,138941,97559,82713160,138941
8e3971dc247b8bea,102754,87820502,131546,102798,87864700,131546,102769,87830596,131546
8e40f4b3309cdee6,73302,58362091,131736,73302,58372237,131736,73288,58372528,131736
8e60a27f05b1d19a,23059,8160524,138984,23012,8171691,138984,22997,8171430,138984
8e749bcda04ab9ec,34499,19600472,137623,34457,19612123,137623,34437,19612118,137623
8e9533f0b8b4d70c,105819,90905290,139210,105781,90918458,139210,105764,90915836,139210
8ecbf75598eedd7d,57436,42521115,138814,57390,42531205,138814,57384,42533838,138814
8ecc1b8f0e43b41a,96893,81984821,157971,96862,81997309,157971,96845,81997711,157971
8ee825833e77cf0e,115369,100465729,139450,115325,100477162,139450,115316,100477484,139450
8ef3a9bb461be0a4,70661,55761319,139205,70618,55775037,139205,70599,55772908,139205
8f079144686230ea,102818,87880378,131147,102856,87895595,131147,102828,87890325,131147
8f194de961033589,67695,52759860,131507,67677,52770268,131507,67663,52770655,131507
8f196e05a61a1d15,15453,560131,137208,15412,571085,137208,15397,571411,137208
8f22ffa4c7c3d0f9,27179,12260781,139588,27147,12271144,139588,27131,12271546,139588
8f245b1052e1f896,29933,15000434,137302,29922,15010595,137302,29891,15011058,137302
8f456b5f79a6d724,16604,1700477,138938,16553,1712309,138938,16538,1712398,138938
8f52f4db5e0407a5,43327,28443209,152805,43301,28462505,152805,43281,28455222,152805
8f64c721051e2ec7,65078,50161287,137967,65056,50172442,137967,65041,50172590,137967
8f6d0cc7e3e4116a,30019,15100413,137239,29986,15110738,137239,29959,15111132,137239
8f94c8a597eb438a,72048,57124524,138440,72016,57134848,138440,72001,57135221,138440
8fa11265dc6b28c0,97303,82401345,137753,97256,82412608,137753,97240,82412624,137753
8fc2b8283185b5e5,42887,27879250,129948,42868,27891015,129948,42843,27888393,129948
8fc35db4f0c3b09a,26809,11900848,138359,26771,11911782,138359,26752,11912283,138359
8fd7d92b160c5572,43893,28982497,129431,43853,28994342,129431,43833,28993125,129431
8fe9c6b53b7fdf20,72017,57101157,139258,71984,57116038,139258,71969,57113963,139258
900bd9b519f337f2,68207,53320864,137616,68178,53335619,137616,68159,53331677,137616
902aaadf03f500cb,36578,21683644,136678,36544,21694404,136678,36530,21694801,136678
903fbd4988faf880,77913,62993687,129954,77944,63004145,129954,77930,63004292,129954
904bcf7d0bc08fb9,78307,63361225,138588,78270,63372427,138588,78255,63372552,138588
90562dbb2ed6e068,75873,60981022,137965,75835,60996511,137965,75820,60994677,137965
9066979c45a86004,67602,52660160,133007,67595,52669925,133007,67581,52673087,133007
9067d33b15bcb580,102031,87125378,139678,101984,87135831,139678,101971,87136169,139678
9067fc5579717230,96101,81160107,130765,96099,81170435,130765,96083,81170839,130765
9072fff7674a304a,25799,10858975,129684,25817,10869123,129684,25797,10869631,129684
9081125b2cfd7b36,65945,51001125,138694,65883,51011202,138694,65866,51011550,138694
908562d5f6c51f06,31406,16513045,96929,31427,16535106,96929,31413,16533323,96929
908abd098e7b84c7,36863,21943595,137895,36835,21954304,137895,36820,21954518,137895
908e2db844405224,71097,56192483,138335,71068,56203205,138335,71046,56203370,138335
9092520e6d33b8d2,80442,65541087,137372,80392,65551097,137372,80379,65551414,137372
90a970ba3a61c072,77979,63037102,128713,78007,63047375,128713,77992,63047637,128713
90b2d58f12da8bf8,28060,13141033,140971,28016,13152483,140971,28002,13152864,140971
90be80ab588c681e,80412,65504235,136562,80363,65514626,136562,80350,65514788,136562
90c1b460cb53dc0e,99730,84821809,139960,99690,84833063,139960,99680,84833303,139960
90d9e72268215f0f,28234,13340328,138048,28193,13351292,138048,28178,13351291,138048
90dd57df088ab277,101159,86220726,133474,101128,86235768,133474,101114,86230812,133474
90f567714db6a6ec,73677,58760973,137374,73643,58771223,137374,73628,58771606,137374
90fe5b638842781b,35032,20120758,138709,34997,20130916,138709,34976,20131237,138709
91143e3f7191ee3a,99504,84584820,138324,99469,84595745,138324,99456,84596081,138324
913e7f7aba308272,90301,75362023,141550,90305,75373256,141550,90290,75373500,141550
913fb0686b25746b,68647,53741098,138687,68601,53751862,138687,68583,53752202,138687
913ff4d3f5f52a39,55971,41060865,138669,55936,41071655,138669,55921,41071831,138669
9154a240b6978890,77159,62227902,128233,77164,62238070,128233,77150,62238405,128233
9154ae241d919577,88712,73800642,132860,88652,73811163,132860,88640,73815734,132860
917a0b103e541ad9,47553,32640431,136290,47509,32650854,136290,47494,32651201,136290
919f54566538c68f,61468,46564216,137587,61423,46574123,137587,61408,46574586,137587
91b9562ec1379ee0,60447,45561091,138924,60428,45572039,138924,60398,45572291,138924
91bfc2f82ed2471d,45719,30820631,137963,45676,30831271,137963,45658,30831489,137963
91cf3e70db58cc8b,106658,91722457,131455,106664,91732903,131455,106647,91733157,131455
91e5de542156315a,72210,57303808,153081,72175,57315389,153081,72160,57315780,153081
91f8c66259565423,115137,100203225,133299,115114,100213405,133299,115099,100213750,133299
9213c66c2c29615f,105694,90781627,139232,105661,90792176,139232,105644,90792530,139232
92190fce6e89ab76,108900,93981573,137723,108871,93992178,137723,108867,93992364,137723
9232b79941b07310,111466,96562150,140037,111414,96573125,140037,111399,96573394,140037
92345f7b544161ad,63798,48880983,138125,63768,48891842,138125,63750,48892192,138125
923a517f865136ce,40259,25341002,140548,40226,25351625,140548,40201,25351866,140548
923d837be6ac0d52,97928,83005332,115664,97933,83013746,115664,97919,83017998,115664
924695abcdeec1ce,66565,51661157,138379,66533,51671846,138379,66518,51672010,138379
92613078dcb07328,96412,81485149,139551,96380,81495884,139551,96364,81498625,139551
926148c95bd4fb90,114824,99880618,132302,114836,99891525,132302,114822,99891808,132302
926aa13dc796d125,91216,76300498,132980,91181,76310366,132980,91166,76310742,132980
9278698848134417,46870,31959440,129817,46841,31974909,129817,46824,31970505,129817
9284e932f1600a00,116113,101221757,139013,116073,101232397,139013,116058,101232762,139013
928f8fb804199d97,35407,20520881,138031,35372,20531717,138031,35357,20532106,138031
929d652c7a765a7f,54368,39421905,131200,54376,39431975,131200,54362,39432230,131200
92c9256fd43df307,42684,27687737,118874,42740,27789789,118874,42711,27697380,118874
92f3514f678373e3,55415,40461829,131559,55402,40471546,131559,55384,40471731,131559
92f937fbc7b0c576,87305,72384895,139090,87268,72396116,139090,87257,72396509,139090
933be7455e1ed6d7,95381,80481545,139127,95339,80496243,139127,95322,80491946,139127
9347b3a1179a2b0b,62090,47192602,139123,62046,47203071,139123,62032,47203309,139123
9353e458430204c7,75231,60300337,132433,75255,60350729,132433,75233,60311213,132433
937e2bb6e733c7b4,118693,103760477,130947,118706,103801342,130947,118690,103800823,130947
93879ee0110e69c5,16088,1138578,127300,16101,1147926,127300,16086,1148369,127300
939e76c1aecdca58,44780,29840552,137690,44769,29851688,137690,44763,29851843,137690
93a0dd85d1a25b2b,33919,18979324,131375,33925,18989656,131375,33908,18989990,131375
93a99eb4b77101c6,106879,91960452,132172,106866,91970699,132172,106850,91971023,132172
93ac847ec63a7196,51305,36401133,139923,51277,36415387,139923,51257,36414688,139923
93c4cbb203cb1f79,61236,46304133,137099,61229,46314334,137099,61206,46314704,137099
93de53bafcea7547,87586,72666743,131440,87615,72772766,131529,87578,72679462,131440
93fa0b737a5d3621,100893,85921793,139172,100923,85932262,139172,100909,85932619,139172
93fcf4f90ffaeec4,25924,10980900,129849,25924,10991478,129849,25906,10991864,129849
9405eeea698b6c50,57101,42159504,130472,57099,42169131,130472,57100,42171528,130472
94b7b7877ca33ec7,107585,92681855,138142,107552,92697259,138142,107537,92694703,138142
94c2d3795a9723e0,28382,13463469,137612,28354,13473647,137612,28334,13474078,137612
94c43b0e2352fe1a,35689,20780398,136658,35654,20791047,136658,35640,20791214,136658
94c8d9924c8a4c64,21037,6140358,137141,20995,6150753,137141,20982,6155159,137141
94d0ea97594adb25,19152,4240732,140312,19120,4251980,140312,19101,4252118,140312
953bf2a3c7ee2c08,83363,68444451,138190,83330,68454667,138190,83315,68455027,138190
9546fbb6827824b1,117006,102060511,130922,116999,102070033,130922,116984,102072603,130922
95649cb0fbbf69c7,113721,98804856,156299,113691,98816783,156299,113670,98817329,156299
958f8af2b673593f,82194,67264462,138332,82160,67274828,138332,82145,67275225,138332
95971756dd503a33,78222,63260148,131036,78209,63272982,131036,78194,63270048,131036
95b6d62f09ef8136,33363,18460667,139269,33323,18471367,139269,33301,18471448,139269
95bd1e8d6dd00c5a,54586,39659766,131528,54570,39675193,131528,54556,39670419,131528
95c36097a45b5a51,30440,15524167,153780,30407,15536437,153780,30391,15536683,153780
95cac356461af28f,21192,6300589,139566,21152,6311384,139566,21137,6311646,139566
95f99e04b561dde4,80206,65281125,137670,80194,65292160,137670,80169,65292384,137670
9605d33e2e69617d,93140,78226031,140063,93103,78239921,140063,93088,78236685,140063
9626dc4a36c9862d,56163,41243236,129273,56123,41252839,129273,56108,41253191,129273
96445bf21f701d00,97878,82985791,103734,97883,83002290,103734,97869,83002901,103734
964f55a6573484c6,63194,48260907,137747,63172,48271029,137747,63157,48271460,137747
9659dc29d603420e,108713,93780543,131815,108703,93790275,131815,108703,93790648,131815
965ebacb49117c63,23903,8961453,131602,23898,8973483,131602,23880,8972518,131602
96640b4cec94f854,119809,104901987,139258,119769,104912694,139258,119755,104912799,139258
9672553053d4c1d3,113501,98605451,137688,113467,98615778,137688,113452,98616084,137688
96889f478bb881ef,100731,85796904,118387,100774,85810256,118387,100760,85806040,118387
96a06f8ac9b473b6,31584,16639001,128277,31602,16652481,128277,31588,16648467,128277
96cf9438ef8236cb,34774,19863439,154694,34747,19874321,154694,34725,19874812,154694
96d63f68957ca6a0,25984,11058942,129388,25973,11069462,129388,25955,11069747,129388
96d8a9e180958eec,39069,24161668,137745,39026,24171827,137745,39011,24172149,137745
96eedb0646378c9a,28704,13800283,136948,28671,13814791,136948,28652,13810222,136948
96f0cda188c50514,92948,78022393,131568,92914,78032298,131568,92899,78032699,131568
96f575710bbfc8da,23808,8860997,130786,23812,8870691,130786,23794,8873485,130786
96f5f3bb86386cb8,104454,89541743,138981,104425,89554099,138981,104410,89551633,138981
9713792acab7c31f,60382,45484245,138062,60365,45494828,138062,60329,45495211,138062
971af0e7d78141a7,112415,97500612,131908,112380,97511157,131908,112365,97511157,131908
972f6f46b72f29d3,19247,4340471,139694,19210,4351554,139694,19191,4351890,139694
97725070bddc626d,47425,32505986,135404,47387,32516336,135404,47372,32516743,135404
9778cdd8e47af662,36400,21483709,137636,36352,21494250,137636,36333,21496373,137636
979073ce59769aab,19277,4363836,138152,19239,4374354,138152,19220,4374742,138152
9796eaac6998df8c,84600,69684590,155011,84571,69700440,155011,84556,69697372,155011
97a798263687b160,50840,35941049,139519,50793,35951412,139519,50777,35951764,139519
97a9a72d442fc080,58741,43824475,138987,58708,43834809,138987,58689,43835244,138987
97c5555dacf14fe6,18477,3559036,131546,18433,3569267,131546,18418,3569629,131546
980a6f4c07266456,74511,59604486,137980,74465,59614605,137980,74450,59617547,137980
981682240027ae65,85721,70799727,128065,85710,70815004,128065,85708,70809578,128065
9825ed98bfc6cb49,80753,65841266,138400,80720,65853103,138400,80705,65852492,138400
982b3284a56e60dc,115833,100920501,131070,115794,100929921,131070,115780,100930276,131070
98367abf34960488,55471,40541074,138391,55439,40552079,138391,55422,40552149,138391
984f49110daf13e7,48394,33459425,130733,48397,33469070,130733,48383,33473305,130733
98631eb3890da199,52379,37439749,132439,52386,37450161,132439,52371,37450585,132439
98a0ac852f2ff60b,33636,18720669,139163,33603,18736319,139163,33587,18736208,139163
98a41149835edec2,84211,69301153,136882,84168,69311932,136882,84146,69318616,136882
98ca40cd3ae28407,116637,101745561,103919,116652,101764017,103919,116637,101765098,103919
98e55794be96f01c,30972,16080581,137994,30941,16096277,137994,30920,16091340,137994
990aa570b1254e37,47803,32900371,135826,47760,32911310,135826,47744,32914044,135826
992f6a24439887de,46059,31141092,139003,46023,31151432,139003,46008,31151661,139003
994a3d1a7dddee53,53135,38221071,139901,53103,38235642,139901,53088,38231300,139901
994d7e722e743573,55874,40961810,143406,55839,40976436,143406,55824,40973989,143406
99508a7ecebde6ef,34969,20060457,137851,34936,20070912,137851,34915,20071103,137851
99510ba5654663f7,27853,12918985,129945,27849,12928404,129945,27835,12932872,129945
997808f728d74a4a,20288,5343493,137795,20218,5354487,137795,20203,5354892,137795
999af862a3830fac,112328,97440508,130836,112294,97453138,130836,112276,97450064,130836
999d5d49bca4d159,79580,64660931,136662,79548,64671313,136662,79533,64671659,136662
99a151a89ec6775d,18592,3683306,142927,18544,3694163,142927,18528,3694601,142927
99caf561d4e685c2,20070,5083078,130859,20070,5093750,130859,20056,5094017,130859
99e05929f1471b66,58482,43564536,140098,58453,43575123,140098,58434,43575542,140098
9a114698ce7254f6,117888,102981888,139000,117847,102993472,139000,117832,102993418,139000
9a15b222de7b69df,54555,39620831,130839,54544,39631175,130839,54530,39631427,130839
9a2a83c73eb5e588,69802,54879832,131212,69758,54891775,131212,69744,54889396,131212
9a31e61ef118f0f4,64794,49859664,130778,64789,49869639,130778,64773,49869810,130778
9a56d3cfb488e898,104588,89666249,118638,104599,89680837,118638,104584,89675498,118638
9a66d08e52109ae7,43954,29059130,129596,43911,29071772,129596,43895,29068969,129596
9a79b02f409ccd71,108650,93720418,131574,108643,93731371,131574,108644,93731583,131574
9a894c8ffd7c46b3,16400,1464775,140974,16379,1476234,140974,16363,1476580,140974
9a8f2bb25407a057,80146,65220905,136784,80147,65232154,136784,80121,65232359,136784
9a9c30d4d5906aaf,37999,23059172,130520,38004,23069170,130520,38004,23069443,130520
9ac3a73cbbf505fe,89420,74502258,131070,89377,74511767,131070,89365,74512088,131070
9ac8e41c3128fbdd,104750,89800297,130722,104756,89812421,130722,104741,89809963,130722
9acc7465ccca5050,118660,103732138,133331,118674,103800455,133331,118658,103799917,133331
9adf6fdb99402623,44102,29191053,130717,44067,29202437,130717,44052,29201466,130717
9ae7aa973dcea64c,71032,56121402,139663,71004,56131655,139663,70983,56132016,139663
9b1599cd772e8d15,106381,91465211,137794,106344,91478214,137794,106329,91475777,137794
9b1f91f74b0b9ac4,118724,103782651,131178,118737,103802192,131178,118721,103801751,131178
9b42d02984da70cd,107963,93061802,139408,107916,93074204,139408,107901,93074538,139408
9b479c69ee206fb6,73085,58181316,139316,73048,58191580,139316,73033,58191963,139316
9b707ba585af5656,118477,103562916,138116,118442,103572880,138116,118426,103573262,138116
9b9fc2b1a1b3100a,24792,9881124,132131,24750,9891501,132131,24734,9891755,132131
9bafc874409263af,86557,71643880,153497,86524,71655433,153497,86509,71655705,153497
9bafcda2557b217c,77566,62641107,137799,77537,62651962,137799,77522,62652201,137799
9bb8f92a8b680da9,111063,96058848,121926,111083,96068173,121926,111069,96068508,121926
9bc528a83e79ab95,65758,50781370,137327,65764,50792251,137327,65745,50798225,137327
9bd9efc482180de4,96530,81621490,138500,96478,81636434,138500,96463,81632018,138500
9c03e0ba01b74f2c,41183,26280945,139134,41138,26292101,139134,41122,26292468,139134
9c1053a131b029f0,101717,86801876,140431,101681,86812340,140431,101669,86815447,140431
9c263d86cf3ae30a,81981,67041176,137425,81977,67051693,137425,81963,67052010,137425
9c4d0548eb0c9000,16517,1600741,140523,16473,1610941,140523,16458,1613685,140523
9c567f0c95cae5d3,25418,10500369,138564,25384,10510624,138564,25369,10511029,138564
9c6c4739bf6f4675,73462,58540393,132310,73453,58551539,132310,73439,58551784,132310
9c71b40c3468da0d,72521,57621396,139901,72473,57632120,139901,72463,57632150,139901
9c76f1b7be538c37,97179,82265184,138559,97139,82276132,138559,97123,82276402,138559
9c8500c52e0d3649,59454,44541289,139820,59397,44552611,139820,59383,44552738,139820
9c998e658037fb34,15140,223543,137466,15101,234414,137466,15090,234846,137466
9cc8df68701423e5,24143,9223030,130148,24101,9233666,130148,24084,9234016,130148
9d0935760e0b1670,90900,76002406,131338,90863,76012263,131338,90848,76012573,131338
9d11e7fe22d461db,24054,9139140,129621,24028,9149655,129621,24011,9149802,129621
9d18802576ff1a12,78896,63981035,137621,78863,63992433,137621,78852,63992728,137621
9d1aadb12bfc20e6,41244,26343996,138530,41205,26354203,138530,41191,26354573,138530
9d25a67a52e5c328,115990,101084725,141517,115945,101097196,141517,115930,101094652,141517
9d5066d382f9115e,41460,26544177,138882,41432,26554797,138882,41411,26557727,138882
9d60d7271c94d82a,61083,46139466,130163,61103,46152283,130163,61078,46149044,130163
9d67bb001a0ba6d7,107030,92121520,138303,106994,92137389,138303,106978,92132044,138303
9d8d1eed46948def,17987,3054739,131598,18010,3068596,131598,17996,3067859,131598
9d96d6639403a0c2,117036,102100548,131900,117025,102111074,131900,117010,102111283,131900
9d9975c1c01c92fc,36103,21160749,128984,36118,21170357,128984,36093,21170687,128984
9de55a44aae9719a,79087,64181160,138152,79046,64192018,138152,79037,64192283,138152
9df4e9ba0b751700,53732,38841776,143432,53694,38853423,143432,53680,38853725,143432
9e19a413fdaa488f,84856,69944903,138716,84820,69955200,138716,84805,69957826,138716
9e42745a38a87c52,59820,44900873,137528,59787,44913653,137528,59778,44910968,137528
9e42f819c9182a42,76217,61301565,138159,76183,61312482,138159,76169,61312708,138159
9e60b588e30dd625,53330,38421424,140559,53295,38436038,140559,53280,38436192,140559
9e95f5d0bdc28e15,27632,12681354,130279,27648,12691826,130279,27634,12691786,130279
9ea2394c0ba37612,68833,53941231,139342,68796,53956641,139342,68777,53951458,139342
9ebf3ebfbda984aa,28118,13202142,129831,28062,13212272,129831,28048,13212648,129831
9ebfd6eca1c658ea,118947,104021457,136567,118944,104031211,136567,118928,104031574,136567
9ede2d8c6a68e2e0,28176,13280789,138913,28132,13291886,138913,28117,13292015,138913
9eece918ce7e0065,56908,41985466,114001,56912,41994000,114001,56914,42018553,114001
9eed9012d1db997b,72643,57744809,140190,72608,57755068,140190,72593,57758369,140190
9f36fe6d24efaead,69305,54385282,131253,69311,54399777,131253,69297,54395054,131253
9f6337cbb7c61327,44869,29940996,139187,44840,29956738,139187,44832,29951941,139187
9f8e75222e6fa67e,81100,66200968,136848,81055,66212371,136848,81040,66211795,136848
9faa878bab56af5d,90332,75385297,137583,90333,75395986,137583,90318,75396622,137583
9fb20a81a1fd0961,73238,58305245,131461,73238,58315007,131461,73224,58315318,131461
9fb75568fa910adc,100386,85464533,131289,100352,85474077,131289,100335,85474400,131289
9fb820f1c295daf3,43063,28101030,129436,42956,28110499,129436,42936,28110822,129436
9fc10e279f6985e5,38386,23480628,138134,38332,23490939,138134,38317,23491263,138134
9fce2ea5267cc4b7,88370,73397121,113454,88372,73406288,113454,88358,73406414,113454
a0070ad3c283fa82,48947,34041017,137742,48892,34051240,137742,48877,34051635,137742
a00aaf526d7e646b,101620,86715880,156497,101585,86728197,156497,101574,86728494,156497
a01cefc401d3b99d,27212,12300406,137710,27179,12310322,137710,27163,12314929,137710
a04f8a9fad506074,103513,88601899,140599,103453,88612635,140599,103438,88612949,140599
a0613759e3288f67,18052,3099240,131395,18073,3109315,131395,18060,3109749,131395
a06c350b48b96d85,101555,86642385,142516,101521,86652943,142516,101509,86653312,142516
a0707fe59da43d03,115340,100442207,139951,115294,100453105,139951,115283,100459432,139951
a089fa6c6204fa19,30504,15585833,135978,30471,15595950,135978,30454,15596337,135978
a09b5e5427412d87,50165,35247241,157350,50126,35259855,157350,50117,35260069,157350
a10874141c99b717,26426,11520678,137668,26398,11531947,137668,26379,11532082,137668
a1193f9d2996c753,39472,24560474,137687,39438,24571160,137687,39426,24571492,137687
a11c9506041a87a5,32950,18040376,137107,32926,18050550,137107,32903,18055533,137107
a12cdc6959d1f08c,36041,21099096,129367,36063,21108651,129367,36038,21109005,129367
a13a7463db6ce56e,91248,76340570,133458,91212,76351422,133458,91198,76351378,133458
a15eb29652644af0,50037,35120757,137511,50002,35131259,137511,49993,35131545,137511
a15eeb71e43a5de5,68771,53864981,139753,68727,53875394,139753,68712,53878125,139753
a16bd809547d42f1,70476,55564905,139685,70436,55577882,139685,70422,55575373,139685
a1e72ae8b43da41a,46841,31921137,128758,46817,31930681,128758,46800,31931141,128758
a1effd27ce52c399,39569,24660727,138047,39533,24674668,138047,39521,24671247,138047
a1fd0e6b91d25d87,89695,74797699,116075,89655,74805957,116075,89643,74808083,116075
a23ac1ffb3d90f01,115542,100622705,132072,115507,100632856,132072,115492,100633213,132072
a27200a12103ea42,34441,19540258,135980,34395,19555516,135980,34376,19550333,135980
a27b52b2b13ba4bb,58332,43440962,138840,58292,43453864,138840,58277,43451346,138840
a28706058b4666a7,116882,101940771,131668,116888,101952099,131668,116874,101951251,131668
a28db5d1c37f49e7,45531,30620654,137995,45496,30630804,137995,45478,30631084,137995
a2a46eaa326a82bd,95535,80641720,140118,95498,80652225,140118,95482,80652611,140118
a2a76707a7f72fbd,19853,4892314,114491,19888,4905808,114491,19874,4905835,114491
a2c112cb1348a3ce,66024,51101020,138492,65953,51111869,138492,65937,51112091,138492
a2d38af478a54cfb,19699,4814220,99142,19737,4829683,99142,19724,4829491,99142
a2dd1955d5f73cb6,91938,77020222,131823,91906,77030291,131823,91887,77030705,131823
a2e0f0c5f15025af,52833,37925049,140253,52778,37935693,140253,52763,37936055,140253
a308bed168e1c60d,94968,80061571,137801,94935,80072331,137801,94920,80073003,137801
a322130f06d9937e,55238,40279758,130500,55271,40295094,130500,55253,40289584,130500
a328afd5eaa48566,54076,39161241,140073,54040,39174608,140073,54029,39172957,140073
a3310c6144043fb3,116051,101145280,138535,116011,101155373,138535,115989,101155848,138535
a34ec343d0389770,44231,29319603,131650,44196,29329258,131650,44181,29334990,131650
a3716af90361310b,114222,99322621,141067,114174,99332501,141067,114166,99335358,141067
a3960fb6a8ae7c1d,61145,46203347,140475,61156,46216638,140475,61132,46213927,140475
a3bd1fde78d62467,51497,36584493,139451,51463,36594614,139451,51444,36595074,139451
a4151e9332af63ff,96259,81324451,141730,96247,81337522,141730,96231,81335132,141730
a44fb89863de954c,69498,54559817,131243,69497,54570095,131243,69483,54570370,131243
a468aa4ae314dbcf,69081,54161266,139025,69046,54172090,139025,69033,54172502,139025
a470392b036ac490,88518,73562689,131519,88488,73572791,131519,88474,73572823,131519
a4751132b74630b0,82643,67727167,155935,82615,67739322,155935,82594,67739286,155935
a4a93b6e2dd2c9ff,85381,70464407,137610,85350,70474766,137610,85333,70475080,137610
a4ac7a7811db6148,67540,52599824,132014,67537,52610529,132014,67523,52610778,132014
a4b0024ae460ffba,34264,19339355,131308,34240,19349512,131308,34224,19350159,131308
a4e5baa1c0ae0f79,57070,42121080,129324,57070,42134261,129324,57071,42132917,129324
a4f263c90f61cd7f,68894,54001303,139632,68861,54014566,139632,68840,54011837,139632
a50871267d516941,102188,87301778,138597,102155,87313949,138597,102139,87312929,138597
a515ee96fc1a1d4a,89782,74862460,131577,89748,74872009,131577,89734,74872297,131577
a54f8059bc4be3ab,31680,16720818,129916,31690,16730917,129916,31676,16731178,129916
a56f7536958ea594,100861,85893017,142775,100895,85905475,142775,100881,85904454,142775
a57fbe7c594a49db,86396,71481269,137994,86364,71491986,137994,86349,71492364,137994
a5863f4e7546467c,71748,56841010,137943,71708,56851389,137943,71704,56851714,137943
a5a250bf9e799eec,51653,36744840,140100,51610,36756210,140100,51591,36756573,140100
a5a58545452acd41,36928,22020704,138026,36898,22032688,138026,36884,22032127,138026
a5be284009a18cfd,113568,98681887,138737,113535,98696132,138737,113519,98692244,138737
a5f1b0de631bcfc3,51175,36261164,140749,51148,36274032,140749,51127,36271272,140749
a607bd7bdb3cdc06,80977,66064411,136836,80938,66074776,136836,80923,66075089,136836
a62a0a1d7bd18e30,110938,95989450,93413,110978,95996942,93413,110963,96001051,93413
a6563fc49ad8268f,80818,65901055,137744,80784,65912271,137744,80769,65912361,137744
a656d470536bf8c9,118134,103241707,138017,118097,103252956,138017,118082,103258125,138017
a65db1567c42dcf1,55554,40624660,139625,55496,40635819,139625,55479,40636145,139625
a65e11c81a503bd6,36134,21199145,129762,36144,21212942,129762,36120,21209462,129762
a676cad66b80abcd,24760,9843258,141990,24719,9853796,141990,24704,9854561,141990
a69ccb8979888f57,28922,14020475,137678,28876,14031582,137678,28858,14031888,137678
a6ba0b7cf46d7620,82549,67661122,137222,82515,67673639,137222,82501,67671176,137222
a6d1ce3c84533364,117569,102645318,138175,117536,102655149,138175,117522,102657916,138175
a6db1e633f1e9f9e,71627,56702423,131291,71602,56714647,131291,71602,56712687,131291
a6e0a1956c93e129,64294,49403749,154271,64256,49415189,154271,64243,49415553,154271
a7148a3d3e86ed49,18332,3399019,129506,18320,3414437,129506,18306,3408612,129506
a71b59b21cbd09b6,61052,46101479,130424,61076,46114043,130424,61051,46110963,130424
a724226cd7b854c6,43482,28574435,151759,43460,28592667,151759,43438,28585842,151759
a72b69e6ad30ed1f,117327,102422246,138794,117274,102432973,138794,117264,102435257,138794
a72bc8fc7448da3b,117699,102781813,138113,117665,102792625,138113,117650,102792872,138113
a72d69f8ca3f7356,43267,28363407,137154,43222,28376202,137154,43207,28374093,137154
a730732b7de7aa1b,28799,13900438,137042,28760,13914102,137042,28742,13910582,137042
a7455e4e8742364e,60567,45661039,138155,60542,45675719,138155,60520,45673807,138155
a7485fd3cfb98f49,109048,94141942,139349,108997,94152128,139349,108990,94152457,139349
a76c48265e850e1c,24696,9779986,133027,24658,9790022,133027,24643,9790429,133027
a799abf621ccce87,21253,6360273,137576,21215,6370316,137576,21201,6370704,137576
a7bebdd140e846b7,102309,87385561,139959,102275,87395447,139959,102260,87398922,139959
a7c1ad9fbe121d17,86066,71144522,137735,86033,71155386,137735,86026,71155782,137735
a7c6ada5c63bac1a,98574,83681866,139170,98538,83699284,139170,98519,83692663,139170
a7d00e16f5254c60,26362,11445556,138294,26333,11456756,138294,26314,11456972,138294
a82d747ab7813989,95288,80381488,138207,95240,80393732,138207,95225,80391788,138207
a83f15752fa82292,90840,75944149,132296,90803,75953893,132296,90788,75954450,132296
a85fc2aeeb3d06ab,41090,26184074,137719,41043,26194037,137719,41034,26194471,137719
a869c53843092122,37580,22661089,137646,37547,22670929,137646,37531,22673555,137646
a87d6904a7b134ef,112672,97809696,353282,112686,97873059,353322,112661,97838053,353322
a887b4e15a2b7fca,75933,61041288,138787,75895,61054877,138787,75883,61052930,138787
a89ec4b127e99f9e,85349,70441135,138042,85317,70452227,138042,85300,70452224,138042
a8ac35d1d8519f5e,19089,4179164,131241,19059,4189381,131241,19039,4189713,131241
a8cde768fc5b0ca4,68425,53503026,130792,68392,53516342,130792,68373,53513120,130792
a8e2ef0a04f8f49e,68709,53804757,138647,68666,53815391,138647,68651,53815605,138647
a902d198eafdf434,119777,104865020,139438,119739,104875800,139438,119724,104876152,139438
a9073b99add6785f,46929,32020523,136844,46889,32033702,136844,46872,32030968,136844
a92d2bb70df8415f,65785,50804954,139382,65783,50815152,139382,65764,50815592,139382
a937e8998a7dd541,51241,36324540,139332,51213,36338514,139332,51193,36334725,139332
a9385b3156e2bc19,37807,22872629,117834,37822,22881543,117834,37824,22899899,117834
a9420d2e3ed753a1,77713,62875503,338762,77741,62903861,338802,77726,62904385,338802
a9521217586cf187,75073,60206897,338650,,,,75057,60248942,338690
a97dc92256888971,50409,35479420,130688,50407,35489274,130688,50386,35489660,130688
a9a83a9bd572b9d8,35463,20543970,136998,35431,20554231,136998,35416,20554601,136998
a9cdbe0fa95e66e1,63073,48123765,136991,63070,48134373,136991,63055,48134754,136991
a9d32089112d3bc7,103830,88921713,139102,103798,88934355,139102,103783,88934881,139102
a9d6e125bb04e821,26871,11963796,138122,26828,11976904,138122,26810,11973972,138122
a9dac41de8aed2fe,87843,72921857,140530,87860,72933060,140530,87825,72932967,140530
a9e7f8d67c2a6fa5,113530,98641572,137963,113496,98651913,137963,113481,98652189,137963
aa0501be7a03e711,63862,48952382,137338,63830,48962873,137338,63813,48967926,137338
aa1942dcbe62e34d,22615,7700120,136665,22586,7711327,136665,22570,7711754,136665
aa1bb90c2b3d2cdf,33331,18431633,137625,33294,18442205,137625,33272,18442385,137625
aa1bf233eb5f024e,24665,9742714,131611,24628,9752903,131611,24613,9753191,131611
aa1bfb2f6aba3e77,49067,34180637,137833,49032,34190555,137833,49020,34195643,137833
aa280e5afa459daa,21505,6583670,137954,21472,6593954,137954,21457,6596775,137954
aa348861889dc599,24632,9720460,138907,24596,9735788,138907,24582,9731201,138907
aa37aca0b23272a7,77352,62419613,128664,77350,62429133,128664,77335,62429452,128664
aa592b4db2adf98e,68927,54041120,138120,68894,54051869,138120,68877,54052129,138120
aa5c9dce7a5cc666,31252,16340423,137930,31218,16351758,137930,31204,16352177,137930
aa64a51ca2161f95,96037,81100092,130525,96036,81116221,130525,96021,81110453,130525
aa6ddf98e08d377e,67664,52721946,129065,67650,52731937,129065,67636,52732217,129065
aa7507310859ce0c,23307,8420638,139038,23272,8432741,139038,23257,8431878,139038
aab07d4e8fa4418e,75842,60944734,138769,75805,60955337,138769,75790,60955682,138769
aabe9205062a6497,79960,65019613,128920,79989,65029244,128920,79959,65029648,128920
aafa17075f170bc9,102124,87225300,139211,102090,87236591,139211,102075,87239001,139211
ab0e49de34548817,32088,17141126,114177,32118,17149436,114177,32103,17153256,114177
ab169014a251c4b6,44809,29864023,138816,44792,29874749,138816,44786,29874947,138816
ab2b2ab04239df20,31742,16799081,130301,31744,16809413,130301,31729,16809681,130301
ab670d511e263a53,81007,66101025,136932,80967,66111892,136932,80952,66111781,136932
ab6ac4738dcbfe59,25321,10401173,139508,25288,10411607,139508,25273,10411798,139508
ab76d8adea891af9,29561,14614397,130146,29604,14623938,130146,29564,14624276,130146
ab8017bed2672bee,63702,48783496,152655,63673,48794977,152655,63656,48795428,152655
ab810ff5693f746a,92738,77840310,131947,92691,77849846,131947,92679,77854772,131947
ab948c773a7b084c,43240,28340252,136284,43192,28351689,136284,43178,28352039,136284
aba859096f7d1dd9,92535,77605427,139063,92502,77615503,139063,92487,77615853,139063
ac0bf51e8cee3d7e,83493,68583941,154451,83459,68595551,154451,83444,68596103,154451
ac0e6bdcce162e58,37515,22600410,136771,37482,22610643,136771,37467,22610958,136771
ac1fd352c05488b8,37482,22564126,137666,37450,22573991,137666,37434,22574488,137666
ac33c0151be50a7e,52951,38061131,140327,52913,38072097,140327,52898,38072380,140327
ac48ccbe3f9b7c5e,50069,35161055,138473,50034,35172630,138473,50025,35172222,138473
ac4f04bc0b37550a,98026,83082620,131375,98029,83092223,131375,98015,83092579,131375
ac4fdba5f408a4bd,48362,33431486,131473,48365,33440846,131473,48351,33444316,131473
ac63f3009b368da4,112234,97340593,131913,112196,97356933,131913,112177,97351257,131913
ac7a6c606603deef,111387,96464880,157392,111318,96477316,157392,111303,96477533,157392
ac901397cb2f9017,91623,76723511,131998,91585,76734065,131998,91570,76734301,131998
ace06ba3a185cc2b,106188,91265935,139707,106154,91279276,139707,106138,91276428,139707
acfdf2c5a4e24fec,49538,34623937,138470,49497,34634322,138470,49486,34637227,138470
ad3e604934905024,103579,88661729,139007,103545,88671990,139007,103530,88672331,139007
ad4049de301e3e4f,20621,5706047,153804,20588,5717500,153804,20576,5721130,153804
ad4437aac0382c36,77414,62481184,137377,77406,62496437,137377,77392,62494177,137377
ad4e26902ddf02c9,109077,94181818,137595,109033,94192271,137595,109018,94192593,137595
ad5b30b1f957d78f,23840,8899458,132223,23842,8909025,132223,23824,8911983,132223
ad5c102dcc231d12,33603,18683574,137244,33570,18693731,137244,33554,18696742,137244
ad6275d008588d2f,116586,101728295,348631,116594,101757555,348671,116579,101757853,348671
ad81c7211f3b6904,79516,64601356,138648,79483,64616846,138648,79468,64616786,138648
ad8214c669cded3a,37774,22852685,115252,37789,22862893,115252,37791,22888705,115252
ad916b63c07ce1b3,78251,63301858,141263,78231,63315896,141263,78215,63312326,141263
adcacf9675543d58,113412,98503138,132798,113360,98512977,132798,113349,98513344,132798
adcf06cf974634fd,60989,46039760,129721,61018,46055584,129721,60993,46049666,129721
add3adb9a9fd54a8,44328,29473158,380832,44340,29503301,380872,44332,29515212,380872
add724469d1d0ba6,105501,90588169,156545,105472,90604222,156545,105455,90599645,156545
ae0d2da2f326a327,55841,40921795,130984,55806,40931329,130984,55792,40931647,130984
ae2e6bb7bf3e7733,91808,76882527,131015,91778,76894773,131015,91758,76892238,131015
ae397cb135fc824b,15667,760260,136937,15634,770879,136937,15623,771122,136937
ae3f9dce67f06034,29991,15063228,136786,29966,15073728,136786,29937,15074086,136786
ae5c95fa896ebc10,85574,70681187,98016,85564,70696391,98016,85562,70713031,98016
ae708883d9e24486,105789,90881746,139160,105752,90892292,139160,105735,90892570,139160
ae8b54ee95046a12,93859,78945635,140429,93830,78959095,140429,93810,78956510,140429
ae96596672254b50,110133,95221696,138799,110100,95233225,138799,110086,95233401,138799
aea854e57edc5e12,34234,19301385,130841,34215,19311590,130841,34199,19311581,130841
aeafad4fd5759779,74450,59541273,138705,74407,59551919,138705,74392,59552279,138705
aeb133e331a92798,27760,12818909,129350,27767,12831891,129350,27753,12828844,129350
aeb988fbe1492dd1,108585,93642556,131644,108580,93652475,131644,108581,93652656,131644
aec2224388a926e0,16340,1400745,137280,16329,1410962,137280,16314,1411338,137280
af23bc2136ef476f,101242,86320564,131894,101186,86335384,131894,101172,86330669,131894
af375ccc494a3cca,118541,103668236,346702,118533,103712452,346742,,,
af3fd8f457b61eb8,77033,62167922,337105,77034,62196641,337145,77019,62197193,337145
af54653949ee55cc,33668,18743746,136313,33635,18753943,136313,33619,18754338,136313
af8351aa176c8723,15329,431370,136339,15282,441684,136339,15271,446740,136339
af917665b2482cce,117183,102260669,132356,117144,102271086,132356,117129,102277092,132356
afad5dadeaa8303e,28512,13603174,153264,28483,13614412,153264,28463,13614896,153264
afd75a73e95d4a45,22935,8020381,138273,22894,8030915,138273,22877,8031222,138273
afe22a8295f5fedc,51465,36560978,140147,51433,36571870,140147,51413,36571715,140147
afebc4b23d720d6a,58709,43801027,138014,58678,43811620,138014,58658,43811636,138014
b03811973d978232,25672,10720987,128975,25698,10762524,128975,25678,10758135,128975
b0459ff6218668f6,109197,94301585,138217,109155,94312045,138217,109144,94312330,138217
b05e93a55068f2d4,38688,23783531,154387,38656,23799752,154387,38641,23794675,154387
b074b6a1d8345745,63455,48560696,137034,63412,48571465,137034,63397,48571338,137034
b08956fd058c2cfb,49006,34103912,138983,48962,34113925,138983,48952,34116726,138983
b0b3fa67ac628351,29690,14738959,129397,29725,14748721,129397,29686,14749165,129397
b0baf7a3349f33b7,83634,68741878,101209,83651,68775515,101209,83622,68756776,101209
b0c9379623109fe0,82164,67241031,137694,82135,67254764,137694,82121,67255507,137694
b0e28b926d6650d1,36669,21780717,136838,36636,21791260,136838,36621,21791323,136838
b0e62824ca640d71,23964,9039363,131472,23952,9053830,131472,23935,9050048,131472
b11d86ca81bf6d2e,113656,98741821,139145,113627,98753572,139145,113606,98753573,139145
b131170ab73b79c4,60827,45904324,114763,,,,60837,45960725,114763
b1340810b5f7415f,78707,63823948,154179,78677,63835945,154179,78661,63836274,154179
b1375782566d748d,79428,64541515,138138,79393,64552359,138138,79378,64552611,138138
b13bf9191825eeab,30105,15200413,137762,30052,15211926,137762,30037,15212050,137762
b166217734881ece,53297,38381416,141806,53263,38392304,141806,53248,38392644,141806
b16b8fe85eab8836,61175,46240790,136979,61180,46253204,136979,61157,46250529,136979
b193a9cc775b655b,54674,39743529,141673,54642,39754689,141673,54628,39755140,141673
b194cb7cb28b71d8,57553,42661075,138671,57512,42671343,138671,57499,42674983,138671
b195cf0f50b72a41,16247,1303397,137724,16249,1313707,137724,16233,1314168,137724
b1a61b2f554a5cb9,72367,57461703,141340,72326,57472904,141340,72312,57479056,141340
b1c1864bb6263ed8,29658,14700985,130218,29696,14711136,130218,29656,14711501,130218
b1e3c913e4cf4acc,92355,77420630,132744,92351,77434609,132744,92336,77430210,132744
b213f9ea5894bfcd,114500,99583737,133768,114471,99597191,133768,114451,99597225,133768
b23c1a78dc0648c7,36254,21321290,130235,36241,21331757,130235,36218,21331884,130235
b25d916c8fadceb4,94073,79140329,130875,94071,79150432,130875,94056,79150821,130875
b26e399448f8c96f,38328,23420798,139182,38277,23430773,139182,38269,23435549,139182
b26e98c15c9679e1,94629,79724935,139358,94591,79739441,139358,94570,79735628,139358
b276af042ee67917,80567,65681090,136566,80533,65692279,136566,80518,65692309,136566
b2788577b0f951f5,24567,9663115,153354,24533,9674515,153354,24519,9681034,153354
b27e315fb1eaca3b,40740,25823866,138778,40706,25834245,138778,40693,25834660,138778
b2a277caa719cabd,119277,104381828,138590,119235,104396778,138590,119220,104392776,138590
b2b1f4ccea5e6b0e,26963,12063454,137503,26925,12073789,137503,26916,12074214,137503
b2b1f8613363b712,107488,92581553,137999,107455,92595880,137999,107440,92593930,137999
b2b82dd406c27f0b,76022,61104487,138348,75990,61116167,138348,75975,61116101,138348
b2c5da8d14cff2ec,110036,95121743,138955,110003,95132982,138955,109989,95133018,138955
b2cad1b5c843268a,61323,46401060,138611,61296,46411886,138611,61274,46411879,138611
b2e1b573b15fa627,75546,60619833,130780,75541,60629692,130780,75521,60630148,130780
b2ed0a2e0104fc2a,89069,74155089,183055,89036,74172786,183055,89022,74173008,183055
b3133da927cd0cc0,90606,75682026,138650,90568,75692639,138650,90553,75692914,138650
b3296d98446573b3,35127,20220562,138367,35086,20230947,138367,35075,20250471,138367
b34c394f25457b2d,69684,54741755,131260,69662,54779464,131260,69647,54751913,131260
b3872a83e5751c4e,21537,6620420,138452,21503,6631137,138452,21488,6632724,138452
b39bf27d81db781d,111728,96829932,185345,111695,96843820,185345,111680,96851306,185345
b3bfacf1c144c7c1,69209,54345622,338263,69210,54372491,338303,69195,54373255,338303
b3c34ef83debd6da,114162,99261670,138491,114115,99272075,138491,114102,99277377,138491
b3cde8fa720edb46,36518,21620654,137886,36474,21631072,137886,36459,21631449,137886
b3d250a5b1295e6e,42245,27324146,135525,42195,27336533,135525,42178,27333801,135525
b3df7dfd7b31a583,85655,70724596,128554,85645,70737131,128554,85643,70734383,128554
b3f3842a1f644bd0,95753,80841331,137591,95720,80857769,137591,95705,80851905,137591
b4133474c042ea55,22254,7340501,139000,22195,7355254,139000,22180,7350816,139000
b427ef3525a9bde4,103737,88823217,132697,103705,88832931,132697,103691,88833295,132697
b432d251ce13d609,39130,24224003,137739,39084,24234852,137739,39075,24235251,137739
b45e4a597a6a057b,65813,50841080,138484,65802,50856017,138484,65783,50856051,138484
b46b510334eaf235,36009,21060824,129840,36034,21070311,129840,36008,21070679,129840
b476b23e86a7cf98,74847,59941114,138504,74819,59952268,138504,74799,59952284,138504
b4903cf34db56c4a,31187,16280547,137532,31155,16291479,137532,31140,16298498,137532
b4add1eafb128a0c,18211,3259309,131970,18219,3269142,131970,18205,3269586,131970
b4afda09c730bc28,104421,89505095,139404,104393,89517524,139404,104378,89514971,139404
b4afddf9a1477247,116458,101542036,138784,116427,101552228,138784,116411,101552609,138784
b4b2fd3cee6bed6d,69860,54943711,140308,69805,54954562,140308,69790,54954917,140308
b4b8430d9aa2b8ec,40373,25463961,138573,40322,25474007,138573,40311,25477215,138573
b4c0992f07893f5d,32302,17317431,141176,32296,17333183,141176,32281,17327848,141176
b4d1e885e74a1aed,28861,13960476,137850,28819,13971553,137850,28800,13971486,137850
b4dc7a24193566f2,51528,36620847,138254,51492,36630881,138254,51473,36631255,138254
b4e2fe99ee0da305,105534,90624334,155091,105504,90636327,155091,105487,90636644,155091
b4f7eeace2a739e6,32437,17480228,135931,32388,17490615,135931,32372,17491016,135931
b523b398a003fec1,118916,103984076,140199,118916,103994178,140199,118900,103994546,140199
b5260c50305d27eb,39538,24620430,137173,39502,24633396,137173,39490,24631129,137173
b5282bd1fbb50e76,44839,29900689,138207,44816,29911881,138207,44810,29912100,138207
b53367b84f1affb7,47864,32963975,137700,47831,32976965,137700,47810,32974136,137700
b548a1ac247e987c,92980,78062358,141290,92946,78072769,141290,92931,78073205,141290
b596e882b259bb4e,23565,8672860,101178,23576,8695912,101178,23557,8696634,101178
b5cff326920fb805,62275,47381143,139365,62240,47391278,139365,62224,47391629,139365
b5ed584ca175bf72,87273,72361390,139200,87238,72373255,139200,87225,72373399,139200
b5f2044ff2e9ba08,38912,24000332,136845,38877,24010215,136845,38862,24012593,136845
b5f7e636883a0768,59981,45064822,138232,59946,45075392,138232,59935,45075693,138232
b61051d832d68dbb,27696,12741007,131026,27708,12753572,131026,27694,12752505,131026
b6483fb2fd84c9de,20010,5019191,129076,20024,5032226,129076,20010,5029130,129076
b663f5ee2310bad7,74035,59121481,140405,74003,59132012,140405,73988,59132316,140405
b6821b9003939266,41428,26520754,137524,41400,26532017,137524,41380,26532074,137524
b68302ad910f203d,53010,38121020,139201,52974,38131519,139201,52960,38131780,139201
b68ac24fa8d78f35,113754,98841617,138463,113724,98852875,138463,113703,98852625,138463
b6a02ebf63815bad,69773,54842058,130704,69735,54854742,130704,69720,54851732,130704
b6b5d76641212d37,118012,103105131,138120,117963,103115581,138120,117949,103118294,138120
b6c9419675e0592d,55609,40700784,137951,55552,40711374,137951,55537,40711502,137951
b6cd490c6d668e99,37055,22140274,135877,37023,22150749,135877,37008,22151112,135877
b6d8b6337cf18a06,117355,102461778,138157,117313,102477150,138157,117300,102474551,138157
b6ec3242a98aa701,76906,61984356,137481,76872,61994417,137481,76857,61994772,137481
b6ee824f645ef863,35495,20580668,138214,35462,20591569,138214,35448,20591798,138214
b738a0f15cced1cb,102850,87902931,133349,102884,87913135,133349,102856,87913464,133349
b7689381e574b571,56623,41704228,138544,56590,41714927,138544,56576,41715210,138544
b776a8a22fbab76a,78470,63561021,137180,78412,63571588,137180,78397,63571531,137180
b782557cfc42b797,118628,103705130,116120,118642,103799529,116120,118626,103799159,116209
b7826615f9e7ac07,112576,97661714,138432,112538,97672177,138432,112525,97672251,138432
b789763397501c5a,38241,23320462,137478,38208,23331581,137478,38203,23331231,137478
b78e6097a82dd29a,55722,40822827,130771,55682,40832402,130771,55668,40832672,130771
b7948085870169ad,19309,4400636,137758,19268,4410983,137758,19250,4411295,137758
b797eb6f4c31790b,103239,88340525,132631,103192,88350776,132631,103177,88351036,132631
b7ab35d46fa0db0a,94718,79825203,138269,94686,79838133,138269,94672,79835907,138269
b7cfb30427a7d168,67814,52883455,141068,67777,52894274,141068,67763,52894454,141068
b7d0211540f24c1a,110398,95505587,103792,110400,95522512,103792,110386,95524664,103792
b7ef481bccf1a68c,16279,1340322,138117,16277,1351080,138117,16261,1351102,138117
b7f88894778f54a8,96228,81300451,131087,96218,81310468,131087,96203,81310890,131087
b86745391e4ac5b7,18927,4023681,156218,18900,4035614,156218,18880,4036086,156218
b87f7ae4d083530c,35528,20603625,135665,35495,20613323,135665,35481,20615777,135665
b88aee413e966569,108838,93902488,131276,108817,93914418,131276,108814,93912728,131276
b89d6cad29c43587,44719,29780727,138178,44718,29790752,138178,44713,29793728,138178
b8b1700967808c33,61933,47020940,137935,61897,47031106,137935,61882,47031389,137935
b8e9beb586684fd2,103064,88140745,133821,103055,88153850,133821,103031,88151030,133821
b9086bf26a7d06ec,61352,46440951,138850,61318,46456175,138850,61297,46454279,138850
b90b8a2230101453,93044,78125645,139787,93009,78135836,139787,92994,78136364,139787
b90cc19f7df46a19,70220,55304692,156463,70187,55316869,156463,70173,55317221,156463
b90fdc46d521a8c5,40113,25179523,131232,40115,25189452,131232,40086,25189712,131232
b91d57d0d0e2e36a,78525,63620849,136278,78472,63630930,136278,78457,63631151,136278
b92c4e6e088d5746,94903,79984690,138686,94871,79998500,138686,94856,79994819,138686
b9389bd41f2cf622,34904,19983704,137539,34873,19996407,137539,34852,19993496,137539
b939b09b7661f77b,115896,100983227,133720,115855,100995058,133720,115841,100993067,133720
b94088381349205c,87812,72880261,132414,87832,72890429,132414,87796,72890711,132414
b95c26348034f6dc,82224,67301243,138277,82185,67311700,138277,82170,67312043,138277
b99f56193943bd8f,74815,59901293,138688,74787,59912506,138688,74768,59912816,138688
b9a5bac7b21d38c6,80913,66001101,137320,80876,66011262,137320,80861,66011480,137320
b9b40d459a665cd5,93890,78981788,140689,93861,78995236,140689,93841,78992012,140689
b9b9490629cbc896,87054,72161614,138987,87022,72171948,138987,87002,72172302,138987
b9bba28c7e74dee1,46811,31899367,129570,46793,31909321,129570,46775,31909584,129570
b9d3770b0c19785c,62736,47843311,100398,62749,47862053,100398,62735,47863099,100398
b9ec66774d7bfd81,41363,26443972,137768,41335,26456730,137768,41315,26454404,137768
ba0dd200b098bfd9,117448,102561867,138020,117413,102572741,138020,117398,102573110,138020
ba0f8007525fb06c,108681,93742702,131775,108673,93752512,131775,108673,93752896,131775
ba37ee9ed1e3a494,69337,54407516,131834,69342,54422950,131834,69328,54417833,131834
ba44c4e887cf2fee,106817,91882669,131753,106812,91892806,131753,106796,91893094,131753
ba49824cadb853f3,15942,1049421,97547,15958,1069228,97547,15942,1071251,97547
ba4a3fcda86c4dc6,40345,25440519,137889,40292,25450685,137889,40279,25455142,137889
ba6250c547ca801c,92133,77193073,132597,92144,77205336,132597,92129,77205726,132597
ba6fd93004571be5,105026,90100528,132715,104996,90114661,132715,104981,90110256,132715
ba76ca457230a264,99633,84721517,138813,99596,84737240,138813,99585,84732257,138813
ba7f05676a6dc8c4,40432,25540689,137470,40393,25551886,137470,40377,25552204,137470
ba8afc573dc3a0be,50195,35319655,352552,50191,35353499,352592,50170,35347017,352592
ba90e87971e5e2fa,63548,48661630,137702,63513,48676805,137702,63500,48674364,137702
ba9fe16ce3a40839,55442,40501443,141265,55420,40511907,141265,55403,40512184,141265
bab437dd045d43be,78612,63721067,137139,78577,63737857,137139,78558,63731892,137139
bac325d7f94433b4,57988,43081204,140368,57954,43096302,140368,57939,43091456,140368
bad5d1ccb2b1970a,28609,13700102,136555,28578,13716119,136555,28559,13710799,136555
bb02b51ef1e73c96,71984,57064593,137846,71951,57074605,137846,71936,57075021,137846
bb0b4b6d86207608,71778,56864535,138923,71733,56874510,138923,71728,56874982,138923
bb0fb14f1bed8001,32761,17863696,137384,32728,17876059,137384,32708,17873817,137384
bb19d3444ddb93c5,25704,10758855,129090,25728,10768450,129090,25708,10768961,129090
bb1d8f2ebbafed6f,32885,17968826,153596,32861,17981164,153596,32839,17981426,153596
bb4d607dc980ddb3,72926,58004755,139089,72893,58015121,139089,72878,58015557,139089
bb64f9e410f3d6d0,15732,820321,137813,15698,830673,137813,15687,831039,137813
bb7571f89db3f04d,17784,2863724,138810,17750,2877233,138810,17736,2874296,138810
bb9c96dfd14e8e8a,82428,67541100,136106,82393,67552026,136106,82378,67552327,136106
bba91cc22ee69053,23181,8283547,137258,23144,8294100,137258,23129,8294460,137258
bbc2901b31f6df81,33984,19041242,128999,33987,19052279,128999,33971,19052544,128999
bbd0b0b6f5a87dcf,106349,91441944,139144,106313,91452822,139144,106298,91460106,139144
bbe63fa0f13fd31d,44562,29601121,129084,44576,29610571,129084,44573,29610936,129084
bc0029c9b817e227,17227,2322465,131075,17187,2332629,131075,17172,2332608,131075
bc078a2b73f3d093,109700,94801825,138267,109659,94813088,138267,109644,94812798,138267
bc088af7e827117d,90426,75484678,136979,90417,75495521,136979,90402,75495884,136979
bc1057d6cb2bc37e,74197,59281247,138047,74163,59291717,138047,74148,59292067,138047
bc3b3df4106eab18,109606,94701662,138864,109569,94712653,138864,109554,94712912,138864
bc57fb8efb1fd5e5,31711,16759689,130443,31717,16769956,130443,31702,16770273,130443
bc6bdfe849d94683,49444,34541028,138136,49406,34552305,138136,49396,34552155,138136
bca217a53aeecacc,97395,82501403,138005,97357,82511770,138005,97342,82512181,138005
bcf36b00c63fbcf5,87537,72644529,101983,,,,87529,72669628,101983
bd252698d9fa2612,48918,34004037,138435,48864,34014418,138435,48849,34014876,138435
bd2b6ff7949aff1c,91087,76181567,137915,91053,76193330,137915,91038,76192519,137915
bd3978d0a2a30827,28576,13666408,137955,28546,13677342,137955,28527,13677720,137955
bd4b08e099f241dd,28736,13823439,137302,28701,13836557,137302,28682,13833473,137302
bd6075b7613457f5,16370,1441027,141785,16355,1451841,141785,16339,1452110,141785
bd610c196ff96500,43111,28179186,129819,43030,28189126,129819,43015,28189404,129819
bd6ecf6dfe586da0,22712,7800483,138810,22682,7811091,138810,22665,7811238,138810
bd797a387dcb1e8a,55358,40399771,131189,55362,40413024,131189,55344,40410313,131189
bdcad12440a2d386,82104,67180823,135224,82084,67191320,135224,82070,67191636,135224
bddec5b1492b8472,28147,13239438,131218,28091,13249494,131218,28075,13250059,131218
be2acdf5e8988de6,77506,62580961,137011,77487,62596363,137011,77472,62596562,137011
be3c69b4559fe070,79119,64212371,137273,79076,64227986,137273,79068,64222795,137273
be400425f4152dfc,72582,57685294,140473,72546,57695507,140473,72531,57699475,140473
be5c80018f297dd8,30695,15780741,137375,30657,15790976,137375,30637,15791287,137375
be6cfb306e836184,114857,99902693,130806,114867,99912740,130806,114853,99913145,130806
be6f172bf67adf28,66160,51261089,138663,66113,51271719,138663,66100,51275453,138663
be867758e35bdf91,17504,2603931,138516,17467,2614156,138516,17452,2614574,138516
be95e28a15838c77,103004,88082471,143786,103010,88098957,143786,102985,88093278,143786
beab51e736806471,20687,5782891,151713,20653,5793753,151713,20641,5798925,151713
beadaf0fc584f34d,22457,7563990,139844,22429,7574587,139844,22413,7574958,139844
bec5faeb6fe045c8,83877,68941600,140240,83886,68953140,140240,83859,68952318,140240
becb72f21fe9e390,117298,102385678,138834,117244,102395642,138834,117235,102398555,138834
bed191f7066e3313,25953,11019112,130443,25948,11028977,130443,25930,11029381,130443
bed8f7e224c13759,106123,91203115,133107,106089,91213051,133107,106074,91213481,133107
bedcc504664ca138,46435,31499393,129989,46453,31548674,129989,46435,31544913,129989
beef2614a1a66a77,42621,27651690,94036,42688,27788570,94036,42658,27659738,94036
bf701ce5701e23d2,48858,33944030,137022,48814,33953998,137022,48799,33954539,137022
bf7e975f71cbe2e5,93267,78360291,131959,93225,78370862,131959,93210,78371103,131959
bfac2f3e5e94dcc6,92882,77962917,131737,92848,77972959,131737,92833,77973256,131737
c00a104265364d89,106445,91568723,348899,,,,,,
c01941ccded7ccea,107994,93101517,137818,107955,93116069,137818,107938,93111613,137818
c03b9827b960befe,23712,8778931,129491,23720,8789328,129491,23702,8789566,129491
c0484379dea14ec6,19463,4563636,137640,19425,4574856,137640,19410,4574761,137640
c056d4f30f12396e,56940,42005361,117193,56943,42014362,117193,56945,42027315,117193
c06b0a58d91bb7ea,99415,84521527,138512,99380,84531773,138512,99359,84532044,138512
c0974fc8b8fa1164,40552,25661009,137785,40519,25671254,137785,40499,25671651,137785
c0aa7615264e6931,100474,85560382,131903,100419,85570234,131903,100402,85573665,131903
c0e659d05075b8dd,17132,2219351,132228,17096,2231861,132228,17081,2229578,132228
c0f2cfae3b742c60,32982,18063593,137609,32958,18073988,137609,32935,18074410,137609
c11bbc7c510635a0,22138,7203846,138320,22106,7214971,138320,22092,7215121,138320
c121104490ddd241,102786,87842861,132671,102827,87865553,132671,102798,87852474,132671
c1428ced5277b21e,82074,67141170,138115,82059,67151545,138115,82045,67151863,138115
c168a69ec6ff47e3,88115,73230688,335131,88135,73257167,335171,88121,73257881,335171
c173f2e6d988fb6b,75577,60661485,140191,75566,60672025,140191,75546,60672480,140191
c18b497c812cd625,86461,71541237,137384,86429,71551173,137384,86414,71554025,137384
c1a4e814d01e0be0,75454,60520223,132332,75462,60530288,132332,75441,60532091,132332
c1af6f9ae13c355d,29200,14280811,137522,29166,14291133,137522,29155,14291517,137522
c1bbbc2be2626cc1,50567,35640946,138487,50556,35651072,138487,50536,35651498,138487
c1f7b7030c8a9dc6,93482,78585275,138777,93446,78597860,138777,93431,78595794,138777
c214be3a6aae76b8,107270,92380449,132206,107233,92391364,132206,107223,92391685,132206
c21d34d6b4e1c1b5,47018,32120629,137234,46977,32131600,137234,46957,32131882,137234
c224fceda1277a87,61773,46860569,136566,61740,46870880,136566,61725,46875105,136566
c2330b5a45549ed0,35722,20857090,399794,,,,,,
c23556f660c43ea9,15634,720202,137947,15601,730582,137947,15591,731042,137947
c23862df8ed4b2a4,50344,35419632,130674,50344,35429194,130674,50322,35429617,130674
c23bd104bdc42e82,47263,32343414,136402,47228,32353505,136402,47213,32353848,136402
c25cb4bf0f209259,54157,39264890,105102,54170,39287467,105102,54156,39286543,105102
c267a3827d593660,56471,41581469,142074,56433,41595921,142074,56420,41593908,142074
c26b4f3def1194d6,103152,88240654,133105,103118,88251720,133105,103096,88251674,133105
c272fe33dd3dc018,56818,41949169,354252,56817,41978880,354292,56811,41995822,354292
c27e2f41e02edca3,25862,10921540,130830,25871,10931459,130830,25852,10931886,130830
c2c2586ab257f66d,63893,48980872,137641,63860,48992238,137641,63843,48992614,137641
c2c89213c9d22020,17622,2703782,138622,17589,2714207,138622,17574,2714641,138622
c2f452d2e6f8a90c,17752,2840303,138714,17719,2856264,138714,17704,2850903,138714
c2f66ef43c410704,115224,100301765,138324,115184,100312328,138324,115169,100312730,138324
c2fa3ebc0c81f6db,16843,1923745,138516,16810,1934213,138516,16795,1936272,138516
c304ecae4b4ac95e,66278,51387136,156607,66245,51398748,156607,66230,51399007,156607
c3115aa3a64dc8b1,59630,44741087,139453,59595,44751446,139453,59580,44754242,139453
c31bc5b2b955189d,28641,13723342,137591,28610,13736262,137591,28590,13733355,137591
c359ab9508cd80e5,91688,76800565,132362,91655,76815094,132362,91637,76810560,132362
c360fa4902c0553e,116083,101181889,138681,116042,101191945,138681,116018,101192288,138681
c36a427fbcb458bc,115311,100401948,138989,115253,100415004,138989,115239,100412875,138989
c37f1b25ca787b13,94170,79242096,132237,94166,79253049,132237,94150,79252611,132237
c387bf282d9820a8,59277,44344620,137501,59252,44354625,137501,59238,44357839,137501
c393c8e7b11baf08,60859,45926485,130974,60894,46051902,130974,60869,45961540,130974
c3974e093d06a02f,23615,8692304,114997,23625,8701701,114997,23607,8704598,114997
c399a4e3c3ca7074,110261,95348413,156613,110226,95360147,156613,110211,95360492,156613
c3c0b3df5327195f,109316,94401900,139290,109283,94412514,139290,109268,94412697,139290
c3c5ce19c3bfae0c,55015,40080625,118185,55073,40152508,118185,55054,40093018,118185
c3c9cf68f5982ed4,116523,101605664,140077,116490,101618603,140077,116474,101615526,140077
c3cc52c8d90ed6b1,28480,13569069,152362,28451,13580507,152362,28432,13580790,152362
c3de9e299db10ab5,49787,34900938,137810,49752,34911444,137810,49742,34917577,137810
c411b14acf46cf41,117730,102821970,138343,117695,102833144,138343,117681,102833297,138343
c416b259ecbecbb1,49661,34760661,137913,49613,34770558,137913,49601,34773318,137913
c41dee439ec81068,22966,8060233,137315,22923,8071439,137315,22907,8071664,137315
c439b72401a32967,37335,22440508,137915,37292,22451212,137915,37277,22451496,137915
c45ccb6ed5777af4,71440,56502512,132862,71430,56512467,132862,71435,56512782,132862
c47f428aa93a272e,94138,79202452,131708,94134,79214427,131708,94119,79212105,131708
c486f0ce998e5f51,76654,61761276,138526,76617,61771413,138526,76602,61771557,138526
c4a88949240a5ca9,104326,89405261,138890,104297,89417991,138890,104283,89415231,138890
c4ee7dfe6483420f,70902,55983711,140839,70875,55997582,140839,70856,55994658,140839
c52683ae958ae1b6,28983,14083396,136715,28944,14093020,136715,28929,14095422,136715
c53966eecf8b3d3c,114348,99460958,133923,114315,99476121,133923,114300,99471098,133923
c54853e6e425f909,99448,84561489,136911,99413,84573664,136911,99398,84572554,136911
c5715dc1181c3820,51087,36200735,138771,51056,36216849,138771,51037,36211542,138771
c594cc1634103d14,38752,23840286,136648,38721,23850545,136648,38705,23854105,136648
c599afeed7eab3e7,20719,5806272,138569,20685,5816340,138569,20673,5816735,138569
c59f2b4a0285bf86,19025,4102366,131384,18996,4112216,131384,18976,4112615,131384
c60046b5d43f6cd5,55638,40724122,138236,55583,40734152,138236,55568,40734533,138236
c60f927bb5a4469b,108488,93568211,131489,108485,93577908,131489,108486,93594498,131489
c635589d56a8aafa,39376,24460327,136973,39342,24470436,136973,39330,24475717,136973
c63b7a41862bb876,70630,55724578,138571,70587,55739394,138571,70567,55738367,138571
c63e02bcb69e1836,63766,48844021,137816,63737,48855274,137816,63719,48855562,137816
c640f1d54caca330,25288,10363681,137721,25255,10374228,137721,25240,10374665,137721
c648691c9e0a1951,97833,82968395,343544,97833,82996069,343584,97818,82997392,343584
c655b9d7d33b19d2,52121,37204584,139967,52081,37215627,139967,52071,37216055,139967
c65f93696a0a5e48,85753,70821317,127966,85741,70833583,127966,85739,70830836,127966
c66e268333b16a5d,51714,36821237,140514,51673,36836756,140514,51660,36836399,140514
c6820b62bf1bd940,102657,87724025,121642,102705,87862263,121731,102676,87754459,121642
c6ae6094c704b225,37872,22930547,130084,37885,22939861,130084,37887,22943522,130084
c6d7b515b584b3df,119902,105001988,139385,119858,105016703,139385,119843,105014079,139385
c741e59d695a44c0,46091,31180683,137332,46056,31191204,137332,46040,31191329,137332
c75e1402f351315f,68679,53781344,139426,68633,53792457,139426,68618,53792428,139426
c76a5d77a68796b9,67067,52180933,138206,67032,52191824,138206,67017,52191810,138206
c76b1fbb7a76287d,119188,104281938,139256,119145,104292203,139256,119130,104292881,139256
c77cb92a090d19b7,15391,483316,137516,15346,493462,137516,15330,493968,137516
c78208eeae705ae3,18241,3298936,130382,18245,3309096,130382,18231,3309177,130382
c791e07b03d86922,39601,24691765,137208,39565,24704171,137208,39552,24701821,137208
c7c8ecbca88651a2,32243,17248336,128725,32251,17258289,128725,32236,17258653,128725
c7e88965f1a7f5fc,35881,20939284,130927,35913,21039640,130927,35887,20948955,130927
c7eed93279850c8c,97993,83060405,130760,97997,83070420,130760,97983,83070795,130760
c8105bbe3584a7d3,112383,97472032,131585,112348,97484749,131585,112333,97482134,131585
c810cd0d7aac8c42,16751,1860390,138866,16716,1871578,138866,16700,1871917,138866
c82b3dfa23366be5,108959,94041770,139414,108922,94054329,139414,108917,94052867,139414
c83787efc46bcddd,57642,42744324,137843,57603,42755096,137843,57592,42755387,137843
c8479b48796b543d,85446,70541637,138569,85413,70552155,138569,85395,70558462,138569
c8576584f150b8b4,24410,9520481,137581,24376,9530877,137581,24362,9531177,137581
c8626b7132a86e5d,53518,38602402,131699,53476,38612949,131699,53461,38613269,131699
c86524e1af518dfa,82282,67364321,137677,82232,67377315,137677,82218,67374517,137677
c87ef70308400ed6,84887,69981174,138144,84849,69992647,138144,84834,69992466,138144
c8a18c8d230c3d93,83716,68785761,129201,83732,68802472,129201,83704,68795085,129201
c8b06c527e2c3d43,43384,28473557,179902,43363,28487348,179902,43340,28487679,179902
c8c25c8eaecc01cd,35977,21038907,128488,36006,21049145,128488,35979,21049417,128488
c8c91c5eaa3faf46,81854,66919817,129682,81857,66929192,129682,81843,66933496,129682
c8d878b14ea35c85,99292,84382754,132093,99248,84395020,132093,99230,84392622,132093
c8daa51856075295,20654,5742791,152415,20621,5753495,152415,20609,5756184,152415
c8eaf195a2d9d03b,48279,33386765,99365,48283,33409812,99365,48269,33409048,99365
c8f24d4f1c7dbbec,104997,90060696,131495,104973,90071089,131495,104957,90071089,131495
c8fe2292a5b13025,91592,76701242,137876,91552,76712473,137876,91537,76711947,137876
c932c2b7ae1402c6,42805,27774073,116338,42824,27793025,116338,42797,27782616,116338
c935b62df96c0d19,24349,9460707,138978,24316,9471966,138978,24302,9471983,138978
c9365dbf3f7294c0,23151,8260327,136881,23112,8271072,136881,23097,8271309,136881
c93805e4168d0ea9,64233,49341209,138820,64195,49356937,138820,64180,49354675,138820
c9c50be07fd311f4,57257,42321842,131520,57240,42332145,131520,57238,42332193,131520
ca085654a821d812,91530,76624965,138385,91487,76635501,138385,91468,76635880,138385
ca0d04cdf27d234a,100017,85080309,131773,100045,85095741,131773,100025,85090494,131773
ca1e98915d13ee2c,16217,1280151,136580,16221,1291102,136580,16206,1291330,136580
ca204fb76fc22980,114253,99362245,141970,114214,99372923,141970,114202,99377782,141970
ca454872733d12db,112173,97262822,131880,112127,97273033,131880,112112,97275724,131880
ca67f260c7ff8966,98881,83972699,137260,98852,83983439,137260,98832,83983719,137260
ca7cfbe4f0b53cbd,24024,9099076,130441,24003,9108971,130441,23986,9111690,130441
ca847aedecf0f456,58645,43724401,138096,58615,43734962,138096,58596,43735357,138096
ca86573eb65a6c20,33765,18895948,399273,33763,18928635,399313,33748,18927056,399313
ca9690e16a2c8345,63310,48383669,136392,63265,48394190,136392,63250,48394618,136392
ca98e198feda3712,72552,57661576,139152,72514,57673193,139152,72499,57673460,139152
ca9a9e5bc830beef,45013,30099220,129770,44953,30113244,129770,44941,30108804,129770
cab4585de5a61894,32329,17340445,136197,32315,17351176,136197,32300,17351570,136197
caba41b9e5f0f9bb,64985,50060610,136069,64971,50071455,136069,64956,50071030,136069
caf2f52905b5a4b6,85413,70501044,136031,85381,70510889,136031,85363,70511278,136031
cb06b5a78db811a4,56655,41740943,138711,56622,41751841,138711,56608,41752148,138711
cb0aa8a31017a775,103799,88885822,139184,103768,88895689,139184,103753,88898742,139184
cb15e0dfb2baf4a5,105317,90421691,138754,105276,90431717,138754,105260,90434510,138754
cb2901f335a425ec,113237,98320726,131854,113225,98336962,131854,113189,98330479,131854
cb513ecc5a94fad8,70188,55264581,138958,70156,55274913,138958,70141,55275362,138958
cb5aee6180cef916,44530,29579318,130186,44545,29590094,130186,44542,29593590,130186
cb71e8043dfffb8a,105662,90745296,139655,105630,90756325,139655,105613,90756506,139655
cba24677265040e1,87716,72780335,131540,87742,72790336,131540,87706,72790676,131540
cba46bceb6df9b8d,80236,65320969,137075,80217,65331706,137075,80192,65331909,137075
cbbff09d4ee9e8a3,20849,5940781,139558,20813,5951413,139558,20801,5951690,139558
cbc7a02cc9a5c29a,22841,7923711,137469,22805,7933772,137469,22789,7934205,137469
cbc834d71eec4dd6,110874,95957260,71733,110917,95963609,71733,110903,95963606,71733
cbdba24861bb7218,85944,71021164,137587,85922,71034434,137587,85918,71031685,137587
cbf4a177aec2c9ec,106722,91800535,130552,106724,91811096,130552,106708,91811241,130552
cbf53c90f9d245d3,116849,101900611,131552,116859,101910682,131552,116844,101911046,131552
cbfd00e303a3e5fb,26014,11081044,130396,25997,11095002,130396,25979,11091816,130396
cc0aec52104f86f1,74325,59421498,138979,74288,59432100,138979,74273,59432259,138979
cc23eb14fe52317c,110578,95640476,131137,110577,95649783,131137,110563,95652529,131137
cc27090486d2a618,95881,81008755,348463,95875,81039280,348503,95860,81038578,348503
cc27c7737d34ab56,70006,55104390,139082,69969,55114833,139082,69949,55115265,139082
cc2a0705f825f433,56318,41419585,129762,56271,41429981,129762,56260,41435377,129762
cc9ae6f173c72628,93664,78745227,139065,93637,78758702,139065,93616,78755364,139065
ccbcc9880fbde632,45842,30943899,137178,45804,30953846,137178,45789,30954215,137178
ccca7eb550abb3c2,75264,60322520,130952,75287,60351837,130952,75265,60335038,130952
cccc7aefe8c9a1e7,95162,80245036,139459,95122,80255586,139459,95107,80256011,139459
ccd713f3ba702c1d,52475,37539810,131219,52476,37549957,131219,52461,37554281,131219
ccdae1eeb6eeacd6,42556,27620368,93142,42630,27787367,93191,42599,27628527,93102
cceefb12c77da019,40707,25800428,137606,40673,25811857,137606,40660,25811618,137606
ccf01b94692115ae,81069,66161204,137869,81026,66172068,137869,81011,66172451,137869
ccf0434513d8cde7,107839,92941828,138995,107798,92952812,138995,107783,92953060,138995
ccf36f65abf0000a,20505,5603407,138282,20462,5613422,138282,20445,5613783,138282
cd2ad247f32b1bfd,101187,86243025,132131,101148,86254838,132131,101134,86252523,132131
cd33cec999c933c3,21624,6731907,99962,21647,6756057,99962,21633,6757360,99962
cd76463c3e88abc3,78104,63133662,164131,78118,63152859,164131,78103,63146057,164131
cd8d083d20f744bc,52863,37960853,138791,52815,37975439,138791,52797,37971204,138791
cd99b5d51d1c5033,24260,9360420,137838,24213,9370970,137838,24198,9373729,137838
cd9d3ebd5e1772ee,107808,92901522,137688,107768,92911538,137688,107753,92911920,137688
cda9211f56e0a64e,61964,47060965,138497,61927,47071869,138497,61912,47072105,138497
cdb96bbacda314b7,100081,85140242,131590,100103,85150399,131590,100084,85150746,131590
cdcfa46ab7ca5430,27486,12592864,98635,27504,12617754,98635,27490,12617552,98635
cdd1d797fb0c61fe,65109,50184547,138037,65083,50195093,138037,65068,50195505,138037
cdde5fe11b67024e,105566,90647563,137639,105537,90657613,137639,105519,90660748,137639
ce0d27332078b348,62461,47539842,130515,62425,47549383,130515,62413,47549768,130515
ce23ad423dd7f907,82708,67801261,137960,82680,67815178,137960,82658,67815403,137960
ce49a291aa4c10a5,36960,22043988,137466,36930,22054832,137466,36916,22054919,137466
ce5ca94e0144da3d,105288,90385168,138615,105247,90396578,138615,105231,90400549,138615
ce64edc5052e4db1,77684,62764243,138058,77634,62775202,138058,77619,62777269,138058
ce67f99514e4911d,18117,3170684,130151,18134,3180303,130151,18120,3180638,130151
ce7e1104c066d8b9,101352,86441133,131696,101293,86450874,131696,101277,86451144,131696
cea32e8c6eb7ee71,14979,68523,149206,14944,79978,149206,14931,80471,149206
cea58e6e47747a0e,88246,73281887,95501,88261,73294067,95501,88247,73289404,95501
cf08d454ccb0da9e,115575,100660694,132186,115540,100671274,132186,115525,100671186,132186
cf0d34213182a5cb,98121,83180784,132738,98120,83190384,132738,98106,83190779,132738
cf0ff735fd7137e0,117857,102941817,137972,117818,102951945,137972,117803,102955134,137972
cf1c631bc84a032c,110294,95380273,130521,110257,95392967,130521,110242,95391498,130521
cf52e87b24d442f4,107932,93024878,137360,107886,93034808,137360,107871,93037473,137360
cf52ee08398e91af,44015,29119237,129691,43976,29128842,129691,43958,29129163,129691
cf574740a374dd46,111150,96160229,129815,111147,96169990,129815,111133,96170332,129815
cf6a6315ea17c618,96004,81074027,131327,96004,81084143,131327,95988,81084456,131327
cf6fcdfecf6e5328,102062,87161610,138782,102013,87171937,138782,102000,87172187,138782
cf78c75a30c3aec0,27567,12631742,116757,27585,12640758,116757,27571,12641147,116757
cf7c86e2c4a13494,89634,74740543,133324,89594,74750216,133324,89579,74754725,133324
cf85561d0015bee9,16121,1178476,127453,16133,1188361,127453,16117,1188719,127453
cf85b86b9cde4b09,111362,96421751,138914,111281,96433117,138914,111266,96433480,138914
cfad98b68ba34bc8,101325,86402787,132568,101266,86412774,132568,101246,86413249,132568
cfaf4fdc32a46db8,19401,4500412,138528,19354,4511628,138528,19337,4511913,138528
cfb4a0900decc0b5,32273,17280227,130712,32274,17293354,130712,32259,17289993,130712
cfb6e9a3ec7402e2,71343,56419830,129934,71337,56430404,129934,71342,56430741,129934
cfdf384cb996b90d,45371,30460780,137854,45340,30471223,137854,45321,30471451,137854
cff66f146fd48eb1,24824,9919403,132189,24780,9930519,132189,24764,9930781,132189
d00d671d8209cf05,30850,15943351,136728,30803,15953929,136728,30790,15954357,136728
d00fe51fb26e5840,79056,64141278,138402,79017,64152432,138402,79008,64152750,138402
d0130c4a9926c558,95350,80453119,138895,95308,80467029,138895,95291,80463016,138895
d01fe1fa54e87b9f,52980,38084675,139506,52944,38097481,139506,52929,38095300,139506
d02383c3f31834c2,82996,68084683,137029,82960,68095035,137029,82934,68095181,137029
d0247230dd08e08d,62028,47120980,137517,61987,47131188,137517,61973,47131504,137517
d031dc192d90ed96,54933,40041030,100906,54994,40151052,100995,54975,40063914,100906
d03e791370330589,45273,30361231,141027,45243,30371411,141027,45224,30371735,141027
d04f45a1aae4513d,98662,83765027,138123,98630,83778093,138123,98609,83775637,138123
d05199f7adb6728b,65670,50679568,129653,65700,50689624,129653,65680,50689887,129653
d0554ba219f9cc84,79395,64501289,138638,79357,64512481,138638,79341,64512835,138638
d0612645e2730bb6,30192,15300239,136969,30152,15310457,136969,30141,15316906,136969
d0a3dfcf7f4a769e,84448,69561428,137863,84415,69575747,137863,84398,69575707,137863
d0b1d8ed4115ebd3,47359,32448318,151267,47323,32460092,151267,47308,32460310,151267
d0bd67f6336df7a6,109855,94961808,138967,109813,94972332,138967,109798,94972394,138967
d0d83a84d8fc01bb,104686,89740453,132093,104695,89750965,132093,104680,89751219,132093
d0e148b06369545d,108088,93201664,138670,108053,93212824,138670,108038,93213252,138670
d0f2a5cf04327c16,39287,24400630,137315,39252,24410507,137315,39239,24413599,137315
d10ea9f58305f47a,95130,80221501,139043,95091,80232679,139043,95076,80233065,139043
d11833ceb6c0eba4,54849,40024049,367911,,,,54876,40061809,367951
d13aef530ca9b75f,90967,76079944,130866,90931,76090327,130866,90916,76090631,130866
d149a99dce3222cb,72707,57821332,139755,72673,57832251,139755,72658,57832471,139755
d1671778565577ef,90634,75720296,132353,90591,75731442,132353,90576,75731598,132353
d184af6d33d8e149,94570,79662193,140425,94521,79673093,140425,94506,79673367,140425
d1b64851a8b2b3f7,34172,19238891,128454,34161,19248509,128454,34145,19248885,128454
d1cea68d8adbc917,53672,38779840,132201,53632,38790966,132201,53616,38790976,132201
d1e333cd53d744c7,42159,27222841,129283,42130,27240179,129283,42112,27240356,129283
d1feca95a69ae5a6,108055,93161803,138741,108020,93175296,138741,108001,93172335,138741
d211b4031832b726,101215,86280757,132667,101166,86293275,132667,101152,86290119,132667
d2150cbc14a85074,41525,26603771,138765,41496,26614280,138765,41476,26616968,138765
d2155bf2d4308c72,63042,48100658,136737,63042,48111632,136737,63028,48111516,136737
d2361ee5e739b204,99920,84990416,131915,99951,85014919,131915,99931,85009957,131915
d247c2c7e4773377,94659,79761706,139906,94621,79774759,139906,94600,79774570,139906
d2525ecb6319f972,88767,73860318,132100,88711,73870090,132100,88699,73874938,132100
d26f53e6084081a9,83428,68504391,137731,83395,68514851,137731,83380,68515350,137731
d26ffa8d4d2182ef,45781,30880852,138003,45733,30890909,138003,45717,30891214,138003
d27676a7035cf943,84239,69324458,137672,84191,69334835,137672,84170,69335169,137672
d28641a57dd71396,89847,74940228,132042,89813,74950386,132042,89798,74950702,132042
d287fd27ce437daf,78443,63521258,138467,78373,63532009,138467,78358,63532218,138467
d2e69afad7d25e5e,37612,22700323,137352,37579,22711104,137352,37564,22711362,137352
d2f56c46866f8f4f,72399,57485043,138350,72356,57496171,138350,72341,57496547,138350
d3106a4f97f26302,36372,21460483,137689,36330,21474383,137689,36310,21475555,137689
d33a6f50c8816c2b,35593,20680289,137290,35559,20695580,137290,35545,20695827,137290
d3480d61c845b805,78010,63061732,130083,78036,63072080,130083,78021,63072043,130083
d39d055d8093116e,62883,47939456,130056,62895,47949952,130056,62880,47950173,130056
d3be6ef664a49d16,78671,63781165,137435,78640,63791570,137435,78619,63791674,137435
d3c17f2fee625383,43612,28700661,137566,43588,28715774,137566,43566,28711325,137566
d3dbc69c8f289433,69435,54481669,130439,69437,54491313,130439,69423,54491568,130439
d3e53091037dd478,75606,60685016,139014,75589,60696148,139014,75570,60696384,139014
d3efca2a907480d6,36195,21259435,131307,36194,21269502,131307,36170,21269868,131307
d4039c8a08354918,89976,75065507,138312,89941,75075754,138312,89926,75076101,138312
d4053402ba2b9dcc,72860,57944735,139816,72828,57955486,139816,72813,57955841,139816
d44f4390a7200409,103610,88701678,139080,103577,88712360,139080,103562,88712630,139080
d457749c4937fade,33516,18620519,137195,33478,18630790,137195,33468,18631189,137195
d4615570b4a6d497,72429,57521101,138293,72384,57534061,138293,72370,57532629,138293
d48fd30098d7cccc,82837,67921606,139089,82807,67934449,139089,82784,67932793,139089
d4953436e2c2a392,52629,37701204,140854,52611,37717634,140854,52596,37712172,140854
d4a57e400f557a14,110841,95939224,60929,110885,95944919,60889,110871,95945100,60889
d4b014737b5307d5,94008,79086081,117171,94007,79096264,117171,93992,79096265,117171
d4bafb0b150f9464,32731,17840439,138144,32695,17855077,138144,32676,17850488,138144
d4d0a24c78b95494,25167,10280649,138322,25132,10291649,138322,25117,10291998,138322
d4f2eda675133603,28767,13860361,137566,28730,13874014,137566,28712,13871072,137566
d521d6dd8f130fb8,20422,5520408,137094,20372,5535831,137094,20360,5534243,137094
d53dcd8bb199e47d,99600,84681786,139121,99564,84694518,139121,99552,84692066,139121
d545bf726a9170e5,17412,2521006,141492,17375,2532273,141492,17361,2532001,141492
d55bc4b439ff9627,44166,29241814,131451,44132,29252345,131451,44117,29252588,131451
d55e24f238b566ea,63339,48421241,137206,63288,48431492,137206,63274,48431866,137206
d55e2a65cbde53ec,76408,61501377,139348,76368,61512690,139348,76353,61512841,139348
d55fa15990bc7b39,87370,72461433,138615,87331,72472593,138615,87321,72472873,138615
d56fab26f0ea05cd,98456,83541871,139553,98410,83555678,139553,98395,83552560,139553
d5aa3a80f6bbb832,36830,21920348,137244,36802,21931713,137244,36787,21931713,137244
d5e9280d0527a4e0,112719,97826884,102783,112762,97875070,102783,112712,97845409,102783
d5fc8eed75269bde,94041,79108561,133257,94040,79119249,133257,94024,79119550,133257
d61d4bf75cb77a06,99353,84460353,131207,99314,84475636,131207,99296,84470145,131207
d6273829457ec1fa,73766,58861288,139649,73717,58872110,139649,73703,58872354,139649
d62df2f70653c5f0,49187,34280757,137529,49153,34291583,137529,49143,34298434,137529
d64fc45f28777bb8,116753,101812997,132248,116766,101823459,132248,116751,101823784,132248
d658163a1758869c,60169,45261160,139249,60154,45271755,139249,60114,45272157,139249
d6a63f3d1d48f4f2,117241,102322736,131463,117189,102332824,131463,117174,102333137,131463
d6a84675d51e64a5,15515,620308,138714,15476,630544,138714,15461,630994,138714
d6c1ea90c18b6991,90364,75421442,138160,90362,75431469,138160,90347,75431837,138160
d6da9f005b19a539,50101,35184298,137858,50065,35195076,137858,50055,35195479,137858
d6e1b637253d9436,112640,97725236,139493,112600,97741415,139493,112587,97741844,139493
d6e745726710a9a2,106753,91822796,131886,106754,91832931,131886,106737,91833309,131886
d72535ce6dec31f5,64415,49501016,138418,64382,49511511,138418,64367,49514775,138418
d74379abb9119d7e,80849,65940994,137596,80815,65952003,137596,80800,65952208,137596
d757e10675c931c9,101780,86865207,138687,101744,86876079,138687,101732,86876336,138687
d758e75eff37461e,59062,44119630,130304,59061,44129002,130304,59048,44129450,130304
d7c88cf43299faf9,53827,38939538,131147,53791,38949795,131147,53780,38954131,131147
d7d0043400d85d32,112866,97922097,141008,112907,98003417,141008,112857,97932465,141008
d7ff400b229b64e9,44749,29803769,136392,44743,29814121,136392,44738,29814281,136392
d806fbeea03612d4,76563,61661411,139194,76522,61673966,139194,76499,61671705,139194
d811ad1fa7b10c66,93696,78781500,138915,93669,78794487,138915,93648,78792119,138915
d819f17b17d769dd,47392,32483106,152031,47355,32494722,152031,47340,32495138,152031
d8dce0b229829ae4,98215,83280291,131111,98206,83291011,131111,98192,83291239,131111
d900bab84fec76e5,111889,96981986,139902,111855,96992693,139902,111840,96992835,139902
d90e0c02f7cbb36f,55694,40800779,137872,55652,40811235,137872,55637,40811565,137872
d91335739b3f7df3,112833,97894018,131450,112875,98002551,131450,112825,97904604,131450
d92295d3c536e118,110642,95703931,130572,110638,95714167,130572,110624,95714431,130572
d972a3bc5bc89835,26716,11804122,138519,26681,11816949,138519,26662,11814071,138519
d99ba06d96584e8e,29047,14160794,137677,29012,14170590,137677,29000,14175033,137677
d9f8efff396eff3a,112512,97600491,131312,112476,97614379,131312,112462,97610117,131312
da279b17e7cf916e,37548,22623701,138259,37515,22633360,138259,37500,22636289,138259
da2c90e7e39c3527,77536,62604183,137794,77511,62614912,137794,77497,62615272,137794
da695a6bc1601605,60697,45781166,138947,60661,45794600,138947,60649,45795042,138947
da6f4bd085eb92d9,99761,84845419,139362,99720,84859343,139362,99710,84856485,139362
da8842a2fe49d39f,79484,64565043,139143,79451,64575217,139143,79436,64577923,139143
dac2a50c008e0e33,38473,23580414,137268,38432,23590650,137268,38420,23594090,137268
dacb89cf2e4769d5,17320,2430323,131758,17281,2440499,131758,17266,2440833,131758
dad2edaff49da577,42861,27841518,129324,42855,27853463,129324,42829,27851323,129324
dadb3e06d93c73c0,76376,61464253,137599,76338,61474741,137599,76323,61475136,137599
dae56435d31bcb8b,49155,34240818,138312,49121,34253996,138312,49111,34252635,138312
daeaba4982e1f42b,115076,100140624,131741,115063,100150977,131741,115049,100151274,131741
db030c851a4140be,38153,23219056,129411,38137,23228973,129411,38134,23229318,129411
db101f8141e52791,82805,67884115,137123,82776,67894272,137123,82753,67897284,137123
db10f62a8a6fb7b3,95098,80181620,139302,95061,80192335,139302,95046,80192852,139302
db4c54c9944700e8,75485,60559964,131753,75489,60570786,131753,75469,60571111,131753
db60edf0687d870a,101438,86540508,132537,101392,86551051,132537,101378,86553766,132537
dba8847fa7b4882d,109478,94561847,138994,109444,94572471,138994,109429,94572699,138994
dbad0138b767274d,30819,15920291,137002,30774,15931885,137002,30757,15931659,137002
dbc09b508abb6080,48112,33200686,137320,48083,33211492,137320,48063,33211754,137320
dbc8be58c6cfe49a,59093,44159830,130781,59090,44169823,130781,59077,44170215,130781
dbd9f5c0b49a8c2f,81161,66261027,137241,81112,66271050,137241,81097,66271470,137241
dbe5f57e2c95bf8b,31958,17044534,112495,31994,17057742,112495,31978,17052866,112495
dbfb425f12b31824,74293,59381111,137866,74257,59391894,137866,74242,59392245,137866
dc0d2f5802b465a2,41307,26420727,139196,41275,26436031,139196,41257,26431009,139196
dc1931a1234fe0ed,38849,23940509,137939,38816,23951404,137939,38800,23951755,137939
dc30b3d99ebbb2ec,29232,14320399,137757,29198,14331783,137757,29188,14331832,137757
dc3bce46cacdd034,17036,2121136,141040,17002,2133835,141040,16988,2131284,141040
dc5fc7f95cd3fce2,29135,14220334,137633,29101,14231390,137633,29091,14231614,137633
dc7cdfda948b724f,82933,68021073,136661,82900,68030972,136661,82875,68033536,136661
dc844fd6d785aaee,100562,85739636,353915,100605,85767669,353955,100590,85768409,353955
dc8d6111fa2cebc9,19627,4789453,396321,19660,4823328,396361,19645,4824792,396361
dc9f8f5db602cc1a,79646,64724797,139908,79612,64735070,139908,79598,64737950,139908
dca2512c596e5355,76281,61364381,138317,76246,61377834,138317,76231,61374784,138317
dcb68ce6ef4d81bb,116944,102000287,129943,116945,102009755,129943,116930,102014041,129943
dcb69092de00f4fa,32827,17942862,151728,32799,17960052,151728,32780,17954189,151728
dcbe6dc763332bb6,62557,47640779,137532,62519,47650472,137532,62508,47653179,137532
dcc8ed26653e0bce,118509,103601600,138027,118473,103612883,138027,118457,103611852,138027
dd05d377e1894ae0,81314,66421303,138624,81277,66431160,138624,81265,66433676,138624
dd148b5877edfeec,39007,24100194,136349,38968,24116369,136349,38953,24116467,136349
dd2a8d8212dc646b,119456,104541834,138375,119424,104552692,138375,119409,104553021,138375
dd44781c9d3b7aff,96860,81945043,138391,96829,81957412,138391,96813,81955389,138391
dd5df089417467a8,80533,65641181,137404,80499,65651385,137404,80482,65653801,137404
dd6c3a224d86e175,73947,59060907,137828,73912,59072060,137828,73898,59072105,137828
dd8cce80497e07cb,49122,34203852,137380,49088,34213970,137380,49078,34217288,137380
dda09475ec6a60ba,26307,11420376,137590,26275,11435736,137590,26257,11431131,137590
dda5d9cf2253b8fb,89004,74088372,158756,88971,74101282,158756,88958,74101256,158756
ddb631e2d78acf91,81039,66124318,137594,80997,66134701,137594,80982,66135152,137594
ddca39905a398282,82459,67564275,136909,82425,67576647,136909,82410,67574151,136909
dde6a5fe2587d8ec,85881,70961052,135505,85864,70976247,135505,85861,70971429,135505
de02255bb386a699,96290,81361495,138746,96274,81372779,138746,96259,81372170,138746
de0b3b05b7080166,116021,101121829,138529,115977,101138013,138529,115960,101132025,138529
de14c169bf23c6f0,15109,200260,138522,15071,216956,138522,15059,211100,138522
de29bfcf97f2acac,116785,101840807,133092,116798,101851641,133092,116783,101851312,133092
de2aec313dcea5e0,110545,95602445,130454,110546,95615180,130454,110532,95613107,130454
de37948a57c79310,49381,34464044,137648,49345,34474549,137648,49334,34474834,137648
de432eb589a29efc,69653,54719591,130450,69636,54764813,130450,69621,54730491,130450
dea9a248357c253c,60777,45884899,101010,,,,60787,45960008,101099
deaafff8e7cf1b66,112295,97400721,132688,112261,97413666,132688,112240,97410885,132688
deabe9b834241459,24231,9323647,138499,24184,9334236,138499,24169,9336607,138499
dec181e6a308bb61,83749,68807845,130519,83764,68820774,130519,83736,68817850,130519
dec2067f0ad2bfb5,103269,88364477,141786,103222,88374933,141786,103208,88375298,141786
ded0e3bc9a994284,29626,14678928,129476,29666,14688317,129476,29625,14693167,129476
ded1a003b5e68c81,72893,57981295,139817,72860,57992578,139817,72845,57992873,139817
df1dafb2e40c6047,25134,10240476,138524,25094,10250497,138524,25084,10253222,138524
df1df5352030014f,110325,95404070,140979,110287,95415513,140979,110272,95415702,140979
df360b057019642c,64577,49661138,138201,64542,49673488,138201,64528,49672502,138201
df4e0b8559a87f8f,33047,18140895,138750,33022,18151976,138750,32999,18152044,138750
df54dea7eacd328a,103892,88985140,140610,103860,88997741,140610,103845,88995565,140610
df742fae8a64fc5b,107871,92973013,138352,107828,92983294,138352,107813,92983702,138352
df896722a531fca9,33455,18563593,136534,33415,18573917,136534,33403,18578962,136534
df89ea241c00b4a5,18862,3946956,157832,18834,3963990,157832,18814,3959193,157832
df9b7716cde85d5b,38655,23740759,138414,38623,23754303,138414,38608,23751423,138414
dfbf939a0ccec27e,73116,58246596,336434,73112,58274674,336474,73097,58275367,336474
dffc19c24a713b95,36313,21400627,136961,36285,21412430,136961,36264,21412291,136961
e00164483736e848,93729,78821424,138575,93701,78837558,138575,93681,78832739,138575
e01648f8a5c7479c,86187,71281007,136969,86139,71291134,136969,86129,71291471,136969
e045773feeb42b49,29393,14537629,399543,29413,14595034,399583,29391,14568856,399583
e052a661f1c12279,61439,46540987,137657,61392,46551445,137657,61377,46551761,137657
e06ecb428f8c4100,65449,50509936,111959,65504,50630047,111959,65484,50624517,111959
e078165264a61e52,115704,100785222,137683,115668,100795230,137683,115654,100795636,137683
e08b6fb442677c12,59601,44704633,139672,59565,44719212,139672,59550,44717978,139672
e0bee8a22773ab26,34323,19400982,139575,34290,19411772,139575,34274,19412027,139575
e0de0c1e62897785,35816,20892455,112192,,,,35823,20946945,112192
e0e4a98b94643ecf,22398,7500517,139221,22357,7511501,139221,22338,7511832,139221
e13f35f675aa29b8,109446,94528228,137303,109413,94538559,137303,109398,94538887,137303
e15067e8bfd8e1fa,62622,47704234,138780,62581,47714962,138780,62571,47715399,138780
e154104c2c78a02d,106252,91340492,132075,106218,91351337,132075,106203,91351337,132075
e16f587e9ed15d9b,100327,85400393,131780,100308,85413134,131780,100290,85410337,131780
e18def2491f96ed3,58819,43926562,102876,58825,43943552,102876,58811,43943395,102876
e1a3355dfddfb69d,50278,35358904,130767,50279,35369243,130767,50257,35369520,130767
e1c420509b43fbea,69178,54261275,139322,69140,54271446,139322,69129,54271773,139322
e1c8fa0061457c9a,22998,8083676,138841,22952,8096399,138841,22936,8093863,138841
e1e2218684325716,56068,41159733,129949,56031,41169786,129949,56017,41175135,129949
e1e8bad48a578fe5,19432,4540197,136864,19392,4551573,136864,19377,4551249,136864
e208541a4275bd69,101381,86480368,131269,101332,86490763,131269,101316,86491093,131269
e210e78fb649b78f,64382,49463857,136824,64349,49473811,136824,64334,49476785,136824
e2435f7feb4c54ea,26276,11380578,137856,26236,11393094,137856,26217,11390464,137856
e25401d17ba563f2,96990,82081649,139032,96957,82093040,139032,96941,82093278,139032
e25f17088f840288,49570,34660703,137799,49526,34671567,137799,49515,34674204,137799
e270dc1b6d74fe9c,95918,81029626,124811,95919,81046103,124811,95903,81046126,124811
e27918c79ba29f3c,93826,78921940,140327,93798,78937614,140327,93778,78932834,140327
e27c3109f4c73917,64609,49700779,137467,64574,49714746,137467,64559,49714788,137467
e2972bbbd92d73e4,42716,27709671,129713,42764,27790556,129713,42735,27720135,129713
e2c095a13c65e253,15203,304882,138237,15162,316232,138237,15151,316576,138237
e2c958358c8b8066,114131,99233045,139097,114086,99243779,139097,114070,99244091,139097
e2d04a8026f83813,34872,19960450,137463,34843,19971172,137463,34821,19971438,137463
e2d2caa20db75ce2,31552,16600709,129638,31571,16613235,129638,31556,16610265,129638
e2d66eaaab6add2f,119338,104442283,139071,119296,104452662,139071,119281,104453153,139071
e2da11865a51c766,107368,92481568,138106,107333,92492430,138106,107318,92492566,138106
e2da4f29bf955a61,31349,16496647,399580,31364,16527632,399620,31349,16528615,399620
e2dc0d299aac0b92,86871,71964527,137094,86823,71974987,137094,86809,71975290,137094
e2e028525f747123,48178,33260728,137432,48147,33271503,137432,48128,33271852,137432
e303cd23660cf756,56533,41640765,137532,56501,41651277,137532,56484,41651455,137532
e33494d7b85d35e2,109793,94885270,139025,109747,94896858,139025,109732,94897102,139025
e3805ba3902061da,84950,70041655,137794,84908,70052522,137794,84893,70052779,137794
e39b25c286e94ef5,90486,75561697,138968,90469,75573887,138968,90454,75572415,138968
e3be64645bfb358e,78073,63105763,130013,78091,63121920,130013,78076,63115750,130013
e3dc1788fd323f4d,84298,69384317,137012,84238,69394455,137012,84229,69394864,137012
e3f5d97adbc2d1fa,63636,48720877,137474,63608,48731673,137474,63590,48731922,137474
e3f78a0e8a01d0e5,35766,20873491,98395,,,,35774,20946223,98484
e407dec2f49b0da8,92622,77713007,138964,92571,77724488,138964,92556,77724769,138964
e410b4955e7abac7,107423,92504798,137482,107390,92517484,137482,107375,92515463,137482
e4343a4ef29e233b,97334,82441989,139769,97293,82452752,139769,97278,82453012,139769
e43d40a5c280a8a0,33547,18660463,136532,33512,18671507,136532,33499,18671836,136532
e44e21e772b43fef,48586,33661177,140097,48579,33674843,140097,48565,33671608,140097
e45ae295ae6664f7,118578,103685447,102028,,,,,,
e473cc535242db8c,23492,8580329,138233,23461,8591129,138233,23445,8591141,138233
e487bc514a0002e6,112930,97984866,138151,112968,98005230,138151,112919,97995275,138151
e4a057b144794267,106156,91242283,141764,106122,91257205,141764,106107,91253029,141764
e4a3e506e20d5098,42776,27750671,111791,42806,27792254,111791,42778,27759213,111791
e4a8624c6da807ff,40964,26060266,135955,40923,26070872,135955,40913,26071246,135955
e4c03fb3708f2eb5,93012,78102066,141648,92978,78112796,141648,92963,78113180,141648
e4c0cbba03ddc8ff,100532,85622565,141101,100480,85632837,141101,100471,85633283,141101
e4c1d58d0e76e7d7,51433,36520956,138598,51402,36532184,138598,51382,36532974,138598
e4c4353ae8b30343,15991,1071136,128315,16006,1080896,128315,15990,1083573,128315
e4e5822c6a3831ac,89326,74420503,131815,89287,74430843,131815,89275,74431032,131815
e4e90d381cb0ea7d,20784,5863524,138195,20749,5873571,138195,20737,5873929,138195
e4ee2e6ce0e71524,115769,100861625,137652,115732,100872709,137652,115718,100871906,137652
e4fce127fa29cc64,63485,48583732,136508,63444,48594230,136508,63429,48594490,136508
e54c34e2ac2a4593,118073,103182042,138582,118034,103193208,138582,118019,103193448,138582
e55a4354c87cdf36,19527,4653006,139640,19505,4664395,139640,19490,4664695,139640
e56677a70be12c6b,99887,84968231,131375,99918,85013657,131375,99898,85008543,131375
e568b5243f56a74f,64954,50021533,140483,64943,50032049,140483,64927,50032375,140483
e57f3993f81ba499,93390,78485546,139233,93350,78498513,139233,93335,78498516,139233
e58569535ae9216c,52747,37824876,140034,52708,37836238,140034,52693,37836614,140034
e591683a2864e239,84568,69644510,138719,84538,69657613,138719,84523,69654950,138719
e5d3b892382e5203,109510,94601639,137828,109476,94617564,137828,109461,94616646,137828
e5e8a386bf3a54be,86364,71452462,136648,86332,71462765,136648,86317,71467086,136648
e5fd8717fd47095c,91969,77108736,354356,91975,77138463,354396,91960,77138617,354396
e603d16eddc9625d,119307,104405275,139095,119266,104416102,139095,119251,104416497,139095
e60d095e8e8f5f92,88739,73822884,131988,88681,73835277,131988,88671,73835372,131988
e61cc5bfe915ccf5,111439,96521636,138129,111374,96532621,138129,111360,96535604,138129
e625aded46b910f8,50598,35680821,138375,50584,35691500,138375,50563,35691501,138375
e644d09ad22428eb,113442,98540441,130936,113392,98550604,130936,113379,98550955,130936
e64c1ce6f4e0cae9,49252,34343709,155822,49218,34356180,155822,49208,34363029,155822
e6a4f7248eb5397e,88460,73500214,130833,88444,73510021,130833,88430,73510420,130833
e6a89138574b0500,98728,83841556,139099,98696,83856277,139099,98678,83851830,139099
e6b0604fcd4a624f,117154,102222942,132288,117120,102233279,132288,117105,102233914,132288
e6b99c7c4dffdffd,62363,47444677,138881,62328,47454608,138881,62316,47456983,138881
e6bc0fb2d0408ffe,50133,35220690,137283,50096,35231851,137283,50086,35232070,137283
e6c08d3e6a27326e,118413,103501728,138316,118378,103513076,138316,118363,103512231,138316
e6c94c5ac5faa895,103123,88203393,133229,103097,88213773,133229,103074,88214015,133229
e6d444b1b444d424,70444,55541263,138547,70406,55556360,138547,70391,55555106,138547
e6ec0d85d709ecc3,92165,77223749,131682,92175,77233996,131682,92160,77234037,131682
e707a6196eac2ff0,51559,36661122,138944,51522,36675513,138944,51503,36671910,138944
e73745dd6951a96e,68168,53281334,139541,68139,53294211,139541,68120,53291464,139541
e74ad5f5867a7c53,37839,22899650,131827,37853,22909071,131827,37855,22911781,131827
e74f5e52d06018a2,98848,83945179,158462,98819,83960784,158462,98800,83958968,158462
e74fd97dfd85b0dc,66942,52041402,139229,66893,52051740,139229,66878,52052074,139229
e75e84914c979f72,80882,65963981,136164,80846,65974854,136164,80831,65975228,136164
e77772aaa17bf6ea,83121,68221080,137554,83078,68232195,137554,83058,68232323,137554
e77b246e3a547f91,60502,45584383,138129,60481,45594858,138129,60455,45595244,138129
e78910074362b7f2,57347,42421418,136925,57316,42432317,136925,57313,42432569,136925
e78be338ae5cd31a,69947,55041042,138153,69893,55054041,138153,69878,55051302,138153
e78d0700d6b8a8d0,90396,75461568,139337,90390,75472750,139337,90376,75472466,139337
e799886b28605335,88602,73661258,137504,88549,73671496,137504,88535,73671813,137504
e7bd1d68bf8f5cb6,25073,10180307,138038,25031,10190259,138038,25020,10195259,138038
e7c34caa2cfadea0,15298,400152,136797,15251,410521,136797,15241,410848,136797
e84ba01039fea2b3,102943,88003182,133177,102962,88015587,133177,102935,88013566,133177
e857eacffdf38dc1,52153,37290102,351668,52157,37321023,351708,52142,37321162,351708
e8654e8046f450b1,66436,51521152,139474,66405,51532148,139474,66391,51532060,139474
e86ba386d8e09976,14947,43374,156104,14912,62099,156104,14899,55444,156104
e87ad86b2928e19e,111663,96748476,158266,111631,96760860,158266,111616,96761146,158266
e88e6d7552e1aa6a,93923,79048581,350097,93915,79078618,350137,93900,79078612,350137
e891b4173e8c20b8,59917,45001002,138559,59883,45013636,138559,59873,45010963,138559
e8a556a4871dd502,29102,14183833,136696,29068,14193876,136696,29058,14194245,136696
e8ac60074a662a17,57924,43001567,131030,57891,43013748,131030,57876,43011109,131030
e8b6fc7b4998837d,71688,56762094,132343,71655,56771713,132343,71653,56772093,132343
e8c3cb7789ac6b15,26072,11159133,129664,26043,11171727,129664,26025,11168726,129664
e8d42db00de4fff6,75360,60420263,132686,75378,60430066,132686,75357,60430487,132686
e8e36170a2a13873,85284,70364622,137503,85252,70375183,137503,85236,70378708,137503
e8f231881aebed1b,91022,76103894,141778,90988,76114518,141778,90973,76114885,141778
e8f32283c344c097,98397,83481554,139097,98362,83496606,139097,98347,83495658,139097
e8fc015fdc532a3c,66725,51820688,136861,66688,51836267,136861,66673,51830870,136861
e91484834b1cbd6c,80176,65244213,138161,80170,65255259,138161,80144,65255624,138161
e938d94bbf0b2d22,91469,76562317,140970,91425,76573325,140970,91410,76573682,140970
e93bb8366958690b,86277,71381102,135938,86240,71391641,135938,86223,71391957,135938
e948f205f10a6831,115195,100264482,140475,115161,100275673,140475,115147,100276006,140475
e95d4523b4d1b407,36798,21883212,153641,36770,21894891,153641,36755,21895345,153641
e95eb4dd5ea61495,17719,2804053,137906,17686,2817648,137906,17672,2814616,137906
e9648f251fabd0e3,26130,11219199,131057,26088,11229979,131057,26071,11230093,131057
e9690e170d511c6f,46690,31759158,129266,46690,31769059,129266,46672,31769313,129266
e96fe7f94fb7d14d,60045,45124143,138179,60008,45135234,138179,59997,45135279,138179
e984cabb261ece8f,92766,77862856,133670,92721,77872839,133670,92711,77875204,133670
e989c942a92f6306,52568,37623839,143332,52559,37634927,143332,52544,37635205,143332
e9a4cb71c750a941,22904,7983825,138075,22865,7995144,138075,22849,7995462,138075
e9bee2a7c7931d40,115672,100761951,139718,115637,100772699,139718,115622,100772918,139718
e9ce1a0912f641be,90869,75980233,131802,90833,75990805,131802,90818,75990996,131802
e9e200dd035796d1,65139,50222625,137316,65109,50233490,137316,65094,50233720,137316
e9f916a9b47d0e6b,49843,34924234,137581,49810,34934494,137581,49801,34934920,137581
ea0e75117bbec91f,117634,102724964,157823,117600,102738312,157823,117586,102737748,157823
ea14176a5229d830,89481,74580446,132964,89435,74590561,132964,89423,74590929,132964
ea20ad14c4400878,74165,59250537,154224,74132,59261919,154224,74117,59262272,154224
ea285c53611fab60,45595,30684262,137291,45558,30694136,137291,45540,30694534,137291
ea741a30a99859cb,103953,89061919,139916,103920,89072759,139916,103905,89072502,139916
ea7f2b404f9255c3,18739,3843822,138920,18703,3854131,138920,18688,3854564,138920
ea7f38f8e397120a,25607,10671228,115765,25635,10760442,115765,25615,10756068,115765
ea8d944503f48298,92708,77800240,131529,92656,77812846,131529,92636,77809646,131529
ea9557522a0bb2c0,72796,57881152,138872,72763,57894503,138872,72748,57894522,138872
ea9c474c430da77a,20394,5480542,138671,20332,5491594,138671,20317,5491634,138671
eab2572b46550574,61675,46760870,137433,61643,46770723,137433,61628,46772151,137433
eab93a1bf8f0493e,84123,69201206,138253,84098,69212057,138253,84074,69212293,138253
eab964514fedacb5,89451,74540503,131732,89406,74550263,131732,89394,74550633,131732
eaba5b0a6221ccaf,32790,17903302,154570,32757,17918625,154570,32741,17915625,154570
eaccc7545cc20b3d,51621,36721095,139840,51581,36732640,139840,51562,36732829,139840
eae8997d7a646d27,107777,92864966,138646,107739,92875517,138646,107724,92875796,138646
eb04b9507db16afb,108144,93224858,137454,108112,93235400,137454,108097,93235925,137454
eb5bb2b2007a7cf5,50690,35781284,138954,50665,35795263,138954,50646,35791318,138954
eb7fb57380b4a21d,43515,28603451,154337,43493,28615214,154337,43471,28615652,154337
eb8a5aa55ac1a777,21990,7042718,129530,21989,7052453,129530,21974,7052747,129530
eba68277763f559c,63104,48160684,136896,63096,48170790,136896,63082,48171155,136896
ebc5f8180b943d92,111310,96362452,142637,111249,96373548,142637,111234,96373892,142637
ebc663fbb1ee2fc9,55176,40203626,141252,55220,40216850,141252,55201,40214121,141252
ebcd3c961099f5a3,101587,86685226,159194,101552,86697511,159194,101541,86697617,159194
ebd392a564ad009f,53393,38481159,139699,53357,38496938,139699,53342,38495201,139699
ebeeaedc9ca9b15d,98427,83505106,139546,98387,83520081,139546,98372,83516231,139546
ec0821c8ec9b4057,111858,96942082,140092,111824,96952400,140092,111809,96952717,140092
ec1a3dd95a9e6097,42274,27361212,136418,42216,27373789,136418,42200,27371168,136418
ec481315f794c8df,22196,7280315,136651,22150,7290962,136651,22136,7291109,136651
ec5cef6c8e7eecee,49413,34500835,138501,49376,34510955,138501,49366,34511437,138501
ec893465dd567494,69048,54124450,139245,69014,54135001,139245,69001,54135421,139245
ecafa286cdb68ff3,52537,37599660,131696,52532,37610031,131696,52517,37610402,131696
ecbadf413f7251c9,27404,12486126,137606,27366,12496201,137606,27346,12496574,137606
eccc52e85ca606c9,64729,49808356,128917,64724,49818538,128917,64709,49818815,128917
ecd2a19f27b89169,59788,44867777,157817,59756,44884171,157817,59746,44879551,157817
ecda4a48ad865142,19120,4201257,130917,19089,4211539,130917,19070,4211790,130917
ecdd842386e0aa94,94511,79601427,138615,94471,79612826,138615,94456,79612320,138615
ed2ee48dd892aad7,111794,96890536,179522,111761,96904663,179522,111746,96904870,179522
ed384a20a70801b2,46251,31340797,138828,46212,31351414,138828,46196,31351583,138828
ed3d7f539671078b,27913,12979044,129885,27900,12988406,129885,27886,12988833,129885
ed5360ec90ddcf1f,111093,96092895,114376,111106,96102130,114376,111092,96101837,114376
ed53b3529124873c,112080,97180886,131954,112039,97192306,131954,112024,97191368,131954
ed62ca01ce3b8bd0,57827,42924188,156757,57794,42936930,156757,57780,42937222,156757
ed6bd54702f04948,101045,86085626,140711,101047,86095886,140711,101032,86096263,140711
ed7b8025700daf42,22488,7600197,137275,22460,7610731,137275,22443,7611065,137275
ed86bc9956a64ec3,33886,18950752,115555,33892,18960035,115555,33876,18960316,115555
ed9031f1845e6b29,60729,45868104,348771,60733,45921566,348811,,,
ed958f7a524de632,66881,51981190,139202,66835,51992446,139202,66820,51992237,139202
edb4467172d209cf,53579,38679569,130845,53536,38696829,130845,53520,38689832,130845
edce0f98c9356e63,107649,92740252,130872,107615,92755260,130872,107600,92750234,130872
ede79a53d6b10656,72113,57201138,139064,72080,57211970,139064,72065,57212362,139064
edf28a566c22ac3f,67844,52920375,130547,67801,52929993,130547,67787,52930253,130547
ee26498a6f059042,18769,3880499,138082,18733,3891032,138082,18718,3891454,138082
ee27a5ff6c6b2409,85688,70759813,129637,85678,70772282,129637,85676,70769176,129637
ee3486d88ab94172,88630,73701815,140512,88570,73713254,140512,88555,73713404,140512
ee83744fc46c8f92,68457,53540354,131691,68422,53552642,131691,68403,53550042,131691
eecf6c5e80c502f0,81918,66981532,140185,81918,66992261,140185,81905,66992622,140185
eedec53fd829874c,114314,99422411,141055,114277,99432673,141055,114266,99436690,141055
eeeadc6fc1065308,101844,86941899,139434,101805,86953048,139434,101793,86953209,139434
ef067719dcb3fd42,114070,99162021,139975,114029,99172318,139975,114005,99172665,139975
ef15caff4ce22628,107745,92841576,138094,107708,92852316,138094,107693,92852533,138094
ef25ee13bd7522a8,15267,360474,139192,15222,370995,139192,15212,371453,139192
ef2f22bd2b5dd191,105726,90822014,140523,105692,90833027,140523,105675,90833406,140523
ef31aa5107c7ed35,33951,19019437,130278,33956,19034518,130278,33939,19029677,130278
ef7090f64915bab5,46900,31982766,138096,46866,31996138,138096,46849,31993843,138096
ef7667b1b1eb1e62,103705,88800841,132403,103673,88811643,132403,103658,88810915,132403
ef7ca6e615749f56,48081,33161106,137851,48052,33174192,137851,48032,33171197,137851
ef8ad4b6ce6fa303,77001,62080944,137622,76965,62090778,137622,76950,62092482,137622
ef94755a87fe58b9,117504,102585542,140203,117472,102595548,140203,117457,102598454,140203
efa8778f877e13c4,86493,71581199,137812,86461,71595880,137812,86446,71593986,137812
efbdf9d21d7065ae,50311,35381265,132162,50311,35391063,132162,50290,35391421,132162
efe7e9a0609b4c14,116818,101862963,131440,116829,101872614,131440,116814,101872965,131440
f0140cd94a72c29b,66104,51200843,137562,66052,51211861,137562,66038,51212193,137562
f027bcdd193e5b4a,65169,50246210,137904,65135,50256611,137904,65120,50256893,137904
f02eb607c7866e78,77595,62681252,137733,77561,62692524,137733,77546,62692764,137733
f075422cde2f3f07,117096,102160632,131396,117074,102170041,131396,117059,102172917,131396
f0996b6b9f7eaf34,108209,93301742,138507,108176,93317785,138507,108162,93314989,138507
f0c1dbda90483d3b,19056,4139295,131538,19027,4148908,131538,19007,4149392,131538
f0c55c72e322802f,16459,1540617,140240,16427,1550975,140240,16412,1556073,140240
f0e067c6b75b1c3d,105171,90261683,138774,105114,90274552,138774,105097,90271527,138774
f0f72e5eee6483b7,54525,39579774,132762,54518,39589749,132762,54503,39590070,132762
f10147a76a966955,19948,4958887,129714,19974,4971641,129714,19960,4968749,129714
f10273951ead069f,17534,2640382,138563,17497,2650573,138563,17482,2650971,138563
f107bb745de081aa,21069,6163576,137206,21025,6173521,137206,21012,6173828,137206
f1405ece80539e2e,30663,15743711,137171,30626,15754069,137171,30607,15754461,137171
f160331430c1a23b,76776,61861458,140464,76743,61872297,140464,76728,61878852,140464
f1708dc851ab5a34,99536,84621600,138933,99500,84637274,138933,99488,84632669,138933
f177ef8a1e0125e2,69114,54201181,139875,69078,54213418,139875,69066,54212464,139875
f193168e678f5ded,79549,64624642,137728,79516,64635047,137728,79501,64635370,137728
f1965fa9b2e4f091,16488,1563965,138401,16450,1574026,138401,16435,1577020,138401
f1a2d9af1287f4f5,74133,59224515,158224,74100,59236687,158224,74085,59237102,158224
f1a4d46395431ab5,73737,58824770,138630,73693,58835034,138630,73678,58835413,138630
f1c7bc91487867ee,40804,25900993,138675,40769,25915581,138675,40757,25913872,138675
f1cf61db572a6625,98247,83320226,131365,98234,83330515,131365,98220,83336665,131365
f230cfe5e43aa2ed,32120,17160714,115228,32148,17169664,115228,32133,17169896,115228
f2371890586afc4f,64513,49600443,135518,64479,49610535,135518,64464,49614823,135518
f2516add404fa4a1,106478,91585911,103077,106479,91636093,103166,106462,91634703,103166
f2532bf200cd9169,23647,8711814,115491,23657,8721242,115491,23638,8721388,115491
f26831867373cef6,80054,65121093,137114,80072,65130966,137114,80043,65133907,137114
f2813fda2fe7ca9d,81402,66484421,137494,81373,66494292,137494,81357,66494690,137494
f293da5f921e0039,84918,70004618,138825,84879,70015651,138825,84863,70016666,138825
f2965958ea7c9d12,42102,27159657,129684,42087,27169720,129684,42068,27170070,129684
f2990ff9a4a3da62,22872,7960480,138347,22835,7971545,138347,22818,7971576,138347
f2ae5cfa2ec8ba1d,39254,24360459,136473,39216,24370782,136473,39200,24373762,136473
f2c2279258577ae2,55581,40660964,138681,55515,40671973,138681,55498,40671921,138681
f2d873ee0e6a9a3a,48830,33920927,138327,48790,33931952,138327,48776,33931796,138327
f2eeb21fe2817a63,55386,40439652,131432,55382,40453801,131432,55364,40449198,131432
f2fcbb196b2205c4,47207,32320432,136610,47173,32330778,136610,47158,32331050,136610
f302acedc88fab73,34936,20020798,139123,34905,20033708,139123,34884,20030763,139123
f30e0c11b9e8ad3d,68585,53680976,138420,68543,53691688,138420,68524,53691906,138420
f32ec142a6e72adb,99137,84225043,139517,99101,84237927,139517,99083,84235323,139517
f33bf493cf21891f,34687,19800315,136645,34659,19810781,136645,34637,19811093,136645
f349f90263af0989,79799,64868352,129758,79836,64993639,129847,79805,64886110,129758
f35f56643760980d,49753,34861094,137722,49715,34873076,137722,49706,34874005,137722
f389121ff69c19fb,43800,28900929,138235,43767,28911565,138235,43747,28911603,138235
f39cb455882262fa,60138,45224474,139278,60123,45259194,139278,60085,45235000,139278
f3b54dedda1e4e49,35945,20998985,128044,35975,21041764,128044,35949,21008757,128044
f3b58e5a81274e7d,93203,78300835,132610,93164,78314837,132610,93149,78310439,132610
f3efe4d1aef5a52c,31220,16303475,135977,31187,16314458,135977,31173,16314769,135977
f400fb6ac267ad5d,49908,34984651,139776,49875,34994776,139776,49866,34997941,139776
f41538e515116a5d,40587,25700561,137447,40554,25713819,137447,40538,25712550,137447
f41f98545ff55113,95257,80344789,138353,95211,80358283,138353,95196,80355356,138353
f428eee61ef1a79a,110673,95845364,360763,110712,95875563,360803,110697,95876326,360803
f43604cedd145ead,74977,60067003,130422,74948,60079237,130422,74928,60076614,130422
f43a8600c26380b9,102092,87201813,139572,102053,87216423,139572,102040,87216239,139572
f440fee42a34d212,59308,44380727,137102,59277,44393262,137102,59263,44393959,137102
f44f293812010f47,78554,63661280,137625,78515,63676320,137625,78498,63672199,137625
f4605c2fbc286643,40461,25564046,138526,40424,25574382,138526,40409,25574772,138526
f468bfc398a0b4a1,65017,50091697,138409,65000,50102758,138409,64985,50102701,138409
f4704cfb89d864fa,94106,79180136,130157,94103,79190390,130157,94088,79190660,130157
f470cfe9b79a9e9a,62121,47221061,138689,62076,47234599,138689,62061,47235146,138689
f482fdc358d33572,68107,53221240,139472,68078,53235325,139472,68059,53231438,139472
f485a0d14a46e23b,52282,37349783,131644,52292,37359805,131644,52277,37360332,131644
f48cbe7f4b7a89f7,114565,99645137,132349,114535,99654976,132349,114514,99655455,132349
f490ff51a8176db6,115166,100240724,132466,115138,100251629,132466,115123,100251656,132466
f4a4f7f169dc9235,18959,4050114,156466,18931,4062353,156466,18911,4062668,156466
f4b093829c51d758,65259,50387686,138246,65239,50398705,138246,65224,50398864,138246
f4bc2b2199bee745,38123,23181661,130442,38112,23191578,130442,38110,23191840,130442
f4ee84e9e4aac05b,41919,26961131,130272,41937,26971246,130272,41917,26971512,130272
f5075e002e451c62,45187,30299231,130089,45150,30313138,130089,45136,30309714,130089
f516230654eab42b,114467,99561172,133518,114438,99576485,133518,114419,99571447,133518
f522dd142981d1ed,118853,103920655,131657,118859,103929962,131657,118843,103930400,131657
f524b3294be94835,54432,39482018,132872,54436,39492625,132872,54421,39492904,132872
f525101fbb4790f1,87652,72720211,132160,87680,72775383,132160,87643,72731319,132160
f52a50e5d529d5ca,28892,13983767,137492,28848,13994405,137492,28830,13994644,137492
f5351f7814c4fe5e,62493,47579648,131431,62456,47589570,131431,62445,47594391,131431
f585d6d7e7e853e6,104045,89145351,138819,104008,89158721,138819,103992,89155580,138819
f58bd8e68398a407,64858,49922277,129179,64852,49931944,129179,64836,49932213,129179
f5b7cdaa0a7022e3,73647,58723788,140934,73617,58734286,140934,73602,58734655,140934
f5b7f70bf83bd226,109543,94625203,139709,109507,94635927,139709,109492,94636166,139709
f5d62e088666af8f,16575,1664045,139082,16519,1674881,139082,16504,1675281,139082
f5da757d010e6c68,87937,73005431,138388,87941,73015547,138388,87908,73015975,138388
f5e663153919fd53,38031,23081035,129631,38033,23090424,129631,38033,23090855,129631
f5ee670d7308da73,70569,55661063,138046,70525,55671645,138046,70510,55672032,138046
f60b2e27be994ea9,31454,16532135,112878,31475,16541445,112878,31461,16541532,112878
f6190484dc155199,27791,12840701,129212,27795,12850602,129212,27781,12852429,129212
f61aad76aa7895fe,89665,74764468,141922,89625,74774458,141922,89613,74777277,141922
f62dbe882d31fb93,84824,69921509,138350,84790,69931752,138350,84774,69937542,138350
f6788f530a3322ff,45812,30920751,138764,45772,30931435,138764,45757,30931437,138764
f69954882a4d885d,116688,101768167,133647,116702,101782275,133647,116687,101783031,133647
f69e78fb94c68a74,59156,44219661,131553,59147,44229151,131553,59134,44233734,131553
f6be03d5c26d34bd,53703,38802098,131699,53663,38812531,131699,53650,38812989,131699
f6cd143818bb1e1a,71927,57041357,138901,71893,57051924,138901,71878,57052274,138901
f6df86fab0fb44bc,57893,42979446,130169,57860,42993865,130169,57845,42989473,130169
f6dfb01c78ca44e1,32514,17580328,137130,32438,17590931,137130,32423,17591204,137130
f6fea495afcc0432,101103,86145207,139475,101089,86155466,139475,101075,86158393,139475
f715a3dbcbad0e65,70285,55367067,137282,70251,55380485,137282,70236,55377337,137282
f7172d2a9147e22f,41058,26160834,138074,41013,26175646,138074,41004,26173873,138074
f72d622284b0769d,94390,79471396,130205,94367,79481358,130205,94352,79481507,130205
f74ea13bb0a7d52b,36608,21720666,138479,36575,21731996,138479,36560,21731940,138479
f7827f9198c4b913,102276,87361789,139184,102242,87373168,139184,102227,87373232,139184
f789556e2d59300c,96501,81584817,138268,96454,81597814,138268,96439,81594939,138268
f7bc3b2b764a5c1c,37644,22723573,137546,37611,22733551,137546,37595,22733968,137546
f7e279ff7222d801,35343,20443780,137680,35306,20456494,137680,35293,20453784,137680
f7ff384a2d8238bc,17381,2479078,131412,17344,2489440,131412,17330,2489727,131412
f8050cb0c1d11ea6,63282,48360643,137042,63243,48375444,137042,63228,48371079,137042
f817cbf3cfc75ee1,21706,6776082,130780,21729,6786875,130780,21715,6787140,130780
f825f549fed61752,87683,72742167,130162,87711,72776574,130162,87674,72752910,130162
f846a1c21265e95d,100923,85957697,139694,100950,85968421,139694,100935,85968796,139694
f8539cc411ac3181,44295,29380458,136203,44260,29390572,136203,44245,29390945,136203
f85f1f4bb3458abe,96796,81881396,137726,96765,81891547,137726,96748,81891849,137726
f8616cb7ddfbd345,93451,78561857,139940,93413,78572421,139940,93398,78572822,139940
f8a00ec9de402e6a,113178,98242703,131261,113180,98255503,131261,113140,98252798,131261
f8a83ba8fdffe80e,105757,90845651,140123,105722,90858214,140123,105705,90855627,140123
f8a9b671e68760a2,95721,80801657,139463,95688,80814243,139463,95673,80811744,139463
f8b133d2341b1236,28002,13080728,139503,27971,13092020,139503,27957,13092393,139503
f8ce8494f954360f,95505,80605104,139701,95468,80615583,139701,95452,80616085,139701
f8d30dbbb313488c,99666,84744927,138819,99628,84755257,138819,99617,84755607,138819
f8f6e3625b8c89b1,35095,20192026,137430,35056,20202993,137430,35036,20202900,137430
f90048793f0cabf0,88340,73358304,121222,88346,73367772,121222,88332,73368015,121222
f901cc8ede650000,19595,4687948,137910,19575,4699755,137910,19560,4699576,137910
f909c676a9b3b066,109382,94465028,137272,109349,94475830,137272,109334,94476122,137272
f926f169145ca71a,41120,26220846,139694,41073,26232876,139694,41062,26232876,139694
f927c88b663aa9e4,20209,5260187,136428,20166,5271180,136428,20151,5271449,136428
f92f6d6c45fff120,67253,52386150,336701,67251,52413018,336741,67236,52414743,336741
f9307155d898f7f8,52025,37104934,140544,51988,37115671,140544,51977,37116007,140544
f952bc846dce34d8,33238,18323116,141141,33206,18333516,141141,33183,18334014,141141
f967cbce9f95cec0,29297,14380175,136277,29262,14391396,136277,29251,14391687,136277
f975221fc80c4a83,46989,32083563,136836,46948,32093777,136836,46921,32094101,136836
f9800d9797dc03cc,40288,25364196,137357,40247,25374403,137357,40224,25374872,137357
f98566ef740c25c9,96677,81781412,138043,96639,81791611,138043,96621,81794777,138043
f98d5608e0fd013f,63010,48063379,140350,63014,48076764,140350,62999,48074374,140350
f9d7bad2dd39366e,119218,104322137,138304,119174,104333135,138304,119158,104333287,138304
f9e2826f1a269425,90269,75322788,132244,90274,75337829,132244,90260,75334636,132244
f9ef783bf8fd5eef,93762,78845056,140304,93734,78858752,140304,93714,78855906,140304
fa0f309845001501,47833,32940673,137732,47796,32956712,137732,47777,32951005,137732
fa13b3d4bbe85ad9,76055,61141162,138541,76023,61152308,138541,76008,61152405,138541
fa36ebcbfaf4baa3,81724,66803885,129665,81730,66813894,129665,81717,66814171,129665
fa4a0eff4fff27a4,64327,49440769,137160,64292,49451372,137160,64277,49451638,137160
fa4d60cb6117efa4,65867,50901173,138092,65835,50911501,138092,65817,50911806,138092
fa4fbac89414955f,87175,72261736,138970,87142,72271921,138970,87128,72272187,138970
fa58a455a7ef32f2,94360,79440461,132292,94340,79451267,132292,94325,79451257,132292
fa5afa170767b646,83909,68964876,138031,83916,68975280,138031,83889,68975593,138031
fa5d68f9fad40a00,53980,39064863,139753,53945,39075993,139753,53934,39076147,139753
fa90660c88b54b95,73156,58263572,102037,73157,58281174,102037,73142,58281732,102037
fa95058a777d6d24,17196,2283468,141192,17157,2293796,141192,17142,2294235,141192
fab898133936b480,84063,69124237,136662,84049,69138129,136662,84024,69135091,136662
facad9a66ab80dc0,95689,80765323,139566,95656,80777894,139566,95641,80775306,139566
fad1d4f41c46a7e2,21007,6100080,136153,20966,6110060,136153,20953,6110435,136153
fad5603955ee3349,71808,56901306,138368,71759,56911363,138368,71753,56911766,138368
fadd3530be05363b,49631,34723983,137475,49584,34733968,137475,49573,34736874,137475
fae4002e51d67efc,58116,43204926,140201,58077,43215971,140201,58062,43216328,140201
fb04db645659fbb6,118348,103442193,139067,118314,103452919,139067,118299,103453321,139067
fb0e2b599d49471f,107300,92404286,141234,107262,92414894,141234,107252,92415375,141234
fb0e69f78905072b,47983,33063800,136914,47954,33076626,136914,47935,33074082,136914
fb1187b3b89fa986,54704,39776763,114868,54666,39785647,114868,54652,39785897,114868
fb25f057618c0754,108520,93590253,130636,108517,93599473,130636,108517,93606832,130636
fb2abe993dbd6139,90517,75585256,139728,90495,75595820,139728,90480,75596179,139728
fb40880ce2fca581,92324,77380178,131529,92323,77389932,131529,92308,77390339,131529
fb6b496700e504c7,87748,72820589,132135,87772,72830594,132135,87736,72830859,132135
fb75eb4c71657e3a,80721,65801213,136091,80688,65812366,136091,80673,65812582,136091
fbac14c037ef7442,64922,49981198,128852,64912,49990760,128852,64897,49991073,128852
fbad45a2be6420d7,34203,19279287,129569,34189,19289191,129569,34172,19289560,129569
fbd783e5cdb3421d,106318,91402306,142117,106282,91413421,142117,106267,91413809,142117
fbd935e8bba95cad,54108,39247551,349357,54116,39278830,349397,54101,39279590,349397
fbec027baef5a5b3,106689,91760469,131653,106694,91770999,131653,106677,91771221,131653
fbf0dc8774bcd524,86840,71941342,138453,86794,71952231,138453,86780,71952487,138453
fbfa8f3bef609908,82398,67501105,137325,82357,67511747,137325,82338,67512045,137325
fc388cbb537151be,95001,80085316,140662,94967,80098632,140662,94952,80095751,140662
fc4c98dac359e0f5,67295,52403390,103212,67298,52420639,103212,67285,52420284,103212
fc5d4842b618b60d,114728,99807136,127441,114741,99819012,127441,114727,99817614,127441
fc7334ca3935a4f4,115428,100524108,131305,115387,100534520,131305,115375,100534910,131305
fc9dfbaa45a70961,96133,81200426,132953,96129,81210941,132953,96114,81210940,132953
fc9e7a669fa63fcc,116175,101281998,140166,116138,101292166,140166,116123,101292527,140166
fca392bd986ca8f8,70349,55441268,139530,70315,55452600,139530,70300,55452869,139530
fcc41aaa0882c735,54272,39326717,132063,54284,39336875,132063,54270,39337212,132063
fcc58752d3811d8e,85195,70301266,138611,85158,70311396,138611,85149,70311730,138611
fcd2be32c2ddb66a,100297,85362981,132793,100285,85375891,132793,100266,85372627,132793
fcf77c23ed46d785,82675,67760873,135347,82647,67771362,135347,82626,67771682,135347
fcf9c4a5a99eda6d,116426,101505351,139016,116396,101515506,139016,116380,101515942,139016
fd010a7f5bde9015,21440,6520400,138064,21407,6530448,138064,21392,6533448,138064
fd04b42619985f45,58240,43340793,137911,58194,43351695,137911,58179,43351850,137911
fd1020d0dc8a96a7,77848,62938430,128318,77881,62948284,128318,77866,62948615,128318
fd11f3df643bdd91,23995,9061393,130604,23978,9070905,130604,23961,9072334,130604
fd2c8af6d4387cbe,108025,93125057,139483,107990,93138199,139483,107971,93136060,139483
fd52014d058b25a7,106560,91625572,117972,106569,91637548,117972,106552,91636233,117972
fd5423bc6b16ef9a,72146,57224704,139666,72112,57234797,139666,72097,57237831,139666
fd6bba13637c1640,28264,13363228,135699,28223,13373360,135699,28208,13373701,135699
fd6f984eb2e8f767,51775,36881038,139018,51741,36893699,139018,51725,36892716,139018
fd889db8f82407ce,36707,21823323,154520,36676,21835527,154520,36661,21835883,154520
fd9efecc32cbb2fd,77881,62971646,130455,77913,62985910,130455,77899,62985890,130455
fda6447ed449831a,111547,96645227,139615,111503,96655221,139615,111488,96658007,139615
fdb6c42ba66f62d4,98633,83741753,139737,98601,83753104,139737,98579,83753104,139737
fdc122e0f57426ac,36284,21360994,140051,36263,21372040,140051,36241,21372206,140051
fde3a46f4c6d089d,75166,60244065,117849,75191,60348597,117938,75169,60258734,117849
fdf5b486c550594d,37726,22833251,98103,37741,22855814,98103,37743,22875106,98103
fdfd2ef16575eb91,78798,63881167,137368,78767,63894566,137368,78755,63892950,137368
fe281012e07023d9,16787,1900369,137546,16752,1911258,137546,16737,1911608,137546
fe47a2ed28dddc0f,102406,87483945,130832,102370,87494603,130832,102355,87494883,130832
fe7c57e4e509f97a,31648,16698881,128933,31661,16713112,128933,31647,16711867,128933
fe80d5d5bd6b17f0,85103,70204754,137813,85066,70215344,137813,85056,70218245,137813
fe9c0fbababa5ca4,17164,2259570,132058,17127,2274050,132058,17112,2269230,132058
feafe436f043a4b9,47678,32780570,136518,47632,32792791,136518,47617,32791749,136518
feb701d13d0a09b1,67634,52700181,131169,67623,52710919,131169,67609,52716025,131169
fedf4efb05d14a02,21898,6941251,130850,21909,6951319,130850,21895,6951688,130850
fef9e22384740937,92651,77740250,131542,92595,77755644,131542,92580,77749928,131542
ff022389a677c5ad,97272,82365357,138518,97227,82376408,138518,97211,82376660,138518
ff2565bbaf5e0826,106285,91362718,131846,106250,91372861,131846,106235,91373253,131846
ff4727eaf75f93eb,33207,18299232,130826,33177,18309473,130826,33154,18309821,130826
ff8281cd1baab681,42331,27514052,401958,,,,42370,27547665,401998
ff995f8be8935e36,74913,60001183,138010,74884,60011824,138010,74865,60012200,138010
ffc1e74f4b26c93a,26840,11940488,138340,26799,11951310,138340,26781,11951705,138340
ffd83c44bdfdf897,45907,31019538,129705,45870,31029351,129705,45857,31029525,129705
ffde1140f7fde26d,20182,5220406,138368,20148,5231568,138368,20134,5232246,138368
fff61909fd0d3967,30757,15843640,138193,30716,15854363,138193,30695,15854765,138193
