content_hash,rtsp-0_pts_ms,rtsp-0_arrival_us,rtsp-0_bytes,webrtc-0_pts_ms,webrtc-0_arrival_us,webrtc-0_bytes
00116edb907abca4,28732,18868444,133848,28538,18878849,133848
001eac28d1f5bf66,27435,17566496,139211,27228,17576457,139211
0072ad53b8886269,28947,19070910,165330,28752,19082917,165330
00843adfbffef943,46697,36805391,130889,46528,36817431,130889
0088952f099e15a2,46452,36545317,131005,46329,36557352,131005
00926493558069e9,57992,48127331,141545,57787,48137137,141545
00a9c1bf7e20d8d4,87274,77407350,140032,87067,77417718,140032
00cf96f7835c8ee5,106393,96506653,131451,106199,96516593,131451
00d91bf8645e72bf,35042,25106611,138913,34799,25121971,138913
00db4e5643ab1329,95921,86047228,138314,95721,86057529,138314
00e874fb00b24999,118313,108447912,140187,118108,108458958,140187
00f62bff98d7dc77,44298,34408743,120252,44167,34516187,120341
0102a3d6155a50b8,35015,25066355,138248,34782,25077719,138248
01239e172108d33e,117479,107590695,138240,117286,107600970,138240
0129cbf00c32e3d9,77631,67750639,138217,77437,67760056,138217
013fa7e3fb2d4c2f,115097,105211470,138209,114886,105221765,138209
018e12a22c07fef9,26691,16809338,142675,26475,16819046,142675
019702f3b375ad9f,111611,101727406,137833,111420,101738618,137833
019fc67527679bfa,42871,32990293,138167,42673,33001998,138167
01e2e8d3c4b25e04,11262,1364898,131319,11099,1374515,131319
0206521e277a8f6d,24824,14966497,139237,24627,14977109,139237
02111a0d7bffccb9,30391,20505239,132174,30203,20515591,132174
021b19850d720b52,33742,23866559,139725,33551,23881275,139725
021b58fe92cdd41d,18271,8404717,130407,18070,8414026,130407
0251d259b2aa12cf,82732,72866157,131277,82528,72875966,131277
025cf5e51798483d,17815,7907261,132427,17649,7916659,132427
025e5a5845ab5e31,12040,2078367,116906,11860,2086752,116906
0280f0540d137dee,112683,102768570,130866,112532,102778272,130866
028a52d89004924a,93585,83727292,138495,93387,83736804,138495
02a6842198ec0b21,53076,43165258,130225,52922,43177737,130225
02b1fed2e8b3966d,107332,97450914,138678,107119,97461218,138678
02c6816b4d67f487,64069,54189589,154705,63876,54200910,154705
02ca9e8ecb9ed326,83176,73290209,138340,82982,73300964,138340
02cc00920e97591e,99482,89591142,139368,99289,89601088,139368
02d035137af7535a,26809,16946343,138689,26607,16955833,138689
02ddc12dfd6ead8c,95389,85527327,139239,95188,85538134,139239
02ed788000da025f,46071,36185276,131504,45877,36194442,131504
02ef78432c992ca0,57880,47985891,131181,57654,47995431,131181
02efc52c704f1689,39764,29889927,138516,39558,29901753,138516
034a085240e33a47,94154,84287000,137940,93949,84297609,137940
037f87a8502aba52,86373,76487338,139023,86177,76497868,139023
0388db04af3b5331,59241,49351277,118263,59091,49360536,118263
038e06ce14a210d4,39514,29631410,142847,39322,29643135,142847
03b4b0bf2e49c89f,29237,19367323,144638,29031,19378028,144638
03d5e7ee5f7be7e5,11946,2004841,114442,11782,2013720,114442
03f0ff1e0b4afc38,118342,108471504,139599,118140,108483058,139599
0402df31777e50e0,28524,18645023,131294,28323,18655514,131294
04137c36dff3cdd5,66741,56866984,138697,66548,56876718,138697
04243b65bb335327,112327,102446413,132679,112132,102461565,132679
042ae97088ea52f5,48311,38430597,138679,48116,38442529,138679
043cd76b89a0317e,31377,21510193,139936,31184,21522491,139936
043ce4f42e74f598,44886,35009820,132749,44681,35021625,132749
044cf45c4542601c,51118,41205521,131666,50965,41215767,131666
045329beaf98f90d,43643,33768622,130424,43439,33779173,130424
0459bba08f73bfb6,64789,54906494,137302,64597,54916722,137302
04627162143db9df,72209,62305598,131332,72037,62315606,131332
0464de52b4d557d7,92839,82944381,137730,92728,82954998,137730
046610c44e36404c,56912,47013024,132189,56749,47022322,132189
046e25d469a6a3a5,83609,73746850,131880,83410,73756770,131880
04933c7189b24b52,53592,43726528,136796,53389,43741327,136796
0498f8bbdad55371,87243,77367530,140319,87034,77377800,140319
04a907a59e7b4784,63269,53367546,129729,63104,53377801,129729
04d3b220b616d1da,49349,39445347,130605,49176,39454274,130605
051b7a9532901ba3,75305,65428290,132697,75098,65437392,132697
0543012f95242ac9,53235,43325541,131142,53070,43337116,131142
059c64b9a6a3c499,104565,94688215,142489,104371,94698372,142489
05a127b12da1343c,90525,80667697,141203,90328,80678848,141203
05a38db1b9f3b0b2,57376,47463187,132746,57236,47472876,132746
05aeea0ce5e660a4,103430,93545997,130778,103205,93555497,130778
05ba454d9e557df4,52536,42670040,137828,52343,42682471,137828
05ced9fd9f119c78,23792,13886331,131085,23624,13895964,131085
05e71be84d041818,103354,93446172,131460,103118,93455475,131460
05eb41cba82e2af1,70194,60245769,131199,70053,60255452,131199
0614d2503bdb9d2c,102636,92737691,131727,102483,92747120,131727
0622d96583e98792,17406,7524864,131172,17215,7534455,131172
064e967b3b9cfd48,44330,34428554,116534,44199,34517132,116534
065ce53e78295373,22340,12486927,142048,22147,12497304,142048
067b3fca4cde431d,84573,74688006,130789,84356,74697851,130789
06974264b7d9bed1,42812,32926677,139224,42624,32938536,139224
06bae509a6f1d4b6,22623,12745279,133091,22429,12754902,133091
06cf346eb012888e,109013,99126297,131600,108837,99136174,131600
06daf2a15a57149b,77257,67390554,138281,77060,67401173,138281
07085c8a0e9e30a2,33023,23146500,139268,32833,23159420,139268
0753b70b67b30da0,104011,94126341,132303,103813,94135432,132303
075b501a9d7e9f23,43674,33806840,140457,43468,33818110,140457
076239c4264d4678,68046,58167392,141305,67854,58177318,141305
078555d15751188f,41535,31650010,138309,41345,31661295,138309
079eedc06c10fc50,93118,83165652,130034,92967,83174737,130034
07ab7a4dcf794799,22526,12646630,141562,22334,12656859,141562
07b3d45423fc19da,26079,16190133,116788,25926,16198904,116788
07b6072dd1aea041,89727,79895068,349411,89568,79920863,349451
07d43165b392be7a,57565,47628530,132158,57410,47637579,132158
07d79b7cf326b121,83363,73485865,131210,83161,73495733,131210
07dd63f1d077b4a1,74523,64650429,139095,74318,64661567,139095
07ea2a274a066a60,33710,23826592,139042,33519,23837780,139042
07f691f9e9792526,113914,104046495,132530,113710,104056781,132530
07f98608ea0921e4,36321,26430190,139992,36131,26442267,139992
082a1a91525be493,28311,18407735,132832,28138,18417176,132832
083195d8becb9054,26779,16910445,139009,26577,16920640,139009
08422e5d8b9b13bf,15843,5924896,131007,15695,5933759,131007
085d199035deac89,88883,79007525,139522,88690,79017799,139522
085e2fb66d7e7b63,61928,52066999,139717,61728,52077238,139717
08843a5c6f779dd6,40295,30453827,353064,,,
08b34007635b5b40,63302,53405482,130610,63135,53415231,130610
08db3a2597d42948,28584,18705534,133295,28374,18715373,133295
08e68f88ef9f4884,77663,67786979,138779,77469,67796616,138779
0910563b5dfd5acf,28185,18285270,132756,28021,18295358,132756
09219ffe685cee39,67916,58030464,139080,67724,58041013,139080
09290d7709673e3c,61725,51847122,139236,61519,51858287,139236
0938f9f9f189a473,11764,1907473,79701,11610,1920690,79701
095d5dac3a50e745,21188,11306288,139241,20996,11316527,139241
0960bcfcf8646418,109782,99906262,132033,109585,99915796,132033
096269ec8071b71a,59339,49425436,131141,59187,49435208,131141
0965a621840ab7d2,62431,52550269,138539,62230,52562826,138539
096b8741fb60f657,22396,12509298,132519,22204,12518979,132519
0977b2567dd14fb5,92160,82267214,139103,91978,82277305,139103
097dda22efef2957,70000,60120710,119467,69871,60129105,119467
0982777983074661,58426,48546863,139627,58230,48557116,139627
09908cb0e9d79d9c,39450,29566911,140798,39260,29578530,140798
0993165f0f83d3aa,54181,44306621,137825,53985,44318584,137825
09a275e4ced6779b,26030,16170412,106134,25877,16186602,106134
09b0cebc244215ab,67440,57545597,131388,67258,57555209,131388
09b0ef00c3082253,36831,26925155,131034,36681,26936398,131034
09f5da757527c196,116123,106227867,139251,115931,106237733,139251
0a055b11f24d6465,54646,44766572,138532,54456,44779253,138532
0a39c9bd99af6e14,66676,56790166,138316,66483,56800656,138316
0a611b37f3ce674c,108576,98738851,376169,108414,98768030,376209
0a97d3cc8936e839,55789,45906537,138211,55601,45919650,138211
0a9934deb532c33f,91030,81158755,131846,90832,81168885,131846
0a9c2a50bc877d0e,41471,31586881,139514,41283,31598429,139514
0ad775fbb5fc8c20,39024,29146715,140120,38815,29160772,140120
0adb199241ea7d22,44396,34487416,129373,44263,34519183,129373
0af4319c3108b2bf,112261,102386515,129937,112068,102400000,129937
0b05474f9275a337,12720,2869169,156844,12530,2880440,156844
0b31ff1d07cd5c01,24122,14241762,116616,23967,14251081,116616
0b41adf44641a65f,74991,65107668,141681,74793,65117816,141681
0b4383e58f808026,101345,91487787,141240,101147,91497446,141240
0b48ccff223d6766,81557,71687909,131303,81359,71696879,131303
0b4ea1112a1dc7f3,13069,3184807,131519,12876,3194121,131519
0b59264e75eff5ef,48058,38170437,140690,47865,38182851,140690
0b6ef3091d3724c9,37650,27769895,138363,37455,27781344,138363
0b9664aa3d40d2ae,25229,15347268,139854,25034,15357393,139854
0b9836fc76489512,26605,16725278,131656,26397,16734930,131656
0bb966af85dc41d0,73879,63988791,114664,73725,63997591,114664
0bcf1bef78e7a61c,71014,61131216,138625,70821,61142009,138625
0be5b00016cba9ae,94591,84710534,156469,94398,84723054,156469
0bf2ab9e3245b642,56480,46627283,141715,56288,46638097,141715
0bf7d7c44b06602c,90408,80538870,140883,90199,80549667,140883
0c0148bfe374de83,92006,82088267,132436,91842,82098320,132436
0c1cac4d7d8c7de6,84251,74327929,130969,84088,74338006,130969
0c20496979237b4e,61150,51290749,105102,61005,51308317,105102
0c2bace6b44b3e20,67125,57225822,131534,66968,57237447,131534
0c38275991c44d91,84094,74167759,129886,83946,74176615,129886
0c3909b50e601159,22781,12905226,132493,22582,12914528,132493
0c5aa784b595bcb7,104766,94876009,116246,104623,94885229,116246
0c8fe882dd54d6c4,77348,67486894,137900,77151,67497019,137900
0c91ee3e0f98789c,35301,25426721,140159,35087,25438755,140159
0ca7205d289dd0cf,55551,45670098,139685,55336,45681727,139685
0ca79637fc5efb0e,89256,79398468,138921,89060,79408658,138921
0ce9bb17b185cf7c,18460,8604877,131347,18266,8614533,131347
0cf523b94637c465,86522,76658483,138527,86319,76668796,138527
0cfa19e5afed40eb,65326,55427526,142509,65156,55438072,142509
0d32486f231f155b,40446,30544960,129731,40316,30556353,129731
0d34adbfa9452ebb,19054,9186262,139040,18849,9196626,139040
0d3ac3e16c71194f,114158,104271342,139280,113966,104281582,139280
0d46ad0095b79f73,48154,38270473,141112,47961,38282484,141112
0d4b19febc33497a,43796,33930199,139285,43605,33941332,139285
0d7dbb01a7a4e041,25388,15507559,132744,25189,15517240,132744
0d84dd7998aa9de5,96414,86530643,137169,96219,86540857,137169
0d9e4ac31a11b78e,60089,50207223,141366,59897,50217419,141366
0d9f6ad4ed3d6e8d,108104,98248143,140930,107908,98258653,140930
0de18794176336f0,67530,57645638,131655,67334,57655524,131655
0df1bc676b4446ed,46291,36389841,118983,46178,36526930,118983
0df83652cba6b19b,111417,101530841,137152,111228,101541717,137152
0e09f180a98d62f9,38821,28907462,131520,38665,28918256,131520
0e0b46d81ae89065,54838,45012525,345336,,,
0e12f69906d6579f,87614,77727321,138808,87421,77736735,138808
0e15c8cc1b323c34,80393,70486443,131406,80161,70496210,131406
0e175e89c4da7c49,91878,81965845,130703,91721,81975231,130703
0e30dfcea88d49e8,82197,72285519,129928,82043,72295136,129928
0e40e5d4bc99f4bf,13851,3926859,130670,13698,3936585,130670
0e41710ade5ca214,116298,106427967,139313,116088,106438363,139313
0e4ae44d3a3149bf,50634,40747672,131523,50442,40757356,131523
0e4b58d89622505b,116093,106191202,139007,115906,106200996,139007
0e53a93cb207f4e6,16028,6124914,131723,15859,6134509,131723
0e598175844c9a81,80077,70171793,72977,79901,70177205,72977
0e634004c819ffb4,31066,21186723,140594,30871,21198190,140594
0e6452129350f02b,37151,27285266,132136,36949,27301440,132136
0e7d39942eb4204c,87894,77995094,133414,87732,78006131,133414
0ec04525a3329b07,62524,52650568,139259,62316,52661016,139259
0ec6b12a4fae6ea4,86222,76326006,131506,86044,76335646,131506
0ece96c1685b0732,19989,10104912,131312,19806,10117074,131312
0f0a85f42d7d9241,93089,83142639,130478,92945,83152871,130478
0f16ea5406b55ac1,44363,34465582,132137,44231,34518106,132137
0f3e3ae273111635,14535,4647317,131954,14341,4657197,131954
0f477dc0c13e0741,11420,1525000,132224,11244,1534252,132224
0f6703aa1098596f,69870,60063482,344435,69737,60090005,344475
0f6fbfc384518229,115185,105311578,139498,114979,105321727,139498
0f8c5c730dd0630e,26459,16547662,132734,26277,16557452,132734
0f91cb58acf2bc10,112196,102308596,131649,112004,102319642,131649
0f93fedd5d7834f1,74041,64127999,131571,73882,64137169,131571
0f9d1f5f8c7cada0,27527,17665385,133017,27328,17674330,133017
0fa38c859528a579,28121,18225616,132892,27959,18235778,132892
0fbf6ce8d97be223,69546,59667287,140757,69340,59677784,140757
0fc32f753d8ef30a,86552,76687045,138305,86349,76697448,138305
0fc9b6af0020fd32,74741,64887028,138869,74548,64897373,138869
0fd01183542ffc51,114447,104615637,355298,114291,104644609,355338
0fd137bce744ac5d,92935,83014882,139679,92818,83025023,139679
0fded2c3b54bce09,101050,91166112,131627,100855,91175845,131627
0fe5bd8df29558f8,32926,23045132,131435,32738,23055738,131435
0ff514ee8882d2e6,18710,8826942,142655,18512,8837327,142655
0ff6be591ec55205,94462,84570479,137719,94270,84580691,137719
100883ce637880bc,84220,74305762,131271,84061,74315819,131271
101e9e046bd9374d,76451,66569190,129695,76237,66578630,129695
104f9aaeb85cf7fd,34717,24784247,116627,34578,24797078,116627
107d80548e542aa7,78711,68831031,161604,78516,68843060,161604
10c10579eb0625dd,117645,107757132,131562,117493,107767315,131562
10e05d14bdae0648,101663,91790464,131303,101469,91799968,131303
11149242bec9ee93,78342,68468470,146368,78134,68479307,146368
113edfe74d82277b,64134,54250233,138903,63940,54260654,138903
114e3e6ab961432a,75336,65465996,133153,75129,65476200,133153
1166b7a5d4571fc5,45942,36049264,131388,45749,36058331,131388
1175a1feaf8b2b94,90261,80366145,132211,90070,80375273,132211
117ee6f75b32ee28,111547,101670908,159260,111357,101686857,159260
118184ea86b5d2f3,17126,7265048,132364,16930,7275070,132364
11834df2dbb1129b,109074,99187827,141115,108890,99198411,141115
11a29d956bfa03c7,55436,45546435,137702,55249,45560883,137702
11c4a74c0cc19445,93029,83082849,130300,92899,83092828,130300
11d4f359e58b550f,83080,73190553,138974,82888,73200621,138974
11e50ab25d9faf46,25700,15847002,141583,25508,15858131,141583
11f9257cd661525a,58797,48930995,140272,58600,48941024,140272
120d89d8bd29a58e,18548,8670286,162285,18353,8681725,162285
122597209b8ba040,106586,96706284,131469,106388,96716616,131469
1256bc3366c922a7,101853,91970187,142325,101652,91980072,142325
1272821ff55d1a3b,113946,104068856,132541,113740,104078382,132541
1275ebcaada3b04d,13977,4066184,138500,13814,4076942,138500
1282227c95f22a35,74642,64787049,139492,74449,64797682,139492
12905531cced6e06,62082,52190615,139398,61890,52200682,139398
129604215a94c581,71636,61750728,138697,71444,61761229,138697
12b082d7e278cf24,68301,58427070,140250,68102,58437185,140250
12bf94d44b52f534,18240,8378199,142102,18038,8388912,142102
12c34823bdb61820,45756,35889300,141136,45557,35898865,141136
12c653117a55761e,96075,86207203,138007,95867,86217058,138007
12f100af32ba2ca1,53650,43786769,138936,53451,43799582,138936
12f456590ea111b3,44648,34749666,130786,44492,34760261,130786
12f60ec4772a9f2e,57826,47929897,156829,57613,47941109,156829
131148a0b255782f,99739,89867620,139315,99541,89877681,139315
13455b1eca1c7bd4,36920,27024983,130609,36750,27038784,130609
135bdd8e600fd43c,51182,41267752,131170,51026,41277503,131170
135dc7c761dd2ddc,110657,100759410,130740,110520,100771568,130740
137f46759820f612,48676,38789914,138919,48459,38799714,138919
13a28d6cadbfca31,12651,2795369,156281,12461,2806337,156281
13e6b2c3bb83bc65,105576,95688428,131741,105382,95697535,131741
13e9cf4cd23d7ecd,117962,108051172,139312,117790,108061749,139312
1435f793e61cc1e1,103658,93774989,160978,103465,93786036,160978
143c1370935b78b1,39053,29169955,138041,38837,29182080,138041
143cda4a648e0207,64853,54966604,136768,64661,54976107,136768
1457869f96651d5a,75023,65147354,141347,74824,65157741,141347
146b51c655f06a0a,60186,50306542,137825,59994,50316280,137825
14794d5caf379f3e,70224,60284227,131085,70079,60293541,131085
14a08286d09b0d06,32135,22227895,132569,31987,22239248,132569
14bd96977237c6bc,103277,93346060,131132,103073,93355855,131132
14d37806c6fb4c09,118589,108710447,155622,118397,108722191,155622
14e47bc695a06894,53327,43427057,140504,53151,43439277,140504
1501eb523edf689c,20853,10985182,132212,20645,10995292,132212
150f6fd18fe1f05f,65511,55626749,138111,65323,55637633,138111
151a727b3fe2f3b1,25822,15930221,139487,25631,15940064,139487
151c74bcc38bdf36,115847,105926391,131723,115688,105935598,131723
15232f318b1325ee,82441,72547232,139431,82254,72558195,139431
15355a4f716b7a71,93775,83901677,155377,93583,83912276,155377
1536660bc852bafb,24943,15085350,132772,24748,15095330,132772
154b1a3e23f70bf9,48342,38466810,139646,48147,38479434,139646
156cbf65802dd435,95244,85367698,139646,95037,85378431,139646
158813ea445799d7,33181,23306435,139340,32985,23319222,139340
158d4bd02f3b68f4,32894,23016653,157949,32706,23031146,157949
15be6d1d3474ce4c,32500,22625292,131997,32297,22639938,131997
15cdeb4c6865e9ea,93201,83268094,137710,93023,83278628,137710
15d5488076d4ad2f,71270,61398641,140474,71071,61408959,140474
15ddbebbf0f07a5a,58552,48670378,138417,58351,48680576,138417
15f2a236031f9608,74672,64810627,139280,74480,64820997,139280
15f4add5c4fe9699,25197,15310326,141116,25003,15321079,141116
15fa008c5d3b9f7b,33367,23506348,138972,33167,23519316,138972
16220fc37610d652,27709,17825898,133291,27510,17835289,133291
162855dd8149b539,49860,40006798,140034,49667,40017005,140034
1655993713ad6a7f,106177,96308465,132603,105978,96317790,132603
16582b15da978c77,13754,3854402,132889,13603,3864425,132889
1685b46d7a0ce0b4,31129,21250205,139116,30932,21261740,139116
16aba935b60c51df,48557,38690628,139201,48365,38701493,139201
16bbd9c509261c92,101790,91917948,133260,101592,91927419,133260
16d2db4bae3f827a,58458,48570446,139643,58261,48580365,139643
16f53228424935cd,33087,23206641,140255,32896,23219511,140255
1702112abd5af876,31003,21126420,139046,30809,21139606,139046
1707012d376c8de1,84030,74121680,131705,83884,74131535,131705
172d460ef26b7adc,28980,19106254,138027,28784,19116614,138027
173075bca4346627,14568,4685232,132270,14374,4694816,132270
1780096a99a19281,49795,39929918,142781,49599,39940205,142781
1788127be6886c2f,24410,14505563,131873,24243,14515709,131873
178a69f1363dc911,104165,94288523,132581,103957,94297942,132581
178b8080546bff6d,86492,76627173,137592,86287,76637403,137592
178f22cec60cfcd4,86959,77070770,138006,86765,77080447,138006
17a5b72870c3d427,21921,12024986,131633,21741,12036195,131633
17c1a4120bb83745,64166,54287069,138731,63971,54297180,138731
17c423541942c879,13527,3644829,131519,13334,3653852,131519
17cee86305e4a63e,82228,72307510,130400,82071,72317084,130400
17d4a47d72084b23,86127,76225691,130406,85958,76235639,130406
17da9aca5352b917,103483,93607343,137481,103266,93616677,137481
17daac2cf13b1930,63173,53272172,133354,63009,53282551,133354
17ddceb540020fc9,68637,58750999,140660,68452,58761522,140660
17e69af2f0031847,76247,66345855,131662,76061,66355273,131662
17e983c547b5de0d,55004,45093205,130968,54877,45164323,130968
17f192a23e25b645,107481,97626386,131303,107285,97635614,131303
1805ebe30cb5f11c,24030,14194788,355530,23870,14223665,355570
182cdb2c74390205,80744,70886926,137697,80547,70897324,137697
186c9e643978c97b,74378,64488041,137853,74177,64498208,137853
186fcef84b9998a7,106457,96569965,131177,106262,96580124,131177
1872e7475fc8e2af,36200,26346611,139054,36007,26359121,139054
187835065ee803e0,101381,91527297,138435,101187,91537162,138435
18924ceca454422f,119551,109691616,104842,119403,109707321,104842
18a703f786ded23c,85098,75210356,138126,84900,75221059,138126
18b0a87c311b0af8,52819,42929781,139241,52629,42941567,139241
18db84e95aba6f8f,111770,101888083,138890,111573,101899143,138890
18e0462098467b08,76423,66547233,140445,76207,66557765,140445
18e0f093acb966b3,85191,75310388,138507,84990,75320950,138507
195052fef1b51db5,67410,57508171,131971,67233,57517481,131971
1959ae689c3a0a96,14362,4487557,131930,14157,4497688,131930
195b1ceddd4c7f00,47665,37785652,132524,47463,37797650,132524
196e844ab49e6258,69051,59151782,133464,68896,59162422,133464
19743df7d2336d27,89348,79485997,131766,89152,79495636,131766
199490fa9c886b05,18421,8564926,131384,18227,8574920,131384
1994fc8941d631f8,46166,36335464,359922,,,
19ab01ea5ada1f5f,37065,27185232,131922,36857,27196863,131922
19edda62c0619c6c,32412,22525279,132345,32226,22539435,132345
19ef848db1bd304f,112872,102966155,130311,112708,102975877,130311
19f6d7c230902f7c,55133,45227276,140129,54999,45241307,140129
1a1b16437774fccb,15968,6047342,132675,15807,6056618,132675
1a671e2d5e39d235,59403,49485999,131698,59248,49496147,131698
1a6766e1056f1089,105261,95366116,130742,105060,95375747,130742
1a82d1884b99ed77,17940,8045077,131922,17764,8055201,131922
1a848c6fda606028,54743,44866516,137946,54549,44881188,137946
1a85fdbc52ad65ba,19611,9709642,117668,19454,9718490,117668
1a8e7f13da609b9b,87181,77307266,139440,86976,77318487,139440
1aa059d1b57f80db,114639,104726494,131799,114486,104736221,131799
1aaa0de5d8b4dcd9,32861,22990014,159996,32673,23006410,159996
1abba0dc9d68187d,18122,8245016,131748,17923,8255341,131748
1ac897b7fc572ed3,88272,78386124,132777,88084,78395730,132777
1ad513a6730fff8c,57908,48025545,132151,57685,48035666,132151
1af1d642a5facba7,45603,35725257,130532,45404,35734425,130532
1afc3b21ff8169dd,37806,27929691,138951,37602,27940774,138951
1b084662d88135a4,91341,81487725,140732,91148,81498186,140732
1b088788b4bb58db,21446,11614649,354586,21288,11641220,354626
1b10c6f21baf233c,57535,47605803,131913,57384,47615398,131913
1b1c437ad257de8d,89381,79527660,141690,89187,79537483,141690
1b2833c398893f5f,69940,60090499,107537,69811,60098891,107537
1b68479f029c4263,15319,5429316,138270,15127,5438884,138270
1b68a14fc7c84f04,103251,93308575,131780,103058,93319406,131780
1b77209dc2560722,29205,19325397,132684,29001,19335468,132684
1b7782c6ebbe681f,116764,106888154,140432,116570,106899072,140432
1b84b36100aee34e,41060,31189630,137447,40857,31201947,137447
1b8687501095288d,70949,61067311,140311,70757,61077292,140311
1b93228225d55e5e,47751,37887409,143083,47549,37900792,143083
1b9a01cfa79ddfaa,70861,61007132,139826,70667,61017242,139826
1ba4da4944f8de47,17878,7984956,131447,17708,7994544,131447
1ba5325a3423bb30,70285,60347860,133128,70129,60357753,133128
1ba9613a2053134b,45786,35926618,138549,45587,35935902,138549
1bb2ae87a369b966,37458,27589180,153817,37269,27606404,153817
1bec044804752331,14129,4227131,131257,13944,4236738,131257
1bec32686b3944f1,84458,74567713,140996,84256,74577803,140996
1c1eb150f3e9396f,109654,99771009,138230,109460,99780421,138230
1c30daa63445ebd5,16754,6870213,140872,16559,6880836,140872
1c3b7b9491408829,82644,72771110,138500,82440,72781111,138500
1c42ab757227294e,77226,67367251,138932,77027,67377533,138932
1c4a967f3d0f4092,111894,102027353,138369,111690,102040851,138369
1c507f5ce1c44859,108349,98467455,138643,108158,98477617,138643
1c5a41781920a8a2,97282,87410390,138100,97080,87420363,138100
1c5d4a0b36db6794,75397,65529654,141210,75197,65541061,141210
1c794e8e0aa7568a,72301,62405648,131127,72118,62416062,131127
1c956c4e3e185aa7,36613,26687442,131535,36490,26698687,131535
1c9c234e31a2af5f,107730,97847267,137587,107534,97856992,137587
1cae794260406a60,42061,32169770,138384,41869,32182067,138384
1ce276720b5e7af3,42567,32666265,137214,42411,32680637,137214
1ce66418ca981cbf,47929,38046844,140220,47712,38060567,140220
1cf5e07f63708a44,81465,71606436,132454,81266,71616052,132454
1cfaff20c72c95b5,25482,15616783,133679,25278,15626926,133679
1d1ba7a3712615e0,115333,105471145,139081,115142,105481167,139081
1d2736552fe3f0a6,68831,58946838,138479,68644,58957479,138479
1d2da3a76cd1f574,104895,94968147,131417,104749,94977946,131417
1d382cd38c1c44fd,34341,24518901,360932,,,
1d6bb693564d9f09,75428,65567032,137602,75228,65576651,137602
1d96806372b1176f,87959,78048207,131854,87795,78059066,131854
1d9cf496371db692,119219,109351001,139717,119021,109361915,139717
1da2b680717f6890,47491,37585744,132641,47334,37596296,132641
1daf6e068ae5ab79,74894,65013588,149020,74699,65024841,149020
1dccd7e50c6fd55c,41785,31910100,138707,41581,31921179,138707
1dcfe7fff35d5b7d,50079,40190853,139519,49886,40200620,139519
1de08fbae4ab9353,78430,68566993,138222,78227,68577385,138222
1df31911d75671e9,110943,101046282,132152,110787,101061025,132152
1dfb49cb692745cd,24561,14666362,139050,24373,14676275,139050
1e1538da62ba2fb3,11325,1424788,130964,11158,1434122,130964
1e16b68bbe66dff0,42841,32966928,139578,42648,32981428,139578
1e194594d049db96,31755,21877707,138405,31565,21890243,138405
1e2b14e00ab45c7b,49559,39671465,141143,49357,39681460,141143
1e36e578a3731d2b,119337,109451228,138094,119146,109462044,138094
1e402ac3b4464c48,20050,10166225,138617,19857,10178058,138617
1e4e55347a8b4cd7,115303,105447671,139321,115112,105458043,139321
1e5b2b00a4905a52,114542,104655146,131070,114390,104665916,131070
1e74511386ad3027,93174,83244838,141306,93006,83255564,141306
1e765614ad8e0c48,65419,55527064,139679,65242,55537885,139679
1e7731228adfcacd,35195,25287191,130857,34954,25299857,130857
1e852c05d97e1292,90807,80927436,140072,90614,80938437,140072
1e98bd3cf8538330,33548,23666603,139499,33358,23677786,139499
1ea5a6244bc2b588,30808,20926548,138798,30617,20936819,138798
1eb8d2b5935f44b3,57503,47562204,132222,57355,47572346,132222
1ecf1054cbf5147f,28643,18767422,131656,28437,18777128,131656
1eda7617db17b363,70345,60410207,132239,70176,60420047,132239
1ee9081e1420d576,91974,82065930,131467,91813,82075395,131467
1ef110965ec1e87f,42190,32306477,137956,41994,32318668,137956
1ef2b27af4f98d14,90141,80246300,131504,89968,80257032,131504
1eff95630c18c0a9,35384,25526330,138106,35196,25540793,138106
1f00518f6f71b567,42126,32246540,138520,41932,32260910,138520
1f0cf2918a033a7e,37774,27906140,137580,37573,27918803,137580
1f15da78c83802f7,23761,13848247,131474,23596,13857843,131474
1f1cddfc5e7d282c,51339,41427758,131426,51169,41437036,131426
1f29ccc30baa00a1,56233,46365581,130703,56030,46381153,130703
1f2d6fc0acf0f883,74958,65071670,141736,74762,65081716,141736
1f471e4739d09ff6,43705,33846740,139039,43510,33862485,139039
1f487bc467d07d77,66527,56666919,139190,66332,56678427,139190
1f4a9c001e8d454d,117901,107987548,138111,117737,107997046,138111
1f6222c9c1cc3cda,52006,42129191,153437,51813,42144023,153437
1f83035f9644823a,11706,1887271,352868,11552,1914862,352908
1fa550202eb9ff73,59079,49190458,139231,58886,49200412,139231
1fc41d5eb27fd9e4,104255,94388494,130710,104058,94398275,130710
20160d02ac0a04e8,34750,24803718,115470,34604,24816647,115470
2034eb02f7dc3b02,76063,66147572,130686,75901,66156886,130686
204dedb74a310faa,111863,101987859,140041,111661,101999381,140041
205a4ae3c1fdeee8,13408,3545091,132389,13204,3554280,132389
20839d317b9f48ce,80599,70709595,141331,80374,70720149,141331
20b66ac9d2bde28f,81156,71268330,132888,80961,71278404,132888
20b75e467116d8d3,71238,61367681,140933,71041,61378636,140933
20b856b2a9df20c6,75647,65767134,139535,75454,65777160,139535
20bce845b9b2a1b9,91429,81547268,138703,91238,81557605,138703
20e2210912b69954,99644,89767481,138817,99449,89777709,138817
20fcceee800bb67e,32959,23085718,133167,32770,23099547,133167
2104f98d92cb13a7,46355,36445326,131209,46240,36528601,131209
2118c27156f3348c,85686,75807195,139083,85494,75817235,139083
2163871d8c7f1fad,117228,107367999,139768,117031,107377941,139768
217ffeec64b42cbd,24472,14562286,138775,24297,14572256,138775
21918d79040ac479,80045,70153207,71866,79872,70158342,71866
2199981436617a96,101631,91746224,131379,101437,91755345,131379
21ac3da3901ed5bf,71078,61189719,141345,70885,61200278,141345
21b7b8591232a555,82949,73067049,138272,82758,73076795,138272
21e3a9efcdcac281,35734,25846034,133305,35548,25857159,133305
21f7dc65fbc14804,18032,8145230,133339,17846,8155662,133339
225ab22fdf123954,26397,16487749,131570,26225,16498166,131570
2276780ee97df12a,65542,55650379,139964,65349,55660873,139964
228de8eeff26fcee,33213,23346886,140652,33015,23361868,140652
2293fb1502c46b4f,113346,103486357,131377,113148,103495999,131377
22bf5992cd5406ef,39289,29406458,138046,39100,29421736,138046
22d39f67f37f9d9e,18211,8345026,131262,18004,8354239,131262
22d9c8ea4ebe3a6f,67981,58110547,158692,67789,58122057,158692
230638c9416522e0,22274,12409929,139639,22077,12420327,139639
2310e25a8bdf3a59,22904,13027535,132687,22698,13037195,132687
231ac30d15c38cea,77730,67870038,103453,77565,67886046,103453
2322bc585fc3ff64,12373,2467469,132398,12132,2477249,132398
233e87406b5d94dd,77134,67267035,138956,76928,67277868,138956
234a6e24fde25e4f,92998,83060755,131861,92873,83070816,131861
23555ea4d654b271,75789,65929481,100841,75636,65945763,100841
235e73c856a0c201,19085,9226366,139580,18886,9236728,139580
23612913521c7fc7,89663,79787325,139440,89469,79797244,139440
2362bc1c0f4b6f59,37836,27966655,139991,37630,27977740,139991
236ed373880961bc,38113,28226742,137798,37918,28237976,137798
23a251c6ab0e1e07,99833,89950893,138125,99630,89960415,138125
23ab773813cfa7a9,37928,28066755,139937,37734,28079198,139937
23b4881dd269b57d,77534,67650283,137875,77341,67660267,137875
23c827cd31b4e78a,67317,57407811,131119,67150,57417602,131119
23dc737505364014,52567,42706735,138881,52374,42718368,138881
23e058400a763d3a,93498,83627878,139333,93287,83637745,139333
23e489c144c92a77,39256,29370436,138974,39067,29382331,138974
23fcdcd9cc2b4696,116953,107071375,140206,116752,107082189,140206
2408d4c7d93f44fa,91216,81347402,139799,91008,81358327,139799
241807421a1b267e,23406,13574246,354688,23248,13602218,354728
244588a873547409,97687,87807314,138699,97491,87817096,138699
2457d6d234c3ce13,102320,92431123,140666,102127,92441610,140666
245ae71127919bca,90079,80168645,132967,89913,80177706,132967
246a4050aeb83e4e,32199,22287466,132096,32046,22298256,132096
24c133b3b5c760ee,30077,20167587,131860,29913,20176713,131860
24c332a820ae748a,113853,103968468,131096,113653,103977939,131096
24c9ea55b5f5f922,54336,44466599,137379,54130,44478527,137379
24d4a55388b0c9e6,48935,39050341,139536,48746,39060504,139536
24db761d5db7d9ff,79296,69410083,137379,79104,69420632,137379
2507fd291a487ec6,77599,67727323,139633,77406,67737045,139633
253f1b038a68ab2e,73376,63509648,140994,73178,63520761,140994
253fb8a52a4042aa,37743,27870135,138448,37543,27881034,138448
254455502229cfb2,109282,99411299,138933,109080,99421161,138933
255c04a15cbf79ac,106295,96417475,131541,106101,96427018,131541
257e0b08418bf3b3,14794,4909828,139910,14597,4920460,139910
2584bc1fb120f336,106554,96668298,131802,106357,96678742,131802
258fa8a30a2e60f7,96197,86330895,138851,96005,86341825,138851
25b4fffdeb2b2dd1,113599,103711021,139384,113408,103720747,139384
25cf3aceaebdab39,30044,20145289,132246,29881,20154656,132246
25dd3cd9375fd014,76657,66770535,138176,76465,66780933,138176
25dfb6d37a8ce91d,14857,4986171,139068,14659,4996480,139068
261e923d78287672,43394,33510271,138475,43203,33521639,138475
261ed1d341419238,55822,45930123,139742,55634,45941271,139742
262a802527abc293,32471,22585362,131823,32273,22597233,131823
263f171461b24815,39139,29269682,138670,38942,29280990,138670
265e173844da67aa,32559,22685161,130920,32345,22696833,130920
26640e134cafb291,99271,89407190,138154,99067,89417496,138154
2687208b587c25a2,116796,106911534,138638,116601,106922479,138638
2688dfbebaae4542,92541,82687223,138434,92350,82697520,138434
268925018b7515c1,98971,89068533,132182,98789,89078283,132182
26927e3df8b0e139,50517,40647480,132656,50316,40657666,132656
269ef9c805f2f515,95481,85627255,137565,95287,85637588,137565
269f6edbaea4dbb0,20914,11047010,143327,20708,11057170,143327
26ae1d30edf05a17,25164,15286520,140314,24971,15297116,140314
26ba7a868993f772,21414,11528676,141166,21219,11538686,141166
26dba7ca8cde7c5d,44142,34265557,133268,43953,34279199,133268
26e0913403343776,107950,98068563,131347,107746,98077713,131347
26e9fff1d0e0c98f,78037,68145931,132311,77865,68155937,132311
26f87124db4abaa8,116921,107047639,139085,116722,107058069,139085
270a7de68da762eb,14009,4106299,139687,13842,4116700,139687
271e125d685c14c8,67647,57770723,139428,67438,57781298,139428
272a61342a8dd215,115457,105574839,159819,115266,105586482,159819
274649c5441de0ca,90585,80727472,139610,90390,80738211,139610
2763bfd957eb5e32,47462,37549582,142148,47311,37560880,142148
279860cd610f4c12,110721,100808734,132964,110583,100820656,132964
27b2d6eaf97efc4b,58860,49006854,139194,58667,49017124,139194
27dbad784571e302,113316,103448730,132144,113118,103458343,132144
27ff3ea42548f32a,46872,37007099,142072,46671,37023854,142072
2808dbe01abdaae3,117447,107567375,137576,117255,107577785,137576
28637a2ee6f34e78,17535,7693855,354116,17369,7722286,354156
286730fcbd8bb723,103328,93408351,130775,103103,93417294,130775
2897f23d6d78990a,60566,50690483,139856,60361,50700304,139856
28ace73f52be03db,27678,17787306,131816,27478,17796533,131816
28bd49e007e6f9ee,11644,1797621,102964,11490,1806000,102964
28f5cc73519f008a,68927,59092262,343282,68766,59119934,343322
2900b613068ff821,113141,103267733,138956,112931,103278355,138956
290c41f61f01cb31,109223,99347650,140192,109017,99358195,140192
29250d76ff027c16,58705,48846997,139588,58507,48857307,139588
294326d1f4c6eb73,118622,108747394,136799,118430,108757651,136799
2948f27be5e920c8,63334,53427510,130523,63166,53436977,130523
294dd7d953c2263d,112933,103028514,131489,112761,103038456,131489
29591324634167e1,107826,97946099,131136,107627,97955894,131136
295ab4e4841f9998,13100,3226342,139898,12906,3237677,139898
29696c9b1a3b0cfc,23971,14083515,141665,23774,14094812,141665
29697500049991eb,105232,95328107,130344,105037,95338906,130344
2969b787582afa79,18151,8267400,132677,17947,8277440,132677
2976bbc933239e52,70430,60508608,132686,70238,60518368,132686
2996e17a21b7bc2e,51085,41177567,131949,50933,41187691,131949
299dfdaf1a2b49ae,40036,30149835,138545,39848,30160780,138545
29a1c763f37a58ee,48966,39133464,347113,48807,39160052,347153
29ea2bc275b54966,119157,109299260,140502,118960,109310100,140502
2a5615e29320296c,56634,46750141,136583,56443,46760426,136583
2a7d206e2d25ad30,111832,101951090,139256,111632,101962162,139256
2aa810d4bd708868,79055,69186848,138305,78847,69197105,138305
2aae6c74b38d209b,116859,106971382,140186,116662,106981794,140186
2ac1f6598f0e59d5,98126,88267311,138661,97927,88277283,138661
2acb6451f9f7047c,26518,16625235,131841,26326,16634825,131841
2adec73d0c6cd0b3,57106,47201739,133178,56936,47211047,133178
2ae720ab093c2d89,50270,40390484,139883,50072,40400400,139883
2af9fbdb7151bb31,67589,57706906,138362,67382,57717179,138362
2b03dc7bcad13fbf,58644,48767403,131975,58438,48777345,131975
2b16ae6069d710de,15449,5566266,139421,15256,5576506,139421
2b1fdf4691dd7538,57853,47956036,155138,57634,47966805,155138
2b43cfa42195d036,35120,25187638,131550,34850,25198606,131550
2b44532bd59acc22,107535,97650235,141361,107341,97660303,141361
2b5b7bfd13e70c2f,26305,16387662,134335,26143,16397320,134335
2b671c65705085e5,45383,35505249,131453,45194,35515339,131453
2b782d84b5432106,15631,5771218,104673,15488,5789773,104673
2ba0478a94e30c69,50175,40290211,138918,49980,40300047,138918
2ba92cb58b65478b,23602,13685292,132449,23447,13694170,132449
2baa94a467057b5a,54939,45048698,114446,54814,45162721,114535
2bc1f51c0279900a,81496,71628591,131171,81298,71637507,131171
2bc3554bdd04d1da,21767,11864937,131488,21604,11874561,131488
2bc7d346569c29f3,38909,29007862,132020,38731,29020460,132020
2bcdd4327b474a01,112455,102571127,139418,112254,102581326,139418
2be7f1e4fdf8dc14,94246,84387112,138012,94047,84397670,138012
2c03fd41e236b9a9,86611,76747707,138842,86409,76758052,138842
2c117047503dc2fb,19960,10066416,139302,19780,10076666,139302
2c14b88fa438a694,12811,2926164,138265,12623,2936024,138265
2c19092f7c5201a1,40732,30845296,130731,40575,30859572,130731
2c339dff7c5cec00,109372,99508034,139361,109170,99517950,139361
2c3fb005611d5ee9,69018,59129206,115318,68863,59137695,115318
2c4a8517b16cdb3b,32039,22127217,132407,31896,22138042,132407
2c4b7f435f09a5f5,53563,43687004,139094,53347,43698182,139094
2c508fde5e725fed,52754,42870853,138353,52565,42882269,138353
2c5219b3f725ac26,19773,9867780,132719,19611,9877199,132719
2c600890be300760,56354,46486025,131730,56152,46495088,131730
2c83eb7bf39a90c1,67061,57171345,121772,66904,57180600,121772
2c8497eb2a1735f1,35145,25225793,132271,34886,25237415,132271
2c91b62a9ed7fa95,48281,38407189,141882,48086,38420439,141882
2ca12f64112255f3,102571,92669927,116705,102419,92678803,116705
2cc70e4e5cf46b6b,17472,7586322,138039,17279,7596266,138039
2cd9d1a87e0f74d8,88947,79067345,139794,88752,79078015,139794
2cee09fad2780eef,95419,85550633,138219,95219,85561798,138219
2d0b3f51bf12a2a7,39856,29988107,132594,39661,29999592,132594
2d0ed497a64d2956,81312,71427965,130586,81111,71437336,130586
2d1226780f8d73ee,106721,96832477,119376,106584,96842769,119376
2d12a90489c6a665,20666,10785128,131835,20464,10794584,131835
2d27628568767ddb,18899,9026292,139630,18693,9036192,139630
2d643c4987d4e79d,54022,44146418,137726,53832,44159636,137726
2d67a2a7a30ac953,61840,51966975,138715,61626,51976671,138715
2d7a043e6fa81c34,67706,57830785,141451,67497,57841246,141451
2d7d9ac0d02474e9,87927,78025947,131643,87764,78036788,131643
2daca051de05e965,14480,4625005,132274,14285,4635002,132274
2dbf7fc03ef7dc15,39732,29866538,139295,39529,29880539,139295
2de8383463959b5b,53476,43586782,139420,53273,43598206,139420
2debe488a550db69,15045,5169859,138891,14838,5179765,138891
2df5618f889cc4e7,50732,40846737,139053,50539,40856972,139053
2e0ac0ddbadc8803,18361,8505178,132644,18164,8514955,132644
2e3a89b7dee9d86c,78252,68366406,132314,78057,68375939,132314
2e5dd323b2d66fd7,114672,104766474,131114,114518,104776813,131114
2e64a49ddd9a4c8f,18181,8304998,131559,17973,8314859,131559
2e69c3e6db995a3d,73829,63969374,103411,73675,63984957,103411
2e7cc92fe1f5d42c,80238,70323036,115256,80035,70331724,115256
2e93bc899a05e9c9,17571,7710943,103040,17409,7729404,103040
2ea37c59e695c0e4,99612,89727521,139743,99418,89736903,139743
2ea6e5d980526594,77195,67327025,138322,76987,67337418,138322
2ec1cbf42af6b7a5,107600,97706051,131216,107406,97715231,131216
2ee4b4351e3508b1,109432,99570618,138608,109239,99580299,138608
2efed1906e54557f,59559,49647628,130748,59389,49656898,130748
2f2609dc47eb4204,104831,94920823,131526,104687,94930903,131526
2f2ef0e2800de8cd,44492,34585548,132574,44354,34597713,132574
2f31135c654e6d94,101945,92071242,138976,101739,92081386,138976
2f46969469b21182,33150,23270017,138838,32956,23282315,138838
2f56be2a07aedf61,47402,37488011,131506,47262,37499299,131506
2f626e89e0c7eb60,20945,11085162,131539,20744,11094769,131539
2f7df00a25ccea1c,115401,105547650,139623,115210,105557798,139623
2f92486ed5d8d901,102492,92629042,80382,102341,92650179,80382
2f962bc486049645,46134,36248169,132394,45939,36257962,132394
2fb4303f4bfb86fb,40331,30471101,103957,40190,30539258,104046
2fb8c1f62bfcb8c8,45974,36085609,132871,45781,36094601,132871
2fc2a6e72807701d,98686,88786280,131429,98521,88796016,131429
2fcfb5c10c7f7ce7,16205,6325359,132644,15999,6335981,132644
2fd15f5255b1f66d,62926,53047127,140729,62734,53057731,140729
2fd31b5f07709477,119600,109711345,116491,119453,109719655,116491
2ff28b12bb1db4d1,105022,95107514,138491,104865,95118104,138491
2ff3f4413760f5e7,78839,68950080,136871,78641,68960004,136871
300004ae673796be,111482,101590938,138257,111293,101601869,138257
3009fa091866afb7,69458,59567197,138560,69267,59576644,138560
301b2083ab0079af,46902,37031114,140809,46704,37044908,140809
301d7ffe5843b379,57964,48085797,131099,57746,48095989,131099
3023bc1bcb30f3be,33902,24011887,116624,33775,24123598,116624
30250c3babeb3a53,81123,71245916,130529,80929,71255305,130529
303006b5db65e7b3,53447,43550008,138778,53250,43562808,138778
30311e03d9044eb9,37491,27611284,131126,37301,27621873,131126
3045fe9063ca54a6,53709,43846939,139550,53510,43858631,139550
3096a17e3b6f8329,54710,44826598,137512,54518,44838725,137512
3099540e77ac70a0,93469,83590215,137332,93256,83600159,137332
309a29f66faf1b76,18330,8463041,114386,18130,8471194,114386
30b7e0387e90ef33,90349,80465931,131061,90143,80475758,131061
30c4cf9f7eb65c28,74228,64326967,138188,74051,64337356,138188
30d11d5d12c16aea,31254,21386523,139730,31051,21400906,139730
30f17d60f63740a0,61753,51870560,138800,61541,51880315,138800
31015c447909da27,16723,6846406,139494,16529,6857504,139494
3112d9d86d9f1748,21100,11246208,138862,20906,11256843,138862
312701066f5287ce,84282,74366186,132381,84114,74375784,132381
31355104f66350a3,93442,83567046,137847,93227,83577620,137847
315dc85bf999153b,27343,17466961,141336,27142,17476797,141336
3175fa734ae8f5c1,93361,83467226,138327,93129,83477342,138327
3188b99d4773836d,77566,67687073,138987,77374,67696663,138987
319244edb28824f6,89041,79167250,138701,88842,79177614,138701
319cbff1be2431c2,45350,35465284,131100,45163,35477363,131100
319d5bf167d43635,113023,103126401,131770,112836,103136072,131770
31c0c9837d3daf97,20729,10847427,131908,20523,10857780,131908
31c2218d5b9816ad,106521,96646070,131041,106325,96656127,131041
31eb8863c584a5a0,94031,84148339,131558,93833,84157890,131558
323508bfd0e22818,47181,37264589,120016,47063,37287086,120016
323936a4bca3aa1d,93256,83330515,139436,93059,83341671,139436
3241be33dfd2a9fc,62401,52526901,139192,62201,52537277,139192
325e0f6e56a48407,78517,68638319,137778,78301,68649285,137778
3275e968f971b11c,104598,94710281,130881,104403,94719805,130881
3276cffc5d6ecf02,66123,56246938,139537,65929,56257143,139537
3284706bbe2d25a4,32740,22886428,139168,32549,22901155,139168
328598d61042aacc,88088,78185854,131242,87918,78195652,131242
3295bd64c76371ff,71393,61526941,138686,71189,61537166,138686
32ad3b2e6bd2eade,39483,29607309,141889,39291,29621041,141889
32bc40b62fbf509c,16233,6349368,142300,16022,6359825,142300
32f1cef8507b10f2,35985,26107912,132670,35785,26119518,132670
330a73dbcb82dc2c,84906,75029619,153806,84714,75041897,153806
330c24315febc77f,31316,21446847,141107,31109,21459074,141107
3323c4a004d7169f,64886,55006756,138377,64694,55017425,138377
33294398b67aeab4,18837,8965133,131300,18634,8974914,131300
333a237baaf3ef2a,29109,19228032,132751,28909,19237805,132751
33413047d27ec9b2,36891,26987828,131293,36727,26998655,131293
336cb241da9335a4,104533,94657649,130874,104338,94667276,130874
3387e8b42ea9f86d,102933,93009171,96755,102829,93016639,96755
33a705f4c8f00efd,67092,57194124,134322,66935,57203589,134322
33b53e1477fdf861,39353,29470106,159933,39164,29482759,159933
33d06ade38d1ad1e,62369,52487947,138321,62171,52497857,138321
33ea7349eef4d6ae,25450,15585391,132182,25249,15594988,132182
33ecf44ddf32287b,11817,1931312,94118,11662,1938305,94118
33efef582b8e0cbe,51875,41990088,138808,51683,42001489,138808
340b1f1f4fd15fbd,94817,84906059,130796,94664,84915848,130796
3422139e37a772be,65133,55235916,132598,64970,55245839,132598
34308c3d919f12a5,112141,102286321,131530,111949,102300434,131530
3436893980c18d6e,65720,55847027,138953,65506,55856777,138953
344b134f06f6819c,100047,90186033,131352,99847,90195429,131352
34600cddb98ef2be,118284,108411631,139375,118080,108422566,139375
346469821b456578,58981,49105726,131457,58789,49115463,131457
3482b72ae13b60e8,78005,68106144,133307,77835,68115573,133307
3484d99dad87ebaf,109193,99310782,138590,108992,99321136,138590
34bbad4b90e651ff,69275,59366438,132573,69109,59375949,132573
34dc5329f67827d5,105405,95530174,142045,105197,95541242,142045
34f3e0313aed051e,51693,41827031,139912,51486,41836617,139912
34f8f0e719199549,76915,67030326,139438,76720,67040090,139438
350a392395c558a7,109341,99470990,138965,109140,99480593,138965
3515a5e439189b52,33428,23566517,139199,33232,23577786,139199
353ccf4c9772c61f,111739,101851189,139124,111544,101862927,139124
356be166788dff20,92189,82290522,138146,92003,82300160,138146
35840e4e7b837a2b,94185,84310182,137283,93979,84319981,137283
35a924ff7642cab8,44798,34910100,139508,44612,34922161,139508
35b487366111c704,107390,97526263,131694,107187,97537005,131694
35b9a765d4b13128,73556,63670551,139065,73365,63681016,139065
35c15b591cec1893,103884,94007670,139177,103690,94018099,139177
35d635194a036ee7,73911,64011240,132562,73756,64020774,132562
35fcb5d554de57f5,109103,99211340,138968,108915,99221488,138968
362ed77463f73627,107633,97747935,141529,107438,97757548,141529
3632a9d2cf64405f,115718,105820447,132296,115563,105830883,132296
363a5d00f61870d6,85253,75386869,137223,85048,75398066,137223
3655a77d9569138d,103691,93813392,155841,103498,93824286,155841
36613ab5f4a3598a,61608,51706828,139152,61426,51717073,139152
3665cbe9f0cd18da,16690,6806401,140057,16497,6816551,140057
36753774a3329533,63140,53249584,116017,62976,53258862,116017
3685c2c367a65bfc,99361,89507611,139395,99167,89517188,139395
369753b9e02d2399,62797,52910490,139153,62605,52920916,139153
36a230e2cac1b334,113568,103687517,138724,113376,103697279,138724
36a66f9f261dcee4,88302,78408502,132757,88110,78419122,132757
36b7a3ff42f66824,39322,29429949,138908,39133,29441785,138908
36d0767803f05aa1,93968,84087388,138750,93772,84097100,138750
36d12521913ef2d7,29044,19165311,132238,28847,19175815,132238
36e60a3c7df5f292,46726,36847411,142197,46549,36865174,142197
36e7bc75335bed25,105462,95586254,132694,105254,95595899,132694
36ed94443664d93a,103027,93062545,120923,102910,93071769,120923
36f277275a6a7a84,114860,104948693,131164,114690,104958796,131164
370ccc35be75e52e,93808,83926948,136821,93615,83936521,136821
37381e052d7e70af,34396,24544900,102939,,,
3743461b31c647ad,43426,33546521,138929,43234,33557670,138929
37622ea84d7bc0f7,98621,88730693,115518,98456,88739453,115518
3763193f68108c52,82982,73107314,138206,82791,73117153,138206
376cdd9fc4d65845,19644,9744947,131411,19487,9754903,131411
3772e6ffb0b808b5,103853,93967734,140248,103659,93977332,140248
37741515e29a0452,119281,109427924,140758,119089,109439545,140758
3779e051e4fbe2bf,78282,68405912,132532,78082,68415595,132532
37d67afb30cd2bae,101822,91946107,131495,101622,91955857,131495
37f924f9bbc16dc4,34812,24843268,116038,34652,24856453,116038
37fb7a1d6c6d7d79,106116,96246269,132216,105906,96255772,132216
3804362b6d027737,10605,745155,133048,10405,755291,133048
3806fb476c3ab728,61201,51310608,117335,61055,51319368,117335
3817fabbbc0f0a2a,46607,36705571,132638,46460,36718662,132638
382b671b8ced9207,83144,73266863,137668,82950,73277254,137668
382de58f0727b050,30268,20367648,131758,30094,20377305,131758
3839450d68b3efd2,95889,86010929,138811,95691,86021189,138811
383d1ad2da3ebf67,105835,95948693,133377,105638,95958213,133377
38410b44a99f0cdf,83239,73367299,138369,83043,73377870,138369
385972cbe252f8f4,68394,58526877,138624,68189,58537236,138624
38a4aacc5f481867,24502,14606327,139275,24323,14616603,139275
38a6c43b7b7177b7,45414,35527706,133041,45225,35538126,133041
38a7186638269d30,59941,50070407,139988,59738,50080181,139988
38b2d540cac11350,79836,69926529,131089,79675,69935804,131089
38b4a48fda465cf7,94669,84809841,103137,94518,84828500,103137
38c8498c4560c499,80363,70447617,130048,80136,70457505,130048
38c90ae96a316045,75743,65912633,342931,75585,65938835,342971
38d6803b6e5d99f2,35355,25496064,155131,35167,25511133,155131
38eac3b15cb41881,76187,66285616,130838,76011,66295061,130838
38f4c4a010f3997f,12269,2346337,139930,12028,2357473,139930
39052f87edf0eb03,85501,75647054,138552,85307,75657161,138552
3906293ad3d188b5,117167,107307592,138363,116970,107318071,138363
390f4bdbfc517ec0,78679,68790477,139519,78485,68800449,139519
391e2c6cf0494be2,59853,49987033,139502,59646,49996789,139502
39250d312c3ad4ff,49093,39193574,132976,48934,39203269,132976
393123b899b92d22,21607,11703180,118941,21452,11712043,118941
39609ee0418ffb8d,115751,105842633,131635,115595,105852416,131635
39b47cf976037334,21286,11406345,139992,21093,11416381,139992
39cf8cc80aeb0295,71207,61327299,140540,71011,61337698,140540
39ff269bd417a5e1,72842,62954147,159698,72650,62966693,159698
3a3b19d6b96b3e72,33851,23992133,107376,,,
3a470c53eca4201a,79739,69851909,131300,79578,69861468,131300
3a481e23f4432d16,70315,60387910,142220,70153,60398208,142220
3ac810d636f56bf3,11914,1985427,123178,11753,1995408,123178
3ae4cd5dac43b15f,49286,39385605,132798,49119,39395023,132798
3afb1a8f72be8f19,78807,68926991,139006,78610,68937364,139006
3aff1339065a1e87,28217,18307645,132631,28050,18316830,132631
3b22e219addd45ec,118879,109007706,138257,118678,109017505,138257
3b2cbf97f780951d,25357,15485169,132222,25159,15494935,132222
3b2fc9e3029c9f35,90967,81085981,130982,90771,81096500,130982
3b6bf298e84b24c1,77165,67290413,138582,76957,67300600,138582
3b7634e70667b5f7,98096,88227633,140292,97891,88238460,140292
3b7690b21c0ecbd7,70065,60161465,120676,69934,60170463,120676
3b80ce8e79c62ea8,92572,82710998,139561,92380,82721403,139561
3b9f3bc04c2e4e1b,14664,4786154,139302,14470,4796240,139302
3ba713ea5647d3c6,14982,5109917,137827,14778,5119642,137827
3bb0dadd82c869d5,60283,50406910,139425,60089,50417579,139425
3bb0ff47897abbbf,31408,21545247,131667,31215,21556819,131667
3bfb66efbdbbdd75,110221,100367928,139878,110030,100382268,139878
3c07fa2e00ef5ff9,33774,23890239,140255,33581,23901423,140255
3c14442dc217d019,17909,8007455,133169,17736,8017066,133169
3c5f9c18d9386e6f,62243,52367060,139526,62049,52380197,139526
3c746d2ba7f41389,76306,66407847,131297,76109,66417834,131297
3cb806203d8bce87,92394,82527187,138625,92188,82538033,138625
3cbc349b93de3302,90232,80327991,131927,90046,80337618,131927
3cc4a94374ad6458,74072,64165818,131916,73912,64176889,131916
3ccdfe07e88dc604,114493,104632992,103666,114341,104651993,103666
3cecb1a298eba687,24001,14106854,138263,23798,14116392,138263
3d11c31f7e595c4e,119698,109786314,131330,119548,109795742,131330
3d24c5cd310a3ab1,43019,33149897,138552,42822,33161026,138552
3d4002155fae75cd,55226,45309826,137434,55081,45323073,137434
3d4468818a8156d5,42502,32605192,129560,42351,32616854,129560
3d502e8f58bd1af9,48217,38345629,132219,48024,38358391,132219
3d692767dd8db141,23504,13617690,131922,23352,13627239,131922
3d6c782bebbf30f4,70677,60806843,138819,70467,60817072,138819
3d9f8a73e36db6f8,114830,104926548,132359,114664,104937287,132359
3db7785c4572b54a,103303,93386276,131858,103088,93395765,131858
3dc03b65e6dfc807,52414,42546531,138128,52214,42561257,138128
3dd5bd6490743bc2,13786,3876553,131277,13634,3885789,131277
3dd6bc9e3e0a9e0b,41723,31846582,138203,41523,31857860,138203
3dd8ab98b9c4b370,98440,88550795,139704,98248,88561146,139704
3de77c79f27251ea,38573,28647305,131512,38453,28681622,131512
3deedd8c94997ce8,90741,80867570,139653,90549,80878608,139653
3e16f39e476bf281,64667,54806875,137999,64470,54816706,137999
3e3859b744bafc48,49981,40110865,162092,49789,40122720,162092
3e49c60a9ee5b04a,97847,87967292,139518,97644,87977207,139518
3e52c2d731c9cd70,52851,42966339,136598,52661,42977821,136598
3e6b762486b4a1e2,30299,20405261,132468,30121,20414865,132468
3e8321ba99a050f9,49917,40030362,139699,49725,40040389,139699
3e8966b803204368,12071,2116902,132406,11885,2127332,132406
3ea103099aed82ae,69692,59826952,139389,69488,59837816,139389
3ed8090b30449484,103979,94088226,131508,103782,94097619,131508
3edd4dc3e76205eb,51577,41687696,131368,51368,41696659,131368
3ef587ea26b90fc5,54086,44206678,138659,53895,44218330,138659
3f92dae722dcd897,38509,28596963,133115,38392,28679735,133115
3f9efefe4d9caad9,89887,79986155,132369,89731,79995346,132369
3fa61ebc392b6a10,68078,58190849,139007,67885,58200392,139007
3fb16771baa5f220,90774,80891004,138876,90582,80901540,138876
3fbaaf168c8df17a,80962,71081990,188280,80770,71095717,188280
3fd8db155b4576ee,43520,33645439,132548,43324,33657326,132548
3fdedffd0e2b9f18,92278,82391009,138752,92076,82401642,138752
3ff3cdd1ffdfdf24,87213,77331001,140185,87006,77342200,140185
4016e5373aed202b,118053,108159178,139819,117866,108169438,139819
4025ea6566849e18,60776,50890118,137705,60583,50899894,137705
402e0950fc665f02,87119,77247496,139108,86918,77257866,139108
403b974db36325ce,77812,67912675,132663,77647,67922584,132663
404909aa240e014f,90621,80767259,138785,90427,80777584,138785
4062254f038e1a17,39386,29509184,155014,39197,29524630,155014
406677d278aecb23,95128,85227181,138170,94943,85236974,138170
4068ec71b3c026a2,68669,58786811,138816,68484,58797202,138816
4093d6f2c6dbd623,93059,83105938,130687,92922,83116143,130687
4095f617b05d0ca6,9944,86796,131964,9749,96020,131964
40a85851ac245a42,19740,9845396,131984,19580,9855952,131984
40b5f89d38920004,75118,65246149,132854,74914,65256188,132854
40ce4c13bdf92f73,95731,85847479,138465,95537,85857322,138465
40cf4435329b23bc,51489,41607258,141623,51296,41617685,141623
40f9ff0e0d6b1871,93742,83870239,155839,93550,83880966,155839
4108a6841d0db54b,102352,92463545,115669,102159,92472021,115669
412051874769d805,52883,43052497,345627,52726,43079296,345667
41255eafba5d771a,73099,63226999,137979,72902,63237416,137979
41287fddd54cab55,61297,51385434,131379,61150,51395470,131379
4165f374879efdf1,71799,61910196,138627,71606,61920654,138627
416d1ff4f2e25da8,16626,6749216,156744,16434,6760754,156744
418eec212742e503,10035,147325,132928,9840,156467,132928
4198546440e02940,54806,44926624,137519,54609,44937950,137519
41a26e4b663a491b,13225,3347413,132647,13024,3356988,132647
41a38d61ffaf5d25,65198,55288063,131793,65033,55297613,131793
41f9f3e257a14b23,39641,29766491,138708,39443,29780780,138708
4215582166cc1166,108981,99086409,131944,108809,99096496,131944
421a9ac8e6b397b4,83641,73785927,131592,83445,73795858,131592
42248720fe7d0baf,22558,12670027,138674,22366,12679675,138674
4226471030646240,17156,7287415,132210,16960,7297361,132210
423c5bc431a4d38d,45004,35147310,143834,44810,35162292,143834
423d0f8bf2291453,71332,61450621,138886,71131,61460870,138886
4244a0e61f58b62a,108760,98864799,116647,108601,98874371,116647
424992e2f9d83f05,52475,42608579,138630,52275,42621069,138630
424df3c60e260fbb,27497,17628532,131251,27298,17637465,131251
4254e5c13b68326e,47550,37647914,132024,47379,37659583,132024
426f38f7e288e697,56731,46847156,141004,56538,46857577,141004
427d8d699df3345f,13193,3324967,130604,12994,3335199,130604
42a732eebc61b731,75582,65690255,137382,75390,65700349,137382
42b66e8b77103113,79650,69811917,335016,79485,69838215,335056
42c5f8e4b2748cd5,103820,93937264,137826,103627,93947438,137826
42c73d328289f059,109133,99247637,139770,108941,99257900,139770
42f2f23ad90caa63,84515,74628018,130351,84301,74637680,130351
430cf99416064a46,46992,37174624,351772,,,
43129efa73404287,102447,92615629,355965,102290,92644102,356005
4316b123bdc78c06,71300,61427065,139457,71101,61436867,139457
431c8cba208ba1ff,78932,69050356,138071,78731,69060724,138071
435839b7aec9cf25,101110,91223583,115763,100904,91232353,115763
437ad01d6e22e59f,14390,4526623,141498,14187,4537392,141498
43850ee792d2177a,116570,106687695,139754,116378,106698083,139754
438e364f513f01d8,105114,95206204,131574,104943,95215922,131574
438f7830647a9a74,103226,93286281,131857,103044,93296862,131857
43977f51bc2e24d2,75549,65667074,138937,75357,65677558,138937
43b6517142459ade,106085,96216939,132120,105878,96227367,132120
43c54f5c5dcefe03,11450,1547585,131037,11271,1556817,131037
43d76198f8e9aba9,12426,2527239,132137,12192,2537150,132137
43d7fb072981b89d,86253,76365989,130951,86072,76375949,130951
43ed761b9bcca06e,30330,20427523,132043,30149,20437269,132043
441a7ac79eb7b495,82132,72210099,138201,81982,72220553,138201
441f0c3c4c0c1046,76510,66647210,140538,76307,66657695,140538
4428e030cf616749,10293,407255,131342,10091,417162,131342
4428fe7384fe36a2,62306,52426609,138141,62111,52440993,138141
442911c04e911bc3,34220,24307657,132229,34070,24319173,132229
442ceb40ab87ed41,47246,37325674,132229,47125,37336874,132229
443d3ebf783fbccf,17034,7166550,140624,16826,7176283,140624
4446db147da6fafd,31440,21587373,142999,31250,21602073,142999
4462bcc7f72ad1fb,65601,55727454,140469,65400,55737401,140469
446e7cf36ec919b6,52383,42510002,137454,52183,42521961,137454
447abec88ec8ce4a,92423,82550517,138306,92219,82560994,138306
44ad27b071e12da7,10753,867183,132682,10560,876794,132682
44ae901b4a7ed795,25757,15870705,140434,25566,15880487,140434
44b2067c7a96bfb6,73067,63187122,138928,72871,63197063,138928
44b8919aec6d2db8,119402,109527437,138211,119211,109537569,138211
44bb6ed15700e218,91624,81747602,139177,91430,81757503,139177
44ccda679f462118,76277,66385698,131208,76086,66395138,131208
44e510b2e4534fe5,19709,9805059,131961,19550,9814507,131961
44f1efc81b47a5cf,85406,75546934,137976,85210,75557199,137976
4506434b0b176459,85468,75607244,138490,85273,75617380,138490
45121e889962d113,96511,86628127,137261,96313,86638425,137261
4520a1a760147e08,19146,9286366,139559,18949,9296769,139559
4532c92c20eccebc,44586,34685589,132342,44438,34697039,132342
45420e52ee724862,37361,27486414,138825,37172,27499486,138825
4556d48383839484,30841,20966710,138724,30650,20979752,138724
455c408dd9bbba33,55257,45346916,139749,55107,45358916,139749
4567e10bbbf8c32c,64822,54929834,138087,64630,54940268,138087
4576ed9d3193fd00,35701,25805932,115232,35516,25815489,115232
4580e14a027fb813,77041,67167656,142286,76841,67178190,142286
45880bcab1c2c751,98004,88127119,137165,97792,88137313,137165
4592d95e7da582da,43233,33346458,138383,43046,33358611,138383
459709a7a30bd4ea,34000,24085451,132077,33870,24126759,132077
45a85eb6e4ede3a1,27806,17925162,132546,27605,17934139,132546
45c969ebc3d6bba9,77780,67890167,118915,77615,67899514,118915
45df65e8ad06cc8b,38015,28138066,138650,37821,28150382,138650
45e437be29637271,99181,89307369,138955,98970,89317730,138955
45f44974b4c88d0c,60473,50606982,138501,60273,50616831,138501
460c8f059a2b617b,52197,42309789,139306,52000,42321971,139306
4613ef223b78882a,116667,106787688,139636,116475,106798067,139636
461f75050fc419a7,55317,45410131,138167,55157,45421661,138167
462a17f995728e7f,19430,9542535,116931,19237,9551336,116931
464603b1f85e6ad4,109846,99966322,131345,109645,99977992,131345
4649bf3d8a3ebbe3,39702,29826996,140381,39501,29839360,140381
46543fed8b4c0591,10419,544806,130913,10210,554511,130913
465a59e675e6a078,105961,96088042,141844,105760,96098167,141844
465dd70e6b5d0d3e,77502,67627010,138851,77310,67636662,138851
4674a863184c547f,54581,44688746,139754,54392,44700599,139754
46831c1fa4c5f8a9,43827,33966709,139381,43636,33978314,139381
46a749daee1ef8d5,47083,37192903,109054,46936,37284798,109143
46aacc3f406d632d,40701,30805130,130802,40549,30816646,130802
46cbcb520f0e9cbc,66838,56952263,130741,66645,56961353,130741
46cd2eae1e2a6d2f,98878,88986362,131979,98705,88995982,131979
46fc21ae97bddbfa,55493,45606593,137377,55292,45617503,137377
470fefd75743ceb9,27405,17530025,139695,27200,17540145,139695
473c9827393bd779,110126,100266562,140366,109927,100279506,140366
474229a84a840f10,69517,59639330,139143,69316,59649544,139143
4781095a5b0416db,101021,91126206,131383,100831,91135173,131383
478b8d5f5281d628,23246,13366152,138257,23054,13376297,138257
47d5f08fe066ec7e,93527,83666950,137107,93326,83676747,137107
47decf0fca60169f,27186,17306714,140555,26992,17316792,140555
47dfb1283839bb27,78100,68206162,133244,77922,68215620,133244
47faa7b7e9bbd1ff,69083,59174013,131465,68927,59183320,131465
4812409caf1f36a0,78130,68246486,133124,77949,68255951,133124
48288e78a225c100,110754,100846240,131882,110615,100857374,131882
482f9bf76d814643,97252,87387090,138059,97048,87398379,138059
485710355d9460eb,119499,109674175,349341,119347,109700299,349381
4865d4eac8eaa9a7,66091,56206585,136919,65897,56216465,136919
48feac5a5947cad4,119949,110047664,138951,119776,110058302,138951
4931c262fed8fb60,100991,91088316,131842,100805,91097407,131842
494005dfbd64d2d7,99707,89827309,138925,99510,89837464,138925
494a5f36cb31981f,36483,26594989,130422,36364,26619223,130422
49535dab384d6ce7,52786,42906278,136185,52597,42920322,136185
498b0db8b11bc3e2,118720,108831297,140936,118525,108841968,140936
49a11733bd336d2c,118784,108906437,132576,118587,108916064,132576
49a8c815440aca26,104381,94526004,130647,104185,94535710,130647
49ae2d4ec2439d17,83825,73947211,138870,83631,73956815,138870
49c0ca7049479e40,42471,32565134,129782,42321,32576730,129782
49cdcb280f29df9f,11356,1464991,131158,11187,1474140,131158
49ce8e3eccb22f6d,26928,17046507,139468,26737,17056291,139468
49d1d56be2fd9033,97718,87830794,139197,97522,87840991,139197
49d83fa79b737380,66466,56607573,139985,66268,56619271,139985
49d873c2ac482feb,47993,38107169,138902,47772,38118289,138902
49dbf2624e799ee0,100456,90570997,139901,100261,90581111,139901
49e33c8dc5288770,15936,6024911,131563,15780,6034666,131563
4a0a768e1c2ae753,61696,51806756,138563,61496,51816329,138563
4a1a1a410b9f7e4f,14217,4327056,143440,14015,4337655,143440
4a1eeb0d3436bf90,114736,104826205,131586,114578,104836642,131586
4a254fb89902b58b,117414,107531145,138247,117223,107541076,138247
4a2ac65a225f7592,93872,83987106,137431,93679,83996561,137431
4a2f6e665bfcff4c,61548,51646615,137511,61377,51656958,137511
4a4fd61711399bf3,41940,32086755,138573,41748,32099489,138573
4a76505170c54f2a,29331,19466533,138923,29127,19477372,138923
4a78c77ad9d63c07,45909,36027029,140741,45716,36037784,140741
4a7928d94a48ce85,31849,22014412,350415,31698,22056470,350455
4a8188ee984a181c,108074,98206455,132828,107870,98215711,132828
4a9a6941e66209d5,36168,26306419,138395,35972,26318112,138395
4aa2d41d693b02c5,85967,76065783,130933,85803,76075670,130933
4ac17f13fbdb0da9,89822,79931818,115556,89667,79939969,115556
4ac40e1e1be45e5b,62992,53106713,137335,62798,53116795,137335
4acb43dcb25ee1de,113053,103166274,131048,112860,103176157,131048
4acb6d62fa8eb76c,50970,41110774,103580,50819,41130225,103580
4ad1d534a860947b,53204,43287726,131757,53042,43299624,131757
4ad5e4416590ea0b,52722,42847447,141281,52532,42863434,141281
4adb78a4d7d422b9,10819,945219,131886,10626,955210,131886
4b1b83b287aed4a6,84157,74245923,130705,84005,74255360,130705
4b26aa248c0b4d9a,111801,101927623,139305,111603,101940370,139305
4b401b0b65375b7d,69149,59246052,131718,68991,59255628,131718
4b6723647f8ff465,26428,16525146,131916,26251,16535433,131916
4b69225f01cee340,21036,11170120,138484,20837,11180896,138484
4ba2f66581738d4c,60535,50666868,139516,60331,50676989,139516
4ba43ff08d75be40,20760,10884879,131033,20552,10895010,131033
4ba69588777392f3,109878,100006427,131432,109676,100019754,131432
4bc52040f1dbebe5,12348,2445138,131762,12105,2455109,131762
4bc92ea7ce98d73a,79115,69247072,138253,78907,69257040,138253
4bf21e1b4cb3e322,41151,31289827,138877,40961,31302350,138877
4bf5659a2025c0ef,107070,97166183,131571,106904,97177038,131571
4c0f2ef84e3ad7bd,74436,64550617,139458,74224,64560592,139458
4c1c2f29ee75ac42,15200,5345314,132743,15006,5356726,132743
4c43a83b3179db25,99771,89891393,140467,99571,89901236,140467
4c463ee49678a865,104960,95048062,142199,104809,95059227,142199
4c48fac88b10aa43,103057,93083493,115327,102932,93091925,115327
4c66232e38bc74bc,47962,38070388,139601,47742,38082270,139601
4c76cc7aff5e8686,100295,90411012,140563,100103,90421579,140563
4c7975eb5d63104f,82792,72927730,129960,82598,72937778,129960
4c86029322ffb449,89010,79128073,140979,88812,79138419,140979
4caf9a617af2d68c,59191,49331331,103745,59041,49349865,103745
4cb61318f75f6f66,115522,105647388,138238,115330,105657890,138238
4cc8159bdda3e321,58332,48447066,140337,58138,48457719,140337
4ce0fcccd99eec08,62646,52786790,138822,62450,52797200,138822
4d1121d1fbf75084,51215,41305330,130702,51057,41314900,130702
4d1f9597a3aae3ee,63237,53345607,131106,63073,53355963,131106
4d46f17692179dcc,19578,9689679,119634,19422,9699884,119634
4d4be92acfcc3070,119918,110007697,138622,119750,110017229,138622
4d5a9782fa047a55,14450,4582495,114774,14248,4591235,114774
4d6ce8a8baf0cf09,59650,49747676,132134,59465,49756722,132134
4d840490249d6604,80995,71114551,181689,80802,71127892,181689
4d8be0dfc6811768,97751,87867437,138957,97553,87877024,138957
4d9aa2155906fbc6,101502,91630971,159047,101309,91642360,159047
4da5071e2f42f62c,61265,51355298,131478,61119,51365153,131478
4dad5c37c7efdf80,101759,91886559,133177,101562,91895905,133177
4db19c871387167a,70793,60930742,139095,70598,60940900,139095
4dc08911a8c46e74,97654,87778934,140661,97459,87788679,140661
4dcbf0020d03a40a,33306,23429713,138326,33103,23441783,138326
4dcc2c5f91900ced,51054,41155310,131584,50902,41165593,131584
4dd6273ddac5ecb2,60627,50765623,131903,60425,50775780,131903
4df8e750b6f28fd9,99547,89670838,159145,99354,89682114,159145
4e07caf005ef8238,82321,72407957,131464,82153,72418841,131464
4e1a6ba7214f8a0e,33613,23728534,130842,33423,23738984,130842
4e4469c8d7ef91ac,95569,85687407,139553,95377,85698181,139553
4e6ece83b3522ee1,62049,52167110,140502,61858,52177517,140502
4e6edcccc05f15ca,64636,54770167,138618,64439,54780249,138618
4e7310474afb6b27,86343,76449869,141697,86151,76460624,141697
4e7fcae8871b88a7,36860,26965682,131440,36704,26979772,131440
4e820adacf36f59e,22718,12845245,131820,22521,12855360,131820
4e89d07943c54c78,60841,50950159,139840,60648,50960453,139840
4ea912c7f46bca24,78647,68766955,138652,78453,68777393,138652
4ead23cdaca06141,45572,35688001,131419,45375,35696876,131419
4f22a91af5975746,12563,2706537,139691,12366,2717004,139691
4f378bb8e8d093c6,76032,66125526,129803,75872,66134721,129803
4f48c94abc4ddbba,15106,5245169,132699,14905,5255617,132699
4f55fd188076e7ed,19024,9149734,138802,18819,9159986,138802
4f5cf5206869d99e,13286,3408787,141199,13081,3419081,141199
4f696c3cf6770000,28088,18185446,133277,27926,18195576,133277
4f862550a0cfc987,80512,70625979,131318,80285,70635960,131318
4f86df0620a2a2d2,87087,77207003,137774,86887,77216621,137774
4f88b7b438dc14ae,91910,82006044,130445,91752,82015938,130445
4faa127d8185358a,45725,35865494,132360,45524,35874573,132360
4fbbfd3e5a9e3eec,16319,6446446,140116,16106,6456969,140116
4fca2622f5862d6b,71921,62031499,115965,71762,62039806,115965
4fcfe13904d6dc73,67010,57150739,103999,66854,57166352,103999
4fe65812e69722dc,70734,60867432,139204,70527,60877584,139204
4feaa2723a002852,13347,3481849,114028,13140,3489951,114028
500420ec201f365b,23148,13266393,139061,22957,13276655,139061
502285bfe6f6a427,115155,105287713,139888,114947,105297715,139888
502cea0b8f396794,34096,24185451,132131,33961,24196697,132131
5039890f0f861c1b,107188,97290871,139063,106998,97301687,139063
5056701004080c36,83395,73525701,130454,83190,73536899,130454
50661c2e3231ffa8,97501,87647412,138422,97309,87658065,138422
50718d85354b955e,89599,79710456,138233,89406,79719837,138233
50890f1f9e40f9a9,29423,19549823,139102,29221,19560263,139102
508a7889f879664e,100263,90387282,138540,100071,90397585,138540
509984402d9e4212,42660,32766325,137241,42495,32779808,137241
50b0867197e2343e,63980,54126659,137963,63787,54136787,137963
50bbbda163d9c339,12131,2169605,136714,11929,2179865,136714
513133140b0973db,100930,91030154,141708,100753,91040365,141708
5137a15a667765f2,98504,88627612,139209,98310,88637890,139209
515c1a099b25e495,74611,64750570,138636,74418,64760266,138636
515e6617a9b9a96f,96917,87026010,131036,96745,87035666,131036
517d06ebdcd28dec,33581,23706457,138229,33391,23719101,138229
5187a5df08ede430,78743,68867152,138390,78548,68877660,138390
51c61213254faccb,42598,32689737,138764,42439,32701759,138764
51db73e7d0931c3f,72449,62566767,137267,72242,62577055,137267
51e232543d1a8b0f,86672,76810511,138023,86480,76821244,138023
51ec821ba321dfcb,112077,102211127,139072,111885,102222419,139072
51f4ac506dcbde6d,94215,84347048,137913,94007,84357332,137913
521a0cfd6ef2a3e9,49190,39285334,130870,49029,39294640,130870
52376d7839fcc6d9,35892,26007725,131319,35699,26019664,131319
523a87c1a20c6903,27122,17246614,140141,26929,17257037,140141
52499f4a65ca4b00,78994,69127077,137922,78790,69137432,137922
526e6146df126799,81587,71725805,130901,81389,71734765,130901
5279fc33395df52f,110575,100714881,102583,110439,100750017,102583
5286ee75da1750b9,110034,100167515,139196,109829,100181069,139196
528ce1f08cdc1c82,74829,64946791,137183,74635,64956619,137183
52aaa18072726c6b,29486,19626602,140081,29286,19636410,140081
52c00c192ad82aa9,78869,68987085,138259,78671,68997838,138259
52c2e8c5d5c1fc61,85815,75975071,354740,85648,76001287,354780
52c4b1a49bae57e0,105770,95896792,155720,105575,95907415,155720
52db4ea7adb252ff,55196,45286684,138469,55055,45301601,138469
5315debf2e1951b0,56763,46886919,139911,56570,46897351,139911
532e622c5207d119,85902,76011741,115921,85739,76020876,115921
5336a640f90fa969,100645,90744101,118485,100488,90752864,118485
5365655e7d8b16db,75274,65405839,131158,75065,65416197,131158
53a957281e611104,85655,75768162,131617,85462,75777271,131617
53d6f302dab33df3,100711,90806089,131265,100552,90815897,131265
53db7bd04dea0ced,99450,89567661,140173,99258,89577278,140173
53dcb0f208d28c4e,52103,42226854,138713,51908,42246023,138713
53df6693f62eea0b,80841,70987141,138053,80647,70997616,138053
53f39d89febfaf61,36353,26466747,139043,36163,26479149,139043
53f427028f1428da,65929,56046616,137929,65737,56056996,137929
53f819ed5e51f798,72624,62767024,139191,72427,62777601,139191
54034c80951eff08,100961,91065993,130734,100780,91075746,130734
540dfc07f899dbc0,94093,84208301,131440,93892,84217806,131440
5410598041f775f8,46420,36507849,132351,46300,36530324,132351
542332ddd53721b9,109312,99447512,139295,109110,99457397,139295
543fdd627beb261d,103404,93506642,131838,103165,93515743,131838
54421a69b37410e2,50206,40327004,139416,50011,40336943,139416
547d516529875709,11229,1325040,131895,11067,1334981,131895
54883ddd05972188,37122,27247568,131278,36920,27258972,131278
54992e908946dc0e,92774,82897557,132821,92664,82908270,132821
54a255be8d43c16a,,,,9658,0,140423
54b4d1b806b45980,94307,84447232,138438,94110,84457740,138438
54b94e6eff7c0b66,45664,35787756,131959,45461,35796881,131959
54bd5574888bd436,42900,33026769,139441,42696,33041045,139441
54c6e8fbc305c12e,25667,15806481,139804,25471,15816805,139804
54e50e5c2ada43e5,27374,17506483,140418,27170,17517210,140418
54eb398b8b22261d,80482,70585800,130797,80245,70595106,130797
551eaf0e4e9bdcad,28613,18745217,132322,28405,18755723,132322
552ac88d3c6f2b86,45253,35370591,139300,45067,35383530,139300
55423739bb837013,22099,12226772,140495,21887,12237116,140495
554852e9031460a5,98571,88711197,102894,98406,88727692,102894
558510912780e097,68332,58450617,139251,68131,58461269,139251
558695e37050bf60,15481,5606107,138714,15287,5616602,138714
558bdd13049532e8,41031,31166447,138360,40828,31179476,138360
558dfa259e0d7009,70764,60907283,140456,70568,60917902,140456
558f7ec3d1b4d58f,54397,44532472,136723,54209,44544433,136723
559dea27ed1d0a85,59046,49166937,140028,58854,49177248,140028
55a2658b8cbe76b7,63820,53949863,137973,63618,53959337,137973
55adfdbe6ad48598,76819,66930163,138383,76626,66939972,138383
55d6f7d48c035ba8,27742,17865272,131719,27542,17874680,131719
55df80859455bbf8,76365,66487823,142231,76157,66498050,142231
55ebff3a3f96c3c6,107040,97126321,131709,106879,97136141,131709
55ed9e5a360ad6bf,28023,18133951,119853,27862,18142438,119853
560f19dfbf0b5638,22873,13005137,132225,22669,13015439,132225
56114116345db5cc,79361,69487230,138319,79168,69496843,138319
561764cc967b70d8,17972,8085067,131017,17792,8094627,131017
561825757708888f,89854,79954373,132647,89699,79963391,132647
562beecfa31c0c3c,25513,15645392,133387,25308,15655707,133387
5663ed16a0b559a5,95859,85987504,139015,95661,85997838,139015
566aaf56a694e4f7,104630,94747589,139495,104434,94757743,139495
567143c5b6a6304a,39110,29246281,138173,38909,29260800,138173
567274b2cfb9859c,36107,26246179,137517,35907,26259460,137517
5687104fe746f44e,13883,3965695,131247,13727,3975689,131247
56889f5fc3426280,10068,186320,140569,9872,196190,140569
56b69dd7b280e984,32796,22909811,138495,32609,22921664,138495
56c1c60e03581912,54460,44606817,138431,54272,44621133,138431
56ccee5e151952f9,16593,6710042,161262,16401,6721936,161262
56f6a14bfa34650d,112617,102717171,131606,112468,102726801,131606
57008a288db80e4f,85034,75151454,139873,84839,75162297,139873
570ce1e58aee4039,90109,80206224,132425,89940,80216207,132425
571a78311dad3c42,25325,15445632,134300,25128,15455952,134300
573e2684148dfd20,82259,72345958,132591,82099,72355708,132591
574bd62636aceae3,110472,100587530,138692,110282,100599832,138692
575356e92f51b6a5,41220,31366779,139819,41030,31382296,139819
57775a21b839ecaf,14070,4165046,132111,13894,4174784,132111
5794575a77bbf57e,75055,65171388,142427,74854,65182121,142427
57b1bf8169d49c8b,106617,96798892,378178,106475,96828783,378218
57b89bdcc82483f8,94494,84607153,137528,94302,84617391,137528
57ccf5d69c6335af,39546,29667204,143682,39353,29679641,143682
57de271f86e4d013,29141,19265338,132204,28940,19275181,132204
57f540d8c76099bb,63460,53566766,138040,63282,53577431,138040
57f79fba12f520d6,60057,50170965,142110,59865,50182073,142110
57fa342442a4e050,84776,74898416,137415,84584,74908516,137415
5807ff99baf2089b,60721,50866877,137889,60526,50876705,137889
580828d6f23ad7f4,48708,38826657,138402,48490,38836748,138402
581e3b424e541b26,21703,11788718,132963,21545,11797880,132963
5824ddd2307ae003,17095,7228875,132550,16899,7238234,132550
5841c2936dfaac22,84544,74665882,132279,84325,74675926,132279
584e797533bdc2e1,10261,385095,132533,10060,394977,132533
5879600f8b863ee7,11481,1584728,130673,11298,1593673,130673
5893d5c2a196f8a2,82499,72606065,132465,82300,72615630,132465
58d795d875890f60,88023,78126011,130757,87857,78135295,130757
58d7d4d436daa5ff,90871,80987208,138268,90678,80997365,138268
58ee130b94cd4cf4,102539,92649700,120165,102387,92658777,120165
58f20f1734bf64f7,112229,102348329,143734,112036,102359861,143734
5906d456f65c73db,113728,103846177,130759,113533,103855633,130759
590a617b472c9e4e,23883,13985275,132990,23702,13995103,132990
592df2f43305fe17,73751,63867858,138930,73558,63877551,138930
595f3cd0774b2659,47339,37425656,133478,47209,37437255,133478
598b736486bb35cf,66374,56506867,138856,66168,56517813,138856
59b7921b77a3c538,92248,82367568,138741,92052,82378107,138741
59dafb33721cc20d,99863,89987480,138800,99659,89996834,138800
59dca5ea3c933b17,65166,55265754,132096,65002,55276094,132096
59e68584f2267552,77973,68068683,133282,77804,68079363,133282
59e69397a3359f8f,75711,65827071,138966,75517,65837333,138966
59e8b2440e9f8a34,64101,54226777,137234,63907,54236761,137234
59ed675267b993cb,41406,31526265,137435,41218,31540480,137435
59f26c791b784205,87056,77170650,138083,86857,77180215,138083
59f6e0652420ca84,52038,42152204,136441,51844,42164313,136441
5a0ac25e9c58a455,42407,32505143,130664,42258,32518757,130664
5a5ca1d4a7faa6d4,40166,30286531,138988,39977,30299871,138988
5a727038c5f9b52c,72721,62867288,138883,72527,62877511,138883
5aa20dcacb204f31,57137,47255610,131839,56965,47265720,131839
5aa454f8fe6ad06b,67222,57307954,132494,67062,57317613,132494
5aa8dcc497982f8f,108164,98307404,138814,107971,98318668,138814
5ab571b0d35816d9,22040,12149640,144465,21840,12160184,144465
5ac0b16f9bfb967c,50829,40946807,139407,50635,40957425,139407
5ac5fc8e85f5dcad,68363,58487583,139361,68161,58497517,139361
5ad3e2bc259b8aeb,119434,109550725,138098,119244,109561134,138098
5adc4382099fb027,83857,74034240,347778,83708,74061417,347818
5b0940c98564cbdf,68174,58290366,139399,67980,58300050,139399
5b140ad8c7471aa3,97132,87247456,139504,96936,87257401,139504
5b22b8a2575e6f89,107448,97586374,131831,107247,97595513,131831
5b24298e0326a1fd,45509,35627786,132312,45316,35636775,132312
5b589f489fc18398,39916,30047373,131169,39722,30058410,131169
5b6987c845313b96,103145,93182602,131711,102994,93192541,131711
5b72921930a6b451,66343,56467065,139158,66139,56477551,139158
5b967059f45dacc6,96659,86772863,131596,96496,86782625,131596
5ba11e13c5882110,118972,109089801,131480,118766,109099514,131480
5bdb035e00dda73d,59529,49625535,131788,59363,49635044,131788
5bdd34a8c52ebd1d,16561,6669738,139081,16370,6679489,139081
5becde802ec26fc8,102604,92689735,117463,102451,92698638,117463
5bee6968b3364891,118910,109031287,139764,118708,109041933,139764
5c047c869ce57fdc,10451,584783,130406,10244,594524,130406
5c16644dd1107b66,23279,13389549,138770,23086,13399667,138770
5c42906e2ee0d038,86895,77013016,136945,86701,77022722,136945
5c5269a0d5784478,46103,36225829,132653,45908,36235525,132653
5c5369adddd701c5,81952,72093027,106158,81806,72111541,106158
5c58a20d8ea34fe1,28554,18667728,134145,28349,18677945,134145
5cb61e7babc105fc,49618,39747117,141495,49406,39756866,141495
5cbc122450522923,83695,73809862,141754,83501,73819795,141754
5cc5fe9664d29828,26177,16265506,133887,26022,16275039,133887
5cd8a29a280a432f,14099,4204979,131165,13919,4215353,131165
5ced308dcff1af3f,30720,20866448,139342,30527,20877318,139342
5cfa9ae718619a24,23310,13426543,139894,23117,13436749,139894
5d23d1bb453c2b38,95763,85887190,138392,95569,85897498,138392
5d4319acb3749f99,40638,30745033,130576,40496,30758918,130576
5d675ce55b6e929b,101227,91366460,131677,101026,91376612,131677
5d76518f0f63b294,13946,4030441,139997,13785,4041670,139997
5d825eaeb2efa8ea,65897,56010686,138909,65705,56020709,138909
5da19ab19999053b,55638,45770137,138030,55443,45781118,138030
5da5559fde6abd9e,115489,105607712,138397,115297,105617653,138397
5db39b8e8cd62919,113470,103587614,139395,113279,103597473,139395
5dc91f0b59683e4a,85003,75127871,140282,84809,75139057,140282
5dd088da45085d0a,25067,15189202,155545,24874,15200882,155545
5ddb15c4433db86e,47309,37383489,119199,47182,37393466,119199
5e095889ff3c1685,30511,20629637,143888,30305,20640611,143888
5e0b10fd9628e626,104042,94166348,132368,103842,94175959,132368
5e0b3c19194ced7d,110277,100391346,138769,110089,100403227,138769
5e6c2ebe468f1060,67348,57445916,132696,67178,57455317,132696
5e77aee3010bbd28,26546,16647507,132006,26349,16657032,132006
5e791f06b4b2c2d8,87461,77607379,139382,87267,77617128,139382
5ef77bee0509ffd4,99925,90050763,138961,99717,90061084,138961
5efab4c4158f7c69,88851,78967569,140452,88659,78977678,140452
5f06be8314fadb3c,56385,46525739,132918,56185,46535487,132918
5f0b866e8b1b3bc0,86862,76989903,153747,86669,77001436,153747
5f0d33288c7d5aa7,67254,57345761,132070,67091,57356259,132070
5f135bfbcb83be97,53358,43466529,137195,53177,43480672,137195
5f13a172cad377cb,90496,80626575,131555,90289,80636980,131555
5f447e796bb1301e,79329,69446950,138306,79137,69457397,138306
5f4765bb07cda013,103722,93846239,185108,103530,93858898,185108
5f4a018c73f41a6c,83728,73847553,138796,83534,73858247,138796
5f4e0edb275967ec,29668,19786270,138476,29476,19796190,138476
5f53121f246f455b,38337,28516860,366478,,,
5f5764b51269eb88,55288,45386817,139293,55133,45403173,139293
5f6d20cc03ccee31,12242,2306179,138860,12008,2316836,138860
5f9c6cf292068ff9,85622,75745952,131062,85429,75755350,131062
5faa73de98f32be7,51723,41866606,138217,51526,41876310,138217
5fb457291bf6edc1,119762,109846512,132567,119609,109856093,132567
5fb646ad838aff87,78401,68529601,141102,78197,68539644,141102
5fc60422a1db7821,82586,72705714,130824,82369,72715464,130824
5fc7ee7272a6c10b,93282,83367275,138588,93076,83376880,138588
5fd870a4ae671d0d,38210,28325301,131546,38012,28336383,131546
5fe08b6bcfc0b221,54517,44633335,157143,54328,44647529,157143
600b409e2e1760a4,112535,102675147,104282,112386,102694064,104282
601481b1b34f803c,94623,84792634,343083,94467,84820960,343123
603d8d85ea79856c,42930,33049982,137226,42721,33061509,137226
605a1a9ca033f294,68270,58390211,137233,68072,58399698,137233
605dab415e641b6d,64606,54746794,138187,64407,54757214,138187
6089896ba4f7daa9,29077,19205579,132911,28879,19215683,132911
60a38b3051127586,89695,79810854,138937,89500,79820440,138937
60b24be6464838bd,10197,326456,139397,9998,336666,139397
60c4bf882e6c2ed3,118169,108287852,140177,117959,108298328,140177
60c7c9566c429492,40883,31005507,133000,40695,31021311,133000
60c91837954a2b6a,119888,109970751,143396,119724,109980685,143396
60e659689c56d63f,63612,53726696,137614,63416,53736227,137614
60f3087242e5fca2,76000,66086129,132024,75842,66095537,132024
60f37b97b9c5616d,19333,9446475,139636,19141,9456961,139636
60f553e804545655,74796,64913586,157291,74603,64925083,157291
61139cf672ec4bbd,53795,43910036,138338,53609,43921016,138338
613402dbc4f82f85,108544,98668088,142401,108350,98678794,142401
613f97dcc1e86f60,108616,98752018,79751,108459,98774781,79751
6147c9a0304ff999,35248,25366429,139129,35029,25380779,139129
614922453fdc9484,88568,78707349,140125,88368,78717688,140125
614f43e3eef11131,37007,27125226,132020,36814,27138371,132020
616aa61c59df229b,62895,53010900,140095,62702,53021383,140095
616d38d352fbe241,89631,79747686,139900,89438,79757103,139900
617a0f3ad040a65c,60873,50987435,140359,60681,50997561,140359
618bd97939f45091,75871,65974128,132104,75717,65983460,132104
61a811afda669eea,37296,27409528,137801,37107,27421439,137801
61c6c9aae59d8bf7,91092,81211060,138049,90891,81221403,138049
61cc145d53cc0191,72809,62927181,139461,72617,62937600,139461
61e3964dfd75a811,72270,62368309,131748,72091,62378246,131748
61e8b3c62a823459,28249,18345796,132822,28081,18355543,132822
6203681f5a97f9a6,43266,33394672,186319,43078,33411698,186319
620af87eb8cd1232,111449,101567613,139695,111260,101580323,139695
6215a72e2cf6d4ff,61961,52107164,138991,61767,52117975,138991
621fea440649a21a,24220,14331319,117413,24063,14340277,117413
6247061aef5dde0d,83111,73227134,138268,82919,73237688,138268
625708a067b84b08,29362,19489924,138762,29159,19500620,138762
62705a6d1e9413eb,81870,71987079,138074,81674,71996569,138074
62a7a762465d8841,109941,100067907,141559,109735,100081102,141559
62c67f986832d99f,33935,24034440,133630,33807,24124573,133630
62fc9e8acd2b23d7,92453,82587316,139153,92249,82597752,139153
62fee7f3243e09a4,12453,2565152,132626,12224,2574615,132626
6302ac5d058b2d66,36800,26887025,129552,36656,26898185,129552
630bf00e6462c4e9,112294,102408591,130954,112100,102419834,130954
631b2120f5d96f07,114222,104331183,138917,114030,104341666,138917
632f4b46d88134a8,38791,28885258,131861,38641,28899734,131861
633495d314bd1bb4,10483,608689,141293,10277,618586,141293
634c6ba51ee532eb,112747,102828498,131259,112593,102838683,131259
635cdff1e3b5a756,48741,38866580,139436,48526,38876793,139436
6370ca1bc50e6786,115010,105126508,131739,114815,105136491,131739
637122c9eeecf9d8,57311,47420762,116884,57173,47429722,116884
6376fb46a8e91ddd,58395,48510608,138620,58200,48520723,138620
638fe904991209bb,61456,51545582,131398,61297,51555840,131398
6391f7050543f726,88754,78867355,139681,88563,78877425,139681
63a258815868215a,65962,56069951,138050,65770,56080010,138050
63ae8e9a72ce1b15,43136,33249919,138955,42950,33262565,138955
63d388846acda182,32829,22946527,139451,32642,22958475,139451
63d7f4f5a31fe571,22462,12587080,142649,22270,12597362,142649
63dd13eba7dbd52f,85067,75186979,138364,84871,75197344,138364
63e00501f918054a,85783,75906950,137888,85589,75916541,137888
63e194f1ab894924,114607,104699807,132219,114454,104709466,132219
63ed1c1f185196af,19676,9766836,129745,19518,9776142,129745
64001d9f8a956ed4,84631,74765694,129996,84425,74775690,129996
640743233a2772f9,31346,21486596,139902,31149,21501078,139902
640d9840ca18a20c,95007,85089831,142005,94839,85100304,142005
6430e7d6e1393210,106023,96150072,141161,105819,96159712,141161
644d454418964f69,21981,12085271,132738,21790,12095260,132738
647e2acefb71a40a,118372,108507783,139826,118170,108518875,139826
6487934813bc0ce0,97402,87547278,138377,97209,87558224,138377
6491956f308094ef,41277,31390184,138341,41089,31402255,138341
64abf567404d5e1e,83333,73449222,131522,83133,73459752,131522
64b69c23c3fdc14e,90935,81052523,130215,90740,81062384,130215
64bcdf4fb97485ff,87516,77629433,130240,87324,77638324,130240
64f16de81f771c3d,17187,7324943,131462,16991,7334165,131462
64f4efa3b111ab83,111707,101827662,140095,111513,101840313,140095
64fffe6fc23222ef,58490,48607148,140423,58292,48617065,140423
65754f5b099c806b,73468,63607075,138570,73270,63617131,138570
658fa1e11ca095d2,81092,71207328,139697,80899,71218081,139697
65ac84d4db43021e,13316,3446662,140541,13108,3456990,140541
65d847ca6e70d589,83487,73626167,131536,83286,73636541,131536
65dd47cd50dcf91b,17686,7785194,132538,17523,7794383,132538
65fe8d8de690fa2b,98065,88190648,138030,97860,88201134,138030
660a2c4baaf56544,49380,39485772,131791,49204,39495545,131791
660ac5bb1423530b,27154,17270221,139947,26960,17280118,139947
6619d305995f7a68,48186,38305432,131932,47993,38317353,131932
661ad3ca23fba667,10326,445482,130882,10121,455373,130882
66308bba2002f9c3,86159,76265847,131426,85987,76275888,131426
663d63d72ba979da,44523,34625120,130497,44382,34638529,130497
665408f4e8133182,102067,92207479,139360,101870,92217204,139360
665891ae9dd4ef74,110690,100786292,131944,110552,100800944,131944
665d7521a3bd6ba7,92968,83038442,139616,92847,83049174,139616
6678c977e3d1d27c,108261,98407676,139881,108068,98418056,139881
66c27277281c9969,112903,103006330,130977,112735,103016372,130977
67130229f5e0da51,50014,40134238,138607,49822,40144326,138607
672b02c4f19d918e,23343,13466297,137482,23149,13476743,137482
6754a25214032b02,103087,93123849,117077,102955,93132570,117077
676f342396f294bc,38699,28785323,132269,38565,28798161,132269
6775886753e588b2,42629,32727468,138679,42468,32740052,138679
67879658c6f8538b,60411,50530457,139950,60213,50540827,139950
67879b14da826e8f,22812,12927550,131777,22611,12937134,131777
67a62ee11a1b3aeb,20792,10907348,133029,20581,10917449,133029
67d8e72d991b75d9,43168,33286460,138418,42981,33302023,138418
67db1bc1f955a317,19836,9927156,131788,19669,9936589,131788
67eade700de67678,49158,39247844,132181,48997,39257737,132181
680359a8ba3b6cb7,76335,66445700,130353,76133,66455173,130353
681701bcbb482d2e,35094,25165439,133069,34832,25181079,133069
6865d1fd25bf5e4a,82470,72566322,113185,82276,72574377,113185
688e3e46773ee068,77909,68008519,132798,77743,68018220,132798
68970ba58db395f2,36255,26377901,138325,36066,26390441,138325
689f2124f5c94355,10700,844732,131174,10504,854454,131174
68a5eae9d32a5f73,81838,71949607,141548,81643,71959230,141548
68a98629dc1dcd7f,69781,59927424,139589,69587,59937297,139589
68ac239464011548,12322,2405026,132134,12065,2414870,132134
68b60f5ab7270e71,72178,62268382,132427,72008,62277776,132427
68beb01823b1b897,70916,61030563,138834,70724,61040513,138834
6921891149bc0917,86096,76187855,131527,85928,76197149,131527
69371ce4af2c100c,79176,69309997,137918,78979,69320368,137918
69469382d4feb41a,109556,99668545,131871,109363,99677693,131871
6958eb805cb9d1e8,87711,77827397,139775,87517,77837578,139775
695a5381b826daa5,99240,89367470,138814,99027,89377328,138814
6967d6130a0dcb56,41566,31686368,137642,41375,31697828,137642
698d5123245d2848,46212,36348926,81210,46083,36431573,81299
699e166c0ac31269,18962,9086474,138721,18753,9096430,138721
69b1026ca174dffd,74348,64450313,138366,74152,64460851,138366
69edee5446812132,115364,105507477,138768,115173,105517507,138768
6a11262f1c558301,98846,88946070,131275,98675,88955348,131275
6a2aaeab35d28e98,42223,32346933,138955,42026,32360982,138955
6a35cf8d830f3b43,88480,78607332,138995,88268,78618195,138995
6a5ac119c5e31d6c,66967,57133290,343933,66805,57158958,343973
6a67221195a556b7,29861,19986482,139682,29667,19996388,139682
6a81f24e6ad356b9,23116,13230324,140776,22925,13240011,140776
6a8ab84f0434cb75,111924,102050833,139091,111718,102062369,139091
6aa254f0d8b42a37,17750,7847131,130389,17586,7856902,130389
6ab360e23e5c54a9,77104,67227215,139098,76900,67237737,139098
6ab53915f160556a,63521,53630331,138187,63337,53641113,138187
6ae7e0c31b327c4d,30906,21030096,160018,30714,21047591,160018
6aebcbb002ab3bc4,105052,95147311,138092,104891,95157724,138092
6b07d0a753e36b48,19398,9507193,132755,19205,9517169,132755
6b2a221062c95305,23570,13662619,133083,23416,13671711,133083
6b3203c66e8f9353,53011,43111407,131993,52858,43121326,131993
6b3d79070455d93d,66404,56530100,137481,66196,56540610,137481
6b6f121057bb7283,46844,36967659,142905,46634,36980612,142905
6b75318a8e2afcf7,28824,18965441,131737,28629,18974740,131737
6b907d0cdb4bf582,72536,62667032,138979,72327,62678127,138979
6bedd077dca92369,22654,12767711,132962,22460,12777436,132962
6bf887c43ba229af,67861,58007015,139283,67667,58017231,139283
6bf9ebc7d5768a58,88657,78770994,139214,88467,78781212,139214
6c2523c2bbac4f97,24284,14390898,117650,24126,14399745,117650
6c2cfb13d9134994,70162,60223556,118001,70025,60232059,118001
6c4391a10498446b,114384,104507682,138226,114190,104517805,138226
6c56c75a00b8cad2,111123,101246832,132512,110936,101259661,132512
6c58a6b760a6d380,55037,45125315,131194,54909,45165205,131194
6c5fbb34a279267d,26840,16986681,140849,26647,16997321,140849
6c6194a9a9ff7639,96014,86147106,137881,95808,86157692,137881
6c6dbae19235330f,83456,73585633,129703,83248,73595816,129703
6c7bb4501425fd86,66186,56307280,139646,65990,56317461,139646
6c8691ff5aa67693,74406,64527055,138037,74200,64537874,138037
6c941eb445eb71ea,71111,61226963,138728,70917,61236717,138728
6cf7673b3d080788,70513,60605841,132165,70297,60615391,132165
6d0f34921aa4dac2,95827,85947081,137871,95630,85956989,137871
6d25dbe2bd9fe224,106328,96445828,129599,106134,96455591,129599
6d25e5ae775cb877,74862,64988411,146307,74668,64999171,146307
6d41213380b29828,114351,104467578,138205,114158,104477351,138205
6da1d1c33d16c454,44915,35049922,132523,44711,35062808,132523
6da3db6ca9ae8ed8,40134,30250062,139472,39946,30262611,139472
6db4c799b033ed03,82672,72805728,130693,82468,72815716,130693
6dbff49727c2101c,75212,65330224,142406,75003,65340646,142406
6dd2e77ce5f7b1d5,108480,98588509,132247,108287,98598488,132247
6df7b5e56edff573,65779,55910352,140239,65578,55920023,140239
6e0262091333879f,14600,4724940,131402,14406,4734266,131402
6e04444562c33f08,76569,66706688,136747,76368,66717069,136747
6e04a619452f06fc,11882,1964489,98627,11723,1971709,98627
6e3fdefd7cf266aa,66059,56175721,152517,65866,56186823,152517
6e41d443ebaccd7f,10636,767691,133520,10438,777847,133520
6e5171c90f58bfb9,14332,4465301,132576,14125,4475974,132576
6e521b7c980d035a,14245,4362610,117910,14037,4371354,117910
6e58d91668588c4d,21671,11766232,117212,21514,11774767,117212
6e5b93133fcd0a14,93677,83793657,155449,93485,83805152,155449
6e939dc0489d7517,99062,89171470,139566,98868,89181392,139566
6e959fa2e78a8136,29516,19650416,141162,29318,19660445,141162
6ea9a5d46329a5cc,81741,71866002,131909,81547,71875472,131909
6eb1c8dd7844bc92,14920,5046299,139327,14719,5056168,139327
6ecf15762a31aea5,114575,104677434,131860,114423,104688024,131860
6ee10b0d564b3fdb,90902,81030538,158040,90708,81043461,158040
6f111b1645467f46,56945,47045749,132026,56781,47055868,132026
6f30a20794031576,75903,65996575,132629,75749,66006120,132629
6f4cdba84c7a5b29,48026,38146702,139342,47810,38159838,139342
6f66e9d9d29b6d73,107888,98006684,131492,107687,98015725,131492
6f74cf35ac01c9f1,66281,56405768,132390,66080,56415865,132390
6f7c6f6cccc279c6,28762,18905243,131489,28567,18914975,131489
6fa9c5ef95b7d84a,46576,36667688,132178,46435,36678840,132178
6faafe0854b635e3,55919,46029835,139444,55730,46041678,139444
6fdc55c2b53c58f3,95302,85427449,139116,95088,85438506,139116
6ff775dae53506fa,59882,50010750,140531,59678,50020640,140531
702d747a8f2dbcd5,32261,22365295,132359,32100,22380119,132359
70340b0ef7254c50,100198,90311450,138861,100007,90321046,138861
7035771e880a461a,40912,31027863,132531,40717,31039309,132531
704c29e5671e90c7,112650,102746491,131695,112500,102756665,131695
7062bd8ed502f126,76722,66829967,137629,76530,66840743,137629
706e88a7d620545f,99515,89627949,138388,99322,89637372,138388
70dfa6a57c5dda80,16176,6284842,131350,15976,6294084,131350
70e45c11d605ad16,96949,87049793,140877,96774,87059613,140877
71000e0427756262,88150,78245907,131130,87976,78255623,131130
71204a927e9c3be9,48526,38667097,141825,48333,38677996,141825
715b4e7f5a530b05,42722,32826464,138646,42548,32840090,138646
7160f782d8fbf94c,89134,79267195,138790,88929,79277301,138790
71662dcdc6688e08,33336,23466544,139204,33131,23477854,139204
7166ad4b3f8d6f82,69721,59865863,139347,69525,59875741,139347
71945d41c98a05eb,56263,46389612,141912,56058,46402246,141912
71a003a1a3d140ee,62829,52946785,138343,62637,52956522,138343
71a94f6ea4307dc6,49223,39307507,131330,49060,39317164,131330
71abdc2414e1d366,24853,14993810,161820,24658,15006049,161820
71b5ae7a054e4a8f,79393,69510581,138444,79201,69520432,138444
71baa4742f5e4c85,16942,7066430,139723,16738,7076435,139723
71be1f5b2d58dd16,46388,36485488,130791,46271,36529473,130791
72140ba72ee0ca6c,103172,93205980,131052,103012,93216138,131052
722ea44c5a70d734,57714,47789447,141382,57530,47799389,141382
723e0be450159e9a,97011,87127630,139499,96831,87138003,139499
724573f3040ede18,41846,31986378,137899,41650,32002625,137899
72556b47c69d0a16,10132,249495,138317,9936,259615,138317
725ddb0082afd715,95699,85810413,138071,95506,85820530,138071
725e473225745909,114101,104247801,139281,113908,104258159,139281
726b2a1e56f9706b,119979,110071241,139824,119801,110080984,139824
726f9cc7c32655b2,25919,16030100,139132,25727,16040963,139132
72702ae7575bb0ba,36046,26167182,130853,35841,26178780,130853
729fa521f559c26b,12843,2966474,139346,12655,2977099,139346
72b1e4f8192b29d9,89103,79227520,140427,88900,79237833,140427
72b74de7c0b3d34a,24621,14730108,138917,24423,14740346,138917
72cd8d70ba78e722,77469,67587127,138717,77277,67596783,138717
72d224f4ff1062e0,102007,92147575,140001,101808,92158238,140001
730a7879c2e9fdce,113381,103528391,143946,113189,103539124,143946
7312eef528cfe4c4,103199,93246188,131477,103028,93256602,131477
7313ef4797e991eb,85161,75286955,137847,84961,75297385,137847
731fc298fee2901c,105992,96126210,130214,105790,96135554,130214
73240f72507c4403,11541,1647442,132477,11351,1656512,132477
732470b843e8943f,63055,53212996,344367,62887,53240739,344407
7348638bd4addfbc,64452,54572829,155216,64245,54584276,155216
7353d4faacac5827,12682,2829224,156853,12492,2841376,156853
735fe06f470950d8,56109,46227346,142347,55914,46239000,142347
7373acf4eb0f4d10,67795,57930525,138972,67598,57941036,138972
7384fdae66dce4c0,74198,64289620,141518,74025,64300427,141518
738ce3f33b72be07,62016,52130407,137988,61825,52140594,137988
73a4c49e364f8cdf,55406,45509870,137497,55226,45522962,137497
73a4caa6998a3c33,81219,71328060,130871,81022,71338339,130871
73b511b6522d1ca8,59619,49725357,129475,59440,49734581,129475
73dca26739ca5606,116153,106267958,139182,115955,106278751,139182
740bd85eda72582c,43980,34107072,141008,43794,34119931,141008
742819bc98e8379e,66557,56690373,139007,66362,56701199,139007
74378c4b19be73a1,73346,63485822,130396,73146,63496754,130396
7444498d555d71d2,20473,10585485,133774,20278,10595523,133774
7450ce5391458b12,18515,8627161,132108,18320,8636625,132108
74516312e33c51df,70594,60707162,140180,70367,60717185,140180
746e62d8e578591a,41815,31946745,139298,41609,31957893,139298
74a3f38c2daf2f1b,67286,57385674,132160,67121,57395919,132160
74a5b2ee3c9abf7c,53828,43946450,137202,53641,43957331,137202
74ab5977d7212562,75969,66048003,131496,75812,66057196,131496
74cc5bd1381d7ea2,67765,57907041,139938,67567,57917318,139938
74cfbbfd788a1894,36288,26406533,139449,36099,26421002,139449
75457d1f7f1aa1ad,56446,46585476,131541,56248,46595797,131541
754c190df5de37cc,88539,78670754,138801,88339,78681050,138801
754dbfdf9d495f97,80423,70525899,131826,80186,70536210,131826
755cbbb9bfe52a95,70540,60647511,142064,70316,60658351,142064
755e94dad0a38d12,65660,55787005,139412,65450,55797006,139412
7574f78d02a4d927,119666,109755868,130767,119518,109764878,130767
7592fdeb85075fed,40479,30585439,131296,40348,30598155,131296
759cddf9b6151a59,41877,32009774,138709,41685,32021741,138709
75a05a883818930c,89287,79427403,140510,89091,79437483,140510
75aabc6a254137a4,53172,43265489,130123,53013,43280641,130123
75dedb22ae6e8a43,61869,52006751,138130,61667,52017762,138130
75e78b429fff4c27,68581,58727247,138970,68394,58744135,138970
75ef3eaa9d5271d8,51459,41565415,131517,51271,41575302,131517
75f3ac293172d7c8,46786,36906594,139303,46592,36922097,139303
75f855809ad71c4e,81187,71305905,131765,80991,71316297,131765
76022daf420d5c8c,38669,28747920,132192,38539,28759334,132192
7606406a3d7e2e7f,42158,32269885,138454,41963,32281555,138454
760d5caf91ffaaff,52229,42346471,137916,52030,42359058,137916
761bd3c13fe09cc6,79997,70135103,58079,79828,70151074,58079
76201101f0f2dc16,18002,8107472,132375,17819,8116864,132375
765fbc50e8f35676,49648,39771237,143031,49438,39780847,143031
766b85eed1609f6a,28055,18154345,120816,27894,18162918,120816
766ead37179cf607,38606,28685218,130902,38483,28696360,130902
7675869c96150992,116182,106291536,139650,115978,106301303,139650
7685b9871d61adb2,42691,32789533,137600,42522,32801548,137600
76ac84e31d24e5cd,103916,94031213,139641,103721,94040906,139641
76d3024a2294fe59,12400,2504942,131752,12165,2515102,131752
76dc47c41602af58,49317,39407747,131194,49148,39417031,131194
76ec494307e37363,15874,5965471,132720,15724,5974901,132720
7705b026b8448ed2,27934,18095662,357484,27769,18122209,357524
770888bc0ba2f4bd,48588,38727662,140151,48396,38737876,140151
770a4fd19be0e68d,99801,89927583,140809,99600,89937720,140809
771244ca51e93be1,51753,41889959,138388,51558,41899320,138388
771a1a850bdddd29,71734,61847039,138842,71542,61857556,138842
772032b0b2f6e1ae,79803,69904369,130727,79643,69913999,130727
77278cdb86419bc3,23213,13326183,138157,23021,13335944,138157
773f92996e8d1e63,38850,28945279,131771,38687,28956871,131771
7743a4a90d6c6c1a,20079,10206610,139754,19882,10220515,139754
77683e7e66cd5e56,113199,103326396,132536,112986,103336849,132536
777084bd689d1dda,97878,88007464,138889,97674,88018202,138889
777df0c9f7e4c30c,61782,51906884,138769,61566,51916866,138769
7799568ad444d453,40381,30490840,116574,40253,30540132,116574
779b68b3af223a57,95068,85167285,138871,94893,85178069,138871
77b6a27df0c9110e,21067,11206675,140297,20868,11217184,140297
77b9282bdb07f4b2,95216,85327586,139851,95015,85337915,139851
77be1fce63414239,101080,91190082,142045,100880,91200017,142045
77dd1ac7017dec52,64756,54870149,137493,64564,54881214,137493
77e96a50615642c7,65389,55487319,139291,65214,55497756,139291
77ef05680fb46a51,18677,8791890,132139,18480,8801757,132139
77fb2d2b8b266ec6,62463,52585750,131457,62259,52597303,131457
77fe15daa5eff4b9,52070,42186736,138777,51876,42199857,138777
78080ce4b86b2c1e,24154,14271867,118566,23998,14280693,118566
780a9f6aa0f95b15,101976,92107557,139499,101768,92117624,139499
781b9f58df1b6303,74582,64727127,138102,74387,64737804,138102
783c81f2372207a5,84841,74950803,138910,84649,74961711,138910
7845fbfd2981f60c,22127,12250376,139952,21910,12260618,139952
78466a5c65b8a21c,95360,85487287,138380,95149,85497428,138380
7869c920ba776de6,82411,72508268,131280,82229,72517868,131280
788132394c524b99,118462,108607750,138690,118270,108618364,138690
78960b3d9233f2ec,38637,28725614,132122,38511,28739489,132122
789e0c859fb202ba,80685,70816534,154835,80482,70827821,154835
78cecd32c7595625,23943,14045627,131712,23751,14054804,131712
78de666962d80214,88509,78647281,139005,88307,78657493,139005
78eeebe24c087049,109815,99928482,131091,109616,99939007,131091
79015ae9794a89af,46006,36125468,132275,45813,36135642,132275
790d98022f14f555,45820,35967122,140306,45626,35976764,140306
79115a66b91c308a,98310,88427708,141126,98118,88438339,141126
7915ac3dfa31ea50,15810,5886959,131606,15664,5896206,131606
7927be15c4a74558,28793,18927688,132481,28598,18936967,132481
792c5431dde61851,27058,17173184,140293,26866,17183439,140293
796405175e8f78aa,27466,17606329,138748,27265,17615969,138748
79c3457cc51580f9,16972,7106411,140130,16767,7116675,140130
79d14c8bbcbe3cbb,16528,6646303,138899,16337,6656391,138899
79ddbc21b54a6436,76480,66605684,130908,76267,66615767,130908
79e545b3f925adc2,112108,102247701,139020,111916,102259043,139020
79faab4e4ea3223c,56015,46130144,138524,55824,46141645,138524
7a01dee6208b7bc1,79689,69829738,103261,79529,69845654,103261
7a02685ffb5f2e0f,45633,35765508,131635,45432,35774741,131635
7a220657bed3662b,10357,485029,131201,10151,495207,131201
7a3f35d2aef1cacc,51820,41966648,137755,51626,41976421,137755
7a43b5645b936269,99676,89790984,139100,99480,89800640,139100
7a539d54241c41d6,97910,88030870,138723,97704,88041551,138723
7a59f4cb21ca90ba,116983,107106376,131112,116780,107116536,131112
7a8bbe322acf24cf,38048,28166457,139047,37854,28180768,139047
7a8e770ee9d5b004,15416,5529418,138952,15224,5539003,138952
7a9f261459858ee1,110188,100327494,139100,109992,100340194,139100
7aa46b79e1ea33da,117075,107207669,138563,116867,107217442,138563
7ab6bb47f4daad2a,37555,27668987,131158,37363,27679521,131158
7acc903d51546dfb,45695,35827296,142822,45490,35837217,142822
7af0cf6d33829d95,97311,87447362,138835,97109,87457492,138835
7af6fdd7780e035d,20227,10366432,140108,20030,10382188,140108
7afbc9db93e298ef,105866,95986248,131957,105668,95995364,131957
7afeeaed7dc98dd6,63552,53666681,138221,63364,53676360,138221
7b1df04d7730c22c,27645,17765059,131769,27446,17774232,131769
7b50a88144ae0e68,55580,45706789,139621,55366,45717971,139621
7b5b749f81a7f251,32707,22846876,139003,32510,22858928,139003
7b66c32b0976dcbe,17654,7752934,133023,17492,7762220,133023
7ba5811a6dea7228,116538,106651427,139451,116346,106661856,139451
7baa02cafd01cc6a,69633,59766894,138347,69426,59776776,138347
7bbfca8cf856b035,16118,6224835,131479,15931,6234286,131479
7bd8cf30a61e7cda,87306,77429511,131430,87100,77440270,131430
7be5a4ccb0dabdef,50925,41093442,347411,50768,41122348,347451
7be6ce469f87e747,27560,17702851,117737,27361,17711505,117737
7c3d9e9756076ce6,68207,58327377,139493,68011,58337438,139493
7c46ecb9f117d8f6,43330,33446601,139052,43141,33459418,139052
7c77874a3707d7d5,78549,68667342,139914,78356,68677671,139914
7c7e73716b69e754,58137,48250423,138451,57945,48260420,138451
7c9a436c7fa1aec6,16059,6147174,131830,15883,6156471,131830
7cc663118a16016c,13131,3249711,138700,12936,3259843,138700
7cc816079010a268,91246,81387229,139081,91048,81398217,139081
7ccb3237c23f0dae,68111,58227106,139911,67917,58236847,139911
7ce3ce2c12d746c7,59680,49785529,131453,59490,49794768,131453
7cfbeedbd504b944,106883,96966451,132629,106740,96976721,132629
7d151b474eaededa,49766,39905755,133391,49569,39915083,133391
7d2231ec1541eb11,43362,33486897,140981,43173,33505878,140981
7d3417d5d99187d0,60347,50466911,139194,60151,50476628,139194
7d36016113d5a874,83911,74054906,124236,83767,74070068,124236
7d839d85658356ff,101696,91812911,132737,101501,91822185,132737
7d8991c1fbf3d6b9,100837,90928676,132704,100671,90938778,132704
7d8ff38153aae793,35273,25389716,137562,35058,25401283,137562
7d990444bfa457d8,67500,57605780,131536,67309,57615828,131536
7dac49b91ab5aedc,26209,16287828,132296,26054,16297053,132296
7db5b2eb4805ca5b,68863,58987333,139666,68675,58998499,139666
7dc7a89a683c1f54,105521,95666167,131920,105325,95675677,131920
7dd31788a6ab148f,117382,107507802,138996,117191,107518290,138996
7ddb49db5e907cc1,58521,48647017,140969,58321,48657317,140969
7de40f5852bbb651,93999,84126174,130791,93802,84135659,130791
7df1c78a5ecc96e4,112391,102508308,141085,112194,102519880,141085
7df9beea7e8a9413,104317,94448461,131348,104119,94458601,131348
7df9eb3535c7812e,88722,78831184,140163,88531,78842330,140163
7e15242fd1fb2252,96821,86925952,130495,96655,86936028,130495
7e3fe2e4b6c2925f,50456,40587412,142989,50247,40597945,142989
7e42b455ee2d2803,73036,63150422,138333,72841,63160767,138333
7e48630e9deaf81e,63491,53607015,138717,63310,53617220,138717
7e63121f2fd92a4c,22245,12386663,139390,22046,12396478,139390
7e8c8a0f7345e47f,112487,102657686,363689,112333,102686870,363729
7eb464051213a2af,78963,69087254,137719,78760,69097410,137719
7ec01763058464f9,116211,106327516,138091,116002,106338172,138091
7ec44b5301b3ace6,118847,108968400,142756,118648,108978438,142756
7ecc6d7ced23bb34,107246,97367770,139805,107043,97378525,139805
7edee2d79a1aa30e,19180,9326542,140057,18986,9336915,140057
7f108754aacc2f3e,72147,62246026,132452,71980,62256525,132452
7f37358d42e90af7,36644,26725465,130121,36520,26735965,130121
7f3b796fe7ee0a55,19301,9409939,139433,19109,9420113,139433
7f5108e6441fc030,15013,5146395,139818,14808,5156766,139818
7f552161ed918ca7,23698,13786971,131379,23539,13796041,131379
7f7146f5cd5f88d1,63911,54050223,138384,63718,54060280,138384
7f719722886bb7e7,35861,25985568,132474,35669,25999500,132474
7f8093796e281930,58020,48150520,137883,57816,48160051,137883
7f84dcf9f9605282,56698,46810360,139814,56506,46820825,139814
7f8ec9ac840a181a,118432,108570969,138428,118240,108580975,138428
7f9b7935411ddd4e,29393,19526344,139205,29191,19537275,139205
7f9e40b97074d0ae,101257,91388747,132450,101058,91398883,132450
7fc5c66971b3ccaa,111329,101467301,137844,111133,101479576,137844
7fca312b5bca5daa,63090,53229930,101630,62926,53248833,101630
7fd8fe24c5d320ce,28464,18587016,140135,28273,18597416,140135
800065a93c52cdac,106054,96187616,139766,105848,96197988,139766
802d19fd186baf60,47431,37525602,132525,47287,37537699,132525
804ca41ea32e2c35,93146,83206032,131240,92986,83216180,131240
807fa98885031ba5,100488,90654004,344434,100327,90680537,344474
8081306488ecca66,49589,39707038,140590,49382,39716701,140590
808299bd85962bd2,53679,43810311,139231,53480,43821500,139231
80954797d0ab3c4d,34620,24743180,97236,34491,24756684,97196
809fb5838ce4a268,13036,3146927,131021,12845,3156637,131021
80b61126a878e6de,99122,89247815,139950,98920,89258625,139950
80ee2f2b85e9121f,12909,3026259,139446,12720,3036927,139446
80f0b20160838727,36707,26790313,137386,36576,26802081,137386
80f7e9fc11f12d34,56601,46727108,139701,56410,46737276,139701
80f90fda21049fa9,35171,25265123,131472,34925,25277521,131472
8109c15502f61c8b,15576,5753824,355353,15429,5782885,355393
810a688972557f47,52166,42286298,137295,51970,42301407,137295
81120729f47c405f,37867,28006542,139386,37669,28021299,139386
8145b455c0867395,29268,19389424,130948,29060,19399048,130948
8154d755378cb22d,89225,79367375,138543,89027,79377659,138543
815c2c16e75bf99c,118111,108210679,137714,117913,108220896,137714
8166a46d7b24460c,37681,27806610,139230,37484,27817721,139230
8169f23aef04a31c,99002,89106383,132425,98816,89116504,132425
8169f633441322c8,105738,95870519,155762,105543,95881629,155762
816c0c4d2c408c08,26112,16212696,133161,25959,16222920,133161
818bef1df4b6a219,34988,25029834,138210,34765,25041159,138210
8193854a6cdcdf3f,116064,106167742,139948,115881,106177772,139948
819867907718d0ea,116635,106747547,138221,116443,106757700,138221
81b41e7746cf637e,107857,97969881,140956,107657,97979637,140956
81ca13390ae08c78,76883,67006826,137821,76689,67017027,137821
81d4443204c41c12,101534,91657236,155639,101341,91667711,155639
81f93c1bb74725b5,88787,78910872,160064,88595,78922959,160064
82550f47fd2e8f26,18993,9126318,139776,18786,9136652,139776
82af17845cdd2afe,27972,18113665,108204,27811,18129505,108204
82b3b7a1ade6ce32,61002,51127085,140715,60807,51138221,140715
82bca4aedb311950,33806,23974170,351185,33654,24027374,351225
82d81ed261c67006,95602,85710828,138796,95410,85720883,138796
82e46b4470489b18,96979,87087307,138028,96802,87097084,138028
83043de8535dfa7a,59110,49227038,140091,58917,49236986,140091
831493efc9b26092,14275,4385252,132558,14061,4395141,132558
8332f6ad0d911e6d,38274,28390358,139145,38074,28403178,139145
833681cf0cd76199,98407,88527231,138424,98215,88537470,138424
833b073013af6fd8,58674,48807430,142650,58467,48817566,142650
8348d916ff41d34b,58736,48878670,140002,58540,48889305,140002
834fa4197f76657d,95038,85127227,138118,94867,85137534,138118
83535b7bc8143184,32071,22165179,131505,31927,22176982,131505
836c3b61365d386e,105608,95726208,131233,105414,95735250,131233
836edd903db8252e,42960,33087219,137671,42747,33098896,137671
837b0176fb90eefb,83964,74077143,131246,83819,74086626,131246
8385df8df2c0b2bb,57041,47145689,132806,56875,47155177,132806
83884402e754e60a,91494,81607618,140039,91302,81617475,140039
8388eab24d417aa9,40972,31105656,132263,40767,31119064,132263
838d36fbebe9fe66,40669,30767335,132051,40522,30778594,132051
83a7c711662f09e3,44857,34987423,143185,44658,35001961,143185
83b7b5db0d185791,93621,83767410,139744,93427,83777735,139744
83bc069ac73be300,66496,56631216,139917,66301,56641799,139917
83c85c915e279871,92098,82187927,130610,91925,82197707,130610
83d0035f09ae3a55,46961,37107012,140303,46768,37119732,140303
83e90246749daa67,11571,1695927,141108,11376,1705623,141108
83e98547866949b3,91397,81511025,137948,91206,81521480,137948
83ea6d0851e8bcf7,38880,28985604,132950,38709,28999514,132950
83f8a440bb2818c7,36978,27085323,131538,36793,27096511,131538
840729cdb399afff,86283,76388171,131329,86098,76397955,131329
8422b85816e36ce0,95983,86107298,138171,95779,86117313,138171
8426a6f1bad86d3e,79207,69347170,139083,79010,69357333,139083
8429ab86a84d7f90,68767,58887023,139493,68580,58897847,139493
8429d9791029f54e,113696,103809801,140509,113502,103819416,140509
842f0937f67a4982,99032,89147854,142429,98843,89159056,142429
842f6ba716cc5964,75517,65630784,137514,75325,65640782,137514
843432fa26a3b703,40231,30346706,138690,40041,30358761,138690
8438d98afde84f77,15513,5629587,139251,15318,5639626,139251
843d2867ac7a0793,88915,79031283,140415,88721,79041464,140415
84406caf3a186234,91277,81410458,137635,91081,81421325,137635
845640456c475536,37240,27386272,137830,37048,27399985,137830
846be0bf75cc2253,51430,41527765,131938,51247,41537065,131938
84919af46b8a414b,81373,71509833,132574,81169,71519187,132574
8495df9d433e47b3,104501,94626151,130739,104307,94635716,130739
84c25c665bcca89f,39418,29532622,138706,39228,29544015,138706
84ce114d8da557c8,22305,12447030,142856,22108,12457187,142856
84d59f50a7a42e72,64295,54410141,139085,64096,54421433,139085
84d5b435026406ca,106241,96386461,132541,106045,96395872,132541
84d934ee8fab9edc,116603,106714473,158508,116411,106726268,158508
84dcdff85424087c,60504,50638397,139936,60302,50648110,139936
85060e4c3b61ce6b,31787,21906624,139856,31594,21919547,139856
851aebeda045d4ad,89534,79650077,142779,89342,79659734,142779
85578449a59b6f00,45100,35246800,140163,44910,35262884,140163
8586b379a3d546e8,54366,44509473,154892,54173,44526370,154892
85a3201c2da7ea3a,107303,97427498,139419,107088,97438811,139419
85adcc036c6b6315,110407,100527559,139224,110219,100541589,139224
85b566fd02a6decf,109463,99605889,129690,109270,99614771,129690
85badaf93582b458,118501,108647649,139006,118309,108658185,139006
85bb416a942a2b4d,101197,91326129,131259,100986,91336357,131259
85bcea30d2177965,32230,22325588,133630,32073,22337478,133630
85cd08e14e2b8f9d,104716,94856313,101654,104574,94876023,101654
85d5f8462f845c1c,118687,108807530,138525,118493,108818371,138525
85e997eb96e3372e,58917,49030652,141008,58725,49040616,141008
85f0b2b2f8a01137,102222,92330808,138637,102030,92340984,138637
85f71f71e94e70e1,99151,89271312,139032,98945,89281675,139032
85f84576b9e9ae6a,97072,87187082,138106,96884,87197291,138106
85fb3d714d3f2f7e,88450,78570645,139456,88235,78581302,139456
85fcc5c0c28de0c6,62555,52686505,136831,62346,52696121,136831
85ffa238d7c8544a,79491,69606845,137304,79297,69616466,137304
8637167863bb6a70,69337,59428157,132357,69164,59437782,132357
863e094bbf2b7b70,104864,94945895,130491,104719,94956333,130491
867a0330869ab6b6,60441,50567009,138890,60242,50576469,138890
8696dd2cce4cbbbb,113169,103289848,131153,112954,103300061,131153
86ad226b1bde1679,26721,16846026,131823,26505,16855437,131823
86c64fcd7c547388,91687,81854139,349105,91527,81880566,349145
86c667eab653b112,113257,103386708,131356,113047,103396857,131356
86d0e9febe20bc49,22965,13106969,142560,22767,13117715,142560
86db5f556e44e126,110785,100886387,131377,110645,100899622,131377
870c2a266647773a,31627,21746966,142387,31439,21760282,142387
8732c7f1fefaf778,68734,58846901,138656,68548,58856822,138656
8735859f2777038a,97162,87286902,136880,96963,87297371,136880
87484daa0087358c,89920,80008120,130128,89763,80017300,130128
87523b435c242a42,72939,63050224,139131,72746,63061092,139131
877475238b683685,108012,98146034,131112,107805,98156206,131112
8793c6b1cab51661,53533,43650076,138752,53320,43662609,138752
8796786d2b58db5f,71046,61165797,131900,70854,61175489,131900
87d002db36e2b41a,12507,2629862,138034,12295,2639867,138034
87eb976312e72c93,17342,7465219,132094,17151,7480767,132094
87f44dcba4912eca,27026,17149472,157467,26834,17161422,157467
87ff02d9f340eee0,34251,24345573,130582,34096,24357273,130582
87ff4074af8fa75d,87023,77147323,139004,86826,77157689,139004
8810833d94e2736c,30570,20706518,138749,30366,20716956,138749
88288bd57a335e67,62211,52327122,139933,62018,52339498,139933
88302692ba0c4528,93334,83430763,139352,93110,83440537,139352
8831bcb8238df266,81902,72075423,354812,81750,72104258,354852
885f580235cfc042,19929,10029006,141748,19753,10039101,141748
8860a1d67e068061,87397,77530709,138416,87199,77540062,138416
8861109871314d1a,60000,50147001,139767,59806,50156900,139767
887a0a380c7ea7e2,42341,32451175,114276,42193,32475747,114276
8885ec1dd8ec745c,22069,12186780,141750,21863,12197074,141750
88bd2cef46d80008,56879,46990235,116421,56716,46999279,116421
88dbb80490a0e57a,42535,32638074,139781,42381,32651258,139781
88e3b74cb58a470f,17621,7730488,115420,17459,7738578,115420
88ff9a505b8037cc,118942,109067561,138792,118737,109077347,138792
8910b69e8bf3ebac,57935,48047969,132829,57714,48057926,132829
8939e8410d03f4bb,41374,31492370,137207,41187,31504768,137207
893a801817cdc13a,81404,71532101,131857,81202,71541203,131857
893d0aae82bad2a6,100531,90671539,104922,100375,90687823,104922
895ccf50b33b6546,31284,21409832,138046,31080,21421839,138046
896db6c0c9a3bd84,39577,29691119,141478,39382,29702727,141478
89702869ca519cc7,18644,8769606,158453,18448,8781607,158453
8994f29055b32c9b,111300,101431511,140474,111104,101443671,140474
89969ac845703f8f,43080,33226437,137430,42890,33242189,137430
89ac11414a2b8318,57261,47401033,102227,57123,47417113,102227
89ad84e83e5e7e56,116004,106088586,132239,115830,106098771,132239
89c28c7813fb02f1,83517,73648401,131822,83318,73658698,131822
89ef1b4d71f9c02d,30205,20305384,133072,30035,20314689,133072
8a053cd47ccdd234,70402,60486188,133459,70218,60496570,133459
8a0fc3e7f44006b8,73192,63310444,139128,72991,63320846,139128
8a195ff172203ede,76755,66867416,138208,76563,66877080,138208
8a25decc698a089f,96349,86467344,139133,96155,86477455,139133
8a3166b1c6591bbc,15545,5666277,138950,15349,5676621,138950
8a4b44cdd53d3f87,46039,36149663,143475,45846,36159622,143475
8a5798a1c3d127df,85129,75247389,138549,84931,75257931,138549
8a6c5b4184278d5a,59911,50046787,139238,59707,50057011,139238
8a70e9cd6ec6342b,30970,21086570,139281,30777,21098589,139281
8a7418685fd2980c,52134,42250308,139028,51938,42262687,139028
8a91ffa784e0ebdf,28702,18845898,133807,28506,18856075,133807
8aae5daa145a2701,108317,98430990,138185,108126,98441159,138185
8ab51a3bf77039a6,24591,14706581,139084,24398,14717110,139084
8abc561fc10d6276,114891,104986188,131322,114717,104995528,131322
8acad2bae83d5c51,111644,101767990,140515,111452,101782241,140515
8afebef7a493ca85,116481,106627885,139996,116288,106638373,139996
8b21629bb81e799a,96886,86986027,131105,96716,86995883,131105
8b6e25956675d922,48465,38606890,139185,48268,38620020,139185
8b878b078c5b893f,26663,16785212,132235,26444,16795235,132235
8b9656da99b864a9,114037,104170105,141422,113838,104180469,141422
8b98ff04bd53cb42,79458,69570389,138767,79265,69580000,138767
8baecc7257462691,26145,16235251,133554,25991,16245169,133554
8bb71893ed927abf,58766,48907249,141214,58569,48917166,141214
8bbb24e3fbaad924,119126,109267808,139211,118927,109277985,139211
8bd65f4a50d65fbb,72875,62989706,153178,72683,63001452,153178
8bd736fbdf33e1ad,59766,49886863,138376,59559,49897057,138376
8be52a61ca2f23d7,86404,76527016,137996,86203,76537294,137996
8bf3d193d9ec3343,73718,63830420,139719,73526,63840591,139719
8bff9c3896795938,68238,58366957,138107,68041,58376895,138107
8c085da72357f4bf,22996,13129050,130920,22800,13138616,130920
8c14152459a9a7b0,72389,62507163,140148,72192,62517718,140148
8c1d0ae06218da78,13378,3504949,133004,13172,3514806,133004
8c24da0c0c893448,88056,78148370,132573,87888,78157495,132573
8c26c4765c636d1e,104195,94326080,130673,103985,94335626,130673
8c38db7c0ff9c745,104134,94266172,131702,103929,94275632,131702
8c39a494e8ce80fb,90321,80431155,137496,90120,80441346,137496
8c5cb2dc070a0d54,18612,8737548,156059,18417,8749183,156059
8c7c76c835548c1d,39168,29306373,138579,38970,29318213,138579
8c85c48581c5dd50,21155,11269563,138350,20963,11280384,138350
8cb0c3ef8b499b16,43582,33706637,138744,43382,33717573,138744
8cb4e43baad75612,103537,93670769,138828,103335,93680307,138828
8cdab415c7a081d3,28343,18447379,144947,28167,18458189,144947
8cde54391650fd46,70981,61107837,138486,70789,61118038,138486
8cf14d4b84b44afe,91780,81890881,115931,91625,81899045,115931
8d1030c8ec9b7b53,73254,63390705,137768,73051,63401411,137768
8d3cf55dbb8d5654,87428,77567320,139313,87230,77576940,139313
8d597dc631064379,111034,101146189,131450,110864,101159914,131450
8d70f01cd5ca397e,43458,33586816,139689,43265,33599678,139689
8d7a67318028b3e2,13672,3812217,103649,13521,3830314,103649
8d7ef7815793a7aa,86314,76425850,130915,86125,76435641,130915
8d930504fa1fc661,79024,69150442,137926,78818,69160569,137926
8db20b3d65aead34,56324,46450391,139859,56122,46463241,139859
8db8d2f05510e600,85284,75410198,138317,85077,75421287,138317
8dcfee10ea96d47e,60970,51087174,140544,60776,51097166,140544
8ddbd87fd2aedaf2,97102,87210429,137983,96911,87220276,137983
8df591a827db8e27,100327,90447509,139597,100136,90457398,139597
8e07f268e85bbbf7,31974,22075148,133230,31832,22089087,133230
8e0a647c994fa202,26273,16364996,131268,26114,16375088,131268
8e1601ba35f595ab,96610,86750588,103256,96447,86767582,103256
8e2711548750e09c,103456,93573213,161106,103233,93584120,161106
8e2ef2d3aa500a59,109164,99287406,138271,108967,99297755,138271
8e4c320678285098,117045,107170991,137063,116839,107180971,137063
8e5d7931d1075dd0,24980,15125047,131508,24785,15135353,131508
8e69630dca275f55,52444,42569847,138152,52244,42581719,138152
8e8fb56f7d3dd973,36548,26639542,130984,36428,26652079,130984
8e953b020e51fd79,33398,23529801,138935,33202,23542153,138935
8eca349736d6fcaa,60938,51050629,139850,60744,51060462,139850
8ed9de2c6d79e777,112778,102866538,132449,112622,102876453,132449
8efee1cb77c8f02f,29455,19586746,140409,29252,19597109,140409
8f2fc3086e06de66,119035,109167953,140284,118828,109178490,140284
8f34414d29dde571,76393,66509772,130199,76180,66519455,130199
8f3d8598bd7fe36a,81805,71925694,130759,81611,71934903,130759
8f41282cd59a3c77,113822,103946292,131753,113623,103955757,131753
8f7e9d1d5dc3fee8,97192,87310422,139413,96989,87320304,139413
8f7fe4d7dfcb115e,48373,38506713,139618,48176,38520712,139618
8f839669a365cfbf,84430,74527896,132162,84234,74537712,132162
8f8674a8787e33e0,117838,107926628,132740,117680,107935859,132740
8f9e838614620fe9,59971,50107174,139127,59768,50117268,139127
8faaa165a2d44961,83425,73549472,140530,83219,73560180,140530
8fc90235995ceccb,15352,5466231,139054,15160,5476071,139054
8fd3889f9438b0ba,80570,70685676,130950,80345,70696042,130950
8fe38149bfc9f890,44428,34525128,130865,44293,34538952,130865
900243ac6b654b05,15075,5206168,139040,14866,5216148,139040
9005438e4ab68b3d,62585,52727093,139440,62387,52737583,139440
9047fb7ae9b032fb,54149,44270109,138288,53955,44281862,138288
907cfb0d743ad033,23537,13640059,132312,23384,13650009,132312
90bf813e8f18ebec,115127,105247773,139721,114910,105257896,139721
90c1e6313a109813,77287,67426899,137957,77090,67436909,137957
90c24f844230d88a,108824,98926123,131255,108663,98936375,131255
90db645ae64afb87,82557,72668130,131728,82346,72677825,131728
90e1f316dfc667c1,94784,84876662,131498,94632,84885910,131498
90f3a7275db12c7d,47521,37625614,133010,47357,37638998,133010
90f54eccb9982c8c,23730,13809202,131384,23568,13818320,131384
90fc8e98b7533789,114189,104307683,139867,113998,104318063,139867
90fd2e8b9611ad6b,54212,44346559,136807,54014,44359420,136807
90ff4e97e50a886b,81708,71825998,132251,81514,71835547,132251
9109fe7ed6b85aef,44078,34189942,138666,43891,34202056,138666
912281c6a5921369,35923,26045439,131059,35727,26056798,131059
9147b559fea67919,111093,101206724,132974,110912,101218156,132974
914e9868b3e86910,107361,97487604,139158,107148,97498300,139158
9152c6eabf1fc055,62740,52887063,139801,62547,52897071,139801
9166d6b6d6dfcc99,115555,105682346,138255,115362,105692008,138255
9168a4eff4337402,34873,24905230,132027,34693,24918455,132027
91764e882167f153,17718,7825166,131437,17555,7834786,131437
91775342f78f6a3f,104928,95006389,130414,104779,95016234,130414
91820b697a1da801,17220,7366997,143267,17027,7377752,143267
918ef691efab826b,22186,12310194,140134,21978,12320013,140134
91b536b17e29864a,94849,84928396,132608,94694,84937869,132608
91b9f443d9d2937e,91591,81707235,138174,91398,81716716,138174
91c711258c40c74d,56172,46290408,140674,55973,46302331,140674
91cdcb0628b39ad0,76218,66307682,130741,76037,66317207,130741
91f2eb327e913190,84721,74867101,137968,84527,74877493,137968
91f3ac5432da1be9,64545,54670323,138353,64340,54680386,138353
91fa97b5e66843ac,58049,48186665,138020,57846,48196356,138020
921d95e51acd6f66,72051,62145477,130367,71889,62154742,130367
922a3358eca9fd43,72654,62790371,138215,72459,62801255,138215
924f68c443a2c810,74289,64390554,137720,74103,64401114,137720
925e5d87483d841b,64575,54706699,137499,64370,54717006,137499
92639e8ce50c5fd2,38731,28807385,130895,38592,28818207,130895
9285c9c7f42bd601,56830,46970491,104384,56667,46987755,104384
928faa7dac404953,108226,98367825,140644,108033,98377991,140644
929c37cb4528fae6,20020,10128819,141464,19832,10140182,141464
929e951c6b4385c7,17439,7548573,140354,17247,7559014,140354
92bbe51641064d9a,30938,21053607,139429,30745,21065852,139429
92c707c0293262ea,34781,24823485,116386,34629,24836583,116386
92cf8ded81594103,78371,68505783,131085,78165,68515631,131085
92d6737d940994a7,41692,31809701,138091,41495,31820720,138091
92de27d1f6af2fd5,87647,77767277,139385,87454,77777095,139385
92fc8cad1bcce028,33646,23765382,132685,33455,23777541,132685
931fd4101a8f687f,78222,68328349,132703,78030,68338248,132703
934132f1e3d435eb,109252,99387839,139205,109048,99398594,139205
935f02965ca66320,27870,17989066,141496,27666,17998918,141496
9375f8147227e82e,57199,47383805,354671,57057,47410303,354711
9378193c833f7474,108727,98823795,117209,108569,98832605,117209
938754294b48355f,32677,22810224,138848,32480,22822531,138848
938b8a9b68715735,47213,37286958,132295,47094,37298814,132295
93a254a3b830d038,43048,33186635,138036,42851,33199447,138036
93d52f2f65b3fd65,10513,644828,131156,10308,654545,131156
93e944082c718508,59498,49585641,131325,59335,49594556,131325
93f2589229f7b501,54117,44246766,139333,53925,44260409,139333
9408f5d0b397ddcf,34931,24966345,137540,34730,24977673,137540
9414c27a0f3cf55b,24348,14446477,130918,24186,14456803,130918
941a960403b2037a,27839,17965178,131004,27636,17974176,131004
944d78ffc0e9489e,84312,74405874,131345,84139,74416157,131345
945b795ce3e52066,107920,98046340,132272,107717,98056855,132272
9461a2a3e782d234,20883,11007480,132100,20677,11017596,132100
946bcc905ead1856,68425,58550470,140083,68219,58560534,140083
946dc9055aaf1c01,115069,105188043,142104,114863,105199123,142104
9470051903e4f87d,76852,66970537,158420,76658,66981931,158420
947587635cec0df7,92219,82327118,137978,92028,82337290,137978
94863d09ca3cbe79,72330,62428060,131779,72143,62438372,131779
94cb8d46c0bb37e0,52353,42486767,137552,52149,42501678,137552
94d05618c3d009b6,47277,37362418,133568,47153,37375134,133568
94fe9090a683e54f,101168,91288619,131618,100953,91298768,131618
9502bb9fdcea492d,108662,98772503,120835,108505,98781737,120835
95048e721d84bb8d,86463,76587200,138398,86253,76596998,138398
950bab2f9967ff56,31192,21310167,140398,30992,21322915,140398
951e0dfe517f2282,29766,19886286,137954,29573,19896036,137954
95295f71c1ff9d77,101469,91587431,138846,101276,91597131,138846
9529e2809c7f434c,45064,35207395,142964,44874,35219945,142964
9536e7031fc1ec7b,58613,48745163,129814,58409,48754975,129814
953bb3163b4a94d1,55068,45147655,132483,54939,45166069,132483
954a1dbef9bddaa6,43613,33746621,139419,43411,33759340,139419
95506f8690566311,31562,21667661,131711,31375,21678593,131711
955eff2893643752,113884,104006769,132265,113682,104015862,132265
9587e0994b93457c,63581,53690152,138941,63390,53700420,138941
958997c21be787ac,17503,7626038,138462,17310,7636427,138462
958d69a02242b0e8,10230,356056,130961,10030,365742,130961
958e7db9b2fc0c22,53044,43133209,129392,52891,43142179,129392
959fb49ad8ec8db3,60122,50247134,139923,59929,50257402,139923
95cd879c600a4bac,73003,63127027,139746,72809,63137266,139746
95d212b361e65e4b,73944,64033612,132118,73789,64043340,132118
95ddd90e6c514613,31034,21149923,139367,30840,21161818,139367
95f2100b2b1357a9,63642,53767005,139591,63442,53776754,139591
96566a70206a6218,88420,78547027,138340,88210,78557689,138340
966c481fe354cd9f,41754,31886699,139779,41552,31899856,139779
96796fe1d83615f6,28915,19027376,131905,28720,19037038,131905
9683109330d4e7cb,12876,2990316,140853,12687,3001126,140853
9692e06b29b915cd,44738,34846599,138922,44565,34859355,138922
96f90556eee93bae,118815,108928734,132254,118617,108938724,132254
96fc4faa86c93f07,61393,51485908,131689,61241,51495601,131689
97409f3878780a09,102157,92271373,140642,101966,92281683,140642
977530ea7216d53e,117742,107826337,131559,117589,107836491,131559
9786e725bf58059a,117136,107271308,138613,116939,107281887,138613
979407323a8a8239,117544,107714167,349464,117388,107741483,349504
97b41b2236a554e8,79618,69752344,158816,79421,69763761,158816
97e61b6b39fc33e8,71455,61587089,139620,71247,61596877,139620
9806ffd31057ed66,56046,46165232,130470,55854,46177930,130470
9832a54e16d8086c,56977,47068393,132244,56812,47078378,132244
98541beae4195fa0,16880,7006210,139419,16680,7016708,139419
985df72721286f9b,116891,107007943,137466,116693,107018026,137466
986b65a377124b0e,51021,41133035,131481,50869,41143313,131481
987d137374c5c75a,61638,51746852,139476,61450,51756914,139476
988e0ce15d7fbddd,51908,42026543,137693,51716,42041453,137693
988f5b2298ab32c7,13162,3284950,131678,12965,3294794,131678
98acb9744d57bf0e,96725,86826117,131919,96561,86836111,131919
98ad18fa50c46bdb,105289,95405943,130779,105082,95416268,130779
991ba02b9d2d3937,63671,53790373,138452,63467,53799780,138452
9927b617021c5ef9,21575,11671837,118400,21421,11679987,118400
99388979ae0c8002,85345,75487481,139736,85148,75498137,139736
9954296dbc961158,34843,24866591,131715,34673,24877629,131715
9989fd5b8a660e60,48871,38990374,139884,48682,39000736,139884
9999da6a0bef7c1f,63730,53866920,137982,63526,53876572,137982
999ec09d19bc2653,84371,74465777,131149,84187,74475581,131149
9a264154b6f67d82,50893,41009826,137595,50697,41020548,137595
9a4058e714fc3121,36580,26665238,132113,36459,26677503,132113
9a6a9a8184273712,95448,85587394,139572,95248,85598120,139572
9a98b5552cf49b97,48435,38566672,139418,48236,38578925,139418
9a9eb725e8f573a4,106676,96812264,80709,106539,96834818,80709
9ab52db14c11da13,40793,30906856,140908,40625,30922059,140908
9abc19f89b0abfe0,88362,78486213,131907,88160,78496342,131907
9ad6fbb5bb83c1b8,64950,55067472,142147,64757,55077958,142147
9ad7788e2be62748,104103,94226066,131228,103899,94235250,131228
9b053be26bc15e1c,119731,109808595,132100,119580,109817706,132100
9b2eddbb802ca28c,58081,48227039,139552,57887,48237010,139552
9b333023aecd6e90,37180,27307406,131174,36982,27319033,131174
9b3f42c8db375372,36433,26572920,102658,36314,26618529,102658
9b93a9e7e936416b,106360,96467934,130977,106166,96477516,130977
9b96ba7dec8ba749,118654,108771214,141108,118461,108781805,141108
9bac2ec7bf8fc943,32007,22104870,130131,31865,22116650,130131
9bb2a82d3e6869b6,70823,60966944,138623,70629,60977247,138623
9bb535d5db9983e9,46756,36870778,138095,46570,36883614,138095
9bc9fe40f7a158d2,24649,14766297,138337,24446,14776475,138337
9bca9d4376b2004e,105433,95563436,115513,105225,95572724,115513
9bde85f558117ff8,52978,43089044,115663,52826,43099814,115663
9be0a46590579ea5,106915,97006444,131946,106770,97016469,131946
9bff401de1bb4fd9,45318,35428857,131555,45131,35440089,131555
9c0fdf2e0e0766d2,10916,1029323,137931,10721,1038972,137931
9c32083594957305,54971,45070993,132100,54845,45163462,132100
9c39378c17197d49,66902,57027510,142428,66708,57038076,142428
9c3dd201ec044cc2,113502,103631003,158449,113311,103642316,158449
9c3e07f864b00c0c,64036,54150079,138798,63843,54160093,138798
9c508d9e0282f5f0,81250,71366450,131551,81052,71375855,131551
9c59afc065250f71,21381,11504840,130690,21188,11514253,130690
9c64fb86df0aa125,89164,79290801,139875,88957,79301331,139875
9c717d72ed62b7ef,90676,80790715,139255,90484,80801403,139255
9c9649c579120480,68456,58587266,138819,68248,58597482,138819
9cbc95aa0fa8a153,35572,25686395,138522,35388,25698321,138522
9cc70064c04fae47,37210,27347318,141282,37012,27360404,141282
9cd3fe59427cc355,10574,704963,131908,10369,715277,131908
9ce4213382d9a1c8,106851,96927886,130112,106710,96936830,130112
9cff9c9c051c1aad,62274,52398321,139595,62080,52408739,139595
9d1ff9b7bdc14b32,90709,80827082,137371,90517,80837658,137371
9d264b0a28361e56,38146,28266252,137460,37950,28280849,137460
9d26ec5120d2a46d,88181,78285972,132251,88003,78295784,132251
9d33aa93d2b96a1c,9883,26270,139869,9688,36137,139869
9d3bb8fcb932195a,25543,15670163,146625,25337,15681279,146625
9d517e3746d12374,30775,20889911,138707,30584,20900616,138707
9d548b09deffb295,80141,70215841,95190,79956,70223663,95190
9d71911cc1e2e65b,114951,105048884,133136,114767,105058690,133136
9d8277c8e099266a,12295,2368406,130899,12046,2378259,130899
9d8882c2e109d2e4,82003,72115298,131377,81856,72124597,131377
9d9b948d49e56b73,46324,36412030,131314,46210,36527751,131314
9db6ed3a38ef1453,93936,84050503,137665,93741,84060407,137665
9dc7f5f525f9acec,114254,104367723,139767,114062,104377991,139767
9dcb1707ba647ad1,57010,47106150,131844,56844,47115438,131844
9de35288c2259f03,112714,102806316,131748,112562,102817275,131748
9de62d421b48ccc0,18300,8428772,142341,18100,8439319,142341
9e012d444075e9d9,92129,82227727,140968,91952,82237487,140968
9e0ceaacfb78b259,20506,10626594,141196,20310,10636922,141196
9e11f125775d57c1,29547,19686753,141139,29349,19696805,141139
9e137f68ed045c79,55164,45250654,138529,55027,45263225,138529
9e15be68e4f8c82e,62959,53070488,138507,62766,53081212,138507
9e19000500d7ea7e,80300,70397200,131544,80086,70406980,131544
9e37040b76c3ca5c,41907,32046412,137512,41715,32058308,137512
9e3dff915fbcc214,80773,70910271,138322,80578,70920829,138322
9e54f516dee7d577,40198,30309701,137363,40009,30321372,137363
9e57d471fad753b8,52929,43069428,101927,52777,43086548,101927
9e5c36fb955aa25e,30451,20565549,133155,30254,20575372,133155
9e67da020117a34a,53740,43886707,138905,53550,43901940,138905
9e6ee66bcd4add87,51607,41725634,131306,51392,41734566,131306
9e74ae320a1d2389,11293,1387045,131231,11128,1396728,131231
9e7f40a11e4c5bcb,99955,90087572,139823,99747,90097693,139823
9e8ede1d3d439d5d,44827,34946664,139137,44635,34958610,139137
9eb51c5061ff092a,43915,34030068,138594,43730,34042383,138594
9ecadd2706188a45,67618,57747232,138505,67407,57757436,138505
9ee874c35b635d76,58235,48346904,139413,58042,48357763,139413
9f0313e8e788b17c,117931,108027523,138346,117763,108037715,138346
9f2ee70c3aefa143,64358,54486499,136196,64156,54496882,136196
9f3a644b0662adcd,66218,56347322,140042,66021,56357791,140042
9f4aec2492a3a77e,88331,78445888,131237,88135,78455749,131237
9f5d95802c083c8b,40543,30645091,130546,40409,30657353,130546
9f83ee658ec98993,82528,72645874,131667,82323,72655931,131667
9f956db153ef2bb0,90171,80268460,131569,89994,80277719,131569
9f9be15f30d0ab05,110374,100487798,140673,110186,100500128,140673
9fd2e7caa934dcdf,117014,107147824,140825,116810,107158556,140825
9fe1a38e2d92f7f1,42782,32889720,138198,42599,32901495,138198
a00956445b5864cf,25034,15152978,165528,24841,15165209,165528
a01871924fcd1c18,57407,47485487,131171,57267,47495811,131171
a0218b7e4f2f2aa1,38080,28189798,138239,37885,28201167,138239
a02c3d9dd6939be9,72115,62205815,131263,71950,62215767,131263
a082355e9c35a67b,98536,88693995,344225,98366,88720284,344265
a08c6a4656dd6b66,27775,17887671,133008,27574,17896651,133008
a0b46cc5802a711c,24187,14301396,116441,24031,14310727,116441
a0b9a320a6f06b6e,34064,24147378,131509,33931,24158069,131509
a0d9033b86913d75,117106,107247869,138816,116908,107258048,138816
a0f35573955852be,62146,52267127,139196,61954,52278075,139196
a108b2121d1d87d6,41310,31429891,159047,41122,31445024,159047
a113e7f0417e53ee,13004,3124800,131645,12814,3134681,131645
a115cdf98b86166e,44678,34785368,132287,44516,34797964,132287
a11e9f92148e65ff,42254,32414724,353468,42096,32455106,353508
a12336065b518545,11601,1767626,360839,11441,1795084,360879
a14a0eab25f60cd3,22749,12876351,132239,22552,12886104,132239
a152a4dbdf616080,73622,63747310,139167,73430,63756979,139167
a17170db97ee3055,97942,88067026,137696,97733,88077765,137696
a17a090bd62d0f5a,57770,47867040,139083,57572,47876798,139083
a1bce3aa5210c788,84189,74268199,132126,84033,74277805,132126
a1be2d27f57d05a1,79587,69707273,138917,79391,69717141,138917
a1d7c6aba86cee35,79933,70060943,78665,79767,70080569,78665
a1e67dd3e585dbc9,66435,56566821,138169,66226,56576908,138169
a1f239daa7e24861,96478,86593725,157197,96282,86605572,157197
a2439eddbab6e5b5,110974,101068420,131384,110814,101080689,131384
a2504bf9e864d420,51400,41505519,132185,51222,41515211,132185
a262606acc7e1468,50301,40425526,131778,50101,40434867,131778
a26de724056a03cd,99092,89207607,139323,98894,89217895,139323
a2859e8db4f582b7,19462,9585354,132791,19268,9595767,132791
a2935a7002ae8127,54305,44429933,138486,54101,44442620,138486
a2950e109cb170cc,86927,77047482,140222,86733,77057471,140222
a2bdc398b125545f,85719,75830241,136541,85526,75840588,136541
a2cd6611c342a16b,53266,43365027,129803,53098,43384537,129803
a2cf2dc8ea11d5bf,22011,12125264,132691,21815,12135410,132691
a2d87253533e0794,12187,2245906,138260,11970,2255853,138260
a2dc172cc3b9d804,118401,108547611,138723,118208,108558392,138723
a31e5c9c8108d390,21736,11825036,130993,21576,11833921,130993
a31ee5f8c31700cc,15287,5406000,138097,15095,5416397,138097
a3209a8bc836de74,83760,73887542,138468,83566,73897279,138468
a322909f1227bd41,90437,80566077,131683,90231,80576151,131683
a3253dcc1d26e7ae,21350,11466995,138834,21157,11476629,138834
a32a773ca89c63c7,104436,94548082,130941,104242,94558553,130941
a32e2864273b9982,33515,23629579,138009,33326,23640616,138009
a3422c872c997a58,35798,25905142,132082,35609,25916814,132082
a39e0589701e8584,40852,30965744,134031,40672,30977586,134031
a3a2712f67d53e3f,29979,20090589,117474,29817,20099707,117474
a3c92684585171bf,67190,57285529,130935,67031,57295453,130935
a3dbc8088fd727ea,21006,11146673,140702,20807,11157392,140702
a3e430f9f6f8c053,56202,46327304,141837,56001,46339373,141837
a3ef29e2ac88bce1,78582,68690743,138276,78388,68701246,138276
a406d09a4b58aa56,66773,56898583,139382,66581,56908865,139382
a412e21823110cf7,77010,67128316,133380,76812,67137963,133380
a41da4bf15688417,83014,73138243,137087,82823,73147914,137087
a460f69810faf854,108195,98330786,138090,108002,98341300,138090
a4707a560ac2b0bc,110095,100227656,139806,109894,100239101,139806
a4ae40ce8fd6e6e6,37897,28030020,139058,37703,28042241,139058
a4b3df2f474e656b,23026,13166829,142249,22830,13177141,142249
a4b8ee645ff8e70a,87992,78086185,132489,87827,78095610,132489
a4be8d85a00d1d70,37036,27147589,132369,36835,27160210,132369
a4bed6154d8b3560,28860,19005129,131803,28665,19015315,131803
a4d907094c6ae4f4,87336,77467505,140688,87130,77477353,140688
a4dcc1ed62ec17a6,113663,103786098,130812,113471,103795655,130812
a4e2b4fb8151ed6d,56078,46191687,131651,55885,46203391,131651
a51dd22bbf37a1e4,46484,36567691,132121,46358,36579272,132121
a51fa2b7ce715571,51370,41465842,133115,51196,41475278,133115
a5259a1162852ee0,42438,32527244,130975,42289,32538206,130975
a5617c7b2bc9de8f,94976,85065878,130625,94813,85076093,130625
a57156066a5ef5c8,20822,10945416,131939,20609,10954776,131939
a5786aed0e0e26c1,91527,81647138,138096,91335,81657226,138096
a578c84d5f856ebd,77437,67550533,138778,77245,67560385,138778
a58021143d7ff2ac,88119,78208077,131802,87947,78218407,131802
a5848bec0cd92503,49500,39607478,141018,49308,39617040,141018
a5db011584a2e808,20698,10825170,131504,20494,10835467,131504
a5f3a0421614b4e5,94527,84647351,138916,94334,84658410,138916
a5f4d2e6da264538,86830,76950518,158091,86638,76962918,158091
a60b49c34eb83763,19494,9656428,364726,19332,9686041,364766
a610a2654f1e47a3,15713,5813733,133116,15570,5823031,133116
a611812c8cb11dd1,116445,106587520,138133,116250,106597893,138133
a618103d2bb20083,68702,58810458,139763,68516,58820480,139763
a62798f22d05b08b,47722,37845472,131997,47505,37855975,131997
a627ba4c3c81c4ae,100899,91006278,131446,100726,91016330,131446
a655e223698c7e33,113228,103350308,141716,113018,103360964,141716
a65b085af159d7ab,119794,109886563,131833,119639,109896406,131833
a65c1dff3c785c19,103510,93647265,138021,103306,93656828,138021
a66f59b593a3efd5,15167,5306931,142862,14968,5317527,142862
a6785fa6a8e63c84,74494,64626953,139139,74287,64637070,139139
a685e352334d7871,105492,95626296,131285,105285,95635644,131285
a696ac5a90cbeb19,15136,5267588,132493,14937,5277963,132493
a698c9384f964f1f,62493,52627062,141044,62287,52637819,141044
a6ab291b8feb7049,15746,5836072,131730,15603,5845822,131730
a6c165e1fa8f1ec6,42028,32146492,138199,41836,32159774,138199
a6c2c09bc6fa27ac,48404,38530243,139501,48206,38541988,139501
a6c2ebff23595e8c,91185,81310545,138159,90979,81322071,138159
a6c889a67837515e,106490,96606260,131451,106294,96615984,131451
a6ca2c153fb55846,59708,49809577,142241,59513,49819259,142241
a6cae3ae18d59022,70033,60141036,119347,69903,60150224,119347
a6e5fcdc8753c46a,57685,47765501,131756,57508,47775112,131756
a6ef0611f8952b8d,33055,23170094,139377,32864,23182357,139377
a6f0aebb1a28c87f,81526,71665752,130812,81328,71674964,130812
a6f5aafa6f0d497c,118081,108187441,138501,117889,108198035,138501
a70782a808c0e7eb,21799,11888843,141342,21633,11903275,141342
a70ee8a35e94310f,80541,70648195,131590,80316,70657948,131590
a737536c664548d3,109589,99708043,141480,109396,99717703,141480
a753a2dae450eefc,89567,79687181,138024,89374,79696832,138024
a771d220ee1af937,94061,84186037,132039,93862,84196295,132039
a7956aed247df3ab,56667,46786668,138942,56475,46796601,138942
a7976f2a9327a4c0,15254,5369062,140729,15062,5379544,140729
a79b08baf9b53b66,51519,41636652,131617,51321,41645857,131617
a7b797df2e0227e3,81059,71177033,136828,80866,71187178,136828
a7d56c889cac078f,31818,21929956,137952,31625,21941020,137952
a7fbc4e70bdbb81a,56140,46266677,138653,55944,46280193,138653
a81ef2d83bcfe063,46546,36645328,131475,46410,36659103,131475
a81f2cc290f0d1e6,117678,107779360,131346,117526,107789281,131346
a840d88d8a38aaa5,90379,80506134,132090,90167,80516049,132090
a8441b53a5073013,68799,58910227,137769,68613,58921305,137769
a8574339d5fadb95,113287,103426442,132456,113087,103437142,132456
a85a0a816d335ac5,111182,101306052,130845,110983,101319759,130845
a869ab0f528a9c0c,119467,109587617,138995,119276,109597291,138995
a8701e7c23834b2c,14825,4946495,140055,14628,4956657,140055
a8807167734aeda1,57626,47688368,133216,57461,47698543,133216
a883dba61bc1d72b,85376,75510778,137517,85180,75521319,137517
a8976bd12ea226fa,110310,100427675,139708,110122,100440695,139708
a8b19a75347c76a4,64983,55108112,145403,64789,55118581,145403
a8b9f0ad0262816b,29635,19750355,141203,29443,19760115,141203
a8cd0a5e5177600b,37586,27707078,141409,37393,27718729,141409
a8d0369750e5d527,71669,61787002,138975,71477,61797024,138975
a8e67d86b284ebe5,113082,103190140,141303,112883,103199944,141303
a9170fc26bfbdd04,13560,3668921,142752,13367,3678766,142752
a918273e8a79fdca,51941,42053020,156249,51749,42066576,156249
a919c6e64e9133ba,86797,76910434,137382,86605,76920777,137382
a91d5ba728244ebc,34455,24574385,116573,34333,24682004,116662
a91fb15830f9dac6,92903,82991226,138147,92789,83001797,138147
a96cbbd78a265de0,49736,39878555,141813,49539,39888655,141813
a97dd4a77cccb5bd,65481,55587173,139839,65297,55597723,139839
a994f06f221a7ef5,65572,55687041,139876,65375,55696889,139876
a9b3abad75857974,54549,44665160,130144,54360,44678966,130144
a9ceb63742d50663,58363,48487259,140127,58169,48497354,140127
a9cfa9a5121b51f2,85315,75446922,137532,85107,75457472,137532
aa3a06d49fc1da39,41630,31749665,137620,41436,31760791,137620
aa461dc3a09907bf,105174,95268734,131600,104991,95278508,131600
aa5ad971549e348c,18869,8989074,142002,18664,8999866,142002
aa87c42396e42cc6,50861,40986582,138400,50667,40997310,138400
aa8ebd9e4c27b1c6,49410,39508094,132348,49231,39517118,132348
aa9ace0ae79dfd3d,28153,18247783,131575,27989,18257051,131575
aabf5489118fb08c,45286,35406673,139008,45100,35420643,139008
aad98cc4416645f9,115214,105349100,139943,115009,105359416,139943
aadb0f40a97cc087,84342,74427941,130803,84164,74437036,130803
aaef1dc1faa4aeaf,38967,29087141,141084,38773,29100562,141084
ab1111e25145cbe9,72083,62167421,130027,71919,62176380,130027
ab17c80a16f9200c,90555,80690887,137682,90359,80701736,137682
ab35d05aecf17646,39200,29346952,140744,39007,29359959,140744
ab3860349d3e00d9,114767,104848312,130640,114607,104858048,130640
ab595ca66c262cb5,28673,18805285,132365,28467,18814734,132365
abd8a1836309ff2e,98909,89008859,133176,98733,89018884,133176
abf7cd680a399e27,31497,21609745,132546,31310,21622358,132546
ac0fd5cea5f2d46a,31659,21770529,139549,31471,21781703,139549
ac1375676999c4e9,91154,81287223,139315,90950,81298145,139315
ac4b095654a994e4,91308,81447354,139724,91111,81457813,139724
ac54d0165d202ead,99417,89538359,139240,99225,89547992,139240
ac5887492e86ba8c,63365,53467343,141071,63195,53478027,141071
ac62d5eaaedb1196,101727,91846456,132429,101531,91856190,132429
ac772240208cc37c,44013,34130657,139687,43827,34141826,139687
ac784d8f835bbda7,105318,95428310,131341,105105,95437796,131341
ac7fc8fddee4b980,103948,94065966,130475,103752,94075980,130475
ac81e0d5e8a16dca,119004,109127801,139711,118796,109137906,139711
ac9412c4e9b6276f,109972,100091297,138681,109765,100103657,138681
ac957e609f4b011e,41001,31129463,141045,40799,31140820,141045
aca48916ac447a9b,20634,10747046,130898,20433,10756650,130898
acc77202de84d151,83207,73327126,138705,83012,73337895,138705
ad02213426a1a0a2,30659,20789793,139168,30458,20800422,139168
ad0ccb4d6a4a35d5,70622,60747067,138902,70407,60757144,138902
ad129961ee256da4,12159,2206223,139181,11949,2216044,139181
ad2de58904276ee8,89072,79190935,140172,88871,79201427,140172
ad3677b87593c83c,10667,806501,141151,10468,816280,141151
ad4fc892d3408473,93388,83507467,138736,93167,83517403,138736
ad8bd7366cb823ba,72685,62826766,137865,72490,62836854,137865
adb126340decad2e,33677,23789445,142665,33487,23800769,142665
adcc6dce61a328e9,45477,35605456,131190,45286,35614591,131190
add503cc3162c825,51150,41245626,132186,50995,41255253,132186
adf0d19701dcd24a,20570,10686161,137742,20372,10696334,137742
ae0afcee6bf186f3,23375,13489841,139539,23180,13500698,139539
ae18a47211bea27b,117511,107627735,139217,117319,107638189,139217
ae23397b36959596,82068,72161301,140047,81920,72172007,140047
ae4f84fe45464bb5,12592,2733230,158144,12398,2744714,158144
ae60fbbfc38046fa,74926,65047763,143395,74731,65058472,143395
ae93eecb9de75f67,64231,54347096,139731,64034,54357878,139731
ae95335e63057138,92871,82967858,138797,92759,82978101,138797
ae9bf28c31b363e7,102101,92247665,139564,101907,92257838,139564
aead3d264384e323,69116,59205699,131467,68959,59215303,131467
aeb35431cb45f2d8,32382,22487662,131992,32201,22498895,131992
aec756d09f566b94,75838,65951745,131635,75685,65961101,131635
aec85ab7964de142,34127,24225573,132424,33988,24239649,132424
aee735f7a35b2daa,27280,17406773,141667,27082,17416956,141667
aef501eceb5e8d1c,29733,19846831,139371,29540,19856427,139371
af7191c0fc33a87b,100360,90487973,140406,100168,90498345,140406
af8a305d1abe8e7a,110342,100451245,139732,110154,100463307,139732
af90808aa848b526,82164,72246288,131402,82013,72255413,131402
afb591d66db3f66b,55853,45975659,190081,55666,45991762,190081
afba62d6a78cc5a5,52506,42646764,138437,52309,42661539,138437
afe6447bca68d34a,81676,71788202,131708,81482,71797455,131708
afef59d915692496,105375,95506202,130723,105166,95516208,130723
aff496426b08b964,33118,23246521,139410,32926,23261520,139410
b0010e6e611d34ba,74318,64426959,138849,74128,64437396,138849
b005cc0545131d64,81026,71153960,179777,80834,71167283,179777
b0202ec60c7b8535,112422,102547613,139398,112224,102561497,139398
b0862bf0a6d1d929,50796,40909663,137278,50603,40920037,137278
b09569e854663766,112016,102151331,140065,111825,102162595,140065
b0a19fde54073e32,70486,60568275,133952,70278,60577814,133952
b0bc0ff350e07d65,32353,22465407,131574,32177,22478412,131574
b0ca0b788b206304,92365,82487426,138546,92148,82497589,138546
b0e2086690668b26,22493,12610763,140309,22302,12620564,140309
b0ee5aefb424980a,104991,95071156,136982,104837,95081585,136982
b101a448aea6790d,66311,56429614,141270,66109,56440310,141270
b1121bf5402a5b6b,49441,39545420,131802,49257,39554867,131802
b112325565a2822f,25419,15545478,133849,25219,15555147,133849
b11ce902a78f7ea4,48249,38368006,132521,48055,38379141,132521
b1227bae928ab8b9,102836,92964284,59506,102738,92969658,59466
b12ec4cb03f3e83a,107982,98106396,132069,107775,98115605,132069
b14e2e2da889a239,53140,43225585,131084,52983,43236950,131084
b150b25e2a375343,42292,32431855,102703,42144,32465338,102703
b161c90f7e19fc4b,91655,81770943,138332,91460,81781035,138332
b16a90d2c8bdec91,20168,10289668,139018,19956,10301468,139018
b1881704d211ec08,86992,77107454,140001,86796,77117413,140001
b19a086169aee05a,72507,62630423,138169,72299,62640460,138169
b19ed364c512f563,78192,68305964,132865,78005,68316328,132865
b1d0759f04475ab3,47608,37725748,132643,47421,37737798,132643
b1e1a98b7e700956,90202,80305711,130715,90020,80315269,130715
b1f001db15ca32a4,100613,90711359,118739,100457,90720266,118739
b1fd835baa20bce1,59466,49547783,131870,59307,49557412,131870
b22169e91ce5c3f8,100580,90691105,115907,100424,90699685,115907
b2246ac1dfbdcdee,34159,24248236,132467,34017,24260040,132467
b22516e01b11a3c7,108134,98271327,136851,107941,98281276,136851
b2287eede0a9db66,20320,10466583,139747,20127,10476798,139747
b22f913a684686a3,117261,107407625,138860,117068,107418585,138860
b274e8ebceaafaae,100869,90966308,132500,100699,90975755,132500
b27886da49b77756,29013,19141287,162914,28816,19153108,162914
b27a12210b9c9d91,48620,38766446,138442,48426,38776862,138442
b28241e55bc94eb1,115973,106066283,131329,115802,106076699,131329
b28609ae08163266,51635,41765349,131225,51424,41774740,131225
b289760845d22de6,114415,104531239,139166,114220,104541965,139166
b2969c96583b6f13,71831,61994507,344955,71667,62020542,344995
b299aed7e207fbf3,40510,30607492,130769,40378,30619626,130769
b2b101a403d328f3,30012,20113273,133900,29850,20122482,133900
b2cd5d7c38c887a8,28435,18546614,140198,28247,18556356,140198
b2cdbfdac1e0dfb2,84601,74725756,130826,84385,74735612,130826
b2e2993a0759abf3,14039,4129517,137655,13868,4140167,137655
b2f4f98efa4b02cd,69604,59727202,140740,69388,59737683,140740
b33b5b08813f29dd,47840,37986874,139040,47648,38000736,139040
b34d4533b68f1fbe,60689,50827434,142254,60488,50837631,142254
b35dd873d43df99e,42374,32473530,131611,42226,32485700,131611
b367bf706b2f4129,11510,1625004,131470,11324,1634085,131470
b38a83b162473409,119096,109227772,140086,118891,109238765,140086
b3932c00ba990fe7,61667,51770571,140360,61473,51780823,140360
b3b06eae8904c926,58202,48313635,158023,58009,48325341,158023
b3b34438e9e352c6,12973,3085123,131903,12783,3094692,131903
b3ce171fe9442c65,82761,72905763,131413,82565,72916493,131413
b4236480ba6e2f81,50487,40625063,130079,50284,40634702,130079
b43508e4de402b31,21860,11965213,130228,21688,11979711,130228
b459d343da3646f9,74136,64225799,131592,73970,64235607,131592
b460ee45264ca290,44974,35106011,132975,44773,35116967,132975
b47923d53a9a1aa0,54679,44790040,138973,54487,44802009,138973
b4b780413a6e5ea3,9980,124844,131660,9785,134681,131660
b4bb5eaf6cb255ae,13721,3831850,115842,13570,3841043,115842
b4c353280dcbdac2,48123,38246646,139314,47930,38260349,139314
b4cd09afc8d40a7d,86433,76550192,137368,86227,76559800,137368
b4cf2c338b9fb863,73315,63446894,138437,73114,63457116,138437
b4dc97c82fdaf01d,80110,70196888,94356,79929,70203604,94356
b4eefdf9564481be,63023,53146447,137449,62829,53157751,137449
b4f707f0cfd4f0e1,119065,109191396,139109,118860,109201596,139109
b4f7f25c31158596,112585,102694963,117109,112436,102704808,117109
b4f93032cb1d4bb1,59013,49129675,141859,58821,49139835,141859
b505a0ffee73af58,29930,20070715,104531,29767,20086841,104531
b5372204e4a0936f,114320,104431457,141130,114127,104442278,141130
b565cf6412600fc3,63701,53826751,138084,63493,53836465,138084
b56b1354e02ca091,48903,39026737,139716,48713,39036990,139716
b573a060a5b50709,20376,10488620,130610,20183,10498544,130610
b5758ded72634128,62616,52750567,139065,62420,52761247,139065
b57a2e506b8a415b,45877,35990718,139603,45685,36000389,139603
b580b50958ab7bde,78901,69027071,138786,78701,69037828,138786
b5b5b3339ff06f6e,106947,97028697,131716,106798,97038669,131716
b600a059071246d3,102036,92171155,139744,101840,92181120,139744
b620d9b5ac3d0d8a,108856,98948371,131676,108694,98958825,131676
b6321a3422690e1f,56536,46650807,139507,56345,46660515,139507
b63b4b1e71dc3e64,73977,64065762,131898,73821,64075035,131898
b6455e258f22034a,63205,53305635,131577,63040,53315943,131577
b6492ba23883840a,112047,102187591,139077,111855,102202636,139077
b66b5c9a3187b532,58827,48967063,140108,58631,48976768,140108
b6799217278f7e03,89436,79549830,131382,89244,79558762,131382
b6846e2b89a10c0f,62337,52450211,139259,62141,52461066,139259
b6857a63b16dfe70,104662,94839437,376673,104514,94868586,376713
b68c723663edf985,80657,70790395,158492,80451,70801988,158492
b695164cd9bd41ed,15778,5864753,131068,15633,5874656,131068
b69616b360d467dd,94914,85006240,131321,94755,85016148,131321
b69e32a5fbb40e9a,20441,10546060,114698,20247,10555106,114698
b6a27b50197c3264,54427,44566523,137824,54239,44578469,137824
b6a37fcf3e091de1,30141,20245342,132680,29975,20255171,132680
b6a5abb88f5e7e47,27250,17377839,140680,27052,17387698,140680
b6a5cdbe2d2a70cb,12940,3048602,131454,12751,3058802,131454
b6c50e8c42a98eab,54054,44169624,137207,53864,44180656,137207
b6c54ce38a1a70fa,65262,55366016,132293,65095,55376471,132293
b71e95aba927bb76,90998,81126463,132650,90801,81136046,132650
b72c574a9b0763fd,111955,102087856,139815,111749,102100490,139815
b73a7a494c3ec964,80453,70548097,131555,80210,70558001,131555
b76b1eda5dc6e7b4,55757,45870211,137836,55569,45881384,137836
b76d714079409585,41182,31326523,138073,40992,31338996,138073
b79ac3db49f4a794,95157,85267091,137799,94967,85277173,137799
b7a39a48d70f1571,113437,103551601,137468,113246,103561880,137468
b7a7d2a70f7fa373,74166,64265734,131772,73997,64275592,131772
b8133cf775e1d3da,27090,17206906,141138,26898,17217010,141138
b864ae314decd580,43298,33417750,136596,43111,33431212,136596
b869d1506b2c2d68,69487,59607489,140367,69291,59618059,140367
b8921ba4d88b9000,113791,103908818,131791,113594,103918522,131791
b8a105e285f13bb1,11979,2024305,115107,11810,2033320,115107
b8aa8b8d8cb78230,47780,37910697,138243,47580,37921621,138243
b8b2e12a54513360,73284,63413904,136949,73083,63423887,136949
b8bb9f4214bb94ca,104073,94188415,131093,103871,94197820,131093
b8d6346a1a59dfcb,102190,92307446,138890,101998,92317500,138890
b8d9b3e6e026765a,114981,105086378,131679,114792,105096276,131679
b8dc2b7a14960105,80930,71050236,157081,80738,71062117,157081
b944f6573edc4ed2,61518,51607587,141814,61352,51617554,141814
b94e9b5eb431caf2,57798,47898670,138824,57592,47908518,138824
b959f9d333748784,96575,86733335,344748,96406,86760121,344788
b95fc3261d8ef485,102996,93042082,97296,102884,93049865,97296
b9a0fbf824535834,88242,78346037,131785,88058,78355577,131785
b9afb5a9a4ad8516,67676,57806925,139008,67467,57817746,139008
b9b3cb9d3b1023d3,36770,26865188,130933,36631,26878345,130933
b9bd24426c1c4d43,108919,99026226,131826,108753,99036473,131826
b9e655caa60a2f8e,35765,25882529,116063,35578,25892896,116063
ba27297156ef1bb8,82821,72965889,131428,82628,72975832,131428
ba482f0c03094e15,72777,62890470,137293,72585,62900859,137293
ba77b7cac68af974,11197,1286846,129880,11036,1296387,129880
ba7d9f534dffe708,105898,96026195,131918,105699,96036260,131918
ba8b22e8dad56a9c,49126,39225556,131279,48966,39234954,131279
ba9439bb05061daf,64701,54846864,137548,64507,54857549,137548
baa032dcb480afd9,82352,72446023,132024,82180,72456054,132024
baa5676d9ba40b7f,119189,109327430,138165,118991,109338386,138165
baad97b32edf71bf,21892,11987439,131744,21715,11997627,131744
bade23e136a3d2ad,27312,17430387,139926,27112,17440446,139926
bb0d1205999a6b42,116326,106451538,139620,116118,106462396,139620
bb0d31a3852d23d8,19805,9904807,131225,19641,9914795,131225
bb1adc6f82db6379,68142,58266837,138209,67948,58277038,138209
bb5e2b215c323ddd,59306,49393740,131667,59155,49403256,131667
bb608291ed577634,10544,666948,131131,10339,677394,131131
bb65fc83ab501e9d,29700,19809908,139651,29508,19819543,139651
bbd3b55a742afc1a,110912,101006776,131212,110760,101017853,131212
bc032a83ffcdc4ad,29830,19946868,141229,29636,19956511,141229
bc19bb5fe055ec2b,57742,47826809,139079,57551,47837010,139079
bc6f3c0218c3fe3e,68486,58627012,140177,68287,58637823,140177
bc7b216158fe6dd2,26895,17010284,139818,26704,17020508,139818
bcbf5876d91a62ec,75181,65306189,132927,74974,65315634,132927
bcc9dfd07320aecd,59795,49910235,138637,59582,49920316,138637
bccf57d8001481f6,37328,27446239,137772,37139,27458038,137772
bcd876a4135e843c,27612,17725574,134359,27413,17734676,134359
bcdd022fc03db8bd,23634,13725170,131871,23479,13734312,131871
bd235c1c6adc2385,13915,4006803,141448,13757,4017802,141448
bd235cef2f76c873,24766,14890579,141659,24558,14900359,141659
bd2493ff047f5502,17003,7129885,139180,16796,7140269,139180
bd267c5ba70d5d3a,88601,78747511,139570,88408,78758893,139570
bd27192d5c28eb4d,21829,11926325,139622,21660,11940722,139622
bd41888385b0c76f,93415,83530727,137930,93195,83540077,137930
bd6110d22f4b3d4d,93309,83407262,138431,93094,83417163,138431
bd70be712f40adf0,41996,32110077,138226,41803,32123020,138226
bd7da2c886a1be7f,95273,85391287,139814,95061,85400979,139814
bd992b2c72c29a30,80627,70747777,138822,80408,70757918,138822
bdae8615170c4593,27902,18026457,139282,27697,18036708,139282
bdb47fe8f17374c4,117993,108087791,138248,117817,108098058,138248
bdc9dc0ef0ec37c7,35539,25655849,156337,35355,25670884,156337
bdced85dc75ee612,107274,97398943,138474,107065,97410380,138474
bde79e873d119158,92482,82627443,138581,92288,82638766,138581
bdf186222fe09020,112842,102928650,132309,112681,102938466,132309
bdf579668100b617,16349,6486221,139243,16146,6496274,139243
be0a9a97a0201b03,85589,75707058,138573,85397,75716676,138573
be1a89ca49b0734a,16440,6586627,139642,16247,6597250,139642
be257923a94fbc1f,14889,5009765,139899,14690,5019578,139899
be2a838417c26eb8,115685,105797960,130563,115530,105807479,130563
be546ea206769e22,9913,48464,131602,9718,58832,131602
be59bc001ea6e909,21952,12047292,132118,21766,12057335,132118
be6e0aeb5aa3225b,35413,25553246,159691,35225,25567712,159691
be72bed1044a1016,57168,47289040,131692,56994,47298558,131692
be7e9088838e1218,12622,2768981,155487,12430,2780487,155487
be84b6a9dcd04ede,114007,104146208,131375,113805,104155648,131375
be881b7b346826ad,71363,61487605,140109,71160,61497566,140109
bea5c91bed93de7b,70129,60201887,119759,69995,60211342,119759
becd3380242f2dcd,80332,70425543,130334,80111,70435620,130334
beed2f9d51d51cb7,10981,1106083,138583,10785,1116268,138583
bef10efa23df18e8,95186,85290273,137393,94991,85300377,137393
bf0175ac2cde768a,108415,98529826,130835,108223,98538980,130835
bf0847b32bd99fb1,35604,25726762,139027,35420,25741769,139027
bf307709a15e7bfa,97222,87347257,138373,97014,87357545,138373
bf358afdd25e070f,107793,97911368,139432,107596,97920868,139432
bf420eebe3f6853d,81621,71765960,132274,81425,71775292,132274
bf4f47dec06abe43,67825,57967074,138779,67629,57976693,138779
bf5b1d0a10fa9b07,85935,76034176,132703,85772,76043975,132703
bf5d321001d213ab,93555,83690434,139180,93357,83700565,139180
bf9d474d4362f7c5,97371,87510858,138890,97178,87520607,138890
bf9fe305e3467e1f,32529,22649331,142285,32320,22661407,142285
bfc79eeafd00ece8,116269,106388087,138834,116049,106398264,138834
bfcc70c39370119a,112358,102468726,132270,112162,102480286,132270
bfe9dd8e19ed93ae,28281,18385310,132285,28110,18395461,132285
bff48f1b7df1ff8f,30110,20205228,131450,29945,20215025,131450
c019c2eb995888c7,22591,12704786,130416,22398,12714642,130416
c03b1c6cb8c148c0,17375,7489491,143606,17184,7500580,143606
c03cdcb23c051f7f,61362,51445662,131754,61212,51455383,131754
c047c698ce26d622,88979,79090862,139112,88783,79102272,139112
c04b0eb3b4479a67,54273,44406507,137648,54072,44421330,137648
c07993ea000216bf,115273,105419532,140438,115082,105430464,140438
c08a8edbe80f7a78,89469,79586026,131760,89277,79595090,131760
c092bbbc71371302,111064,101168392,131644,110889,101179387,131644
c101d11e5766d2f1,69368,59467637,142679,69191,59477961,142679
c103b42411fa3d25,45189,35305546,132728,45003,35317868,132728
c13333fb521c7d77,98188,88327217,138045,97991,88337594,138045
c155600b1fe8e89f,92336,82450625,139464,92123,82461836,139464
c1577550e97453a3,82100,72186789,137546,81952,72196884,137546
c15a10992dc4423a,19116,9249985,139909,18919,9260123,139909
c16dc18c34d48ed7,96854,86947962,130905,96686,86958166,130905
c170ef51968c4a44,106977,97066051,130853,106825,97076015,130853
c172957576cd0cdd,85852,75992127,102000,85689,76008502,102000
c17753c61880168f,72477,62607137,138455,72267,62617596,138455
c17977b181a0a4ad,80207,70283907,120561,80010,70292423,120561
c19aeee96c425242,62708,52846941,138956,62512,52857204,138956
c1b3403724b9a3f8,14188,4287427,132588,13991,4297039,132588
c1c5d796898779ea,38306,28426351,137723,38105,28438023,137723
c1ddb8004585b706,110156,100289953,138649,109961,100301081,138649
c1f1664cb0f73665,54613,44726795,139326,54424,44738681,139326
c21bf3d144963b30,57472,47531299,132467,57328,47541019,132467
c224e2f3ba4a6cb0,20286,10426404,139145,20093,10436515,139145
c232622ded9b3442,118022,108127897,138779,117841,108137954,138779
c256219b6015a022,13255,3384940,132132,13052,3395023,132132
c25defc9bdcee59f,66026,56150003,157029,65834,56161125,157029
c25e569da6601651,93903,84027284,139231,93709,84037902,139231
c26cbeaae2ac6c76,45034,35169583,131533,44843,35181433,131533
c282583ff9383eb2,100078,90208404,132238,99878,90219498,132238
c2853b329204acab,53505,43626658,138299,53297,43640827,138299
c29015d1d4d4b51c,26336,16425309,132566,26171,16435037,132566
c29438e39c7af85a,44945,35072369,132697,44744,35083210,132697
c2b863df75d53074,68014,58133742,137587,67821,58143115,137587
c2ba7eb77e65c5d9,79900,70047903,352514,79737,70074706,352554
c2df15d4789d5af7,21639,11722993,117437,21484,11731300,117437
c2e02464c9e0f1fd,99894,90027291,138862,99688,90037893,138862
c35d4176e970cad5,51783,41926626,138500,51587,41935991,138500
c36b96e9d03355a6,99330,89467531,139874,99128,89477375,139874
c36c9056e3439a4e,96692,86794871,130458,96529,86804644,130458
c37f3324055c8384,30481,20605300,131790,30279,20615532,131790
c39404b3a380c89a,108694,98792186,116643,108537,98800812,116643
c3a69b8ccfa21c20,38938,29045526,132929,38751,29056816,132929
c3a8e11084073132,40822,30928990,131243,40648,30939656,131243
c3d32a67f0dea5fb,31097,21226757,139983,30901,21241278,139983
c3dc045d75c69f6c,96136,86273349,136503,95943,86283243,136503
c3eaa8885cd4a431,94944,85028403,131361,94784,85038326,131361
c3f41cf28c3834c7,90015,80106014,131297,89854,80115006,131297
c40a01b00db8d425,97972,88090671,139628,97762,88100550,139628
c40baf1f36cac9fc,67158,57248108,132034,67000,57258181,132034
c41352fd6c3a6490,53958,44069628,138341,53770,44081146,138341
c4238f9a296bc2e5,111675,101791600,139627,111482,101803147,139627
c423ea49e44083e8,116415,106550928,139863,116220,106561718,139863
c42a0cbabe870caa,96447,86567211,138326,96251,86577380,138326
c42d07a77978434f,13819,3904753,131027,13666,3914553,131027
c43032d10506414a,24441,14529393,140866,24270,14539841,140866
c4449149b1762a38,98221,88368039,139835,98028,88378682,139835
c450887047b70a61,109621,99747697,138575,109427,99757903,138575
c45fa517ce39fbc0,117806,107888712,131881,117650,107897896,131881
c4617d9fe3009b58,75366,65505798,131695,75165,65515118,131695
c472aba4a3a72851,43489,33609114,132190,43294,33620240,132190
c47effb2b9a2714c,81342,71466049,132770,81140,71475518,132770
c48b2db863853bdd,45446,35565247,130663,45256,35574300,130663
c4ae9467d7057f24,35830,25944936,130238,35640,25955635,130238
c4bc76e6e1a596d8,84659,74789786,142805,84455,74800124,142805
c4c2ba85519145bd,72595,62727171,139331,72389,62738328,139331
c4d180739100eb48,72018,62105702,131053,71858,62115527,131053
c4eb3d35d1bfd92d,43552,33669523,142617,43354,33680931,142617
c4f711181519bd6b,82381,72486122,132046,82204,72496328,132046
c4f9de9a7119f10c,49950,40067122,141321,49758,40077409,141321
c4fce738f11d0ee3,118751,108866510,132372,118556,108875965,132372
c4ff7236f564eaca,60657,50787922,132043,60457,50798000,132043
c504564ac8ec043a,103566,93707451,138996,103367,93716924,138996
c518da35f4e370fa,16658,6772480,137947,16465,6782166,137947
c53369eaca28fae8,71517,61650725,138801,71320,61661287,138801
c536997176f4b6a9,50046,40167231,142110,49854,40177873,142110
c5371b8b1faecedb,32167,22265187,130843,32017,22278471,130843
c537c481d49ca89d,24316,14424228,131504,24156,14434124,131504
c54584ef10b0e59a,38995,29117970,138646,38793,29130020,138646
c553b45ba9e6c4c1,115587,105755068,349179,115428,105781080,349219
c55bd1dce855b05b,98783,88886031,131424,98615,88895462,131424
c5c3d418562c33db,18390,8527369,131494,18196,8536929,131494
c5f5ef948937b37a,49530,39647624,145041,49333,39657701,145041
c60676d983f5532a,18063,8169226,141752,17872,8179017,141752
c6747e0b16a46b88,79426,69546927,138185,79234,69556685,138185
c67ef5e5ccf604b3,72971,63087330,140678,72777,63097592,140678
c6a1a25d3806c21c,44709,34809336,142076,44541,34821798,142076
c6ca56ff68f00f30,24380,14468961,132535,24215,14479061,132535
c6e68b5e1a76df6c,24072,14212205,105011,23916,14231245,105011
c6f21b5cb47dfe46,59435,49525546,132035,59278,49535478,132035
c7182876a44d4716,118140,108247781,139606,117937,108258328,139606
c71cffa9b50f4a5e,108511,98626535,133503,108318,98636551,133503
c71e824b45b1117a,53417,43526589,138469,53226,43540765,138469
c71f8ae76a2c4024,50333,40465820,132642,50131,40475671,132642
c72c6d784aa42686,97589,87710392,156522,97396,87721075,156522
c76190e67a66306d,60219,50347228,140584,60026,50358187,140584
c799c8caf99f1693,71174,61290642,139233,70980,61301040,139233
c7ac64ab36b627e3,74258,64367253,138605,74077,64377616,138605
c7cd404cf36c1f7e,72565,62690333,138205,72359,62700346,138205
c7d8b60efa06b9c0,103378,93468203,130919,103133,93478213,130919
c7ec97bd9e1b64fc,39795,29925358,132045,39587,29936534,132045
c7f1a7ace5d9ff0a,113976,104106422,132443,113769,104115981,132443
c7fff3bcea0448f1,53893,44013698,158731,53706,44028073,158731
c80f9c0f6bd53507,20138,10266130,138639,19931,10276216,138639
c835f2e3a836acc6,60596,50725566,131674,60389,50735278,131674
c86fe8839f216535,97342,87487326,137858,97147,87497587,137858
c87090b045a0444b,37618,27746576,139465,37424,27758945,139465
c875a30285b956a4,106426,96547835,141689,106231,96559010,141689
c89744605a64808c,41661,31786347,138472,41465,31799711,138472
c89d992e9f1066a4,91462,81570720,138988,91271,81580939,138988
c8c1ad3823efa66e,56569,46686726,138802,56378,46697016,138802
c8d30e86b4ec4f22,113759,103886582,131984,113563,103895922,131984
c91a14b09262eccd,35221,25327211,142483,34988,25340016,142483
c92a5bf6689b52e3,78614,68727258,139638,78420,68736831,139638
c97c0b69fee86bcd,115632,105775929,124824,115477,105789679,124824
c982155c1d652440,33460,23606232,138270,33267,23619168,138270
c989e136c0f6dab1,55464,45569635,137367,55270,45582397,137367
c9cc769b1ee39f92,113535,103658717,137489,113344,103668850,137489
c9ce5793b4b00c93,76690,66806762,137788,76498,66817317,137788
c9d43e5da1216141,89317,79449570,131283,89121,79459896,131283
c9d86c52e87cfc4c,13592,3704811,130708,13399,3714041,130708
c9f2aa95cbb88ef0,87861,77972458,117260,87699,77981509,117260
ca000f1671eddaff,82036,72137613,131855,81889,72147031,131855
ca07a334cf5890e2,82861,73007515,141362,82668,73018510,141362
ca229a35e0f0f11b,30873,20990204,139341,30681,21001768,139341
ca2e9f53d92d2e13,102416,92530525,132678,102221,92540611,132678
ca3901522ab4aadb,76978,67105807,130536,76781,67115544,130536
ca436cb18b8bf6a2,40606,30705180,130877,40467,30716363,130877
ca7b1d314b1be035,44460,34547142,130296,44324,34558599,130296
ca80a6f2b0ba8146,77318,67450519,139650,77121,67461028,139650
cac91b51fcb5d6ca,118198,108311524,140127,117982,108322209,140127
cadd754294b375ff,92068,82165896,130728,91899,82175447,130728
caf0cdd947e74ec7,65631,55750936,139438,65425,55760570,139438
cb0c720edecf7e93,52600,42746819,139882,52408,42759940,139882
cb0eea1e1e868833,34653,24743995,95698,34521,24767287,95698
cb22d38e8188a24d,61487,51567731,130917,61325,51576822,130917
cb2d49cf5fe5ab90,111004,101106103,130506,110839,101117216,130506
cb3a388a22719abf,20198,10326483,140044,19987,10339045,140044
cb45e37bd52e7b75,69428,59530454,138865,69242,59541300,138865
cb4c424400200141,117198,107331215,139928,117001,107341739,139928
cb551f0f6aeebb98,88689,78807544,141206,88499,78818723,141206
cb619defd68dfab3,75150,65268700,133119,74944,65278295,133119
cb803dd545c55049,44555,34647383,131756,44411,34659104,131756
cb869040deda7875,19867,9965821,131403,19698,9974829,131403
cbaa09ecbd8893b8,32647,22786725,140910,32450,22800674,140910
cbb06ed087ffb453,50700,40809962,137811,50507,40821233,137811
cbb7681288bdeaea,116827,106947726,139817,116632,106958581,139817
cbc4e8350c99671a,69575,59690707,138315,69363,59703151,138315
cbc98e859d69b009,73686,63806817,138133,73495,63816619,138133
cbd4eec3f4a56209,17277,7389233,131922,17086,7399809,131922
cbef2a9a27a7a671,99210,89330809,138676,98995,89341107,138676
cbfe6534fe2d21bf,78461,68607335,140037,78267,68617941,140037
cc0814afdf2fd355,61898,52030250,139384,61698,52040785,139384
cc18fdb9ecc00600,49826,39966792,139092,49629,39976288,139092
cc1bccc314cf5c74,89951,80045859,131408,89794,80055650,131408
cc2dd0d561d109fb,100230,90347517,139423,100038,90357458,139423
cc3470817aac69c2,47371,37465804,132819,47236,37478205,132819
cc3b94f44a9c62ff,66806,56930224,158208,66613,56941838,158208
cc42d6b155705eab,19533,9669506,78925,19377,9692188,78925
cc6d8901b1f64616,93710,83829973,154767,93518,83841595,154767
cc6e2bd59cfd0f2a,108043,98168542,133458,107839,98178004,133458
cc7090e42805e307,108887,98986263,132068,108723,98995636,132068
cc829e565311fda5,44768,34886580,138714,44589,34899951,138714
ccfd9fc4f2edf861,82702,72828144,132791,82498,72838306,132791
cd1511a0a4fb767b,30599,20729943,138879,30397,20740830,138879
cd21a2f4d0eb6a1c,29894,20053310,350198,29726,20080026,350238
cd37c95e2942876c,101599,91720849,155363,101406,91731838,155363
cd4e207d2a5595d6,49706,39847360,142559,49508,39857988,142559
cd6727ec1492bc30,41121,31266392,137866,40928,31280234,137866
cd6fac4cecc3ce91,46515,36605884,131972,46384,36617603,131972
cda799901b8045c0,96228,86367282,138501,96036,86377471,138501
cdaa1d0912a85bbe,62677,52810286,138851,62481,52820971,138851
cdb887ec3e59e688,38394,28534350,104798,,,
cdc95c061a9ed539,30174,20267589,131857,30006,20277643,131857
cdd70bccd1f5fea9,40101,30226499,138116,39913,30239826,138116
cde24e9db3c50e50,105802,95926197,130788,105606,95935501,130788
cde6fa37b217a147,26993,17113573,159802,26802,17126577,159802
cdf028171a3c9b51,73161,63286978,139178,72961,63297992,139178
cdfad12a44acda57,65690,55810546,139340,65476,55820131,139340
ce08eb4b28128712,53621,43749938,138773,53421,43760955,138773
ce2405be3b9643a3,19366,9484753,130650,19173,9494386,130650
ce6ce5bf107376de,91813,81913357,132469,91657,81922682,132469
ce7b211566aeefbb,107159,97267383,139094,106975,97278224,139094
ce82da12ef211972,96543,86667391,139730,96344,86677813,139730
ce853ac2251969bc,118255,108388106,139991,118048,108398759,139991
ce8922668b450a52,75679,65790588,138637,75486,65800378,138637
ceb704eb61841c19,35067,25128547,130168,34815,25140403,130168
ced22be7583a1cb9,89984,80068000,131255,89825,80076969,131255
ceda754b1068e50c,46932,37066906,140823,46733,37080188,140823
cef1394b590d24e9,36015,26145049,131175,35813,26158630,131175
cf158f86a7b6af8b,66249,56369566,131900,66050,56379167,131900
cf1d1ec331eda9a9,89772,79912317,103139,89617,79927793,103139
cf2fe311520698b9,101884,92006572,131399,101681,92016191,131399
cf5646eba38c52c4,102869,92976633,73049,102769,92982426,73049
cf5dca8335585adb,117349,107467954,140799,117158,107478270,140799
cf9c7721c165f770,29797,19909704,138478,29604,19919078,138478
cfb0085310e39ef2,31161,21286430,139260,30963,21300708,139260
cfca5f5221376845,63942,54087049,139088,63749,54097553,139088
cfe6e5aebfdd9a83,25293,15406206,117336,25097,15415365,117336
d004143431f978db,39948,30087240,142266,39753,30098992,142266
d00f566fe36b91c6,96106,86250319,155518,95911,86262128,155518
d025932f8ac68d35,91731,81871255,102370,91576,81887407,102370
d03653669ea7f032,70373,60445980,133045,70197,60455533,133045
d06f9f89209eda65,98472,88587468,139249,98278,88598070,139249
d079e62b4296d2e2,70098,60181580,118639,69966,60190768,118639
d0d81f773676b947,51246,41345730,131866,51085,41356190,131866
d0f1754566655b1a,99986,90126182,131012,99785,90135130,131012
d0f77a0ec2a7b453,44617,34727586,143217,44465,34740961,143217
d10b9b0a285e6466,37394,27512855,156593,37205,27525506,156593
d11dd37671465608,50765,40886499,137866,50571,40897306,137866
d1401a11059d4181,82917,73030903,138353,82726,73041040,138353
d14788e4ce591a55,25855,15966665,139336,25664,15976112,139336
d14d6f6ae59f633c,111985,102127638,138180,111790,102142258,138180
d15f485c2ddaa822,18580,8709333,155359,18385,8720936,155359
d16d8e0123ea646c,50394,40525401,131108,50190,40535350,131108
d1701349011bb968,105347,95466124,130941,105128,95475801,130941
d176cf03c587053f,84809,74927330,139677,84617,74937277,139677
d17c86e098d54ea2,109043,99157631,131590,108863,99167167,131590
d1a4cc0fe0cd661d,64421,54546573,137537,64215,54556647,137537
d1de3984cc3bdd01,100108,90246030,131178,99908,90255702,131178
d20e84cb312fea89,55950,46066903,139151,55761,46078997,139151
d2164542f58ab96e,60155,50274526,162295,59962,50285965,162295
d21f2ecaf477ba7d,67560,57669653,142526,67359,57681310,142526
d223dbfa7f38a54b,103755,93876860,181470,103563,93889721,181470
d236b93bb166ac37,32587,22725626,133010,32387,22738992,133010
d2433f6a7b1c01db,108950,99048476,131703,108781,99058355,131703
d24fbb87c6fc4015,87367,77507332,139752,87167,77517628,139752
d28ab5a5afeace8d,75615,65727920,138187,75423,65737685,138187
d2bb8eadac53e569,92307,82427099,138310,92100,82437272,138310
d2c9309e1892142b,52690,42805431,128900,52501,42816202,128900
d2d23564c23935ac,46638,36745416,132237,46483,36760745,132237
d2eb6cfd8a47cedb,91845,81935486,131434,91689,81944412,131434
d2f232ebf8623cb8,58266,48386911,140102,58074,48396924,140102
d2fca44d1ec69b55,117774,107848540,131571,117619,107857610,131571
d321c4d89b4c5b7b,18773,8888792,141039,18573,8899906,141039
d3330e7092f4abbd,26488,16585455,133266,26302,16595138,133266
d33b994df875add7,70649,60770771,140713,70436,60781118,140713
d34585624762f59f,87678,77790629,138248,87485,77800056,138248
d34be3810c820df4,69213,59305711,131647,69051,59315946,131647
d34dac4fc06a03af,25636,15770660,139914,25440,15781202,139914
d353b909ab0bd345,31529,21645354,132487,31342,21662043,132487
d35894c45b439fd9,111153,101268887,130640,110960,101280713,130640
d36481f333765ea5,37713,27846703,139288,37514,27860682,139288
d3695f0b22370a80,70255,60307709,132444,70105,60316917,132444
d378887387c5ad1a,36739,26825163,130798,36604,26835977,130798
d39e1a68e0741f28,58299,48410870,141518,58106,48421367,141518
d3b6965578b4c11d,47896,38010323,139178,47681,38022330,139178
d3c5365799c979fc,32617,22747854,131800,32420,22759940,131800
d3cbfa2595921944,110881,100968566,131895,110732,100979785,131895
d3decb5bcaa30d01,95795,85910705,138965,95600,85920257,138965
d42868f284a49e35,102900,92992836,95392,102799,92999978,95392
d43e6868952a0180,86641,76787216,139310,86447,76797633,139310
d44a0480298c4f75,91560,81670345,137630,91367,81679817,137630
d44f46fa1929f6e1,101138,91266385,133462,100928,91276304,133462
d44fc21940909887,109718,99831049,139079,109523,99841293,139079
d45966c686854906,32991,23109753,142551,32802,23122073,142551
d46f8f4584955429,50548,40685291,130610,50347,40695637,130610
d47bcd51e66a386b,90291,80407970,142123,90095,80418846,142123
d47d87bfe1c79c10,60316,50430536,140023,60121,50440739,140023
d486e082bff827b6,47149,37244180,121847,47032,37286320,121847
d48f9933f99ca8ae,11132,1229702,117608,10972,1238438,117608
d4b97eee302fd167,20539,10650000,138659,20342,10660260,138659
d4bdc40b87c93c0f,98375,88487805,140270,98184,88497913,140270
d4ca1ce259fbe02c,101567,91690288,156026,101374,91703593,156026
d4ccc98e1847edc2,83047,73167134,138713,82855,73177544,138713
d4d0f73431e8d505,107129,97227476,138519,106951,97237738,138519
d4dcd243b67bcf08,115815,105901938,131673,115657,105911394,131673
d4e2705ae52201ca,40942,31065545,131716,40741,31076989,131716
d4ec88bf4410b8bb,84971,75087125,137989,84777,75097708,137989
d506cb6f54b9e6fb,112964,103066234,131480,112787,103076321,131480
d511ea4e7c2c67e1,73654,63770672,138386,73462,63780447,138386
d55053c15a377236,36949,27047317,131984,36771,27058926,131984
d551b268c6d44d11,111514,101627589,139120,111325,101638697,139120
d5555f2671ebfc83,34684,24764405,121970,34549,24779528,121970
d55c20dc22b87f3c,48496,38630375,139179,48303,38642139,139179
d570bf281c6830d9,72907,63026749,137567,72714,63037197,137567
d5bd99362bd7aca6,53387,43489909,138584,53201,43501812,138584
d5c0f6d2b2b6a7d6,30421,20527446,131622,30229,20537426,131622
d60db830300fa4b6,100774,90866161,131964,100612,90875834,131964
d623b2fdf695ea9e,50425,40547861,132758,50219,40558294,132758
d645a268447c9645,26576,16685161,132047,26373,16694581,132047
d64d7a89c2c0e73d,90467,80588300,131688,90260,80598819,131688
d65493adbe9dd313,74552,64687036,138474,74347,64697321,138474
d65751c0f8ed83d3,55609,45746852,139588,55410,45761950,139588
d669ea5e0410aa92,119633,109733674,132263,119485,109743258,132263
d69c47040e1eaca2,29174,19287556,131795,28971,19297557,131795
d6a70a7604951e08,100678,90766421,132252,100520,90776515,132252
d6aafa6a4942f038,55701,45846942,137707,55510,45861877,137707
d6bb1da66c08b36a,73783,63952108,342311,73624,63977558,342351
d6f97e1f862ff57e,102668,92890165,397904,102566,92919895,397944
d70387a2aefb2160,73589,63706747,137260,73398,63716738,137260
d7070deb15f821ba,48774,38889929,138414,48584,38899600,138414
d70a34d895a96966,107568,97683420,115606,107374,97691663,115606
d72c172688a4b4f3,88212,78308351,132607,88031,78317926,132607
d72cd930ce719b01,107217,97327279,137731,107020,97338362,137731
d72d89082636ebff,52260,42386416,137727,52060,42404518,137727
d75200bdffda6476,35480,25629436,155117,35292,25644915,155117
d7533554fe32eeb2,66620,56766875,138508,66426,56777032,138508
d75a11cc34b21ced,107009,97088212,130945,106852,97097941,130945
d75e2de891e7c3e0,78068,68168243,132250,77893,68177620,132250
d76916079785d596,81773,71889786,140932,81578,71899301,140932
d7aa7072916a3606,76601,66747227,139280,76407,66757639,139280
d7b49c42259c54ae,68894,59010918,139772,68705,59021644,139772
d7b9196207ef9593,100017,90157562,131821,99818,90166725,131821
d7c9702f008aa6d1,24884,15024912,131167,24688,15034860,131167
d7ccbbd8297c4b0c,98343,88451019,137842,98151,88461370,137842
d7d6dd0812630447,91942,82028045,130434,91782,82037653,130434
d7e06dcac447dd70,41503,31626662,140042,41313,31641235,140042
d7f1e544fe1da5ac,69307,59405757,131856,69137,59415426,131856
d7f5902388e0122f,116239,106350766,137966,116025,106360969,137966
d7fbf9a2c04ea6f8,21220,11346656,139412,21028,11357716,139412
d815a3d2e12ef770,35327,25469905,158098,35135,25487661,158098
d81edaed8026790f,57440,47507930,132333,57298,47517381,132333
d820455721782c06,51548,41665474,131705,51344,41675084,131705
d82b53bb814e31d9,10100,226148,138860,9903,236208,138860
d835497298248fff,82290,72385773,131545,82126,72395827,131545
d88095515659daa4,73501,63647078,139712,73307,63657888,139712
d8983054a26750c3,65994,56106972,138468,65801,56116601,138468
d89c1a8567df80bf,94720,84832131,131695,94568,84855037,131695
d8c443c131b3caee,76787,66906826,137466,76594,66917061,137466
d8d1e6319736426c,21317,11429968,140013,21125,11439502,140013
d8e879373d2238ad,117710,107801703,132168,117557,107811677,132168
d8fd300a37e3256d,43860,34006699,139368,43670,34022952,139368
d90302d355369eba,110504,100627580,138691,110314,100640540,138691
d92ddf5fff6d9192,79964,70120484,350464,79796,70146728,350504
d93168dba37c2158,115941,106029414,133151,115774,106039084,133151
d97179a5f2b71e29,100392,90511503,139677,100199,90521523,139677
d973071115ad8fe3,87743,77867314,139054,87549,77877261,139054
d9743b901d94623a,97042,87150883,137862,96858,87160582,137862
d995b24647a3a350,95537,85659047,139718,95345,85669739,139718
d9c73637d5fec33b,18092,8206151,138781,17897,8216412,138781
d9c9199ff88725d0,42989,33126568,138271,42788,33140377,138271
d9d6f6ab888b3f1c,13440,3585389,131802,13245,3595783,131802
d9f08149fd41fa30,109686,99807581,139263,109491,99817441,139263
da06624834758be2,23913,14007850,132370,23727,14017944,132370
da17306ccf2814c0,30361,20465545,132990,30177,20475046,132990
da20c120a8ee35ae,76539,66670584,138492,76338,66680698,138492
da249d18b9d823c4,10851,969172,141503,10657,978937,141503
da2e4cc712b41a62,23822,13908594,131693,23650,13920777,131693
da416831d8b68528,51277,41368182,133005,51114,41378395,133005
da51a1299a12c3a8,96044,86170294,137306,95836,86181398,137306
da810f5961e3e02f,100424,90547392,138769,100231,90557565,138769
da85a3a769c451ae,23853,13945244,132491,23676,13954767,132491
da8bc404aeab3fb2,118557,108674285,157832,118366,108685813,157832
da9a529f089abd1f,104468,94586002,130539,104274,94596201,130539
daa98c00917aa99f,34960,25006433,138754,34748,25019325,138754
dac65d9ac50a597f,86703,76847304,138401,86511,76857122,138401
dac8c83414908496,73129,63250494,139051,72931,63261312,139051
dad7f29d3510ef61,14951,5086588,139554,14749,5097334,139554
dae2b35605f29b55,22215,12346872,138153,22007,12356744,138153
dafa1f81918cb2c8,31942,22052533,118914,31801,22076884,118914
db03e5bf73179527,107666,97787358,138230,107471,97797474,138230
db1197139485628c,35637,25750338,139725,35453,25761840,139725
db1336b2ece3cce8,98814,88908098,130543,98645,88918127,130543
db355443884144bd,118226,108347670,138626,118007,108357875,138626
dbac8e46f022f3d7,12215,2269266,138397,11990,2279256,138397
dbc36fef45852fe5,116385,106527343,137507,116188,106538175,137507
dbd3432066e08547,114704,104788696,131445,114548,104798044,131445
dbdabcbd8cb5eb6a,65841,55987218,139404,65647,55997481,139404
dbfb7d36fb5a559f,105929,96048399,131580,105729,96058032,131580
dc193c9ab8fe50e3,11050,1190195,103561,10890,1209011,103561
dc1e4da0175abf9e,34281,24383870,131741,34120,24398489,131741
dc3f86910b4f3421,112810,102906334,131195,112652,102916354,131195
dc491f4f8b608f8b,32291,22387794,133109,32126,22400115,133109
dc4a407bb321dd8e,38762,28845475,131568,38617,28857160,131568
dc5dd172cd0b52c0,71702,61810272,137448,71510,61820689,137448
dc6f10d452bbb42a,37522,27646846,140784,37331,27661962,140784
dc825171351df956,80715,70850268,155787,80511,70861965,155787
dc8d504a9d1fb4b4,49010,39151316,106983,48851,39167680,106983
dc901105b9d5c412,43948,34065345,131600,43763,34076691,131600
dca8f8cafe1f9b80,28404,18509955,139296,28221,18520278,139296
dcb278ea116a76cc,47809,37946699,139263,47610,37957744,139263
dcd454652a8f48c4,10165,286438,140586,9967,296658,140586
dcf7f78a9a11f659,85437,75570362,138414,85241,75580869,138414
dd09e84ef9bc7324,99580,89694006,137651,99386,89703490,137651
dd1cad8a066b2f36,74008,64105802,130287,73851,64115339,130287
dd301b18bdf8f2f2,30688,20826518,139335,30487,20836690,139335
dd699b66cb1b08bb,44046,34166535,138989,43860,34179474,138989
dd73bde45486b59a,65100,55213421,132020,64937,55224181,132020
dd9d60d5302db6c1,61034,51150428,138266,60839,51160890,138266
ddb47726441bf69b,76126,66225799,130895,75958,66236389,130895
ddbdf68b3b1fee2a,16407,6546349,139697,16206,6555943,139697
ddc210503230e47e,115243,105387614,138536,115050,105400711,138536
ddc22b90f4f50a20,102384,92506907,132613,102189,92516726,132613
ddcbbfe08864d45d,107418,97548516,131969,107217,97558472,131969
ddcc22660831564c,45220,35347055,141501,45034,35363683,141501
ddd5d786469b3954,116356,106487701,139039,116148,106498193,139039
ddf5e482f667e9c3,30540,20666710,140146,30330,20677613,140146
de1897d204852c1c,68517,58649264,131685,68320,58659437,131685
de43eb0fe3bcb0f3,64483,54605405,130045,64274,54614946,130045
de624c2c30ddac69,22429,12545518,133880,22237,12555431,133880
de75a2e1d9f066e1,47636,37748076,132352,47442,37758533,132352
de7b5d54a3ccc984,51665,41787500,131425,51456,41796529,131425
de81200ef1174a77,14159,4264985,131887,13968,4275207,131887
de899aeca83afa0c,15906,5987955,133437,15753,5997537,133437
de93c2d0d9db6102,12101,2146342,140191,11907,2156644,140191
deb8d1ff0088daff,60906,51026985,139675,60713,51037181,139675
dec9ae858209baba,63761,53890181,137873,63558,53899818,137873
decd91e37cc04ad2,98278,88391319,138246,98086,88401264,138246
dee7e0ebfb306ff6,94559,84670542,137815,94366,84680818,137815
defe3478f8d4c040,11165,1264930,132266,11005,1275556,132266
deff687928227f44,16849,6966753,139447,16650,6976547,139447
df102b2e92de86d3,105084,95170755,138847,104918,95181725,138847
df1aa907888f1e46,24707,14827681,139790,24494,14837986,139790
df30060f4be4f0bf,71547,61687408,140870,71350,61698047,140870
df55a4b6a3129294,36386,26555851,361082,36240,26616479,361122
df611d2f76c2ee4b,67379,57485898,131730,67206,57495492,131730
df7660a39c46eb6a,94881,84966098,131895,94725,84976349,131895
df8ad8af5679c139,65749,55886618,137325,65546,55896454,137325
df9b8ddf8b8256c1,44110,34225751,130134,43923,34236528,130134
dfa1197c8394d994,39609,29727140,140926,39413,29738603,140926
dfa3b412a1746d27,44206,34375290,358127,,,
dfbea3d54d28f1fd,39081,29206277,137686,38867,29218798,137686
dfc2737b439d263d,33244,23370499,139989,33045,23382778,139989
dfcc52aa343c5681,115910,106006894,132834,115746,106016578,132834
dfe0681bc4bd9ada,105143,95246527,132714,104967,95256413,132714
e000f51bfea2b805,55983,46106760,138045,55793,46120067,138045
e00603ee573717e6,38476,28574408,120035,38359,28678564,120035
e01924789ed42e47,13494,3607452,130793,13301,3616447,130793
e02dd5ea02821e68,44252,34388441,79036,,,
e02ffd8c18a745ff,61811,51930519,139760,61597,51940380,139760
e03c4f82543c5431,41091,31226798,138283,40887,31238462,138283
e04c06ea0f80584b,40414,30513283,132423,40285,30541538,132423
e04c3e8edf3ca74c,119370,109487632,139141,119179,109498611,139141
e0536f7dbd836f9b,111270,101407824,139970,111070,101422281,139970
e0a17efe6d265abd,49061,39171004,116713,48902,39179550,116713
e0ba4fee17507e23,79771,69875034,132005,79611,69884995,132005
e0c273d23d77a24b,86581,76710490,139069,86378,76720580,139069
e0dc48c491e7d7b5,64199,54310289,137464,64003,54320677,137464
e0e6f02904877621,116700,106811114,138785,116507,106820835,138785
e0f1f75c41ba74c7,81281,71405962,132002,81081,71415951,132002
e102f8b37295fd17,38444,28554162,116989,38328,28677316,117078
e12b81a85bbe0f8d,28373,18486452,139882,28194,18496700,139882
e13a5cf5e43a464a,97815,87930424,137723,97614,87939900,137723
e152f348d0ade0b1,62114,52230989,163353,61922,52242680,163353
e164cc0be8bbaadd,57343,47440700,117860,57204,47449596,117860
e17d8e3c519ea1ec,92037,82126508,131755,91871,82135521,131755
e17fcb5b4aab55fa,63791,53926588,137349,63588,53936196,137349
e1afc0d36f7d2cd8,119826,109908601,130730,119668,109917644,130730
e1cacb79b1f42c0e,11849,1947819,97112,11693,1955866,97112
e1e4cd796ceda025,37426,27549370,155498,37236,27561695,155498
e1f8f9a74e1b14e6,83578,73708318,132093,83379,73717961,132093
e20fe217200ae25d,39885,30025261,131029,39691,30042336,131029
e221b671f2087ab2,91124,81247473,137894,90921,81257826,137894
e2455db8c586f7b7,61579,51670108,138700,61402,51679716,138700
e25db5a57baee46f,49470,39569388,142056,49283,39579054,142056
e27a92118360902f,76095,66185614,130817,75930,66194668,130817
e287fe149fd72fbb,97783,87907200,138574,97584,87917446,138574
e29a40c1b7ecb824,59825,49947038,140240,59606,49956423,140240
e29f55416b2cebb3,77695,67852772,342944,77525,67878902,342984
e2f21e9908963bd6,83997,74099337,131506,83852,74108800,131506
e2f2946943fee325,77942,68046212,134008,77774,68056187,134008
e2ffcba8dd9a7d97,34903,24929395,141169,34712,24941667,141169
e320350dbb29e798,41341,31469240,154262,41154,31484209,154262
e3222eed09ec5c74,41439,31549894,139601,41251,31561524,139601
e3404c903080038f,94124,84247591,139655,93921,84257889,139655
e36da80034fb71ec,62862,52987263,140158,62669,52997710,140158
e37fc4088bae2b37,23181,13289792,138303,22990,13300110,138303
e383f878f0f02d44,78312,68428288,132694,78108,68437399,132694
e38d455f96e4ae14,103116,93146002,130548,102974,93155602,130548
e3b6cc8f53010000,73223,63347170,139965,73020,63357266,139965
e3d5ac40b42e8965,22687,12805153,131940,22491,12814524,131940
e3e31a8aedcb97ca,119857,109946446,132261,119696,109956243,132261
e3f217f4948eac76,69180,59268426,132382,69021,59278285,132382
e43c0e72a57d6e46,38178,28288380,131194,37981,28298876,131194
e44e7e319b6d0f20,113111,103227479,138671,112907,103238688,138671
e4625f9c1fd9c971,65294,55388511,133325,65126,55398454,133325
e46c76cc4327aaec,36516,26617480,132116,36397,26630768,132116
e4816688db1ea73d,94753,84854368,131724,94601,84864318,131724
e4887a5d35dd1222,95098,85190687,138671,94918,85200633,138671
e49e297ff57f44c0,25952,16066599,138784,25759,16076328,138784
e4ac98c3b34e66fd,84938,75055733,154705,84745,75067609,154705
e501049f702b42af,68969,59109661,104370,68814,59127617,104370
e502dbd696ec11b3,26960,17086576,138780,26769,17097223,138780
e5143e9845d044d9,113632,103747652,139475,113440,103757148,139475
e5297c84d88ce709,25983,16152701,349561,25826,16179140,349601
e5314e36131f22a7,62178,52290616,139085,61986,52302340,139085
e54a24b34f7ab146,97622,87747101,136476,97428,87756627,136476
e54cd595ce9389d0,69662,59790422,139518,69458,59799996,139518
e5cd46c7522bf4c0,80804,70947043,138662,80608,70956939,138662
e5de40149740c799,16147,6246991,131387,15954,6256115,131387
e5e26a926b44fb7f,59274,49371454,118841,59124,49380487,118841
e5fe5dea9d5e7022,39825,29965652,131903,39627,29978679,131903
e5ffc1a616fbc955,61097,51273242,349651,60947,51301036,349691
e62f817c0f4b195a,79869,69976872,131203,79706,69986290,131203
e6439eb833ea9149,64263,54386676,137538,64065,54397174,137538
e647d021539b9714,26750,16886988,142637,26547,16897300,142637
e66f950cd0cd1ba9,23060,13206589,139894,22867,13217383,139894
e67e8bc33853eccc,92806,82921078,138164,92696,82931378,138164
e6b532ddf55dbc8e,117591,107734908,124000,117440,107750251,124000
e6b9ff387f27aba4,84401,74505611,130208,84211,74515781,130208
e6ce9f4a2c407864,35954,26085485,131575,35757,26099363,131575
e6d5cad64a75fd9b,65230,55325981,133373,65065,55335838,133373
e6da6fd9ed533031,79146,69286719,137229,78947,69297343,137229
e6dbc15dccba248e,107697,97810913,139604,107502,97820921,139604
e6dda0a1423cdfcf,72419,62530347,137649,72217,62540864,137649
e70e0aa142f4e879,63881,54026852,139324,63686,54036753,139324
e714e16ad64e9003,105203,95306032,131018,105015,95315878,131018
e71800528862de0d,50667,40786727,139529,50474,40797336,139529
e7190301f2d921d8,17846,7945365,132842,17678,7954461,132842
e74445b56c5076cb,99300,89430556,138589,99098,89441121,138589
e74663f14d5aa2db,36138,26269420,137740,35942,26280760,137740
e767938e4d12fef4,47116,37213219,120247,47000,37285539,120247
e78a75b044ff1cd6,34311,24406686,133138,34144,24418955,133138
e78b600ec89cae67,86741,76887264,139646,86549,76898242,139646
e7905df77734ba2e,25789,15906610,140524,25598,15916557,140524
e797f0deb297316a,96790,86888273,132037,96624,86898108,132037
e79c569857f80208,40262,30386337,138388,40072,30399222,138388
e7a7bcbe90a11b5e,96316,86430511,138513,96123,86441134,138513
e7a81a6352942c8d,66588,56726956,139294,66393,56737126,139294
e7ab654ddfebf038,61330,51407913,132702,61181,51417251,132702
e7ccc8849d8bc777,44174,34287745,131490,43985,34299109,131490
e7d1e363d3a4eb22,43766,33906633,139095,43575,33921498,139095
e7d2912b00de86ea,78776,68890850,140366,78580,68900829,140366
e800497af36aa873,66934,57049581,130751,66740,57059035,130751
e806462a6b5304fe,31691,21806415,138859,31502,21817806,138859
e816515d91c70135,105706,95834332,154992,105511,95845293,154992
e821b522fdce8598,102287,92407387,138798,102094,92418265,138798
e8294341dcd591eb,103787,93914035,177988,103594,93927222,177988
e82af65036dcc82d,31223,21347337,140476,31022,21360434,140476
e831e0111e5f5b2b,111240,101366354,131273,111029,101377814,131273
e842f2a69f65e7ba,87582,77691378,139886,87389,77700898,139886
e8852ed1276739d2,67471,57567902,132115,67284,57577805,132115
e8a23b86eac73f2a,71486,61627328,140901,71287,61637474,140901
e8c26d87cbaf35e4,111580,101697116,155435,111389,101710093,155435
e8fe24d8e6af9afb,42752,32866396,138144,42574,32879973,138144
e9047b7531deafec,56415,46548221,133192,56217,46558168,133192
e91467419cc13bf9,76157,66247891,130920,75984,66257037,130920
e9437dd2a42a353e,110439,100550907,138406,110250,100562968,138406
e968dd82f1d48442,92652,82864093,349926,92538,82891708,349966
e9740ef09e94e76c,109910,100028808,132829,109706,100039895,132829
e97d428db0147820,16817,6929876,139367,16620,6940211,139367
e98957c006738261,53990,44107180,137637,53802,44118306,137637
e9b07d93fbec5b76,104226,94366451,131202,104026,94376591,131202
e9b0f79c1019f2bc,50363,40488212,132735,50160,40497739,132735
e9ba670f044a2a24,71954,62054041,133021,71794,62064081,133021
e9d2f3a64ed6b6b8,86031,76128087,130618,85866,76137480,130618
e9e5d7c9d581ddf6,85223,75347016,138046,85020,75357387,138046
ea22f2ac4d6023c2,101286,91426252,132322,101087,91435913,132322
ea2fcc1fac7e4a53,76946,67066955,138064,76750,67076517,138064
ea397a216cb83c33,101316,91448553,131911,101117,91458194,131911
ea461cb3262bc95c,10389,508959,141442,10181,519384,141442
ea66a79f8523306b,24678,14789967,140225,24470,14800637,140225
ea77ac1423ab9a0e,101437,91550776,138854,101245,91560494,138854
ea896c2dee910312,11100,1209853,116112,10940,1218839,116112
ea89eb11d43c98bf,14420,4550010,138721,14218,4560085,138721
eaa088ffc4f2593b,110818,100908594,131745,110675,100920505,131745
eb4fb34212065e53,117869,107950464,141043,117708,107960349,141043
eb694aaf5adc8f77,73407,63546841,138194,73209,63557343,138194
eb8293db9042b2ff,69399,59507019,139232,69217,59517094,139232
ebb6dd73b9e9bbf2,94277,84410583,139090,94080,84420982,139090
ebbe0c62bd4c254e,114798,104886145,130746,114636,104895882,130746
ebc418495dbc0cf5,30629,20766318,139046,30427,20777221,139046
ebe192798afce58a,89501,79625957,130803,89309,79635443,130803
ebe5954c6e247cbb,59738,49846820,138694,59537,49856755,138694
ebea617571a1d423,19268,9386392,139321,19077,9396601,139321
ebf5e93eaedb197a,90838,80950785,138341,90645,80961320,138341
ebfaf221392634a9,53297,43387263,131791,53125,43399283,131791
ec0bd92314e97117,33967,24056709,131567,33838,24125681,131567
ec358534e9347053,11388,1495824,130975,11216,1506268,130975
ec36da22cb43de0c,55522,45646545,137482,55314,45658922,137482
ec40f0532ac5c6d8,98653,88753280,132902,98488,88763004,132902
ec4164fc052d5bab,71871,62011951,105014,71712,62027524,105014
ec44d0c81cfa6d07,29300,19426804,141152,29090,19437682,141152
ec54d68e665c3ef7,106754,96852474,118544,106617,96861490,118544
ec64e2aff08a54cd,14730,4849502,138065,14535,4859814,138065
ec6f87fcfdf32083,94341,84487525,138441,94148,84498129,138441
ec788eee32be531e,77877,67986072,132052,77711,67996075,132052
ec7a3eaf669a38d0,50111,40227161,140906,49918,40237608,140906
ec7a9b5ef0a38a54,54243,44377824,137687,54044,44390301,137687
ec8d1dd5d4980693,82614,72747735,141445,82408,72758683,141445
ec9aa0068e3be4b5,96382,86507498,138409,96188,86517990,138409
ecaa233fdb586216,59143,49314071,348374,58989,49342242,348414
ecaf4b1d894f2f24,25132,15250092,139562,24938,15260810,139562
ecc3f70b643c194a,48806,38926746,139400,48616,38936676,139400
ecefd40946d27178,32104,22205526,132249,31958,22218847,132249
ecf1a162fbfa16e4,53108,43187018,128685,52953,43197788,128685
ed0b69236d5f9429,80897,71014165,160064,80705,71026373,160064
ed0ebb45b97bdb24,84689,74826904,137200,84486,74837168,137200
ed1d6f1a5a12210b,115039,105148698,131468,114839,105158512,131468
ed459b9883c08499,64514,54647005,139727,64307,54657458,139727
ed628f8ed8d95c71,31891,22032426,107547,31751,22067630,107547
ed793a842616251f,16291,6409724,139266,16077,6419667,139266
ed7cd74b687ed633,110065,100191221,140412,109864,100203356,140412
edc4ca4d63b0a202,85751,75867276,138648,85557,75876720,138648
ede12f46c0b681d1,57596,47665832,132891,57436,47675612,132891
ede2374d6ff215b0,100806,90906275,132569,100642,90916049,132569
ede4142ba9d60036,109751,99866383,131269,109554,99875412,131269
ede5929ffb359231,18741,8864999,132149,18542,8875190,132149
edebf72dda8c5387,52322,42446832,140281,52119,42458987,140281
edfa63dfbbf22767,110850,100946277,131672,110704,100959438,131672
ee19378092311061,51308,41405573,132188,51142,41415988,132188
ee3bee63e6b532c7,16262,6386186,138977,16046,6396831,138977
ee3e1ed888cf410c,49254,39345568,132588,49089,39355674,132588
ee5a397b7927617a,110003,100128103,139207,109794,100139671,139207
ee5d01dcb2b7d14d,77381,67527077,138926,77187,67537424,138926
ee6f71bc353bf434,112994,103088494,131649,112812,103098306,131649
eea05b03a03b7bca,108447,98566200,131637,108255,98576082,131637
eeb0160bbb8c986a,46667,36768297,133223,46506,36781121,133223
eecd29b189838134,83302,73426977,138489,83103,73437613,138489
eed2b7a0aaed4ec8,19235,9350313,140360,19044,9360541,140360
eef503885228b0ec,61232,51332985,132578,61087,51343210,132578
ef11eb6a7a1b265c,18931,9049847,139046,18723,9060380,139046
ef38f947aefda028,48090,38206997,140795,47897,38218392,140795
ef5b821cb3734d86,63851,53987434,138219,63648,53996931,138219
efa84fed7369adf9,45156,35270102,138164,44970,35282025,138164
efb78c3c0e9222c6,21542,11651787,117798,21388,11660578,117798
efd09e752ace6e79,75936,66025806,131710,75781,66036084,131710
efd1df0cce444e18,51973,42089122,152546,51780,42101388,152546
efe036648f429e5f,72239,62327840,131264,72064,62337700,131264
efe65097fa9de928,34190,24285332,132299,34044,24299330,132299
efeae8c2e95b9cdb,50580,40725441,130736,50385,40736323,130736
eff0aeeaf11c8468,17064,7206488,139248,16866,7216687,139248
eff0cb8898650b39,22157,12286532,140651,21946,12296930,140651
eff41a46bd7e2e07,42093,32206612,138768,41900,32218669,138768
f02bf98866965a61,66709,56826817,138299,66516,56837140,138299
f04c62d9f8915a91,106819,96905906,130183,106679,96915547,130183
f052c6b752c4011c,70567,60671292,140836,70335,60681279,140836
f057103843d1c8f3,63397,53506528,136914,63225,53516683,136914
f05e4a0356de919e,58949,49066745,138769,58757,49076358,138769
f0662f26864a5dff,101915,92047800,140866,101710,92058946,140866
f0735ca735544d36,74104,64188337,133048,73941,64198097,133048
f077a58586461207,38541,28625054,130822,38422,28680701,130822
f0908dc65ee083fd,108382,98507744,139586,108190,98518294,139586
f0a18d0f35e317e8,80270,70363396,116281,80061,70371799,116281
f0bf742f9d82192a,106147,96286111,131247,105946,96296216,131247
f0e0dda58237dfe4,66154,56270572,140057,65959,56280534,140057
f0eb96fe06ff84f9,70705,60830407,139653,70496,60840905,139653
f0f5e73e9b819ea9,57655,47725654,131773,57484,47735122,131773
f105e32018c582e1,52657,42770206,138579,52468,42782439,138579
f10a18a84a266b01,31595,21705162,131648,31408,21716083,131648
f1300bbd91a0fd73,25574,15705195,131928,25366,15715627,131928
f13d28100d3513b2,58170,48287002,140240,57978,48296964,140240
f1b328c636d01722,91061,81187754,141576,90861,81199161,141576
f1dcf551a18bccda,67735,57867433,139218,67527,57877259,139218
f1e793ee7b54165c,43735,33870296,139216,43544,33881652,139216
f1ecc1681393baf5,52291,42409826,138394,52089,42422433,138394
f1f1feea1914d453,78161,68268861,132801,77977,68278067,132801
f212e52ebcad03e2,87549,77667699,141761,87357,77677753,141761
f217e6dfd690e161,29580,19726447,138365,29386,19736522,138365
f2446e0673e4cfc4,24251,14361122,117245,24094,14370595,117245
f247ec0e62768b48,46814,36930185,139282,46612,36942654,139282
f24e564bff30b6da,85557,75670367,138264,85365,75679974,138264
f26bcd01e979b1da,110535,100697745,366403,110380,100747930,366443
f276f76764bae911,97556,87670615,137716,97363,87680352,137716
f27bf6dd009571b0,16088,6184958,131796,15907,6194530,131796
f27ffeb3d17e8928,92512,82650945,139179,92320,82661723,139179
f29be6caf47086e6,65014,55172980,339171,64846,55199877,339211
f2a2406d81f27812,87812,77952669,105803,87649,77968383,105803
f2aabebb5a1891fb,71142,61267126,139881,70948,61277286,139881
f2b3f2f522cb1a10,47694,37808103,132687,47485,37818556,132687
f2bb4664ee1f37f4,65809,55946975,139089,65607,55956590,139089
f2c366e8910aca25,37093,27225413,132519,36887,27238940,132519
f2d1e12258811e65,98157,88290845,139668,97960,88301349,139668
f2d6f1635532a333,33274,23406323,138618,33074,23421260,138618
f2d759579d80a960,35670,25786460,138997,35485,25800586,138997
f2e8170eb73b8629,65451,55550337,138080,65270,55560957,138080
f2f688460bdf6def,69751,59889311,138721,69557,59899469,138721
f2fa9e1d2c114741,25261,15386407,139318,25066,15397477,139318
f3042b241a709ecd,104799,94898540,133238,104656,94908719,133238
f30f935c96814059,77072,67190917,137813,76871,67201026,137813
f3215dff8dad1888,94429,84547165,138330,94238,84557725,138330
f32e53b8245fbc33,86064,76165683,130389,85898,76174961,130389
f339bb3489b30725,20408,10526721,141689,20214,10537459,141689
f33ec9848ec8d388,49677,39806777,138997,49468,39816899,138997
f3458c0e21c5d8a1,31723,21846646,139597,31533,21859067,139597
f352e662798802c0,16786,6906298,139690,16590,6917021,139690
f35bea8dccf4abae,108791,98887275,130902,108632,98898218,130902
f35dccbdab56efae,72361,62466018,132989,72168,62475901,132989
f38c8315cba942bc,46258,36369698,122621,,,
f3aae41c9daae9e5,23451,13595386,126190,23299,13610809,126190
f3df66b3f81b9495,56294,46426724,139013,56088,46440226,139013
f3ef6b078663a9de,75087,65206018,132369,74884,65215839,132369
f3f31a99b20edbe3,69837,59951022,139401,69643,59961025,139401
f4009c7c4dbab0d1,12535,2666381,139560,12326,2676771,139560
f40778059c434a67,117316,107431028,138740,117125,107441239,138740
f408552c6a6472a4,71581,61727319,140001,71387,61737636,140001
f4110e1cd17f9324,10786,904881,131005,10593,914559,131005
f4136a44e152e741,12009,2045205,117429,11835,2054193,117429
f41a63488f945af3,98940,89046238,132873,98761,89056557,132873
f43ac1552a665816,64326,54449427,153594,64126,54461193,153594
f44aca91f6c8c5e4,98750,88846113,130509,98584,88855885,130509
f460e0d388eda604,75461,65607547,138603,75267,65617724,138603
f46f4870784b247d,26241,16325147,131328,26084,16335217,131328
f489cfa9212e560d,87775,77934941,350150,87608,77960950,350190
f49d917e25cdd16b,57074,47168210,131609,56906,47178014,131609
f4b7b39d240f1727,54774,44889837,137748,54578,44905165,137748
f4ba29c31c706f5d,61066,51186688,138155,60870,51196931,138155
f4bc9882c90ac0d9,103601,93747832,140137,103407,93757572,140137
f4bfb83a2959223b,104286,94426243,132248,104089,94435758,132248
f4cb08c15c6b58d1,50238,40366922,140229,50042,40377914,140229
f4d4e576580d64c2,24794,14926717,140930,24586,14936395,140930
f4ed64325fe8ee21,34032,24125184,131642,33901,24137190,131642
f4fff3663dc5758a,25100,15226552,139429,24906,15236877,139429
f50f56226e15608e,55377,45486616,137250,55203,45503470,137250
f52185a2f1282b95,71767,61886725,137665,71574,61896602,137665
f5249315d2d7b12e,22935,13065187,131752,22727,13074586,131752
f5339284086779f1,114287,104407649,138991,114095,104418548,138991
f5b62850b803fcae,71425,61550395,139059,71218,61560744,139059
f5bcd4b11e7c3b9d,84487,74605929,130457,84279,74615478,130457
f5bec6849e300a08,19899,10005056,132056,19727,10014989,132056
f5c0049b2da53bc2,32322,22425163,131011,32152,22436210,131011
f5c1314dcb1d0a7a,94396,84510983,139046,94205,84521380,139046
f5c9efb042be85a6,21492,11631835,102893,21338,11648183,102893
f5cccc596840854a,24914,15047276,132576,24718,15056963,132576
f5e97ca27482ef90,39980,30126379,138071,39789,30140770,138071
f5f012bf6a242380,74703,64847312,139046,74510,64857573,139046
f5f6fc64959650d6,60251,50370726,139163,60057,50380676,139163
f5fa7ba632e8ee38,15385,5505936,137633,15192,5516316,137633
f60ffc6cb1c531a1,88819,78934217,138435,88628,78943819,138435
f6475b39bd6a699b,60379,50506800,139114,60182,50517125,139114
f64b829a80331f16,24532,14629602,137485,24349,14640382,137485
f6609a353b717b54,79085,69210393,139086,78876,69220038,139086
f663e3dd9790924f,107761,97887826,139539,107565,97898076,139539
f677aae974e75415,20975,11116458,131763,20776,11126008,131763
f684b4f443307293,32441,22547631,132685,32249,22559463,132685
f68ccdcd5d30eab8,74464,64587244,139740,74248,64598631,139740
f69fbb8dcc33ae86,114067,104207423,138019,113868,104217552,138019
f6adb2c72c1068b3,104347,94486103,130541,104149,94495262,130541
f6af5c5c60abe680,71987,62076342,132296,71827,62085784,132296
f6b0c97adb68daaa,68547,58687249,140649,68350,58697722,140649
f6d0490db9ba1713,88391,78510192,141675,88186,78521025,141675
f6f8144cbdde922b,100141,90288028,142452,99948,90298496,142452
f70284b70cb883d6,20603,10724974,130993,20403,10734827,130993
f71b0fd2e0a3ae32,114922,105026381,132187,114743,105036919,132187
f751b34fb0b1878a,14761,4886210,139029,14566,4896757,139029
f763d587d65d3413,41598,31726379,136504,41406,31738797,136504
f76a658a83e2f1bc,77845,67946081,133409,77680,67955631,133409
f773e51e95337008,55886,46006283,136150,55698,46020175,136150
f775a586e32dde72,86000,76106033,131428,85835,76116039,131428
f7870469cbba63be,116034,106128219,142091,115855,106138444,142091
f7b0be8ff4c1b8f5,102964,93025589,96603,102857,93032879,96603
f7cb09fc157d34b9,80174,70260016,97605,79983,70267078,97605
f836115281020c64,115782,105866589,132220,115626,105875976,132220
f8835565301699c7,79522,69647156,139577,79328,69657409,139577
f88405b9929cdda1,12778,2895524,155886,12590,2906874,155886
f88f935cafc47c67,97463,87607465,138962,97270,87617339,138962
f89112d22e1a880c,17783,7884837,130860,17618,7894321,130860
f8951389e1720ad5,18805,8924888,130900,18603,8934687,130900
f8a7a4f5b9145716,26367,16465562,132802,26199,16475766,132802
f8c9a0652aa1c936,93229,83306971,137689,93042,83317073,137689
f8cb93e8434cb168,35443,25589309,154994,35255,25602486,154994
f8dc7be96a7988df,39671,29790137,139846,39471,29802258,139846
f8dcd8a2bb0f1a2e,107100,97190091,141694,106928,97201400,141694
f8f9f3efde39966c,79241,69386893,138363,79047,69397186,138363
f8ff34f238a637da,115879,105966484,131806,115717,105975809,131806
f9051c1d15d181a8,96167,86307374,139582,95974,86318962,139582
f90c5b92ed1a5a93,59590,49685571,131307,59416,49694482,131307
f911e78de5848612,95953,86070460,137679,95751,86080717,137679
f9148b06db30f448,73437,63570454,139592,73239,63580670,139592
f926aa354cc526d1,20257,10390011,139396,20064,10400539,139396
f9304e90d568e1c2,36076,26206755,139671,35868,26219158,139671
f93a5f3ee734feed,15681,5791237,118268,15539,5799961,118268
f93e7527390f3323,23666,13747396,131581,23508,13756225,131581
f94274abd342ec14,83792,73910911,138188,83599,73920316,138188
f98cd68bd66e5ddf,36676,26767196,142439,36549,26780370,142439
f99c6835af21f66d,11012,1172946,349010,10848,1201640,349050
f9a288990c06692a,109401,99547230,137580,109207,99557070,137580
f9aaa533bffd9236,16911,7029573,138368,16709,7039220,138368
f9d7a436e431c4b0,86190,76288070,131266,86016,76297348,131266
f9d85bf767657128,105641,95766093,131348,105447,95775370,131348
fa044160c54a5da5,102255,92367573,140071,102063,92377937,140071
fa0ccc5956278d72,25605,15747030,143805,25407,15757632,143805
fa160743f1f07aaa,66871,56986386,132573,66677,56996293,132573
fa17fde3997837ae,37960,28106495,138649,37766,28117805,138649
fa2a240328561c76,84061,74145820,131651,83915,74155494,131651
fa509463b7ffdc31,60809,50926557,137772,60616,50936869,137772
fa52f70d15f2632e,30237,20345378,131836,30065,20355408,131836
fa5eb9ab5772baa3,59370,49447556,130724,59217,49457124,130724
fa69bf344db0962a,12480,2606583,141390,12267,2617008,141390
fadbf12b929c9251,98034,88167320,138643,97827,88177359,138643
fae8f780f0117c10,40069,30186643,138905,39881,30198409,138905
faf7ac5351efe6ae,20109,10230076,138965,19907,10240708,138965
fb05825c3091c408,28495,18610670,140165,28298,18621833,140165
fb0af6c790361e24,75243,65369092,140423,75032,65378873,140423
fb1f8af8d5295545,105674,95793206,160313,105480,95804424,160313
fb2125bfd9c3b032,95331,85450792,137934,95119,85460830,137934
fb403a99836fcb18,92603,82747278,137205,92411,82757346,137205
fb42a813d49b3e87,111211,101330067,142213,111006,101342385,142213
fb43af1d35a02577,79554,69670645,138928,79359,69680496,138928
fb465a30eaa33303,53926,44046266,136363,53738,44060290,136363
fb4777e8f739689f,15999,6085246,131206,15834,6094379,131206
fb5d1c23a9e57eb5,43201,33309877,138796,43014,33321531,138796
fb71e0324d322714,47578,37685400,131274,47400,37697180,131274
fb802b30ffdf0fb9,81434,71565993,132302,81231,71575077,132302
fb818cfefb845410,55667,45806780,138782,55472,45817886,138782
fb87330922c50273,61425,51508177,132213,61270,51517894,132213
fb8e6089e0b9e5a9,10884,1005984,137816,10690,1015798,137816
fb9bef482331a9c8,109501,99646306,132147,109308,99655752,132147
fb9e0b8f8049d4d4,93839,83950471,139506,93647,83960074,139506
fbd91ae6067a8acf,50143,40266731,139438,49949,40277216,139438
fc3e30b52258bd68,95667,85787130,138434,95474,85797697,138434
fc4f061a2f1cacaf,67949,58066730,137987,67757,58076585,137987
fc5d1d5ac173317a,27218,17347037,141106,27022,17357253,141106
fc6279d5ec780864,63428,53529947,138762,63253,53540498,138762
fc9d6e96af883ee0,90047,80146216,133214,89883,80155714,133214
fca141b85e9693e7,84874,74990529,158648,84681,75002076,158648
fcbccf7a57a7a2e5,58583,48706701,138283,58380,48716765,138283
fcbf1434272a0fbb,64390,54509775,137913,64186,54519534,137913
fcc06efddd7879d8,14304,4424923,131274,14085,4435013,131274
fcc62130122a6e3f,26634,16747506,131317,26420,16756798,131317
fcdb6588abda770e,40575,30667243,131279,40439,30677698,131279
fcdd90f9faa9b896,14633,4748789,141372,14439,4758642,141372
fcf0956c5fdcb3d7,21253,11370371,140599,21061,11380645,140599
fd643d19cd26fc1c,65357,55450872,138107,65185,55460936,138107
fdb4a2ebb7bafdc3,25886,16006630,140257,25695,16017415,140257
fdb5cbfbe12dc169,17310,7425080,132566,17119,7436862,132566
fdc940850c4a24f3,22843,12965262,132284,22640,12974675,132284
fdd0484a13373288,110624,100737093,131647,110487,100759477,131647
fdd0be2832fa5dd9,69245,59328148,133090,69081,59338033,133090
fddd7be152d94b2a,89195,79327488,140080,88987,79337654,140080
fde165329ce52e34,55101,45185517,131064,54969,45196792,131064
fdeb1f1158ea2f00,55348,45446520,137727,55181,45458347,137727
fdf0e8e4a7e9fa0a,10948,1066578,139658,10753,1076891,139658
fdf7924079d29b16,24736,14866699,140665,24526,14876754,140665
fe0c607e3b8c057d,13625,3794995,360810,13470,3823272,360850
fe3e5950c4f12899,64918,55030025,137625,64725,55040152,137625
fe612f5fd1d7304e,84126,74205714,130326,83976,74215105,130326
fe69272a2c305700,83548,73686013,132257,83349,73696325,132257
fe6f703d676dd7c1,48839,38966761,137992,48649,38976945,137992
fe7072b0032e5c76,54889,45029319,100699,,,
fe76363b7f18fdc5,53860,43986849,138100,53673,44000385,138100
fe82ca5f016122ec,83270,73393710,156445,83073,73405414,156445
fe85ee4030234a54,40762,30867446,131436,40600,30879015,131436
fea204b3ef3fb218,96757,86866026,130248,96592,86875607,130248
fea2c7bac437bc4b,38241,28366872,140891,38043,28379865,140891
fea72b48ea1e96d9,106787,96874892,132130,106649,96884101,132130
fec4ad63372a38cc,56795,46953062,345841,56627,46980294,345881
fef29e10103901f6,97433,87570719,138630,97240,87580855,138630
fefb563a9bab32ae,14697,4826191,138930,14503,4836290,138930
ff0fdc4cf43de28d,106208,96346528,132481,106009,96355998,132481
ff1a819df1b6b905,100742,90828205,131100,100582,90838423,131100
ff2bf9ab9ba8b13d,16378,6509716,139191,16177,6520572,139191
ff420414102f2215,87151,77270835,138171,86948,77281529,138171
ff4c81b05898f9fa,111361,101507698,139141,111169,101520567,139141
ff503537a0c88562,16495,6617131,137750,16304,6627775,137750
ff67263c8368ae69,45541,35665754,133746,45346,35675056,133746
ff850132704054e1,65050,55191136,108346,64887,55207641,108346
ff92a373abf7e4e5,119250,109387984,137972,119053,109397903,137972
ffa3733ec5b7a925,96261,86407168,138518,96068,86417945,138518
ffacfe12cf5464ad,116732,106847827,139527,116539,106858336,139527
ffafed2c28a32b90,95635,85747466,139319,95442,85757281,139319
ffe6d875c7d2ea95,70458,60545651,131927,70258,60554951,131927
ffead4c60f9d0c3c,98719,88808527,131797,98553,88818511,131797
