content_hash,rtsp-0_pts_ms,rtsp-0_arrival_us,rtsp-0_bytes,webrtc-0_pts_ms,webrtc-0_arrival_us,webrtc-0_bytes
0012a590a77b54e6,66261,56420678,138331,66159,56430988,138331
002eddc0bec14e6b,90103,80243489,141572,89988,80253505,141572
002f600cb1d1ba34,80058,70204487,140791,79955,70216536,140791
003a2885a4b34538,81151,71280651,131012,81056,71292636,131012
004f1ec9958ddc23,90044,80183754,141737,89927,80193812,141737
0051e5ab5dcd6dfc,16165,6347923,351795,16102,6378233,351835
0054b4e660ff7881,47970,38081600,133221,47889,38090907,133221
0071b420416f6ebc,74976,65056406,114603,74843,65065948,114603
0089b9ccd5929aa7,51313,41442711,141582,51210,41452262,141582
008cb76b20487ccc,94387,84520112,133210,94284,84530140,133210
009f1e6ddffd0e4e,62123,52240084,136659,62033,52250591,136659
00acfdbea0107d63,58233,48360435,137467,58139,48370255,137467
00ccd513a2025559,38852,28984130,141346,38743,28994592,141346
00db9238081dabde,93835,83961803,131784,93721,83971166,131784
00e1e285577e9ddf,28839,18940656,127988,28771,18950256,127988
00ea99a61f6c5843,12598,2699686,128593,12524,2709250,128593
00ee71a6127922f5,93341,83452920,119959,93282,83461477,119959
00f2c722548abc2d,26693,16865196,340235,26616,16890913,340275
011c2b626c168c59,97912,88001992,132092,97755,88011817,132092
012ca62bbb91a4df,82028,72160926,139502,81922,72170697,139502
0167c460f18a8d03,41349,31461507,131917,41256,31471036,131917
0178f367811a24d6,30966,21100154,138972,30866,21109753,138972
01825ee55686ffd2,89666,79759621,131174,89605,79769007,131174
01987c51c11c5653,37506,27660369,140533,37411,27670325,140533
01d4204373f8a704,79107,69223986,138606,79002,69234387,138606
01d6ac6812a49e63,32110,22239675,136865,32008,22249966,136865
01dc362a56eafd38,64791,54885957,130200,64762,54896153,130200
01e8a6d238f46dfc,47463,37599210,132377,47355,37608335,132377
01edc49102b837c8,22222,12359903,137805,22110,12370092,137805
020105555933a069,101564,91659986,132807,101505,91669020,132807
022146c5074020bd,97824,87920012,131695,97688,87929573,131695
024a564177459aa9,116989,107120892,136967,116863,107136642,136967
024e769703aa043e,57049,47183546,138858,56943,47193333,138858
024ecec997791f71,13915,4043351,139150,13815,4053452,139150
02719fc61a64332a,101811,91919902,132196,101720,91930441,132196
0271cead5f44e01a,36880,27040549,139681,36779,27053350,139681
02721019ecb34e6a,117495,107640908,136540,117403,107652189,136540
028e66f27afbcb89,34656,24783719,138286,34560,24795594,138286
02973aacec486d91,79079,69200558,137613,78979,69211324,137613
029adf580d8c0d45,19648,9783283,138154,19528,9793413,138154
02c2165348c82ad9,49962,40079237,132345,49874,40089090,132345
02d75989707d7245,34161,24300101,139265,34064,24318821,139265
02e7e5a6559bbf96,118628,108743949,136915,118536,108757564,136915
02e9e92dc7717a32,76085,66221157,131051,75971,66231728,131051
02f74cfa59a62cf3,116457,106561315,136704,116415,106573895,136704
030c1e5465a06763,104957,95092308,138204,104859,95104723,138204
031197ac1a5276e1,35224,25360286,129879,35153,25371379,129879
0316a55f90adb584,77058,67176258,113034,76972,67185365,113034
031d8fd8c45153bf,90824,80963441,141567,90711,80973642,141567
0320b2e7cead3bd7,99061,89220004,132843,98958,89229980,132843
0338e8627e51fc7e,87678,77761928,131309,87615,77771024,131309
033f155def83ce3b,98192,88340761,137539,98079,88351364,137539
0344e77317b23633,88390,78523550,154938,88290,78534537,154938
03472ca62dba5edd,42495,32639111,131829,42377,32649063,131829
03505dc09b19c5ca,44600,34721789,132821,44498,34731675,132821
0354fbfa2fa03df7,17209,7339274,134718,17107,7348479,134718
0357b43dea5a7348,20578,10723208,138583,20471,10732727,138583
035bdb99ecf3bbeb,51410,41543583,137135,51306,41552852,137135
0363c2b8e76818cc,44981,35121472,145229,44862,35132157,145229
037df3555a558161,23728,13859877,138410,23628,13869312,138410
03823579bf8e86b7,108718,98866551,152297,108616,98880133,152297
0385bcbc1f4a5c3b,37567,27720075,138767,37464,27729502,138767
0388e25106dda922,79369,69520680,138388,79259,69531260,138388
039424d8f3f5307b,39836,29964099,140374,39736,29973770,140374
0394e55e1a29445f,118742,108880669,135755,118620,108893934,135755
0399c4ebb770b154,25689,15819852,138362,25588,15830592,138362
03bc0dfcfed5962c,60641,50780371,137004,60541,50791064,137004
03cfbf2d2c6eb13e,17961,8083353,139209,17861,8093042,139209
03dcf8738a8f578b,23316,13439720,137662,23218,13449629,137662
03f5dc8216d580f6,72056,62183944,138105,71957,62194515,138105
03f84ab234bf6513,27835,17963303,138569,27731,17973086,138569
03f9aae8e55a3998,98693,88822317,131919,98589,88833401,131919
041bb8e77e78ad3f,43990,34103176,143101,43907,34113449,143101
042911d60381ac47,90478,80602927,131780,90375,80612415,131780
0430a28a269255b4,42467,32601461,132272,42345,32610847,132272
04574c972e08f8e6,15509,5641675,138241,15403,5651300,138241
046c6f5bec0d2bb1,117054,107180626,135429,116926,107192929,135429
0473f352becccb0a,12154,2280402,129084,12051,2290337,129084
049c9d9ef0a33659,71936,62083480,138113,71830,62093776,138113
049e4d5a19b4aa9c,117341,107480803,136228,117252,107497143,136228
049f12ce206cf8dd,47155,37301911,132732,47050,37311230,132732
04a82c85dd7ba161,18568,8679836,137942,18485,8690017,137942
04b6717cd4251ada,27770,17903035,137578,27668,17913659,137578
04e7e0618d381618,95488,85599635,131059,95426,85609695,131059
04ec3b3f77a3de4f,71066,61204136,138825,70952,61214597,138825
05140dd5af89374a,105950,96100832,136681,105844,96113533,136681
051b0f6e3584335a,69542,59680210,135921,69440,59690392,135921
0539e38e6066b29b,26532,16671229,139058,26432,16681201,139058
059d5bcc8870842c,57265,47423387,156178,57162,47434905,156178
05ec69880cedcf20,67040,57200454,137960,66942,57211553,137960
05ee5330d45d8bb3,22878,13003666,129194,22820,13013832,129194
05f210aa5c7f5739,38133,28280313,138129,38020,28291220,138129
0610de069a2c0d06,117617,107763982,137518,117518,107774968,137518
06141f567ee89604,117801,107941295,138518,117681,107955719,138518
064005033c942e3e,95361,85459701,132145,95305,85470412,132145
0648a50824253c45,93118,83242151,132122,93016,83251438,132122
065420f38093c45f,111346,101480333,134502,111246,101491783,134502
065756139b4f3170,88357,78487595,158014,88257,78499248,158014
06b37f028e926ed4,53540,43700113,137543,53438,43709840,137543
06bca0a1d759d9b0,78382,68503797,137707,78282,68514910,137707
06c04369d0ac83fb,27929,18063182,138146,27822,18072963,138146
06c9e7e1a858b23a,67978,58103838,137700,67877,58114520,137700
06d43a58a6c922d8,75641,65787879,179200,75541,65801129,179200
06dc9999d989d724,106727,96880696,136203,106625,96892803,136203
0728c37cd850c0f7,101869,91982273,132059,101767,91992326,132059
0742f9e4a28ffbf1,45347,35479401,133343,45246,35488875,133343
0745a50d205ed40e,35500,25638503,128983,35412,25652417,128983
07470c952c562f24,109574,99680801,135170,109514,99692037,135170
074af5f2373e77b5,68617,58720799,129271,68561,58731383,129271
0752d6b5ee52d95e,63796,53898720,127361,63731,53907425,127361
07705bf57298e299,109986,100141134,137916,109880,100151098,137916
0788bc293aeb1da8,50695,40824149,140048,50593,40833939,140048
07a29829218d0db6,103258,93427878,349157,103178,93453552,349197
07a54b17c67560be,52282,42318721,129795,52225,42328154,129795
07b7161b2337b04e,83403,73541083,139139,83302,73550904,139139
07c8827d754e04b3,101436,91548505,120149,101381,91557131,120149
07d1807b6caadfee,20208,10340071,139191,20108,10350269,139191
07eabf2365acc357,23103,13200145,129225,23035,13209703,129225
07f3f1c787eb5ba6,102475,92604635,139811,102370,92615382,139811
0823b44b85068d8f,35009,25160730,101449,34940,25191353,101449
0826407d8f582aae,40814,30943936,139977,40712,30954391,139977
082bbecec18fbcc5,105802,95940894,138038,105698,95953243,138038
0839471f50526691,24235,14379714,137015,24119,14389765,137015
0863dcaf4fb9ad90,53446,43600469,139103,53341,43610036,139103
0874a86393f46f0f,111128,101280460,134770,111018,101290217,134770
0875a63b20dd30a6,41069,31179282,133257,41003,31189419,133257
087f487244dadfa6,96836,86962159,130622,96735,86971945,130622
08948bffd3130dc6,90131,80280777,137846,90019,80291121,137846
08986c93faa16861,70509,60625051,130909,70444,60635089,130909
08b20710ee52e1fc,118888,109040864,136002,118783,109052858,136002
08c33aa3f1a1d452,25095,15199645,137156,25027,15210173,137156
0911d433823d0645,46652,36781005,140135,46551,36791082,140135
091dcaec315c4c1b,54360,44480277,138588,54266,44490823,138588
09282f11dce42d59,117648,107801082,137164,117546,107812431,137164
0933ee7b79d40994,92746,82883500,140320,92632,82894329,140320
093ba2fa5acace66,14251,4404427,98584,14193,4425647,98584
0943afd7c477e869,108533,98681360,138136,108427,98697288,138136
095b4b7d8762e5ff,56986,47120523,139465,56883,47131180,139465
097bcae83a5ca7b2,91097,81224308,139226,90998,81234943,139226
098c33d4fb40bf7c,88487,78621568,142539,88386,78631626,142539
0992f0433532a058,100835,90981687,142731,100721,90992574,142731
099b22913a5a98ed,112427,102519454,128713,112377,102529624,128713
099d3d2af95825d1,63446,53580730,140354,63345,53590792,140354
09adcb43e9302089,91699,81819662,132089,91617,81829604,132089
09bc4ead6070a6bf,85805,75952122,138599,85695,75962350,138599
09d3e942a67f8ef7,119642,109801468,136998,119540,109814001,136998
0a017aa3e07c3b88,14557,4662133,139881,14488,4672346,139881
0a0fb277a232a8ee,83623,73760841,139121,83511,73770954,139121
0a239e7bea8faef6,52674,42820130,137371,52559,42831322,137371
0a311631b86265b8,105398,95501648,130694,105335,95512874,130694
0a385c69824d0597,41584,31722028,133436,41468,31731281,133436
0a48ec0abf83e8f8,106010,96160995,137589,105903,96173109,137589
0a54d5b808a440b6,82122,72260615,137857,82010,72270473,137857
0a57ef8e429ca986,68469,58622835,104108,68415,58641059,104108
0a7fbc119209271e,67946,58080616,139176,67846,58091791,139176
0ac35a810170aedd,56198,46303555,138269,56123,46314130,138269
0ad4588735add173,35315,25460419,130198,35241,25471393,130198
0ae00800087f40de,85959,76104347,139262,85852,76114457,139262
0b16cd9aa721836c,110908,101020699,136183,110771,101031548,136183
0b1c4e24f6f28f42,57983,48100300,138479,57908,48109993,138479
0b334a78d5eca819,20486,10639972,138066,20378,10650106,138066
0b3590de270c04ac,47002,37139740,132711,46885,37149582,132711
0b64ce594c8f550a,97095,87223705,141111,96991,87233759,141111
0b64d7207c78ff81,76422,66560571,138098,76322,66571567,138098
0b6ade97543f85e4,85030,75160680,137971,84922,75172077,137971
0b6f4b3e36389e50,66013,56160499,137624,65903,56171003,137624
0b87e876bde88c1b,88301,78460903,139362,88199,78471550,139362
0b8f4dbc5332d103,63228,53380587,139207,63122,53391535,139207
0b91bc2053b538da,63829,53938857,129486,63762,53948060,129486
0ba51c8c0a3d877f,22910,13025759,130473,22851,13035840,130473
0ba53ecf707bba30,111411,101541189,136875,111309,101551858,136875
0bab196ce2530b91,70428,60581060,99567,70363,60599865,99567
0bc91230da00e4c4,91007,81160985,139380,90904,81170681,139380
0bcc7749716a7938,22160,12299642,137366,22052,12309555,137366
0befa2128cb33315,101108,91239955,132561,101007,91250093,132561
0c06d3ca04a02fbb,79554,69695041,155462,79454,69707143,155462
0c094b2b122b84ec,48862,39001064,142435,48750,39011724,142435
0c0f697a23a09d82,26565,16699749,137758,26464,16709940,137758
0c3b0a8b3f320d5a,43092,33222710,132281,42982,33233092,132281
0c42bf64051e8c07,61840,51940481,128052,61774,51949648,128052
0c82839e4c1cd1b3,90701,80839785,132815,90588,80850975,132815
0c83655362ba3cd8,97333,87461975,95426,97280,87475793,95426
0c851568a00723fd,77726,67860548,138140,77626,67871557,138140
0c8ce2a4476a476c,75706,65846962,174289,75606,65860722,174289
0c99750d751ad56c,107791,97920909,138075,107684,97931888,138075
0c9b23b9bfea18ce,83957,74084485,138996,83857,74094339,138996
0ca43b4135c3ca53,39450,29579241,133791,39350,29588659,133791
0cb36928bee672dd,34413,24559884,138181,34304,24574663,138181
0cc83015eda46369,68584,58698948,129421,68529,58710093,129421
0cf2460af4f0ce28,117556,107704011,135902,117461,107715375,135902
0cf3ad0dea2e4a03,107325,97439260,128355,107285,97451175,128355
0d05a341acf46a32,28936,19042284,140347,28863,19052385,140347
0d143429ab5be5c6,50727,40860729,140691,50624,40871437,140691
0d4416397363b29f,90976,81124495,137893,90874,81135441,137893
0d4fd723a47ca314,78835,68939064,129406,78768,68949097,129406
0d6489307386bef0,62062,52180531,138767,61980,52191344,138767
0d651a155b7df78a,35040,25182645,129222,34972,25203906,129222
0d88fd1861268f0c,27066,17183443,136507,26982,17193291,136507
0d8b5f7764717742,66855,57000539,138488,66771,57011236,138488
0d8c8e039bde27ef,41871,31970539,132163,41849,31981258,132163
0dcefcfe925b49be,87398,77557419,132354,87346,77574418,132354
0dcf3c27bcbd7dcc,39999,30139278,132800,39898,30149553,132800
0e2a8c83c511d1cf,107076,97205521,127730,106975,97216486,127730
0e3560aa6881ea13,118829,108980715,135756,118720,108994612,135756
0e48ab506c81ac81,38224,28364238,141677,38110,28373947,141677
0e6003befd2264f3,16902,7043083,137928,16790,7053546,137928
0e663723da412785,41554,31699272,133894,41437,31708730,133894
0e666216fe751009,116234,106339556,128848,116216,106359314,128848
0e7aa102fa0c3963,61690,51847458,120121,61626,51863265,120121
0ea591eea73d8d8c,105152,95280844,137535,105052,95293077,137535
0ed6b3f477bbd98f,60220,50343579,137561,60122,50353867,137561
0ee18778cb78bb55,13358,3498337,129112,13256,3508595,129112
0efc71e955c7c788,68201,58340754,139692,68093,58352093,139692
0efcf9dccfdddac6,58046,48160637,138267,57969,48171584,138267
0efd37e633e6f25f,39627,29780800,141932,39520,29791823,141932
0efd79af809b4625,40253,30400616,139624,40143,30410712,139624
0f084b28f063dba6,31502,21620077,139302,31417,21630259,139302
0f10ef2679983fd0,55978,46078831,129715,55922,46088414,129715
0f2e3470f5967ab8,34194,24323573,138950,34096,24335721,138950
0f2f38afdfa4e7df,24049,14183576,140087,23943,14193854,140087
0f47ab7970729a41,31981,22103506,138063,31880,22114239,138063
0f55e3cd2589edfb,92495,82624736,139812,92392,82634764,139812
0f64a8755319498a,86238,76364514,139852,86138,76375234,139852
0fb627efccb66091,67880,58003559,137187,67781,58014436,137187
0fc64971b2f09ae9,65726,55860516,138318,65627,55870367,138318
0fd89d6637cc4457,95106,85241107,140131,95000,85251171,140131
0ff56a07877dc809,96656,86801380,139018,96545,86811491,139018
10012bf23df6b7a8,64854,54930261,130668,64817,54940427,130668
100269a3b3265dd2,111443,101580741,136705,111341,101591173,136705
100387d19eb4e918,55030,45160747,138544,54929,45171723,138544
100835aa5ea9b075,71906,62060160,136458,71798,62070511,136458
100a8cfc6fd22719,94162,84297399,117146,94063,84306768,117146
100dc846a1ef2349,84055,74184003,137480,83955,74194473,137480
101445b45de6ab4f,23640,13799809,138398,23538,13810384,138398
101f5f1f84393fbe,91908,82039525,130892,91792,82049179,130892
10456b31fcbf72f1,110962,101084078,136343,110828,101093941,136343
104ad4be4fac1321,92684,82823564,140199,92574,82833325,140199
10581aa3ad96f2c8,19312,9399906,138981,19247,9410824,138981
1081344b468f1675,28023,18163205,137124,27912,18173581,137124
1089131bfc2b45d1,118569,108681387,136987,118493,108692915,136987
10a603cbd64e317f,112759,102880977,137632,112653,102891803,137632
10bbaac8f79efcf9,66106,56243559,138343,65991,56253457,138343
10da688e55314ffe,54419,44543762,138316,54314,44553988,138316
10e2e41fb0a36940,42174,32241468,132682,42095,32251848,132682
11090a73d88a02d0,87770,77861821,131745,87694,77871065,131745
111b3492a2a88a04,81246,71381506,143326,81137,71393459,143326
11359badb63d751d,49681,39780212,133644,49618,39789335,133644
113b317fba267791,46221,36359249,132590,46104,36369117,132590
1150c42422b9c2b9,100143,90300021,131785,100038,90309851,131785
1182fcf9bab5f706,40127,30259097,131914,40023,30268951,131914
1185bf7bcd4bd6dd,89960,80081955,131461,89838,80091180,131461
118e204ef7457000,23071,13178340,129835,23006,13187654,129835
119e23521c5b210e,85268,75423836,140004,85163,75433951,140004
11a1a51663991e62,110775,100860723,136583,110683,100871435,136583
11a5116c2346e2d9,95551,85659797,131165,95483,85668914,131165
11ab7f8b26093c06,109387,99482428,139151,109351,99494284,139151
11b3d40344cb9b25,112217,102369607,96709,112173,102392337,96709
11f237adf312a61b,32794,22931398,138927,32700,22947051,138927
120eb50f4df6c7a7,16134,6259868,137912,16036,6270093,137912
121d1b8e32d1b9ba,10670,781116,132823,10590,791028,132823
1243cb41aaf1017b,80592,70726449,132717,80541,70751383,132717
1259d287b475cb92,35071,25204575,130067,35002,25216269,130067
1274c72ae778d685,48984,39140485,139563,48879,39151102,139563
129edba075cf890d,35380,25538569,130000,35302,25550400,130000
12ca42f479cdf69e,58353,48483565,137875,58244,48493552,137875
12d32eb340a83322,90543,80680045,133054,90438,80690192,133054
12db48344b6a1dec,25537,15682988,137193,25429,15692450,137193
12f99db5cebef6a2,76356,66483990,136679,76257,66494515,136679
12fa9a834a6b4681,18413,8519760,137220,18348,8529484,137220
130123d91055a476,48954,39100567,140612,48839,39111183,140612
13083b5095e60ed8,109126,99313115,374788,109072,99367170,374828
13131204d38e94ae,92868,83017195,116556,92762,83026231,116556
1339af795ed11bcb,29760,19860086,138876,29600,19870107,138876
134e9fc12648157b,53507,43660460,138748,53402,43669833,138748
1374923f94aeed45,59843,49958715,128265,59773,49968255,128265
138fed19420ebe9f,21623,11779689,137148,21517,11789494,137148
13a5bbef7d3ad9d4,12781,2903062,138308,12683,2912606,138308
13aa873f5fb9c168,63764,53868043,128103,63699,53877317,128103
13b934a35a889585,99277,89421652,142299,99175,89431622,142299
13e6661ac37a2330,90670,80800194,132179,90558,80810522,132179
1402f4c2d372459c,17305,7439751,138329,17202,7449312,138329
140822150aefbe31,92085,82241037,139742,91983,82251203,139742
14088b08d3796a07,72153,62280473,137820,72054,62291560,137820
1418c21bfbadc4ef,19793,9943296,139516,19688,9953695,139516
14526c2239f52677,88088,78221701,130904,87968,78231387,130904
1452b1832acc05c2,61329,51460327,138393,61229,51470510,138393
145b21529a6e2f74,109063,99200959,137836,108962,99215006,137836
145ca7e587d5a730,45314,35441591,133926,45213,35452501,133926
147121a8d02c5177,75148,65240724,128169,74986,65250160,128169
1484c6d61b506172,85000,75124258,138337,84897,75135414,138337
148806ddbf036918,84820,74939484,131411,84744,74949947,131411
14b94f981439332f,74883,64948860,92828,74776,64956414,92828
14ca6ec8cf1b8441,84216,74344062,139725,84113,74354530,139725
14d1eaeaa6d9fd67,47185,37339096,132310,47080,37349008,132310
14d5f54f71aa04a5,106666,96820898,138078,106560,96834428,138078
14dd6e1677bc1c29,34753,24879890,137587,34657,24891844,137587
14e15c8d1e1d22b6,54331,44443375,137331,54242,44453773,137331
14e17b3fd84893a7,25568,15720183,139018,25459,15729872,139018
14eae4cf1ff208d1,80716,70859456,130924,80663,70872763,130924
14f0d2a35c71f6cb,100454,90584978,140517,100353,90595287,140517
14fb0be784bdc190,84022,74160786,138672,83922,74170704,138672
15048fc5805c5164,80685,70822177,132944,80633,70834596,132944
1547ed3f9222e806,110174,100301753,148182,110074,100312642,148182
155a5b22b44a9537,67291,57423931,138812,67171,57433976,138812
15644a93265245f9,78959,69061248,130300,78879,69071833,130300
157ef4cfdf92ee76,97941,88039877,132074,97778,88049193,132074
158d4e4e1f5350c8,30346,20480228,139784,30244,20490914,139784
15b737bfacd9e0a1,76710,66825807,129448,76649,66835690,129448
15cebc88463e0765,19028,9147897,112593,18999,9156414,112593
15ee6b2cce21970a,65443,55600540,139113,65340,55610978,139113
15f9b67122ba91ff,34289,24421845,128909,34187,24432945,128909
161779b93f7aa375,39598,29738968,131496,39477,29748707,131496
16467d9fb23e6287,43651,33804985,103930,43579,33824212,103930
1647331d05b908ec,82214,72361032,139750,82100,72371982,139750
165719b337218623,69511,59640682,137542,69410,59650780,137542
16646ad8e1d83637,31770,21919924,138726,31658,21929991,138726
1669c4c365f1e4bb,103813,93941948,130643,103707,93950838,130643
166b4a3de7714de9,84279,74421004,139154,84174,74431499,139154
16839e1cdd8e26f6,25508,15659800,138667,25397,15669634,138667
16970abb3316fe56,23346,13463165,138794,23243,13472642,138794
1698fa1086511b1f,47717,37819076,131935,47656,37829341,131935
16afc7b506f6662f,118357,108460793,136208,118321,108473636,136208
16b22e91762e1ddc,32515,22663426,137256,32411,22673472,137256
16dfc4862b19d186,50790,40930664,132824,50684,40939773,132824
16e8689a31116d11,88059,78199641,131664,87937,78209271,131664
171daf96d65b3adb,76678,66803917,129201,76618,66814589,129201
1731af979a1f7ddb,114707,104840708,136276,114617,104856119,136276
1751cf942c5b500c,94544,84683884,142177,94433,84693961,142177
178255ca61a6f5d5,51280,41418815,130368,51178,41427972,130368
178799419ecdd63b,34536,24683267,137191,34435,24694512,137191
179adec6d961a5ab,100487,90619840,131954,100386,90633428,131954
179fa642c1530763,74175,64304235,138405,74075,64315039,138405
17a81b09588513e2,9980,140287,140212,9879,150904,140212
17afaf56fbc6e260,90511,80640027,133572,90407,80650190,133572
17b358694985007e,104431,94564821,139419,104324,94576606,139419
17c1475baa57f7c2,82522,72666200,131476,82449,72676607,131476
17d38fb32240815c,96218,86350335,155870,96119,86362555,155870
17e80a96419bef52,39173,29281377,132433,39107,29291120,132433
180469c7a01eef61,19734,9879819,138293,19617,9889244,138293
1827385deab67b09,38194,28340322,139757,38078,28350819,139757
1830dd95bc369fda,29915,20060421,141499,29798,20070462,141499
184c797eaf38b4b2,28742,18867420,127802,28674,18877385,127802
18541161b04cb21e,92181,82340726,138615,92079,82351519,138615
187b1557718449c4,106882,97006402,135211,106785,97018448,135211
187e8489b83728d1,16699,6819834,138733,16602,6830017,138733
188905f1083d9e9f,111379,101503313,136021,111278,101514102,136021
18d7f4770a197412,79935,70080961,140024,79824,70098009,140024
18e09fca4cdbfbc5,115004,105161178,137641,114904,105173561,137641
18e4b32f92cc04bf,82153,72300981,138098,82039,72311085,138098
18e91310c4708e76,52254,42295983,113205,52205,42304915,113205
19028b23fa08393e,114736,104863901,137360,114639,104875349,137360
191ad9331cb12450,51160,41318804,129989,51056,41328558,129989
193f4390f1ba8fac,59469,49600222,137417,59368,49610104,137417
195cbcf28606bc71,12122,2258606,130570,12021,2268353,130570
196f7d1db55d44cb,30595,20740436,140884,30480,20750348,140884
197aa6e4e09908af,13612,3760034,138316,13503,3770391,138316
197eab39abdb5d49,92462,82601154,140368,92361,82611841,140368
1982c57a3961d7e1,86335,76464554,140193,86233,76475184,140193
198639b69d1a28c6,53386,43540437,138616,53278,43550233,138616
19c74cb7310ee264,65791,55923917,137551,65691,55933377,137551
19d417d1c8f20a8d,15602,5739679,137909,15491,5749113,137909
19d587e86b56ad67,65112,55204977,141420,65008,55215211,141420
19f2e219e0df6235,98438,88575109,150160,98341,88586271,150160
1a0e14517701c7e0,56890,47020401,138259,56789,47030471,138259
1a2b32f9b4c58b26,10732,841973,137250,10646,851690,137250
1a33a270bf8849ab,78674,68789424,129477,78613,68799613,129477
1a3b08d7a2353f0f,71246,61400564,137951,71142,61410613,137951
1a4019ae3772c4a8,82586,72719561,132213,82514,72729644,132213
1a4eb0cbde95f4d9,62823,52958665,128509,62720,52969052,128509
1a53c9f6891f0f78,19399,9499855,136840,19312,9510627,136840
1a60510d8b7cc76d,72314,62444383,138620,72212,62454494,138620
1a7ca0629651aa75,32607,22759731,136614,32503,22771609,136614
1ab027bfbd0e923a,47333,37459870,134386,47228,37469182,134386
1ab68cd831d79e9d,88145,78299878,131597,88038,78309994,131597
1aee4d5a6c0b2fbd,65413,55564209,139013,65310,55573733,139013
1afc555efaad6142,50759,40900388,139268,50655,40910820,139268
1afcc5392423d290,63074,53220138,137415,62961,53230618,137415
1b256bbbe443d214,70040,60200336,137208,69940,60211162,137208
1b2eb3cfa7b73147,50599,40724128,140739,50499,40734402,140739
1b362f4280b430ca,23608,13760116,139185,23498,13769792,139185
1b3a11da3dde3f51,17714,7863083,156334,17601,7873784,156334
1b474c7afe0463a4,82652,72779727,130964,82578,72789293,130964
1b513f75bbc59b2a,45073,35219157,132705,44960,35229049,132705
1b52e1ef5c96f2eb,44825,34964064,140023,44716,34974395,140023
1b69754fa133e30e,82306,72460749,139109,82199,72471382,139109
1b6b04a1a843b289,102969,93101362,140705,102870,93111785,140705
1b816398137898bd,118540,108644047,137109,118471,108656096,137109
1b9bd70a2a69bfd9,39237,29341335,132191,39166,29350307,132191
1b9e131efadaee12,98969,89119843,131826,98860,89130292,131826
1bae1f374592bfee,101352,91507603,111485,101298,91527152,111485
1bb5044f829f7419,66075,56220138,136726,65961,56231104,136726
1bbc391a46546bbd,110719,100800988,135991,110644,100811102,135991
1bbc5d3a32c79158,49293,39424398,139780,49193,39433892,139780
1bc7a3349c1e57e8,40346,30483934,139288,40231,30493837,139288
1bcb33793be61b27,10852,978474,130592,10749,988014,130592
1bcd71a11eb6f6df,17465,7599600,137018,17357,7608962,137018
1c03419852d072c4,11304,1439456,136856,11201,1449263,136856
1c201301d3e93eea,52881,43023735,157383,52781,43035173,157383
1c6f71ef2cffdc3a,85928,76080838,139081,85819,76091715,139081
1c90d3606b18f056,90261,80421042,138561,90161,80431274,138561
1c97fc4840cfa82b,19823,9979937,139140,19719,9990530,139140
1c993bbf37e53d10,110109,100240629,135398,110009,100251419,135398
1c994e9b7e70c18f,58109,48223694,138836,58027,48234863,138836
1cd3db8ad7007c71,119267,109400983,136932,119165,109412959,136932
1ce6fff52545895b,48706,38839192,132330,48602,38849365,132330
1cf0aae561433f47,113076,103203908,136388,112975,103213909,136388
1cf7ecc82a94d161,97301,87445721,79400,97249,87469463,79400
1cfba5f2f302be0f,82183,72324470,138951,82067,72334754,138951
1d286988b765edf3,32393,22539960,138097,32279,22550119,138097
1d435db45e8a374b,80027,70180694,138628,79921,70194387,138628
1d442798ba00cbe7,20272,10403443,138496,20168,10413746,138496
1d6b819f5ca7dfc6,34383,24520494,138040,34276,24531951,138040
1da60d3464f4dcb7,117183,107320588,135689,117093,107335742,135689
1dbf124adfcf1e95,29971,20118308,128958,29857,20128113,128958
1dc6b154f59733a8,41652,31877980,350918,41629,31904073,350958
1dd849f9807036ee,74464,64569278,130476,74403,64580003,130476
1ddf652bd34cc469,36318,26443057,136647,36217,26454090,136647
1defda0c75644906,96998,87122756,131598,96896,87133139,131598
1df791cb088c28fa,67128,57260537,138492,67024,57271164,138492
1e343c67890a9071,77264,67401484,142221,77143,67412384,142221
1e54f79822a1a130,98877,89020026,132888,98763,89030522,132888
1e590d9439926579,12407,2518296,129231,12344,2528138,129231
1e635a75bb28e4b4,117373,107503921,136906,117283,107515431,136906
1e71822bc95d2087,118197,108301191,128740,118173,108412958,128740
1e8788e616a4917b,78802,68899458,130366,78738,68909281,130366
1ea27b473f48ac48,77088,67199206,130832,76998,67209534,130832
1ed967adadb1e632,48924,39063953,139652,48808,39074136,139652
1eecf90121a9aadd,52443,42520291,138480,52324,42530084,138480
1f164e0799c2068e,46280,36420285,123648,46168,36429307,123648
1f4c3cce1c57fa6f,55750,45880780,140438,55644,45891445,140438
1f67b93f94496d38,10607,718719,132926,10533,728367,132926
1f8f0d4d2f7e6047,68169,58303386,135901,68063,58314845,135901
1f9001221838f401,89634,79721718,131508,89578,79730712,131508
1fa8365d4309688c,111724,101864114,136502,111610,101874581,136502
1fea23a9d5cb6112,42281,32378805,130818,42165,32388405,130818
1ff170bc6fdc5f8b,40588,30720399,140521,40489,30730738,140521
1ffbf44d5e0ff838,15064,5220080,139297,14959,5230229,139297
1ffc16aaef68e831,71658,61800352,137525,71553,61811702,137525
200799daa309657a,61905,52020942,140956,61836,52031183,140956
2023eafd21cc8f5f,81837,71964764,140185,81737,71976208,140185
203d189d48bf9b42,30686,20839955,138235,30580,20850831,138235
2055a60c6eb00e2f,87348,77535365,395917,87290,77565829,395957
20831ad5fd2d41a4,69198,59343721,138129,69091,59355343,138129
2086cebb84eea727,69169,59320438,137534,69060,59331774,137534
208fb2835e7a34cc,31216,21318597,131061,31150,21327817,131061
20a446583dde89ec,69607,59740323,136866,69503,59750704,136866
20a600cabf0ddb8a,67636,57780424,137642,67524,57790369,137642
20bbbbbc30fedbfb,17402,7539638,137694,17296,7549227,137694
20de098ee128d0d8,82841,72979287,130683,82759,72988691,130683
20f444fbd95d0277,59778,49904811,128849,59709,49914514,128849
2105474085199064,59908,50018901,128954,59837,50029278,128954
212fdf0b9b486b5e,63315,53443594,137462,63216,53454028,137462
215714659dec2068,102725,92862455,132278,102610,92872283,132278
2158af8f41471b3e,46685,36820500,140267,46583,36831189,140267
217b4703c72bb81d,17434,7562930,137927,17327,7572259,137927
217b4cb620b8d638,50285,40439356,132967,50177,40449057,132967
217e699503b98496,53823,44008633,356561,53762,44037981,356601
2196d181d39530e4,26435,16562849,138097,26334,16573181,138097
21dd9c5455967fb9,66413,56541126,137798,66313,56551815,137798
21edcf745a97e001,55946,46047575,128244,55891,46056931,128244
21ee14f84735465b,119330,109464062,135786,119225,109475687,135786
21f41858f082e413,28871,18978346,128925,28801,18987782,128925
21f59892916d9f7f,17840,7999859,137921,17738,8010533,137921
22241135a0a382dd,43618,33787622,353390,43542,33816914,353430
222a73d7dfb2b50b,87226,77377120,137391,87120,77386899,137391
22370f58fc87f58e,71499,61624060,140111,71398,61634261,140111
223fe9319073121f,18997,9128778,111755,18968,9137232,111755
224cef08d86a9b36,103903,94041644,140718,103784,94052000,140718
2274aff8b5e47446,63105,53243402,137354,62991,53253727,137354
2291140766f48e38,66478,56645642,339278,66398,56672943,339318
22a39ab858c1f9f7,63893,54000233,137409,63823,54011201,137409
22b03f7032bc486b,61491,51620222,137384,61389,51629781,137384
22b2ebb5c12f82eb,101302,91488988,359238,101243,91519055,359278
22f242ca77af1442,18122,8307460,349605,18060,8335477,349645
230e0f980a81c753,30868,20999995,138366,30769,21010383,138366
23258477fe8c9d72,49014,39163988,139095,48911,39174263,139095
23330344264baada,15724,5880048,138926,15617,5889636,138926
233448c2393f060a,94946,85081553,142405,94844,85092118,142405
23453d165210a7f9,86076,76204422,138354,85977,76214734,138354
235133c74291db94,116394,106501163,138525,116362,106516454,138525
235214809e152351,113523,103660892,136318,113410,103670343,136318
2360ac18795c4d1e,89076,79204606,138987,88976,79214702,138987
236287045739c26d,70702,60820134,136620,70630,60830806,136620
237cf27b4698c7a5,74592,64769558,345122,74526,64798122,345162
23b2c2c80c1374b0,55831,45985019,100332,55777,46005686,100332
23b6529347891196,106605,96744221,137837,106493,96755643,137837
23b863243435818b,114944,105100805,136413,114841,105114576,136413
23c11a0329757ad6,81996,72124483,139131,81892,72134305,139131
23d72ec67f912501,115849,105984083,155117,115748,106000756,155117
23e482e3915a3d38,94356,84484200,137503,94254,84494530,137503
240f3e19621cb596,71563,61700525,138566,71461,61711063,138566
2427a73b499cca93,116784,106921037,136949,116659,106932705,136949
245888e63efe014c,81340,71480763,138304,81220,71493542,138304
246bd6920c6345c7,103227,93361287,139578,103123,93372383,139578
24706cfc60d57607,59876,49980551,129510,59805,49991203,129510
2480f3786fc1ae9b,41806,31925556,116516,41786,31933853,116516
24865bd0c0f2bcf2,117464,107603699,136692,117373,107614904,136692
24872aa823ded880,37066,27199284,134354,37000,27213340,134354
24ae6f62a2023c2a,88896,79040859,138651,88780,79051407,138651
24ecf289c8b24fcd,111043,101180628,136203,110918,101190303,136203
24f8d389cd867d5d,18715,8840078,137500,18606,8850567,137500
252f387b85fcf727,12957,3099814,138796,12838,3110257,138796
25473ad504ad577f,107260,97386255,128924,107221,97430443,128924
25495d32817a947e,38009,28140272,139459,37902,28150656,139459
2562d9718fb78eef,87052,77185964,138129,86927,77198230,138129
257354881fbd45fb,11271,1410925,138312,11169,1421206,138312
2578811243c60f94,82747,72879652,132237,82670,72889204,132237
2587b7ae796dda0e,98817,88960010,132661,98706,88971196,132661
258bb5e4d76c06b2,67481,57623920,157987,67364,57635414,157987
25956e3e12672389,109780,99922280,135811,109674,99932171,135811
25b95b626a269117,93534,83639938,133067,93465,83649474,133067
25d4b9f66f96e003,19455,9559686,137749,19351,9569890,137749
25ef19a414334f3f,46073,36199246,133013,45979,36209597,133013
261e4e34fc296810,42146,32218963,132190,42075,32229694,132190
261eab75641bb6c6,16757,6879888,138778,16650,6890191,138778
2635d0eb9bef9099,61362,51483328,136187,61262,51493330,136187
26b71338007f2688,11495,1639816,137369,11389,1649465,137369
26dca6c6e80d0f1e,59317,49462372,128382,59211,49471485,128382
2721894f79f2875f,32330,22463236,138244,32220,22473389,138244
272dd38fad800c69,54051,44158743,128538,53992,44168400,128538
2739cea577814821,41903,31992890,131816,41878,32003153,131816
273ad1087ac94e95,38255,28399535,132582,38141,28409170,132582
276c5cdc6b6a32db,43733,33850048,134187,43661,33860066,134187
27881c1f4df75b84,92956,83082113,132421,92855,83091646,132421
2797b849c6cadf8b,52544,42660351,138143,52398,42670243,138143
279b21b745f4130e,71595,61723904,138486,71492,61734134,138486
27a5fa7909f55563,84912,75039771,131679,84823,75050280,131679
27ae2978ef7d8b1e,18220,8345690,129477,18162,8355568,129477
27b00f1ff181ce96,42117,32182980,141828,42054,32193533,141828
27b2822f16f5c78b,27220,17343088,137944,27118,17353232,137944
27b56d6558647280,19984,10103211,139019,19888,10113203,139019
27ca9299a5e84728,93718,83839761,132261,93626,83849714,132261
27d3b38e78e2670d,76267,66420099,130244,76161,66430228,130244
27f54293642c5c0a,106544,96681510,137073,106436,96693290,137073
282c23ec5ebf6a1f,27802,17939929,138350,27699,17949897,138350
28321ad3d01670eb,91760,81879700,131515,91669,81890391,131515
2847106805b4049e,34257,24400124,137469,34157,24413103,137469
284e6695f293aecb,53628,43760333,138667,53527,43769969,138667
2858830bede20657,107641,97760951,136589,107567,97772109,136589
28a68d3be7cc33dc,71036,61180736,139888,70920,61192374,139888
28aba04e0f4bba61,62093,52203835,138148,62007,52214591,138148
28b5e5b8105aa1a1,110602,100676470,127298,110558,100686767,127298
28bbac8a8894e949,17371,7500139,139613,17266,7510161,139613
28eeee5b78eaf04e,70323,60460124,136194,70217,60470929,136194
290902273cf764bc,52224,42275469,112940,52183,42284556,112940
291610c2cd0ba113,28967,19080314,137495,28892,19097567,137495
291fdd94a50c4b63,53757,43900413,138280,53656,43910142,138280
29212c8956e2b0aa,39869,30000425,140485,39769,30010918,140485
292616b7d52c41a4,110378,100514417,128435,110355,100524585,128435
293a18467ed09714,107517,97624009,136641,107463,97636879,136641
293f5ea30765f4ef,115259,105384244,137723,115164,105396961,137723
2941168de7136f90,24327,14480020,138717,24223,14490620,138717
2958640b5b963abe,77352,67499078,129356,77238,67509477,129356
29669491fbe51573,112788,102920581,135132,112675,102930306,135132
296e4f66c279c69c,91162,81301309,139635,91063,81314651,139635
298bf016df94d4f0,88422,78563702,155818,88322,78575415,155818
29aa8c99fee3b480,112932,103080609,135833,112818,103090629,135833
29ab3c481c5df9b2,59006,49140616,138528,58895,49151068,138528
29c1969d66e6ffb4,68137,58280452,137176,68032,58291817,137176
29fd80dfd9ec7389,33496,23603036,137495,33418,23614255,137495
2a23fdf32e115573,84152,74281073,140718,84051,74292024,140718
2a2fb88a9d0a13d1,65220,55340463,138636,65081,55350375,138636
2a623cd386b956bf,28491,18622815,154633,28389,18634652,154633
2a6cba6b8df29a7d,11000,1140301,139196,10878,1150442,139196
2a7a73c890ae6398,97541,87645949,96743,97472,87653214,96743
2a8c346e333c52ed,47398,37539439,134035,47292,37548732,134035
2a9795e2e793e39c,11961,2082136,140860,11862,2092634,140860
2a9ea9a66df5a215,72001,62160628,137887,71900,62171927,137887
2aafe7148267132e,50139,40279651,133763,50020,40289728,133763
2ae7b43f49863418,93747,83862058,132176,93650,83871663,132176
2b23bcf1cee2b854,76776,66880564,138097,76714,66891988,138097
2b3a01e6b709da8a,26662,16799853,138338,26560,16809725,138338
2b4cecd3d106f7a5,69110,59243968,138473,68992,59255026,138473
2b6bfa78c1f05ca0,31622,21759985,137531,31520,21770051,137531
2b713279945147f4,21841,11978081,183063,21741,11991555,183063
2b93a45f76f412a3,21970,12099934,138477,21868,12110032,138477
2b93c9ea867f6274,59972,50080297,127955,59898,50090187,127955
2b9b5974669fbe62,21016,11118465,129802,20952,11128033,129802
2be393f26d41c2a6,53233,43360535,129171,53124,43370333,129171
2beb6ed9b8ca1827,46310,36459258,133089,46198,36469316,133089
2c1c884f8df93a1a,42058,32120534,139024,42010,32130950,139024
2c1d12c7db948600,58716,48843425,137815,58614,48853797,137815
2c24776b783edf0f,62449,52600557,139120,62341,52611163,139120
2c2840fed42fc604,10231,360182,141440,10130,369921,141440
2c627817d67da6ab,23007,13099964,129657,22946,13109542,129657
2c6706d58386a103,56259,46363727,137535,56174,46373924,137535
2c7a9e5407a2330f,60035,50160201,136606,59957,50170727,136606
2c816f1176582758,105590,95712437,137645,105515,95724884,137645
2ca2cf3df9bdd728,91638,81741975,131871,91563,81751159,131871
2cd8dc1b99fe3532,102881,93041354,139373,102780,93052022,139373
2ce4141f6ff32ef5,47783,37899366,132442,47719,37908479,132442
2ce731e5fc6d23eb,107107,97239214,127985,107005,97254075,127985
2cf73b0c454e9de7,63167,53320430,138430,63059,53331329,138430
2cfedf4d412d55a2,52066,42178431,93172,52047,42212737,93172
2d04a242f8477db5,25601,15760704,137933,25498,15770537,137933
2d05ec9e1f2624e4,27458,17603171,137838,27349,17612612,137838
2d2e70f8c9bc9100,48360,38520463,138239,48258,38530812,138239
2d4d5b9146d4d88c,40686,30820571,140473,40586,30831197,140473
2d7466bb0fbbece7,67606,57743774,138112,67494,57753861,138112
2d93653141b76f96,78929,69039272,129714,78852,69050050,129714
2daa9a365184f736,49808,39919220,132802,49738,39929021,132802
2daf55ab4c15ec1a,70386,60564446,328626,70317,60592072,328666
2dc31834aefec111,95010,85141120,139114,94907,85151460,139114
2de293e667637743,105431,95540785,136302,105367,95552019,136302
2deacc99fb28b9d5,38980,29103684,117318,38920,29112875,117318
2deff845bf47cd16,70918,61041392,140771,70820,61052970,140771
2df6cf4233012aa4,28116,18259750,137191,27999,18269887,137191
2e05f289c03097d8,118799,108941222,136356,118681,108952186,136356
2e2ff5acffcc2c6c,21237,11342931,138044,21158,11352275,138044
2e471d4d299b6726,79779,69919315,129318,79674,69929757,129318
2e4a4b170c836bf1,88679,78821244,141520,88575,78832090,141520
2e6ff1ca11462025,29061,19282889,339516,29034,19309268,339556
2e73e311aa580073,119546,109700906,136837,119440,109713250,136837
2edf35f15f8a3ed7,53355,43500171,137488,53240,43510248,137488
2f11dac071964ce4,66701,56838973,129584,66623,56849148,129584
2f16eeb4f4a4b52b,83121,73281335,140771,83020,73292113,140771
2f40e3a02d068ab8,62478,52623807,137700,62370,52633573,137700
2f41638fe65f3e39,14300,4426340,129873,14243,4436091,129873
2f5b65e4f1ba0411,76146,66299654,130617,76038,66310084,130617
2f6303c2ffee7a2a,107211,97364434,98597,107159,97429640,98686
2f6dd4c57b2e9c78,30088,20222553,153572,29989,20233642,153572
2f71bc3842d6d6c6,61459,51583337,136722,61359,51592764,136722
2f94344cae7b80bd,64198,54324017,138424,64090,54333848,138424
2fa1a11b26d436ee,48579,38704133,139166,48478,38713897,139166
2fa8c551ee74d036,100301,90460977,138088,100199,90471281,138088
2fca072733eccbf7,63198,53343723,138093,63092,53354823,138093
2fcccfbed0c1a066,110661,100723027,138572,110603,100733693,138572
2fd2a80d7965d1bd,57080,47220044,137146,56973,47230704,137146
2fd5ecf322a1a872,49840,39941556,132057,49767,39951723,132057
2fe9eb35694001ec,11928,2058325,130035,11829,2067713,130035
2fee70d461087039,118450,108561026,135708,118400,108573310,135708
2ffe8a7963b6f824,70796,60920830,139404,70715,60931722,139404
300c9cce322ab12f,40500,30660255,139490,40399,30671035,139490
3026df27a138ba52,33525,23640070,138079,33442,23651320,138079
3057d6693e1731b4,119074,109207059,136620,118975,109219660,136620
3087a6636415f51d,109722,99843431,135068,109631,99856663,135068
309830a517f742ff,105088,95221268,139643,104989,95234141,139643
309b6d339b28ff70,52648,42780414,138149,52518,42790340,138149
30a91283458b76a1,95643,85759831,132127,95561,85768986,132127
30c48f709eab5fd7,60160,50280222,137175,60069,50290162,137175
310c0065a8fa22e1,22314,12458143,128243,22197,12467444,128243
313986a4515eea40,108564,98704449,136875,108457,98717855,136875
313e03f95d4f7ebe,102378,92504484,138273,102276,92514885,138273
3156549a4071e63f,29606,19660545,129311,29507,19669763,129311
3178cb262798c89d,47621,37745509,122838,47561,37754588,122838
319c9a3616bcb8f6,47574,37724759,83023,47515,37744592,83023
31a72359086f0b67,65002,55081194,142632,64932,55092452,142632
31b29d86807975a9,82965,73101679,130854,82872,73111362,130854
31c0c8dd98c0302d,43400,33559291,132281,43296,33568582,132281
31c4d480202d50e4,50380,40541120,143475,50279,40551474,143475
31d990435bb8c6ff,63413,53540256,128182,63313,53549383,128182
31da06cd61b83987,88234,78383359,140585,88128,78394402,140585
31f12319b0145f26,19538,9659555,136489,19409,9669014,136489
31ffb1578a8519c8,96283,86421118,138861,96182,86431728,138861
320dd7f905e5e11c,52816,42946469,154958,52716,42957540,154958
3218a4d9c83d51d1,60339,50480550,138839,60223,50490437,138839
3265c64bf1eb3e85,113461,103600962,136372,113352,103610469,136372
3296bb33d60aad0e,61241,51400819,139715,61139,51411515,139715
32aa81a2493ec47a,64973,55040349,131568,64911,55050303,131568
32b075a3d82ad7a1,64257,54400488,138174,64140,54412462,138174
32f121cefd5357a7,32640,22800099,139410,32543,22816946,139410
32f6d9ef3eb8916e,69139,59280303,137201,69019,59291291,137201
32fe9096e019ae1c,40653,30784034,138883,40553,30794474,138883
33134229db5ffd7f,78641,68767552,128942,78581,68778135,128942
332162f90c2bd4f6,73024,63160770,139044,72903,63171845,139044
333a139c05c61f3a,99115,89242568,133705,99014,89252672,133705
336447103ed5fbf1,96251,86383568,153958,96151,86395191,153958
337eb2ecd1458405,69478,59603464,136790,69378,59613716,136790
338e86b6879d23a3,53325,43462680,141158,53211,43472528,141158
33cb7347bc5e6b71,75313,65447843,159704,75190,65461178,159704
33d0c8202c047d72,91259,81436901,404436,91192,81469129,404476
33e4284fb19f69a6,25063,15162159,140328,24999,15172557,140328
33f9e47b91a4a72c,97764,87842528,130380,97644,87851981,130380
33fc268c6ad6a18a,10447,558614,132263,10380,568439,132263
3421ae6a7ca5fa04,31280,21398380,127693,31213,21407768,127693
346bddbce787f370,15318,5442588,136337,15217,5452171,136337
34787c9a8813e273,33149,23264682,129413,33103,23294391,129413
348d248590dd8ddf,110988,101120665,135366,110858,101130394,135366
349629860412340d,112093,102224147,137244,111993,102234187,137244
34bae8bd9a2b926b,21143,11260099,138727,21073,11270270,138727
34e4753b78cf3bda,18349,8440065,128925,18289,8449624,128925
34e69957326ccf50,114464,104580866,136861,114420,104594253,136861
34ee05134657d25f,86757,76861052,139935,86688,76872088,139935
350cf51ece8924d6,96533,86681173,139121,96421,86691899,139121
352821f951a74c21,43185,33321177,132067,43070,33330545,132067
352a834e4ee7a222,44083,34201298,132429,43991,34210968,132429
352e7f101d13ccda,15571,5705457,136243,15462,5714898,136243
356bc8b28db57723,32142,22280269,138776,32039,22290156,138776
356d05ecee4638db,11173,1300160,130665,11071,1310495,130665
356e3a9fc88c901a,57204,47343474,138620,57090,47353647,138620
35892560148dbd2e,72346,62524514,330666,72278,62553644,330706
359f78d837586bf0,71845,61983845,138017,71731,61994965,138017
35b2dc5d47f1bec6,62791,52928806,151769,62690,52940310,151769
35bae9d4f491baeb,75485,65640587,138323,75379,65651057,138323
35de27258fd1e146,109896,100040704,135740,109779,100050696,135740
35fd351a319c76c6,92301,82444090,156925,92201,82455968,156925
3604fa864a700574,64404,54556745,137706,64295,54567034,137706
3615f4137d902ba0,66543,56684443,129731,66467,56694688,129731
361b709ee3de77ed,16293,6405654,130993,16235,6415641,130993
361fe9a7b210de60,28296,18431035,137033,28196,18440938,137033
36248f24a7b03aab,24546,14682685,154687,24445,14694231,154687
363025c6d9d0807d,41774,31904064,103490,41754,31911857,103490
36317e659ce4ff40,32238,22363206,136793,32132,22372915,136793
36349f8046126e56,95732,85859675,131485,95635,85869362,131485
3643b7b9521c3ca4,10511,618678,131166,10442,628611,131166
3659bef64ba2e126,54115,44220659,140918,54053,44231072,140918
365aeaa6e970f360,48481,38604430,140227,48381,38614339,140227
365e8ed5e5dbe88e,98534,88661550,141847,98436,88671977,141847
3676d0ca1cfee9e7,22974,13078118,128443,22915,13087351,128443
3676f31f8ba77810,28240,18399869,137198,28138,18410260,137198
36772d6a855c7236,110829,100920878,136533,110718,100931143,136533
36982b5a4f261466,113801,103960987,138052,113699,103970832,138052
36c00a5e3ab25e3b,16727,6843334,138856,16625,6853274,138856
36c0792a2f2ff6f1,55283,45423586,137076,55172,45433281,137076
36d1df68a5255af9,107968,98121087,137576,107864,98136057,137576
36dbbbda40539101,84247,74380759,138509,84143,74391840,138509
36ddfd84655dcf63,118419,108520943,136617,118374,108532225,136617
36e9c42ccd82a443,41100,31201575,132007,41033,31211359,132007
36ebbce88cc08cca,100172,90322199,131638,100069,90331972,131638
37135edaeec454fa,66885,57040747,137654,66799,57051068,137654
37137788f83d2c0c,100389,90524155,157040,100289,90535192,157040
3725358e9ae5b81c,74560,64672202,141329,74496,64683693,141329
37507d3294d58d4c,109604,99720423,135310,109538,99733501,135310
3768eb01f6d8c8d6,90316,80455742,159623,90216,80467519,159623
376a434cb9a3bec1,91447,81559560,131538,91384,81568865,131538
37a7b0ccf294eab9,104901,95061019,137877,104800,95073629,137877
37ba63e47d2d008c,42552,32701891,133902,42447,32711899,133902
37d88e1df0452519,66731,56860807,129350,66653,56870398,129350
37e041209bb62c55,48770,38899507,133601,48663,38909232,133601
37e2ec3500c82c33,114825,104964445,137307,114708,104975456,137307
387b36c9dd5e3b4a,47686,37796804,118597,47625,37806099,118597
387ec8c722ce6781,54999,45123551,137095,54898,45134119,137095
3896be9e868510cd,44292,34439300,133631,44178,34450252,133631
38abed12adf4d8b9,42385,32519343,132808,42257,32529163,132808
38d9f3d8dd012b61,42307,32418971,132077,42182,32429309,132077
38ee20ebf794accf,101898,92020074,132667,101790,92029783,132667
38ee39987bd55bbe,17082,7239765,137997,16980,7250202,137997
3915f61a7d583b6d,81621,71779899,132183,81519,71792343,132183
39324cd7e54cf93c,17592,7723081,138504,17476,7732787,138504
39396a038b113b2a,32922,23060131,139054,32826,23074166,139054
393ed0d9b6add0be,19565,9682689,137197,19428,9692082,137197
3944db84059b0110,91543,81659839,131850,91476,81669351,131850
394c8bd3ba004876,35788,25923647,138948,35677,25935451,138948
39630f5e47e74289,70765,60880512,138621,70687,60891240,138621
396c3683d77b8417,68744,58860490,138246,68681,58871196,138246
396edda2150a9d24,22500,12659837,138223,22398,12670432,138223
3970f25fa9397ac2,62330,52463599,137437,62206,52473248,137437
39859f39775f1439,86109,76241085,140598,86010,76252455,140598
39915e82f5e56168,100055,90199817,132286,99937,90209612,132286
39ab4d64604121c7,80435,70564764,139701,80338,70578389,139701
39b05424c533484a,93502,83602134,132557,93436,83612174,132557
39c1d61c2770c0ce,54535,44680188,137375,54419,44690869,137375
39cafd2e79382600,106041,96200795,137161,105940,96214159,137161
39d0b34553fd69ca,88741,78880777,138245,88634,78891276,138245
39d65d200db752b5,89410,79533408,115504,89366,79545364,115504
39efb7fa53e26b42,73054,63200709,139137,72940,63212275,139137
39fc6d2db4be0375,21534,11679831,137696,21417,11689408,137696
3a120f1b56fba15c,69977,60126880,136890,69877,60136996,136890
3a17d938e04aea19,59069,49206304,138012,58955,49217020,138012
3a280ed048a73507,37131,27259125,132460,37065,27270985,132460
3a3a3b8dfddcb556,110747,100823688,134476,110664,100833671,134476
3a42e36501c1408e,53477,43631345,138983,53372,43641220,138983
3a43735d2b10e06c,62540,52700365,138337,62438,52710560,138337
3a4e9717dbd1ebfc,61555,51691908,138337,61453,51701748,138337
3a4fce87944779be,39568,29704000,140783,39447,29713583,140783
3a5ecbf4b923017e,66916,57063963,137409,66828,57073723,137409
3a6176e019fb5064,89442,79553303,117597,89397,79561930,117597
3a7239a09d34c42c,33848,24000128,138829,33742,24012588,138829
3a8df50e056a3a41,88773,78921102,139327,88664,78931660,139327
3a9971e9d720e54d,68681,58799147,130949,68622,58809552,130949
3ab24f0ff36dcc69,107820,97960910,138012,107707,97973477,138012
3ab6db3923c6a966,78543,68725280,339186,78478,68753430,339226
3ac3804f185bdf4f,111538,101680878,136586,111434,101690960,136586
3acd2ca97f6af268,118079,108236039,119929,,,
3ade7b680eb8519f,68900,59021171,141817,68818,59032027,141817
3ae54ea7d5df5d4e,34819,24943391,138821,34721,24954732,138821
3afbc6d9927ba09b,40939,31066135,133147,40875,31076251,133147
3b0ad14bcec1d0e3,85060,75200912,139192,84946,75212661,139192
3b2eb24eca964ac5,67728,57880964,139277,67622,57891772,139277
3b49e96ed73217fc,62389,52540215,136376,62279,52551104,136376
3b55a5c23a6f5b9c,20761,10899997,137762,20660,10909610,137762
3b5ea313f56691a3,106697,96846893,153998,106595,96861259,153998
3b67af67ffaa8c5a,56521,46661074,139101,56399,46671480,139101
3bc82d7319d287a0,84403,74587811,343652,84341,74616376,343692
3bca83d011c97bb2,42582,32739249,133363,42477,32749393,133363
3bd59cbb3b206fca,100583,90720021,133006,100481,90730359,133006
3bdfd1ac458caacd,51006,41160573,138651,50899,41171396,138651
3beb9b69870aebef,55251,45400462,138481,55142,45410552,138481
3c031765484d9ddb,91937,82079440,131112,91817,82089132,131112
3c0b253c7649de63,67543,57683551,137418,67431,57694217,137418
3c174c0627780060,115947,106080812,136594,115844,106095845,136594
3c220189f142c3f8,70226,60360509,138527,70123,60370712,138527
3c2ee9a946e3d806,95073,85203481,140872,94969,85213799,140872
3c31be8c499c70a3,39539,29680181,139056,39423,29690523,139056
3c36743fe98e69cd,103692,93819762,131269,103600,93829115,131269
3c42ac93fb061047,44143,34276741,117552,44045,34286591,117552
3c45b379d513b074,38040,28180415,141084,37932,28190498,141084
3c6464de99cbbb58,26380,16539526,136410,26278,16549921,136410
3c64c5404f96f108,59694,49866641,346525,59619,49895382,346565
3c6590098ec8f679,42029,32088167,139642,41987,32098403,139642
3c7873df7a066453,84850,74961617,131185,84771,74971324,131185
3c7b39d96bc82fa9,21808,11939974,139380,21708,11949578,139380
3c7f21e9f6f1d765,67096,57223822,138433,66995,57234613,138433
3ca19be2eb509229,60488,50640481,138195,60380,50651195,138195
3ca876e46d0fda37,64694,54819881,130156,64671,54829849,130156
3ce7e9bb07e38cd4,41839,31948233,133575,41818,31958748,133575
3d19faee608089f8,17176,7310442,181733,17074,7322759,181733
3d544e7925002a9e,35102,25238518,128777,35033,25249203,128777
3d54a743109d1539,89207,79341070,139627,89106,79351789,139627
3d570ab247da809b,47032,37180982,143307,46920,37191885,143307
3d69345eecaed4b9,43799,33919105,132489,43726,33928397,132489
3d9ebc5625def519,50883,41022332,150067,50773,41033361,150067
3daeaebf8dbd78ef,117931,108061607,137347,117839,108073399,137347
3db45796330b4a86,14173,4302915,137573,14070,4313138,137573
3deed09b64b76d09,57513,47640623,138202,57411,47650546,138202
3df65cfffd6d51bf,24675,14803787,139833,24571,14815074,139833
3e0d033ad6927b61,21418,11543213,137013,21311,11552488,137013
3e33203cd93608f8,65823,55960382,137730,65721,55970486,137730
3e35ee80edcc1e8d,45103,35243238,142502,44990,35253737,142502
3e36be7408066854,102570,92704698,139763,102462,92714426,139763
3e47f5652555a8d5,44919,35059141,131574,44805,35068991,131574
3e5162689059c911,10198,320728,132258,10098,330704,132258
3e5bebb8dcf045de,46619,36744968,140784,46518,36755711,140784
3e5cfe801d61154e,17529,7671118,138402,17417,7680715,138402
3e680b82095f855e,13860,4019881,137590,13758,4030212,137590
3e7082f65d1879dc,106849,96983566,153061,106752,96999946,153061
3e803395a6f9766a,110443,100568358,126946,110418,100577682,126946
3eb59e82b9cd2124,14886,5023127,137800,14763,5033598,137800
3ebc9806a19d559b,101021,91180147,132606,100918,91190190,132606
3ef0d82de56d21c4,81021,71159828,130946,80945,71174069,130946
3ef163386f1cadd7,90638,80762004,132163,90528,80771536,132163
3ef1fde2c9104f0b,86142,76264561,139395,86043,76275004,139395
3efd66b444b4bf0f,98372,88501188,139968,98276,88511853,139968
3f068c15fbda4436,79020,69121090,130638,78931,69131412,130638
3f1de54108cb61a9,43520,33659357,133641,43418,33668490,133641
3f25d7f819f4fe33,45856,35961653,133151,45784,35970982,133151
3f2806cf0e537413,113955,104084070,137014,113854,104093663,137014
3f3699372d7b332c,11059,1202635,137096,10948,1212538,137096
3f90c7d3b028bd6f,29523,19558626,127975,29454,19567260,127975
3f9371e58cf825c1,71336,61463723,138019,71236,61473777,138019
3f941b05330fad9c,84881,74999498,131160,84797,75010018,131160
3f9aac52d3f34656,24969,15059608,128044,24911,15068879,128044
3fb1744a8f7b3758,64315,54460471,138794,64200,54471120,138794
3fd8c067376cc9bb,86818,76921719,138730,86740,76932879,138730
3fdd22a3c19bdbc7,109258,99371984,126417,109228,99466779,126417
401b5678b7ae3118,90016,80159756,130927,89897,80169511,130927
40341c3d73fa5493,78990,69099005,129200,78905,69109300,129200
403a4cd80091bfd6,72725,62840488,137803,72648,62851835,137803
405dff1552e1ba29,74109,64240441,137317,74009,64250769,137317
40614ae1098a0c40,91041,81200821,139013,90940,81211983,139013
407070ef149440c9,54868,44999701,135186,54768,45009611,135186
40a30c13b38bb255,26010,16140014,138079,25902,16149570,138079
40a8427a5c087a3b,74077,64204117,138380,73978,64214717,138380
40df9732229ef1d1,48448,38580711,140136,48348,38591441,140136
40ef9577f0b6c639,114766,104900912,136654,114662,104913247,136654
411d272861fc0f84,52570,42691455,138255,52429,42701665,138255
411dd154939189ee,23761,13899925,137381,23661,13909302,137381
413ea965beb50ba9,39479,29601440,131241,39374,29610563,131241
41477845a20c7f86,79873,70004142,133621,79764,70017689,133621
415078c6bbbce1da,90885,81040892,137658,90780,81052205,137658
4162e0f583db411b,73113,63260880,139339,73001,63272042,139339
4183bc0f29a2ec7d,81465,71604254,138713,81356,71615669,138713
419ff547d6946763,54477,44603803,137554,54361,44613796,137554
41ce5aa84f9d3684,29888,20019038,130044,29756,20027957,130044
41dd41bc3affa651,78738,68839291,131089,78677,68849367,131089
41f43c8535f67696,113553,103700681,136319,113439,103710384,136319
4219f6132d66c07e,107938,98084391,137948,107835,98096131,137948
421d1cbc8fc977c6,71783,61923589,136801,71672,61934231,136801
42211a26e1ab60ba,98756,88882222,131536,98649,88892611,131536
4229420aec939eac,44950,35081611,133372,44833,35091212,133372
422da9bca82a944e,73956,64103961,138955,73853,64114673,138955
422dded69937c1d0,94097,84224530,137356,93998,84235019,137356
426a50ceb1f7826f,18744,8879933,137803,18629,8891064,137803
427ceba891407df8,58503,48660731,138937,58399,48671305,138937
42870f2912c94d80,11896,2022203,129820,11797,2031254,129820
42cea1573b42d4dd,57017,47160126,137211,56913,47171236,137211
42e5af0e08553277,55500,45658641,128380,55397,45668852,128380
42ef0e146bbccf46,77790,67920328,136740,77690,67930353,136740
430a9068cf8b574c,110142,100266389,152006,110042,100278052,152006
4313a21dafa275c7,119924,110061292,137740,119823,110073719,137740
431d5a884409fd99,98136,88263949,138057,98008,88274641,138057
432aed46b8011c0d,95909,86060767,138109,95799,86070992,138109
43442ccb22ef6d63,46781,36920943,142268,46676,36931782,142268
434da4fae88f1827,115574,105720913,136740,115465,105733321,136740
4350b67f8cef5aa1,99699,89799932,131693,99630,89809021,131693
439cf0e61bb4d32a,55620,45743798,137437,55516,45753559,137437
43c0e760493cae54,75577,65707034,156798,75477,65718636,156798
43c1860d08a71b1b,41318,31439178,132846,41230,31449119,132846
43d54887d880cc07,119235,109364087,137416,119133,109376117,137416
43dc7052b10b3455,31105,21255141,78819,31040,21273946,78819
44019c09f86523a3,105772,95900987,137235,105673,95913317,137235
4407e186af24f502,105119,95244559,138097,105020,95256613,138097
440c6d7feff3e539,34567,24720004,138024,34465,24732086,138024
44216ad6df88ebd9,78135,68279189,130026,78019,68289165,130026
443ab02b1d4ac399,88031,78159747,132443,87901,78169755,132443
4450fe5bfae74463,70733,60843316,137375,70658,60853929,137375
4452aaf0fffc50dd,35944,26083553,139097,35832,26096120,139097
4459db67799116d2,62629,52760255,137907,62529,52770229,137907
4463cea0fbaddfc0,103962,94104144,137191,103851,94113856,137191
44812e5966f62eee,51797,41893725,128341,51729,41902737,128341
4482825f0cb0aa17,27369,17520056,138525,27257,17529705,138525
448cc9493b2b4914,52193,42256179,113423,52158,42265501,113423
44c58b9e3647df16,11775,1919944,130066,11668,1929478,130066
44d50c7bea4c12e7,13643,3783492,138658,13531,3793563,138658
44dfa5a3e0e296af,116299,106399560,128951,116277,106410606,128951
44ef56c11826f39a,52979,43109182,155913,52878,43120912,155913
44f7b0ff61ddee76,33935,24063296,138369,33840,24075120,138369
451399d9378664d2,36694,26839931,138404,36585,26852594,138404
453ccdb39b5a5e3f,86726,76821949,131119,86661,76831916,131119
453f94d0402191ca,31030,21160248,129268,30929,21169585,129268
457625866973c138,70574,60680668,129272,70507,60691308,129272
4594b0b4a2935946,110076,100212191,137462,109976,100223277,137462
4595068c5b18b9b0,18860,9075717,344446,18827,9102263,344486
45c4c06686a02a3f,114272,104379411,128303,114241,104450052,128303
45d7d661871d36b5,61054,51200176,137566,60942,51211051,137566
45f311165c5351e5,56640,46800373,138804,56539,46811068,138804
45f8a5053a288cad,85357,75484326,138007,85258,75494471,138007
460c104c6e130cba,36188,26320039,138755,36091,26333602,138755
4617d62116613f53,24142,14283772,138671,24032,14294359,138671
4619d964274908c7,94129,84261110,139644,94030,84271611,139644
4623930f7571a881,52914,43049573,153134,52814,43061227,153134
46375d92023db6b7,66824,56963939,137575,66742,56974564,137575
4645cc99b31bee43,83339,73464348,139213,83238,73473799,139213
4648a9694f2ede00,34000,24140370,138958,33905,24153221,138958
4652d0f3a802ebc1,30625,20779823,135746,30518,20789765,135746
465d15d0b5fb3ff4,15350,5479818,138671,15249,5489264,138671
4667ad41c3963294,97997,88101867,131017,97849,88110942,131017
467a49125fd6d5ec,116871,107021039,137751,116762,107032986,137751
467b3697a2b37374,60737,50870239,135914,60636,50880952,135914
467c105acf3b5de6,95041,85179699,130477,94938,85189540,130477
469e6f4498755951,76238,66381013,130124,76131,66391341,130124
46aaadbf19dc43d3,16326,6427382,128603,16267,6436830,128603
46ae33a70abde582,99910,90040045,132010,99808,90049842,132010
46bc3f8ac18060d5,91606,81719752,131695,91534,81729258,131695
46c71159d3568b1f,52392,42460671,140647,52294,42470803,140647
46cf2695272cdbe5,57738,47907675,350588,57662,47937432,350628
46de74a4c2d7bd21,32858,22983484,139254,32764,22995869,139254
46de997a8d9c4ebe,73329,63460693,138653,73229,63471108,138653
46f03cd58ddc7abd,65166,55280947,140290,65044,55291876,140290
46f2bd79c691ee7e,56695,46823714,138427,56596,46834048,138427
46ffe185fb2901f8,60190,50320363,138197,60095,50331152,138197
47088f0efdeed785,99668,89762088,132880,99601,89771424,132880
472f977722d019d0,98340,88467156,138059,98244,88476787,138059
4737f4c45e2c2dd5,78897,68999255,129232,78825,69009868,129232
473a9ae486602c47,70096,60223705,138433,69995,60233921,138433
475833777e807f3d,42201,32279421,131946,42112,32289797,131946
477220b2c6d2c9b8,112874,103004113,137068,112743,103014955,137068
478b78d3fc268656,110410,100546781,127494,110386,100556676,127494
47a1d6ea501b0908,40750,30880199,138234,40649,30891292,138234
47c8066bfd4b14a4,42805,32944154,133208,42704,32954533,133208
47cd8bd411acf58a,10701,818777,132996,10619,828277,132996
47e59c75e20c15eb,81933,72064432,138749,81831,72076850,138749
48090e2032a1f599,27399,17543414,138440,27289,17552833,138440
4815e01f2bd7aa99,104590,94724111,138032,104476,94736490,138032
48219733e28a1892,108934,99061560,137238,108835,99073067,137238
48270ed7da0f7a88,63478,53604172,138595,63377,53613843,138595
4858adede9ea6c75,71215,61364150,140022,71111,61375799,140022
485cc6bac0570ade,61937,52044140,137536,61866,52054864,137536
486c856228c32419,51068,41220209,138364,50963,41230280,138364
48a04b7e084c0c7c,114116,104295011,386285,,,
48a22423a92cec40,82555,72688486,132083,82482,72698460,132083
48a4787463ae9eaa,78228,68380990,140656,78121,68393074,140656
48bc8877eb800d89,36100,26260436,139453,36003,26274229,139453
48d8059dea0af3c7,68106,58240605,138417,68002,58250677,138417
48d8b01bc60256b8,45726,35839122,131443,45659,35848836,131443
48dbb8e876917111,69316,59444333,139109,69216,59455664,139109
48f8ab6d99f07dd8,97702,87777461,117682,97598,87785647,117682
49081837ae309132,23579,13723295,138550,23469,13732699,138550
490cb41a92ee0fb7,38102,28240339,139436,37990,28250808,139436
490f70213717606f,84501,74624294,116210,84443,74633941,116210
49166f3b4c6f0700,77028,67141063,141073,76946,67152291,141073
4924795726d82537,75121,65219044,129722,74957,65229152,129722
49252c2db98a7003,51248,41378665,128559,51146,41387347,128559
492b73e5a025a58a,52417,42484049,138247,52308,42493971,138247
4959b4ffd581b3a6,85178,75324456,139439,85072,75335883,139439
495a4cfc8df98755,95762,85881675,130402,95660,85890888,130402
497a48560104e914,38501,28640640,139229,38401,28651301,139229
498c8dc180349651,60250,50380370,137610,60147,50390756,137610
499a1f1e5b056288,78104,68242287,128111,77990,68252427,128111
49ae44ba69811df3,36937,27104254,333935,36862,27141544,333975
49b6ef9e246426d8,102507,92641114,138756,102401,92651212,138756
49eedda4ba30ee17,90916,81064413,139303,90813,81075852,139303
49f0b7cc5601f9af,80956,71082196,132658,80889,71093945,132658
49f475be492755dd,107908,98061128,137966,107801,98075824,137966
49fd226651199524,115543,105682042,136445,115436,105692945,136445
4a1764a3f18864a6,17895,8023332,138942,17795,8033116,138942
4a304bcf0fe30338,111217,101346325,151886,111117,101357847,151886
4a3a0e76f28bfadd,20608,10759841,138119,20501,10770383,138119
4a404e32d1b61b37,43552,33691164,133246,43450,33700421,133246
4a548e16f08be881,40221,30360850,142610,40113,30371835,142610
4a5dfbc9bc5a6729,39109,29218981,131681,39046,29228738,131681
4a6e53018eee3dcd,107701,97823828,135948,107615,97835621,135948
4a706464fe6c1412,31681,21819974,138161,31570,21829909,138161
4a8bbd7352a8ad9a,101628,91722426,133691,101564,91731825,133691
4ad5d9528046c82d,42773,32899867,132837,42672,32910087,132837
4ad7c78e87baf244,19252,9322829,137204,19199,9333611,137204
4ada578bd8d13b93,74820,64906076,94324,74728,64914721,94324
4ae428d59bf66bbc,51703,41800806,129071,51642,41810108,129071
4aea3c177c7029ba,73241,63400953,139843,73139,63411361,139843
4b12b4e974533c99,79811,69941137,128945,79705,69950902,128945
4b177a1697ed01fe,17560,7699637,137759,17446,7709346,137759
4b227a1014da20db,54146,44243644,135797,54081,44253394,135797
4b253bb2064b40ea,37384,27520652,141651,37302,27530455,141651
4b293be702b3e351,46340,36481654,132336,46228,36491449,132336
4b468232f6714c49,90192,80343989,137773,90091,80354789,137773
4b4c6a5cad8d6686,30283,20419921,138193,30182,20430592,138193
4b56d675020b23d7,70857,60981189,142020,70769,60993206,142020
4b65ccb9eb729902,81403,71541338,140339,81279,71552819,140339
4b6e12eef81d4a7c,15446,5579816,137416,15343,5589692,137416
4b70023d1614cd69,115761,105920946,136342,115661,105933465,136342
4b77ec99248046f1,26940,17058264,128560,26864,17067797,128560
4b8098758f2efca2,100647,90779904,132016,100543,90790112,132016
4b9f34da3c9d19ae,78166,68319315,130054,78057,68329487,130054
4ba5ef3a167760fe,100551,90680893,132030,100449,90691081,132030
4bbeb2c81d177acf,101596,91699849,131889,101535,91709519,131889
4be6c7d20c190f84,48800,38939189,132933,48692,38949631,132933
4c09ab55ec22297f,84373,74503882,137317,84263,74514750,137317
4c2b3076247af1d0,46370,36519192,132425,46258,36528715,132425
4c2edd48ecc35b6d,19126,9211094,128601,19091,9221145,128601
4c31c0194bfc62eb,92590,82723317,131747,92484,82732751,131747
4c438509256e616d,35725,25860188,138291,35611,25872820,138291
4c4c26e99fed1a57,54300,44420194,138017,54216,44431335,138017
4c61951263237d08,100422,90561287,140062,100322,90572085,140062
4c61ad78e521b67c,71626,61760592,138351,71522,61770695,138351
4c6c1a36cc2ac7c6,14588,4699669,138323,14515,4710143,138323
4c8bc3dbe478d4fd,56406,46540620,138748,56292,46551527,138748
4c92277c658ede98,64822,54908042,130447,64790,54918410,130447
4cb2edb859b094a8,51638,41738585,128645,51580,41747351,128645
4ce25b4708e0903a,61743,51869185,128623,61679,51878374,128623
4d248229eeffb67c,65661,55800587,139010,65563,55810951,139010
4d2c413228d8b6ce,46251,36399416,133345,46137,36409590,133345
4d5b042eb1279cde,27279,17419756,138006,27169,17430125,138006
4d6438fd3f3c415f,75770,65900527,137821,75669,65910525,137821
4d70ef6f5634976d,66446,56580333,137871,66345,56590620,137871
4d75a5e37031d94a,72566,62678949,129249,72500,62689301,129249
4d7dcd365ec3a135,104990,95121101,139086,104892,95133701,139086
4d98937eabf790e6,44323,34461826,133173,44210,34471823,133173
4db2e75cb259cb77,32362,22500081,138444,32250,22510310,138444
4db9f2f16308d0ad,47750,37859252,132852,47688,37869404,132852
4dc47757b8b08650,74142,64280819,137115,74042,64292305,137115
4dca355e5462608b,95791,85919579,130562,95683,85928546,130562
4dd23ec7aa09c770,30565,20700174,129044,30452,20709530,129044
4dd2e363302b1f57,28617,18759871,137241,28512,18770238,137241
4df6196357a638c7,38695,28824066,140462,38592,28835022,140462
4df71cbcd25dd577,13227,3359779,138233,13127,3369232,138233
4e1f5b7ef291ded3,116043,106181182,137413,115938,106193048,137413
4e429e8e3383da8d,88616,78741932,132296,88513,78751271,132296
4e7b09b61137ce29,79224,69358993,129220,79097,69369426,129220
4e7cad461d37f49a,46042,36162471,134083,45952,36172258,134083
4e91395131272722,89756,79859625,131842,89681,79869496,131842
4e93ef738bfeb151,71184,61340439,137906,71081,61351557,137906
4ea21897c2f36897,96056,86184617,139495,95957,86194879,139495
4ec2b61f53a00d7e,89874,79981961,132111,89773,79991218,132111
4ee5b6a4a1c6a76d,34097,24223276,138944,34001,24235057,138944
4f1e3c98f46c40c1,60459,50603471,136684,60350,50613678,136684
4f1ef3eef572b99c,83498,73630627,156560,83393,73641481,156560
4f398f63546cbecf,103783,93919827,131112,103681,93929007,131112
4f558c25a3eb80e6,63348,53483580,155770,63248,53494845,155770
4f896f0a0fc891c4,118598,108720828,136303,118514,108737303,136303
4f96eb6ddc4a0f09,19483,9581175,127247,19370,9590375,127247
4fb47f71bc33379a,23133,13238448,129848,23063,13247842,129848
4fc5fe7b474e6eb3,27189,17319828,138000,27092,17330338,138000
500d33614221ad22,114974,105123772,136167,114874,105135517,136167
501b1d30130a55e3,85119,75260775,138120,85000,75272167,138120
501cbf321029948c,58748,48888196,182230,58645,48901588,182230
501f5d126d77ee26,113021,103180897,136267,112919,103190794,136267
502861aa5ca03007,91849,81979460,130696,91743,81989314,130696
503dd8446501db65,45195,35341783,133440,45090,35351687,133440
5044ad3014ed8e02,49583,39706996,118344,49522,39715209,118344
50474e3bab7bfdc5,88117,78259409,130585,87997,78268980,130585
50475cc081c72274,109693,99820660,135719,109608,99836958,135719
505b8f9cdbfefb8a,79281,69421122,137435,79159,69431558,137435
505cd7eb3a8caf8c,32300,22439829,137658,32191,22450100,137658
5068bc351784cae7,80901,71059826,133250,80837,71074557,133250
5077df061be78fb1,81965,72100949,140153,81862,72111867,140153
50a3fe74318ed397,23404,13539760,137795,23289,13549691,137795
50a4f19a9842b469,81557,71703817,138663,81454,71715545,138663
50a88d0b72a67661,13797,3942674,136989,13689,3952487,136989
50afc25531cf3761,65950,56083910,138696,65844,56094213,138696
50c45e04393266f3,33643,23780210,138163,33535,23796297,138163
50d4c4da09198d86,22344,12481896,140754,22225,12492275,140754
50dfe5a3d3487d6d,103002,93124694,137867,102903,93135134,137867
5101861721da14a7,106096,96223890,136715,105999,96236326,136715
5102f48a3c434b53,52848,42979881,135932,52748,42989709,135932
51046f84b8797e32,50256,40399617,134002,50138,40409691,134002
510b8388fa011a78,38469,28600506,139598,38370,28610589,139598
515bcad659856639,56580,46723200,137380,56469,46734228,137380
5161d6637463a1c4,69732,59863628,138181,69622,59874352,138181
5175c90f58c63401,37226,27358906,131517,37156,27367934,131517
517ed707c91c6a6b,72250,62380139,136065,72150,62390616,136065
51808b3010bae304,18285,8389709,130056,18226,8399137,130056
5186c0c12b0fa633,58910,49043782,138242,58803,49054271,138242
5195262321503392,46940,37078978,131606,46827,37088718,131606
519d11ba3003a28b,112458,102559422,127174,112406,102569402,127174
51a4cc9686d58eab,55344,45486084,135643,55234,45495824,135643
51b760d7402cc71c,48643,38780785,139199,48540,38791008,139199
51c4dc90ea5d825a,84726,74839446,130748,84660,74849521,130748
51d981786c07ca60,88866,79004158,137504,88752,79014324,137504
51e3131c10155f8c,41379,31499131,132670,41281,31509177,132670
5210a1b8185eddef,44442,34599442,132762,44341,34608961,132762
52506fde738504e6,106226,96368207,180573,106129,96385711,180573
526b565a5d35b34f,69414,59541446,137638,69314,59552172,137638
5281792f06869ea4,27003,17118550,129697,26924,17128253,129697
52abdc60cba65466,46012,36139793,134267,45926,36149935,134267
52accd37d01ab767,99342,89528691,357887,99280,89556118,357927
52b869c6553f52c5,89109,79240714,138790,89009,79250686,138790
52e82761e3f297c5,68324,58463301,137605,68209,58474426,137605
52facfe0aa5f0e01,26728,16881979,100118,26655,16898219,100118
534a1d7c285f915c,51377,41520378,137990,51274,41530500,137990
534e5698e4254ee5,104527,94661237,139312,104416,94673621,139312
534f8625b338f965,74272,64400557,137359,74171,64411597,137359
535ba80631df904b,34914,25042144,140123,34814,25053464,140123
5376a29623640588,116754,106884061,137783,116634,106895988,137783
538e0603fbd209b6,97794,87879733,130910,97667,87889892,130910
539c926fe671b14f,94728,84879858,132368,94620,84889718,132368
539d4e5fa98d32d9,25450,15583497,138671,25328,15593280,138671
53acafbf3d4afbe2,116330,106441519,139608,116305,106454443,139608
53c0b49e48707699,85742,75880624,137871,85635,75890786,137871
53c11196cfedb92b,61523,51660341,138073,61421,51669880,138073
53c56583cf776ea7,21175,11283460,138501,21102,11292704,138501
53ce5319fe2b6312,41258,31361260,132293,41177,31370496,132293
53e117a07515726b,77503,67660924,138660,77400,67671453,138660
53e77f2a93791271,83901,74061045,140002,83799,74071315,140002
540d0dd89ca3c977,31313,21422265,141292,31244,21432370,141292
541bed4ce7fd47b0,23695,13823208,138758,23595,13833088,138758
542eabf66d496b18,99940,90062526,132804,99832,90071840,132804
543c74009db073d5,26225,16380264,139462,26119,16391384,139462
543e46a217851429,40063,30199030,132163,39961,30209000,132163
545a7b4cea91dfdf,87709,77799977,130932,87641,77809218,130932
5467bddefd9cdb3b,14828,4959667,138046,14716,4969820,138046
54706cbeba52a2e1,18445,8543219,138899,18378,8552896,138899
5477965ed8d3557a,44888,35020668,141040,44775,35030825,141040
548357f9f4ec9fef,73394,63520407,136944,73294,63530242,136944
5485bc4b57d5fbb2,48120,38241945,133493,48015,38251587,133493
54b1cbdff1fd4a56,99213,89345241,148618,99111,89356749,148618
54d05af427fab5dc,116578,106700841,136522,116508,106714875,136522
54d57d9c674e269b,119424,109560910,136449,119314,109571771,136449
54fc4ca7daaf7ef7,65629,55760741,139707,65531,55770265,139707
5505803cf987e48f,21594,11739767,137434,21479,11749162,137434
5512d84cf12b57ac,115162,105300672,134693,115067,105314823,134693
553695668325cc53,53294,43438794,129585,53182,43448554,129585
553e4ad40a70e76d,86631,76721860,132110,86574,76732117,132110
5548dabf058721a6,115227,105360946,137214,115131,105374063,137214
5557b505fb56900b,111249,101383142,150457,111149,101394299,150457
5567199421ca5fd9,68355,58503734,156779,68245,58517188,156779
5576104ee7ea0e7c,93182,83319826,132491,93079,83329419,132491
559bcb113561adca,24296,14443735,139534,24192,14454616,139534
55a2108967ae342e,39078,29179211,133380,39016,29189178,133380
55abf3f81dca1d1e,107548,97660435,134709,107490,97672312,134709
55b9d9200b53eb48,70161,60300587,139159,70060,60311721,139159
55c0e9778607d015,78011,68160791,138549,77903,68171199,138549
55cdb930f7affaee,39509,29640970,142965,39398,29650931,142965
55f25a4b3cf6cda0,15383,5519986,138186,15281,5529525,138186
5616baf682c41108,12691,2800216,129797,12606,2809732,129797
5655cfbd2a974ce8,99881,89999931,131904,99784,90009757,131904
5674e37b26bf24af,76997,67100791,128658,76919,67110881,128658
5678cb6e45df2c61,55684,45820323,138347,55580,45830796,138347
568c9bb6aef4f2f2,37600,27760454,139357,37499,27770800,139357
568e498090f6e86c,71155,61304195,138907,71052,61315594,138907
568e49e4012d30c6,102538,92681111,138270,102432,92691326,138270
568facf24510798b,54271,44380173,138193,54191,44390392,138193
56938a023c0f704c,59598,49723833,137442,59496,49733682,137442
56a72bda7bde3a3a,59380,49540531,138238,59278,49550656,138238
56a8d492ba7b6381,101403,91528084,121323,101349,91537124,121323
56b70a57ab26e1c5,42440,32579087,132463,42317,32588764,132463
56be431dbcc16175,88988,79140990,138645,88882,79150678,138645
56dc1f5ffc5ef097,12869,2999854,138721,12755,3009982,138721
56e482d920a687d0,116548,106660727,135849,116487,106672308,135849
56f2d6c602bb4966,93374,83477640,120038,93314,83486698,120038
56f80f62b3f2c8c1,60399,50543906,138741,60290,50553658,138741
57388ce6211ead74,10544,658597,132164,10474,668666,132164
574395d5d77a50c5,14365,4470122,128687,14307,4479812,128687
574ee876e75b3f15,11558,1698244,129585,11449,1707423,129585
57687f92ec3c48ec,80274,70400976,139621,80180,70413816,139621
57da3d28ef6bbad5,75609,65743262,153839,75508,65754347,153839
57fde471c9e89f2a,58323,48460225,137765,58217,48470397,137765
5811d087fe7ce9d2,68552,58666816,129253,68498,58677039,129253
5811d22d681faf37,113987,104120983,137803,113885,104131044,137803
58235ece4f47e8e0,83653,73800887,137893,83539,73811058,137893
58292d8ae2e8dd15,84183,74320474,137847,84081,74331809,137847
5836f0fa229a39fe,33182,23286463,129096,33135,23297887,129096
583e28b9ecc1755e,25187,15299773,138180,25107,15310784,138180
587933afd8b81ed4,33731,23863732,138828,33604,23876164,138828
589e2069542bf59e,82457,72626556,344419,82379,72654817,344459
58a018e66ec0cb11,30835,20963213,138069,30736,20973506,138069
58b39d43bfd7040d,19677,9819822,138069,19557,9829393,138069
58d7de70fd667563,73649,63780620,138378,73543,63790972,138378
58ea90167e82d451,54240,44343265,136989,54165,44353280,136989
58ecbc7dc3a3e535,101238,91364141,130833,101136,91373126,130833
58f218082c605f70,102161,92319910,132321,102057,92329624,132321
5919fa14cce3f05f,88204,78359630,132204,88098,78369774,132204
5931623fe3513d25,22191,12322906,137961,22081,12333873,137961
5941dd57a53eb4c3,17775,7920066,130029,17667,7929216,130029
596800b167f65848,56168,46280194,136228,56097,46290416,136228
597ecb5b81cecd98,59348,49500797,140418,59242,49511328,140418
59985b0134ad0180,105861,96001148,139144,105747,96014093,139144
59a2508a02825238,119697,109824638,136987,119599,109837537,136987
59aa3ba734b5d376,117526,107681076,137169,117432,107698176,137169
59ad5e3b6f34d060,99246,89381490,141778,99144,89391855,141778
59bd5d7e07ffb091,60770,50900475,138698,60668,50910502,138698
59bd6853f8c23a36,52339,42398995,129381,52261,42408833,129381
59c2c4764b011491,27309,17443008,137862,27195,17452432,137862
59c6a35038d7934d,91790,81919912,131469,91694,81930040,131469
59d7259e978cfe22,13705,3842916,136551,13591,3852886,136551
59e38160f59a3f7a,32729,22859996,138514,32636,22872030,138514
59e5a1010f721580,87889,78000780,138183,87790,78010989,138183
59ea19e9a832e955,57853,47967897,127459,57781,47977563,127459
5a118462fb6b84a5,35133,25278597,129027,35064,25292371,129027
5a187a4214f78cfd,36036,26185762,137714,35939,26198349,137714
5a1b9c3e50eaa6b2,104559,94700843,138082,104447,94715243,138082
5a4b88af8827eafa,57674,47803560,136720,57567,47813871,136720
5a7289f6fa1d60e3,20825,11006711,347602,20759,11033961,347642
5a75ee1ec90d019d,75899,66039699,132277,75794,66050575,132277
5a7603b5b35c2dff,44114,34240883,142939,44019,34251437,142939
5aa62e5c7ef69e92,68074,58203589,138852,67971,58214803,138852
5aa984e06e612d12,86303,76440880,139128,86202,76451881,139128
5abb1ad92966e6e0,23857,13982935,140085,23756,13992713,140085
5ae1ee2af74974cc,15939,6064518,128055,15843,6073694,128055
5ae7fb8793ba1868,79401,69560592,138042,79299,69570994,138042
5aed54e8e686bd72,106323,96460903,137993,106224,96475004,137993
5af9a1d474033d82,99029,89180362,132107,98921,89190766,132107
5b13e8f0f3d4ae5b,53986,44092119,128461,53930,44101242,128461
5b1a7ba577e15231,57327,47480579,139821,57226,47490690,139821
5b43267bee7ef1cd,79748,69879242,130062,79644,69890340,130062
5b5f4f21989f8860,72282,62420976,140546,72180,62433313,140546
5b76341974c566ad,15100,5260517,140410,14999,5271059,140410
5b76a9ffd72cc793,116425,106524393,137330,116388,106535376,137330
5b8c2704eaa1fa4d,80777,70921740,133420,80721,70933217,133420
5b9ed4095eff1b40,86567,76662171,132145,86513,76671794,132145
5bb4a69f375a705c,24871,14983903,130122,24817,14993814,130122
5bd6d3d4c917f50e,97236,87369897,116756,97185,87378873,116756
5bf67cec23b8ea24,112902,103040963,136967,112779,103051181,136967
5c4bd637211b80dd,90447,80580674,137863,90344,80591601,137863
5c6bf816d146c6ef,102281,92419970,131560,102179,92429792,131560
5c6d59f5e49c3bef,42620,32779451,132867,42518,32790056,132867
5c75cba226a1ebd0,89902,80019368,129913,89795,80029359,129913
5c9ee25f18d02013,102314,92444098,142973,102212,92454435,142973
5ccddcc3a3c7046b,112731,102843693,136207,112632,102854090,136207
5cd195d243d0cb9e,14857,4999905,138337,14740,5010588,138337
5cdb5bb1c7412860,104808,94960957,138304,104702,94975977,138304
5d0b426784224016,83307,73440879,138894,83207,73450796,138894
5d37f7931017d04a,47846,37959212,132740,47778,37968825,132740
5d385552936df058,61084,51223445,138096,60971,51234272,138096
5d4a549134157257,67761,57920519,137996,67659,57931141,137996
5d7bb7c80a2889e7,69349,59480464,138659,69249,59491888,138659
5db5ee4dcb6777b8,74723,64861878,58239,74646,64884647,58239
5db96b8d81d603c0,58171,48299986,136934,58084,48310768,136934
5db9dcca14986de3,77886,68020489,137053,77783,68031418,137053
5dc0bb343c1c415d,113271,103401217,137655,113168,103411639,137655
5e0d5bc6ed073738,97030,87159768,132189,96927,87169487,132189
5e203fb530352866,11682,1822011,129083,11572,1831481,129083
5e4b40573649dfc2,118921,109080938,136569,118820,109093330,136569
5eadb49d4d2309af,80404,70541214,140245,80307,70555543,140245
5eae83a62efda580,55094,45223414,137675,54991,45234640,137675
5ebc80a0f6e85a89,26347,16499951,138152,26243,16510048,138152
5ec6fe7b846e09da,68385,58540425,136724,68279,58551187,136724
5ecee0369159bea8,117247,107380926,137093,117157,107392637,137093
5ed8d7923d4bbfcd,78349,68480578,138606,78249,68491397,138606
5edc6b8dc433f400,31532,21660000,138278,31443,21669759,138278
5f02e21d249d627a,11030,1179491,137395,10918,1189679,137395
5f1318b890d97a93,97178,87340447,102704,97126,87352981,102704
5f1a4567beb18fb7,65855,55983723,138210,65753,55994153,138210
5f2062d21de366ee,26629,16760392,138735,26528,16770289,138735
5f488f10745d943f,66669,56800953,129645,66592,56810431,129645
5f49d1d4ef49005c,113142,103264057,137555,113041,103274342,137555
5f6b940cdbf831d1,71466,61600407,138073,71365,61610828,138073
5f8758cb732731b5,76966,67079115,130097,76892,67089914,130097
5f9b897088ed126d,14206,4387883,352082,14142,4418377,352122
5fab579cfcc70b15,109094,99224108,137147,108993,99235951,137147
5fad566ea75b2811,110632,100699574,128129,110582,100709275,128129
5fb1a8eb14f58b0e,16037,6161957,129518,15941,6171724,129518
5fbc5893b58e8329,48150,38281376,132733,48039,38290818,132733
602a67209bedc6d1,65356,55500585,139404,65239,55511403,139404
606136c1da5ab0d1,83592,73724287,138591,83482,73734467,138591
6069ffaa80b4654c,81675,71802145,132148,81576,71813069,132148
6071c3c58fc33aad,81587,71740855,139767,81484,71752026,139767
6073cc88cc9ceeee,104181,94341103,138722,104079,94351554,138722
608d38adc47b31c9,112672,102780840,136740,112586,102791514,136740
609b256af9bbcdc9,25819,15943362,138165,25717,15952981,138165
609d0721ec1a86fc,84566,74679510,131553,84507,74689717,131553
60ba3bf74aa537c1,78043,68184160,138566,77932,68194793,138566
60cd4e8b1182a424,10911,1040562,130186,10798,1050167,130186
60cf373bddd000a0,81054,71182381,133201,80974,71194071,133201
60d974ce98ea478a,54178,44281281,137366,54110,44291074,137366
6109ad580fc57d1b,24080,14219820,137711,23973,14229926,137711
6118cfa5873c6e56,64434,54580627,139832,64327,54590900,139832
611d9c858d5cbf86,119891,110022842,139323,119792,110034867,139323
612b7433c5dcf348,23825,13959266,135430,23725,13970123,135430
614263d645f2cda4,33018,23204119,331486,,,
615d754b6fa0902c,12721,2840091,140161,12633,2850462,140161
61652be9ca5f7318,54594,44740311,138155,54479,44750663,138155
61a564f07d02340c,75521,65680547,137993,75419,65690954,137993
61b18f67971b8d1d,39268,29379029,132144,39193,29388248,132144
61b818af838e0fc1,26194,16340124,138582,26078,16350267,138582
61bc11d7cd1fe553,114587,104704037,136412,114523,104716098,136412
61c28aba6b237f78,111506,101640833,136754,111403,101650985,136754
61d83a167a65197d,22717,12843518,139734,22616,12854180,139734
61e31a2c6e9bec46,21049,11158331,129299,20984,11168547,129299
61e9c69821b4760c,105743,95863837,137268,105648,95875788,137268
620e65f4b09c07f4,36970,27121241,101184,36904,27160190,101184
62309e8b05d16b34,28425,18559617,136567,28325,18569842,136567
6247c910280159b4,50023,40139612,132799,49925,40149494,132799
62761f472ff4e048,58975,49103500,138194,58865,49112985,138194
629933ce44c50484,98938,89082143,131318,98830,89092240,131318
62a8d6a8f72dd385,10166,298483,131148,10066,307665,131148
62b1a6f4fdd38f3d,24738,14925710,345264,24679,14954184,345304
62b52b61047ce9d3,54390,44520389,137147,54290,44530948,137147
62c3c8d76bfaf6f7,25217,15323181,138755,25132,15332989,138755
62dc129c505b036c,111941,102100612,135884,111839,102110996,135884
62dc920c4c493490,37688,27820391,140257,37589,27831321,140257
62ffd44d5b9f9731,99443,89569328,133235,99386,89579683,133235
631361fc51278fc6,39934,30064183,140640,39834,30074342,140640
631f6275d450b97d,15286,5419558,137607,15186,5429343,137607
632c91058236c34e,62419,52563490,137757,62311,52573055,137757
6342908104d613b3,85989,76140784,138283,85883,76151588,138283
634584319bdb7034,109419,99520524,135184,109380,99531272,135184
6356450ef294ad05,93150,83279989,131280,93047,83289397,131280
636242c4b907201e,47814,37921841,133313,47748,37931250,133313
638653154c72ee89,95673,85799991,131696,95587,85809552,131696
63ba680ca896f72d,70355,60483734,139457,70249,60494371,139457
63f405830dcf749a,107292,97407888,127998,107253,97431322,127998
63f7bf19db0eadb8,80989,71119873,132900,80918,71132107,132900
63fc7a2fd454ba97,85455,75587024,137456,85355,75596884,137456
6401757c17e42b8c,12898,3039668,137839,12779,3050129,137839
6408f01fd6d8bf33,74239,64363737,138062,74139,64375213,138062
640b031acf4fc576,48327,38480488,139911,48219,38491405,139911
641e8ab98d1cbd7d,52596,42718648,129513,52457,42727807,129513
6420c63555692b9d,81902,72041023,139255,81801,72056350,139255
644fb00c14ae7ddb,48893,39040323,139575,48779,39051083,139575
645b4fa5f9097ad9,17498,7639879,138498,17387,7649305,138498
645e5f23be34952e,12374,2484212,114046,12311,2492257,114046
6465fd198c45d1eb,108343,98480755,136797,108245,98494581,136797
647a163306e0c334,83087,73239606,132051,82980,73249069,132051
648a8957237494ca,29684,19760165,139424,29554,19770019,139424
64b3ddea91270163,18657,8779844,138026,18560,8790038,138026
64d9eb02e32546c7,32826,22959983,138268,32732,22975778,138268
64e8a7374c54a6ff,105183,95320680,136844,105083,95332068,136844
64f08afae959e6a4,90414,80543949,156060,90312,80555148,156060
65202ffae3d01569,33116,23242784,129782,33070,23293339,129782
6536ab0a6238a8df,17120,7279676,137827,17018,7289510,137827
654393dac9966a64,110882,100983635,136404,110753,100994709,136404
6556d2fc194e873f,94513,84659901,131712,94405,84669747,131712
655bc533cd2243c2,39329,29441225,132192,39247,29450575,132192
655ff93dbbb323da,11621,1758338,128353,11509,1767173,128353
657f0a1b66e33b8e,117866,108001010,137333,117774,108017278,137333
65951e760d3f09aa,108471,98603514,135434,108368,98614406,135434
65b5aed56784fee7,37946,28080059,138865,37842,28090937,138865
65b6ff290589dbab,100896,91041515,140989,100780,91051922,140989
65bcf5674684edc4,87452,77579523,130602,87400,77589279,130602
65c27c18e6cb95c3,37352,27484050,139910,37273,27493833,139910
660f2efb008f6940,26597,16723070,138177,26496,16732927,138177
6618e6d67d9fbb09,21207,11319635,137529,21131,11329506,137529
6626c3c66e4ac4a3,43487,33619191,132566,43385,33628290,132566
662d3f8eba75cf51,119607,109760806,136046,119504,109771584,136046
6647d58d210c9b85,84087,74220772,138711,83986,74232273,138711
665aecebc00d68e9,37786,27920203,139105,37685,27930302,139105
665b99d3077a1443,38534,28664432,140734,38434,28674820,140734
666e8ef855b44cc0,21268,11379920,138434,21185,11389288,138434
66a04c107fcfc475,52163,42237030,113341,52133,42246374,113341
66a3891e9ce30f37,65886,56020482,138227,65783,56030219,138227
66aa767d3ac0d112,68042,58180155,136355,67940,58191319,136355
66b3ac88321038ec,10971,1101881,128742,10848,1111577,128742
66cc387c820d6807,39967,30100173,138800,39866,30109911,138800
66cca60458701768,114557,104681013,136721,114499,104693945,136721
66cf92d3a9429ba8,84694,74801663,130121,84630,74811531,130121
66ed2d9d92039e20,35194,25338299,128742,35124,25353635,128742
66f30646d02759d6,76935,67039040,128481,76864,67049664,128481
66f3d3c98e833f28,109810,99945447,137389,109697,99956251,137389
66f4dac628e82918,30251,20382675,153841,30151,20393954,153841
67093b390eabfcb2,66167,56320559,139209,66059,56331050,139209
671694f5b508ba99,21298,11419914,139006,21211,11430024,139006
67222bdffcf2bfa3,22374,12520540,138233,22259,12530968,138233
675c773a5a6c3dbf,87740,77839586,131690,87669,77849104,131690
67754e33b6677ed8,114336,104442979,139243,114303,104455556,139243
678265b7d47c9992,26102,16239786,138102,25990,16249561,138102
6794c99594faa4bd,11527,1666166,156195,11420,1676975,156195
67b96e2751dd0476,77235,67360914,128938,77120,67370587,128938
67df845defc7dec1,15033,5182942,138453,14929,5193130,138453
67e1ebc743a26d9a,103164,93301570,140935,103062,93312525,140935
67eb3ab9fe61052c,109513,99620834,137081,109463,99634919,137081
67ff711e458b1f75,53872,44025247,99561,53817,44044952,99561
67ffe28fbbabd012,70887,61005382,142934,70794,61017695,142934
681853995e50aef5,107044,97183981,154474,106944,97199671,154474
682b97b5a47e81cd,48610,38740704,141196,48509,38751097,141196
686693634d6f6547,114305,104419439,126587,114272,104450926,126587
6873da5322f494e7,33789,23940109,138774,33680,23953370,138774
6877b8841916f163,54683,44840006,136667,54580,44849966,136667
687c103175b3c16b,118261,108359670,128950,118235,108414762,128950
6891e9eccf6c2d1f,29146,19315627,97193,29124,19322823,97193
68b3aff6a5e1846d,16516,6620138,139212,16447,6630560,139212
68e174f1514ba22e,76743,66849563,140720,76682,66860663,140720
68e91e0836283503,107454,97561152,127308,107406,97571655,127308
68fbf62e6cccd92f,37818,27943799,139766,37717,27953594,139766
690d9d1c5be0bacf,52002,42142101,75664,51983,42148484,75624
69103d7b084112e8,56728,46860201,137771,56629,46869725,137771
6929cc6c0e997444,100356,90488051,160336,100256,90500297,160336
696849329f935621,29709,19799703,136822,29569,19809658,136822
69714e9885dc022d,102442,92581035,139192,102339,92591562,139192
6996fcb73e4048df,82873,73001355,130473,82788,73010798,130473
69dcd7318b62dd2a,109225,99350595,127467,109195,99465903,127467
69facb2872e6a8e6,94450,84582052,132281,94344,84591660,132281
6a08fd2d7eff5f9d,46554,36681864,133349,46454,36692798,133349
6a1ae2ae368aef66,29579,19638743,130586,29491,19648900,130586
6a31c30855ba1f8c,106915,97040800,136511,106817,97051998,136511
6a66a7ccd5810081,20177,10303531,140118,20078,10313414,140118
6a777fbba0013327,28649,18825326,333732,28577,18852758,333772
6a78d9f2f7a9330f,62759,52903201,153990,62658,52915091,153990
6aa8c1c82625d859,44632,34760766,140247,44529,34771021,140247
6aaafe9e2bbf85cb,79339,69483880,137056,79230,69494492,137056
6ac3e90d18b4c055,59436,49563790,137891,59335,49573591,137891
6ae75c712bab1755,107998,98144022,136049,107893,98155297,136049
6afc873791b0985a,78197,68341322,130108,78090,68351096,130108
6b00be4c6c0cb9db,112126,102260887,137316,112025,102270480,137316
6b0588938e1a7ad8,113768,103920900,137086,113663,103930413,137086
6b3106728df1d3cc,63924,54040745,138631,63852,54051070,138631
6b366a8936833fa1,46461,36619198,132408,46361,36629150,132408
6b4697b73605759f,13828,3979680,137794,13720,3989561,137794
6b5354ccb8080d68,11238,1379700,137811,11136,1389357,137811
6b9d49f04be30ece,68931,59061274,143039,68844,59072662,143039
6bb72acd38881c7b,37883,28020371,140020,37780,28031558,140020
6bc134ea6d2af9d3,66793,56940643,139826,66712,56951042,139826
6bc18e24b0597812,31439,21559980,139333,31361,21570401,139333
6bfb4a5c51ecb9f6,116957,107084193,137075,116834,107095777,137075
6c189a7513efd4f3,35285,25438403,129050,35212,25452151,129050
6c23782f48a7b371,24903,15005588,128164,24848,15015301,128164
6c36fb1939f8bf90,62596,52723579,137498,62496,52733413,137498
6c3b2ac0d4cdcfc7,59940,50058698,129029,59867,50068122,129029
6c450a95d5045ede,34505,24660098,139075,34400,24674653,139075
6c5d3fe17ae42d40,105055,95181741,138350,104957,95193538,138350
6c5e072430ced57c,11432,1563246,139575,11327,1572911,139575
6c76d254829a1e8f,43307,33459024,132125,43200,33469191,132125
6c960c2f156b291f,43060,33200384,140604,42952,33210921,140604
6ca26274e3f26e13,49486,39669226,357794,49420,39695714,357834
6cd8a1f77d85dc67,69261,59420881,139375,69159,59431543,139375
6ce5975638757c00,14013,4140061,138178,13912,4150296,138178
6d479281dd5a8d49,25657,15784330,139627,25556,15794232,139627
6d4d48a11c01970a,25126,15222956,138024,25055,15232940,138024
6d5c54bf9513f64a,27250,17379923,137433,27144,17389701,137433
6d7704fc2d741287,40284,30424267,140063,40173,30435121,140063
6da1e9cef9563327,25851,15980143,139642,25749,15990559,139642
6daa6b8c2010dd08,50852,40984608,140124,50743,40995053,140124
6db073cdbd73458e,73491,63620388,137029,73390,63630538,137029
6e0afc95d984fa29,102786,92939850,132124,102677,92949241,132124
6e0f4a3eaa2a0920,64079,54200324,138162,63989,54210736,138162
6e1754d9a7febef2,93657,83762294,132642,93575,83771331,132642
6e3e1af8c96a8009,36066,26219943,137750,35969,26231274,137750
6e4d83d8f39f1806,78074,68220692,138641,77962,68231113,138641
6e5e70ae2a83fa23,29465,19495731,112506,29413,19504095,112506
6e601ebc3f073c67,9948,99946,140087,9843,110579,140087
6e676f3e52dc55f6,86502,76617794,131588,86451,76627991,131588
6e6a326686f816fa,41289,31399733,133158,41204,31409437,133158
6e7c41449a61c9b2,107357,97460908,127877,107315,97471226,127877
6ee0c7fe51262ced,55221,45360472,138704,55113,45370231,138704
6ee182d85211c2f7,101500,91599929,132488,101444,91609195,132488
6eef3e4fd9c935f9,32891,23020744,139859,32796,23032710,139859
6ef9af3c8479d179,113174,103303653,153132,113073,103314871,153132
6f1ca11cffdff8e9,68416,58605438,333275,68358,58633213,333315
6f34cd66a7aca561,109354,99458945,126519,109321,99470504,126519
6f352ec276d4237f,77918,68060365,137131,77814,68071261,137131
6f6239be50862014,60803,50939962,136551,60700,50950913,136551
6f7ac6d25659924f,32454,22600114,138745,32338,22610241,138745
6f7c44bed0642b83,24514,14639718,137253,24413,14649805,137253
6f98e6f268350c74,98630,88760253,134426,98529,88770304,134426
6fcd441c1262dc3b,56229,46340431,138687,56149,46350723,138687
6fe637b266d605c5,65694,55824106,139356,65595,55833613,139356
6ff58328edc78792,69638,59780588,137672,69533,59791356,137672
7020216e9b8567cf,67226,57360232,136436,67112,57370842,136436
70269abeba3fc345,13580,3719719,138400,13472,3729374,138400
702a46632486adff,53726,43860239,137919,53624,43869853,137919
702ec59dfd306f36,93438,83539622,130738,93376,83549410,130738
70496775a319fbfd,99605,89702246,131867,99543,89711819,131867
705822c7892537de,111786,101940923,136780,111678,101950505,136780
705c5bf50a22aa99,23462,13599959,138993,23338,13609651,138993
705d672f59c20d13,111015,101143467,135151,110887,101153169,135151
707724aa3cb240b2,54744,44900149,137484,54641,44910729,137484
707cffa03690fe0c,54714,44863349,138230,54611,44873305,138230
7087010680205f6c,45509,35639385,133057,45407,35648595,133057
70946c085c1aa32a,110540,100633258,127317,110506,100642935,127317
70a2f9f68598746b,39780,29940444,140194,39678,29950387,140194
70a60637320b1445,107390,97499599,130127,107346,97510614,130127
70ad9de97585ff1a,109450,99561096,137410,109408,99574423,137410
70ba8b5fd1e1a3ee,96595,86741044,139056,96484,86751450,139056
70c6b7d7f7b5d0d2,23433,13563222,139086,23313,13573261,139086
70e5b3e197754aeb,72599,62700608,128119,72532,62710660,128119
70ee9c46c46b9c47,25946,16079972,138860,25841,16090462,138860
714f9cea3e46dc9d,48738,38861725,133611,48633,38873336,133611
7153322d3a598dc3,22034,12171115,137094,21930,12181131,137094
7157bbf10078fefb,88583,78719608,130926,88482,78729388,130926
71700991c3ebb871,33968,24100089,138317,33873,24111630,138317
718019d4505f81bf,111663,101800759,136719,111552,101810879,136719
7189efc714bde15c,65246,55364061,139939,65102,55373653,139939
719281271853e844,49454,39584328,140003,49351,39593923,140003
71c686e6b9e937bb,52099,42198620,119528,52078,42221588,119528
71d0ebe3a79085c4,22002,12140019,138208,21900,12150113,138208
71ee3ac3995b380a,62950,53082269,139287,62844,53092422,139287
721813adcc152e88,82810,72942247,131978,82730,72951407,131978
723e96499b2f7289,10101,221037,132645,10002,230982,132645
725cc7eddbf29a5f,26286,16440115,139568,26182,16450256,139568
727d1a317cbd63bd,33342,23442194,142263,33286,23453811,142263
72808be1e9fd1e41,80088,70241034,140252,79985,70252866,140252
72c3cb06a98a5244,18686,8803285,138854,18583,8813285,138854
72d2849864e0bead,35912,26060085,139264,35801,26072475,139264
72e3a161c550d4ea,105681,95800973,138311,105596,95812379,138311
730f1eb1d5d80a3f,101467,91568970,121348,101413,91577316,121348
73196ae02d42ead5,28361,18483140,137655,28261,18493521,137655
73419e3dcbc02c3d,27520,17679720,137223,27417,17689767,137223
734294c846fab13b,13389,3522027,140281,13287,3531885,140281
734971c2d36b6545,23922,14059991,139679,23820,14070510,139679
735384922ef5a91b,43894,34019268,133107,43819,34029423,133107
735ab7ade7093add,63732,53846447,128911,63667,53856501,128911
7365ca19abfa8ed6,58263,48400484,137441,58165,48411106,137441
736e549623d51642,89845,79959637,131712,89751,79970256,131712
7386efe66515066c,47431,37559735,120399,47324,37568118,120399
73d10f95c185c1bc,70977,61105282,141960,70870,61117257,141960
73e13930effcfb46,37099,27221568,132130,37033,27232968,132130
73f28d78412b48ab,36724,26863270,138392,36615,26875441,138392
73f5278bcf662290,26040,16180095,138877,25931,16190509,138877
73f6bb54d0297dcd,37850,27980138,138946,37749,27990031,138946
74036f10aa74f280,119860,109984345,138252,119761,109996274,138252
741c1322872b7c81,102249,92379979,132285,102147,92389408,132285
7421a79059570cab,42412,32541800,132618,42286,32551615,132618
7430a14b41b9c42b,88552,78691093,132959,88451,78701900,132959
743312e6298d66a4,85647,75781021,138974,85544,75790967,138974
7434e5c571addc18,115356,105484215,137326,115258,105496548,137326
744af44287744a11,82903,73039726,131856,82816,73048979,131856
744c185c4c532717,33310,23418184,127663,33257,23431275,127663
7454d71cab110472,46192,36321839,124186,46080,36331038,124186
7455f171cf23cb93,89174,79301680,138979,89074,79311305,138979
745b7a0d2d6e53a5,115041,105200899,136516,114943,105216979,136516
745fe1cf18552eb3,62183,52303990,137856,62084,52314057,137856
74674029303fa5d8,33555,23679921,138089,33466,23692953,138089
74739018959c43d8,91226,81360849,139293,91127,81371757,139293
7493916fcdf14ec8,100988,91142055,144360,100884,91153205,144360
7496c2c2ca125a1f,9886,39964,140090,9778,50709,140090
749c1e2eb296bf1a,19952,10079743,137696,19857,10089876,137696
74a7ac0456bbcff6,68990,59120868,140083,68893,59132461,140083
74a858213d8916c9,24017,14159829,138178,23912,14169849,138178
74b60f8174ecb8e9,15004,5159583,137976,14898,5170026,137976
74cf353e9b61998f,48031,38159397,132754,47941,38168647,132754
74dab1ffd120f2cf,50914,41059409,133798,50802,41069344,133798
74eb36481fcb89d0,117962,108100679,135617,117870,108116053,135617
74fb47376211dd5b,23549,13699849,138466,23437,13709466,138466
74fd99885245dd3d,118388,108483869,136649,118349,108496076,136649
751a48e839b7c14b,48416,38544011,139478,48316,38554280,139478
753181919a6429df,33584,23703160,137789,33489,23714317,137789
7532b4e1a0002921,105831,95963920,136524,105722,95975553,136524
7538eedf3c4bc7d9,10036,163770,139265,9937,173801,139265
754cab00b8e45213,56377,46500245,137376,56269,46510873,137376
756e8d22764ffab9,87917,78041005,138604,87812,78051844,138604
7570b639263ad45b,78707,68811398,129858,78646,68821774,129858
759cdfce356485a5,94419,84559768,132232,94315,84569226,132232
759efcd2ac5429b5,64139,54260653,139288,64041,54271699,139288
75a809e16b08f630,92431,82564832,140399,92330,82574801,140399
75c4e308be4fd599,72907,63040563,137560,72805,63051587,137560
75ceb7c077d8ceaa,99572,89679997,131840,99512,89690311,131840
75d3e3e40c22346a,109838,99980542,135493,109719,99990273,135493
75d722d941f8627c,36602,26740149,138571,36486,26752681,138571
75db1e3139ba2a02,99540,89639992,132439,99482,89649185,132439
75de50a564227b6d,55717,45841918,127982,55613,45851821,127982
75e0d4ca5c5b77eb,103753,93879779,131116,103655,93889050,131116
76089d5332da4fb8,25392,15521948,139530,25273,15532066,139530
763a36317aa582f2,49713,39819124,132387,49649,39828944,132387
767f93599de50a0c,9917,63539,139709,9812,73687,139709
76b49dca7e393516,55781,45968367,355673,55722,45997721,355713
76d05b9515930862,22653,12783201,138422,22553,12793902,138422
76e3ec69661edccc,63956,54064202,138887,63881,54073979,138887
76eb3b96a5e9df84,109868,100003628,136351,109742,100013933,136351
76fda4d220edf121,101270,91402015,143880,101167,91412496,143880
76ff46d31834570d,32484,22640188,138170,32378,22650190,138170
77590f44a122e054,107610,97723749,136587,107542,97735216,136587
777f2aa8c0e89e5e,47496,37639511,133244,47387,37648699,133244
779e3fbc081a5c87,114158,104310930,95549,,,
77a76bae0cd58198,72186,62320186,136396,72086,62331010,136396
77aeba8b09b2177a,81182,71319611,131940,81083,71332318,131940
77ebb361bd545fb2,71875,62023786,157255,71763,62035332,157255
77eed55350b64e90,71968,62120587,138477,71861,62131250,138477
77f6f95ccba4a5c2,56610,46760576,138566,56499,46770281,138566
780522785b41b96a,94636,84779715,131431,94520,84789398,131431
780f3c07c756e507,113491,103624033,136340,113381,103633294,136340
781520fbb4162aca,97366,87478171,96161,97312,87486471,96161
782bd74ad2b97afe,45445,35579128,132372,45343,35588900,132372
783587e49555fa23,10382,506121,118088,10315,514697,118088
784280aec4bb6fb6,20395,10539712,138309,20283,10549837,138309
7848bb446d540509,38163,28303957,140134,38048,28313857,140134
784d9f2200469f43,73084,63224025,138228,72972,63234987,138228
78543c66401c6090,113890,104020775,136438,113789,104030501,136438
7886339193b83a4a,14141,4279692,138611,14039,4289969,138611
788f08628ed25e69,61023,51160666,137947,60913,51171085,137947
78934514a831c4d2,102694,92840092,132916,102580,92849593,132916
789e519b1ad1df41,96410,86541364,139574,96304,86551917,139574
78a2c572d7ce1ed9,87080,77220953,139220,86961,77233278,139220
78b02ef03855d691,106980,97104155,137433,106881,97115939,137433
78b421ddc714a7d6,75005,65078919,129348,74864,65089223,129348
78b48a2ec596b5da,67697,57843623,137937,67591,57854378,137937
78e25575f8ed7ebf,43830,33943779,131582,43757,33950247,131582
78e269732f072459,115292,105421145,137715,115196,105433441,137715
78eeb7a0ab2daf0f,98599,88723710,132264,98499,88733271,132264
793700f7fad0a4bb,105526,95641442,141235,105457,95653017,141235
7945264a317ce9b5,31592,21719807,137369,31494,21729138,137369
7946cc4749dda6e0,67355,57483948,137515,67231,57494360,137515
795c4c5b57c3d997,108311,98444140,137495,108214,98455410,137495
795dea4ea3450a2a,114883,105023929,136334,114775,105035429,136334
796e6314a314a1a0,113857,103984031,136036,113757,103994193,136036
79892da3db7f8eea,55880,46004004,111823,55826,46012445,111823
79c55bf639a99d75,60280,50420393,138549,60172,50431145,138549
79c85d16a68847eb,41133,31239312,132398,41063,31248958,132398
79ff1c3d19df0951,21388,11520106,138811,21286,11529751,138811
7a0ffa75be6ba4ea,98251,88403225,151781,98146,88414652,151781
7a173c2e5d3b147b,20456,10599878,138537,20339,10609468,138537
7a1ce5a367547674,33246,23340120,128867,33197,23350650,128867
7a39f0ec5da09050,113706,103860701,135954,113601,103870392,135954
7a41e44affbbbea4,67849,57980359,137524,67749,57991005,137524
7a66f51515895d65,77759,67883693,136756,77658,67894331,136756
7a6df70b224bf877,74690,64852205,336746,74617,64879744,336786
7a821fa1fedb73c5,86936,77060735,138194,86835,77071300,138194
7a88d155940cd07b,73925,64080449,137869,73820,64092069,137869
7a8dd4285468b291,61426,51560263,138027,61326,51570118,138027
7a92f03c3592f21e,103342,93465476,118249,103266,93473848,118249
7a9e2eadd1fda797,110570,100654992,128474,110532,100664214,128474
7a9fb5d7be63121a,34130,24259836,137438,34033,24271861,137438
7ab72ad5f1a343d9,31345,21459852,137551,31275,21469609,137551
7ace1fd4ddc23242,97126,87314401,382087,97069,87345077,382127
7ad9c71eeebb5ea5,66762,56898869,128441,66683,56908682,128441
7ae18bc1b644efb2,47216,37361688,133534,47111,37371898,133534
7b1b4015eebd651a,26164,16303368,138787,26048,16313158,138787
7b358f1413890c28,32423,22563263,138040,32307,22573269,138040
7b395f5d68eeadc6,34444,24583152,137912,34333,24595119,137912
7b50995deb640a57,75285,65420892,138806,75161,65432735,138806
7b8a19ec6516ac3f,36540,26680101,138463,36428,26693369,138463
7b91f3db60473f08,98847,88982170,131474,98734,88992329,131474
7ba123bc86826824,21776,11903318,137772,21676,11912647,137772
7bb566bf796c12b7,104869,95021165,138844,104767,95033342,138844
7bbbcfbdd11811d5,61115,51260373,137512,61000,51270838,137512
7bc8b8e4f62e24a6,107170,97347976,343818,,,
7bd74ca04646dba8,63381,53518577,126365,63281,53527613,126365
7bdb18266553cf0b,15189,5319846,138500,15089,5329825,138500
7bfa1dbff4cb4fef,15663,5806158,156525,15549,5817895,156525
7c18a5b00bad2ea7,75259,65380244,135857,75119,65390715,135857
7c5dea4643daee41,87614,77711305,131859,87556,77720372,131859
7c7b6f6529783ef0,41438,31562956,133375,41330,31573572,133375
7c80b4697ab27850,109031,99160916,136963,108931,99172359,136963
7c9cae447c4b352d,60129,50243658,138476,60042,50253982,138476
7caa3c010de86f71,41227,31338869,131124,41150,31348347,131124
7cb42166901db384,73987,64140328,136471,73884,64150823,136471
7cb9086161f09fe3,65596,55723676,139022,65498,55733260,139022
7cd26ec648ae235c,15156,5283799,138013,15056,5294287,138013
7ce39bb473407941,69946,60103722,157341,69843,60115816,157341
7ce85c5b08b6c6c9,50345,40499160,132138,50238,40509206,132138
7cf3cfa40008cf65,99792,89899725,131624,99711,89908891,131624
7cfd06535a9fea7a,64915,54979338,132221,64867,54989641,132221
7d3fbb484b2ec50e,62726,52862667,151445,62625,52873423,151445
7dc539dc97991520,25156,15259909,138231,25081,15270483,138231
7de79c3d677e1e79,63606,53786279,337460,63537,53812653,337500
7df64e2c17e9b701,34688,24820144,139233,34592,24833462,139233
7e320127b7e8dc3d,111099,101243478,135979,110989,101253044,135979
7e4191a5de7d9224,51829,42052360,366460,51805,42081282,366500
7e4b492e7deca0b7,23256,13379889,136803,23169,13389761,136803
7e677ce171b6cb43,76871,66980502,137486,76805,66991699,137486
7ea0cbc711abef35,58781,48919889,136231,58678,48930364,136231
7ece4c1bb4978836,115666,105820882,137222,115562,105836342,137222
7ee6643c1fd9dd96,58879,49020456,137829,58773,49031652,137829
7ee7e1e20ce90f82,39142,29259021,131568,39077,29268889,131568
7ee898f8a929e1cc,63012,53160828,137792,62903,53171815,137792
7eeec32b400bfd88,49140,39300144,138248,49038,39310559,138248
7f003439b06a3256,95137,85264561,139044,95030,85275311,139044
7f31e5a5f58e4c3c,16101,6223610,139077,16004,6233723,139077
7f4edd2efce528ae,57361,47520576,138388,57260,47530518,138388
7f77343508b8a52a,114855,105000928,137757,114742,105016591,137757
7f9016704fe923ef,113206,103342926,148419,113105,103353641,148419
7f91ff52f9be924a,41935,32017094,143238,41908,32028269,143238
7fb8071b19af8594,72469,62584855,128384,72405,62595168,128384
7fbbb4e7c0725a28,32576,22723349,138897,32472,22735522,138897
7fbd8b70bfb1dd61,105651,95763927,136252,105570,95775876,136252
7fc29cdc575d140a,71280,61440507,138364,71179,61450797,138364
7fcf49425c480c60,36663,26803518,139125,36554,26815441,139125
7ff5626f6fbd843d,79490,69620672,138390,79390,69630968,138390
8003f69bb692845f,107422,97539682,128713,107377,97551469,128713
800dd2851056d8f8,26810,16925604,129048,26737,16934789,129048
80236a8dd8841555,101840,91960007,133039,101744,91969773,133039
802ab5ca0bc9cc63,54653,44803527,137395,54550,44813614,137395
8044d1fb75f3572b,18628,8739746,137633,18536,8750091,137633
804620bc79bfa094,12292,2445898,99469,12230,2463942,99469
804f34a3d837e6c5,100679,90819813,131714,100574,90829498,131714
804f7b85c1adf41e,58625,48780492,137513,58523,48790825,137513
8056ad6264e46e30,92988,83119766,131865,92887,83129638,131865
8068c774b03a1c97,84663,74779758,131435,84601,74789583,131435
8087f7714368eaab,65540,55700212,137182,65442,55709810,137182
80c0f05bff50f5b5,58943,49080180,137684,58834,49090600,137684
80f3f2ad8e772113,76518,66660604,137841,76418,66671168,137841
80f75d3f24c53634,70290,60427142,156441,70186,60439306,156441
81005ae49e246323,118685,108820929,136099,118578,108834612,136099
816932a057e3687b,14494,4598225,128795,14430,4607744,128795
81d817a83f7aaae1,93470,83579751,131898,93407,83589729,131898
81e097904f447b56,36005,26162533,153100,35902,26178313,153100
82281d2bca23d3f5,25722,15843244,138677,25621,15852958,138677
8264207725dbdfd8,45134,35279420,131799,45021,35289381,131799
8288c48a100075c0,84119,74242823,130375,84018,74253470,130375
828c2d430649f172,50502,40644594,162251,50403,40656699,162251
8294e7783f6228bd,16873,7019824,137995,16759,7030781,137995
829f97b38624b5fc,17622,7759692,136933,17504,7770033,136933
82ae571848bd40b2,82490,72643943,104354,82417,72662437,104354
82ba034fdd90efa4,69793,59940229,137113,69680,59951630,137113
82ca9f43516092db,59287,49440713,140778,59179,49450806,140778
82e08bceb2116f5f,48832,38961668,133154,48722,38971482,133154
82e1aef5eaba9426,115816,105944019,136648,115715,105954885,136648
82f69263f922e5e3,71125,61280720,138063,71019,61291762,138063
83080a710f62bd15,70542,60658869,128381,70476,60669391,128381
8310b4e58b8dca28,72848,62963507,137166,72755,62973845,137166
833413f68d0cff80,114401,104503970,137410,114363,104517041,137410
83696320fadf2edd,45759,35861495,132718,45691,35871081,132718
836c81bf308198ba,87022,77162648,139486,86904,77174636,139486
8386503c526fb659,22405,12560033,138844,22298,12570725,138844
83a430922f41480e,53170,43302137,127609,53065,43311419,127609
83b47248c95e8954,65473,55623983,138794,65369,55633434,138794
83c8ce210cd895e0,94913,85040328,133003,94811,85049502,133003
83cd52e8750d6b74,104838,94984235,137938,104736,94996100,137938
83da54f8e09bcca5,34600,24760305,139359,34500,24774630,139359
83e2ac1142022c4d,68519,58644878,130508,68465,58655910,130508
83ff7117ec6acb95,77595,67723657,137801,77496,67733687,137801
840139ba2f3d2ffe,99730,89839820,132149,99657,89849952,132149
842a16f0cfc719b5,97463,87613444,79283,97401,87635006,79283
843c1b02492500f9,89787,79882094,133025,89705,79892514,133025
844e10a2bc9a4796,97854,87942264,131955,97711,87951524,131955
8460b70dd197ae4a,16454,6558224,129651,16390,6567851,129651
8463bf42829d8361,61649,51827269,344434,61580,51854786,344474
8477b17a02072245,90763,80901536,141735,90645,80911805,141735
8477f829a526adda,60067,50183609,138528,59986,50193959,138528
84999ef53dd1fb57,16844,6979763,138310,16720,6989355,138310
84cae0eee68328f1,96625,86764267,137051,96514,86774222,137051
84db4efb961d7d01,44382,34540842,142327,44279,34551350,142327
84ebfdca0321df6c,38316,28464484,140018,38212,28474829,140018
84eceface95623ed,119577,109723999,136910,119474,109735000,136910
851c2904c39d0f16,77854,67983929,139256,77752,67994547,139256
8529214d22f281f6,29551,19598256,128419,29473,19607119,128419
85304c77a652fb30,13735,3879694,137756,13619,3889687,137756
85342daf6f65d38e,86847,76960935,139373,86764,76971983,139373
8553091cb55ca700,88175,78322037,131458,88069,78332093,131458
8555d0a197fdf558,106194,96324243,137864,106096,96336534,137864
855eec7256fcdcca,108150,98280734,136338,108054,98292361,136338
85634b8d9403da34,46749,36880597,139697,46645,36891697,139697
85653090b83aadae,27128,17260039,137765,27038,17270140,137765
8586a3751065945a,42998,33140372,139036,42892,33150843,139036
8590fa6730cb582e,38790,28924178,139778,38684,28934973,139778
85b235845b4cbb90,114495,104603896,136540,114446,104615902,136540
85c15b9d70d7cd92,32046,22178433,129924,31944,22188750,129924
85c1e31491fe128c,110345,100481735,128326,110323,100491964,128326
85c76d518b9ba4e8,41466,31599401,134046,41354,31614912,134046
85de98592b8ef1aa,89360,79513851,100581,89316,79537179,100581
85e58de834803c60,26317,16463631,139335,26213,16473765,139335
85e61b58a30a1aea,28586,18719825,137689,28482,18730485,137689
85e727dc415faae7,104622,94761097,138557,104506,94772983,138557
85f3344945e4947b,44480,34639388,132552,44379,34649685,132552
864afeaf6449e32c,107761,97883576,136012,107661,97894957,136012
864fa3b6e32abdf8,21564,11703148,138129,21449,11712643,138129
8658868358382b12,27866,18000021,138799,27761,18010099,138799
865b52c896a6bf3b,20017,10140327,139957,19921,10150422,139957
866a72ff50d8953c,16211,6364631,100327,16154,6385535,100327
867c9cf82c6b0f08,55587,45720608,140091,55484,45731670,140091
8687a208ab75e147,76176,66321593,130090,76070,66331994,130090
8688fe947f21c2d9,58594,48743262,136009,58492,48752922,136009
868e5c2f05903561,57771,47924563,101188,57699,47944264,101188
86979acc620dd6d3,60310,50443919,138756,60198,50453924,138756
86ab7b8bf756349c,118294,108381160,126985,118265,108415685,126985
86c1075e594d2222,81372,71504542,140598,81248,71516207,140598
86cc4a918dff8626,45919,36040509,140391,45842,36050815,140391
86cefe2c4e5fba42,64759,54863929,130203,64733,54874301,130203
86cf6ece62f3e5ad,87167,77320724,137914,87059,77330798,137914
86d249719a9d8dda,55314,45463116,155051,55202,45474488,155051
86d2debf97f2dcee,98221,88372697,189116,98114,88386691,189116
86f7eef5abbbad5f,51215,41340685,129760,51113,41350229,129760
87064edd4d01d8cf,28999,19103446,136812,28921,19112934,136812
8716897bfbcf4bcc,50197,40339304,132840,50077,40349420,132840
8725cdd92098114d,42740,32874726,161619,42640,32886584,161619
8753fcfc36070cd9,33880,24039939,138778,33782,24055513,138778
8772873e4f3bbac3,28177,18322987,137100,28070,18332589,137100
8776d13d509b3914,79841,69981560,143997,79734,70001640,143997
8777aeb434e09e00,95217,85366847,78452,95164,85391464,78452
879da7e469d436b4,85519,75661237,139154,85419,75671726,139154
879de59ea5921e3a,73172,63323968,138843,73070,63334159,138843
87c624d990e744ab,73617,63743590,137730,73513,63753862,137730
87cd0ce30a6884be,104777,94921006,137798,104667,94932074,137798
87d5a9ba4c0df257,103723,93841919,131401,103628,93851638,131401
87ea75a9890f5fc5,89475,79573281,118008,89429,79581636,118008
87fbeaf94f3d2dba,40095,30221290,132101,39992,30231373,132101
8810d36ac3c9f470,115697,105844121,137846,115597,105856011,137846
88407a9a7ecb9be8,41004,31110986,132624,40939,31121622,132624
8847cbe0ad256a4f,72694,62803978,138136,72620,62814119,138136
884a8cd02428e19f,27738,17879811,137133,27637,17890143,137133
88578f4c0d985bcc,12751,2879729,137345,12657,2889835,137345
885bb8a1226b7407,36847,27000246,136941,36746,27012898,136941
88812ff766fa3422,35565,25699877,137325,35470,25714601,137325
8882dd11d87a5cb0,109290,99393405,126773,109259,99467724,126773
8884ae4a242b1dd9,53201,43338753,129794,53094,43348412,129794
88955c86a6257611,38436,28564080,140539,38337,28574706,140539
88a019eab7300d56,111909,102060607,135319,111802,102070229,135319
88c2310eddbab569,117995,108123771,136917,117902,108135945,136917
88d6ef6c6010ba19,106636,96781016,138527,106523,96792108,138527
890f976abcfca2b5,72877,63000420,137865,72780,63011389,137865
891ece6c60dc2928,32761,22900079,137695,32667,22912510,137695
8938c07cc8b86f89,26875,16979911,129431,26801,16989352,129431
893f393940e4230e,102345,92481086,139115,102243,92491797,139115
895bdeff61fa1fdc,31376,21483227,138153,31304,21492932,138153
895c07f34b8b4f0f,49871,39979228,132620,49795,39988927,132620
8963b6f9e511b004,47653,37765668,119205,47593,37774184,119205
89718560a95b01cf,73711,63843842,138562,73602,63856280,138562
8989997e509229f2,108749,98900379,134779,108646,98912400,134779
8999bd258e3b1bbb,72121,62243815,136923,72021,62254489,136923
899c16484ce9c6a2,14974,5119914,138134,14858,5129715,138134
89ac761489614e2a,39687,29840210,139236,39582,29850611,139236
89b712d4f0ea5c33,45379,35519379,132614,45278,35529216,132614
89bbaad56eba18c3,57297,47444902,127749,57196,47454073,127749
89e01b491f6c030c,35882,26020320,138925,35771,26032357,138925
89e225b5464fb4a8,19094,9189338,130155,19062,9199558,130155
89e763c122c35186,86663,76759474,130885,86604,76770308,130885
89f27883c2e07e31,59038,49183022,154637,58926,49194868,154637
8a06207b05990724,99852,89962396,132334,99761,89974532,132334
8a12b8fd49e85f98,118027,108216026,391391,,,
8a1e6c2df30dd2a1,104022,94180992,137487,103919,94190809,137487
8a2d25e7e1b6f131,98786,88919943,132364,98677,88929818,132364
8a3f5a67386d0d65,66349,56480525,138623,66249,56491350,138623
8a45e8a1df9f4f43,94880,85001954,131742,94778,85012405,131742
8a4a435df6d00460,60706,50847402,179142,60605,50860345,179142
8a4d94282624114c,87583,77677309,132679,87526,77686773,132679
8a54785847bbd6ca,15755,5910727,137258,15651,5924614,137258
8a7710ecca4171f0,66946,57100342,138118,66856,57111941,138118
8a7e701afcacc51c,52946,43082896,153355,52845,43093491,153355
8abb86420c15ea28,101985,92119844,132360,101858,92129613,132360
8abe39fb06dd39d8,24265,14420207,140150,24159,14431646,140150
8aea4d3fcd87f0b1,104654,94801211,138984,104540,94813897,138984
8af682f343e4d38f,92838,82984392,138724,92732,82994256,138724
8affb09c5cb1c5d1,12439,2539957,128168,12375,2549310,128168
8b0f03a8faf1a020,10576,680934,132470,10504,690542,132470
8b222092cd771f82,75063,65159030,128558,74908,65169185,128558
8b27a810911d2a54,112266,102388153,109289,112222,102399744,109289
8b43d2c59612cccc,108998,99126581,135914,108899,99141465,135914
8b6a8c79ccdbecc6,69916,60063910,137911,69812,60074300,137911
8b9ec91c395bb02f,103099,93225154,140740,102998,93236123,140740
8bc0978037a8a603,69446,59580385,137445,69346,59590714,137445
8bcb60926f722e3f,80530,70684120,104944,80479,70749412,105033
8bcd26d4ef40aaa0,34978,25143765,330714,34901,25180196,330754
8bd3a28d25727a2d,60369,50520474,137782,60259,50531046,137782
8bd7106a434abe8e,25422,15560062,138872,25298,15570181,138872
8bd86b5d5d1b440d,64227,54360383,137929,64114,54371999,137929
8bebcf19577101de,16486,6579918,128676,16419,6589876,128676
8bf6ddfc6463d93d,105251,95405685,103783,105190,95433974,103783
8c0583bfc00a098e,102216,92342069,131389,102114,92351846,131389
8c0893fc50b4447c,36221,26343454,138733,36124,26355055,138733
8c2a9710467a9bae,67513,57660370,136675,67399,57671184,136675
8c369ef7bf2199f7,10793,918418,130984,10699,928218,130984
8c4613759d4de8df,12567,2678007,128548,12496,2688139,128548
8c4864f132678ddc,47365,37499455,133948,47259,37509198,133948
8c4f90ed112577bf,29734,19823198,139235,29584,19833577,139235
8c8038f8e3cbff5d,91574,81681819,130196,91505,81690933,130196
8c87d09de8f0c636,68713,58822860,140369,68653,58833633,140369
8c903f52421c15f9,70128,60260514,138048,70027,60271101,138048
8c90aba87e4cbb86,63260,53420368,138438,63159,53430803,138438
8c9138b8c16de1fe,102663,92799992,131228,102552,92809579,131228
8c97357389e3fe4d,20302,10439905,138900,20197,10449880,138900
8caf5fc4d5fa53a3,44353,34499190,132646,44240,34509170,132646
8cb37aa661a5d5de,13518,3659666,137996,13412,3669592,137996
8ccd596d742b2a1d,48297,38443248,142999,48189,38453749,142999
8cf517b073e90671,17338,7463026,138024,17234,7472393,138024
8d4d99aa78e1fe68,16991,7140118,138243,16878,7150544,138243
8d600752d9ed6065,107486,97600957,138477,107435,97614557,138477
8db21fcc2d92029a,104144,94301002,138577,104042,94310618,138577
8dcf4aa9e94bf269,31249,21358166,128053,31182,21367576,128053
8dfd662dc3de5ec1,44233,34361657,133011,44122,34371435,133011
8e16caf234396a5b,59256,49399129,130630,59144,49408714,130630
8e272cecaa1a251a,101174,91300271,132428,101072,91309978,132428
8e383916fb20a71e,88455,78585759,130895,88355,78595136,130895
8e410f0932061418,105891,96041284,138620,105781,96054899,138620
8e588978bd9ccbea,53043,43180438,139479,52941,43191430,139479
8e76feecfc9a9c75,92777,82920923,137928,92662,82931041,137928
8e9d8f0e0ab37ff0,22253,12400045,137912,22140,12410295,137912
8eba77d4f4ae2d1a,66136,56280417,137840,66019,56290938,137840
8ebdfcbb88807beb,105495,95602111,130427,105428,95612463,130427
8ece1f9cfbdb2bcd,55405,45560394,138823,55298,45570444,138823
8edfbea2a58a20d4,113429,103562726,137417,113322,103572741,137417
8eec1b1a8782f3b0,80655,70799766,131966,80603,70813275,131966
8ef6bd18d3b497de,117834,107964435,137174,117741,107975833,137174
8f00a8bc6bc7c7d3,11743,1897998,128038,11635,1907218,128038
8f3817d6102ec93e,94977,85103572,130562,94875,85112951,130562
8f4b612911f211a2,43338,33481466,132536,43231,33491100,132536
8f4bc47375fab32c,35435,25560470,129830,35353,25570971,129830
8f550df81c0471be,15971,6098383,130127,15875,6107628,130127
8f5a06dbcde5d38b,62661,52803355,155644,62561,52815550,155644
8f750d69807cf5f3,16932,7079702,138164,16820,7090163,138164
8f792f2b04782664,114914,105061716,136840,114805,105073806,136840
8f86eefb257495c2,13766,3919549,138016,13657,3929531,138016
8f8ed1cb55a85f5b,79966,70104380,138781,79859,70117578,138781
8fbc0f0b3f55f5bf,24174,14319857,137787,24061,14329667,137787
8fcf157146d3b6a7,43701,33827427,132360,43630,33837460,132360
8fd8a0d305a3c8f0,118510,108620853,136779,118448,108634657,136779
8fdff9e45fb4649e,63135,53280608,138568,63019,53291607,138568
90126f708fdf901b,93893,84039742,131402,93777,84049258,131402
9030903b5e08e8b8,82336,72484186,138761,82231,72494336,138761
905f6ddaf13c47b2,15816,5963045,137246,15715,5976934,137246
9072e17eb4ce0085,72388,62541154,99421,72324,62561224,99421
908f573ef0f89050,110507,100611670,128410,110477,100621278,128410
9092b2f1fcfc0e0a,90161,80320680,138190,90059,80331324,138190
90a6d9b9e938e155,60992,51123700,138553,60883,51134689,138553
90afa902605c0487,35819,25960132,139028,35708,25977208,139028
90db74a074b411a3,19427,9523075,137345,19331,9533267,137345
90e0fe698706412b,21447,11579720,137579,21336,11590158,137579
90fba98fabb3ee79,86207,76340899,139420,86107,76351976,139420
91014eb9c5839f9f,17993,8119672,137698,17893,8129801,137698
9117784242b7e7b5,96564,86712630,139500,96451,86723163,139500
911b37e55da7293f,79137,69259033,128568,79026,69269323,128568
911cb1b9913e9975,49423,39560641,140498,49320,39570546,140498
9120206bdd42595e,57143,47280130,136407,57033,47290208,136407
91321960892a574b,100085,90222263,132909,99969,90232355,132909
91374221e67489ee,62301,52440380,138404,62182,52450798,138404
914f8368b416638a,93777,83899850,131796,93674,83909888,131796
918b1def76b2ac84,13140,3299523,137155,13037,3309429,137155
91afeeb5b1074f61,52131,42217831,113339,52106,42229629,113339
91b0615e49ed9877,40718,30844173,139539,40617,30854325,139539
91bb2ad82d0d09cb,83209,73340707,138311,83110,73351025,138311
91bd5b83da1bcf3f,17928,8059824,138056,17828,8069441,138056
91c31ca36e5b43e9,85835,75980900,139452,85723,75991733,139452
91c4d2d6e55b4f33,28394,18519941,138055,28293,18530698,138055
91d64792e4446f44,14769,4899658,138551,14669,4909332,138551
91d94fcc4be6eaa7,37163,27299105,133065,37095,27311517,133065
91e457f51ea89a23,72218,62346349,154577,72118,62358561,154577
91e85f578b7b0ce2,58473,48620450,138242,58361,48630523,138242
923136465c44ef50,89539,79621510,130254,89491,79630619,130254
9244338649b7ba4f,91349,81473972,117713,91288,81484949,117713
9258c668b4349d52,63649,53802818,98764,63585,53819605,98764
926a683584f7d25c,24706,14840063,139312,24601,14850039,139312
926c14ae0c15fb6c,94260,84391483,156856,94159,84402901,156856
927252c954f36071,51492,41645495,100198,51436,41662714,100198
92738409df2dd486,89271,79401270,140541,89170,79411962,140541
9276a9dac6aa6995,74914,64977574,120969,74798,64986521,120969
92b97a77294a8852,36478,26603266,138261,36370,26615863,138261
92d4f3a2767a056c,56858,46983837,139628,56757,46994380,139628
92d6c3f715f17600,58660,48820166,137188,58558,48830534,137188
92f0430fcc5a8541,64374,54520462,138548,64259,54531232,138548
930ec259a718bfc1,103661,93780075,131320,103573,93789067,131320
93170ef57890535a,82995,73139621,131763,82899,73149854,131763
9318accd8001725d,107139,97262754,139412,107036,97274945,139412
93440e1ffe7d2558,92236,82364138,138789,92136,82373851,138789
9345e88c96e83925,85679,75820703,138341,85575,75831274,138341
9362245a78a5ff5c,42088,32158927,130123,42034,32169005,130123
938169a0b19c662c,76454,66582690,130813,76354,66592674,130813
939e04ed7fc7c85f,36446,26579854,137633,36340,26596184,137633
939ec3fcfd3481ca,18171,8323817,98025,18113,8342945,98025
93b03e78484960f0,110855,100960631,135529,110735,100970729,135529
93b9d4ee500c9131,73458,63583869,138058,73357,63594863,138058
93c2596fda33f0f2,27674,17803227,137136,27573,17812836,137136
93ce94e1d6ac3299,89141,79264055,138278,89041,79274016,138278
93e342124df17435,52519,42620139,136664,52368,42629791,136664
93e5bb68ec95dfa2,37655,27784357,141137,37556,27794336,141137
93f6314edb605a3f,56347,46463477,137367,56245,46473396,137367
940be8f9692b4e2a,31948,22080149,139429,31847,22090985,139429
941473d2594aa0f9,52730,42880070,136212,52618,42890145,136212
945359582f0d7152,90946,81101144,140297,90844,81112373,140297
945f3fe380792314,115513,105643815,136606,115408,105654784,136606
948d40723f04a525,104269,94404528,158746,104167,94417235,158746
949779dda955d61c,117434,107580627,135563,117344,107592925,135563
94ba6113a68b8493,96966,87100116,131916,96864,87109540,131916
94c19191b3235755,72502,62606998,131349,72438,62616645,131349
94cebe9110d073d8,107580,97700707,136710,107517,97713125,136710
94fba137e9521477,107849,97984018,136922,107729,97995252,136922
950086dcc9f4adbc,29435,19476232,117373,29391,19484574,117373
951ba0e0715d02ed,80868,71019743,132827,80806,71032060,132827
9524e57cb680f004,90221,80380580,137167,90121,80390752,137167
9527f42a79c70489,108595,98740985,137170,108486,98756587,137170
953490682acd54c6,62154,52280667,138186,62059,52291698,138186
953ac53d4c6f1899,38758,28900586,140495,38653,28911604,140495
954b156ee986dc58,37414,27560294,140327,37329,27571978,140327
9553f8a4a576f262,114019,104146993,154061,113918,104158444,154061
95609a51790bee96,38566,28700531,140680,38466,28711105,140680
956303ad87ca8cf1,85552,75684710,139215,85451,75694794,139215
95781576b5cdd0a3,34882,25018502,128487,34784,25030626,128487
95a3a08abe40bf5a,86965,77084100,138361,86858,77095582,138361
95b7925e6f8a7a9d,11335,1462669,137578,11233,1472535,137578
95be433a3942bb2e,72937,63063944,138587,72830,63074171,138587
95dc000c319d2029,30933,21062023,139455,30833,21072095,139455
95dc2d621cc829a5,76023,66159453,131695,75913,66169221,131695
95df7fd0650b8828,68961,59084969,140462,68869,59095309,140462
9629262597fd3f04,79457,69583992,138574,79357,69594302,138574
9674f416820dd83f,74303,64485530,334955,74238,64513750,334995
967f1c289e06c59b,114083,104221018,137844,113981,104230700,137844
967f6abc24244f87,113584,103723756,136722,113468,103733106,136722
9683133063fef12c,116725,106860746,135908,116613,106873411,135908
96a4d2c543be0c4b,91382,81494185,119330,91321,81503312,119330
96ba53ac0c8c512d,97399,87494339,94907,97342,87501926,94907
96bb52c050b4d532,98025,88141342,140945,97879,88151478,140945
96c4f20705a9597a,110476,100589927,127889,110448,100599995,127889
96db1efbfa1d513e,62213,52340456,138583,62109,52350446,138583
970b0495c3f94eea,77661,67801036,139799,77562,67811921,139799
9717facfd297b71c,70827,60944438,139829,70742,60955077,139829
973425c5820e58ab,40783,30920324,139360,40681,30931231,139360
97406094be6830b6,115323,105461041,137570,115226,105474622,137570
9757c4828c032715,99636,89739583,130962,99572,89748982,130962
9784dae401968757,96686,86841230,140704,96580,86852157,140704
978e227b3470f615,66382,56503855,138275,66281,56514604,138275
979250b2b79f30f8,118858,109003891,136847,118753,109016146,136847
9797bef6c481dfa0,72437,62563133,129700,72374,62573589,129700
97a4ffe43f8615d1,52621,42742180,139588,52482,42752002,139588
97b562fff9d7a644,89238,79364537,139444,89138,79374586,139444
97bd562108f8ba79,54780,44940290,138209,54678,44950517,138209
97ca9322975efb56,45260,35419000,131623,45157,35429488,131623
97ce48b4bd6e60a7,112583,102680808,136067,112514,102691331,136067
97d004dfbcfc01eb,16578,6683086,138165,16501,6693197,138165
97d9bac4b1f64bbf,62272,52400289,137774,62158,52410808,137774
97dbceb199d8daac,114526,104640989,136911,114473,104652569,136911
97dfc90ad88abd54,33404,23520569,138863,33341,23533999,138863
980489ccb87566f3,57449,47580432,138869,57347,47590573,138869
9805c1d129bd94ce,36414,26543619,137279,36310,26555377,137279
98160d14b16c0a16,112552,102643742,136987,112488,102654677,136987
98497a5e78ccd7d9,18025,8159888,138777,17925,8170190,138777
984cbfb035788649,102632,92764596,138904,102522,92774796,138904
985228867b0b9e0e,112331,102431669,128184,112286,102440940,128184
9853fa703ffea12d,43959,34079039,131536,43879,34088950,131536
9876ce9cf7b88e2f,77540,67700396,137408,77439,67711592,137408
9880443efa6985ef,21873,12001027,135722,21772,12010927,135722
9881dde3e8b42682,92527,82661149,139527,92424,82671285,139527
989ef86e1d77fa9c,100233,90384222,144684,100129,90394903,144684
98ba37a6dcc04112,15253,5379708,137781,15154,5389491,137781
98c86eb68a0cd850,43246,33399374,132956,43137,33409422,132956
98e3fe83e8f2376b,33614,23740039,138232,33512,23752480,138232
98f0bd618492d6a3,32206,22340037,139095,32101,22350261,139095
98ffb4868eb2877d,21359,11479773,138233,21262,11489164,138233
990cc9fba4e2edce,61208,51358519,127118,61102,51367568,127118
99250847f37c9e34,15414,5543104,137198,15312,5552449,137198
992947c0f7c7d0bb,56793,46926852,156868,56693,46938438,156868
99328621b1810bc8,34351,24483821,137951,34246,24496155,137951
99674aa298ad0aea,50469,40600699,140820,50370,40611498,140820
996ec364b8caeaf3,71401,61540542,137590,71301,61551133,137590
99a89f2fee3530b9,108687,98840843,137210,108581,98855011,137210
99a8a1cf040ba3cf,16390,6498402,129379,16329,6508763,129379
99a9e0d75ef7fe6a,23793,13934378,155924,23693,13945644,155924
99b23f8c9512f41c,106291,96420986,138134,106192,96432971,138134
99b5a6e6edb3242e,91511,81619361,129965,91446,81628290,129965
99cf0c98de80fc8f,119729,109861098,138220,119631,109877803,138220
99e9189095fd89e1,19705,9843212,138252,19587,9853003,138252
99e92ba4af7b1440,100772,90921229,138160,100662,90931198,138160
99ecd81fffc7ef14,103291,93445486,105050,103216,93460630,105050
9a08ab1994480a21,95263,85382569,92820,95209,85397645,92820
9a08c26520e60910,55375,45520612,139237,55265,45530191,139237
9a252ae30f9fcd8a,15785,5939896,139019,15684,5954580,139019
9a29c3ac96f0fe7e,79904,70041319,142230,79794,70054318,142230
9a2f7f8e4a2c8afc,25883,16020212,138895,25780,16030265,138895
9a4c9388683da307,115636,105780796,136250,115522,105791657,136250
9a57ecadb6d37040,71368,61500288,137150,71268,61510763,137150
9a5917b3e7a0d4fb,56551,46700024,137323,56439,46711063,137323
9a5fb33f287e93f4,50976,41121168,142947,50860,41131696,142947
9a7fe014c1881967,56760,46900389,138026,56661,46910405,138026
9ab009d3cb22c369,43029,33162501,131104,42923,33172271,131104
9acdad6dd923cfac,18317,8418249,129718,18258,8427858,129718
9ad3e5896b0363d1,113615,103760882,135930,113498,103770262,135930
9adc92483683897e,77473,67623116,140674,77370,67633422,140674
9ae88bfc28c4c118,32268,22400829,138524,32161,22410914,138524
9b2190368dcfcea2,56954,47083251,135967,56852,47092719,135967
9b24055057af7fd2,23986,14120040,138907,23882,14130301,138907
9b2c4cf58e0adc90,99508,89613887,131355,99450,89623089,131355
9b3bc1d13ef55cc9,62001,52103449,137254,61925,52112957,137254
9b5054c37fd5de62,112158,102353534,382931,112109,102385210,382971
9b6d3f12ac2b8ba0,40972,31088601,133066,40908,31099098,133066
9b84a8f9b73a2868,75035,65118777,127813,74887,65129423,127813
9b8ead6026757751,64018,54123886,139617,63937,54134280,139617
9ba48caed4d986f9,89727,79821788,131316,89657,79831414,131316
9baa91d349f7285f,35163,25300487,129406,35094,25312180,129406
9bb94df3715ec6f1,84533,74646724,132497,84475,74656887,132497
9bb9f104b8faa5da,116666,106801273,137546,116572,106815508,137546
9bc64b72ed247b35,102600,92741061,138823,102492,92750934,138823
9c18ccd521c8fd42,29341,19425553,91297,29312,19432221,91297
9c18edf0605b6861,52760,42920317,138557,52658,42930442,138557
9c31a8817a8ca5c6,82244,72384470,138589,82132,72394495,138589
9c4d4d9958a61a15,28554,18682826,138740,28451,18693604,138740
9c7262becea16efc,85238,75384304,139302,85132,75395011,139302
9c860e6522b9d156,85711,75844161,139017,85605,75855442,139017
9c8d376e4065b19b,96717,86863220,130140,96613,86872201,130140
9cb9ec6a272d76ff,56010,46100498,128375,55953,46109428,128375
9cbd6b07d0933fa9,20728,10859915,137809,20627,10869948,137809
9cee79a4cbfd48fb,57416,47543653,136821,57314,47553680,136821
9cf230ec7a135f06,76389,66520624,138357,76290,66531611,138357
9cf5bf8d00dacbcd,18773,8903222,137858,18653,8914125,137858
9cfac2638d59efaf,10762,878723,132480,10672,888601,132480
9d0025aa0c0aba35,11840,2000288,140899,11739,2011252,140899
9d0060e9ffc20417,60834,50963071,136895,60731,50973052,136895
9d0524bee8f499c8,35255,25399009,130039,35183,25410701,130039
9d2165aeee3ad384,111282,101423216,149496,111182,101434659,149496
9d216cad28f8d95c,38631,28760856,141092,38530,28771161,141092
9d292a30703d3910,24642,14780211,140448,24540,14790906,140448
9d3d6e4d30c3465c,46587,36721210,144314,46487,36732826,144314
9d490fb9666323e6,50227,40361835,133579,50109,40371139,133579
9d514d86ab34dcb4,118132,108257558,127475,,,
9d5eb7113da80502,103535,93641978,131747,103455,93651208,131747
9d645cbebd540f9f,86877,76984295,138169,86788,76995069,138169
9d6753d7241987ea,105216,95388346,352805,105145,95424225,352845
9d8aa452ebfa7cfd,50631,40760557,139921,50530,40770493,139921
9daf1ba5f754149b,19189,9256544,139148,19147,9267281,139148
9db18dd4e5e166dd,53693,43823623,138780,53592,43833989,138780
9dc078344fedd34f,50945,41081702,131920,50830,41091131,131920
9dc8888b4b048c8a,46500,36659370,132350,46400,36670406,132350
9dcd7ac52ef65a4b,58533,48683690,136198,58431,48694725,136198
9dcfba9b90197682,86419,76573290,102046,86368,76593863,102046
9dd6555d9652dd6d,12058,2180159,129361,11958,2189686,129361
9ded1e3399e32ede,85422,75563855,156664,85322,75576142,156664
9e031f22a0eadb6f,61146,51300239,137643,61038,51310712,137643
9e16eceb99e0f9f5,9856,0,139643,9740,9917,139643
9e343f63db29c157,83715,73860621,138259,83598,73870521,138259
9e4e5f6a92a76c79,102130,92279878,132018,102021,92289630,132018
9e55e05ece75b14b,40031,30161524,131763,39930,30171046,131763
9e659c648743069c,45165,35319204,132610,45058,35330047,132610
9e6cda8078054ee4,11805,1958101,128712,11698,1968127,128712
9e719141c421c240,21720,11880084,138401,21618,11890215,138401
9e7bc1b36152b46c,43863,33979028,131900,43788,33988217,131900
9e832b796cb3ffcc,69021,59160747,138576,68918,59172156,138576
9ea98f259036dcbe,86993,77120788,137977,86881,77131430,137977
9eb396212e562420,16548,6659725,138522,16475,6670211,138522
9eb6a28968c935e1,80746,70881774,132146,80692,70894779,132146
9ed39717e722cbfb,69229,59380639,138862,69121,59391865,138862
9ee2a30e126920d2,27428,17579860,138443,27319,17589320,138443
9ee4fd5eea39c9da,36286,26419996,138244,36187,26434765,138244
9f18f8fcdb5263ae,20696,10823037,137297,20595,10833105,137297
9f1a27200e53c22e,102042,92180412,132743,101918,92190608,132743
9f3c71545c62b358,49777,39879498,133026,49710,39888761,133026
9f542846b9e61014,33434,23543885,138179,33367,23555609,138179
9f5d2a9d68116756,59533,49660665,136674,59433,49670059,136674
9f9b5bc3626626e4,86469,76595478,131865,86418,76605746,131865
9fad42be29a90ad2,44021,34140439,139507,43936,34151169,139507
9fdda56188f6f534,110691,100761101,136560,110625,100771235,136560
a010232fbdc39906,55555,45680413,128410,55452,45689981,128410
a010fcf92589e941,112643,102743989,136809,112563,102754564,136809
a01588581f4281c3,108966,99103653,153605,108868,99119806,153605
a041cf8762d1a538,38286,28440790,142454,38179,28451974,142454
a08bf57aa4c03e19,31408,21519900,138005,31333,21529357,138005
a091dc9ee6536bcb,60520,50680136,137058,60418,50690380,137058
a09334682a6bc574,98662,88800073,132356,98560,88810646,132356
a0a76a23dae23f1b,49933,40042293,133491,49849,40052584,133491
a0bdb06751a30a62,107671,97800889,136346,107591,97813713,136346
a0d3a268f4079e3a,13980,4102881,137905,13880,4113129,137905
a0e4c29ceb866893,33278,23378548,128818,33227,23389121,128818
a0e605305553d5c5,12218,2343373,138265,12113,2353345,138265
a0e8418b901c2091,49616,39729421,132492,49555,39739254,132492
a0ff580208875239,45981,36099765,135523,45898,36109239,135523
a10e4650dda998e9,101533,91622017,130903,101476,91631226,130903
a117710867315865,96868,87001477,141808,96767,87011978,141808
a135a60d6aada1cf,118713,108844017,136942,118598,108856579,136942
a159d667c2b7266d,102072,92221982,144554,101961,92233375,144554
a15c85eaa458b33e,37034,27164790,129049,36969,27175559,129049
a1654996aad4c25c,77823,67960431,137288,77721,67970893,137288
a18c71cb88b844f5,96154,86280922,138571,96055,86291601,138571
a19b5273e36e60ec,102847,93000870,137616,102740,93011224,137616
a1ae0768ad324cb1,62887,53021114,142655,62783,53031624,142655
a1b4361e4803afcd,117151,107281153,138220,117060,107292969,138220
a1b521403834c80a,71530,61660969,138186,71429,61671029,138186
a1d01c409fc6ec3a,48238,38379191,132708,48117,38388741,132708
a1d23495c2c735f4,100113,90260380,134366,99998,90270984,134366
a219300c58e9dc46,77206,67339161,129496,77095,67349514,129496
a22d88c7355f5d59,26907,17019263,129775,26832,17028844,129775
a23d025977bfbd96,108214,98350899,134558,108118,98362690,134558
a25bec002bbee157,80242,70368704,138618,80148,70382710,138618
a27092fd8b6040ef,105620,95740850,137798,105542,95753244,137798
a27740979039d312,20081,10203126,138638,19984,10212832,138638
a2a480e89c815773,108279,98420920,137225,108182,98434231,137225
a2b98a17c4a3c318,50169,40302134,133166,50044,40311674,133166
a2cab52e661dba0e,53953,44070447,129724,53898,44080114,129724
a3060c9a9de1ccff,74529,64621248,129870,74466,64631693,129870
a31c24f5bc143383,46813,36943146,131788,46707,36952582,131788
a32061df398cf16d,64168,54300234,137786,64065,54310878,137786
a3725341d8189b41,67450,57584153,138401,67333,57594299,138401
a38aa136adff12c3,108028,98181336,137602,107923,98193452,137602
a38d1fc0cca5a567,23520,13663295,138968,23408,13672827,138968
a38e9ddb0ee7add5,10639,758705,131991,10563,768377,131991
a3901631f7432b37,83745,73883894,138031,83630,73893625,138031
a3c82748d9f8f4e7,112061,102200975,137967,111960,102210794,137967
a3e886de3ce12181,33373,23479904,137457,33313,23491782,137457
a40d41958ef0032f,30747,20900739,138226,30641,20910891,138226
a420fbc3f34ed2b6,30378,20520158,138794,30275,20531946,138794
a425fa9bd6f056ab,22781,12965263,344442,22718,12993671,344482
a4405800f99c9c12,43455,33581667,132621,43353,33590995,132621
a440cafe618e7092,119827,109960945,137008,119728,109973245,137008
a448d351e6cf5832,37914,28044186,141128,37811,28055141,141128
a44a696663bfc023,24610,14738566,129838,24508,14748482,129838
a44b8ec4d26000a0,72817,62940366,137334,72729,62951058,137334
a44c038090ce05d7,106162,96300965,136767,106064,96315507,136767
a4e20e45bc4a6752,42254,32341451,132185,42147,32351247,132185
a4e85ea169e03bf6,23890,14020134,137212,23789,14029984,137212
a4f2f2a4b0e93c55,110934,101061102,137482,110799,101071002,137482
a4f389a4e2b802c9,119107,109241127,137785,119008,109256071,137785
a4f8e3e190d5c7d3,79049,69160981,140101,78955,69172334,140101
a5067000e176d8ed,47280,37437201,121243,47175,37446683,121243
a5556b72672c1066,22098,12223196,137170,21992,12234590,137170
a5651a4c60a837a9,77412,67561771,131221,77309,67572594,131221
a56c56439e714b26,16357,6458279,129278,16298,6468134,129278
a587ad53c46f386d,39420,29541604,132020,39325,29550551,132020
a58a648f0fc97c40,10262,399682,139173,10160,409465,139173
a5ab3dba1584c29f,106512,96643829,136599,106406,96655563,136599
a5bc51724eee41c8,76207,66359062,129905,76100,66369439,129905
a5c667e2f28056e2,94041,84201305,141185,93940,84211973,141185
a606a1600b33addd,88647,78779609,131017,88544,78789892,131017
a60c028aa1182d27,40407,30560304,139161,40299,30570941,139161
a61bd09a58281107,28775,18889253,128901,28707,18899176,128901
a63ac220f66a0f07,92621,82761295,141195,92514,82771073,141195
a6400a91258e07e2,11651,1800153,140916,11538,1810775,140916
a6662b3661e3af3e,102936,93064757,138717,102837,93075045,138717
a66b7abf674f1631,75993,66121310,131579,75884,66131844,131579
a66d53571211e673,118326,108421538,139607,118294,108433799,139607
a68b4b84571fe108,35630,25760098,137719,35527,25771723,137719
a697c22e63db155a,20983,11088739,129270,20920,11098657,129270
a6a1e7bbab2cf093,75674,65817502,175515,75574,65831399,175515
a6a84089e2908dbf,93309,83432713,118368,93250,83441824,118368
a6d35d024fe8b589,99181,89320064,133486,99079,89330870,133486
a6dc3372dadcb3b1,85301,75461024,139241,85199,75471652,139241
a6f12e45adbb4238,55652,45780485,137375,55549,45790428,137375
a6f517dbddf0849d,104367,94501000,138848,104262,94513273,138848
a70b0aa0ec900db1,109543,99644056,137229,109489,99655159,137229
a713f8c00795f4b3,34474,24620073,138154,34361,24632061,138154
a717a8c5d150f024,101720,91822074,130359,101645,91831297,130359
a7337b19c7a4acb6,38929,29083893,106823,38869,29101188,106823
a75e8976dc1b95ba,32078,22205282,159016,31977,22216118,159016
a75fb8d42d9258ab,20145,10279792,138587,20047,10289701,138587
a781a884348cbc2f,65030,55105347,142681,64952,55115800,142681
a784371ec488a229,57610,47740196,137220,57505,47750196,137220
a78a448bfa347641,89931,80059702,132280,89816,80069257,132280
a7b249d3f387c8f9,54933,45063443,137893,54833,45073880,137893
a7c406e7fbdb3749,25479,15619959,137713,25358,15629689,137713
a7deb8e1207bbd48,48061,38190488,132400,47966,38200868,132400
a7f63e9e057b5756,66228,56380370,137653,66122,56390537,137653
a82a83888a74ebe8,80807,70959882,133288,80750,70974319,133288
a841a475e136c89a,70948,61081330,143466,70845,61093294,143466
a847716561acb9a0,55913,46025955,129695,55859,46035824,129695
a84dc484a561d75a,52494,42586228,154335,52353,42597072,154335
a85b7573e7260d7d,15477,5603043,137626,15372,5612793,137626
a8657155916b976c,34786,24919969,137212,34689,24933934,137212
a87f9b0b0e5b97a3,93596,83701712,118488,93521,83709783,118488
a898d1fb8383daf9,59730,49882990,97712,59660,49902175,97712
a8afc29e8de94b66,100741,90880923,138268,100633,90891269,138268
a8b7937802c993cf,114677,104800896,136772,114594,104813118,136772
a92c973cfd93e857,65299,55440330,138255,65178,55450146,138255
a93610dfeffca485,12661,2778355,129726,12580,2788415,129726
a93bf9ea0a3c7ebe,48514,38640746,139936,48414,38650431,139936
a964924da53c61b0,24481,14603142,138046,24381,14613432,138046
a9651ad644e709d2,72966,63100306,137387,72854,63111692,137387
a96a46ac983417d3,108181,98328167,180245,108085,98345441,180245
a976bb35d3cdfe56,18507,8602689,138224,18433,8613569,138224
a99cd27ef1ebd509,101141,91264762,147063,101040,91275459,147063
a9b2e66ef85263e7,81214,71341666,130351,81111,71354177,130351
aa0af565d7539f39,111633,101763948,136617,111523,101773594,136617
aa122952634b45ec,95425,85539852,130649,95367,85550242,130649
aa151dc707aed966,96781,86940096,133768,96678,86949983,133768
aa1d22792c2479e6,71721,61860439,137326,71613,61871293,137326
aa2852a537ad2304,119298,109441147,136753,119195,109456168,136753
aa3dec6796920263,28522,18659421,135372,28420,18669567,135372
aa647e742a53328c,75231,65343458,136249,75088,65353540,136249
aaa9659e486d3a33,103195,93325150,139727,103092,93335461,139727
aab418477a46640a,97430,87599032,381136,97371,87629257,381176
aabf83d773a52a9b,84311,74444298,138008,84204,74455027,138008
aac03f8ac4feb0b2,107011,97140982,137969,106912,97152709,137969
ab08ec131a7c30b2,106258,96390672,133399,106160,96403170,133399
ab2376078f5a56b5,21906,12039807,138428,21805,12049561,138428
ab585f7172d816de,104335,94466781,136770,104231,94479148,136770
ab5d6598e4e33b18,117215,107343688,136999,117124,107354797,136999
ab71f05d6a9ca3ec,36509,26640014,138117,36399,26652215,138117
ab73d74833fbcacd,72756,62863742,137852,72676,62873984,137852
ab763e4d895342df,68776,58900506,138224,68710,58911026,138224
ab7ea7a61d40cab3,119485,109623620,135051,119372,109634609,135051
abc6e9992ac577bb,50663,40800514,139717,50562,40810627,139717
abca971c22a891d4,112029,102160978,136292,111928,102171092,136292
abda111120695b35,82367,72520858,139432,82262,72531267,139432
abeb9d2fa995f065,61586,51720483,138843,61483,51731154,138843
ac55ce2a96bc5682,117309,107444538,136054,117220,107457087,136054
ac5f2118c48c1aa1,44762,34900582,140107,44655,34911800,140107
ac6606c59134095c,76840,66952500,139561,76776,66963306,139561
ac7637d2f2759a28,91996,82139505,131065,91877,82148669,131065
ac84441a278ca781,69855,60000395,137671,69739,60011591,137671
ac88ab11fb1c6058,86907,77020839,138664,86812,77031525,138664
ac91530c521936e1,95457,85561929,130930,95397,85571685,130930
ac915a77b537119b,76054,66199034,129145,75942,66210180,129145
ac999cb961198ea7,62694,52829269,153581,62594,52840913,153581
acaad1244eb5ebfd,80371,70501043,140904,80275,70514594,140904
acbc8e3bf344a582,81118,71242137,132862,81029,71254006,132862
acf1931e9186e876,94667,84819783,131666,94557,84829522,131666
ad030509bd78c3ff,24448,14579772,138334,24348,14590690,138334
ad182805dc13952d,20240,10380077,138983,20138,10390559,138983
ad1e62594edb072c,103131,93261337,140076,103030,93272429,140076
ad1ea1f329b137fe,109323,99419540,128822,109291,99468718,128822
ad1ebdfc46d8d806,92114,82264448,138664,92012,82274819,138664
ad2b228103f3a2e0,65384,55540774,139063,65279,55550990,139063
ad30b5a8b40660c4,68807,58932308,138931,68738,58942689,138931
ad34a54e9bffdade,10882,1018504,129206,10774,1028280,129206
ad43ab181389dbaf,21653,11803013,138441,21549,11812470,138441
ad4d6c140e01c741,11464,1599510,137332,11359,1609041,137332
ad53d4850b651f73,77323,67460979,131206,77209,67470622,131206
ad5f1d9df54b6a7e,19341,9421676,128173,19268,9430970,128173
adb116fb4dc27d51,90855,81000958,139005,90742,81012132,139005
adda459a4eebc481,29494,19537048,129785,29435,19546140,129785
adecfb0c1f49c906,30901,21038494,130128,30801,21048276,130128
ae192b1bdbf6a623,94324,84460977,138756,94222,84471720,138756
ae245529075a6646,111816,101971933,136468,111710,101982449,136468
ae776e77ee210b8a,25915,16043433,137551,25811,16053337,137551
ae798eaac6564477,60866,51000426,138428,60762,51011095,138428
ae8434fa4ce7226b,34850,24983324,157031,34752,24996914,157031
ae879f22165188bb,85867,76004564,140159,85753,76016016,140159
ae9645f2befc962e,108781,98940730,135642,108680,98953482,135642
aeaee60f2a45e3b6,69700,59840248,137310,69592,59851675,137310
aed48edd8b1629bd,74788,64890105,95552,74701,64898064,95552
aeea64e63a74cec1,50567,40700322,138702,50467,40709923,138702
aeeccb8d0156c5d6,115605,105744058,136871,115494,105755186,136871
af0a77f335348607,65504,55664715,161210,65403,55675734,161210
af13164f323f4634,75867,65999393,131346,75763,66010177,131346
af18dc1ffbff78cf,104399,94541291,139579,104294,94555652,139579
af23a80b6a8da909,58014,48130914,137721,57938,48140664,137721
af2de962bbe002d8,44263,34399196,132388,44148,34409672,132388
af59f4dab5c02b01,55437,45583661,137967,55331,45593295,137967
af5b4dac096b42c1,44729,34860487,140070,44624,34870651,140070
af68e68c72274215,106355,96484088,137040,106254,96496225,137040
af693c7529ef5368,16260,6383477,111527,16202,6393485,111527
af887e221bad338f,80176,70304954,140342,80082,70317722,140342
af9364decab2b4c2,88711,78844611,138467,88605,78854567,138467
afd7000bc2769352,76300,66460944,140468,76199,66471585,140468
afdb0d15f9eb8414,39747,29900213,139100,39642,29909942,139100
b0087327f12f3a6c,53106,43240325,138537,53003,43250753,138537
b02ce6b79dd74dfe,88835,78980924,139172,88723,78991605,139172
b038c23aadfec790,117736,107863637,135476,117613,107875097,135476
b06f655fdee3de62,70476,60602816,128936,70411,60614024,128936
b08615efbac80e32,49195,39324070,141654,49095,39333674,141654
b0c4ae6deadbe3ab,98281,88443893,156009,98183,88455025,156009
b0c753c181caf286,68648,58758842,128864,68591,58769657,128864
b0c9a83c42f8793b,98164,88301593,139185,98040,88312077,139185
b0d956f6791554f2,69669,59807184,157433,69563,59819269,157433
b10bf79f9355b352,87138,77281163,139692,87021,77291391,139692
b12108f4c1b40c2e,101956,92082603,131976,101835,92092041,131976
b12be605a75401e7,48546,38680660,141039,48445,38690587,141039
b131132a77f6a156,94575,84719568,130895,94463,84729665,130895
b13da83d76b0773d,40376,30520551,141092,40259,30530794,141092
b13e8b999ea3953b,87646,77739675,132143,87586,77749206,132143
b140cd807edf688e,116696,106824400,137111,116593,106836216,137111
b1481220c632c9af,11589,1720058,129426,11479,1729352,129426
b14efaa9943da0d8,74398,64525459,129971,74338,64536264,129971
b17be8342926ffb7,14680,4799734,138107,14594,4809454,138107
b182eafe7abfa32a,25363,15483164,138876,25249,15493084,138876
b188aa7b48fc3edd,19511,9620690,140707,19389,9630211,140707
b1890ea6c02a3d00,86367,76556334,391679,86310,76586262,391719
b1940cf98e7088f9,100026,90161652,133641,99901,90171525,133641
b1a72f564ee7e064,114432,104540807,136243,114391,104552581,136243
b1bb868d1099e724,40846,31026256,341797,40778,31053248,341837
b1d45bb4e59bd210,36816,26963334,137971,36715,26974916,137971
b1d5967dd155b698,58563,48720274,137977,58461,48731226,137977
b1d69aeabd7e5f14,16421,6520164,129034,16359,6530077,129034
b1db9fc4efb4be68,79587,69723026,152082,79487,69734867,152082
b2012299063d6456,93806,83939604,130763,93698,83948996,130763
b2098975aa544f82,69763,59900685,138758,69652,59911551,138758
b21b365ed242bb98,105301,95427955,131313,105239,95445443,131313
b21ecf769cb12e1c,94195,84320185,134823,94095,84330194,134823
b22a0a57d5fb2e06,72787,62900675,138605,72704,62911061,138605
b231c62b6a77c5fc,96901,87039819,130770,96800,87049869,130770
b2546a996a63b188,81741,71861898,131657,81642,71872642,131657
b2561b9afb9d5d76,83057,73201769,132645,82954,73211318,132645
b2ba62d8fb09a51d,116487,106600742,136184,116439,106615433,136184
b2cd3c1357659af9,53075,43203672,137478,52972,43214418,137478
b2d82ea8c7c02f03,25754,15883479,158716,25654,15894339,158716
b2dfad842ad8e682,86174,76301546,140455,86075,76312280,140455
b2f178cf63a90c5f,17653,7799872,139174,17538,7810238,139174
b2f5be5e3b4dc44d,51345,41480123,137245,51243,41489420,137245
b3049b3fa757fd34,14462,4560184,129765,14400,4569961,129765
b30d844425f5462f,45012,35159359,132764,44897,35169080,132764
b32142e43d32ad6b,11713,1860467,140914,11603,1870612,140914
b324262710743274,74021,64180756,139400,73920,64191757,139400
b326c93514624f9d,40158,30299063,132683,40053,30309704,132683
b335d1dd234c1e19,88002,78123117,131684,87878,78132711,131684
b3376189cce5950b,42333,32441611,134138,42199,32451754,134138
b354f465125d1045,115914,106041062,137964,115812,106052563,137964
b36dfeca96b6d83e,119171,109301258,138650,119071,109313320,138650
b37375499449c3ba,42902,33039284,133499,42799,33049488,133499
b386e2b313b18eea,17684,7823104,137517,17571,7833496,137517
b38855d6199e0610,45573,35748959,360811,45501,35776752,360851
b388d109a2ab9bfd,38071,28204032,139509,37961,28214474,139509
b3a06acd5ce2d91c,61618,51743837,138353,61513,51753521,138353
b3a84ca236156636,114796,104941274,137898,114685,104956057,137898
b3b56dd92b9e3c60,88804,78944597,139251,88693,78954436,139251
b3c75ddc9bcc0579,63574,53703616,137565,63471,53712939,137565
b3db6dff8e60a33c,113397,103524069,137868,113291,103533891,137868
b3ddd07d1f4789ca,104684,94824710,139231,104574,94836942,139231
b3e2ac3e46d2ef05,69824,59963652,138680,69709,59974412,138680
b41b3853a65deaa3,50081,40201617,132647,49973,40210716,132647
b41ce2ed5ef68771,14430,4538332,130115,14369,4548719,130115
b42596d390f0565b,90349,80483571,154512,90248,80496000,154512
b441609f578e92f5,51766,41860655,128978,51701,41869642,128978
b4536ca760db2cde,57643,47780490,137860,57537,47791395,137860
b467515368965f03,114647,104764304,137879,114571,104776337,137879
b4710fa1da78096a,17241,7380218,138809,17138,7389773,138809
b48ad2db4ce62fe4,102411,92541203,139104,102308,92551428,139104
b48cd3f677860c06,69574,59703559,137969,69472,59714104,137969
b4a37fa18a8f4a40,108902,99023735,137111,108803,99036083,137111
b4ba49c7f91b6f14,60098,50220312,137323,60014,50231445,137323
b4c16deb5c71519a,65139,55240559,138663,65026,55250694,138663
b4ccb2d5d7171834,33067,23220819,99743,33022,23292362,99832
b4dcb64615e7d763,48267,38419093,132223,48157,38429281,132223
b4f8b4abea265378,83868,74020865,139357,83762,74030508,139357
b50245c4c4f12a11,22828,12981816,98749,22770,13001027,98749
b5106e8bfc7ac9c3,16669,6783270,137952,16578,6793439,137952
b51c68fac811ca78,12629,2738062,128422,12553,2748112,128422
b5204a2112c98715,39657,29804471,140208,39552,29814749,140208
b527b31e235ab374,57821,47946310,128917,57749,47955680,128917
b52b213c172d72c3,42359,32479202,132557,42217,32489226,132557
b540d963f76fd168,103932,94081011,138056,103819,94090905,138056
b547b38ef65e9726,53010,43139853,136290,52909,43149691,136290
b5697c9c08db15d4,95879,86020829,137991,95759,86030987,137991
b587881e2c9c3d7c,75739,65872386,150433,75638,65884077,150433
b588c38e728fe959,55158,45300166,136880,55053,45310867,136880
b5953cce31e36099,117087,107223872,153992,116966,107239814,153992
b59998ca5d8c1aba,66606,56738827,129112,66530,56747949,129112
b5c4198b9af291f6,92366,82504636,157439,92266,82516195,157439
b5cb610bb76190da,87975,78100852,139141,87857,78111310,139141
b5da51553d55a5d6,13260,3402556,155144,13160,3415254,155144
b5e2d0f8a2ce1584,107732,97860598,136179,107638,97873071,136179
b5e87529760b5379,12503,2599742,129099,12436,2609108,129099
b61c1c6d04328827,98502,88635722,140657,98405,88645785,140657
b63c76ef936ec1de,103406,93520057,132912,103331,93529120,132912
b64d8ca3d0dba15d,53595,43723336,137333,53494,43732789,137333
b67371276f3c545e,105463,95580117,133264,105397,95593894,133264
b6934aa6b62f1ef4,22129,12259950,138006,22022,12270519,138006
b6985751e7e9ac4d,19919,10049162,154132,19824,10060445,154132
b6cbdcc8e3544ec3,67667,57820352,138024,67559,57831473,138024
b6ccafa4eb394e1c,25305,15423556,138973,25204,15433764,138973
b6d39ac735cf14a0,44535,34661900,133081,44434,34671633,133081
b6f4193da5ad77d8,23953,14083304,138345,23851,14093310,138345
b709a4a893db7b4c,101659,91759899,132056,101592,91769212,132056
b72b4e7a774dcabc,87830,77941540,142477,87744,77951750,142477
b75f5aec4f13e26c,10941,1080170,141693,10823,1090424,141693
b761727de31cb2b9,57482,47603920,138644,57380,47613815,138644
b7692ab00df7fc77,81495,71644521,159954,81386,71657600,159954
b77e226c90e1a3ed,82715,72841810,132237,82640,72851905,132237
b786bc0d3fa6c11e,93564,83681640,142071,93493,83692137,142071
b78dc55a4c0c8351,94697,84841922,131374,94589,84851559,131374
b79c27d56d9ed07b,98908,89059958,131783,98798,89070198,131783
b7b68e8d960bffd4,34319,24460488,141242,34216,24474365,141242
b7b8a91edd46e981,16815,6943161,138473,16696,6953886,138473
b7bf215647d6095d,49261,39400800,140648,49161,39411087,140648
b7d40ddacbd1695e,37753,27882181,139607,37653,27891888,139607
b7dcda471ee919e1,91668,81779580,130982,91590,81788599,130982
b7decdf8240635c2,33214,23318366,128878,33166,23331697,128878
b7e78173d6471a6b,40621,30760531,139670,40522,30770507,139670
b7e81eadd6c4ae2f,111847,102000768,136769,111741,102011577,136769
b7f19832d3e474cd,41408,31539230,132176,41305,31549077,132176
b7f8ce35c8000f81,64464,54620867,138654,64359,54631189,138654
b818644fc6135e7b,17273,7403775,139642,17171,7413270,139642
b832bf49e0234215,104463,94601141,139225,104356,94615464,139225
b857e5ff2144720e,29861,19983127,137894,29725,19992980,137894
b872c589405d0a4e,103067,93201414,139741,102967,93211398,139741
b88582f6500705e2,30534,20678403,129490,30423,20687605,129490
b894ebf9f9076ec5,96315,86444608,138891,96213,86455392,138891
b8955b7a28bbb497,75426,65579105,129015,75317,65589397,129015
b8959800dda5cee2,21112,11219661,137175,21044,11229977,137175
b8bfa7e781618b76,64884,54952556,131635,64842,54962120,131635
b8c5440dcd0de3cf,79996,70141014,140212,79889,70153055,140212
b8dff8dc2e648521,45540,35679178,132914,45437,35688317,132914
b8e19abf020078fa,111161,101320623,136370,111059,101331420,136370
b8e804d20df45e00,93405,83499964,132328,93345,83509675,132328
b91e261955510efb,92807,82960978,139047,92699,82971149,139047
b9226b4fa63353d6,13674,3819807,139408,13561,3830217,139408
b93166ad3c4894ec,106574,96720983,138205,106464,96735361,138205
b95b89d088c2d80b,64286,54431626,137489,64172,54443533,137489
b979b539a2b9cf5a,52365,42420766,129056,52278,42430036,129056
b9815d66448f735c,106947,97080957,138084,106849,97096263,138084
b99389c7666ee9fa,94227,84365007,162448,94127,84376851,162448
b99bbee9361a476d,81526,71680347,136754,81419,71693016,136754
b9a8c1ae4dd65940,40190,30321407,132062,40084,30331244,132062
b9adc1d79eb9cfec,79522,69660865,138905,79421,69671280,138905
b9be00db1e084552,56492,46623626,137981,56369,46633851,137981
b9c43b6dd1bad07a,100865,91005590,141282,100750,91016585,141282
ba03ce96e8c5349b,35661,25799827,137451,35554,25816549,137451
ba300d3f30f73fe0,72535,62639265,129797,72470,62649768,129797
ba3738d7598cc5d3,62509,52660390,137408,62400,52670111,137408
ba4a2672814c79ac,37002,27143059,128685,36936,27161610,128685
ba4ad1fc356ba4a1,96089,86221220,139822,95990,86232925,139822
ba4c415dd9885877,16004,6140127,139653,15908,6150174,139653
ba56d49575e368ee,52702,42843601,139130,52589,42853725,139130
ba65fbc625a17b7d,51129,41279136,128182,51024,41287965,128182
ba72a175b2994074,36755,26900295,137445,36646,26912674,137445
ba8776fb327c91f7,26468,16599787,138009,26367,16610653,138009
ba95d2e0ebd0e620,117279,107421595,138554,117189,107436715,138554
bab7d81c2655d13e,34946,25078597,130271,34845,25090325,130271
badea8a2f6e395cb,109176,99329079,95415,,,
badf6b3d325190b3,93053,83182036,131213,92952,83191772,131213
bb09f66f21b715a0,103567,93681956,131863,103486,93691451,131863
bb17dadf418b1b6c,79194,69321189,129162,79072,69331244,129162
bb190463616cfbec,49357,39483998,138745,49257,39493659,138745
bb4ecd590b89a0a6,47908,38019629,134398,47835,38029614,134398
bb6608c083ffb6c4,58202,48323177,137287,58112,48333434,137287
bb718828a4a9556c,102817,92963897,142368,102710,92974658,142368
bba590ec78aafa56,73426,63560549,138343,73326,63570903,138343
bbf218738faef248,96934,87062134,132082,96832,87071803,132082
bbf6f778f064d2ef,118976,109104122,136951,118878,109115859,136951
bc18f585fc9e1aa6,117769,107900803,136500,117644,107912050,136500
bc2fa44e05ac2ca5,17806,7959970,139704,17698,7970070,139704
bc408cfa686747fe,20547,10699850,137968,20440,10709888,137968
bc4a794ef524fb67,99968,90100054,133003,99855,90109819,133003
bc4ae38a0de0741d,27488,17639796,137404,27378,17650015,137404
bc51258fd069070a,98405,88549803,189354,98308,88564511,189354
bc6939fdd38c2d99,35597,25723361,138802,35498,25734800,138802
bc6b180e4428dd4c,13486,3619970,139692,13381,3629499,139692
bc706af8fc880ab7,82401,72560808,139461,82298,72570705,139461
bca7a508c9cf7387,46908,37044813,140606,46797,37054966,140606
bcba064f94f8e06a,30780,20939939,138654,30679,20951010,138654
bcc1e920ac9e1da6,24578,14704235,127628,24477,14713618,127628
bcc2693098ea8d2e,74852,64922164,94499,74752,64929840,94499
bcd065295114e04e,119362,109501033,137522,119255,109514938,137522
bce606e3f6ae99a9,56922,47060313,138375,56820,47070970,138375
bce7f5e58e658480,113238,103365697,135071,113136,103375991,135071
bce9798c0584ace6,96441,86580974,139211,96334,86591798,139211
bcec5fe5296281ad,73586,63720353,136998,73483,63731397,136998
bcf48dbe86682403,90073,80219529,130965,89957,80229055,130965
bcf71301e53cd2a0,76551,66684090,139175,76450,66694618,139175
bcf8e83affef3668,116362,106471888,136076,116334,106484597,136076
bd3a5429fe3eb749,30410,20541608,127138,30305,20551190,127138
bd42e1638132f24d,76807,66920614,137722,76744,66931443,137722
bd43f5e512ffb952,23165,13278380,130300,23091,13288014,130300
bd6643cc6cc66d63,91819,81942315,132433,91718,81952051,132433
bd9b89534c3dcee6,59566,49700641,138909,59465,49710683,138909
bd9cace0bc81ee91,19220,9299692,137147,19173,9310481,137147
bdb6d1c83c93a711,20640,10799902,138284,20538,10809797,138284
bdb77c5c0235fc81,72089,62220651,138914,71989,62232178,138914
bdcf0bae229c931a,111475,101603838,136838,111373,101613798,136838
bdd98ae5cb0576b2,64049,54161223,138153,63964,54171069,138153
bddfd86dfbfe3adf,27898,18039879,138255,27792,18050556,138255
bdfd91ed35e556c3,119794,109921092,137778,119696,109932492,137778
be11c82781671a59,116518,106623891,137108,116463,106635795,137108
be133023e8703e04,51542,41664398,111959,51485,41672819,111959
be35ff608a3aa3c2,64661,54786861,112815,64639,54795684,112815
be49d205b160c92c,78771,68861364,130765,78708,68871378,130765
be52251db0ef8c1d,31151,21274699,115419,31086,21283269,115419
be592f54c25e0a74,20870,11023209,98829,20808,11040987,98829
be6229e0b9ad0a22,83371,73500853,138716,83270,73511152,138716
be9f0751c10cd877,85487,75620915,139068,85386,75631215,139068
be9f4b1bbf2860f5,100518,90642323,133155,100417,90652321,133155
bea5ec953e4726d8,87109,77244159,137629,86992,77256166,137629
beabe0eb266e198e,97606,87686145,114673,97525,87694602,114673
beb052ba85522e5e,97884,87979636,130629,97733,87989264,130629
beeaa94b1e093f28,54208,44320097,137233,54137,44330634,137233
beeb0c9f125fa8fc,85773,75921100,139863,85665,75931407,139863
beec42b766ed342f,118164,108279509,128560,118141,108412070,128649
bef791b17c20ca9d,24838,14961989,114937,24784,14971237,114937
bf27517a13de4c38,22555,12683066,137481,22455,12693053,137481
bf3ba16468bd86b8,73865,64003884,138935,73751,64015320,138935
bf620e6291e4de08,12928,3062879,137664,12803,3072643,137664
bf62613ee702098c,119516,109660948,137084,119401,109672408,137084
bf665b6ca7c0141b,89571,79659502,130701,89521,79668722,130701
bf6d9130aee3e2f0,29244,19380840,58173,29221,19386126,58133
bf73734b24366d4e,23226,13339666,137117,23144,13349470,137117
bf90d5496b435adf,11368,1499725,137519,11265,1509735,137519
bf9ceab99bdc811f,74755,64873945,71002,74674,64890017,71002
bfad28646552c43b,112521,102620557,135011,112461,102631447,135011
bfc812cc27127dbe,82779,72919934,133354,82700,72929519,133354
bfd2e7c1c1a8a8c6,105022,95144662,139621,104924,95157034,139621
bfd7b75687240400,76628,66782060,100670,76568,66801162,100670
bfe0776cfb4ae087,96001,86161081,138968,95900,86172600,138968
bff21e9ecffa6716,40438,30583839,139509,40332,30593975,139509
c01434267fc4407f,79715,69842403,128005,79613,69852200,128005
c017df06bedd0c4f,19061,9167347,114326,19031,9176478,114326
c01a6326ea47a103,96121,86244769,139325,96022,86256127,139325
c0212b78fc2ccd5b,76903,67003904,138464,76835,67015273,138464
c023312c42b53de3,50821,40960968,142694,50714,40971336,142694
c04337d8c1e0fa35,117898,108024223,137494,117806,108037103,137494
c076652bb8da870c,31652,21783365,138593,31545,21793153,138593
c093bd81119cdaef,58413,48560251,137680,58298,48570522,137680
c0a5d410f7e2391f,18476,8579362,135898,18406,8589718,135898
c0a71e9734930852,25786,15919977,136624,25685,15930264,136624
c0aa51e5c54095a5,84757,74861529,130869,84688,74871054,130869
c0ad36616660591e,99148,89280134,133256,99047,89290157,133256
c0b4d6a86543ae82,75092,65180650,128372,74930,65190332,128372
c0c85d00c0c692ef,50110,40239480,133089,49996,40248874,133089
c0db128f5d780003,117403,107540781,136181,117313,107551979,136181
c0dc97cac9d63658,66197,56344123,139621,66091,56354848,139621
c10848fd893fda58,112362,102459137,127055,112316,102469298,127055
c10a4d22665b80f7,49993,40101679,132632,49900,40111269,132632
c1250c4f058eb4ff,42675,32807165,163954,42575,32819176,163954
c17cde2e03b1aede,73743,63880655,138730,73632,63891115,138730
c1c12daba6e20ea2,34226,24360014,138251,34127,24373851,138251
c1c3e40cb6d29284,35851,25983568,138792,35740,25996989,138792
c1c8941b6fbaf45d,94606,84741842,131948,94492,84751959,131948
c2089ac544cdf7da,94011,84159545,130492,93899,84169133,130492
c256d88fb81cd836,12186,2320060,141332,12082,2330535,141332
c26a857c938ed526,26971,17080043,129183,26894,17089322,129183
c26e12d9349007c0,30121,20262285,150245,30022,20273943,150245
c281610796a5c01f,27576,17703013,138172,27475,17712525,138172
c2b5182097e0de6e,76115,66259265,130317,76000,66269446,130317
c2b823aaf854734e,36350,26479872,137058,36249,26492471,137058
c2c9d8190e9e0e2b,81085,71219727,132368,81001,71234154,132368
c2d29d1ff3856bd2,20426,10563193,138899,20311,10572818,138899
c2d3fc81e99e878e,45412,35541757,132307,45311,35551185,132307
c2fa19b5aad6ce9e,51037,41183939,138159,50932,41194668,138159
c2ffc7a08d893915,14398,4498251,129367,14339,4508799,129367
c3084d8c26b541f6,46162,36300885,143076,46055,36314943,143076
c3126d24f0a415cf,74496,64599085,129847,74434,64609635,129847
c3358387142a55d7,56434,46563932,138252,56314,46574097,138252
c341120bc647c428,77949,68083532,137344,77844,68093490,137344
c35bebd03db78560,90732,80861834,130485,90616,80871655,130485
c3680ee7994b440a,73203,63360494,137638,73101,63370592,137638
c36baa7a825b4bdb,35757,25900218,138242,35642,25915792,138242
c38ad5a6d8875356,59630,49760608,138663,59528,49770123,138663
c394072dca8044cf,37721,27844158,140451,37621,27853933,140451
c3a6b535bc2b040e,104237,94364395,138052,104135,94375190,138052
c3b49fd094f3d435,99392,89546772,108026,99335,89563480,108026
c3b7d24f115b10e1,32955,23083440,138163,32858,23095869,138163
c3fbb3b7684935f2,115481,105620759,136253,115378,105635079,136253
c45bb61bc30b8b63,12026,2158323,130458,11926,2168096,130458
c461269b2f26dddd,28458,18582932,138106,28357,18593250,138106
c472b4dbc9f3e4a4,112702,102820703,136221,112609,102831126,136221
c4c531abae1a7716,11120,1278105,129193,11016,1288153,129193
c4e6d759311e8653,14650,4760104,138987,14569,4770895,138987
c4f40faa4eced029,10415,528901,135015,10348,538603,135015
c4f70f18d47e68af,29784,19900004,137458,29638,19909824,137458
c509868d54c970b0,29836,19959858,138279,29698,19970020,138279
c51c341523abc0de,72996,63123605,137685,72879,63133677,137685
c5209d2258e3e144,49532,39687027,106457,49471,39702880,106457
c5663bb5db249ac9,60929,51063837,138727,60823,51074879,138727
c5803c4754163611,55189,45323461,138043,55083,45333537,138043
c5890122d83722f2,32696,22823366,137703,32603,22834656,137703
c58ab865bb68fc1c,19593,9720022,138894,19458,9729890,138894
c59b91b82af570b9,89988,80119754,131575,89859,80129363,131575
c5a1e3e907401731,92334,82470469,156337,92234,82481460,156337
c5a8aa8ca12961f7,12840,2962943,138116,12731,2973491,138116
c5b226f6aaebd4ad,80562,70703960,117582,80510,70750345,117582
c5e5da57e0cee76a,119041,109184019,154179,118943,109199664,154179
c5f086345029dc87,21506,11640144,137781,21384,11649933,137781
c60ae7709c1bf782,65981,56120610,138893,65873,56131473,138893
c6290f2e7f9683bc,67419,57560736,139686,67299,57571251,139686
c62a969df3961051,114207,104332665,128520,114177,104448330,128609
c635cb217b62c159,63543,53680407,137767,63441,53690125,137767
c658afae577d797e,38883,29066072,339552,38818,29093478,339592
c65b7d95216d7678,46970,37101438,133066,46856,37110978,133066
c66f80f0b35965bd,18939,9100498,98446,18910,9109928,98446
c68550e9fc228de4,49902,40019788,133247,49822,40029831,133247
c685f8a9c5e55a00,17021,7179879,138661,16918,7189991,138661
c68f4dc88c9e784f,28147,18299851,137740,28038,18310321,137740
c69b1938a375261d,95613,85721869,131754,95536,85731086,131754
c69ed1bd20b9d4c8,89021,79181125,139058,88919,79191627,139058
c6a8918cc45f5e20,115419,105560924,135044,115319,105575996,135044
c6aa1c8f6792bcdd,97508,87629521,94945,97443,87640961,94945
c6b15fc83da1220b,98999,89142144,131957,98891,89152147,131957
c6b1abe6fa6cc312,12811,2939588,137716,12707,2950144,137716
c6b39379744e5911,110207,100425155,377562,110180,100455367,377602
c6bd6c105ed17de5,59662,49800365,137770,59559,49810616,137770
c6cd1df4d5fc1fb5,57579,47703271,136882,57475,47713085,136882
c6daa058eb51726c,12986,3139645,137185,12878,3149792,137185
c707fc0929ea499a,101781,91882567,133647,101696,91892181,133647
c7100f76b21829c7,31062,21241951,324313,30993,21268193,324353
c7133f6331c6072c,31471,21583363,138514,31390,21592890,138514
c727c0a02f6d2b62,49045,39200576,139395,48941,39211482,139395
c72a1c999f08697c,69080,59220548,138397,68967,59231509,138397
c739b850c185908a,97639,87715450,116757,97551,87724071,116757
c7401bea067ee9be,87197,77344302,138309,87090,77354755,138309
c740f7f5b039d346,117681,107840782,135333,117579,107853316,135333
c746db50dcadd896,116842,106984078,136367,116734,106996482,136367
c75e9fdb9a82dbde,109956,100103582,136688,109851,100114584,136688
c773817d7d9593f5,80307,70440906,140234,80212,70456410,140234
c77a972ecfab7fa5,92558,82701079,139634,92454,82711599,139634
c793a440a35c717c,103991,94141007,137871,103880,94150791,137871
c7a1ad6c143b4e15,84451,74604711,101294,84393,74623782,101294
c7a2cbe5711c32ff,19158,9232769,127936,19120,9242959,127936
c7a52e5a8fecb1d7,42870,32999332,133931,42768,33009566,133931
c7b7c44d092f5b78,64109,54223895,139304,64016,54233668,139304
c7caa0adb0d021de,73896,64040724,138358,73782,64052530,138358
c7d2628b89aca870,80209,70345179,139830,80115,70360554,139830
c7e2e8144ba03315,45950,36062779,132104,45871,36072676,132104
c80b964af48b03a8,31740,21880184,139544,31619,21889624,139544
c81238d2d3c3bc9f,84630,74739490,131283,84569,74749588,131283
c84505c7bf1edb68,61873,51978645,128479,61805,51987641,128479
c8676511c7707b3c,42228,32319171,133095,42130,32329083,133095
c87a21c8b23ffcb7,32173,22303655,138529,32070,22313572,138529
c87dd829a8c660ef,111877,102023794,136386,111771,102033588,136386
c8829ce03132b485,115882,106006953,135298,115781,106018952,135298
c88a43ec119fee48,87315,77457408,138626,87215,77467512,138626
c88b4b7d4f213918,23040,13138847,130382,22977,13148314,130382
c89dfde27275f113,15694,5839630,136572,15578,5849211,136572
c8a1ffb004de4f53,53138,43280572,138574,53034,43291429,138574
c8a646f7521bc5a6,17051,7203182,137920,16949,7213226,137920
c8a957eb6c0c1740,27641,17780102,137379,27540,17790264,137379
c8c2796d8eb97ea1,104302,94443674,153702,104199,94461470,153702
c8fcfe33114f01d7,83837,73983890,137553,83731,73993419,137553
c91c624d1e946998,108117,98243647,136932,108021,98255831,136932
c920499ff852640d,101206,91342088,144977,101104,91353727,144977
c9227fc93156914b,97574,87666696,121630,97500,87675450,121630
c9306300415628db,49326,39460573,140858,49225,39470444,140858
c93dd31418ea922c,54565,44703495,138089,54450,44713544,138089
c93f6687dd1cbc73,71096,61241287,139988,70982,61252169,139988
c96e983d0a79100f,100202,90359697,131996,100099,90369791,131996
c99c38edc66580af,16786,6919796,138429,16673,6930594,138429
c9b8bc941d8b2a81,68231,58364098,138040,68122,58374643,138040
c9c16a0ed92b1066,66977,57123952,138716,66884,57134918,138716
c9d6d222e6dfc75b,73773,63921085,140046,73660,63932210,140046
c9eebba6d66058fa,108836,98966700,153808,108738,98979058,153808
c9f16f2c2e195dbb,59811,49929873,128156,59741,49938826,128156
c9fadfce36a9d317,81805,71941147,139372,81706,71954309,139372
ca16320058be5752,51098,41243535,138206,50993,41253406,138206
ca1a73612f422373,42838,32966448,132051,42736,32976090,132051
ca239b83713396ee,117022,107143709,135345,116897,107155508,135345
ca364084c72be4d6,106817,96944701,138081,106720,96956512,138081
ca38742340893add,118771,108903643,136179,118653,108915252,136179
ca3c9ee419b7eed8,22685,12819969,138691,22585,12830344,138691
ca513e6c18af8420,58294,48423750,138054,58192,48433480,138054
ca513fe462b1c13d,93213,83395107,392241,93149,83425485,392281
ca5b4a1b30d622ff,31860,22019970,138022,31758,22029894,138022
ca6bf87695feeb72,27705,17843026,156362,27604,17854164,156362
ca6ef01923233cf5,58443,48583419,137174,58330,48593440,137174
ca73042692e46bb7,44698,34823878,139665,44593,34834532,139665
ca7eb38968fc599f,20114,10240058,139650,20016,10250128,139650
ca813cd34edbee19,83806,73960660,138277,83699,73970766,138277
ca826e51e9fa3ae4,31829,21980180,139742,31719,21990333,139742
ca8cdc1eba1f763d,113676,103824199,136971,113571,103833712,136971
cae64b6ee2eefa0f,97670,87737181,117065,97574,87746687,117065
cae91fdfde4071f5,104082,94240971,138775,103981,94250826,138775
caef3612b7977184,61775,51891211,130307,61710,51900567,130307
cb1b111300111bb5,66043,56191874,137217,65932,56202229,137217
cb30d1e9cf469d59,93981,84123769,142047,93869,84134530,142047
cb7b9d9be76b5280,77693,67824246,137127,77594,67834702,137127
cb87e13dc40fb9c0,113737,103883982,137601,113632,103893660,137601
cbb85674610b1dc1,109482,99583979,135489,109436,99594763,135489
cbcc9827072c6f9a,101076,91213860,144154,100975,91224819,144154
cbdb5f184309b1a3,62031,52140569,138663,61952,52150160,138663
cc10c645d4696edf,27339,17479712,137067,27220,17489136,137067
cc37a95ab3118be7,63510,53640391,138106,63409,53649758,138106
cc6233195a209682,95168,85353824,381024,95110,85385739,381064
cc7df9060f280eb0,96472,86604814,141043,96363,86616608,141043
cc9343f4a8e859b0,84341,74480667,138235,84233,74491217,138235
ccb7be0addd58013,79252,69382597,139777,79127,69393568,139777
ccba4e40daaac67b,76487,66621213,141460,76387,66632417,141460
ccd641b810df2fc3,79311,69460689,138678,79199,69471326,138678
ccda4d41364fd2bf,112298,102409909,129097,112254,102420113,129097
ccffe9ef9c623ca3,28688,18845753,122174,28621,18861177,122174
cd011899dcf3dd6e,77442,67599363,131115,77339,67609219,131115
cd05495a3aeda495,16961,7103117,138877,16848,7113507,138877
cd22f9366c0d94f4,108501,98640770,136492,108397,98651767,136492
cd272b106a67581b,23491,13639837,137055,23377,13649263,137055
cd5b0579192bb4b3,78588,68745741,121860,78528,68762136,121860
cd7cca348c79af9b,64511,54733587,338260,64485,54760482,338300
cd8ef827f7fb923e,86694,76799768,131133,86632,76810136,131133
cd8f6f12e9829e02,37258,27398996,131636,37186,27408166,131636
cd90291565cf1b5c,103504,93619742,130990,103425,93628957,130990
cd94faf321af5bed,41496,31639193,132141,41378,31648568,132141
cdb32e4a7b606a68,26778,16903817,129012,26705,16913626,129012
cde22a0395206a6d,39205,29319038,132415,39137,29328973,132415
cde2dbdc93858112,108656,98801089,137454,108543,98812920,137454
cdf00b8ef4443237,60429,50580376,138214,60320,50590751,138214
ce0b21b2e7610cf1,38347,28500469,140512,38243,28511695,140512
ce603ace3ea49655,27034,17160351,140810,26953,17171013,140810
ce9ef1ea925ffb19,97733,87819797,131774,97622,87829522,131774
ceb840c55aa95121,53263,43398777,127203,53153,43408425,127203
cef223e0a451a3bb,48675,38803094,132307,48572,38813101,132307
cf14229a76d5fc61,45476,35601625,132983,45375,35610662,132983
cf311eaadeca04d7,72631,62741003,140753,72562,62751609,140753
cf45480b891d5955,45226,35379125,132196,45121,35389294,132196
cf5b762d08b050d9,37537,27683751,138654,37438,27693464,138654
cf73cb3a69acd16d,78511,68640720,139315,78409,68651697,139315
cf7d79f1d17401b6,105558,95681010,137857,105486,95692501,137857
cf9fef3de9578abf,110021,100180963,136603,109919,100191570,136603
cfa5f7524cc45802,78415,68540729,137725,78314,68551070,137725
cfb9ad1afc1849a6,30218,20348622,153791,30119,20359850,153791
cfc4df2d8dca265a,75930,66061727,130516,75824,66071576,130516
d00f1a646c2ce50f,18252,8367644,129813,18194,8377466,129813
d02edb1dbf2a4e00,64945,55012906,147422,64890,55024233,147422
d04648a836b48222,92901,83059755,132302,92798,83070463,132302
d08686b260d3e0ed,92714,82859806,131874,92603,82869732,131874
d0a334bba668bc80,86271,76401000,138744,86170,76411190,138744
d0a3f6e86074a496,13016,3171401,138386,12909,3181601,138386
d0a61bbe182ebcfe,108061,98220547,136152,107961,98235397,136152
d0a814154ca37b4a,67323,57460667,138584,67200,57471569,138584
d0c02cfb28688e80,117119,107246667,135108,117028,107257834,135108
d0c31d59d60c34e0,76583,66765277,339816,76518,66793836,339856
d0cad4fee472d053,43276,33421604,131779,43169,33431195,131779
d0e24640d9808332,56074,46178927,130026,56012,46188739,130026
d0e3aa94795eab5b,25335,15459661,137332,25227,15469277,137332
d0ed8e9a523278c2,105981,96123980,136789,105874,96134980,136789
d0f5efe6422af185,20334,10463138,137660,20226,10472680,137660
d10b17d0bc9dd77a,42524,32679283,133660,42417,32689322,133660
d115f01a68833316,80121,70281182,139948,80023,70297411,139948
d11f0aa01371beb5,113334,103464359,137548,113230,103474513,137548
d1227961a4507010,66316,56444296,139807,66216,56454687,139807
d13843fff0447a91,60608,50740326,137689,60508,50750870,137689
d165dea6285aa56a,68263,58400511,138113,68151,58411531,138113
d19264efbf53d8ca,53661,43800185,137972,53560,43810393,137972
d19bb6d7d68c903e,60003,50120918,140251,59927,50131710,140251
d1a295b6892304f5,85583,75720945,140000,85482,75731384,140000
d1ace54c346cb567,75455,65602930,140764,75348,65613016,140764
d1b45db220436c89,93258,83412632,105365,93200,83432910,105365
d1ba1b803c8950d0,110288,100449278,96104,110266,100461960,96104
d1bf882522abc4e3,47124,37279503,133488,47017,37289621,133488
d1cc370770b64deb,39045,29156491,117369,38984,29165582,117369
d218cfee003b3d52,75961,66099055,129190,75854,66109419,129190
d229794a667c0e79,32987,23120109,139232,32889,23132325,139232
d234175dbb8b95ba,82619,72741933,132495,82546,72752083,132495
d23a57d62a00cf32,44203,34339162,132696,44096,34349345,132696
d244ac67470fc9af,116120,106273295,97895,116086,106356909,97984
d247e60965561111,88264,78419339,130149,88159,78428364,130149
d24ba143f7f4f11e,88519,78660045,132305,88419,78670184,132305
d256aeecb1fd07a4,22750,12880066,138526,22649,12890161,138526
d27b03a25c796047,36633,26780057,137360,36520,26794272,137360
d2aa86b26adf7d02,75341,65483417,155170,75224,65496351,155170
d2ab45b2ef4d3d7c,78479,68604125,139009,78378,68614884,139009
d2ca03dcef06715c,54083,44180463,128689,54023,44189966,128689
d2d30e63857f3056,96503,86641324,138629,96393,86651316,138629
d2d91f8cdcd750e1,109664,99780745,136729,109586,99792898,136729
d3046530562ee80e,67816,57952216,139288,67716,57963042,139288
d325d2f3c6fa56ec,48208,38341834,132927,48088,38351613,132927
d342667b5e502de8,116638,106761111,137141,116552,106772651,137141
d34a2607bc17e3ae,14619,4722894,137344,14542,4732631,137344
d356cbe73b30ad26,80338,70464398,139352,80243,70476191,139352
d36eda4f723bbb27,92145,82301184,138162,92043,82311159,138162
d3dbf772173b43c5,115097,105224147,137421,115002,105235514,137421
d3f05d160f5c2413,70670,60780882,140197,70600,60792004,140197
d3f18e7385811720,104113,94264283,138187,104011,94274149,138187
d3f9cbde93287015,20918,11045228,129669,20856,11054608,129669
d402b95ba6c59340,24111,14260364,139869,24002,14270435,139869
d40848c3d569f62a,14110,4239631,137669,14008,4250185,137669
d42a224508972302,30997,21138425,127895,30897,21148339,127895
d42ba0aab7c42307,106387,96520790,136909,106286,96532602,136909
d47514f6cb33d364,11399,1539677,137384,11296,1549477,137384
d477cfd268677859,13293,3428620,154173,13192,3439951,154173
d4854ef00ab74f6b,43215,33359178,132783,43099,33368671,132783
d4be0e18df7be10a,115195,105323797,136989,115100,105337530,136989
d4cbbb2707794fc8,51573,41687107,131245,51517,41696149,131245
d4da4856467629f4,29308,19410089,93286,29282,19416971,93286
d4f664b238c66c6c,108375,98503915,137171,108276,98516098,137171
d53688837c65d0b9,45887,36000877,142386,45813,36011578,142386
d550ee840c543e6f,101928,92060309,132483,101813,92070304,132483
d577f55b5587d6be,56106,46200884,129832,56041,46211055,129832
d57b018a4dd4f305,87859,77964802,137992,87767,77974492,137992
d58a03dc5a1127f4,68010,58140497,137991,67909,58152105,137991
d5d21b80f647d504,44567,34699329,133640,44466,34709941,133640
d5db9b1041ef227e,30000,20160122,140199,29899,20171198,140199
d61db924440e8bc7,42965,33100869,142235,42861,33111429,142235
d623fcf75646a81c,36383,26520478,139456,36280,26537575,139456
d62e2e27db96e716,75369,65505277,129534,75253,65515518,129534
d662691f4e8426bf,10332,486100,103923,10265,506267,103923
d66f38fdb87673c4,56826,46960273,138223,56726,46970579,138223
d67c6562aaf4074b,79619,69746031,136567,79518,69756355,136567
d681880d3438a120,77981,68120697,138878,77874,68131249,138878
d685025b7fe4936a,22066,12200060,139521,21962,12210620,139521
d68d3c07e1f49577,28208,18359807,137087,28101,18369835,137087
d6b168c2f31938a6,74945,65016787,115469,74821,65026013,115469
d6c07b4f2571655b,115978,106104183,138175,115875,106115810,138175
d6d16b203e2656ed,35693,25823148,138332,35583,25835835,138332
d6f120d21100daed,40555,30683987,140577,40456,30694353,140577
d7338e25543a5df3,22283,12426455,156479,22168,12438356,156479
d73ce1214bbbcd6c,66510,56662498,101104,66435,56679957,101104
d78b366faf12923e,40889,31043606,104048,40826,31060737,104048
d7d86b31f91169c4,28329,18459851,137951,28229,18470227,137951
d7dc3ef3285a3025,48179,38319348,132542,48064,38328844,132542
d7dd4958f8e47255,73523,63660962,138257,73421,63672107,138257
d7e221708e90e898,56464,46600344,138889,56339,46610957,138889
d7e8f7311dfa1fa6,90575,80702460,132856,90468,80711770,132856
d7f92b99e998d2a5,74350,64503428,99406,74290,64521571,99406
d7ffa51c3ff6fb84,67575,57720470,138103,67463,57730773,138103
d8270f811bdab32b,22943,13047749,130065,22884,13057274,130065
d828b86444a69352,27960,18099793,137256,27853,18109757,137256
d82ad4c0a2075f6e,49390,39520601,140468,49289,39530263,140468
d841c14f4f03ab6e,79683,69820798,139014,79581,69831496,139014
d86804ad4bfdc8d5,81433,71580830,139044,81321,71595102,139044
d88519c4b18667a8,26843,16958085,127832,26769,16967227,127832
d89126df11a5cb82,52469,42560156,137204,52338,42570327,137204
d8953a9bf099553f,114052,104181118,136062,113950,104190918,136062
d8a16852d4131e58,64629,54758163,97793,64608,54767453,97793
d8ca3b7c22d2cc5d,57918,48038883,129072,57846,48048297,129072
d8d55f2e5519bb48,14915,5059674,138132,14797,5069619,138132
d913a859c48ecdf2,104746,94884244,137198,104636,94895937,137198
d935c612305e82f5,92025,82181189,140357,91919,82191475,140357
d93be0e7d410dc34,114618,104740983,137099,114548,104755970,137099
d95060d5f3d0271e,80499,70666597,343717,,,
d95701aa1d28a06b,112395,102480606,126909,112347,102490210,126909
d968641eac5e70c3,58846,48980357,138481,58741,48990599,138481
d96e099d2ea153ea,77294,67438838,128455,77177,67449422,128455
d972c8c405a3e5d5,63044,53183920,136692,62933,53194387,136692
d986b4a2a27b0db4,66637,56779036,128886,66561,56788513,128886
d98d000018f89de3,56318,46440286,138026,56222,46451208,138026
d9aa65671fbeb289,64345,54483911,138247,64230,54494279,138247
d9b78d18b76ec09f,85089,75224258,138540,84970,75235541,138540
d9cefdddeb549efa,98566,88701392,140998,98468,88712638,140998
d9d5a4ee2b91ee2e,73681,63820437,137683,73573,63831596,137683
d9d6bacb5ca587fb,75803,65940546,138810,75701,65951505,138810
d9f589a73e5d6f37,73835,63980374,137434,73719,63991314,137434
d9f81bd3da0a5d13,94815,84942166,131590,94714,84951469,131590
d9ff6b019680891b,95328,85437204,116724,95273,85446476,116724
da2283dcaa20e7ef,91195,81324832,139594,91095,81335369,139594
da5148c0ccab3ee8,25978,16103433,139027,25872,16113356,139027
da52e73e999caf6e,77117,67239176,129907,77022,67249480,129907
da532f0fbae53b1b,46876,37021108,142280,46767,37031386,142280
da54feb184074794,57885,47998859,129256,57813,48008665,129256
da57a50114397a14,47527,37711078,368740,47462,37738389,368780
da6994c088119fb2,21329,11443377,139083,21237,11453212,139083
da922425241ee25a,105920,96064315,136700,105813,96075418,136700
daa15cbd1d25868e,96748,86899944,132170,96644,86909537,132170
dab018281aeab497,44413,34563029,131532,44311,34572593,131532
dab705239b9d553c,26133,16279969,138748,26019,16290583,138748
dab9d05afecba8fc,54966,45100385,138740,54865,45111111,138740
daba2466957da364,111694,101841082,138359,111581,101851316,138359
dad903d1951b152a,17745,7898151,128804,17635,7907136,128804
dada982b9a7c2b62,91729,81841897,131811,91643,81851085,131811
dae071709187fdd7,45662,35786791,119578,45595,35795479,119578
daf6e456b89c969d,89303,79497096,402572,89254,79529969,402612
db0107e710f055ac,45792,35899129,132631,45723,35908336,132631
db1a6691cd5a27c0,31915,22043141,137264,31815,22052687,137264
db5a9d5633f3efac,44857,34987741,140505,44746,34998189,140505
db7afe318b6c183c,65058,55139108,130434,64972,55148602,130434
db7e689941ff1ad7,29029,19135184,136879,28949,19145210,136879
db86fe293525e5af,38380,28540360,139884,38278,28550827,139884
db911db00b08547b,92054,82212201,137791,91950,82222739,137791
db93a3acf9529074,57546,47680181,136965,57443,47690707,136965
db9488a1d10ff2c0,27159,17283410,138425,27065,17293766,138425
db96d23759b01a5a,68838,58960603,139356,68765,58971790,139356
db9ade020d324764,38663,28800305,139875,38561,28810880,139875
dbc0734f67327580,78261,68420903,138007,78159,68431472,138007
dbc7f06b613b0d37,10069,198624,132642,9970,208544,132642
dbd0840c67c177c0,47248,37399428,133139,47142,37409183,133139
dbdba70c8bdc3426,12471,2577959,128104,12406,2587432,128104
dc027a76f7c0de34,106129,96261065,137575,106032,96273144,137575
dc094cf2a1faf068,91414,81517526,118025,91352,81526212,118025
dc0ba8f8f6bf6c35,37195,27321522,132769,37126,27331218,132769
dc1cb13088d7bddd,27992,18140063,138303,27883,18150415,138303
dc444ddc5392dafe,24360,14520137,138699,24258,14530361,138699
dc490d3a98373f85,87800,77899337,129896,87719,77908855,129896
dc7367518ab63fa8,35346,25498580,129435,35270,25510099,129435
dc7549288c117b24,32546,22699824,137804,32442,22709995,137804
dc9283665024af4a,30655,20803183,138283,30549,20812908,138283
dca0bb15ea512849,109926,100080512,135363,109819,100090884,135363
dca81974a6d1c40f,102755,92900145,133383,102638,92909527,133383
dcdca65b1319f15d,83561,73700918,138815,83453,73711564,138815
dce02d0a935320ec,23374,13500173,139130,23266,13510638,139130
dd050afcbcbd2544,105366,95479587,130418,105303,95493896,130418
dd33ef4d919ce2d8,19620,9759959,137756,19498,9769905,137756
dd41066c7d5750fa,54901,45040197,137083,54801,45050317,137083
dd441fb27f355fde,91966,82101577,131216,91847,82110781,131216
dd5f1676f63c9530,97969,88079762,132154,97818,88090394,132154
dd67b9a914f3e270,27098,17219502,135981,27011,17229876,135981
dd89622eb946acda,71752,61900495,137380,71643,61912337,137380
ddbfd0d813b16533,112990,103140954,137282,112879,103151289,137282
ddc2ce76101c5291,33465,23579827,137511,33393,23593450,137511
ddd5a0718f018727,30056,20186087,153915,29957,20197716,153915
dde495d3b417a983,15880,6042897,157128,15782,6054345,157128
ddeeb18c574e5a3e,83435,73564486,138732,83332,73573808,138732
de3bce56e8798996,67008,57160315,137544,66913,57171159,137544
de3c469b37762fbe,91300,81454112,102830,91239,81477086,102830
de4909f6b0d84b6b,33672,23803630,138660,33558,23815924,138660
de4e920a2e6edff8,22620,12759837,136549,22520,12771228,136549
de9198310f8b4e54,93865,84001496,142480,93745,84011990,142480
deb9e97a37d18581,87946,78064432,138801,87835,78074255,138801
dec45461a37360eb,112845,102980920,137388,112719,102991326,137388
dee93259ede7c164,79652,69780768,138928,79550,69791280,138928
def8ea9f0f11ef03,95938,86084366,139800,95830,86094246,139800
df1242009ece6dae,37290,27431874,142195,37216,27444908,142195
df412c1ab8b372c4,113303,103441157,137323,113200,103451483,137323
df42c38951a17f36,38726,28860480,140222,38622,28870543,140222
df47c3fe732e86ed,65273,55400518,139043,65138,55410068,139043
df5beba7fdb93854,14739,4859702,137628,14644,4869767,137628
df638cc40e870eb3,86787,76884439,138387,86714,76895542,138387
df72b1273512416f,11993,2118222,129434,11894,2127920,129434
df86d3511b2984b2,98109,88240675,137286,97979,88251123,137286
df909cd7b7d48528,59225,49364688,126503,59112,49373484,126503
dfe172948d675173,30186,20322678,154615,30086,20334970,154615
dfea584a133976a8,18831,8963220,137601,18709,8973097,137601
dffec2f11f03bcb8,65759,55900696,138194,65659,55910461,138194
e006839adccb4d94,50436,40564985,141387,50337,40575061,141387
e0094760587b9147,48091,38219430,133483,47991,38229282,133483
e00cb1e36b81218c,100957,91105208,141068,100853,91116091,141068
e019ec541050c331,116011,106141069,137940,115907,106152797,137940
e0525543ca66e150,12341,2464937,112895,12279,2473797,112895
e0720ad7ac27e44d,41164,31279492,133932,41092,31289452,133932
e07872db047364b6,90607,80739698,132092,90499,80749886,132092
e0c9732636d4bcb8,59500,49623354,137037,59400,49632762,137037
e0d5ae0957d1bb17,71007,61140953,140690,70895,61151432,140690
e0fad2631b00639e,60897,51040438,138233,60792,51051179,138233
e152e9f6008c334c,65086,55181118,142537,64990,55191733,142537
e15fab6132f3049f,104052,94204173,137425,103951,94213866,137425
e170ab4bb38e3c8a,83684,73824407,139385,83568,73834031,139385
e19748856d278d1e,77628,67760395,136951,77529,67770388,136951
e19b217fba7430ee,31800,21943057,137216,31690,21953106,137216
e1a475b0088657cf,94482,84619622,131166,94375,84629674,131166
e1a91445d09172e0,116201,106317031,129321,116184,106358412,129321
e1c005365a7f098b,92269,82404573,160002,92169,82416024,160002
e1f55b6b79625b6a,61808,51918836,128772,61743,51928068,128772
e1f6ed8375455277,14045,4179513,137134,13945,4190382,137134
e20519eab4cd4e53,94291,84420639,136674,94190,84430839,136674
e2123b79b5c61641,87485,77601912,132052,87432,77611378,132052
e212857ad4f10dce,28904,19018311,127949,28832,19028336,127949
e219ed9ee6af2c98,105712,95840664,136629,105622,95855370,136629
e22bc3da9cf06f34,20951,11066948,128623,20889,11076079,128623
e24490e0af77c482,33818,23963493,138196,33712,23975909,138196
e2461020b4a26808,12090,2218208,129106,11989,2227607,129106
e24eea8924de1906,67194,57323530,137523,67083,57335079,137523
e26894e85947b8c6,83467,73604204,159341,83363,73615365,159341
e2736fa56bb8d614,15220,5346152,155948,15121,5357753,155948
e28640cfabcf46dd,62242,52363779,138173,62133,52374318,138173
e2a194e88672b2ad,104715,94861078,139020,104605,94875551,139020
e2a39f94f950168c,21476,11602964,137606,21360,11612516,137606
e2a4426feb736175,81310,71452708,142044,81193,71464967,142044
e2a9c11b86cdced8,70008,60160528,138113,69908,60170900,138113
e2b069c461207785,62918,53058765,128977,62813,53068986,128977
e2e609b7493c0f2f,39012,29123726,118363,38952,29132888,118363
e2f03ab2909aa17c,74206,64340446,137772,74107,64351766,137772
e3273b75a88f3bcd,22465,12620515,141446,22361,12631126,141446
e32d093757350f42,111071,101220528,135644,110958,101230354,135644
e331a1ac939c05f2,26072,16203296,137564,25961,16213384,137564
e3387c37348c98cb,69381,59503939,139094,69281,59515105,139094
e3644dae508b0e94,45823,35939170,133056,45753,35949574,133056
e36a5309aad12422,39901,30040431,140714,39801,30050735,140714
e3991ddf8e6ee447,51671,41779002,129646,51612,41787940,129646
e39ae9ed3ea65844,58078,48200266,136911,57999,48210814,136911
e3a614687078677a,43368,33519310,132806,43261,33529004,132806
e3bfa61c1f55a26d,119392,109524324,137797,119284,109535323,137797
e3e011216725c3f7,45042,35181826,133256,44929,35191640,133256
e3fe195211cfba73,95393,85499799,131595,95337,85509835,131595
e411b01c5aedfde2,43927,34041667,132652,43849,34050916,132652
e4183ca10df438bb,96187,86324022,157076,96087,86335945,157076
e429f6b94a6911cf,57173,47320114,137160,57061,47330489,137160
e431989ec963dc62,93627,83739831,131969,93549,83749943,131969
e4332e187d5f3c27,93021,83159890,131752,92920,83169626,131752
e4450ca8481dea50,53415,43564029,139794,53310,43573671,139794
e456831c1d7f2946,43122,33258929,131509,43011,33268707,131509
e46eb7217ee29346,12535,2638787,129952,12467,2648442,129952
e474553ceae26028,81278,71419780,131158,81165,71430472,131158
e4880dfd78f4a1ff,101751,91859947,132500,101671,91869760,132500
e4d700ecdf2d4e66,31562,21683344,138348,31469,21692817,138348
e4e2151d8fce2fa3,29810,19923391,138856,29665,19932980,138856
e4edec8c8d672d6d,98724,88860041,133142,98619,88871125,133142
e51cf00e0ff5c43e,29658,19722338,127986,29538,19731128,127986
e51d03e7b3217fda,35974,26123236,157061,35863,26136926,157061
e528c7974c7100c1,63861,53962551,140370,63792,53972959,140370
e52c267209a3aca9,84789,74899855,131293,84716,74910373,131293
e536ca856ba84ca0,99821,89939946,132223,99735,89950260,132223
e54a223a422bfed2,51606,41709138,130251,51549,41718733,130251
e57c266f9067cddf,79166,69299379,129377,79050,69310105,129377
e581f209e58fed6d,94761,84919937,132261,94658,84929905,132261
e58d32e9b0c91694,119454,109600834,137054,119342,109614319,137054
e59d4fdd59703be0,59101,49240646,139247,58985,49250928,139247
e5a5b8395d90f2fc,71814,61960545,138126,71701,61971485,138126
e5a5e5e145f92907,115451,105583847,135512,115349,105596264,135512
e5b218828ca1d6df,98053,88181268,139114,97920,88191829,139114
e5b223c5287f829d,93951,84099747,131881,93838,84109636,131881
e5b4a7637bf8a8d1,116608,106723678,135410,116530,106735958,135410
e5d15572d1b34a2d,19763,9919756,138163,19657,9929370,138163
e5de7f253bc377ef,62855,52980586,129563,62752,52990521,129563
e5f605b0f1c0379a,70194,60323995,138545,70092,60334307,138545
e6265deb467eb160,95968,86120769,137793,95860,86130741,137793
e6330840038bc946,25000,15098505,130030,24941,15108789,130030
e635d7d0886d52a1,75835,65962790,131625,75733,65972710,131625
e63cba3ea673d2a3,59163,49303954,137810,59051,49313453,137810
e65de0a0ca79dc72,49106,39260544,139385,49002,39270664,139385
e678af564e10a8e9,20793,10923193,137404,20692,10933464,137404
e68841cb92159acb,24789,14942464,100292,24735,14961974,100292
e693c733612a7050,111601,101740845,137367,111493,101750527,137367
e6956fb2c9407bef,115130,105263483,151924,115035,105276488,151924
e697252ef8d5c82c,112490,102582775,138372,112434,102593582,138372
e6989889da0dcb29,22434,12581739,128636,22330,12591331,128636
e69aa313d51351c6,98081,88204573,138152,97950,88215026,138152
e6a7b0c4b6c5520a,71434,61563944,138633,71334,61573978,138633
e6b1de8e179048d0,100710,90843703,141611,100603,90853463,141611
e6b22a6d43eb352d,109751,99880771,136158,109652,99893298,136158
e6c450d9c7582f0f,105334,95450096,131450,105272,95461165,131450
e6dcd6df1a51d5d1,62981,53120041,136219,62873,53130131,136219
e6fdebf53a1a610c,78446,68580646,137736,78346,68591220,137736
e700b7631a98a104,29942,20083635,137627,29828,20093605,137627
e706662e2fd12429,83530,73660857,136711,83423,73670198,136711
e70feec2f7ef910a,99310,89452848,142607,99207,89462839,142607
e7168aed9f888c91,80624,70759470,131233,80572,70771006,131233
e71ba4a13a1122fb,42708,32840000,138018,42608,32850507,138018
e726d0e347b8de9c,116901,107061062,136620,116801,107074429,136620
e7379b726cad2a81,30503,20638692,130029,30393,20648022,130029
e740a24608cd2424,103471,93581746,130157,103394,93590766,130157
e746f2ee2dbb63e3,39716,29864047,141161,39611,29874482,141161
e74e1a7e182d0e67,41966,32040782,139563,41935,32051523,139563
e756cfaeeda65db5,95850,85983694,141763,95731,85994649,141763
e761ff34a6cb63bc,111569,101704059,136950,111463,101714113,136950
e764653423f5197b,21938,12063074,137579,21837,12072690,137579
e781cc1da96ed80e,86021,76181089,138966,85920,76192519,138966
e786e4fd1c576046,70638,60740431,128470,70569,60750641,128470
e78800554361dc68,107879,98020846,137530,107759,98032429,137530
e7a3a2fcd12267d2,44793,34924195,139996,44685,34934838,139996
e7b30c8a6beece56,56288,46400454,138393,56198,46410022,138393
e7e71cb10debbb9c,16639,6759942,137506,16553,6770280,137506
e7eac0ac2ab3883d,95821,85959770,131544,95707,85970381,131544
e7fe99d7f1afc9a9,85897,76040907,139054,85781,76051248,139054
e805fdb422b94715,11206,1339943,139541,11104,1350613,139541
e81e7b26188d0bce,73362,63486928,155412,73262,63498219,155412
e86ef1757b67028b,35468,25600576,141804,35383,25612362,141804
e89b86981e44fa75,75398,65539999,131795,75282,65549837,131795
e8a6fe953499bc66,119762,109884352,137377,119664,109896037,137377
e8c49c2e96fafa90,57111,47246333,155176,57003,47257451,155176
e8d1f224ee02f6de,75204,65320487,137534,75059,65331631,137534
e8eca54f94605a74,119955,110084615,137486,119854,110096016,137486
e93561b14d87923c,103599,93720257,133261,103516,93729688,133261
e97f687559120201,119203,109340901,136960,119103,109355919,136960
e98ebd7166fa8ecc,111996,102123491,135632,111895,102133749,135632
e9a9b2eee1491373,83176,73304773,138948,83077,73314793,138948
e9b7c05c54b211eb,29404,19456433,91523,29366,19463143,91523
e9b966467695cf66,16068,6200147,140266,15972,6210446,140266
e9bb3525db0519dc,50316,40463624,143834,50209,40473822,143834
e9c7ca205a70d6af,19281,9359908,137610,19223,9370255,137610
e9d6a87b9d6feeb4,10134,259625,133483,10034,269299,133483
e9d6c2b7840d085b,34721,24843671,138887,34625,24855321,138887
e9e231a3ff3a537d,96378,86504693,140747,96274,86515429,140747
e9e500edc18ff1cd,49745,39841564,132733,49679,39851376,132733
e9ef9a518511f3ee,41613,31760094,133956,41497,31769223,133956
ea128d02a37177d1,116075,106256949,389838,,,
ea25696084a918c3,92398,82541113,138643,92298,82552221,138643
ea469934326302dc,18090,8219938,138742,17988,8231147,138742
ea523136112c2961,43766,33879108,131942,43694,33888642,131942
ea6f7f9c45f349b2,19370,9460109,139635,19290,9469969,139635
ea82fb2dc3802267,13045,3199810,138626,12940,3210817,138626
eaa80137430d4a4f,100926,91081423,141194,100820,91092261,141194
eaaf8d36b82c6b26,49228,39360625,140469,49128,39370280,140469
eab131f3fd1824ea,18381,8480062,140263,18319,8490400,140263
eab2711875b56989,36253,26380231,138627,36155,26392319,138627
eabbd766798c5963,98469,88611904,137728,98373,88622360,137728
eae3fecb04d5f7db,117587,107740760,136751,117490,107753184,136751
eae4676eeb31c379,63987,54100305,137700,63910,54110566,137700
eb109c3454fca0a0,73296,63424173,137690,73196,63434168,137690
eb18a15017981212,43585,33720929,142930,43482,33731002,142930
eb39130c640c5ce0,37445,27583975,140204,37357,27594110,140204
eb3e7112612ff66d,31711,21843471,138420,31594,21853491,138420
eb40bd028fb7f665,37475,27620097,137990,37383,27629646,137990
eb41e4ca43e09bcc,87260,77419742,138306,87158,77430230,138306
eb4a24a431e34c25,102100,92244118,131158,101992,92254503,131158
eb670eb91c4b27aa,61969,52080305,137484,61896,52090233,137484
eb99d47f7904118a,28084,18223247,138578,27970,18233482,138578
eb9e3877b1e468e1,43153,33298919,131692,43041,33308480,131692
eba437e8b9d5e810,29276,19393990,70456,29251,19399125,70456
ebaa830807827e33,14525,4638458,129848,14459,4647757,129848
ebdde99b977114b0,18598,8703206,138593,18511,8713350,138593
ec00dbb52ad16d27,13196,3322541,136499,13095,3332111,136499
ec169b861455f513,67386,57520568,138716,67260,57531132,138716
ec23df5af5a43601,13325,3459430,136171,13224,3469062,136171
ec335f4fa11624f2,72662,62780678,137503,72591,62791415,137503
ec34e9dda51ae952,61297,51424150,138237,61197,51434909,138237
ec4bedfe7eb9eca6,92652,82799860,131650,92544,82809489,131650
ec4c862af79e9c3c,89602,79699536,131389,89549,79708802,131389
ec52f3a71966a76d,24204,14346559,158390,24089,14358351,158390
ec6b7b0f2dea909a,13106,3260197,139195,13001,3270328,139195
ec6ce02e6884962b,95703,85822221,131834,95612,85831415,131834
ec6ede9fc4fe6c6b,104496,94624496,138329,104387,94637084,138329
ec724b915bebed3f,101690,91800023,132405,101619,91810128,132405
ec79047261295898,45695,35807299,121396,45628,35816201,121396
ec7c48e2a4fe5ca0,106761,96921381,137808,106661,96934222,137808
ec8cfb44b46eae76,119138,109264301,137095,119039,109275384,137095
eca44870b4b1f126,30441,20578546,130169,30335,20588257,130169
ecadc1801641d169,20517,10663392,138526,20411,10672927,138526
ecbc86b6c0e8a994,74633,64794875,100971,74563,64805640,100971
ecc710649e6573a7,82683,72819494,131285,82609,72829372,131285
ece884090631b9e4,67161,57300311,137121,67053,57312027,137121
ecfc024059cb3f0a,73143,63300523,138349,73039,63311419,138349
ed08aba79e3c538a,54835,44970564,179244,54735,44983618,179244
ed2de0d1eb62f0d3,64726,54841883,129179,64702,54851793,129179
ed3a94f87b54ce49,46430,36581674,132643,46330,36591481,132643
ed481fb3d2f21feb,73554,63684167,137642,73452,63694375,137642
ed5750d660389411,51735,41838662,129541,51672,41848183,129541
ed667e56a6016fd5,34033,24170763,180172,33938,24186754,180172
ed8ed251034c4d25,58141,48260267,137961,58056,48271103,137961
eda72b9e53edb7c8,45612,35766597,105405,45545,35784083,105405
edf620c37ac15264,54623,44780339,137628,54519,44791005,137628
ee25817d222abf75,47063,37203276,132403,46953,37212536,132403
ee2cb3991bf9c5e4,25032,15138441,129095,24971,15148377,129095
ee37b2ee926a2b08,29372,19440915,90909,29339,19447464,90909
ee381a71fc256780,95520,85621904,131790,95455,85631299,131790
ee5634fdf8c052a8,103034,93161284,139321,102934,93171789,139321
ee6ef05bcd2921db,33760,23900514,138876,33638,23911871,138876
ee6f170138ceb7d1,91879,82001639,131122,91768,82011939,131122
ee7848685aa1a316,41196,31302077,133342,41121,31311511,133342
ee78531bb038674a,13550,3682689,136456,13443,3692338,136456
ee85dfe0bd7a5711,65193,55304611,139839,65062,55315275,139839
ee9e4a98db5f05d4,110802,100883601,135579,110700,100893455,135579
eea0c9ccd6c3a945,90382,80510039,156932,90281,80521841,156932
eeecc8a57146d172,14799,4923038,138636,14693,4932908,138636
eefb1491ed297149,108407,98540768,136245,108306,98552452,136245
ef0ca0a21ad5e69d,113366,103500744,137010,113261,103511026,137010
ef2512c69b7f3960,50052,40179208,132736,49948,40189271,132736
ef4b48f70035189d,118656,108781008,136270,118556,108793548,136270
ef5152376a3d3b36,54448,44580437,138756,54337,44591314,138756
ef92936c28c29856,14710,4822899,137317,14620,4832804,137317
efa5813daed53f9e,80467,70600748,139280,80369,70615305,139280
efc48d83d1b83eab,49648,39751781,132436,49586,39761261,132436
efd6fca873163da2,111314,101448668,150733,111214,101459931,150733
efd8562f65db1c09,44174,34299395,132972,44071,34309049,132972
f013a208a30569c6,19860,10023127,156222,19762,10034958,156222
f020b49f84036b47,56042,46138423,126607,55982,46147143,126607
f04562ab4e7b9fb8,112816,102952190,136044,112697,102962243,136044
f05028daec516988,42934,33061713,132615,42831,33071366,132615
f05195dfbdf42624,108626,98763939,136360,108515,98776129,136360
f07b04b0250dc484,32013,22140067,138885,31912,22150366,138885
f0ab9c1ff5af1f03,103630,93742375,130731,103544,93751323,130731
f0bd8443dec44ee1,97268,87432496,368137,97217,87463990,368177
f0c94ce500fc2538,83242,73364043,137991,83143,73373558,137991
f0ceb846cb7979ee,118480,108584378,138367,118425,108595948,138367
f0f60375db5aa328,91130,81260709,138023,91031,81270940,138023
f1065526f82939cd,57234,47380203,137763,57119,47390141,137763
f128774e506a01c2,30315,20443431,139322,30213,20453614,139322
f1342cad63a099a1,58814,48943155,137792,58710,48953518,137792
f165127a18207a5a,47094,37239309,133224,46984,37249145,133224
f1772b2e5bdd6891,95296,85403631,124593,95242,85412455,124593
f18baf4203e3828f,12248,2429252,358908,12181,2456829,358948
f1c27cd8e458fd4f,74431,64547248,128958,74371,64557453,128958
f21cafb4b74ca69c,65918,56060494,139038,65814,56070973,139038
f21f651b237650c6,81870,72001010,140067,81769,72013301,140067
f279ffd50a77be7e,61395,51520559,139255,61295,51530420,139255
f2919c362aba3f33,102013,92144099,143811,101882,92154118,143811
f2a1a86a37973730,118230,108322951,128901,118205,108413838,128901
f2b210593bcecf4d,87518,77624162,131909,87465,77634498,131909
f2dd1b7c054b46b4,55063,45200189,138036,54960,45211350,138036
f2f272999da64bfe,67913,58040855,137872,67813,58051465,137872
f2f88e3bef29531d,82275,72421528,138274,82163,72431666,138274
f2fe13c4b71ad472,67259,57400510,137322,67141,57410680,137322
f3005641c7f85d47,33701,23840294,140287,33581,23854502,140287
f30f9ef27f3da972,108869,99000594,136154,108771,99017085,136154
f323c36bb9b93f9c,23287,13403450,139657,23195,13413081,139657
f33e35cc7a8d6098,91479,81581431,129684,91416,81590378,129684
f346b5e1709c7aaf,20364,10499843,137965,20254,10510226,137965
f36078e474fdaabe,23196,13302218,141175,23118,13313336,141175
f372dac39151b459,115387,105521134,137267,115288,105533507,137267
f3781db45e3ddcff,47878,37981507,132182,47807,37991071,132182
f381c708bab7115c,115727,105880885,136808,115627,105892684,136808
f38265de9ec69be6,10822,940425,130331,10723,950008,130331
f38c7dfd09d670bb,13454,3583372,138026,13351,3592807,138026
f3b2b08e061d4e6a,53921,44044331,112511,53866,44052571,112511
f3b92a081093483e,22588,12719839,137688,22488,12729942,137688
f3c914cc6d4cc356,10295,468743,361811,10223,498733,361851
f3e29463bd12e9d3,38821,28960268,139770,38713,28971643,139770
f41b15b0c0565c34,85390,75520921,139331,85290,75531145,139331
f44eba3e2103afae,29632,19700753,142229,29524,19711556,142229
f45274315604c907,57706,47840273,137883,57597,47851209,137883
f470790d1716589d,86534,76639733,130158,86482,76649755,130158
f4740724baa8e09a,116168,106295060,128983,116152,106357578,128983
f48b32be40677cbf,25247,15359786,137421,25157,15369951,137421
f4904904c44138b9,13422,3560016,139595,13319,3569733,139595
f4a454f6e4a4bc87,114240,104354354,128454,114210,104449196,128454
f4ace555e8c04724,100263,90421195,139894,100159,90430860,139894
f4c34f57b927cc3c,77382,67539655,131526,77278,67549734,131526
f4c4c7111a6ca701,93688,83799854,130850,93601,83808955,130850
f4dd4a5cc6f66f1d,54019,44118639,128492,53962,44128145,128492
f526c93e0fef650e,37321,27460374,139794,37244,27470324,139794
f56d2e5662478bec,18802,8939977,139222,18678,8950499,139222
f574d81fd8304cfb,106482,96620790,137391,106377,96633946,137391
f5a74ef5764e1168,44052,34178979,131439,43964,34188577,131439
f5b0a63127a06413,111755,101900747,136111,111639,101911181,136111
f5c318d5d6b9956e,83026,73179336,130861,82926,73190158,130861
f5d8ecb1f3230103,103873,94001956,131400,103758,94011949,131400
f5ddee457b3ff488,95582,85699638,131451,95509,85708945,131451
f5e0e4274e4b93ef,103843,93979678,130769,103732,93989112,130769
f5e6714e75d8ff4b,31184,21295345,111870,31119,21303710,111870
f5eb7340e9b27e48,88927,79080919,138499,88819,79091068,138499
f60ce79ddb396320,78317,68444233,138201,78217,68454815,138201
f615651218706dc1,82934,73079631,131926,82844,73089731,131926
f6192875a72d0c3d,54506,44640411,138522,54383,44650299,138522
f6412640ab90bc3c,57950,48062469,139289,57877,48072091,139289
f648be9834677a47,40314,30460355,140200,40202,30470917,140200
f64cc3bde0221085,25277,15400106,138952,25181,15410192,138952
f6577f84ed1b58cf,41036,31139031,132267,40971,31148708,132267
f667da7a41f20668,73804,63944554,138989,73690,63954830,138989
f674845481041158,35532,25662083,139273,35441,25673546,139273
f67cc1f0e6bb73d0,15847,5999845,137983,15746,6010396,137983
f690ba982d597730,75176,65281384,141890,75020,65291978,141890
f6b4705cfc1aead4,50534,40671435,158887,50434,40682998,158887
f6c6683b2c0ecffa,52311,42358647,128404,52243,42368103,128404
f6c7debca9926016,55126,45260332,138399,55022,45270135,138399
f6cf5e203445dcdc,68870,58984451,141164,68792,58995048,141164
f6eb5e65c5b7e785,112613,102720829,136939,112539,102731668,136939
f6f08b69f1235947,20049,10179658,137722,19952,10190259,137722
f711f27640ef4bc3,66574,56706147,128604,66498,56715815,128604
f72c04fd0524f78a,116266,106361095,127803,116246,106371471,127803
f74341b2713150f2,21683,11839775,137951,21579,11849216,137951
f7465c4a71dd4a9f,100803,90945121,141523,100692,90954925,141523
f74d4aff58ff2ddf,62360,52500369,138242,62239,52510936,138242
f75032acbf5859c8,113922,104060966,135563,113821,104070860,135563
f7755d215ed43fc8,84971,75100858,139293,84873,75112380,139293
f776eaad3767431f,88957,79104180,137917,88851,79114413,137917
f778d59529e3ae07,108439,98580639,136458,108337,98594709,136458
f79a568e5f9f0db0,14077,4202925,138654,13976,4212699,138654
f7d9ee51918552a0,36786,26940057,138562,36680,26955154,138562
f7dbf307ffcf1943,44665,34800307,138990,44561,34810642,138990
f7f6388ee0e42765,51441,41628767,355710,51380,41655892,355750
f802614a6d904386,39391,29519335,132663,39300,29529168,132663
f803241b83148511,99475,89591644,132250,99417,89601201,132250
f8185f901e9bde66,40468,30620432,139677,40362,30630987,139677
f85b2003d0efa2eb,30154,20288321,154224,30055,20300229,154224
f87a5c2165b47473,26255,16403667,138665,26151,16413453,138665
f8855779f4918fb3,26500,16640198,139059,26400,16650665,139059
f88e7eb0975454ce,85208,75360791,139036,85103,75372421,139036
f89e48a84616cfe9,106450,96584080,136872,106347,96596697,136872
f8a5195a8a780fe6,60575,50703420,137952,60475,50713610,137952
f8fa09f8efed7e70,77147,67279245,129451,77047,67289385,129451
f90b9fd0fce3ebc6,89816,79919966,131493,89729,79929015,131493
f911133a6dba20f8,116812,106961064,136997,116701,106975244,136997
f919b040e83bad84,83776,73921213,137252,83661,73930892,137252
f91c69805740e0d1,63699,53824598,129167,63635,53834488,129167
f936114192602f5b,114369,104480791,135512,114333,104495500,135512
f952a626ea8e0904,10480,580955,132383,10412,590496,132383
f955fe52fcbee30b,68293,58440073,136130,68180,58451017,136130
f9846ff77fb48e10,61177,51326803,157189,61071,51338522,157189
f9b01884cd3727d1,109634,99743342,135735,109562,99754304,135735
f9c79589309434ac,41998,32064574,140200,41962,32075419,140200
fa129b14c44a81d5,11089,1239785,138193,10979,1250568,138193
fa2135f8fb5c50ca,113645,103801123,137116,113538,103810505,137116
fa2f9632194ea4e3,28807,18918672,129010,28739,18928036,129010
fa3e3ff0b4cdd384,103439,93559778,130106,103363,93568956,130106
fa3e86ad12ac338a,82060,72200682,138951,81952,72211607,138951
fa4f20c653eed8a9,70259,60400748,138202,70155,60412196,138202
fa676bbb7ed6007b,71690,61823813,139127,71584,61834722,139127
fa81459d1cd55d55,27608,17740108,139282,27507,17749679,139282
faada5f25cc6d350,87550,77646362,130720,87495,77655501,130720
fab7be3901fe6c78,53790,43923640,137725,53688,43932947,137725
fad3396a095cb38c,77177,67301358,131004,77072,67311485,131004
fadf786ece0896a2,56136,46241021,141783,56069,46251398,141783
fae0c70e28455314,58384,48520177,136810,58270,48530152,136810
fb1cb3784ccb6bf4,86600,76699538,131781,86545,76709956,131781
fb33272c9e7d890b,24936,15037994,127649,24880,15048070,127649
fb4df158e0c1e92d,83990,74120782,139107,83890,74130684,139107
fb6a1cc3d3d9a30c,89508,79599502,131442,89461,79609400,131442
fb6a5b2bdf3c7de8,82090,72224183,139306,81981,72234692,139306
fb888ccba08feb9f,18538,8639771,137453,18460,8649916,137453
fb8ccb6c61a768b8,90793,80939554,130773,90678,80950314,130773
fbae93c0760ed069,41526,31661645,132556,41403,31671126,132556
fbb9fbc7775fafb5,106418,96560999,136796,106316,96576189,136796
fbc4bb2f1a53ea2d,14332,4448389,130234,14274,4458689,130234
fbcb1690f1b9afbc,65328,55463677,138274,65208,55473395,138274
fbcd904a29dfef10,85148,75300946,138625,85040,75312783,138625
fbfb2e007603e7ab,36571,26703419,138353,36457,26715743,138353
fc0960745f2d3098,46400,36559281,133453,46298,36570392,133453
fc14b45a7d26334d,84941,75063730,141787,84848,75075512,141787
fc15bb317d0d5eb8,13075,3223227,138757,12970,3233713,138757
fc16b5b96513b5f0,34066,24199818,137197,33970,24213624,137197
fc1d635a752ef284,69885,60040640,137941,69779,60051674,137941
fc35b6e2c9f2e451,96347,86480950,138965,96244,86492307,138965
fc3e371212c9e284,47940,38059115,132278,47863,38069247,132278
fc4102ce781cbee5,46845,36979485,133953,46737,36989145,133953
fc48b0a7fa7c2715,99761,89862057,131809,99684,89871322,131809
fc688a6d950dc408,14945,5083106,138271,14829,5092768,138271
fc760d8cec5fa2a3,30717,20863190,137896,30611,20873693,137896
fc916fcd1680a03d,70606,60718740,128079,70539,60729017,128079
fc973a4a6ffe8fe7,69050,59183982,137683,68942,59195424,137683
fc9b1f42d3bfdea4,48001,38119522,133719,47915,38129682,133719
fcc99abebf3268ec,89696,79799547,130491,89631,79809333,130491
fcec7486efede632,46103,36221491,131845,46005,36231725,131845
fcfab425c906f8f7,103373,93487969,132885,103298,93497570,132885
fd239bcfac8370cf,30472,20600373,129090,30365,20609811,129090
fd25a2107201a6d8,28054,18199884,138529,27941,18210364,138529
fd2f6d739b0f4f9a,119009,109141070,137753,118911,109153000,137753
fd5c97bd97922077,94848,84979629,131454,94747,84990123,131454
fd945da2d58f1d70,112961,103103822,137425,112850,103114163,137425
fd9820ad364ba8a5,81708,71839618,131687,81609,71852553,131687
fda7703980ad76ac,80837,70982338,132660,80778,70995500,132660
fdad94395b058e6e,13948,4079638,138325,13848,4089976,138325
fdb8fce1dde2c2b0,99997,90122584,133249,99878,90132458,133249
fdbc77be8455e3c4,39299,29418927,131600,39221,29428293,131600
fdc54fe1722152bb,60673,50803460,136941,60572,50813224,136941
fdd28d726d6ff094,83274,73401014,138918,83175,73410502,138918
fe031f9811afe994,49076,39224365,140787,48972,39234473,140787
fe0e8f88a92e9f24,46717,36844494,141718,46614,36855033,141718
fe1067871be1aa68,37977,28103769,140495,37872,28114113,140495
fe11041b1711c854,78866,68960963,129827,78797,68970423,129827
fe2e61971bada69f,46132,36261547,144154,46029,36271893,144154
fe4430655f0fb6fd,84597,74701431,129565,84538,74711343,129565
fe4f6311a64f970d,24416,14543608,138798,24316,14553161,138798
fe903cefbc0fc65d,59133,49280701,138190,59018,49290606,138190
fea4c04e114b711a,59194,49343305,155855,59082,49354474,155855
fea968559c1063d5,97062,87199661,131563,96959,87209305,131563
febd863f1f665bda,15540,5682421,154149,15433,5693168,154149
fed4e9bb905ddf43,55468,45623658,157630,55363,45634991,157630
feda103e8a2d8078,81773,71901604,142694,81673,71913268,142694
fedbae599e2c865f,85616,75744488,139566,85513,75754587,139566
feeb202d4190c396,108246,98380925,137603,108150,98393020,137603
ff0ea72cf5e64bff,93923,84063456,140615,93808,84073148,140615
ff11727377e44e6c,60961,51100265,137917,60854,51111535,137917
ff28bd3d8da8b6d1,15632,5779711,138144,15520,5790070,138144
ff28d3c8054e0ef3,21080,11182142,141008,21014,11192675,141008
ff374d8e3bd36d67,100615,90742400,132578,100512,90751942,132578
ff87889026a205e6,39360,29479170,132949,39274,29488401,132949
ff9593da3cdef721,38599,28722782,131834,38498,28732862,131834
ffcfa84f1bbe77c6,36155,26284122,140231,36058,26296405,140231
ffef973f76904d19,16609,6719748,137781,16527,6729998,137781
fff6f33c580d48ce,93085,83219859,132433,92984,83229537,132433
fffbe66bfa9536b9,113109,103240821,136643,113008,103251253,136643
fffc3c9400a6d040,18057,8183278,138598,17956,8193496,138598
